source,k,split,L_over_K
released,1.0,attack_train,0.93464
released,1.0,attack_train,0.91861
released,1.0,attack_train,0.88105
released,1.0,attack_train,0.2334
released,1.0,attack_train,0.89222
released,1.0,attack_train,0.54183
released,1.0,attack_train,0.81946
released,1.0,attack_train,0.80648
released,1.0,attack_train,0.94503
released,1.0,attack_train,0.65001
released,1.0,attack_train,0.12922
released,1.0,attack_train,0.63523
released,1.0,attack_train,0.57981
released,1.0,attack_train,0.77702
released,1.0,attack_train,0.53655
released,1.0,attack_train,0.77255
released,1.0,attack_train,0.90335
released,1.0,attack_train,0.65432
released,1.0,attack_train,0.86173
released,1.0,attack_train,0.56962
released,1.0,attack_train,0.67848
released,1.0,attack_train,0.7487
released,1.0,attack_train,0.79113
released,1.0,attack_train,0.8668
released,1.0,attack_train,0.8086
released,1.0,attack_train,0.88072
released,1.0,attack_train,0.70159
released,1.0,attack_train,0.83664
released,1.0,attack_train,0.96135
released,1.0,attack_train,0.73944
released,1.0,attack_train,0.66464
released,1.0,attack_train,0.65406
released,1.0,attack_train,0.8795
released,1.0,attack_train,0.85968
released,1.0,attack_train,0.68854
released,1.0,attack_train,0.53102
released,1.0,attack_train,0.69031
released,1.0,attack_train,0.90854
released,1.0,attack_train,0.66692
released,1.0,attack_train,0.76754
released,1.0,attack_train,0.74804
released,1.0,attack_train,0.85485
released,1.0,attack_train,0.85414
released,1.0,attack_train,0.59516
released,1.0,attack_train,0.80609
released,1.0,attack_train,0.85392
released,1.0,attack_train,0.87728
released,1.0,attack_train,0.79464
released,1.0,attack_train,0.71442
released,1.0,attack_train,0.69816
released,1.0,attack_train,0.7454
released,1.0,attack_train,0.80141
released,1.0,attack_train,1.05191
released,1.0,attack_train,0.93713
released,1.0,attack_train,0.75077
released,1.0,attack_train,0.42943
released,1.0,attack_train,0.68814
released,1.0,attack_train,0.67406
released,1.0,attack_train,0.63983
released,1.0,attack_train,0.56955
released,1.0,attack_train,0.72657
released,1.0,attack_train,0.83547
released,1.0,attack_train,0.97073
released,1.0,attack_train,0.66587
released,1.0,attack_train,0.73278
released,1.0,attack_train,0.62339
released,1.0,attack_train,0.883
released,1.0,attack_train,0.36764
released,1.0,attack_train,0.37158
released,1.0,attack_train,0.80296
released,1.0,attack_train,0.65678
released,1.0,attack_train,0.96194
released,1.0,attack_train,0.61961
released,1.0,attack_train,0.77409
released,1.0,attack_train,0.62711
released,1.0,attack_train,1.09853
released,1.0,attack_train,0.61942
released,1.0,attack_train,0.6614
released,1.0,attack_train,0.9629
released,1.0,attack_train,0.78829
released,1.0,attack_train,0.96369
released,1.0,attack_train,0.89886
released,1.0,attack_train,0.91713
released,1.0,attack_train,0.94081
released,1.0,attack_train,0.882
released,1.0,attack_train,0.87029
released,1.0,attack_train,0.9064
released,1.0,attack_train,0.75627
released,1.0,attack_train,0.82899
released,1.0,attack_train,0.72673
released,1.0,attack_train,0.76158
released,1.0,attack_train,0.92631
released,1.0,attack_train,0.78893
released,1.0,attack_train,0.97359
released,1.0,attack_train,0.88905
released,1.0,attack_train,0.92058
released,1.0,attack_train,0.85113
released,1.0,attack_train,0.84223
released,1.0,attack_train,0.74757
released,1.0,attack_train,1.04395
released,1.0,attack_train,0.89165
released,1.0,attack_train,0.93078
released,1.0,attack_train,0.88792
released,1.0,attack_train,0.90785
released,1.0,attack_train,0.0
released,1.0,attack_train,0.95782
released,1.0,attack_train,0.75474
released,1.0,attack_train,0.90667
released,1.0,attack_train,0.72828
released,1.0,attack_train,0.83393
released,1.0,attack_train,0.57858
released,1.0,attack_train,0.62934
released,1.0,attack_train,0.76969
released,1.0,attack_train,0.8896
released,1.0,attack_train,0.86223
released,1.0,attack_train,0.95379
released,1.0,attack_train,0.93089
released,1.0,attack_train,0.73051
released,1.0,attack_train,1.05858
released,1.0,attack_train,0.67519
released,1.0,attack_train,0.80783
released,1.0,attack_train,1.04057
released,1.0,attack_train,0.93491
released,1.0,attack_train,0.74375
released,1.0,attack_train,0.84693
released,1.0,attack_train,1.05487
released,1.0,attack_train,1.0061
released,1.0,attack_train,0.94519
released,1.0,attack_train,0.60341
released,1.0,attack_train,0.83478
released,1.0,attack_train,0.84454
released,1.0,attack_train,0.65487
released,1.0,attack_train,0.95279
released,1.0,attack_train,0.87909
released,1.0,attack_train,0.7828
released,1.0,attack_train,0.376
released,1.0,attack_train,0.88602
released,1.0,attack_train,0.90388
released,1.0,attack_train,0.84418
released,1.0,attack_train,0.9218
released,1.0,attack_train,0.98107
released,1.0,attack_train,0.86644
released,1.0,attack_train,0.87922
released,1.0,attack_train,0.68898
released,1.0,attack_train,1.0468
released,1.0,attack_train,0.94613
released,1.0,attack_train,0.5977
released,1.0,attack_train,1.16185
released,1.0,attack_train,0.82312
released,1.0,attack_train,0.50653
released,1.0,attack_train,0.83689
released,1.0,attack_train,0.78091
released,1.0,attack_train,0.23337
released,1.0,attack_train,0.91625
released,1.0,attack_train,1.06078
released,1.0,attack_train,0.89696
released,1.0,attack_train,0.89975
released,1.0,attack_train,1.0345
released,1.0,attack_train,1.10548
released,1.0,attack_train,0.73977
released,1.0,attack_train,0.93896
released,1.0,attack_train,0.87927
released,1.0,attack_train,0.90348
released,1.0,attack_train,0.78083
released,1.0,attack_train,0.99454
released,1.0,attack_train,0.93083
released,1.0,attack_train,0.67804
released,1.0,attack_train,0.88575
released,1.0,attack_train,0.81223
released,1.0,attack_train,0.86134
released,1.0,attack_train,1.1543
released,1.0,attack_train,0.81126
released,1.0,attack_train,0.91542
released,1.0,attack_train,0.67888
released,1.0,attack_train,0.88764
released,1.0,attack_train,0.74294
released,1.0,attack_train,0.7961
released,1.0,attack_train,0.80294
released,1.0,attack_train,1.09504
released,1.0,attack_train,1.14111
released,1.0,attack_train,0.83338
released,1.0,attack_train,0.78527
released,1.0,attack_train,1.04973
released,1.0,attack_train,0.89836
released,1.0,attack_train,0.99003
released,1.0,attack_train,0.74812
released,1.0,attack_train,0.70196
released,1.0,attack_train,0.83367
released,1.0,attack_train,0.88169
released,1.0,attack_train,0.95511
released,1.0,attack_train,0.99247
released,1.0,attack_train,0.61406
released,1.0,attack_train,1.02167
released,1.0,attack_train,0.91971
released,1.0,attack_train,0.89172
released,1.0,attack_train,0.92024
released,1.0,attack_train,0.88342
released,1.0,attack_train,0.96323
released,1.0,attack_train,0.81563
released,1.0,attack_train,0.88616
released,1.0,attack_train,0.91468
released,1.0,attack_train,0.83241
released,1.0,attack_train,0.68671
released,1.0,attack_train,0.90196
released,1.0,attack_train,0.88863
released,1.0,attack_train,0.85897
released,1.0,attack_train,0.88286
released,1.0,attack_train,0.76077
released,1.0,attack_train,0.76269
released,1.0,attack_train,0.8403
released,1.0,attack_train,0.90398
released,1.0,attack_train,0.57277
released,1.0,attack_train,0.77359
released,1.0,attack_train,1.05811
released,1.0,attack_train,1.11278
released,1.0,attack_train,0.0
released,1.0,attack_train,0.62584
released,1.0,attack_train,0.97853
released,1.0,attack_train,0.80144
released,1.0,attack_train,0.94945
released,1.0,attack_train,0.82921
released,1.0,attack_train,0.91122
released,1.0,attack_train,0.80873
released,1.0,attack_train,0.97482
released,1.0,attack_train,1.07021
released,1.0,attack_train,0.77786
released,1.0,attack_train,0.99286
released,1.0,attack_train,0.87491
released,1.0,attack_train,0.87246
released,1.0,attack_train,0.90933
released,1.0,attack_train,0.75588
released,1.0,attack_train,0.94731
released,1.0,attack_train,0.77427
released,1.0,attack_train,0.71512
released,1.0,attack_train,0.80617
released,1.0,attack_train,0.63502
released,1.0,attack_train,0.66101
released,1.0,attack_train,0.92453
released,1.0,attack_train,0.9442
released,1.0,attack_train,0.84956
released,1.0,attack_train,0.97934
released,1.0,attack_train,0.75549
released,1.0,attack_train,0.80632
released,1.0,attack_train,1.02168
released,1.0,attack_train,0.73062
released,1.0,attack_train,0.90296
released,1.0,attack_train,0.89817
released,1.0,attack_train,0.92383
released,1.0,attack_train,0.76098
released,1.0,attack_train,0.78527
released,1.0,attack_train,0.93081
released,1.0,attack_train,0.96646
released,1.0,attack_train,0.85372
released,1.0,attack_train,0.62224
released,1.0,attack_train,0.78354
released,1.0,attack_train,0.82804
released,1.0,attack_train,0.70178
released,1.0,attack_train,1.0375
released,1.0,attack_train,0.92798
released,1.0,attack_train,0.74494
released,1.0,attack_train,0.9117
released,1.0,attack_train,0.88913
released,1.0,attack_train,0.93403
released,1.0,attack_train,0.3127
released,1.0,attack_train,0.96298
released,1.0,attack_train,0.5405
released,1.0,attack_train,0.85996
released,1.0,attack_train,0.91331
released,1.0,attack_train,0.72573
released,1.0,attack_train,0.99699
released,1.0,attack_train,0.80733
released,1.0,attack_train,0.88695
released,1.0,attack_train,0.9446
released,1.0,attack_train,0.85346
released,1.0,attack_train,0.80563
released,1.0,attack_train,0.75548
released,1.0,attack_train,1.02648
released,1.0,attack_train,1.03716
released,1.0,attack_train,0.77774
released,1.0,attack_train,0.75345
released,1.0,attack_train,0.97047
released,1.0,attack_train,1.08529
released,1.0,attack_train,0.7472
released,1.0,attack_train,1.03052
released,1.0,attack_train,0.9405
released,1.0,attack_train,0.90875
released,1.0,attack_train,0.90639
released,1.0,attack_train,0.75083
released,1.0,attack_train,0.83569
released,1.0,attack_train,0.87454
released,1.0,attack_train,0.97941
released,1.0,attack_train,0.83731
released,1.0,attack_train,0.68059
released,1.0,attack_train,0.87272
released,1.0,attack_train,0.81416
released,1.0,attack_train,0.59791
released,1.0,attack_train,0.7484
released,1.0,attack_train,0.97367
released,1.0,attack_train,0.49612
released,1.0,attack_train,1.1097
released,1.0,attack_train,0.7681
released,1.0,attack_train,0.72771
released,1.0,attack_train,0.58788
released,1.0,attack_train,0.74251
released,1.0,attack_train,0.79802
released,1.0,attack_train,0.77316
released,1.0,attack_train,0.5892
released,1.0,attack_train,1.22873
released,1.0,attack_train,0.68807
released,1.0,attack_train,1.11169
released,1.0,attack_train,1.02881
released,1.0,attack_train,1.17287
released,1.0,attack_train,0.90891
released,1.0,attack_train,0.86266
released,1.0,attack_train,0.85341
released,1.0,attack_train,0.84322
released,1.0,attack_train,0.81128
released,1.0,attack_train,0.74731
released,1.0,attack_train,0.74064
released,1.0,attack_train,0.8669
released,1.0,attack_train,0.85558
released,1.0,attack_train,1.01455
released,1.0,attack_train,0.9762
released,1.0,attack_train,1.03713
released,1.0,attack_train,0.0
released,1.0,attack_train,0.89587
released,1.0,attack_train,0.88618
released,1.0,attack_train,0.63563
released,1.0,attack_train,0.0
released,1.0,attack_train,0.90319
released,1.0,attack_train,0.85621
released,1.0,attack_train,0.89011
released,1.0,attack_train,0.80698
released,1.0,attack_train,0.89823
released,1.0,attack_train,0.90888
released,1.0,attack_train,0.91222
released,1.0,attack_train,1.04208
released,1.0,attack_train,1.0184
released,1.0,attack_train,0.82011
released,1.0,attack_train,0.84163
released,1.0,attack_train,0.91932
released,1.0,attack_train,0.6552
released,1.0,attack_train,1.04327
released,1.0,attack_train,1.00518
released,1.0,attack_train,0.78785
released,1.0,attack_train,0.88824
released,1.0,attack_train,0.88296
released,1.0,attack_train,0.38865
released,1.0,attack_train,0.6833
released,1.0,attack_train,0.61486
released,1.0,attack_train,0.6814
released,1.0,attack_train,0.67951
released,1.0,attack_train,1.2142
released,1.0,attack_train,0.8751
released,1.0,attack_train,1.02749
released,1.0,attack_train,0.92337
released,1.0,attack_train,0.96291
released,1.0,attack_train,0.79587
released,1.0,attack_train,0.86723
released,1.0,attack_train,0.8878
released,1.0,attack_train,0.74592
released,1.0,attack_train,0.93292
released,1.0,attack_train,0.84209
released,1.0,attack_train,0.93217
released,1.0,attack_train,0.81315
released,1.0,attack_train,1.01235
released,1.0,attack_train,0.94151
released,1.0,attack_train,0.99152
released,1.0,attack_train,0.86102
released,1.0,attack_train,0.8917
released,1.0,attack_train,0.91638
released,1.0,attack_train,0.67823
released,1.0,attack_train,1.02066
released,1.0,attack_train,0.41316
released,1.0,attack_train,0.97486
released,1.0,attack_train,0.86872
released,1.0,attack_train,0.99778
released,1.0,attack_train,0.32099
released,1.0,attack_train,0.94172
released,1.0,attack_train,1.02411
released,1.0,attack_train,0.9452
released,1.0,attack_train,0.91886
released,1.0,attack_train,1.0188
released,1.0,attack_train,0.8001
released,1.0,attack_train,0.98917
released,1.0,attack_train,0.90148
released,1.0,attack_train,0.98959
released,1.0,attack_train,0.98731
released,1.0,attack_train,0.81713
released,1.0,attack_train,0.89033
released,1.0,attack_train,1.03309
released,1.0,attack_train,0.81806
released,1.0,attack_train,0.83344
released,1.0,attack_train,0.87372
released,1.0,attack_train,0.71672
released,1.0,attack_train,0.81211
released,1.0,attack_train,0.90951
released,1.0,attack_train,0.68668
released,1.0,attack_train,0.78358
released,1.0,attack_train,1.09284
released,1.0,attack_train,1.04047
released,1.0,attack_train,0.84879
released,1.0,attack_train,0.98169
released,1.0,attack_train,1.04674
released,1.0,attack_train,1.12151
released,1.0,attack_train,0.85871
released,1.0,attack_train,0.81655
released,1.0,attack_train,0.71872
released,1.0,attack_train,0.95347
released,1.0,attack_train,0.95015
released,1.0,attack_train,0.94491
released,1.0,attack_train,0.70448
released,1.0,attack_train,1.00076
released,1.0,attack_train,0.5561
released,1.0,attack_train,0.85209
released,1.0,attack_train,0.85956
released,1.0,attack_train,0.86148
released,1.0,attack_train,0.88703
released,1.0,attack_train,0.99448
released,1.0,attack_train,0.81874
released,1.0,attack_train,0.82212
released,1.0,attack_train,0.70684
released,1.0,attack_train,0.96976
released,1.0,attack_train,1.0245
released,1.0,attack_train,0.99784
released,1.0,attack_train,0.89054
released,1.0,attack_train,0.97558
released,1.0,attack_train,0.86809
released,1.0,attack_train,0.73519
released,1.0,attack_train,0.77973
released,1.0,attack_train,0.76026
released,1.0,attack_train,0.78074
released,1.0,attack_train,1.04888
released,1.0,attack_train,0.87541
released,1.0,attack_train,1.02179
released,1.0,attack_train,0.80974
released,1.0,attack_train,0.59371
released,1.0,attack_train,0.78995
released,1.0,attack_train,0.94109
released,1.0,attack_train,0.87411
released,1.0,attack_train,1.01531
released,1.0,attack_train,1.04066
released,1.0,attack_train,0.70336
released,1.0,attack_train,0.69915
released,1.0,attack_train,0.86038
released,1.0,attack_train,0.99386
released,1.0,attack_train,0.99803
released,1.0,attack_train,1.04539
released,1.0,attack_train,0.67063
released,1.0,attack_train,0.87189
released,1.0,attack_train,1.01389
released,1.0,attack_train,0.8409
released,1.0,attack_train,0.85083
released,1.0,attack_train,0.72731
released,1.0,attack_train,1.03244
released,1.0,attack_train,0.99151
released,1.0,attack_train,0.80368
released,1.0,attack_train,1.04315
released,1.0,attack_train,0.64235
released,1.0,attack_train,1.04537
released,1.0,attack_train,0.84268
released,1.0,attack_train,0.67629
released,1.0,attack_train,0.63433
released,1.0,attack_train,0.77491
released,1.0,attack_train,0.56954
released,1.0,attack_train,0.99599
released,1.0,attack_train,0.8467
released,1.0,attack_train,1.02735
released,1.0,attack_train,0.898
released,1.0,attack_train,0.85981
released,1.0,attack_train,0.95671
released,1.0,attack_train,0.6941
released,1.0,attack_train,0.73617
released,1.0,attack_train,1.10606
released,1.0,attack_train,0.93281
released,1.0,attack_train,0.81642
released,1.0,attack_train,0.7944
released,1.0,attack_train,0.9569
released,1.0,attack_train,0.95586
released,1.0,attack_train,1.04654
released,1.0,attack_train,0.66519
released,1.0,attack_train,0.91422
released,1.0,attack_train,0.85862
released,1.0,attack_train,1.08191
released,1.0,attack_train,0.79354
released,1.0,attack_train,1.16187
released,1.0,attack_train,0.7267
released,1.0,attack_train,0.96683
released,1.0,attack_train,0.83167
released,1.0,attack_train,0.87065
released,1.0,attack_train,0.75022
released,1.0,attack_train,0.90563
released,1.0,attack_train,0.67553
released,1.0,attack_train,0.60802
released,1.0,attack_train,0.8821
released,1.0,attack_train,0.79721
released,1.0,attack_train,0.7083
released,1.0,attack_train,0.8949
released,1.0,attack_train,0.85744
released,1.0,attack_train,0.55224
released,1.0,attack_train,0.99329
released,1.0,attack_train,0.87559
released,1.0,attack_train,0.8979
released,1.0,attack_train,0.86526
released,1.0,attack_train,0.89422
released,1.0,attack_train,0.78846
released,1.0,attack_train,0.87252
released,1.0,attack_train,0.74034
released,1.0,attack_train,1.19027
released,1.0,attack_train,0.71454
released,1.0,attack_train,0.73067
released,1.0,attack_train,0.90357
released,1.0,attack_train,1.02475
released,1.0,attack_train,0.88364
released,1.0,attack_train,0.91393
released,1.0,attack_train,0.66373
released,1.0,attack_train,0.82652
released,1.0,attack_train,0.98089
released,1.0,attack_train,0.95222
released,1.0,attack_train,1.02522
released,1.0,attack_train,0.78876
released,1.0,attack_train,0.54262
released,1.0,attack_train,0.77633
released,1.0,attack_train,0.77796
released,1.0,attack_train,0.76758
released,1.0,attack_train,1.07033
released,1.0,attack_train,0.82259
released,1.0,attack_train,0.98433
released,1.0,attack_train,0.91687
released,1.0,attack_train,0.79819
released,1.0,attack_train,0.84341
released,1.0,attack_train,0.7738
released,1.0,attack_train,0.80485
released,1.0,attack_train,1.03255
released,1.0,attack_train,0.90318
released,1.0,attack_train,0.97646
released,1.0,attack_train,0.71899
released,1.0,attack_train,0.93361
released,1.0,attack_train,0.84893
released,1.0,attack_train,0.987
released,1.0,attack_train,0.866
released,1.0,attack_train,0.82491
released,1.0,attack_train,0.89459
released,1.0,attack_train,0.7432
released,1.0,attack_train,1.03929
released,1.0,attack_train,0.79955
released,1.0,attack_train,0.73204
released,1.0,attack_train,0.87643
released,1.0,attack_train,0.645
released,1.0,attack_train,0.49082
released,1.0,attack_train,0.77976
released,1.0,attack_train,0.80757
released,1.0,attack_train,0.97246
released,1.0,attack_train,0.91378
released,1.0,attack_train,0.85773
released,1.0,attack_train,0.73541
released,1.0,attack_train,0.85732
released,1.0,attack_train,0.90554
released,1.0,attack_train,0.69227
released,1.0,attack_train,0.68544
released,1.0,attack_train,0.79489
released,1.0,attack_train,0.75157
released,1.0,attack_train,0.79836
released,1.0,attack_train,1.16339
released,1.0,attack_train,0.79647
released,1.0,attack_train,0.70068
released,1.0,attack_train,0.86487
released,1.0,attack_train,0.7399
released,1.0,attack_train,0.95518
released,1.0,attack_train,0.8011
released,1.0,attack_train,0.77036
released,1.0,attack_train,0.45467
released,1.0,attack_train,0.75754
released,1.0,attack_train,1.00491
released,1.0,attack_train,0.81606
released,1.0,attack_train,0.86753
released,1.0,attack_train,0.69976
released,1.0,attack_train,0.68682
released,1.0,attack_train,0.95083
released,1.0,attack_train,0.71429
released,1.0,attack_train,0.80677
released,1.0,attack_train,1.0218
released,1.0,attack_train,0.81692
released,1.0,attack_train,0.94608
released,1.0,attack_train,1.08091
released,1.0,attack_train,0.8898
released,1.0,attack_train,0.78414
released,1.0,attack_train,0.7835
released,1.0,attack_train,0.60256
released,1.0,attack_train,0.80192
released,1.0,attack_train,0.9424
released,1.0,attack_train,0.87391
released,1.0,attack_train,0.79934
released,1.0,attack_train,0.94042
released,1.0,attack_train,0.79928
released,1.0,attack_train,0.7139
released,1.0,attack_train,0.56008
released,1.0,attack_train,0.93496
released,1.0,attack_train,0.78578
released,1.0,attack_train,0.64257
released,1.0,attack_train,0.51595
released,1.0,attack_train,0.47321
released,1.0,attack_train,0.99505
released,1.0,attack_train,0.88237
released,1.0,attack_train,0.64829
released,1.0,attack_train,0.70326
released,1.0,attack_train,0.6439
released,1.0,attack_train,0.83461
released,1.0,attack_train,0.89332
released,1.0,attack_train,0.71416
released,1.0,attack_train,0.70747
released,1.0,attack_train,0.62416
released,1.0,attack_train,0.90813
released,1.0,attack_train,0.82838
released,1.0,attack_train,0.95965
released,1.0,attack_train,0.96994
released,1.0,attack_train,0.22382
released,1.0,attack_train,0.77802
released,1.0,attack_train,1.04885
released,1.0,attack_train,0.75323
released,1.0,attack_train,0.78562
released,1.0,attack_train,0.86585
released,1.0,attack_train,0.70905
released,1.0,attack_train,0.58881
released,1.0,attack_train,0.86294
released,1.0,attack_train,0.63994
released,1.0,attack_train,0.85731
released,1.0,attack_train,0.47784
released,1.0,attack_train,0.68667
released,1.0,attack_train,0.88082
released,1.0,attack_train,0.84355
released,1.0,attack_train,0.64473
released,1.0,attack_train,0.55811
released,1.0,attack_train,0.7214
released,1.0,attack_train,0.92451
released,1.0,attack_train,0.68754
released,1.0,attack_train,0.47909
released,1.0,attack_train,0.7511
released,1.0,attack_train,0.62554
released,1.0,attack_train,0.72365
released,1.0,attack_train,0.82635
released,1.0,attack_train,0.53344
released,1.0,attack_train,0.92333
released,1.0,attack_train,0.70934
released,1.0,attack_train,0.47147
released,1.0,attack_train,0.81069
released,1.0,attack_train,0.62147
released,1.0,attack_train,0.86522
released,1.0,attack_train,0.50294
released,1.0,attack_train,0.3463
released,1.0,attack_train,1.06018
released,1.0,attack_train,0.90184
released,1.0,attack_train,1.05817
released,1.0,attack_train,1.03121
released,1.0,attack_train,0.71302
released,1.0,attack_train,0.79501
released,1.0,attack_train,0.8904
released,1.0,attack_train,0.68903
released,1.0,attack_train,0.61375
released,1.0,attack_train,0.49015
released,1.0,attack_train,0.69456
released,1.0,attack_train,0.85194
released,1.0,attack_train,0.88127
released,1.0,attack_train,0.63857
released,1.0,attack_train,0.80715
released,1.0,attack_train,0.81533
released,1.0,attack_train,0.85477
released,1.0,attack_train,0.49257
released,1.0,attack_train,0.60103
released,1.0,attack_train,0.84828
released,1.0,attack_train,0.79585
released,1.0,attack_train,0.75657
released,1.0,attack_train,0.90244
released,1.0,attack_train,0.91363
released,1.0,attack_train,0.61687
released,1.0,attack_train,0.73516
released,1.0,attack_train,0.48018
released,1.0,attack_train,0.76446
released,1.0,attack_train,0.56808
released,1.0,attack_train,0.53052
released,1.0,attack_train,0.72637
released,1.0,attack_train,0.97654
released,1.0,attack_train,0.78759
released,1.0,attack_train,0.65578
released,1.0,attack_train,0.74024
released,1.0,attack_train,0.72599
released,1.0,attack_train,0.70389
released,1.0,attack_train,0.89812
released,1.0,attack_train,0.40807
released,1.0,attack_train,1.14495
released,1.0,attack_train,0.94273
released,1.0,attack_train,0.74968
released,1.0,attack_train,0.7819
released,1.0,attack_train,0.81523
released,1.0,attack_train,0.97749
released,1.0,attack_train,0.77332
released,1.0,attack_train,0.72641
released,1.0,attack_train,0.66473
released,1.0,attack_train,0.62546
released,1.0,attack_train,0.56127
released,1.0,attack_train,0.55757
released,1.0,attack_train,0.8584
released,1.0,attack_train,0.67333
released,1.0,attack_train,0.80884
released,1.0,attack_train,0.99882
released,1.0,attack_train,0.57106
released,1.0,attack_train,0.53684
released,1.0,attack_train,0.5484
released,1.0,attack_train,0.99015
released,1.0,attack_train,0.81878
released,1.0,attack_train,0.87909
released,1.0,attack_train,0.59464
released,1.0,attack_train,0.82818
released,1.0,attack_train,0.65427
released,1.0,attack_train,0.66952
released,1.0,attack_train,0.89019
released,1.0,attack_train,0.75812
released,1.0,attack_train,0.65222
released,1.0,attack_train,0.5213
released,1.0,attack_train,0.951
released,1.0,attack_train,0.99743
released,1.0,attack_train,0.53994
released,1.0,attack_train,0.62785
released,1.0,attack_train,0.73868
released,1.0,attack_train,0.715
released,1.0,attack_train,0.68051
released,1.0,attack_train,0.82982
released,1.0,attack_train,0.76525
released,1.0,attack_train,1.10974
released,1.0,attack_train,0.62501
released,1.0,attack_train,0.68804
released,1.0,attack_train,0.49038
released,1.0,attack_train,0.68369
released,1.0,attack_train,1.03014
released,1.0,attack_train,0.91168
released,1.0,attack_train,0.98929
released,1.0,attack_train,0.89384
released,1.0,attack_train,0.70165
released,1.0,attack_train,0.66566
released,1.0,attack_train,0.64542
released,1.0,attack_train,0.87519
released,1.0,attack_train,0.80037
released,1.0,attack_train,0.77088
released,1.0,attack_train,0.58541
released,1.0,attack_train,0.5478
released,1.0,attack_train,0.73894
released,1.0,attack_train,0.71893
released,1.0,attack_train,0.82597
released,1.0,attack_train,0.72332
released,1.0,attack_train,0.48957
released,1.0,attack_train,0.76164
released,1.0,attack_train,1.0578
released,1.0,attack_train,0.90812
released,1.0,attack_train,1.12286
released,1.0,attack_train,0.77784
released,1.0,attack_train,0.63367
released,1.0,attack_train,0.95908
released,1.0,attack_train,0.59979
released,1.0,attack_train,0.69744
released,1.0,attack_train,0.81554
released,1.0,attack_train,0.91755
released,1.0,attack_train,0.77934
released,1.0,attack_train,0.55887
released,1.0,attack_train,0.65901
released,1.0,attack_train,0.73054
released,1.0,attack_train,0.78992
released,1.0,attack_train,0.97207
released,1.0,attack_train,0.84817
released,1.0,attack_train,1.08074
released,1.0,attack_train,0.80812
released,1.0,attack_train,0.71405
released,1.0,attack_train,0.86489
released,1.0,attack_train,0.57401
released,1.0,attack_train,0.78781
released,1.0,attack_train,0.63478
released,1.0,attack_train,0.60028
released,1.0,attack_train,0.79805
released,1.0,attack_train,0.77672
released,1.0,attack_train,0.77459
released,1.0,attack_train,0.88594
released,1.0,attack_train,0.83141
released,1.0,attack_train,0.86596
released,1.0,attack_train,0.98904
released,1.0,attack_train,0.8052
released,1.0,attack_train,1.10986
released,1.0,attack_train,1.10353
released,1.0,attack_train,0.682
released,1.0,attack_train,0.0
released,1.0,attack_train,0.94242
released,1.0,attack_train,0.9607
released,1.0,attack_train,0.66789
released,1.0,attack_train,0.73176
released,1.0,attack_train,0.80884
released,1.0,attack_train,0.61783
released,1.0,attack_train,0.78398
released,1.0,attack_train,0.44274
released,1.0,attack_train,0.73351
released,1.0,attack_train,0.9286
released,1.0,attack_train,0.60444
released,1.0,attack_train,0.72374
released,1.0,attack_train,0.85256
released,1.0,attack_train,0.88406
released,1.0,attack_train,0.8523
released,1.0,attack_train,0.67648
released,1.0,attack_train,0.72857
released,1.0,attack_train,0.68971
released,1.0,attack_train,1.12315
released,1.0,attack_train,0.77571
released,1.0,attack_train,0.85492
released,1.0,attack_train,0.90869
released,1.0,attack_train,0.87151
released,1.0,attack_train,0.76047
released,1.0,attack_train,0.85295
released,1.0,attack_train,0.97464
released,1.0,attack_train,0.99223
released,1.0,attack_train,0.7784
released,1.0,attack_train,0.72807
released,1.0,attack_train,0.7051
released,1.0,attack_train,0.72875
released,1.0,attack_train,0.67936
released,1.0,attack_train,0.63962
released,1.0,attack_train,0.73633
released,1.0,attack_train,0.72154
released,1.0,attack_train,0.95282
released,1.0,attack_train,1.07046
released,1.0,attack_train,0.80553
released,1.0,attack_train,0.8338
released,1.0,attack_train,0.75437
released,1.0,attack_train,1.14393
released,1.0,attack_train,0.92212
released,1.0,attack_train,0.82371
released,1.0,attack_train,0.97128
released,1.0,attack_train,0.57686
released,1.0,attack_train,0.621
released,1.0,attack_train,0.74884
released,1.0,attack_train,1.01808
released,1.0,attack_train,0.64606
released,1.0,attack_train,0.96669
released,1.0,attack_train,0.87982
released,1.0,attack_train,0.88408
released,1.0,attack_train,0.79303
released,1.0,attack_train,0.76963
released,1.0,attack_train,0.6761
released,1.0,attack_train,0.56743
released,1.0,attack_train,0.53727
released,1.0,attack_train,0.65266
released,1.0,attack_train,0.75978
released,1.0,attack_train,0.61152
released,1.0,attack_train,0.62888
released,1.0,attack_train,0.8807
released,1.0,attack_train,0.60632
released,1.0,attack_train,0.78024
released,1.0,attack_train,0.58166
released,1.0,attack_train,0.7543
released,1.0,attack_train,0.81139
released,1.0,attack_train,0.93422
released,1.0,attack_train,0.97424
released,1.0,attack_train,1.00295
released,1.0,attack_train,1.0372
released,1.0,attack_train,0.9627
released,1.0,attack_train,0.54243
released,1.0,attack_train,0.81557
released,1.0,attack_train,0.68127
released,1.0,attack_train,0.80187
released,1.0,attack_train,0.83605
released,1.0,attack_train,0.70424
released,1.0,attack_train,0.74121
released,1.0,attack_train,0.77312
released,1.0,attack_train,0.85774
released,1.0,attack_train,0.85398
released,1.0,attack_train,0.80792
released,1.0,attack_train,0.64031
released,1.0,attack_train,0.79583
released,1.0,attack_train,0.82252
released,1.0,attack_train,0.80544
released,1.0,attack_train,0.65354
released,1.0,attack_train,0.74419
released,1.0,attack_train,1.08975
released,1.0,attack_train,0.74101
released,1.0,attack_train,0.56614
released,1.0,attack_train,0.77632
released,1.0,attack_train,1.04379
released,1.0,attack_train,0.72254
released,1.0,attack_train,0.74511
released,1.0,attack_train,0.67
released,1.0,attack_train,0.46891
released,1.0,attack_train,0.82555
released,1.0,attack_train,0.7235
released,1.0,attack_train,0.92426
released,1.0,attack_train,0.64449
released,1.0,attack_train,0.65289
released,1.0,attack_train,0.74529
released,1.0,attack_train,0.76151
released,1.0,attack_train,0.77606
released,1.0,attack_train,0.76848
released,1.0,attack_train,0.866
released,1.0,attack_train,0.77845
released,1.0,attack_train,0.79483
released,1.0,attack_train,0.96821
released,1.0,attack_train,0.91685
released,1.0,attack_train,0.49728
released,1.0,attack_train,0.42364
released,1.0,attack_train,0.90273
released,1.0,attack_train,0.80064
released,1.0,attack_train,0.96666
released,1.0,attack_train,0.48511
released,1.0,attack_train,0.53942
released,1.0,attack_train,0.77057
released,1.0,attack_train,0.72719
released,1.0,attack_train,0.57302
released,1.0,attack_train,-0.0
released,1.0,attack_train,0.91368
released,1.0,attack_train,0.72467
released,1.0,attack_train,0.79651
released,1.0,attack_train,0.61845
released,1.0,attack_train,0.70114
released,1.0,attack_train,-0.0
released,1.0,attack_train,0.67669
released,1.0,attack_train,0.82364
released,1.0,attack_train,0.54336
released,1.0,attack_train,0.83774
released,1.0,attack_train,0.93822
released,1.0,attack_train,0.83126
released,1.0,attack_train,0.72945
released,1.0,attack_train,0.66041
released,1.0,attack_train,0.70117
released,1.0,attack_train,0.70705
released,1.0,attack_train,0.71361
released,1.0,attack_train,0.96275
released,1.0,attack_train,0.86063
released,1.0,attack_train,0.81554
released,1.0,attack_train,0.67287
released,1.0,attack_train,0.76289
released,1.0,attack_train,0.48453
released,1.0,attack_train,0.52334
released,1.0,attack_train,0.78675
released,1.0,attack_train,0.92443
released,1.0,attack_train,0.95253
released,1.0,attack_train,0.73421
released,1.0,attack_train,0.96664
released,1.0,attack_train,0.94951
released,1.0,attack_train,0.71966
released,1.0,attack_train,0.7117
released,1.0,attack_train,0.63034
released,1.0,attack_train,0.73024
released,1.0,attack_train,0.83707
released,1.0,attack_train,0.54771
released,1.0,attack_train,1.03769
released,1.0,attack_train,0.85872
released,1.0,attack_train,0.78398
released,1.0,attack_train,0.88637
released,1.0,attack_train,0.59461
released,1.0,attack_train,0.65629
released,1.0,attack_train,0.66004
released,1.0,attack_train,0.89785
released,1.0,attack_train,0.54248
released,1.0,attack_train,0.66704
released,1.0,attack_train,0.83276
released,1.0,attack_train,0.6832
released,1.0,attack_train,0.79276
released,1.0,attack_train,0.96327
released,1.0,attack_train,0.7547
released,1.0,attack_train,0.53682
released,1.0,attack_train,0.65767
released,1.0,attack_train,0.76785
released,1.0,attack_train,0.89841
released,1.0,attack_train,0.85279
released,1.0,attack_train,0.57187
released,1.0,attack_train,0.78156
released,1.0,attack_train,0.75144
released,1.0,attack_train,0.78397
released,1.0,attack_train,0.64137
released,1.0,attack_train,0.50713
released,1.0,attack_train,0.74113
released,1.0,attack_train,0.87092
released,1.0,attack_train,0.88567
released,1.0,attack_train,0.59774
released,1.0,attack_train,1.01
released,1.0,attack_train,0.6602
released,1.0,attack_train,0.49079
released,1.0,attack_train,0.6519
released,1.0,attack_train,0.80158
released,1.0,attack_train,0.66277
released,1.0,attack_train,0.9132
released,1.0,attack_train,0.60301
released,1.0,attack_train,0.56504
released,1.0,attack_train,0.50463
released,1.0,attack_train,0.70808
released,1.0,attack_train,0.83767
released,1.0,attack_train,0.75654
released,1.0,attack_train,0.84971
released,1.0,attack_train,0.66355
released,1.0,attack_train,0.9677
released,1.0,attack_train,0.93395
released,1.0,attack_train,0.87232
released,1.0,attack_train,0.66112
released,1.0,attack_train,0.8613
released,1.0,attack_train,0.69716
released,1.0,attack_train,0.81045
released,3.0,attack_train,0.39073
released,3.0,attack_train,0.21534
released,3.0,attack_train,0.34012
released,3.0,attack_train,0.32828
released,3.0,attack_train,0.40238
released,3.0,attack_train,0.29406
released,3.0,attack_train,0.29381
released,3.0,attack_train,0.33149
released,3.0,attack_train,0.32673
released,3.0,attack_train,0.23789
released,3.0,attack_train,0.19006
released,3.0,attack_train,0.21769
released,3.0,attack_train,0.32314
released,3.0,attack_train,0.30742
released,3.0,attack_train,0.30118
released,3.0,attack_train,0.31573
released,3.0,attack_train,0.28772
released,3.0,attack_train,0.17608
released,3.0,attack_train,0.29847
released,3.0,attack_train,0.11109
released,3.0,attack_train,0.24973
released,3.0,attack_train,0.31072
released,3.0,attack_train,0.20019
released,3.0,attack_train,0.15435
released,3.0,attack_train,0.26734
released,3.0,attack_train,0.31298
released,3.0,attack_train,0.16292
released,3.0,attack_train,0.25174
released,3.0,attack_train,0.28629
released,3.0,attack_train,0.21839
released,3.0,attack_train,0.35256
released,3.0,attack_train,0.23875
released,3.0,attack_train,0.2213
released,3.0,attack_train,0.34807
released,3.0,attack_train,0.24826
released,3.0,attack_train,0.35828
released,3.0,attack_train,0.32564
released,3.0,attack_train,0.16672
released,3.0,attack_train,0.32245
released,3.0,attack_train,0.23482
released,3.0,attack_train,0.18334
released,3.0,attack_train,0.33999
released,3.0,attack_train,0.28512
released,3.0,attack_train,0.28699
released,3.0,attack_train,0.22477
released,3.0,attack_train,0.15823
released,3.0,attack_train,0.24737
released,3.0,attack_train,0.33928
released,3.0,attack_train,0.57481
released,3.0,attack_train,0.36381
released,3.0,attack_train,0.26557
released,3.0,attack_train,0.30026
released,3.0,attack_train,0.25971
released,3.0,attack_train,0.34861
released,3.0,attack_train,0.23465
released,3.0,attack_train,0.26384
released,3.0,attack_train,0.21735
released,3.0,attack_train,0.3582
released,3.0,attack_train,0.33344
released,3.0,attack_train,0.19028
released,3.0,attack_train,0.21624
released,3.0,attack_train,0.31179
released,3.0,attack_train,0.38544
released,3.0,attack_train,0.22372
released,3.0,attack_train,0.35521
released,3.0,attack_train,0.37522
released,3.0,attack_train,0.35637
released,3.0,attack_train,0.43863
released,3.0,attack_train,0.29192
released,3.0,attack_train,0.29092
released,3.0,attack_train,0.27817
released,3.0,attack_train,0.26243
released,3.0,attack_train,0.25119
released,3.0,attack_train,0.28948
released,3.0,attack_train,0.29305
released,3.0,attack_train,0.22097
released,3.0,attack_train,0.28648
released,3.0,attack_train,0.21004
released,3.0,attack_train,0.25485
released,3.0,attack_train,0.35814
released,3.0,attack_train,0.36419
released,3.0,attack_train,0.35221
released,3.0,attack_train,0.37966
released,3.0,attack_train,0.33014
released,3.0,attack_train,0.33411
released,3.0,attack_train,0.27026
released,3.0,attack_train,0.38741
released,3.0,attack_train,0.3739
released,3.0,attack_train,0.34621
released,3.0,attack_train,0.2503
released,3.0,attack_train,0.25366
released,3.0,attack_train,0.26406
released,3.0,attack_train,0.17706
released,3.0,attack_train,0.30221
released,3.0,attack_train,0.31039
released,3.0,attack_train,0.27003
released,3.0,attack_train,0.15327
released,3.0,attack_train,0.25867
released,3.0,attack_train,0.29377
released,3.0,attack_train,0.30432
released,3.0,attack_train,0.29212
released,3.0,attack_train,0.34966
released,3.0,attack_train,0.37346
released,3.0,attack_train,0.34282
released,3.0,attack_train,0.33364
released,3.0,attack_train,0.34096
released,3.0,attack_train,0.33399
released,3.0,attack_train,0.37225
released,3.0,attack_train,0.33359
released,3.0,attack_train,0.25107
released,3.0,attack_train,0.23692
released,3.0,attack_train,-0.0
released,3.0,attack_train,0.2322
released,3.0,attack_train,0.26171
released,3.0,attack_train,0.23782
released,3.0,attack_train,0.22747
released,3.0,attack_train,0.3084
released,3.0,attack_train,-0.0
released,3.0,attack_train,0.20046
released,3.0,attack_train,0.2362
released,3.0,attack_train,0.45857
released,3.0,attack_train,0.27819
released,3.0,attack_train,0.23334
released,3.0,attack_train,0.29067
released,3.0,attack_train,0.30166
released,3.0,attack_train,0.23888
released,3.0,attack_train,0.4847
released,3.0,attack_train,0.29373
released,3.0,attack_train,0.16756
released,3.0,attack_train,0.29388
released,3.0,attack_train,0.42719
released,3.0,attack_train,0.3393
released,3.0,attack_train,0.323
released,3.0,attack_train,0.33569
released,3.0,attack_train,0.34977
released,3.0,attack_train,0.21834
released,3.0,attack_train,0.32236
released,3.0,attack_train,0.42223
released,3.0,attack_train,0.40179
released,3.0,attack_train,0.39649
released,3.0,attack_train,0.32121
released,3.0,attack_train,0.28726
released,3.0,attack_train,0.19436
released,3.0,attack_train,0.32484
released,3.0,attack_train,0.19631
released,3.0,attack_train,0.2555
released,3.0,attack_train,0.21868
released,3.0,attack_train,0.2041
released,3.0,attack_train,0.24783
released,3.0,attack_train,0.29715
released,3.0,attack_train,0.21077
released,3.0,attack_train,0.31457
released,3.0,attack_train,0.27796
released,3.0,attack_train,0.23002
released,3.0,attack_train,0.18831
released,3.0,attack_train,0.24607
released,3.0,attack_train,0.32505
released,3.0,attack_train,0.21144
released,3.0,attack_train,0.18992
released,3.0,attack_train,0.185
released,3.0,attack_train,0.29059
released,3.0,attack_train,0.28092
released,3.0,attack_train,0.33875
released,3.0,attack_train,0.25937
released,3.0,attack_train,0.29592
released,3.0,attack_train,0.3342
released,3.0,attack_train,0.28405
released,3.0,attack_train,0.36812
released,3.0,attack_train,0.27281
released,3.0,attack_train,0.37402
released,3.0,attack_train,0.24967
released,3.0,attack_train,0.30733
released,3.0,attack_train,0.2529
released,3.0,attack_train,0.32232
released,3.0,attack_train,0.25928
released,3.0,attack_train,0.328
released,3.0,attack_train,0.30392
released,3.0,attack_train,0.37088
released,3.0,attack_train,0.34248
released,3.0,attack_train,0.32561
released,3.0,attack_train,0.35841
released,3.0,attack_train,0.2817
released,3.0,attack_train,0.36522
released,3.0,attack_train,0.22368
released,3.0,attack_train,0.37548
released,3.0,attack_train,0.35299
released,3.0,attack_train,0.27414
released,3.0,attack_train,0.30682
released,3.0,attack_train,0.30891
released,3.0,attack_train,0.25856
released,3.0,attack_train,0.29862
released,3.0,attack_train,0.29593
released,3.0,attack_train,0.28222
released,3.0,attack_train,0.2885
released,3.0,attack_train,0.39866
released,3.0,attack_train,0.41697
released,3.0,attack_train,0.44752
released,3.0,attack_train,0.33393
released,3.0,attack_train,0.19989
released,3.0,attack_train,0.29396
released,3.0,attack_train,0.32077
released,3.0,attack_train,0.32053
released,3.0,attack_train,0.30446
released,3.0,attack_train,0.24135
released,3.0,attack_train,0.3806
released,3.0,attack_train,0.3939
released,3.0,attack_train,0.35142
released,3.0,attack_train,0.32397
released,3.0,attack_train,0.24815
released,3.0,attack_train,0.26383
released,3.0,attack_train,0.23893
released,3.0,attack_train,0.29437
released,3.0,attack_train,0.21927
released,3.0,attack_train,0.35072
released,3.0,attack_train,0.33271
released,3.0,attack_train,0.19586
released,3.0,attack_train,0.25628
released,3.0,attack_train,0.31588
released,3.0,attack_train,0.25472
released,3.0,attack_train,0.31522
released,3.0,attack_train,0.32662
released,3.0,attack_train,0.22152
released,3.0,attack_train,0.23115
released,3.0,attack_train,0.24153
released,3.0,attack_train,0.22909
released,3.0,attack_train,0.33751
released,3.0,attack_train,0.25834
released,3.0,attack_train,0.32284
released,3.0,attack_train,0.29499
released,3.0,attack_train,0.44152
released,3.0,attack_train,0.35974
released,3.0,attack_train,0.34129
released,3.0,attack_train,0.31979
released,3.0,attack_train,0.32623
released,3.0,attack_train,0.38304
released,3.0,attack_train,0.29774
released,3.0,attack_train,0.40855
released,3.0,attack_train,0.28307
released,3.0,attack_train,0.32094
released,3.0,attack_train,0.29074
released,3.0,attack_train,0.29413
released,3.0,attack_train,0.35366
released,3.0,attack_train,0.3404
released,3.0,attack_train,0.25194
released,3.0,attack_train,0.5617
released,3.0,attack_train,0.38748
released,3.0,attack_train,0.33779
released,3.0,attack_train,0.29652
released,3.0,attack_train,0.20834
released,3.0,attack_train,0.30857
released,3.0,attack_train,0.33024
released,3.0,attack_train,0.32003
released,3.0,attack_train,0.36706
released,3.0,attack_train,0.53598
released,3.0,attack_train,0.37071
released,3.0,attack_train,0.37878
released,3.0,attack_train,0.19359
released,3.0,attack_train,0.40359
released,3.0,attack_train,0.3175
released,3.0,attack_train,0.48113
released,3.0,attack_train,0.13816
released,3.0,attack_train,0.28598
released,3.0,attack_train,0.33006
released,3.0,attack_train,0.26955
released,3.0,attack_train,0.33165
released,3.0,attack_train,0.23566
released,3.0,attack_train,0.27699
released,3.0,attack_train,0.39236
released,3.0,attack_train,0.32271
released,3.0,attack_train,0.24165
released,3.0,attack_train,0.35154
released,3.0,attack_train,0.30458
released,3.0,attack_train,0.37579
released,3.0,attack_train,0.14826
released,3.0,attack_train,0.33117
released,3.0,attack_train,0.35418
released,3.0,attack_train,0.36981
released,3.0,attack_train,0.28954
released,3.0,attack_train,0.36408
released,3.0,attack_train,0.3794
released,3.0,attack_train,0.28564
released,3.0,attack_train,0.31167
released,3.0,attack_train,0.28982
released,3.0,attack_train,0.38246
released,3.0,attack_train,0.10158
released,3.0,attack_train,0.2747
released,3.0,attack_train,0.34925
released,3.0,attack_train,0.33289
released,3.0,attack_train,0.34106
released,3.0,attack_train,0.37537
released,3.0,attack_train,0.34028
released,3.0,attack_train,0.40658
released,3.0,attack_train,0.41917
released,3.0,attack_train,0.48732
released,3.0,attack_train,0.37443
released,3.0,attack_train,0.5226
released,3.0,attack_train,0.22883
released,3.0,attack_train,0.2984
released,3.0,attack_train,0.33747
released,3.0,attack_train,0.38473
released,3.0,attack_train,0.33107
released,3.0,attack_train,0.3162
released,3.0,attack_train,0.36469
released,3.0,attack_train,0.31524
released,3.0,attack_train,0.33064
released,3.0,attack_train,0.31594
released,3.0,attack_train,0.50761
released,3.0,attack_train,0.28987
released,3.0,attack_train,0.33779
released,3.0,attack_train,0.28231
released,3.0,attack_train,0.24773
released,3.0,attack_train,0.38518
released,3.0,attack_train,0.20323
released,3.0,attack_train,0.35017
released,3.0,attack_train,0.28659
released,3.0,attack_train,0.26637
released,3.0,attack_train,0.2585
released,3.0,attack_train,0.29225
released,3.0,attack_train,0.28242
released,3.0,attack_train,0.43137
released,3.0,attack_train,0.29557
released,3.0,attack_train,0.34127
released,3.0,attack_train,0.29304
released,3.0,attack_train,0.32346
released,3.0,attack_train,0.27807
released,3.0,attack_train,0.34389
released,3.0,attack_train,0.46578
released,3.0,attack_train,0.34495
released,3.0,attack_train,0.2442
released,3.0,attack_train,0.23747
released,3.0,attack_train,0.38982
released,3.0,attack_train,0.39178
released,3.0,attack_train,0.39498
released,3.0,attack_train,0.4565
released,3.0,attack_train,0.26027
released,3.0,attack_train,0.28603
released,3.0,attack_train,0.28934
released,3.0,attack_train,0.32307
released,3.0,attack_train,0.27605
released,3.0,attack_train,0.38213
released,3.0,attack_train,0.29141
released,3.0,attack_train,0.20549
released,3.0,attack_train,0.3729
released,3.0,attack_train,0.29855
released,3.0,attack_train,0.30693
released,3.0,attack_train,0.30517
released,3.0,attack_train,0.36849
released,3.0,attack_train,0.31754
released,3.0,attack_train,0.31541
released,3.0,attack_train,0.41655
released,3.0,attack_train,0.25588
released,3.0,attack_train,0.45151
released,3.0,attack_train,0.24881
released,3.0,attack_train,0.21311
released,3.0,attack_train,0.31946
released,3.0,attack_train,0.2632
released,3.0,attack_train,0.35072
released,3.0,attack_train,0.22918
released,3.0,attack_train,0.28137
released,3.0,attack_train,0.27169
released,3.0,attack_train,0.17152
released,3.0,attack_train,0.22712
released,3.0,attack_train,0.27638
released,3.0,attack_train,0.30295
released,3.0,attack_train,0.29303
released,3.0,attack_train,0.23039
released,3.0,attack_train,0.30948
released,3.0,attack_train,0.33976
released,3.0,attack_train,0.28901
released,3.0,attack_train,0.27536
released,3.0,attack_train,0.30236
released,3.0,attack_train,0.21108
released,3.0,attack_train,0.16686
released,3.0,attack_train,0.2704
released,3.0,attack_train,0.37154
released,3.0,attack_train,0.34586
released,3.0,attack_train,0.27521
released,3.0,attack_train,0.42202
released,3.0,attack_train,0.30169
released,3.0,attack_train,0.34495
released,3.0,attack_train,0.37384
released,3.0,attack_train,0.36079
released,3.0,attack_train,0.23125
released,3.0,attack_train,0.34844
released,3.0,attack_train,0.43043
released,3.0,attack_train,0.25933
released,3.0,attack_train,0.42159
released,3.0,attack_train,0.2576
released,3.0,attack_train,0.32872
released,3.0,attack_train,0.30556
released,3.0,attack_train,0.29277
released,3.0,attack_train,0.2871
released,3.0,attack_train,0.25465
released,3.0,attack_train,0.36064
released,3.0,attack_train,0.29817
released,3.0,attack_train,0.2914
released,3.0,attack_train,0.34774
released,3.0,attack_train,0.2505
released,3.0,attack_train,0.27674
released,3.0,attack_train,0.29387
released,3.0,attack_train,0.24086
released,3.0,attack_train,0.18591
released,3.0,attack_train,0.41099
released,3.0,attack_train,0.30812
released,3.0,attack_train,0.2592
released,3.0,attack_train,0.33239
released,3.0,attack_train,0.47793
released,3.0,attack_train,0.30832
released,3.0,attack_train,0.39922
released,3.0,attack_train,0.25881
released,3.0,attack_train,0.27328
released,3.0,attack_train,0.1985
released,3.0,attack_train,0.25397
released,3.0,attack_train,0.24097
released,3.0,attack_train,0.33493
released,3.0,attack_train,0.33579
released,3.0,attack_train,0.24485
released,3.0,attack_train,0.31956
released,3.0,attack_train,0.25876
released,3.0,attack_train,0.26867
released,3.0,attack_train,0.39554
released,3.0,attack_train,0.35297
released,3.0,attack_train,0.33291
released,3.0,attack_train,0.21926
released,3.0,attack_train,0.33046
released,3.0,attack_train,0.22545
released,3.0,attack_train,0.33304
released,3.0,attack_train,0.30131
released,3.0,attack_train,0.40349
released,3.0,attack_train,0.3258
released,3.0,attack_train,0.42142
released,3.0,attack_train,0.27314
released,3.0,attack_train,0.29803
released,3.0,attack_train,0.30135
released,3.0,attack_train,0.30297
released,3.0,attack_train,0.29063
released,3.0,attack_train,0.30424
released,3.0,attack_train,0.3425
released,3.0,attack_train,0.2296
released,3.0,attack_train,0.39557
released,3.0,attack_train,0.19276
released,3.0,attack_train,0.2297
released,3.0,attack_train,0.39108
released,3.0,attack_train,0.24692
released,3.0,attack_train,0.28302
released,3.0,attack_train,0.23626
released,3.0,attack_train,0.26336
released,3.0,attack_train,0.29635
released,3.0,attack_train,0.27046
released,3.0,attack_train,0.22262
released,3.0,attack_train,0.34634
released,3.0,attack_train,0.31616
released,3.0,attack_train,0.22653
released,3.0,attack_train,0.37277
released,3.0,attack_train,0.41737
released,3.0,attack_train,0.26597
released,3.0,attack_train,0.17916
released,3.0,attack_train,0.17927
released,3.0,attack_train,0.17165
released,3.0,attack_train,0.28381
released,3.0,attack_train,0.29733
released,3.0,attack_train,0.20468
released,3.0,attack_train,0.29391
released,3.0,attack_train,0.31037
released,3.0,attack_train,0.2239
released,3.0,attack_train,0.23013
released,3.0,attack_train,0.15449
released,3.0,attack_train,0.2787
released,3.0,attack_train,0.305
released,3.0,attack_train,0.26707
released,3.0,attack_train,0.18388
released,3.0,attack_train,0.25655
released,3.0,attack_train,0.28927
released,3.0,attack_train,0.22663
released,3.0,attack_train,0.30206
released,3.0,attack_train,0.2722
released,3.0,attack_train,0.24171
released,3.0,attack_train,0.17554
released,3.0,attack_train,0.26267
released,3.0,attack_train,0.26154
released,3.0,attack_train,0.35604
released,3.0,attack_train,0.38843
released,3.0,attack_train,0.27594
released,3.0,attack_train,0.37489
released,3.0,attack_train,0.28363
released,3.0,attack_train,0.31942
released,3.0,attack_train,0.36261
released,3.0,attack_train,0.31599
released,3.0,attack_train,0.3465
released,3.0,attack_train,0.36191
released,3.0,attack_train,0.41705
released,3.0,attack_train,0.26901
released,3.0,attack_train,0.26205
released,3.0,attack_train,0.2498
released,3.0,attack_train,0.28586
released,3.0,attack_train,0.4483
released,3.0,attack_train,0.16781
released,3.0,attack_train,0.22628
released,3.0,attack_train,0.20304
released,3.0,attack_train,0.22395
released,3.0,attack_train,0.35576
released,3.0,attack_train,0.34248
released,3.0,attack_train,0.33261
released,3.0,attack_train,0.29656
released,3.0,attack_train,0.43683
released,3.0,attack_train,0.2854
released,3.0,attack_train,0.35279
released,3.0,attack_train,0.3387
released,3.0,attack_train,0.25238
released,3.0,attack_train,0.23791
released,3.0,attack_train,0.3205
released,3.0,attack_train,0.31769
released,3.0,attack_train,0.28541
released,3.0,attack_train,0.17386
released,3.0,attack_train,0.32847
released,3.0,attack_train,0.34773
released,3.0,attack_train,0.18772
released,3.0,attack_train,0.26351
released,3.0,attack_train,0.23815
released,3.0,attack_train,0.23391
released,3.0,attack_train,0.23476
released,3.0,attack_train,0.23608
released,3.0,attack_train,0.25341
released,3.0,attack_train,0.26644
released,3.0,attack_train,0.28762
released,3.0,attack_train,0.24702
released,3.0,attack_train,0.25486
released,3.0,attack_train,0.26377
released,3.0,attack_train,0.23208
released,3.0,attack_train,0.2115
released,3.0,attack_train,0.29787
released,3.0,attack_train,0.03125
released,3.0,attack_train,0.21102
released,3.0,attack_train,0.19757
released,3.0,attack_train,0.29098
released,3.0,attack_train,0.37231
released,3.0,attack_train,0.35832
released,3.0,attack_train,0.27594
released,3.0,attack_train,0.3034
released,3.0,attack_train,0.26069
released,3.0,attack_train,0.26985
released,3.0,attack_train,0.32812
released,3.0,attack_train,0.30403
released,3.0,attack_train,0.35265
released,3.0,attack_train,0.3022
released,3.0,attack_train,0.22737
released,3.0,attack_train,0.33396
released,3.0,attack_train,0.25843
released,3.0,attack_train,0.27338
released,3.0,attack_train,0.29865
released,3.0,attack_train,0.46167
released,3.0,attack_train,0.57158
released,3.0,attack_train,0.29832
released,3.0,attack_train,0.44552
released,3.0,attack_train,0.29837
released,3.0,attack_train,0.33146
released,3.0,attack_train,0.2571
released,3.0,attack_train,0.33998
released,3.0,attack_train,0.31749
released,3.0,attack_train,0.32808
released,3.0,attack_train,0.16026
released,3.0,attack_train,0.28253
released,3.0,attack_train,0.34365
released,3.0,attack_train,0.22456
released,3.0,attack_train,0.34378
released,3.0,attack_train,0.27907
released,3.0,attack_train,0.29559
released,3.0,attack_train,0.21988
released,3.0,attack_train,0.41639
released,3.0,attack_train,0.27417
released,3.0,attack_train,0.18779
released,3.0,attack_train,0.27229
released,3.0,attack_train,0.16066
released,3.0,attack_train,0.29783
released,3.0,attack_train,0.22957
released,3.0,attack_train,0.30299
released,3.0,attack_train,0.20334
released,3.0,attack_train,0.24242
released,3.0,attack_train,0.32957
released,3.0,attack_train,0.25046
released,3.0,attack_train,0.16287
released,3.0,attack_train,0.15871
released,3.0,attack_train,0.25025
released,3.0,attack_train,0.34406
released,3.0,attack_train,0.32548
released,3.0,attack_train,0.32721
released,3.0,attack_train,0.20722
released,3.0,attack_train,0.40382
released,3.0,attack_train,0.24594
released,3.0,attack_train,0.22515
released,3.0,attack_train,0.25771
released,3.0,attack_train,0.28979
released,3.0,attack_train,0.33615
released,3.0,attack_train,0.1916
released,3.0,attack_train,0.33531
released,3.0,attack_train,0.25365
released,3.0,attack_train,0.30352
released,3.0,attack_train,0.3313
released,3.0,attack_train,0.32502
released,3.0,attack_train,0.27186
released,3.0,attack_train,0.31403
released,3.0,attack_train,0.26534
released,3.0,attack_train,0.30639
released,3.0,attack_train,0.16614
released,3.0,attack_train,0.2362
released,3.0,attack_train,0.32372
released,3.0,attack_train,0.32016
released,3.0,attack_train,0.19971
released,3.0,attack_train,0.52301
released,3.0,attack_train,0.41197
released,3.0,attack_train,0.21687
released,3.0,attack_train,0.24261
released,3.0,attack_train,0.34171
released,3.0,attack_train,0.20914
released,3.0,attack_train,0.25689
released,3.0,attack_train,0.30826
released,3.0,attack_train,0.27689
released,3.0,attack_train,0.41739
released,3.0,attack_train,0.34024
released,3.0,attack_train,0.3542
released,3.0,attack_train,0.35601
released,3.0,attack_train,0.26406
released,3.0,attack_train,0.31689
released,3.0,attack_train,0.2699
released,3.0,attack_train,0.40765
released,3.0,attack_train,0.33193
released,3.0,attack_train,0.38879
released,3.0,attack_train,0.319
released,3.0,attack_train,0.26382
released,3.0,attack_train,0.29151
released,3.0,attack_train,0.30168
released,3.0,attack_train,0.33061
released,3.0,attack_train,0.30828
released,3.0,attack_train,0.29177
released,3.0,attack_train,0.35088
released,3.0,attack_train,0.33653
released,3.0,attack_train,0.40583
released,3.0,attack_train,0.3563
released,3.0,attack_train,0.29378
released,3.0,attack_train,0.26414
released,3.0,attack_train,0.35356
released,3.0,attack_train,0.34043
released,3.0,attack_train,0.36815
released,3.0,attack_train,0.17056
released,3.0,attack_train,0.46486
released,3.0,attack_train,0.37569
released,3.0,attack_train,0.29805
released,3.0,attack_train,0.56933
released,3.0,attack_train,0.30549
released,3.0,attack_train,0.14343
released,3.0,attack_train,0.26299
released,3.0,attack_train,0.22316
released,3.0,attack_train,0.23945
released,3.0,attack_train,0.21103
released,3.0,attack_train,0.27477
released,3.0,attack_train,0.21295
released,3.0,attack_train,0.1761
released,3.0,attack_train,0.30582
released,3.0,attack_train,0.29705
released,3.0,attack_train,0.24139
released,3.0,attack_train,0.32994
released,3.0,attack_train,0.25152
released,3.0,attack_train,0.1856
released,3.0,attack_train,0.1319
released,3.0,attack_train,0.28467
released,3.0,attack_train,0.21779
released,3.0,attack_train,0.29046
released,3.0,attack_train,0.24714
released,3.0,attack_train,0.2947
released,3.0,attack_train,0.16001
released,3.0,attack_train,0.29745
released,3.0,attack_train,0.22652
released,3.0,attack_train,0.21764
released,3.0,attack_train,0.21456
released,3.0,attack_train,0.30456
released,3.0,attack_train,0.1919
released,3.0,attack_train,0.18319
released,3.0,attack_train,0.2435
released,3.0,attack_train,0.18399
released,3.0,attack_train,0.20107
released,3.0,attack_train,0.25933
released,3.0,attack_train,0.22489
released,3.0,attack_train,0.32039
released,3.0,attack_train,0.35124
released,3.0,attack_train,0.26835
released,3.0,attack_train,0.23756
released,3.0,attack_train,0.21325
released,3.0,attack_train,0.27871
released,3.0,attack_train,0.2578
released,3.0,attack_train,0.25166
released,3.0,attack_train,0.3259
released,3.0,attack_train,0.35849
released,3.0,attack_train,0.34017
released,3.0,attack_train,0.36259
released,3.0,attack_train,0.30185
released,3.0,attack_train,0.35619
released,3.0,attack_train,0.26393
released,3.0,attack_train,0.34395
released,3.0,attack_train,0.35138
released,3.0,attack_train,0.30361
released,3.0,attack_train,0.28143
released,3.0,attack_train,0.20714
released,3.0,attack_train,0.31375
released,3.0,attack_train,0.32529
released,3.0,attack_train,0.23596
released,3.0,attack_train,0.53559
released,3.0,attack_train,0.0
released,3.0,attack_train,0.29851
released,3.0,attack_train,0.0
released,3.0,attack_train,0.3357
released,3.0,attack_train,0.36359
released,3.0,attack_train,0.27791
released,3.0,attack_train,0.31608
released,3.0,attack_train,0.4002
released,3.0,attack_train,0.34428
released,3.0,attack_train,0.39653
released,3.0,attack_train,0.47385
released,3.0,attack_train,0.32891
released,3.0,attack_train,0.29259
released,3.0,attack_train,0.40742
released,3.0,attack_train,0.24658
released,3.0,attack_train,0.40641
released,3.0,attack_train,0.30152
released,3.0,attack_train,0.3838
released,3.0,attack_train,0.30639
released,3.0,attack_train,0.24422
released,3.0,attack_train,0.31991
released,3.0,attack_train,0.15712
released,3.0,attack_train,0.24409
released,3.0,attack_train,0.41123
released,3.0,attack_train,0.14061
released,3.0,attack_train,0.1845
released,3.0,attack_train,0.26813
released,3.0,attack_train,0.1759
released,3.0,attack_train,0.23261
released,3.0,attack_train,0.27912
released,3.0,attack_train,0.25282
released,3.0,attack_train,0.16513
released,3.0,attack_train,0.13539
released,3.0,attack_train,0.26144
released,3.0,attack_train,0.29001
released,3.0,attack_train,0.20998
released,3.0,attack_train,0.26483
released,3.0,attack_train,0.22777
released,3.0,attack_train,0.20348
released,3.0,attack_train,0.1938
released,3.0,attack_train,0.26061
released,3.0,attack_train,0.20636
released,3.0,attack_train,0.21727
released,3.0,attack_train,0.2034
released,3.0,attack_train,0.2023
released,3.0,attack_train,0.24097
released,3.0,attack_train,0.26409
released,3.0,attack_train,0.20061
released,3.0,attack_train,0.34471
released,3.0,attack_train,0.26488
released,3.0,attack_train,0.31537
released,3.0,attack_train,0.21839
released,3.0,attack_train,0.32935
released,3.0,attack_train,0.24374
released,3.0,attack_train,0.40404
released,3.0,attack_train,0.22109
released,3.0,attack_train,0.13842
released,3.0,attack_train,0.40686
released,3.0,attack_train,0.21108
released,3.0,attack_train,0.31976
released,3.0,attack_train,0.14713
released,3.0,attack_train,0.27552
released,3.0,attack_train,0.24239
released,3.0,attack_train,0.34189
released,3.0,attack_train,0.27707
released,3.0,attack_train,0.39866
released,3.0,attack_train,0.2817
released,3.0,attack_train,0.27003
released,3.0,attack_train,0.3189
released,3.0,attack_train,0.32161
released,3.0,attack_train,0.34663
released,3.0,attack_train,0.30538
released,3.0,attack_train,0.2583
released,3.0,attack_train,0.28435
released,3.0,attack_train,0.25792
released,3.0,attack_train,0.38927
released,3.0,attack_train,0.28463
released,3.0,attack_train,0.27097
released,3.0,attack_train,0.30465
released,3.0,attack_train,0.23452
released,3.0,attack_train,0.28464
released,3.0,attack_train,0.21605
released,3.0,attack_train,0.30044
released,3.0,attack_train,0.33997
released,3.0,attack_train,0.35578
released,3.0,attack_train,0.33966
released,3.0,attack_train,0.26865
released,3.0,attack_train,0.20537
released,3.0,attack_train,0.29517
released,3.0,attack_train,0.31025
released,3.0,attack_train,0.18323
released,3.0,attack_train,0.27793
released,3.0,attack_train,0.33131
released,3.0,attack_train,0.26308
released,3.0,attack_train,0.23603
released,3.0,attack_train,0.2501
released,3.0,attack_train,0.20556
released,3.0,attack_train,0.19
released,3.0,attack_train,0.33736
released,3.0,attack_train,0.1764
released,3.0,attack_train,0.25147
released,3.0,attack_train,0.19791
released,3.0,attack_train,0.32547
released,3.0,attack_train,0.22244
released,3.0,attack_train,0.33477
released,3.0,attack_train,0.25536
released,3.0,attack_train,0.24673
released,3.0,attack_train,0.3941
released,3.0,attack_train,0.21657
released,3.0,attack_train,0.15628
released,3.0,attack_train,0.218
released,3.0,attack_train,0.23717
released,3.0,attack_train,0.23269
released,3.0,attack_train,0.3005
released,3.0,attack_train,0.40452
released,3.0,attack_train,0.36256
released,3.0,attack_train,0.35083
released,3.0,attack_train,0.25457
released,3.0,attack_train,0.2801
released,3.0,attack_train,0.25324
released,3.0,attack_train,0.28174
released,3.0,attack_train,0.29524
released,3.0,attack_train,0.26987
released,3.0,attack_train,0.36363
released,3.0,attack_train,0.3308
released,3.0,attack_train,0.29503
released,3.0,attack_train,0.31002
released,3.0,attack_train,0.26249
released,3.0,attack_train,0.36037
released,3.0,attack_train,0.18538
released,3.0,attack_train,0.31361
released,3.0,attack_train,0.24372
released,3.0,attack_train,0.336
released,3.0,attack_train,0.31153
released,3.0,attack_train,0.18305
released,3.0,attack_train,0.30886
released,3.0,attack_train,0.27407
released,3.0,attack_train,0.43406
released,3.0,attack_train,0.28894
released,3.0,attack_train,0.22609
released,3.0,attack_train,0.36789
released,3.0,attack_train,0.29558
released,3.0,attack_train,0.23992
released,3.0,attack_train,0.19376
released,3.0,attack_train,0.31679
released,3.0,attack_train,0.30653
released,3.0,attack_train,0.40666
released,3.0,attack_train,0.42863
released,3.0,attack_train,0.18962
released,3.0,attack_train,0.32002
released,3.0,attack_train,0.38881
released,3.0,attack_train,0.26111
released,3.0,attack_train,0.27392
released,3.0,attack_train,0.34361
released,3.0,attack_train,0.3733
released,3.0,attack_train,0.25971
released,3.0,attack_train,0.29469
released,3.0,attack_train,0.27423
released,3.0,attack_train,0.33318
released,3.0,attack_train,0.25612
released,3.0,attack_train,0.35728
released,3.0,attack_train,0.20004
released,3.0,attack_train,0.29505
released,3.0,attack_train,0.38862
released,3.0,attack_train,0.34512
released,3.0,attack_train,0.33153
released,3.0,attack_train,0.30567
released,3.0,attack_train,0.36058
released,3.0,attack_train,0.36197
released,3.0,attack_train,0.29111
released,3.0,attack_train,0.27131
released,3.0,attack_train,0.10284
released,3.0,attack_train,0.36231
released,3.0,attack_train,0.33164
released,3.0,attack_train,0.42118
released,3.0,attack_train,0.2425
released,3.0,attack_train,0.06701
released,3.0,attack_train,0.24593
released,3.0,attack_train,0.2674
released,3.0,attack_train,0.38539
released,3.0,attack_train,0.31518
released,3.0,attack_train,0.29396
released,3.0,attack_train,0.33384
released,3.0,attack_train,0.3283
released,3.0,attack_train,0.35229
released,3.0,attack_train,0.44731
released,3.0,attack_train,0.23789
released,3.0,attack_train,0.26804
released,3.0,attack_train,0.26201
released,3.0,attack_train,0.21827
released,3.0,attack_train,0.30737
released,3.0,attack_train,0.36642
released,3.0,attack_train,0.28636
released,3.0,attack_train,0.29394
released,3.0,attack_train,0.28801
released,3.0,attack_train,0.2824
released,3.0,attack_train,0.2941
released,3.0,attack_train,0.27496
released,3.0,attack_train,0.30231
released,3.0,attack_train,0.28245
released,3.0,attack_train,0.51889
released,3.0,attack_train,0.26333
released,3.0,attack_train,0.37284
released,3.0,attack_train,0.31406
released,3.0,attack_train,0.28389
released,3.0,attack_train,0.365
released,3.0,attack_train,0.33441
released,3.0,attack_train,0.41026
released,3.0,attack_train,0.30354
released,3.0,attack_train,0.27774
released,3.0,attack_train,0.33745
released,3.0,attack_train,0.43129
released,3.0,attack_train,0.27299
released,3.0,attack_train,0.29254
released,3.0,attack_train,0.28801
released,3.0,attack_train,0.35843
released,3.0,attack_train,0.32794
released,3.0,attack_train,0.3254
released,3.0,attack_train,0.44594
released,3.0,attack_train,0.32555
released,3.0,attack_train,0.29393
released,3.0,attack_train,0.33757
released,3.0,attack_train,0.32504
released,3.0,attack_train,0.43533
released,3.0,attack_train,0.3028
released,3.0,attack_train,0.33423
released,3.0,attack_train,0.15844
released,3.0,attack_train,0.18407
released,3.0,attack_train,0.2944
released,3.0,attack_train,0.28739
released,3.0,attack_train,0.25017
released,3.0,attack_train,0.43145
released,3.0,attack_train,0.20513
released,3.0,attack_train,0.32511
released,3.0,attack_train,0.21259
released,3.0,attack_train,0.23963
released,3.0,attack_train,0.37761
released,3.0,attack_train,0.40753
released,3.0,attack_train,0.31851
released,3.0,attack_train,0.37981
released,3.0,attack_train,0.27689
released,3.0,attack_train,0.39437
released,3.0,attack_train,0.40259
released,3.0,attack_train,0.33191
released,3.0,attack_train,0.18679
released,3.0,attack_train,0.17216
released,3.0,attack_train,0.16659
released,3.0,attack_train,0.24245
released,3.0,attack_train,0.18881
released,3.0,attack_train,0.20495
released,3.0,attack_train,0.16465
released,3.0,attack_train,0.3678
released,3.0,attack_train,0.24845
released,3.0,attack_train,0.36488
released,3.0,attack_train,0.326
released,3.0,attack_train,0.25084
released,3.0,attack_train,0.21822
released,3.0,attack_train,0.19065
released,3.0,attack_train,0.36648
released,3.0,attack_train,0.288
released,3.0,attack_train,0.3405
released,3.0,attack_train,0.22638
released,3.0,attack_train,0.252
released,3.0,attack_train,0.28383
released,3.0,attack_train,0.18188
released,3.0,attack_train,0.286
released,3.0,attack_train,0.26351
released,3.0,attack_train,0.22616
released,3.0,attack_train,0.25774
released,3.0,attack_train,0.33894
released,3.0,attack_train,0.34741
released,3.0,attack_train,0.23787
released,3.0,attack_train,0.30118
released,3.0,attack_train,0.32412
released,3.0,attack_train,0.35446
released,3.0,attack_train,0.50178
released,3.0,attack_train,0.27423
released,3.0,attack_train,0.37571
released,3.0,attack_train,0.38569
released,3.0,attack_train,0.36853
released,3.0,attack_train,0.44127
released,3.0,attack_train,0.41039
released,3.0,attack_train,0.34827
released,3.0,attack_train,0.36144
released,3.0,attack_train,0.31177
released,3.0,attack_train,0.30405
released,3.0,attack_train,0.25301
released,3.0,attack_train,0.41957
released,3.0,attack_train,0.26611
released,3.0,attack_train,0.34649
released,3.0,attack_train,0.34181
released,3.0,attack_train,0.27306
released,3.0,attack_train,0.54603
released,3.0,attack_train,0.1971
released,5.0,attack_train,0.1769
released,5.0,attack_train,0.12958
released,5.0,attack_train,0.202
released,5.0,attack_train,0.19734
released,5.0,attack_train,0.24151
released,5.0,attack_train,0.11007
released,5.0,attack_train,0.17581
released,5.0,attack_train,0.15625
released,5.0,attack_train,0.19602
released,5.0,attack_train,0.14282
released,5.0,attack_train,0.11422
released,5.0,attack_train,0.1308
released,5.0,attack_train,0.18944
released,5.0,attack_train,0.18464
released,5.0,attack_train,0.18089
released,5.0,attack_train,0.10696
released,5.0,attack_train,0.17282
released,5.0,attack_train,0.09726
released,5.0,attack_train,0.17927
released,5.0,attack_train,0.06684
released,5.0,attack_train,0.14901
released,5.0,attack_train,0.18736
released,5.0,attack_train,0.13654
released,5.0,attack_train,0.09179
released,5.0,attack_train,0.15939
released,5.0,attack_train,0.18872
released,5.0,attack_train,0.09805
released,5.0,attack_train,0.15128
released,5.0,attack_train,0.17076
released,5.0,attack_train,0.13196
released,5.0,attack_train,0.21153
released,5.0,attack_train,0.14325
released,5.0,attack_train,0.13278
released,5.0,attack_train,0.20884
released,5.0,attack_train,0.14896
released,5.0,attack_train,0.21497
released,5.0,attack_train,0.19539
released,5.0,attack_train,0.10003
released,5.0,attack_train,0.19347
released,5.0,attack_train,0.14089
released,5.0,attack_train,0.1107
released,5.0,attack_train,0.20432
released,5.0,attack_train,0.1704
released,5.0,attack_train,0.17251
released,5.0,attack_train,0.20456
released,5.0,attack_train,0.09564
released,5.0,attack_train,0.25221
released,5.0,attack_train,0.20723
released,5.0,attack_train,0.34559
released,5.0,attack_train,0.19501
released,5.0,attack_train,0.15912
released,5.0,attack_train,0.18034
released,5.0,attack_train,0.15569
released,5.0,attack_train,0.11929
released,5.0,attack_train,0.14085
released,5.0,attack_train,0.15838
released,5.0,attack_train,0.13037
released,5.0,attack_train,0.21496
released,5.0,attack_train,0.20007
released,5.0,attack_train,0.11427
released,5.0,attack_train,0.13145
released,5.0,attack_train,0.18816
released,5.0,attack_train,0.12813
released,5.0,attack_train,0.13383
released,5.0,attack_train,0.20897
released,5.0,attack_train,0.1702
released,5.0,attack_train,0.1635
released,5.0,attack_train,0.15079
released,5.0,attack_train,0.17486
released,5.0,attack_train,0.16702
released,5.0,attack_train,0.16706
released,5.0,attack_train,0.15761
released,5.0,attack_train,0.20837
released,5.0,attack_train,0.17578
released,5.0,attack_train,0.15777
released,5.0,attack_train,0.17099
released,5.0,attack_train,0.1772
released,5.0,attack_train,0.22902
released,5.0,attack_train,0.15307
released,5.0,attack_train,0.17008
released,5.0,attack_train,0.18896
released,5.0,attack_train,0.19951
released,5.0,attack_train,0.15218
released,5.0,attack_train,0.2311
released,5.0,attack_train,0.17234
released,5.0,attack_train,0.2029
released,5.0,attack_train,0.2337
released,5.0,attack_train,0.18351
released,5.0,attack_train,0.15359
released,5.0,attack_train,0.2401
released,5.0,attack_train,0.24152
released,5.0,attack_train,0.1694
released,5.0,attack_train,0.18269
released,5.0,attack_train,0.18135
released,5.0,attack_train,0.23201
released,5.0,attack_train,0.162
released,5.0,attack_train,0.0904
released,5.0,attack_train,0.15539
released,5.0,attack_train,0.15069
released,5.0,attack_train,0.20827
released,5.0,attack_train,0.23801
released,5.0,attack_train,0.20977
released,5.0,attack_train,0.2222
released,5.0,attack_train,0.16573
released,5.0,attack_train,0.19831
released,5.0,attack_train,0.2042
released,5.0,attack_train,0.23868
released,5.0,attack_train,0.21612
released,5.0,attack_train,0.20122
released,5.0,attack_train,0.2262
released,5.0,attack_train,0.25175
released,5.0,attack_train,0.12934
released,5.0,attack_train,0.18553
released,5.0,attack_train,0.15686
released,5.0,attack_train,0.14154
released,5.0,attack_train,0.14059
released,5.0,attack_train,0.18672
released,5.0,attack_train,0.14007
released,5.0,attack_train,0.23658
released,5.0,attack_train,0.14193
released,5.0,attack_train,0.27516
released,5.0,attack_train,0.16644
released,5.0,attack_train,0.19219
released,5.0,attack_train,0.17463
released,5.0,attack_train,0.22993
released,5.0,attack_train,0.18849
released,5.0,attack_train,0.21088
released,5.0,attack_train,0.1763
released,5.0,attack_train,0.10055
released,5.0,attack_train,0.1556
released,5.0,attack_train,0.25331
released,5.0,attack_train,0.20128
released,5.0,attack_train,0.19458
released,5.0,attack_train,0.20051
released,5.0,attack_train,0.16952
released,5.0,attack_train,0.26612
released,5.0,attack_train,0.20785
released,5.0,attack_train,0.10967
released,5.0,attack_train,0.21987
released,5.0,attack_train,0.2498
released,5.0,attack_train,0.19273
released,5.0,attack_train,0.17236
released,5.0,attack_train,0.11662
released,5.0,attack_train,0.19431
released,5.0,attack_train,0.11797
released,5.0,attack_train,0.14147
released,5.0,attack_train,0.13121
released,5.0,attack_train,0.15913
released,5.0,attack_train,0.17466
released,5.0,attack_train,0.17829
released,5.0,attack_train,0.12651
released,5.0,attack_train,0.18877
released,5.0,attack_train,0.16657
released,5.0,attack_train,0.13977
released,5.0,attack_train,0.11299
released,5.0,attack_train,0.14785
released,5.0,attack_train,0.19428
released,5.0,attack_train,0.12702
released,5.0,attack_train,0.11415
released,5.0,attack_train,0.16071
released,5.0,attack_train,0.17455
released,5.0,attack_train,0.13319
released,5.0,attack_train,0.19278
released,5.0,attack_train,0.15582
released,5.0,attack_train,0.17772
released,5.0,attack_train,0.20438
released,5.0,attack_train,0.22781
released,5.0,attack_train,0.17824
released,5.0,attack_train,0.16388
released,5.0,attack_train,0.22461
released,5.0,attack_train,0.15024
released,5.0,attack_train,0.16819
released,5.0,attack_train,0.25601
released,5.0,attack_train,0.20977
released,5.0,attack_train,0.24768
released,5.0,attack_train,0.18134
released,5.0,attack_train,0.25119
released,5.0,attack_train,0.22288
released,5.0,attack_train,0.20576
released,5.0,attack_train,0.19533
released,5.0,attack_train,0.15497
released,5.0,attack_train,0.22284
released,5.0,attack_train,0.21959
released,5.0,attack_train,0.13444
released,5.0,attack_train,0.22598
released,5.0,attack_train,0.13761
released,5.0,attack_train,0.16397
released,5.0,attack_train,0.18395
released,5.0,attack_train,0.18511
released,5.0,attack_train,0.23577
released,5.0,attack_train,0.17971
released,5.0,attack_train,0.18985
released,5.0,attack_train,0.16785
released,5.0,attack_train,0.17313
released,5.0,attack_train,0.2374
released,5.0,attack_train,0.1906
released,5.0,attack_train,0.16997
released,5.0,attack_train,0.22027
released,5.0,attack_train,0.1197
released,5.0,attack_train,0.20013
released,5.0,attack_train,0.19432
released,5.0,attack_train,0.20051
released,5.0,attack_train,0.18464
released,5.0,attack_train,0.14523
released,5.0,attack_train,0.22946
released,5.0,attack_train,0.23583
released,5.0,attack_train,0.21075
released,5.0,attack_train,0.1735
released,5.0,attack_train,0.19788
released,5.0,attack_train,0.21729
released,5.0,attack_train,0.14289
released,5.0,attack_train,0.17596
released,5.0,attack_train,0.14736
released,5.0,attack_train,0.13257
released,5.0,attack_train,0.19927
released,5.0,attack_train,0.11772
released,5.0,attack_train,0.17241
released,5.0,attack_train,0.15289
released,5.0,attack_train,0.21861
released,5.0,attack_train,0.18847
released,5.0,attack_train,0.19603
released,5.0,attack_train,0.13297
released,5.0,attack_train,0.15205
released,5.0,attack_train,0.16833
released,5.0,attack_train,0.13745
released,5.0,attack_train,0.20256
released,5.0,attack_train,0.155
released,5.0,attack_train,0.26475
released,5.0,attack_train,0.17699
released,5.0,attack_train,0.26497
released,5.0,attack_train,0.22519
released,5.0,attack_train,0.20622
released,5.0,attack_train,0.19332
released,5.0,attack_train,0.19262
released,5.0,attack_train,0.1675
released,5.0,attack_train,0.17828
released,5.0,attack_train,0.25355
released,5.0,attack_train,0.17129
released,5.0,attack_train,0.17781
released,5.0,attack_train,0.14566
released,5.0,attack_train,0.17597
released,5.0,attack_train,0.21877
released,5.0,attack_train,0.20453
released,5.0,attack_train,0.1512
released,5.0,attack_train,0.19782
released,5.0,attack_train,0.23221
released,5.0,attack_train,0.20233
released,5.0,attack_train,0.17795
released,5.0,attack_train,0.12566
released,5.0,attack_train,0.18681
released,5.0,attack_train,0.3261
released,5.0,attack_train,0.31512
released,5.0,attack_train,0.22057
released,5.0,attack_train,0.2255
released,5.0,attack_train,0.22273
released,5.0,attack_train,0.20827
released,5.0,attack_train,0.3045
released,5.0,attack_train,0.3103
released,5.0,attack_train,0.28306
released,5.0,attack_train,0.29153
released,5.0,attack_train,0.12782
released,5.0,attack_train,0.19355
released,5.0,attack_train,0.19789
released,5.0,attack_train,0.14742
released,5.0,attack_train,0.16022
released,5.0,attack_train,0.1849
released,5.0,attack_train,0.16634
released,5.0,attack_train,0.13306
released,5.0,attack_train,0.13252
released,5.0,attack_train,0.09692
released,5.0,attack_train,0.24465
released,5.0,attack_train,0.16173
released,5.0,attack_train,0.2523
released,5.0,attack_train,0.20999
released,5.0,attack_train,0.26072
released,5.0,attack_train,0.20465
released,5.0,attack_train,0.21632
released,5.0,attack_train,0.17433
released,5.0,attack_train,0.2169
released,5.0,attack_train,0.24454
released,5.0,attack_train,0.1736
released,5.0,attack_train,0.18611
released,5.0,attack_train,0.19499
released,5.0,attack_train,0.22944
released,5.0,attack_train,0.06091
released,5.0,attack_train,0.16604
released,5.0,attack_train,0.20951
released,5.0,attack_train,0.15847
released,5.0,attack_train,0.2119
released,5.0,attack_train,0.22569
released,5.0,attack_train,0.19361
released,5.0,attack_train,0.29117
released,5.0,attack_train,0.24991
released,5.0,attack_train,0.29211
released,5.0,attack_train,0.20201
released,5.0,attack_train,0.28529
released,5.0,attack_train,0.13711
released,5.0,attack_train,0.1789
released,5.0,attack_train,0.25401
released,5.0,attack_train,0.23124
released,5.0,attack_train,0.17943
released,5.0,attack_train,0.19291
released,5.0,attack_train,0.19591
released,5.0,attack_train,0.18875
released,5.0,attack_train,0.17989
released,5.0,attack_train,0.18626
released,5.0,attack_train,0.30077
released,5.0,attack_train,0.13629
released,5.0,attack_train,0.19869
released,5.0,attack_train,0.1693
released,5.0,attack_train,0.17879
released,5.0,attack_train,0.23096
released,5.0,attack_train,0.12194
released,5.0,attack_train,0.2101
released,5.0,attack_train,0.17312
released,5.0,attack_train,0.16006
released,5.0,attack_train,0.15577
released,5.0,attack_train,0.19641
released,5.0,attack_train,0.16945
released,5.0,attack_train,0.25882
released,5.0,attack_train,0.23382
released,5.0,attack_train,0.17383
released,5.0,attack_train,0.27694
released,5.0,attack_train,0.20102
released,5.0,attack_train,0.15219
released,5.0,attack_train,0.20309
released,5.0,attack_train,0.16864
released,5.0,attack_train,0.21365
released,5.0,attack_train,0.18022
released,5.0,attack_train,0.19529
released,5.0,attack_train,0.23389
released,5.0,attack_train,0.23507
released,5.0,attack_train,0.23626
released,5.0,attack_train,0.2739
released,5.0,attack_train,0.2336
released,5.0,attack_train,0.17162
released,5.0,attack_train,0.1736
released,5.0,attack_train,0.1749
released,5.0,attack_train,0.16563
released,5.0,attack_train,0.16961
released,5.0,attack_train,0.17484
released,5.0,attack_train,0.14203
released,5.0,attack_train,0.225
released,5.0,attack_train,0.17917
released,5.0,attack_train,0.18269
released,5.0,attack_train,0.1831
released,5.0,attack_train,0.2213
released,5.0,attack_train,0.18565
released,5.0,attack_train,0.23517
released,5.0,attack_train,0.25118
released,5.0,attack_train,0.18175
released,5.0,attack_train,0.27082
released,5.0,attack_train,0.19024
released,5.0,attack_train,0.12804
released,5.0,attack_train,0.17649
released,5.0,attack_train,0.17208
released,5.0,attack_train,0.19538
released,5.0,attack_train,0.20898
released,5.0,attack_train,0.1694
released,5.0,attack_train,0.16281
released,5.0,attack_train,0.10291
released,5.0,attack_train,0.13627
released,5.0,attack_train,0.16583
released,5.0,attack_train,0.18177
released,5.0,attack_train,0.17582
released,5.0,attack_train,0.13823
released,5.0,attack_train,0.18569
released,5.0,attack_train,0.20385
released,5.0,attack_train,0.17341
released,5.0,attack_train,0.16522
released,5.0,attack_train,0.18246
released,5.0,attack_train,0.28247
released,5.0,attack_train,0.22443
released,5.0,attack_train,0.12177
released,5.0,attack_train,0.22302
released,5.0,attack_train,0.19975
released,5.0,attack_train,0.23043
released,5.0,attack_train,0.25334
released,5.0,attack_train,0.25888
released,5.0,attack_train,0.23065
released,5.0,attack_train,0.2249
released,5.0,attack_train,0.21528
released,5.0,attack_train,0.15855
released,5.0,attack_train,0.20967
released,5.0,attack_train,0.19702
released,5.0,attack_train,0.15526
released,5.0,attack_train,0.18146
released,5.0,attack_train,0.15516
released,5.0,attack_train,0.25596
released,5.0,attack_train,0.14202
released,5.0,attack_train,0.1701
released,5.0,attack_train,0.17969
released,5.0,attack_train,0.18679
released,5.0,attack_train,0.21593
released,5.0,attack_train,0.17288
released,5.0,attack_train,0.16837
released,5.0,attack_train,0.2065
released,5.0,attack_train,0.19046
released,5.0,attack_train,0.15181
released,5.0,attack_train,0.21959
released,5.0,attack_train,0.19109
released,5.0,attack_train,0.18536
released,5.0,attack_train,0.11687
released,5.0,attack_train,0.13961
released,5.0,attack_train,0.15513
released,5.0,attack_train,0.1968
released,5.0,attack_train,0.28743
released,5.0,attack_train,0.22603
released,5.0,attack_train,0.14441
released,5.0,attack_train,0.15596
released,5.0,attack_train,0.16406
released,5.0,attack_train,0.17589
released,5.0,attack_train,0.16915
released,5.0,attack_train,0.14451
released,5.0,attack_train,0.1579
released,5.0,attack_train,0.12689
released,5.0,attack_train,0.14677
released,5.0,attack_train,0.19269
released,5.0,attack_train,0.1547
released,5.0,attack_train,0.1606
released,5.0,attack_train,0.2368
released,5.0,attack_train,0.21248
released,5.0,attack_train,0.1998
released,5.0,attack_train,0.13366
released,5.0,attack_train,0.19752
released,5.0,attack_train,0.23961
released,5.0,attack_train,0.20025
released,5.0,attack_train,0.17528
released,5.0,attack_train,0.21414
released,5.0,attack_train,0.19544
released,5.0,attack_train,0.25309
released,5.0,attack_train,0.16413
released,5.0,attack_train,0.17856
released,5.0,attack_train,0.18055
released,5.0,attack_train,0.22914
released,5.0,attack_train,0.17412
released,5.0,attack_train,0.18279
released,5.0,attack_train,0.20574
released,5.0,attack_train,0.1375
released,5.0,attack_train,0.19008
released,5.0,attack_train,0.11582
released,5.0,attack_train,0.13688
released,5.0,attack_train,0.20633
released,5.0,attack_train,0.17873
released,5.0,attack_train,0.16925
released,5.0,attack_train,0.13353
released,5.0,attack_train,0.15391
released,5.0,attack_train,0.19418
released,5.0,attack_train,0.1632
released,5.0,attack_train,0.13301
released,5.0,attack_train,0.20781
released,5.0,attack_train,0.18955
released,5.0,attack_train,0.13592
released,5.0,attack_train,0.22365
released,5.0,attack_train,0.25042
released,5.0,attack_train,0.1598
released,5.0,attack_train,0.10749
released,5.0,attack_train,0.14712
released,5.0,attack_train,0.10302
released,5.0,attack_train,0.17003
released,5.0,attack_train,0.1784
released,5.0,attack_train,0.12281
released,5.0,attack_train,0.17635
released,5.0,attack_train,0.18622
released,5.0,attack_train,0.13434
released,5.0,attack_train,0.13808
released,5.0,attack_train,0.09269
released,5.0,attack_train,0.1746
released,5.0,attack_train,0.183
released,5.0,attack_train,0.16024
released,5.0,attack_train,0.10958
released,5.0,attack_train,0.15546
released,5.0,attack_train,0.13636
released,5.0,attack_train,0.17469
released,5.0,attack_train,0.18235
released,5.0,attack_train,0.16319
released,5.0,attack_train,0.10238
released,5.0,attack_train,0.12088
released,5.0,attack_train,0.12916
released,5.0,attack_train,0.18734
released,5.0,attack_train,0.21315
released,5.0,attack_train,0.23302
released,5.0,attack_train,0.16462
released,5.0,attack_train,0.17656
released,5.0,attack_train,0.1921
released,5.0,attack_train,0.22661
released,5.0,attack_train,0.21703
released,5.0,attack_train,0.19031
released,5.0,attack_train,0.26972
released,5.0,attack_train,0.23124
released,5.0,attack_train,0.25099
released,5.0,attack_train,0.16135
released,5.0,attack_train,0.14811
released,5.0,attack_train,0.18246
released,5.0,attack_train,0.17146
released,5.0,attack_train,0.2682
released,5.0,attack_train,0.10145
released,5.0,attack_train,0.13572
released,5.0,attack_train,0.12177
released,5.0,attack_train,0.13432
released,5.0,attack_train,0.21345
released,5.0,attack_train,0.20549
released,5.0,attack_train,0.19957
released,5.0,attack_train,0.17789
released,5.0,attack_train,0.2621
released,5.0,attack_train,0.1867
released,5.0,attack_train,0.21168
released,5.0,attack_train,0.20322
released,5.0,attack_train,0.15143
released,5.0,attack_train,0.14275
released,5.0,attack_train,0.14381
released,5.0,attack_train,0.18912
released,5.0,attack_train,0.1714
released,5.0,attack_train,0.24716
released,5.0,attack_train,0.15707
released,5.0,attack_train,0.20918
released,5.0,attack_train,0.11273
released,5.0,attack_train,0.15877
released,5.0,attack_train,0.14287
released,5.0,attack_train,0.14015
released,5.0,attack_train,0.14197
released,5.0,attack_train,0.13604
released,5.0,attack_train,0.18455
released,5.0,attack_train,0.1594
released,5.0,attack_train,0.1823
released,5.0,attack_train,0.14776
released,5.0,attack_train,0.15195
released,5.0,attack_train,0.17798
released,5.0,attack_train,0.13968
released,5.0,attack_train,0.12412
released,5.0,attack_train,0.17883
released,5.0,attack_train,0.01882
released,5.0,attack_train,0.19731
released,5.0,attack_train,0.16973
released,5.0,attack_train,0.18431
released,5.0,attack_train,0.18217
released,5.0,attack_train,0.13773
released,5.0,attack_train,0.14633
released,5.0,attack_train,0.17664
released,5.0,attack_train,0.15676
released,5.0,attack_train,0.16144
released,5.0,attack_train,0.19605
released,5.0,attack_train,0.14199
released,5.0,attack_train,0.20898
released,5.0,attack_train,0.19149
released,5.0,attack_train,0.13636
released,5.0,attack_train,0.21662
released,5.0,attack_train,0.19615
released,5.0,attack_train,0.16207
released,5.0,attack_train,0.18001
released,5.0,attack_train,0.27669
released,5.0,attack_train,0.28303
released,5.0,attack_train,0.1805
released,5.0,attack_train,0.20393
released,5.0,attack_train,0.18017
released,5.0,attack_train,0.22643
released,5.0,attack_train,0.19672
released,5.0,attack_train,0.1623
released,5.0,attack_train,0.1746
released,5.0,attack_train,0.19535
released,5.0,attack_train,0.09616
released,5.0,attack_train,0.16959
released,5.0,attack_train,0.20644
released,5.0,attack_train,0.1341
released,5.0,attack_train,0.20666
released,5.0,attack_train,0.16712
released,5.0,attack_train,0.20614
released,5.0,attack_train,0.13198
released,5.0,attack_train,0.25011
released,5.0,attack_train,0.16458
released,5.0,attack_train,0.14968
released,5.0,attack_train,0.16377
released,5.0,attack_train,0.09479
released,5.0,attack_train,0.19684
released,5.0,attack_train,0.13533
released,5.0,attack_train,0.11605
released,5.0,attack_train,0.13921
released,5.0,attack_train,0.17415
released,5.0,attack_train,0.19204
released,5.0,attack_train,0.19086
released,5.0,attack_train,0.09772
released,5.0,attack_train,0.09522
released,5.0,attack_train,0.15015
released,5.0,attack_train,0.20641
released,5.0,attack_train,0.19529
released,5.0,attack_train,0.19633
released,5.0,attack_train,0.12433
released,5.0,attack_train,0.24229
released,5.0,attack_train,0.14756
released,5.0,attack_train,0.13509
released,5.0,attack_train,0.15445
released,5.0,attack_train,0.12901
released,5.0,attack_train,0.20142
released,5.0,attack_train,0.21371
released,5.0,attack_train,0.14289
released,5.0,attack_train,0.17272
released,5.0,attack_train,0.17699
released,5.0,attack_train,0.1997
released,5.0,attack_train,0.23525
released,5.0,attack_train,0.16237
released,5.0,attack_train,0.18806
released,5.0,attack_train,0.16748
released,5.0,attack_train,0.18392
released,5.0,attack_train,0.09958
released,5.0,attack_train,0.18229
released,5.0,attack_train,0.19432
released,5.0,attack_train,0.19265
released,5.0,attack_train,0.12044
released,5.0,attack_train,0.31374
released,5.0,attack_train,0.16827
released,5.0,attack_train,0.13012
released,5.0,attack_train,0.14556
released,5.0,attack_train,0.20503
released,5.0,attack_train,0.12548
released,5.0,attack_train,0.15414
released,5.0,attack_train,0.18496
released,5.0,attack_train,0.16655
released,5.0,attack_train,0.25043
released,5.0,attack_train,0.20417
released,5.0,attack_train,0.21254
released,5.0,attack_train,0.2428
released,5.0,attack_train,0.21264
released,5.0,attack_train,0.18692
released,5.0,attack_train,0.19454
released,5.0,attack_train,0.24459
released,5.0,attack_train,0.20503
released,5.0,attack_train,0.2329
released,5.0,attack_train,0.19226
released,5.0,attack_train,0.21122
released,5.0,attack_train,0.20324
released,5.0,attack_train,0.18101
released,5.0,attack_train,0.21466
released,5.0,attack_train,0.18497
released,5.0,attack_train,0.17506
released,5.0,attack_train,0.21053
released,5.0,attack_train,0.20192
released,5.0,attack_train,0.2435
released,5.0,attack_train,0.21378
released,5.0,attack_train,0.17627
released,5.0,attack_train,0.1628
released,5.0,attack_train,0.21214
released,5.0,attack_train,0.2041
released,5.0,attack_train,0.22089
released,5.0,attack_train,0.10242
released,5.0,attack_train,0.27891
released,5.0,attack_train,0.22535
released,5.0,attack_train,0.17879
released,5.0,attack_train,0.34287
released,5.0,attack_train,0.1833
released,5.0,attack_train,0.0859
released,5.0,attack_train,0.15629
released,5.0,attack_train,0.22463
released,5.0,attack_train,0.14216
released,5.0,attack_train,0.17421
released,5.0,attack_train,0.16552
released,5.0,attack_train,0.12832
released,5.0,attack_train,0.10636
released,5.0,attack_train,0.17312
released,5.0,attack_train,0.25776
released,5.0,attack_train,0.15752
released,5.0,attack_train,0.18993
released,5.0,attack_train,0.15074
released,5.0,attack_train,0.11183
released,5.0,attack_train,0.1453
released,5.0,attack_train,0.1709
released,5.0,attack_train,0.13077
released,5.0,attack_train,0.10726
released,5.0,attack_train,0.14839
released,5.0,attack_train,0.17647
released,5.0,attack_train,0.0961
released,5.0,attack_train,0.17797
released,5.0,attack_train,0.13608
released,5.0,attack_train,0.13059
released,5.0,attack_train,0.12807
released,5.0,attack_train,0.1829
released,5.0,attack_train,0.23567
released,5.0,attack_train,0.11008
released,5.0,attack_train,0.1461
released,5.0,attack_train,0.15901
released,5.0,attack_train,0.1502
released,5.0,attack_train,0.21007
released,5.0,attack_train,0.13559
released,5.0,attack_train,0.2519
released,5.0,attack_train,0.21038
released,5.0,attack_train,0.24147
released,5.0,attack_train,0.18248
released,5.0,attack_train,0.21186
released,5.0,attack_train,0.16692
released,5.0,attack_train,0.15377
released,5.0,attack_train,0.15051
released,5.0,attack_train,0.29504
released,5.0,attack_train,0.21416
released,5.0,attack_train,0.20368
released,5.0,attack_train,0.20276
released,5.0,attack_train,0.1807
released,5.0,attack_train,0.21292
released,5.0,attack_train,0.15772
released,5.0,attack_train,0.201
released,5.0,attack_train,0.21097
released,5.0,attack_train,0.18127
released,5.0,attack_train,0.16887
released,5.0,attack_train,0.12528
released,5.0,attack_train,0.18773
released,5.0,attack_train,0.19524
released,5.0,attack_train,0.141
released,5.0,attack_train,0.23705
released,5.0,attack_train,0.0
released,5.0,attack_train,0.17799
released,5.0,attack_train,0.0
released,5.0,attack_train,0.22789
released,5.0,attack_train,0.21857
released,5.0,attack_train,0.16583
released,5.0,attack_train,0.19031
released,5.0,attack_train,0.1857
released,5.0,attack_train,0.20321
released,5.0,attack_train,0.23903
released,5.0,attack_train,0.2968
released,5.0,attack_train,0.20414
released,5.0,attack_train,0.21682
released,5.0,attack_train,0.23637
released,5.0,attack_train,0.15895
released,5.0,attack_train,0.15295
released,5.0,attack_train,0.18052
released,5.0,attack_train,0.11544
released,5.0,attack_train,0.18366
released,5.0,attack_train,0.14628
released,5.0,attack_train,0.19028
released,5.0,attack_train,0.12621
released,5.0,attack_train,0.14701
released,5.0,attack_train,0.24528
released,5.0,attack_train,0.08505
released,5.0,attack_train,0.11072
released,5.0,attack_train,0.15766
released,5.0,attack_train,0.19432
released,5.0,attack_train,0.21117
released,5.0,attack_train,0.20262
released,5.0,attack_train,0.15233
released,5.0,attack_train,0.09976
released,5.0,attack_train,0.08125
released,5.0,attack_train,0.18269
released,5.0,attack_train,0.17377
released,5.0,attack_train,0.13032
released,5.0,attack_train,0.15866
released,5.0,attack_train,0.13623
released,5.0,attack_train,0.12291
released,5.0,attack_train,0.11635
released,5.0,attack_train,0.15587
released,5.0,attack_train,0.12342
released,5.0,attack_train,0.21525
released,5.0,attack_train,0.1219
released,5.0,attack_train,0.12169
released,5.0,attack_train,0.14458
released,5.0,attack_train,0.15863
released,5.0,attack_train,0.12023
released,5.0,attack_train,0.20683
released,5.0,attack_train,0.15889
released,5.0,attack_train,0.17054
released,5.0,attack_train,0.13115
released,5.0,attack_train,0.19757
released,5.0,attack_train,0.14616
released,5.0,attack_train,0.15792
released,5.0,attack_train,0.13177
released,5.0,attack_train,0.14749
released,5.0,attack_train,0.17505
released,5.0,attack_train,0.13283
released,5.0,attack_train,0.19187
released,5.0,attack_train,0.08821
released,5.0,attack_train,0.1656
released,5.0,attack_train,0.14383
released,5.0,attack_train,0.20474
released,5.0,attack_train,0.19186
released,5.0,attack_train,0.23891
released,5.0,attack_train,0.1693
released,5.0,attack_train,0.16199
released,5.0,attack_train,0.19074
released,5.0,attack_train,0.19162
released,5.0,attack_train,0.17073
released,5.0,attack_train,0.18601
released,5.0,attack_train,0.15362
released,5.0,attack_train,0.16933
released,5.0,attack_train,0.16817
released,5.0,attack_train,0.2336
released,5.0,attack_train,0.20424
released,5.0,attack_train,0.20712
released,5.0,attack_train,0.18907
released,5.0,attack_train,0.14071
released,5.0,attack_train,0.2949
released,5.0,attack_train,0.19809
released,5.0,attack_train,0.13603
released,5.0,attack_train,0.20851
released,5.0,attack_train,0.21274
released,5.0,attack_train,0.2038
released,5.0,attack_train,0.16119
released,5.0,attack_train,0.12322
released,5.0,attack_train,0.1771
released,5.0,attack_train,0.18615
released,5.0,attack_train,0.10994
released,5.0,attack_train,0.16676
released,5.0,attack_train,0.19878
released,5.0,attack_train,0.15785
released,5.0,attack_train,0.14282
released,5.0,attack_train,0.14908
released,5.0,attack_train,0.12398
released,5.0,attack_train,0.17345
released,5.0,attack_train,0.12477
released,5.0,attack_train,0.1063
released,5.0,attack_train,0.15291
released,5.0,attack_train,0.21335
released,5.0,attack_train,0.1618
released,5.0,attack_train,0.1828
released,5.0,attack_train,0.20064
released,5.0,attack_train,0.15671
released,5.0,attack_train,0.14796
released,5.0,attack_train,0.23646
released,5.0,attack_train,0.1457
released,5.0,attack_train,0.09391
released,5.0,attack_train,0.13075
released,5.0,attack_train,0.14195
released,5.0,attack_train,0.13974
released,5.0,attack_train,0.18008
released,5.0,attack_train,0.27936
released,5.0,attack_train,0.23412
released,5.0,attack_train,0.22158
released,5.0,attack_train,0.15425
released,5.0,attack_train,0.16997
released,5.0,attack_train,0.15112
released,5.0,attack_train,0.19492
released,5.0,attack_train,0.18096
released,5.0,attack_train,0.16032
released,5.0,attack_train,0.24742
released,5.0,attack_train,0.25061
released,5.0,attack_train,0.10634
released,5.0,attack_train,0.18767
released,5.0,attack_train,0.15665
released,5.0,attack_train,0.2656
released,5.0,attack_train,0.13648
released,5.0,attack_train,0.136
released,5.0,attack_train,0.17918
released,5.0,attack_train,0.16715
released,5.0,attack_train,0.18759
released,5.0,attack_train,0.15352
released,5.0,attack_train,0.18555
released,5.0,attack_train,0.16314
released,5.0,attack_train,0.16731
released,5.0,attack_train,0.1736
released,5.0,attack_train,0.13602
released,5.0,attack_train,0.26862
released,5.0,attack_train,0.17731
released,5.0,attack_train,0.14411
released,5.0,attack_train,0.11649
released,5.0,attack_train,0.19869
released,5.0,attack_train,0.18433
released,5.0,attack_train,0.24336
released,5.0,attack_train,0.25836
released,5.0,attack_train,0.23855
released,5.0,attack_train,0.19209
released,5.0,attack_train,0.1667
released,5.0,attack_train,0.15684
released,5.0,attack_train,0.20378
released,5.0,attack_train,0.20627
released,5.0,attack_train,0.22534
released,5.0,attack_train,0.1855
released,5.0,attack_train,0.20495
released,5.0,attack_train,0.20737
released,5.0,attack_train,0.20044
released,5.0,attack_train,0.20331
released,5.0,attack_train,0.13917
released,5.0,attack_train,0.1308
released,5.0,attack_train,0.15789
released,5.0,attack_train,0.13424
released,5.0,attack_train,0.20689
released,5.0,attack_train,0.19824
released,5.0,attack_train,0.1834
released,5.0,attack_train,0.21662
released,5.0,attack_train,0.2169
released,5.0,attack_train,0.22244
released,5.0,attack_train,0.16168
released,5.0,attack_train,0.06222
released,5.0,attack_train,0.2171
released,5.0,attack_train,0.19926
released,5.0,attack_train,0.14527
released,5.0,attack_train,0.13975
released,5.0,attack_train,0.04256
released,5.0,attack_train,0.18407
released,5.0,attack_train,0.09279
released,5.0,attack_train,0.23286
released,5.0,attack_train,0.18882
released,5.0,attack_train,0.17232
released,5.0,attack_train,0.19238
released,5.0,attack_train,0.25239
released,5.0,attack_train,0.2113
released,5.0,attack_train,0.14515
released,5.0,attack_train,0.25046
released,5.0,attack_train,0.24842
released,5.0,attack_train,0.115
released,5.0,attack_train,0.19389
released,5.0,attack_train,0.18414
released,5.0,attack_train,0.22097
released,5.0,attack_train,0.13211
released,5.0,attack_train,0.17815
released,5.0,attack_train,0.17289
released,5.0,attack_train,0.16975
released,5.0,attack_train,0.19617
released,5.0,attack_train,0.13518
released,5.0,attack_train,0.18015
released,5.0,attack_train,0.19487
released,5.0,attack_train,0.31126
released,5.0,attack_train,0.158
released,5.0,attack_train,0.22291
released,5.0,attack_train,0.18819
released,5.0,attack_train,0.20554
released,5.0,attack_train,0.27879
released,5.0,attack_train,0.20055
released,5.0,attack_train,0.24607
released,5.0,attack_train,0.21084
released,5.0,attack_train,0.16744
released,5.0,attack_train,0.20414
released,5.0,attack_train,0.2588
released,5.0,attack_train,0.19469
released,5.0,attack_train,0.17414
released,5.0,attack_train,0.21278
released,5.0,attack_train,0.24964
released,5.0,attack_train,0.1904
released,5.0,attack_train,0.16869
released,5.0,attack_train,0.22161
released,5.0,attack_train,0.19602
released,5.0,attack_train,0.19654
released,5.0,attack_train,0.17111
released,5.0,attack_train,0.16729
released,5.0,attack_train,0.25243
released,5.0,attack_train,0.18118
released,5.0,attack_train,0.20045
released,5.0,attack_train,0.09509
released,5.0,attack_train,0.11042
released,5.0,attack_train,0.17689
released,5.0,attack_train,0.17239
released,5.0,attack_train,0.1501
released,5.0,attack_train,0.17766
released,5.0,attack_train,0.123
released,5.0,attack_train,0.19506
released,5.0,attack_train,0.12756
released,5.0,attack_train,0.14378
released,5.0,attack_train,0.22657
released,5.0,attack_train,0.24452
released,5.0,attack_train,0.19111
released,5.0,attack_train,0.22789
released,5.0,attack_train,0.16613
released,5.0,attack_train,0.23662
released,5.0,attack_train,0.24155
released,5.0,attack_train,0.19915
released,5.0,attack_train,0.11218
released,5.0,attack_train,0.10337
released,5.0,attack_train,0.09994
released,5.0,attack_train,0.14543
released,5.0,attack_train,0.11331
released,5.0,attack_train,0.12297
released,5.0,attack_train,0.09889
released,5.0,attack_train,0.22064
released,5.0,attack_train,0.14915
released,5.0,attack_train,0.21888
released,5.0,attack_train,0.19563
released,5.0,attack_train,0.19807
released,5.0,attack_train,0.22602
released,5.0,attack_train,0.1144
released,5.0,attack_train,0.21911
released,5.0,attack_train,0.19259
released,5.0,attack_train,0.20431
released,5.0,attack_train,0.13504
released,5.0,attack_train,0.17886
released,5.0,attack_train,0.1698
released,5.0,attack_train,0.10905
released,5.0,attack_train,0.17157
released,5.0,attack_train,0.15822
released,5.0,attack_train,0.1364
released,5.0,attack_train,0.1541
released,5.0,attack_train,0.20359
released,5.0,attack_train,0.20845
released,5.0,attack_train,0.14269
released,5.0,attack_train,0.18083
released,5.0,attack_train,0.15004
released,5.0,attack_train,0.21231
released,5.0,attack_train,0.16541
released,5.0,attack_train,0.16512
released,5.0,attack_train,0.21898
released,5.0,attack_train,0.23199
released,5.0,attack_train,0.22117
released,5.0,attack_train,0.26457
released,5.0,attack_train,0.24681
released,5.0,attack_train,0.20954
released,5.0,attack_train,0.23452
released,5.0,attack_train,0.18758
released,5.0,attack_train,0.11582
released,5.0,attack_train,0.15301
released,5.0,attack_train,0.17854
released,5.0,attack_train,0.1521
released,5.0,attack_train,0.15357
released,5.0,attack_train,0.20652
released,5.0,attack_train,0.16437
released,5.0,attack_train,0.32797
released,5.0,attack_train,0.11905
plain,0.1,attack_train,-0.0
plain,0.1,attack_train,0.0
plain,0.1,attack_train,1.02825
plain,0.1,attack_train,0.53884
plain,0.1,attack_train,0.82221
plain,0.1,attack_train,0.46116
plain,0.1,attack_train,0.84135
plain,0.1,attack_train,0.47897
plain,0.1,attack_train,0.73657
plain,0.1,attack_train,0.23978
plain,0.1,attack_train,0.46646
plain,0.1,attack_train,0.75033
plain,0.1,attack_train,0.14575
plain,0.1,attack_train,0.0
plain,0.1,attack_train,0.06719
plain,0.1,attack_train,0.71224
plain,0.1,attack_train,0.27883
plain,0.1,attack_train,0.84861
plain,0.1,attack_train,0.51549
plain,0.1,attack_train,0.88571
plain,0.1,attack_train,1.06893
plain,0.1,attack_train,0.66634
plain,0.1,attack_train,0.83418
plain,0.1,attack_train,0.80643
plain,0.1,attack_train,1.13506
plain,0.1,attack_train,0.30199
plain,0.1,attack_train,1.18579
plain,0.1,attack_train,1.01568
plain,0.1,attack_train,0.60585
plain,0.1,attack_train,1.11507
plain,0.1,attack_train,0.92382
plain,0.1,attack_train,-0.00383
plain,0.1,attack_train,0.82249
plain,0.1,attack_train,0.51405
plain,0.1,attack_train,1.02116
plain,0.1,attack_train,0.65756
plain,0.1,attack_train,0.98627
plain,0.1,attack_train,-0.0
plain,0.1,attack_train,0.51707
plain,0.1,attack_train,0.86615
plain,0.1,attack_train,0.95413
plain,0.1,attack_train,-0.0
plain,0.1,attack_train,-0.0
plain,0.1,attack_train,0.49281
plain,0.1,attack_train,0.08704
plain,0.1,attack_train,0.18197
plain,0.1,attack_train,0.97883
plain,0.1,attack_train,0.56155
plain,0.1,attack_train,0.11459
plain,0.1,attack_train,0.63754
plain,0.1,attack_train,0.0
plain,0.1,attack_train,0.0
plain,0.1,attack_train,0.58118
plain,0.1,attack_train,0.65402
plain,0.1,attack_train,1.2993
plain,0.1,attack_train,-0.00439
plain,0.1,attack_train,0.47848
plain,0.1,attack_train,0.0
plain,0.1,attack_train,0.56059
plain,0.1,attack_train,0.35645
plain,0.1,attack_train,0.86933
plain,0.1,attack_train,0.4453
plain,0.1,attack_train,0.91476
plain,0.1,attack_train,0.52077
plain,0.1,attack_train,0.0
plain,0.1,attack_train,0.29096
plain,0.1,attack_train,0.0
plain,0.1,attack_train,0.51349
plain,0.1,attack_train,0.82435
plain,0.1,attack_train,0.45204
plain,0.1,attack_train,0.33728
plain,0.1,attack_train,0.61812
plain,0.1,attack_train,0.70072
plain,0.1,attack_train,0.99725
plain,0.1,attack_train,0.41393
plain,0.1,attack_train,0.28479
plain,0.1,attack_train,0.87918
plain,0.1,attack_train,0.25234
plain,0.1,attack_train,1.18164
plain,0.1,attack_train,-0.0
plain,0.1,attack_train,0.99655
plain,0.1,attack_train,0.78
plain,0.1,attack_train,0.97624
plain,0.1,attack_train,0.19336
plain,0.1,attack_train,0.0
plain,0.1,attack_train,0.53535
plain,0.1,attack_train,0.50382
plain,0.1,attack_train,0.66367
plain,0.1,attack_train,0.19055
plain,0.1,attack_train,0.40639
plain,0.1,attack_train,0.0
plain,0.1,attack_train,0.67274
plain,0.1,attack_train,0.36419
plain,0.1,attack_train,0.38891
plain,0.1,attack_train,0.71734
plain,0.1,attack_train,0.44162
plain,0.1,attack_train,0.25849
plain,0.1,attack_train,0.41247
plain,0.1,attack_train,0.60973
plain,0.1,attack_train,0.18623
plain,0.1,attack_train,-0.0
plain,0.1,attack_train,0.09806
plain,0.1,attack_train,1.30745
plain,0.1,attack_train,0.64082
plain,0.1,attack_train,0.86473
plain,0.1,attack_train,1.10983
plain,0.1,attack_train,0.99555
plain,0.1,attack_train,0.54613
plain,0.1,attack_train,0.29388
plain,0.1,attack_train,0.64406
plain,0.1,attack_train,0.66634
plain,0.1,attack_train,0.67692
plain,0.1,attack_train,1.04752
plain,0.1,attack_train,0.24503
plain,0.1,attack_train,0.34834
plain,0.1,attack_train,0.71882
plain,0.1,attack_train,0.52031
plain,0.1,attack_train,0.40147
plain,0.1,attack_train,0.93937
plain,0.1,attack_train,-0.00423
plain,0.1,attack_train,0.42195
plain,0.1,attack_train,0.91006
plain,0.1,attack_train,0.77743
plain,0.1,attack_train,0.48951
plain,0.1,attack_train,0.8908
plain,0.1,attack_train,0.54357
plain,0.1,attack_train,0.51739
plain,0.1,attack_train,1.34425
plain,0.1,attack_train,0.62167
plain,0.1,attack_train,0.0
plain,0.1,attack_train,0.73667
plain,0.1,attack_train,0.47623
plain,0.1,attack_train,0.58777
plain,0.1,attack_train,0.70864
plain,0.1,attack_train,0.48559
plain,0.1,attack_train,1.05419
plain,0.1,attack_train,0.71824
plain,0.1,attack_train,1.01148
plain,0.1,attack_train,0.26094
plain,0.1,attack_train,1.38782
plain,0.1,attack_train,0.18163
plain,0.1,attack_train,0.63062
plain,0.1,attack_train,0.46423
plain,0.1,attack_train,0.40474
plain,0.1,attack_train,0.37173
plain,0.1,attack_train,0.23674
plain,0.1,attack_train,0.60174
plain,0.1,attack_train,0.72957
plain,0.1,attack_train,0.0
plain,0.1,attack_train,0.33025
plain,0.1,attack_train,0.91723
plain,0.1,attack_train,0.24281
plain,0.1,attack_train,0.96783
plain,0.1,attack_train,0.41484
plain,0.1,attack_train,0.30646
plain,0.1,attack_train,0.02248
plain,0.1,attack_train,0.48745
plain,0.1,attack_train,0.63849
plain,0.1,attack_train,0.64342
plain,0.1,attack_train,0.49119
plain,0.1,attack_train,0.8337
plain,0.1,attack_train,-0.0
plain,0.1,attack_train,0.86648
plain,0.1,attack_train,0.72738
plain,0.1,attack_train,0.0
plain,0.1,attack_train,1.05804
plain,0.1,attack_train,0.78762
plain,0.1,attack_train,0.0
plain,0.1,attack_train,1.07996
plain,0.1,attack_train,0.516
plain,0.1,attack_train,0.13416
plain,0.1,attack_train,0.71365
plain,0.1,attack_train,0.91809
plain,0.1,attack_train,1.08384
plain,0.1,attack_train,-0.00437
plain,0.1,attack_train,0.0
plain,0.1,attack_train,0.46197
plain,0.1,attack_train,0.64909
plain,0.1,attack_train,0.68199
plain,0.1,attack_train,1.01643
plain,0.1,attack_train,0.36303
plain,0.1,attack_train,0.69472
plain,0.1,attack_train,0.97131
plain,0.1,attack_train,0.73313
plain,0.1,attack_train,0.59387
plain,0.1,attack_train,0.50039
plain,0.1,attack_train,0.0
plain,0.1,attack_train,0.42874
plain,0.1,attack_train,0.33681
plain,0.1,attack_train,0.67914
plain,0.1,attack_train,0.48083
plain,0.1,attack_train,0.44414
plain,0.1,attack_train,0.58036
plain,0.1,attack_train,0.35845
plain,0.1,attack_train,1.00492
plain,0.1,attack_train,-0.0
plain,0.1,attack_train,0.87028
plain,0.1,attack_train,0.36182
plain,0.1,attack_train,0.36954
plain,0.1,attack_train,0.13411
plain,0.1,attack_train,1.34106
plain,0.1,attack_train,1.41087
plain,0.1,attack_train,0.63921
plain,0.1,attack_train,0.958
plain,0.1,attack_train,-0.0
plain,0.1,attack_train,0.8534
plain,0.1,attack_train,0.6407
plain,0.1,attack_train,0.9292
plain,0.1,attack_train,0.85099
plain,0.1,attack_train,0.62679
plain,0.1,attack_train,0.54341
plain,0.1,attack_train,1.01078
plain,0.1,attack_train,1.17911
plain,0.1,attack_train,0.99648
plain,0.1,attack_train,0.28109
plain,0.1,attack_train,0.56619
plain,0.1,attack_train,0.02753
plain,0.1,attack_train,0.76529
plain,0.1,attack_train,0.87021
plain,0.1,attack_train,0.67179
plain,0.1,attack_train,1.01685
plain,0.1,attack_train,0.36732
plain,0.1,attack_train,0.18734
plain,0.1,attack_train,0.0
plain,0.1,attack_train,1.12498
plain,0.1,attack_train,0.69159
plain,0.1,attack_train,0.71952
plain,0.1,attack_train,0.51099
plain,0.1,attack_train,0.75258
plain,0.1,attack_train,0.38053
plain,0.1,attack_train,0.78707
plain,0.1,attack_train,0.81617
plain,0.1,attack_train,0.60187
plain,0.1,attack_train,0.3822
plain,0.1,attack_train,0.59438
plain,0.1,attack_train,1.0125
plain,0.1,attack_train,0.70977
plain,0.1,attack_train,-0.0
plain,0.1,attack_train,0.03682
plain,0.1,attack_train,1.10705
plain,0.1,attack_train,0.67731
plain,0.1,attack_train,0.90418
plain,0.1,attack_train,0.81346
plain,0.1,attack_train,0.2453
plain,0.1,attack_train,1.37217
plain,0.1,attack_train,0.58021
plain,0.1,attack_train,0.56407
plain,0.1,attack_train,0.60819
plain,0.1,attack_train,0.257
plain,0.1,attack_train,0.22317
plain,0.1,attack_train,1.05497
plain,0.1,attack_train,1.00662
plain,0.1,attack_train,0.95729
plain,0.1,attack_train,0.72116
plain,0.1,attack_train,0.92257
plain,0.1,attack_train,0.73539
plain,0.1,attack_train,0.61529
plain,0.1,attack_train,0.57237
plain,0.1,attack_train,0.22659
plain,0.1,attack_train,0.57062
plain,0.1,attack_train,1.0452
plain,0.1,attack_train,0.98314
plain,0.1,attack_train,0.7132
plain,0.1,attack_train,0.95757
plain,0.1,attack_train,0.21584
plain,0.1,attack_train,0.364
plain,0.1,attack_train,0.7829
plain,0.1,attack_train,1.16995
plain,0.1,attack_train,0.90437
plain,0.1,attack_train,0.62694
plain,0.1,attack_train,0.61011
plain,0.1,attack_train,0.80056
plain,0.1,attack_train,0.65911
plain,0.1,attack_train,0.75926
plain,0.1,attack_train,0.48795
plain,0.1,attack_train,-0.0
plain,0.1,attack_train,1.15273
plain,0.1,attack_train,-0.0
plain,0.1,attack_train,1.05384
plain,0.1,attack_train,0.51468
plain,0.1,attack_train,0.71048
plain,0.1,attack_train,0.92852
plain,0.1,attack_train,1.10755
plain,0.1,attack_train,0.38789
plain,0.1,attack_train,-0.0
plain,0.1,attack_train,0.37628
plain,0.1,attack_train,-0.0
plain,0.1,attack_train,1.22751
plain,0.1,attack_train,0.64045
plain,0.1,attack_train,0.81002
plain,0.1,attack_train,0.54865
plain,0.1,attack_train,0.41262
plain,0.1,attack_train,0.37902
plain,0.1,attack_train,0.50982
plain,0.1,attack_train,-0.07018
plain,0.1,attack_train,-0.0
plain,0.1,attack_train,0.0
plain,0.1,attack_train,0.83405
plain,0.1,attack_train,0.82506
plain,0.1,attack_train,0.56596
plain,0.15,attack_train,-0.0
plain,0.15,attack_train,0.0
plain,0.15,attack_train,0.73051
plain,0.15,attack_train,0.50967
plain,0.15,attack_train,0.88214
plain,0.15,attack_train,0.69182
plain,0.15,attack_train,0.75587
plain,0.15,attack_train,0.59472
plain,0.15,attack_train,0.84171
plain,0.15,attack_train,1.11966
plain,0.15,attack_train,0.19139
plain,0.15,attack_train,1.03379
plain,0.15,attack_train,0.66739
plain,0.15,attack_train,0.0
plain,0.15,attack_train,0.77645
plain,0.15,attack_train,1.04971
plain,0.15,attack_train,0.59732
plain,0.15,attack_train,0.76211
plain,0.15,attack_train,0.69078
plain,0.15,attack_train,0.99924
plain,0.15,attack_train,0.68465
plain,0.15,attack_train,0.75748
plain,0.15,attack_train,0.35455
plain,0.15,attack_train,0.61677
plain,0.15,attack_train,0.79416
plain,0.15,attack_train,0.51833
plain,0.15,attack_train,0.79315
plain,0.15,attack_train,0.80266
plain,0.15,attack_train,0.84207
plain,0.15,attack_train,0.96687
plain,0.15,attack_train,0.48001
plain,0.15,attack_train,1.27433
plain,0.15,attack_train,0.53838
plain,0.15,attack_train,1.23112
plain,0.15,attack_train,0.85443
plain,0.15,attack_train,0.74654
plain,0.15,attack_train,0.68531
plain,0.15,attack_train,0.26919
plain,0.15,attack_train,1.37531
plain,0.15,attack_train,0.8824
plain,0.15,attack_train,0.62949
plain,0.15,attack_train,0.46065
plain,0.15,attack_train,-0.0
plain,0.15,attack_train,0.77741
plain,0.15,attack_train,0.43998
plain,0.15,attack_train,0.95878
plain,0.15,attack_train,0.62015
plain,0.15,attack_train,0.86897
plain,0.15,attack_train,0.26892
plain,0.15,attack_train,0.79619
plain,0.15,attack_train,0.0
plain,0.15,attack_train,0.0
plain,0.15,attack_train,1.20803
plain,0.15,attack_train,0.898
plain,0.15,attack_train,0.65392
plain,0.15,attack_train,0.17473
plain,0.15,attack_train,0.81769
plain,0.15,attack_train,0.0
plain,0.15,attack_train,0.47529
plain,0.15,attack_train,0.5893
plain,0.15,attack_train,1.11853
plain,0.15,attack_train,0.42226
plain,0.15,attack_train,1.02807
plain,0.15,attack_train,0.68146
plain,0.15,attack_train,0.0
plain,0.15,attack_train,0.8793
plain,0.15,attack_train,0.0
plain,0.15,attack_train,0.73345
plain,0.15,attack_train,1.06859
plain,0.15,attack_train,0.91526
plain,0.15,attack_train,0.55736
plain,0.15,attack_train,0.63103
plain,0.15,attack_train,0.93422
plain,0.15,attack_train,0.96033
plain,0.15,attack_train,0.90055
plain,0.15,attack_train,0.79032
plain,0.15,attack_train,0.72993
plain,0.15,attack_train,0.90303
plain,0.15,attack_train,1.21429
plain,0.15,attack_train,-0.0
plain,0.15,attack_train,0.61603
plain,0.15,attack_train,0.99265
plain,0.15,attack_train,0.47715
plain,0.15,attack_train,0.47211
plain,0.15,attack_train,0.0
plain,0.15,attack_train,0.72057
plain,0.15,attack_train,0.83096
plain,0.15,attack_train,0.95401
plain,0.15,attack_train,0.67227
plain,0.15,attack_train,0.65795
plain,0.15,attack_train,0.0
plain,0.15,attack_train,0.82998
plain,0.15,attack_train,0.44633
plain,0.15,attack_train,0.80976
plain,0.15,attack_train,0.88252
plain,0.15,attack_train,0.45837
plain,0.15,attack_train,1.04573
plain,0.15,attack_train,0.9
plain,0.15,attack_train,0.70996
plain,0.15,attack_train,0.8498
plain,0.15,attack_train,-0.0
plain,0.15,attack_train,0.76109
plain,0.15,attack_train,1.12437
plain,0.15,attack_train,0.93613
plain,0.15,attack_train,0.86687
plain,0.15,attack_train,0.89633
plain,0.15,attack_train,0.66147
plain,0.15,attack_train,0.51407
plain,0.15,attack_train,1.20786
plain,0.15,attack_train,1.20185
plain,0.15,attack_train,0.94412
plain,0.15,attack_train,0.51914
plain,0.15,attack_train,1.1175
plain,0.15,attack_train,0.595
plain,0.15,attack_train,0.37899
plain,0.15,attack_train,0.79146
plain,0.15,attack_train,1.01217
plain,0.15,attack_train,0.62707
plain,0.15,attack_train,1.54411
plain,0.15,attack_train,0.41398
plain,0.15,attack_train,0.44548
plain,0.15,attack_train,0.76481
plain,0.15,attack_train,0.96743
plain,0.15,attack_train,0.46345
plain,0.15,attack_train,0.85606
plain,0.15,attack_train,0.9369
plain,0.15,attack_train,0.13986
plain,0.15,attack_train,1.1944
plain,0.15,attack_train,0.5713
plain,0.15,attack_train,0.0
plain,0.15,attack_train,0.59171
plain,0.15,attack_train,0.51368
plain,0.15,attack_train,0.58259
plain,0.15,attack_train,0.95233
plain,0.15,attack_train,0.68403
plain,0.15,attack_train,0.62704
plain,0.15,attack_train,1.09741
plain,0.15,attack_train,1.03526
plain,0.15,attack_train,0.35149
plain,0.15,attack_train,0.99742
plain,0.15,attack_train,0.11574
plain,0.15,attack_train,0.55892
plain,0.15,attack_train,0.90235
plain,0.15,attack_train,0.92419
plain,0.15,attack_train,0.78294
plain,0.15,attack_train,0.38726
plain,0.15,attack_train,0.71806
plain,0.15,attack_train,1.07215
plain,0.15,attack_train,0.0
plain,0.15,attack_train,1.00987
plain,0.15,attack_train,1.21161
plain,0.15,attack_train,0.81403
plain,0.15,attack_train,1.10841
plain,0.15,attack_train,0.39189
plain,0.15,attack_train,0.92564
plain,0.15,attack_train,0.92091
plain,0.15,attack_train,0.87213
plain,0.15,attack_train,1.09258
plain,0.15,attack_train,0.8773
plain,0.15,attack_train,1.014
plain,0.15,attack_train,0.53439
plain,0.15,attack_train,0.56949
plain,0.15,attack_train,0.63832
plain,0.15,attack_train,0.92505
plain,0.15,attack_train,0.06118
plain,0.15,attack_train,1.03182
plain,0.15,attack_train,0.99948
plain,0.15,attack_train,0.0
plain,0.15,attack_train,0.95737
plain,0.15,attack_train,0.77672
plain,0.15,attack_train,0.57808
plain,0.15,attack_train,0.96505
plain,0.15,attack_train,0.5789
plain,0.15,attack_train,1.01502
plain,0.15,attack_train,0.62889
plain,0.15,attack_train,0.0
plain,0.15,attack_train,0.46703
plain,0.15,attack_train,0.69147
plain,0.15,attack_train,0.64291
plain,0.15,attack_train,1.20044
plain,0.15,attack_train,1.22469
plain,0.15,attack_train,0.58326
plain,0.15,attack_train,0.60449
plain,0.15,attack_train,0.79692
plain,0.15,attack_train,0.77426
plain,0.15,attack_train,0.59195
plain,0.15,attack_train,0.75482
plain,0.15,attack_train,0.44716
plain,0.15,attack_train,0.96344
plain,0.15,attack_train,0.83049
plain,0.15,attack_train,0.79194
plain,0.15,attack_train,0.64844
plain,0.15,attack_train,0.48585
plain,0.15,attack_train,0.78246
plain,0.15,attack_train,0.80122
plain,0.15,attack_train,0.54167
plain,0.15,attack_train,0.90246
plain,0.15,attack_train,0.16874
plain,0.15,attack_train,0.47265
plain,0.15,attack_train,0.70686
plain,0.15,attack_train,0.75154
plain,0.15,attack_train,1.36556
plain,0.15,attack_train,0.85275
plain,0.15,attack_train,0.48034
plain,0.15,attack_train,-0.0
plain,0.15,attack_train,0.82717
plain,0.15,attack_train,0.52138
plain,0.15,attack_train,0.69368
plain,0.15,attack_train,0.53025
plain,0.15,attack_train,1.00821
plain,0.15,attack_train,0.76519
plain,0.15,attack_train,0.68932
plain,0.15,attack_train,1.43407
plain,0.15,attack_train,1.03668
plain,0.15,attack_train,0.34886
plain,0.15,attack_train,0.99418
plain,0.15,attack_train,0.70129
plain,0.15,attack_train,0.69724
plain,0.15,attack_train,1.01426
plain,0.15,attack_train,1.23248
plain,0.15,attack_train,0.57757
plain,0.15,attack_train,1.02971
plain,0.15,attack_train,0.92434
plain,0.15,attack_train,0.0
plain,0.15,attack_train,0.8491
plain,0.15,attack_train,0.94188
plain,0.15,attack_train,0.73072
plain,0.15,attack_train,0.76348
plain,0.15,attack_train,0.77242
plain,0.15,attack_train,0.84879
plain,0.15,attack_train,0.77621
plain,0.15,attack_train,1.00806
plain,0.15,attack_train,0.86673
plain,0.15,attack_train,0.68492
plain,0.15,attack_train,0.75123
plain,0.15,attack_train,0.63291
plain,0.15,attack_train,0.60864
plain,0.15,attack_train,-0.0
plain,0.15,attack_train,0.32995
plain,0.15,attack_train,0.65855
plain,0.15,attack_train,1.1622
plain,0.15,attack_train,0.66968
plain,0.15,attack_train,0.70797
plain,0.15,attack_train,0.99142
plain,0.15,attack_train,0.74327
plain,0.15,attack_train,1.03784
plain,0.15,attack_train,0.86295
plain,0.15,attack_train,0.7613
plain,0.15,attack_train,0.68505
plain,0.15,attack_train,0.37428
plain,0.15,attack_train,1.06747
plain,0.15,attack_train,0.32031
plain,0.15,attack_train,0.69525
plain,0.15,attack_train,0.62315
plain,0.15,attack_train,0.95782
plain,0.15,attack_train,0.98322
plain,0.15,attack_train,0.65482
plain,0.15,attack_train,0.96054
plain,0.15,attack_train,0.99642
plain,0.15,attack_train,0.90741
plain,0.15,attack_train,0.48601
plain,0.15,attack_train,0.87791
plain,0.15,attack_train,0.56086
plain,0.15,attack_train,1.01367
plain,0.15,attack_train,0.87143
plain,0.15,attack_train,0.22195
plain,0.15,attack_train,0.56008
plain,0.15,attack_train,0.71761
plain,0.15,attack_train,0.49398
plain,0.15,attack_train,0.77089
plain,0.15,attack_train,0.52448
plain,0.15,attack_train,1.11392
plain,0.15,attack_train,1.02168
plain,0.15,attack_train,0.84719
plain,0.15,attack_train,0.4993
plain,0.15,attack_train,0.89091
plain,0.15,attack_train,0.95403
plain,0.15,attack_train,1.01211
plain,0.15,attack_train,0.65347
plain,0.15,attack_train,0.71953
plain,0.15,attack_train,0.72564
plain,0.15,attack_train,0.43882
plain,0.15,attack_train,1.40398
plain,0.15,attack_train,0.74468
plain,0.15,attack_train,-0.0
plain,0.15,attack_train,0.58981
plain,0.15,attack_train,0.92145
plain,0.15,attack_train,0.95022
plain,0.15,attack_train,0.79072
plain,0.15,attack_train,0.91569
plain,0.15,attack_train,0.48896
plain,0.15,attack_train,0.93515
plain,0.15,attack_train,0.35328
plain,0.15,attack_train,0.26983
plain,0.15,attack_train,0.95656
plain,0.15,attack_train,0.93478
plain,0.15,attack_train,0.0
plain,0.15,attack_train,0.78469
plain,0.15,attack_train,0.59044
plain,0.15,attack_train,0.79977
plain,0.25,attack_train,-0.0
plain,0.25,attack_train,1.24351
plain,0.25,attack_train,0.91208
plain,0.25,attack_train,0.87796
plain,0.25,attack_train,0.70946
plain,0.25,attack_train,0.94376
plain,0.25,attack_train,0.78691
plain,0.25,attack_train,0.88828
plain,0.25,attack_train,1.07569
plain,0.25,attack_train,0.83343
plain,0.25,attack_train,0.04655
plain,0.25,attack_train,0.95477
plain,0.25,attack_train,0.94784
plain,0.25,attack_train,0.0
plain,0.25,attack_train,0.8568
plain,0.25,attack_train,0.97804
plain,0.25,attack_train,0.75496
plain,0.25,attack_train,0.88369
plain,0.25,attack_train,0.82191
plain,0.25,attack_train,0.78842
plain,0.25,attack_train,0.6375
plain,0.25,attack_train,0.97133
plain,0.25,attack_train,0.50696
plain,0.25,attack_train,1.02415
plain,0.25,attack_train,1.43087
plain,0.25,attack_train,1.35204
plain,0.25,attack_train,0.34356
plain,0.25,attack_train,0.59157
plain,0.25,attack_train,1.21709
plain,0.25,attack_train,0.85005
plain,0.25,attack_train,0.69871
plain,0.25,attack_train,0.2635
plain,0.25,attack_train,0.72897
plain,0.25,attack_train,0.86505
plain,0.25,attack_train,1.04692
plain,0.25,attack_train,0.67368
plain,0.25,attack_train,0.73108
plain,0.25,attack_train,1.00192
plain,0.25,attack_train,0.72374
plain,0.25,attack_train,0.73377
plain,0.25,attack_train,1.02882
plain,0.25,attack_train,0.70844
plain,0.25,attack_train,1.10178
plain,0.25,attack_train,1.13002
plain,0.25,attack_train,0.89574
plain,0.25,attack_train,0.90956
plain,0.25,attack_train,0.71199
plain,0.25,attack_train,0.78291
plain,0.25,attack_train,0.52758
plain,0.25,attack_train,0.97051
plain,0.25,attack_train,0.59316
plain,0.25,attack_train,0.27538
plain,0.25,attack_train,0.71483
plain,0.25,attack_train,1.40658
plain,0.25,attack_train,0.73803
plain,0.25,attack_train,0.88617
plain,0.25,attack_train,0.21727
plain,0.25,attack_train,-0.0136
plain,0.25,attack_train,0.88126
plain,0.25,attack_train,0.86526
plain,0.25,attack_train,1.12388
plain,0.25,attack_train,0.75791
plain,0.25,attack_train,0.86801
plain,0.25,attack_train,0.86656
plain,0.25,attack_train,0.0
plain,0.25,attack_train,0.85309
plain,0.25,attack_train,0.0
plain,0.25,attack_train,0.81083
plain,0.25,attack_train,1.18414
plain,0.25,attack_train,0.86903
plain,0.25,attack_train,1.05464
plain,0.25,attack_train,0.78016
plain,0.25,attack_train,0.85429
plain,0.25,attack_train,1.27403
plain,0.25,attack_train,0.58129
plain,0.25,attack_train,0.81026
plain,0.25,attack_train,1.02272
plain,0.25,attack_train,1.13978
plain,0.25,attack_train,0.77859
plain,0.25,attack_train,-0.0
plain,0.25,attack_train,1.21252
plain,0.25,attack_train,0.87014
plain,0.25,attack_train,0.93172
plain,0.25,attack_train,0.19815
plain,0.25,attack_train,0.0
plain,0.25,attack_train,0.84528
plain,0.25,attack_train,0.68384
plain,0.25,attack_train,0.69343
plain,0.25,attack_train,0.78483
plain,0.25,attack_train,0.8697
plain,0.25,attack_train,0.93415
plain,0.25,attack_train,0.75721
plain,0.25,attack_train,0.44886
plain,0.25,attack_train,0.95847
plain,0.25,attack_train,1.1998
plain,0.25,attack_train,0.99693
plain,0.25,attack_train,1.07684
plain,0.25,attack_train,0.77392
plain,0.25,attack_train,0.69156
plain,0.25,attack_train,0.86914
plain,0.25,attack_train,1.17587
plain,0.25,attack_train,0.8474
plain,0.25,attack_train,0.58491
plain,0.25,attack_train,1.0891
plain,0.25,attack_train,0.29722
plain,0.25,attack_train,0.7571
plain,0.25,attack_train,0.81457
plain,0.25,attack_train,0.68488
plain,0.25,attack_train,0.79347
plain,0.25,attack_train,1.2882
plain,0.25,attack_train,0.76158
plain,0.25,attack_train,0.92348
plain,0.25,attack_train,0.76088
plain,0.25,attack_train,0.80618
plain,0.25,attack_train,0.84147
plain,0.25,attack_train,0.81137
plain,0.25,attack_train,0.67601
plain,0.25,attack_train,0.58772
plain,0.25,attack_train,0.7118
plain,0.25,attack_train,1.1286
plain,0.25,attack_train,1.175
plain,0.25,attack_train,1.11068
plain,0.25,attack_train,0.77106
plain,0.25,attack_train,0.83115
plain,0.25,attack_train,0.52443
plain,0.25,attack_train,1.05734
plain,0.25,attack_train,0.6852
plain,0.25,attack_train,0.8006
plain,0.25,attack_train,0.36339
plain,0.25,attack_train,0.0
plain,0.25,attack_train,0.71844
plain,0.25,attack_train,0.71751
plain,0.25,attack_train,0.13927
plain,0.25,attack_train,0.81257
plain,0.25,attack_train,0.43849
plain,0.25,attack_train,0.95709
plain,0.25,attack_train,0.97897
plain,0.25,attack_train,1.5098
plain,0.25,attack_train,0.46763
plain,0.25,attack_train,1.12918
plain,0.25,attack_train,1.06889
plain,0.25,attack_train,0.68134
plain,0.25,attack_train,0.84984
plain,0.25,attack_train,1.14837
plain,0.25,attack_train,0.68803
plain,0.25,attack_train,0.70492
plain,0.25,attack_train,0.84795
plain,0.25,attack_train,0.8302
plain,0.25,attack_train,0.0
plain,0.25,attack_train,0.99332
plain,0.25,attack_train,1.33007
plain,0.25,attack_train,0.88741
plain,0.25,attack_train,0.97039
plain,0.25,attack_train,0.79633
plain,0.25,attack_train,0.67609
plain,0.25,attack_train,1.16496
plain,0.25,attack_train,0.86262
plain,0.25,attack_train,0.90132
plain,0.25,attack_train,0.7233
plain,0.25,attack_train,0.70263
plain,0.25,attack_train,0.87459
plain,0.25,attack_train,0.67564
plain,0.25,attack_train,0.90446
plain,0.25,attack_train,0.93966
plain,0.25,attack_train,0.04133
plain,0.25,attack_train,0.92278
plain,0.25,attack_train,0.91498
plain,0.25,attack_train,0.07891
plain,0.25,attack_train,1.16554
plain,0.25,attack_train,0.71629
plain,0.25,attack_train,0.9715
plain,0.25,attack_train,1.11251
plain,0.25,attack_train,0.7978
plain,0.25,attack_train,1.04437
plain,0.25,attack_train,0.80987
plain,0.25,attack_train,0.0
plain,0.25,attack_train,0.93306
plain,0.25,attack_train,1.0102
plain,0.25,attack_train,0.73746
plain,0.25,attack_train,1.04372
plain,0.25,attack_train,0.68705
plain,0.25,attack_train,0.48359
plain,0.25,attack_train,0.12031
plain,0.25,attack_train,0.85113
plain,0.25,attack_train,0.95112
plain,0.25,attack_train,1.25051
plain,0.25,attack_train,0.82519
plain,0.25,attack_train,1.10995
plain,0.25,attack_train,1.09499
plain,0.25,attack_train,0.69053
plain,0.25,attack_train,0.51969
plain,0.25,attack_train,0.48011
plain,0.25,attack_train,0.97717
plain,0.25,attack_train,1.39956
plain,0.25,attack_train,0.49152
plain,0.25,attack_train,0.76759
plain,0.25,attack_train,0.84165
plain,0.25,attack_train,0.67887
plain,0.25,attack_train,0.73519
plain,0.25,attack_train,0.79337
plain,0.25,attack_train,0.88678
plain,0.25,attack_train,0.97118
plain,0.25,attack_train,1.03677
plain,0.25,attack_train,0.71408
plain,0.25,attack_train,0.50332
plain,0.25,attack_train,0.56801
plain,0.25,attack_train,1.26745
plain,0.25,attack_train,1.26531
plain,0.25,attack_train,0.87444
plain,0.25,attack_train,1.12289
plain,0.25,attack_train,1.18187
plain,0.25,attack_train,0.92518
plain,0.25,attack_train,1.11168
plain,0.25,attack_train,1.20488
plain,0.25,attack_train,0.5079
plain,0.25,attack_train,0.89079
plain,0.25,attack_train,0.98888
plain,0.25,attack_train,0.57689
plain,0.25,attack_train,1.19106
plain,0.25,attack_train,1.18649
plain,0.25,attack_train,0.65075
plain,0.25,attack_train,0.8389
plain,0.25,attack_train,0.77637
plain,0.25,attack_train,0.0
plain,0.25,attack_train,1.02158
plain,0.25,attack_train,0.52679
plain,0.25,attack_train,0.80793
plain,0.25,attack_train,0.86423
plain,0.25,attack_train,0.96029
plain,0.25,attack_train,0.73755
plain,0.25,attack_train,0.49711
plain,0.25,attack_train,0.72616
plain,0.25,attack_train,0.91241
plain,0.25,attack_train,0.62261
plain,0.25,attack_train,0.97451
plain,0.25,attack_train,0.80357
plain,0.25,attack_train,0.84353
plain,0.25,attack_train,-0.0
plain,0.25,attack_train,0.60095
plain,0.25,attack_train,0.88756
plain,0.25,attack_train,1.31552
plain,0.25,attack_train,0.44117
plain,0.25,attack_train,0.75364
plain,0.25,attack_train,0.958
plain,0.25,attack_train,0.79455
plain,0.25,attack_train,0.89951
plain,0.25,attack_train,0.508
plain,0.25,attack_train,1.09811
plain,0.25,attack_train,0.93334
plain,0.25,attack_train,0.66455
plain,0.25,attack_train,0.38194
plain,0.25,attack_train,1.13442
plain,0.25,attack_train,0.98476
plain,0.25,attack_train,0.97873
plain,0.25,attack_train,1.12939
plain,0.25,attack_train,1.05714
plain,0.25,attack_train,1.00348
plain,0.25,attack_train,0.79507
plain,0.25,attack_train,0.70443
plain,0.25,attack_train,0.39361
plain,0.25,attack_train,0.70494
plain,0.25,attack_train,1.15648
plain,0.25,attack_train,0.97417
plain,0.25,attack_train,0.74749
plain,0.25,attack_train,0.73855
plain,0.25,attack_train,1.10594
plain,0.25,attack_train,0.04763
plain,0.25,attack_train,1.12827
plain,0.25,attack_train,0.91901
plain,0.25,attack_train,1.02568
plain,0.25,attack_train,0.60922
plain,0.25,attack_train,0.47719
plain,0.25,attack_train,1.14101
plain,0.25,attack_train,0.74429
plain,0.25,attack_train,1.20326
plain,0.25,attack_train,0.79719
plain,0.25,attack_train,1.06197
plain,0.25,attack_train,1.14867
plain,0.25,attack_train,0.66346
plain,0.25,attack_train,0.71079
plain,0.25,attack_train,1.09965
plain,0.25,attack_train,1.00077
plain,0.25,attack_train,0.98028
plain,0.25,attack_train,0.75112
plain,0.25,attack_train,0.36118
plain,0.25,attack_train,0.55943
plain,0.25,attack_train,0.37536
plain,0.25,attack_train,1.09253
plain,0.25,attack_train,0.75912
plain,0.25,attack_train,0.82167
plain,0.25,attack_train,0.74944
plain,0.25,attack_train,0.87058
plain,0.25,attack_train,0.94555
plain,0.25,attack_train,0.09188
plain,0.25,attack_train,0.42098
plain,0.25,attack_train,0.76721
plain,0.25,attack_train,0.0
plain,0.25,attack_train,0.9758
plain,0.25,attack_train,0.46413
plain,0.25,attack_train,0.23572
plain,0.5,attack_train,-0.0
plain,0.5,attack_train,1.21369
plain,0.5,attack_train,0.75594
plain,0.5,attack_train,0.74702
plain,0.5,attack_train,0.72586
plain,0.5,attack_train,0.83442
plain,0.5,attack_train,1.29969
plain,0.5,attack_train,0.96818
plain,0.5,attack_train,1.01801
plain,0.5,attack_train,0.69043
plain,0.5,attack_train,0.57303
plain,0.5,attack_train,0.93125
plain,0.5,attack_train,0.88746
plain,0.5,attack_train,0.0
plain,0.5,attack_train,0.93912
plain,0.5,attack_train,1.01164
plain,0.5,attack_train,0.83463
plain,0.5,attack_train,0.85596
plain,0.5,attack_train,0.75586
plain,0.5,attack_train,1.18386
plain,0.5,attack_train,1.10539
plain,0.5,attack_train,0.97728
plain,0.5,attack_train,1.07984
plain,0.5,attack_train,0.96247
plain,0.5,attack_train,0.8156
plain,0.5,attack_train,0.96117
plain,0.5,attack_train,1.00626
plain,0.5,attack_train,0.95689
plain,0.5,attack_train,0.82454
plain,0.5,attack_train,0.78754
plain,0.5,attack_train,0.92859
plain,0.5,attack_train,0.99274
plain,0.5,attack_train,0.82477
plain,0.5,attack_train,0.69927
plain,0.5,attack_train,0.81712
plain,0.5,attack_train,0.63523
plain,0.5,attack_train,0.65326
plain,0.5,attack_train,1.01962
plain,0.5,attack_train,1.03022
plain,0.5,attack_train,0.96772
plain,0.5,attack_train,0.86035
plain,0.5,attack_train,0.95846
plain,0.5,attack_train,0.85811
plain,0.5,attack_train,0.78937
plain,0.5,attack_train,0.93137
plain,0.5,attack_train,0.71466
plain,0.5,attack_train,0.96795
plain,0.5,attack_train,0.95121
plain,0.5,attack_train,0.95663
plain,0.5,attack_train,1.06472
plain,0.5,attack_train,0.88241
plain,0.5,attack_train,1.05241
plain,0.5,attack_train,1.00928
plain,0.5,attack_train,0.9074
plain,0.5,attack_train,1.01502
plain,0.5,attack_train,0.84436
plain,0.5,attack_train,1.11773
plain,0.5,attack_train,1.01517
plain,0.5,attack_train,1.02098
plain,0.5,attack_train,0.91626
plain,0.5,attack_train,0.80065
plain,0.5,attack_train,1.06494
plain,0.5,attack_train,1.01284
plain,0.5,attack_train,1.00369
plain,0.5,attack_train,0.0
plain,0.5,attack_train,1.13429
plain,0.5,attack_train,0.64999
plain,0.5,attack_train,0.92331
plain,0.5,attack_train,0.67085
plain,0.5,attack_train,0.78106
plain,0.5,attack_train,0.88001
plain,0.5,attack_train,0.77575
plain,0.5,attack_train,1.04623
plain,0.5,attack_train,1.19554
plain,0.5,attack_train,0.79184
plain,0.5,attack_train,1.06789
plain,0.5,attack_train,0.71811
plain,0.5,attack_train,0.85216
plain,0.5,attack_train,0.80924
plain,0.5,attack_train,0.80686
plain,0.5,attack_train,0.90666
plain,0.5,attack_train,0.91536
plain,0.5,attack_train,0.60127
plain,0.5,attack_train,1.04678
plain,0.5,attack_train,0.0
plain,0.5,attack_train,0.93634
plain,0.5,attack_train,1.07524
plain,0.5,attack_train,0.7705
plain,0.5,attack_train,0.72254
plain,0.5,attack_train,0.83717
plain,0.5,attack_train,0.91027
plain,0.5,attack_train,1.08991
plain,0.5,attack_train,1.10644
plain,0.5,attack_train,0.90814
plain,0.5,attack_train,0.85549
plain,0.5,attack_train,0.78082
plain,0.5,attack_train,0.60565
plain,0.5,attack_train,0.95983
plain,0.5,attack_train,0.84641
plain,0.5,attack_train,1.13707
plain,0.5,attack_train,0.92355
plain,0.5,attack_train,0.75905
plain,0.5,attack_train,0.94732
plain,0.5,attack_train,0.87364
plain,0.5,attack_train,0.95999
plain,0.5,attack_train,1.07715
plain,0.5,attack_train,1.32682
plain,0.5,attack_train,0.9424
plain,0.5,attack_train,0.59418
plain,0.5,attack_train,0.80496
plain,0.5,attack_train,0.92207
plain,0.5,attack_train,0.69483
plain,0.5,attack_train,0.86001
plain,0.5,attack_train,0.8344
plain,0.5,attack_train,0.73049
plain,0.5,attack_train,0.97575
plain,0.5,attack_train,1.22095
plain,0.5,attack_train,0.97603
plain,0.5,attack_train,0.78384
plain,0.5,attack_train,1.20773
plain,0.5,attack_train,0.87732
plain,0.5,attack_train,0.58941
plain,0.5,attack_train,1.10972
plain,0.5,attack_train,1.06822
plain,0.5,attack_train,1.02373
plain,0.5,attack_train,0.90296
plain,0.5,attack_train,0.85577
plain,0.5,attack_train,1.03384
plain,0.5,attack_train,1.15138
plain,0.5,attack_train,0.0
plain,0.5,attack_train,0.67974
plain,0.5,attack_train,1.11748
plain,0.5,attack_train,1.00692
plain,0.5,attack_train,0.99843
plain,0.5,attack_train,0.92242
plain,0.5,attack_train,1.16047
plain,0.5,attack_train,1.17987
plain,0.5,attack_train,0.98957
plain,0.5,attack_train,0.87343
plain,0.5,attack_train,1.0241
plain,0.5,attack_train,0.94946
plain,0.5,attack_train,0.92926
plain,0.5,attack_train,0.74226
plain,0.5,attack_train,0.68227
plain,0.5,attack_train,0.82783
plain,0.5,attack_train,0.90755
plain,0.5,attack_train,0.92367
plain,0.5,attack_train,1.0533
plain,0.5,attack_train,0.73269
plain,0.5,attack_train,0.69181
plain,0.5,attack_train,0.8496
plain,0.5,attack_train,1.23956
plain,0.5,attack_train,0.94664
plain,0.5,attack_train,0.70655
plain,0.5,attack_train,0.76729
plain,0.5,attack_train,0.98907
plain,0.5,attack_train,1.06169
plain,0.5,attack_train,0.99386
plain,0.5,attack_train,0.89999
plain,0.5,attack_train,0.96502
plain,0.5,attack_train,1.02221
plain,0.5,attack_train,1.00273
plain,0.5,attack_train,0.85377
plain,0.5,attack_train,0.69249
plain,0.5,attack_train,1.02024
plain,0.5,attack_train,1.09891
plain,0.5,attack_train,0.89769
plain,0.5,attack_train,0.14656
plain,0.5,attack_train,0.92096
plain,0.5,attack_train,1.21283
plain,0.5,attack_train,0.87032
plain,0.5,attack_train,1.01952
plain,0.5,attack_train,0.8497
plain,0.5,attack_train,0.85351
plain,0.5,attack_train,1.1031
plain,0.5,attack_train,1.11735
plain,0.5,attack_train,0.91191
plain,0.5,attack_train,1.07541
plain,0.5,attack_train,0.89724
plain,0.5,attack_train,1.0323
plain,0.5,attack_train,0.79962
plain,0.5,attack_train,0.94579
plain,0.5,attack_train,0.6871
plain,0.5,attack_train,1.08668
plain,0.5,attack_train,1.03958
plain,0.5,attack_train,1.05547
plain,0.5,attack_train,1.09542
plain,0.5,attack_train,0.90869
plain,0.5,attack_train,1.23011
plain,0.5,attack_train,0.81328
plain,0.5,attack_train,1.14373
plain,0.5,attack_train,1.18674
plain,0.5,attack_train,0.83237
plain,0.5,attack_train,1.0473
plain,0.5,attack_train,0.76148
plain,0.5,attack_train,0.81729
plain,0.5,attack_train,1.12415
plain,0.5,attack_train,1.03737
plain,0.5,attack_train,0.9482
plain,0.5,attack_train,0.73737
plain,0.5,attack_train,0.8118
plain,0.5,attack_train,1.06126
plain,0.5,attack_train,1.02576
plain,0.5,attack_train,0.78483
plain,0.5,attack_train,0.95333
plain,0.5,attack_train,0.79624
plain,0.5,attack_train,1.00673
plain,0.5,attack_train,1.05504
plain,0.5,attack_train,0.7955
plain,0.5,attack_train,1.0732
plain,0.5,attack_train,0.88873
plain,0.5,attack_train,0.94763
plain,0.5,attack_train,1.11734
plain,0.5,attack_train,0.88789
plain,0.5,attack_train,1.0018
plain,0.5,attack_train,1.26768
plain,0.5,attack_train,0.90248
plain,0.5,attack_train,0.15491
plain,0.5,attack_train,0.98078
plain,0.5,attack_train,0.99065
plain,0.5,attack_train,0.93227
plain,0.5,attack_train,0.97051
plain,0.5,attack_train,1.13364
plain,0.5,attack_train,0.0
plain,0.5,attack_train,0.93027
plain,0.5,attack_train,0.83416
plain,0.5,attack_train,0.89343
plain,0.5,attack_train,0.77397
plain,0.5,attack_train,0.95735
plain,0.5,attack_train,1.02861
plain,0.5,attack_train,0.69816
plain,0.5,attack_train,1.19798
plain,0.5,attack_train,1.17194
plain,0.5,attack_train,0.96601
plain,0.5,attack_train,1.05126
plain,0.5,attack_train,1.08806
plain,0.5,attack_train,0.96537
plain,0.5,attack_train,0.92054
plain,0.5,attack_train,0.8732
plain,0.5,attack_train,0.47064
plain,0.5,attack_train,1.07146
plain,0.5,attack_train,1.08453
plain,0.5,attack_train,0.65026
plain,0.5,attack_train,0.94004
plain,0.5,attack_train,1.09129
plain,0.5,attack_train,0.9678
plain,0.5,attack_train,0.90847
plain,0.5,attack_train,0.89381
plain,0.5,attack_train,0.99585
plain,0.5,attack_train,0.84741
plain,0.5,attack_train,0.83355
plain,0.5,attack_train,0.11549
plain,0.5,attack_train,1.20314
plain,0.5,attack_train,0.96458
plain,0.5,attack_train,1.13718
plain,0.5,attack_train,0.86564
plain,0.5,attack_train,1.04299
plain,0.5,attack_train,1.02137
plain,0.5,attack_train,0.90115
plain,0.5,attack_train,0.95888
plain,0.5,attack_train,0.98386
plain,0.5,attack_train,0.94592
plain,0.5,attack_train,1.078
plain,0.5,attack_train,0.98181
plain,0.5,attack_train,0.95833
plain,0.5,attack_train,0.86787
plain,0.5,attack_train,0.81479
plain,0.5,attack_train,1.21785
plain,0.5,attack_train,0.81693
plain,0.5,attack_train,0.86482
plain,0.5,attack_train,0.95056
plain,0.5,attack_train,0.79171
plain,0.5,attack_train,0.87586
plain,0.5,attack_train,0.85198
plain,0.5,attack_train,1.03754
plain,0.5,attack_train,0.9822
plain,0.5,attack_train,0.47796
plain,0.5,attack_train,1.13822
plain,0.5,attack_train,0.96755
plain,0.5,attack_train,0.74693
plain,0.5,attack_train,0.7475
plain,0.5,attack_train,0.71906
plain,0.5,attack_train,1.20621
plain,0.5,attack_train,0.77545
plain,0.5,attack_train,1.00465
plain,0.5,attack_train,0.83297
plain,0.5,attack_train,0.92896
plain,0.5,attack_train,1.26775
plain,0.5,attack_train,1.03212
plain,0.5,attack_train,0.03503
plain,0.5,attack_train,1.00224
plain,0.5,attack_train,0.29259
plain,0.5,attack_train,0.96709
plain,0.5,attack_train,0.74577
plain,0.5,attack_train,0.74525
plain,0.5,attack_train,1.01484
plain,0.5,attack_train,0.95258
plain,0.5,attack_train,1.00706
plain,0.5,attack_train,0.75754
plain,0.5,attack_train,0.72365
plain,1.0,attack_train,0.85162
plain,1.0,attack_train,0.89477
plain,1.0,attack_train,0.72237
plain,1.0,attack_train,0.61417
plain,1.0,attack_train,0.8403
plain,1.0,attack_train,0.47713
plain,1.0,attack_train,0.78427
plain,1.0,attack_train,0.68199
plain,1.0,attack_train,0.85523
plain,1.0,attack_train,0.88701
plain,1.0,attack_train,0.39832
plain,1.0,attack_train,0.48513
plain,1.0,attack_train,0.68815
plain,1.0,attack_train,-0.01629
plain,1.0,attack_train,0.94677
plain,1.0,attack_train,0.82441
plain,1.0,attack_train,0.93197
plain,1.0,attack_train,1.01289
plain,1.0,attack_train,0.72937
plain,1.0,attack_train,0.92667
plain,1.0,attack_train,0.93302
plain,1.0,attack_train,0.38625
plain,1.0,attack_train,0.80537
plain,1.0,attack_train,0.52117
plain,1.0,attack_train,0.65981
plain,1.0,attack_train,0.8987
plain,1.0,attack_train,0.7931
plain,1.0,attack_train,0.56917
plain,1.0,attack_train,1.0298
plain,1.0,attack_train,0.70006
plain,1.0,attack_train,0.73413
plain,1.0,attack_train,0.80576
plain,1.0,attack_train,0.99441
plain,1.0,attack_train,0.84232
plain,1.0,attack_train,0.41385
plain,1.0,attack_train,0.72812
plain,1.0,attack_train,0.83407
plain,1.0,attack_train,0.75455
plain,1.0,attack_train,1.03444
plain,1.0,attack_train,0.76295
plain,1.0,attack_train,0.71257
plain,1.0,attack_train,0.69743
plain,1.0,attack_train,0.99209
plain,1.0,attack_train,0.93612
plain,1.0,attack_train,0.9587
plain,1.0,attack_train,0.85769
plain,1.0,attack_train,0.87088
plain,1.0,attack_train,0.9107
plain,1.0,attack_train,0.69694
plain,1.0,attack_train,0.70595
plain,1.0,attack_train,0.69498
plain,1.0,attack_train,0.65524
plain,1.0,attack_train,0.7715
plain,1.0,attack_train,1.02267
plain,1.0,attack_train,0.954
plain,1.0,attack_train,0.97892
plain,1.0,attack_train,0.65591
plain,1.0,attack_train,1.01415
plain,1.0,attack_train,0.86814
plain,1.0,attack_train,0.73181
plain,1.0,attack_train,0.76874
plain,1.0,attack_train,0.7616
plain,1.0,attack_train,1.03618
plain,1.0,attack_train,0.94484
plain,1.0,attack_train,0.84441
plain,1.0,attack_train,0.53378
plain,1.0,attack_train,0.73792
plain,1.0,attack_train,0.86979
plain,1.0,attack_train,0.85977
plain,1.0,attack_train,0.52843
plain,1.0,attack_train,0.81671
plain,1.0,attack_train,0.72803
plain,1.0,attack_train,0.88758
plain,1.0,attack_train,0.86315
plain,1.0,attack_train,0.74669
plain,1.0,attack_train,0.56134
plain,1.0,attack_train,0.91265
plain,1.0,attack_train,0.95017
plain,1.0,attack_train,0.96428
plain,1.0,attack_train,0.84892
plain,1.0,attack_train,0.68597
plain,1.0,attack_train,0.67905
plain,1.0,attack_train,0.78953
plain,1.0,attack_train,0.98671
plain,1.0,attack_train,0.0
plain,1.0,attack_train,1.03364
plain,1.0,attack_train,0.87087
plain,1.0,attack_train,0.80427
plain,1.0,attack_train,0.66711
plain,1.0,attack_train,0.81704
plain,1.0,attack_train,0.85372
plain,1.0,attack_train,0.95042
plain,1.0,attack_train,0.59759
plain,1.0,attack_train,0.98522
plain,1.0,attack_train,1.01924
plain,1.0,attack_train,0.72608
plain,1.0,attack_train,0.87991
plain,1.0,attack_train,1.01616
plain,1.0,attack_train,0.95349
plain,1.0,attack_train,0.86174
plain,1.0,attack_train,0.8364
plain,1.0,attack_train,0.75105
plain,1.0,attack_train,0.6629
plain,1.0,attack_train,0.66158
plain,1.0,attack_train,0.72523
plain,1.0,attack_train,0.53601
plain,1.0,attack_train,0.55671
plain,1.0,attack_train,0.77089
plain,1.0,attack_train,0.57437
plain,1.0,attack_train,0.65598
plain,1.0,attack_train,0.4743
plain,1.0,attack_train,0.9119
plain,1.0,attack_train,0.75325
plain,1.0,attack_train,0.71707
plain,1.0,attack_train,0.87844
plain,1.0,attack_train,0.57823
plain,1.0,attack_train,0.7012
plain,1.0,attack_train,0.58452
plain,1.0,attack_train,0.80968
plain,1.0,attack_train,0.95503
plain,1.0,attack_train,0.87211
plain,1.0,attack_train,0.77792
plain,1.0,attack_train,0.97303
plain,1.0,attack_train,0.66687
plain,1.0,attack_train,0.80781
plain,1.0,attack_train,0.69364
plain,1.0,attack_train,0.58795
plain,1.0,attack_train,0.80843
plain,1.0,attack_train,0.85156
plain,1.0,attack_train,0.68236
plain,1.0,attack_train,0.83413
plain,1.0,attack_train,1.15841
plain,1.0,attack_train,0.85096
plain,1.0,attack_train,0.88601
plain,1.0,attack_train,0.85487
plain,1.0,attack_train,1.07128
plain,1.0,attack_train,0.62711
plain,1.0,attack_train,0.68476
plain,1.0,attack_train,0.73187
plain,1.0,attack_train,0.95988
plain,1.0,attack_train,0.90895
plain,1.0,attack_train,0.74769
plain,1.0,attack_train,0.73368
plain,1.0,attack_train,0.79292
plain,1.0,attack_train,1.03973
plain,1.0,attack_train,1.09967
plain,1.0,attack_train,0.79699
plain,1.0,attack_train,0.88406
plain,1.0,attack_train,0.85326
plain,1.0,attack_train,0.66357
plain,1.0,attack_train,1.1256
plain,1.0,attack_train,0.93208
plain,1.0,attack_train,0.77047
plain,1.0,attack_train,0.86998
plain,1.0,attack_train,0.79482
plain,1.0,attack_train,0.74399
plain,1.0,attack_train,0.51734
plain,1.0,attack_train,0.76541
plain,1.0,attack_train,0.70105
plain,1.0,attack_train,0.83823
plain,1.0,attack_train,1.03822
plain,1.0,attack_train,0.65986
plain,1.0,attack_train,0.9827
plain,1.0,attack_train,0.81528
plain,1.0,attack_train,0.86684
plain,1.0,attack_train,0.69175
plain,1.0,attack_train,1.03752
plain,1.0,attack_train,0.81112
plain,1.0,attack_train,0.52732
plain,1.0,attack_train,0.91924
plain,1.0,attack_train,0.6727
plain,1.0,attack_train,0.9093
plain,1.0,attack_train,0.67368
plain,1.0,attack_train,1.05463
plain,1.0,attack_train,0.86819
plain,1.0,attack_train,0.78013
plain,1.0,attack_train,0.79738
plain,1.0,attack_train,0.8482
plain,1.0,attack_train,0.89467
plain,1.0,attack_train,0.55947
plain,1.0,attack_train,0.91284
plain,1.0,attack_train,0.8228
plain,1.0,attack_train,0.79005
plain,1.0,attack_train,0.17953
plain,1.0,attack_train,0.81652
plain,1.0,attack_train,0.86592
plain,1.0,attack_train,0.63101
plain,1.0,attack_train,0.7744
plain,1.0,attack_train,0.94425
plain,1.0,attack_train,0.79939
plain,1.0,attack_train,0.98361
plain,1.0,attack_train,0.90532
plain,1.0,attack_train,0.90653
plain,1.0,attack_train,0.684
plain,1.0,attack_train,0.6615
plain,1.0,attack_train,1.02823
plain,1.0,attack_train,0.79293
plain,1.0,attack_train,1.06661
plain,1.0,attack_train,0.57057
plain,1.0,attack_train,0.71799
plain,1.0,attack_train,0.80969
plain,1.0,attack_train,0.98847
plain,1.0,attack_train,1.06315
plain,1.0,attack_train,0.51933
plain,1.0,attack_train,0.6427
plain,1.0,attack_train,0.81979
plain,1.0,attack_train,0.81833
plain,1.0,attack_train,0.61916
plain,1.0,attack_train,0.58231
plain,1.0,attack_train,0.6812
plain,1.0,attack_train,0.65115
plain,1.0,attack_train,1.149
plain,1.0,attack_train,0.65986
plain,1.0,attack_train,0.58023
plain,1.0,attack_train,0.90748
plain,1.0,attack_train,0.5534
plain,1.0,attack_train,0.73371
plain,1.0,attack_train,0.78796
plain,1.0,attack_train,0.77881
plain,1.0,attack_train,0.98837
plain,1.0,attack_train,0.98682
plain,1.0,attack_train,0.82113
plain,1.0,attack_train,0.75303
plain,1.0,attack_train,0.69746
plain,1.0,attack_train,0.45932
plain,1.0,attack_train,0.70993
plain,1.0,attack_train,0.86678
plain,1.0,attack_train,0.69467
plain,1.0,attack_train,0.89317
plain,1.0,attack_train,0.48438
plain,1.0,attack_train,0.85121
plain,1.0,attack_train,0.70122
plain,1.0,attack_train,0.92698
plain,1.0,attack_train,0.74009
plain,1.0,attack_train,1.00357
plain,1.0,attack_train,0.82341
plain,1.0,attack_train,0.75272
plain,1.0,attack_train,0.68495
plain,1.0,attack_train,0.89281
plain,1.0,attack_train,0.60756
plain,1.0,attack_train,0.77917
plain,1.0,attack_train,0.68634
plain,1.0,attack_train,1.12399
plain,1.0,attack_train,0.72124
plain,1.0,attack_train,0.99632
plain,1.0,attack_train,0.65525
plain,1.0,attack_train,0.91704
plain,1.0,attack_train,0.5376
plain,1.0,attack_train,1.00684
plain,1.0,attack_train,0.77698
plain,1.0,attack_train,0.81825
plain,1.0,attack_train,0.75908
plain,1.0,attack_train,0.67687
plain,1.0,attack_train,0.99928
plain,1.0,attack_train,0.98293
plain,1.0,attack_train,0.47516
plain,1.0,attack_train,0.91207
plain,1.0,attack_train,0.57161
plain,1.0,attack_train,0.80708
plain,1.0,attack_train,0.89609
plain,1.0,attack_train,0.85584
plain,1.0,attack_train,0.55784
plain,1.0,attack_train,0.64873
plain,1.0,attack_train,0.83087
plain,1.0,attack_train,0.94105
plain,1.0,attack_train,0.97296
plain,1.0,attack_train,0.73133
plain,1.0,attack_train,0.56004
plain,1.0,attack_train,0.50644
plain,1.0,attack_train,0.61991
plain,1.0,attack_train,0.84198
plain,1.0,attack_train,1.07889
plain,1.0,attack_train,1.1312
plain,1.0,attack_train,0.68065
plain,1.0,attack_train,0.71808
plain,1.0,attack_train,1.02303
plain,1.0,attack_train,0.74382
plain,1.0,attack_train,0.92882
plain,1.0,attack_train,0.86086
plain,1.0,attack_train,0.91805
plain,1.0,attack_train,0.71987
plain,1.0,attack_train,0.62491
plain,1.0,attack_train,1.00659
plain,1.0,attack_train,0.86074
plain,1.0,attack_train,0.6877
plain,1.0,attack_train,0.65533
plain,1.0,attack_train,0.81031
plain,1.0,attack_train,0.98729
plain,1.0,attack_train,0.74444
plain,1.0,attack_train,0.93397
plain,1.0,attack_train,0.96084
plain,1.0,attack_train,0.81682
plain,1.0,attack_train,0.93553
plain,1.0,attack_train,0.81853
plain,1.0,attack_train,0.99298
plain,1.0,attack_train,1.00021
plain,1.0,attack_train,0.63228
plain,1.0,attack_train,0.92058
plain,1.0,attack_train,1.02155
plain,1.0,attack_train,0.75898
chat,0.1,attack_train,0.85373
chat,0.1,attack_train,0.0
chat,0.1,attack_train,0.0
chat,0.1,attack_train,0.45147
chat,0.1,attack_train,0.62254
chat,0.1,attack_train,0.0
chat,0.1,attack_train,0.20677
chat,0.1,attack_train,-0.0
chat,0.1,attack_train,0.79475
chat,0.1,attack_train,0.3948
chat,0.1,attack_train,0.0
chat,0.1,attack_train,0.0
chat,0.1,attack_train,0.11281
chat,0.1,attack_train,0.46789
chat,0.1,attack_train,0.72202
chat,0.1,attack_train,0.63254
chat,0.1,attack_train,0.53064
chat,0.1,attack_train,0.0
chat,0.1,attack_train,0.67733
chat,0.1,attack_train,0.49593
chat,0.1,attack_train,-0.0
chat,0.1,attack_train,0.64112
chat,0.1,attack_train,-0.0
chat,0.1,attack_train,0.35904
chat,0.1,attack_train,0.0
chat,0.1,attack_train,-0.0
chat,0.1,attack_train,0.68906
chat,0.1,attack_train,0.58888
chat,0.1,attack_train,-0.0
chat,0.1,attack_train,0.0
chat,0.1,attack_train,0.42533
chat,0.1,attack_train,0.73094
chat,0.1,attack_train,-0.0
chat,0.1,attack_train,0.0
chat,0.1,attack_train,0.26394
chat,0.1,attack_train,-0.0
chat,0.1,attack_train,0.0
chat,0.1,attack_train,-0.0
chat,0.1,attack_train,-0.0
chat,0.1,attack_train,0.0
chat,0.1,attack_train,0.0
chat,0.1,attack_train,0.32988
chat,0.1,attack_train,0.69683
chat,0.1,attack_train,0.0
chat,0.1,attack_train,0.76465
chat,0.1,attack_train,0.35421
chat,0.1,attack_train,1.12131
chat,0.1,attack_train,0.62316
chat,0.1,attack_train,0.0
chat,0.1,attack_train,0.0
chat,0.1,attack_train,0.0
chat,0.1,attack_train,0.95884
chat,0.1,attack_train,-0.07246
chat,0.1,attack_train,0.05225
chat,0.1,attack_train,0.92518
chat,0.1,attack_train,0.8875
chat,0.1,attack_train,-0.0
chat,0.1,attack_train,0.0
chat,0.1,attack_train,0.0
chat,0.1,attack_train,-0.0
chat,0.1,attack_train,0.16303
chat,0.1,attack_train,0.55658
chat,0.1,attack_train,0.0
chat,0.1,attack_train,0.26272
chat,0.1,attack_train,-0.00718
chat,0.1,attack_train,0.34895
chat,0.1,attack_train,0.21351
chat,0.1,attack_train,0.0
chat,0.1,attack_train,0.26698
chat,0.1,attack_train,0.56928
chat,0.1,attack_train,0.3549
chat,0.1,attack_train,-0.0
chat,0.1,attack_train,0.0
chat,0.1,attack_train,0.42627
chat,0.1,attack_train,-0.0
chat,0.1,attack_train,0.32361
chat,0.1,attack_train,0.0
chat,0.1,attack_train,0.0
chat,0.1,attack_train,0.0
chat,0.1,attack_train,1.08126
chat,0.1,attack_train,0.07203
chat,0.1,attack_train,0.46767
chat,0.1,attack_train,0.30546
chat,0.1,attack_train,0.57953
chat,0.1,attack_train,-0.0
chat,0.1,attack_train,0.0
chat,0.1,attack_train,0.40872
chat,0.1,attack_train,0.0
chat,0.1,attack_train,0.33413
chat,0.1,attack_train,0.0
chat,0.1,attack_train,0.0
chat,0.1,attack_train,-0.0
chat,0.1,attack_train,0.46348
chat,0.1,attack_train,-0.0
chat,0.1,attack_train,0.57713
chat,0.1,attack_train,-0.0
chat,0.1,attack_train,0.02295
chat,0.1,attack_train,0.54867
chat,0.1,attack_train,0.0
chat,0.1,attack_train,0.38074
chat,0.1,attack_train,0.90389
chat,0.1,attack_train,0.0
chat,0.1,attack_train,0.0
chat,0.1,attack_train,0.95205
chat,0.1,attack_train,-0.0
chat,0.1,attack_train,0.0
chat,0.1,attack_train,0.0
chat,0.1,attack_train,0.0
chat,0.1,attack_train,0.0
chat,0.1,attack_train,1.272
chat,0.1,attack_train,-0.0
chat,0.1,attack_train,0.0
chat,0.1,attack_train,0.18973
chat,0.1,attack_train,0.0
chat,0.1,attack_train,-0.0
chat,0.1,attack_train,0.54578
chat,0.1,attack_train,0.59224
chat,0.1,attack_train,0.45164
chat,0.1,attack_train,0.53401
chat,0.1,attack_train,0.75963
chat,0.1,attack_train,0.0
chat,0.1,attack_train,0.0
chat,0.1,attack_train,0.0
chat,0.1,attack_train,-0.0
chat,0.1,attack_train,0.42
chat,0.1,attack_train,0.70795
chat,0.1,attack_train,0.0
chat,0.1,attack_train,0.0
chat,0.1,attack_train,0.95648
chat,0.1,attack_train,0.0
chat,0.1,attack_train,-0.01932
chat,0.1,attack_train,0.0
chat,0.1,attack_train,0.11339
chat,0.1,attack_train,0.53677
chat,0.1,attack_train,0.0
chat,0.1,attack_train,0.26162
chat,0.1,attack_train,0.32276
chat,0.1,attack_train,0.29226
chat,0.1,attack_train,0.45287
chat,0.1,attack_train,0.86615
chat,0.1,attack_train,0.0
chat,0.1,attack_train,0.90652
chat,0.1,attack_train,0.0
chat,0.1,attack_train,-0.0
chat,0.1,attack_train,1.00438
chat,0.1,attack_train,0.0
chat,0.1,attack_train,0.0
chat,0.1,attack_train,0.91534
chat,0.1,attack_train,0.89816
chat,0.1,attack_train,0.82756
chat,0.1,attack_train,0.81035
chat,0.1,attack_train,0.54311
chat,0.1,attack_train,0.82454
chat,0.1,attack_train,-0.0
chat,0.1,attack_train,0.0
chat,0.1,attack_train,0.07072
chat,0.1,attack_train,0.58621
chat,0.1,attack_train,0.0
chat,0.1,attack_train,0.0
chat,0.1,attack_train,0.74823
chat,0.1,attack_train,0.68248
chat,0.1,attack_train,0.7884
chat,0.1,attack_train,0.36034
chat,0.1,attack_train,0.55687
chat,0.1,attack_train,0.50323
chat,0.1,attack_train,0.0
chat,0.1,attack_train,0.16658
chat,0.1,attack_train,-0.0
chat,0.1,attack_train,0.36586
chat,0.1,attack_train,0.0
chat,0.1,attack_train,0.60413
chat,0.1,attack_train,0.32741
chat,0.1,attack_train,0.20343
chat,0.1,attack_train,0.3317
chat,0.1,attack_train,-0.0
chat,0.1,attack_train,1.08045
chat,0.1,attack_train,0.0
chat,0.1,attack_train,0.0
chat,0.1,attack_train,0.73149
chat,0.1,attack_train,0.0
chat,0.1,attack_train,0.0
chat,0.1,attack_train,0.0
chat,0.1,attack_train,0.0
chat,0.1,attack_train,0.01556
chat,0.1,attack_train,0.41691
chat,0.1,attack_train,0.40426
chat,0.1,attack_train,0.78572
chat,0.1,attack_train,0.0
chat,0.1,attack_train,0.65537
chat,0.1,attack_train,0.36986
chat,0.1,attack_train,0.0
chat,0.1,attack_train,0.72009
chat,0.1,attack_train,0.63841
chat,0.1,attack_train,0.0
chat,0.1,attack_train,0.0
chat,0.1,attack_train,0.48049
chat,0.1,attack_train,0.0
chat,0.1,attack_train,0.19293
chat,0.1,attack_train,0.22203
chat,0.1,attack_train,0.0
chat,0.1,attack_train,-0.0
chat,0.1,attack_train,0.77899
chat,0.1,attack_train,0.5151
chat,0.1,attack_train,0.0
chat,0.1,attack_train,-0.0
chat,0.1,attack_train,1.01781
chat,0.1,attack_train,0.52061
chat,0.1,attack_train,0.03663
chat,0.1,attack_train,0.04468
chat,0.1,attack_train,0.87877
chat,0.1,attack_train,1.03119
chat,0.1,attack_train,0.81025
chat,0.1,attack_train,0.0
chat,0.1,attack_train,0.56159
chat,0.1,attack_train,-0.0
chat,0.1,attack_train,0.0
chat,0.1,attack_train,0.82196
chat,0.1,attack_train,-0.0
chat,0.1,attack_train,0.0
chat,0.1,attack_train,0.0
chat,0.1,attack_train,0.4603
chat,0.1,attack_train,0.3733
chat,0.1,attack_train,0.0
chat,0.1,attack_train,0.12961
chat,0.1,attack_train,0.25759
chat,0.1,attack_train,-0.0
chat,0.1,attack_train,0.41831
chat,0.1,attack_train,0.0
chat,0.1,attack_train,0.0
chat,0.1,attack_train,0.0
chat,0.1,attack_train,0.0
chat,0.1,attack_train,0.81045
chat,0.1,attack_train,1.03594
chat,0.1,attack_train,0.0
chat,0.1,attack_train,0.0
chat,0.1,attack_train,0.0
chat,0.1,attack_train,-0.0
chat,0.1,attack_train,-0.0
chat,0.1,attack_train,0.0
chat,0.1,attack_train,-0.0
chat,0.1,attack_train,0.99819
chat,0.1,attack_train,0.58757
chat,0.1,attack_train,0.29974
chat,0.1,attack_train,0.0
chat,0.1,attack_train,0.90067
chat,0.1,attack_train,-0.0
chat,0.1,attack_train,0.0
chat,0.1,attack_train,-0.0
chat,0.1,attack_train,0.56942
chat,0.1,attack_train,0.56149
chat,0.1,attack_train,0.69772
chat,0.1,attack_train,0.0
chat,0.1,attack_train,0.0
chat,0.1,attack_train,0.61678
chat,0.1,attack_train,0.44364
chat,0.1,attack_train,-0.02689
chat,0.1,attack_train,0.0
chat,0.1,attack_train,0.0
chat,0.1,attack_train,0.07341
chat,0.1,attack_train,-0.0
chat,0.1,attack_train,0.63463
chat,0.1,attack_train,0.60669
chat,0.1,attack_train,0.48347
chat,0.1,attack_train,0.0
chat,0.1,attack_train,-0.0
chat,0.1,attack_train,0.0
chat,0.1,attack_train,0.27474
chat,0.1,attack_train,0.0
chat,0.1,attack_train,-0.0
chat,0.1,attack_train,-0.01754
chat,0.1,attack_train,0.39029
chat,0.1,attack_train,0.0
chat,0.1,attack_train,0.0
chat,0.1,attack_train,0.31889
chat,0.1,attack_train,0.64197
chat,0.1,attack_train,0.81957
chat,0.1,attack_train,0.46876
chat,0.1,attack_train,0.60039
chat,0.1,attack_train,0.0
chat,0.1,attack_train,0.55266
chat,0.1,attack_train,0.54149
chat,0.1,attack_train,-0.0
chat,0.1,attack_train,-0.0
chat,0.1,attack_train,0.0
chat,0.1,attack_train,-0.0
chat,0.1,attack_train,-0.0
chat,0.1,attack_train,0.89194
chat,0.1,attack_train,0.62946
chat,0.1,attack_train,0.0
chat,0.1,attack_train,0.49385
chat,0.1,attack_train,0.60735
chat,0.1,attack_train,0.58115
chat,0.1,attack_train,0.53278
chat,0.1,attack_train,-0.0
chat,0.1,attack_train,0.66579
chat,0.1,attack_train,-0.0
chat,0.1,attack_train,0.71264
chat,0.1,attack_train,0.17789
chat,0.1,attack_train,0.38097
chat,0.1,attack_train,0.21924
chat,0.15,attack_train,0.5478
chat,0.15,attack_train,0.0
chat,0.15,attack_train,0.0
chat,0.15,attack_train,0.5576
chat,0.15,attack_train,0.58883
chat,0.15,attack_train,0.0
chat,0.15,attack_train,0.97764
chat,0.15,attack_train,-0.0
chat,0.15,attack_train,0.98001
chat,0.15,attack_train,0.00307
chat,0.15,attack_train,0.0
chat,0.15,attack_train,0.0
chat,0.15,attack_train,1.0925
chat,0.15,attack_train,0.29709
chat,0.15,attack_train,0.83685
chat,0.15,attack_train,0.95396
chat,0.15,attack_train,0.56634
chat,0.15,attack_train,0.0
chat,0.15,attack_train,0.76807
chat,0.15,attack_train,0.56123
chat,0.15,attack_train,0.68218
chat,0.15,attack_train,0.68995
chat,0.15,attack_train,0.90006
chat,0.15,attack_train,0.75543
chat,0.15,attack_train,0.0
chat,0.15,attack_train,-0.0
chat,0.15,attack_train,1.00791
chat,0.15,attack_train,0.76194
chat,0.15,attack_train,-0.0
chat,0.15,attack_train,0.0
chat,0.15,attack_train,0.88807
chat,0.15,attack_train,0.50146
chat,0.15,attack_train,-0.0
chat,0.15,attack_train,0.0
chat,0.15,attack_train,0.74083
chat,0.15,attack_train,-0.0
chat,0.15,attack_train,0.0
chat,0.15,attack_train,0.36418
chat,0.15,attack_train,-0.0
chat,0.15,attack_train,0.0
chat,0.15,attack_train,0.0
chat,0.15,attack_train,0.70694
chat,0.15,attack_train,0.78901
chat,0.15,attack_train,0.0
chat,0.15,attack_train,0.76646
chat,0.15,attack_train,0.37598
chat,0.15,attack_train,0.42829
chat,0.15,attack_train,0.95124
chat,0.15,attack_train,0.0
chat,0.15,attack_train,0.0
chat,0.15,attack_train,0.0
chat,0.15,attack_train,1.29591
chat,0.15,attack_train,0.30609
chat,0.15,attack_train,0.05398
chat,0.15,attack_train,0.7133
chat,0.15,attack_train,0.67719
chat,0.15,attack_train,-0.0
chat,0.15,attack_train,0.0
chat,0.15,attack_train,0.0
chat,0.15,attack_train,-0.0
chat,0.15,attack_train,0.9725
chat,0.15,attack_train,0.55338
chat,0.15,attack_train,1.18993
chat,0.15,attack_train,0.68104
chat,0.15,attack_train,0.57321
chat,0.15,attack_train,0.57031
chat,0.15,attack_train,0.99316
chat,0.15,attack_train,0.0
chat,0.15,attack_train,0.73874
chat,0.15,attack_train,1.24183
chat,0.15,attack_train,0.47471
chat,0.15,attack_train,-0.0
chat,0.15,attack_train,0.0
chat,0.15,attack_train,0.30757
chat,0.15,attack_train,-0.0
chat,0.15,attack_train,0.66447
chat,0.15,attack_train,0.0
chat,0.15,attack_train,0.0
chat,0.15,attack_train,0.0
chat,0.15,attack_train,0.76494
chat,0.15,attack_train,0.0941
chat,0.15,attack_train,0.61845
chat,0.15,attack_train,0.4374
chat,0.15,attack_train,0.8676
chat,0.15,attack_train,-0.0
chat,0.15,attack_train,1.12382
chat,0.15,attack_train,1.03111
chat,0.15,attack_train,0.0
chat,0.15,attack_train,0.5526
chat,0.15,attack_train,0.0
chat,0.15,attack_train,0.0
chat,0.15,attack_train,0.63608
chat,0.15,attack_train,0.65585
chat,0.15,attack_train,-0.0
chat,0.15,attack_train,1.01391
chat,0.15,attack_train,-0.0
chat,0.15,attack_train,0.01822
chat,0.15,attack_train,0.30469
chat,0.15,attack_train,0.0
chat,0.15,attack_train,0.5354
chat,0.15,attack_train,0.89841
chat,0.15,attack_train,0.0
chat,0.15,attack_train,-0.05844
chat,0.15,attack_train,0.56319
chat,0.15,attack_train,-0.0
chat,0.15,attack_train,0.0
chat,0.15,attack_train,0.0
chat,0.15,attack_train,0.0
chat,0.15,attack_train,0.60325
chat,0.15,attack_train,1.19496
chat,0.15,attack_train,0.02876
chat,0.15,attack_train,0.80365
chat,0.15,attack_train,0.94536
chat,0.15,attack_train,0.0
chat,0.15,attack_train,-0.0
chat,0.15,attack_train,0.42795
chat,0.15,attack_train,0.85814
chat,0.15,attack_train,0.32572
chat,0.15,attack_train,0.63937
chat,0.15,attack_train,0.40609
chat,0.15,attack_train,0.9364
chat,0.15,attack_train,0.0
chat,0.15,attack_train,0.0
chat,0.15,attack_train,-0.0
chat,0.15,attack_train,0.37771
chat,0.15,attack_train,1.0054
chat,0.15,attack_train,0.0
chat,0.15,attack_train,0.0
chat,0.15,attack_train,0.70756
chat,0.15,attack_train,0.0
chat,0.15,attack_train,0.9107
chat,0.15,attack_train,0.0
chat,0.15,attack_train,0.47992
chat,0.15,attack_train,0.39172
chat,0.15,attack_train,0.0
chat,0.15,attack_train,0.68995
chat,0.15,attack_train,0.65143
chat,0.15,attack_train,0.18343
chat,0.15,attack_train,0.3983
chat,0.15,attack_train,1.3286
chat,0.15,attack_train,0.0
chat,0.15,attack_train,0.07802
chat,0.15,attack_train,0.0
chat,0.15,attack_train,-0.0
chat,0.15,attack_train,0.71993
chat,0.15,attack_train,0.02747
chat,0.15,attack_train,0.0
chat,0.15,attack_train,1.43982
chat,0.15,attack_train,1.05494
chat,0.15,attack_train,0.14142
chat,0.15,attack_train,1.18785
chat,0.15,attack_train,1.38325
chat,0.15,attack_train,0.66099
chat,0.15,attack_train,-0.0
chat,0.15,attack_train,0.0
chat,0.15,attack_train,0.83276
chat,0.15,attack_train,1.16854
chat,0.15,attack_train,0.0
chat,0.15,attack_train,0.0
chat,0.15,attack_train,0.30853
chat,0.15,attack_train,0.79016
chat,0.15,attack_train,-0.01934
chat,0.15,attack_train,0.34442
chat,0.15,attack_train,0.22252
chat,0.15,attack_train,0.86829
chat,0.15,attack_train,0.0
chat,0.15,attack_train,0.45653
chat,0.15,attack_train,-0.0
chat,0.15,attack_train,0.6573
chat,0.15,attack_train,0.0
chat,0.15,attack_train,0.48319
chat,0.15,attack_train,0.93561
chat,0.15,attack_train,0.77928
chat,0.15,attack_train,0.83764
chat,0.15,attack_train,0.90111
chat,0.15,attack_train,1.04011
chat,0.15,attack_train,0.0
chat,0.15,attack_train,0.8732
chat,0.15,attack_train,0.6191
chat,0.15,attack_train,0.0
chat,0.15,attack_train,0.0
chat,0.15,attack_train,0.99164
chat,0.15,attack_train,0.58388
chat,0.15,attack_train,0.76834
chat,0.15,attack_train,1.33042
chat,0.15,attack_train,0.52212
chat,0.15,attack_train,0.89782
chat,0.15,attack_train,0.0
chat,0.15,attack_train,0.52692
chat,0.15,attack_train,0.94792
chat,0.15,attack_train,0.0
chat,0.15,attack_train,0.43315
chat,0.15,attack_train,1.26941
chat,0.15,attack_train,0.0
chat,0.15,attack_train,0.0
chat,0.15,attack_train,0.82756
chat,0.15,attack_train,0.0
chat,0.15,attack_train,0.31599
chat,0.15,attack_train,0.72294
chat,0.15,attack_train,0.0
chat,0.15,attack_train,-0.0
chat,0.15,attack_train,0.64395
chat,0.15,attack_train,0.67392
chat,0.15,attack_train,0.0
chat,0.15,attack_train,-0.0
chat,0.15,attack_train,0.90485
chat,0.15,attack_train,-0.07242
chat,0.15,attack_train,0.4307
chat,0.15,attack_train,0.61088
chat,0.15,attack_train,0.69333
chat,0.15,attack_train,0.6862
chat,0.15,attack_train,0.8056
chat,0.15,attack_train,0.0
chat,0.15,attack_train,0.80406
chat,0.15,attack_train,0.30579
chat,0.15,attack_train,0.0
chat,0.15,attack_train,1.05784
chat,0.15,attack_train,-0.0
chat,0.15,attack_train,0.0
chat,0.15,attack_train,0.0
chat,0.15,attack_train,1.1153
chat,0.15,attack_train,0.25156
chat,0.15,attack_train,0.0
chat,0.15,attack_train,0.84047
chat,0.15,attack_train,0.67385
chat,0.15,attack_train,1.12396
chat,0.15,attack_train,0.73605
chat,0.15,attack_train,0.0
chat,0.15,attack_train,0.0
chat,0.15,attack_train,0.0
chat,0.15,attack_train,0.0
chat,0.15,attack_train,0.86588
chat,0.15,attack_train,0.68478
chat,0.15,attack_train,0.0
chat,0.15,attack_train,0.0
chat,0.15,attack_train,0.0
chat,0.15,attack_train,-0.0
chat,0.15,attack_train,-0.0
chat,0.15,attack_train,0.0
chat,0.15,attack_train,0.294
chat,0.15,attack_train,1.01187
chat,0.15,attack_train,0.64064
chat,0.15,attack_train,0.48047
chat,0.15,attack_train,0.0
chat,0.15,attack_train,0.67612
chat,0.15,attack_train,-0.0
chat,0.15,attack_train,0.0
chat,0.15,attack_train,-0.0
chat,0.15,attack_train,0.9841
chat,0.15,attack_train,0.89964
chat,0.15,attack_train,0.50323
chat,0.15,attack_train,0.0
chat,0.15,attack_train,0.75457
chat,0.15,attack_train,0.92663
chat,0.15,attack_train,0.8752
chat,0.15,attack_train,0.54376
chat,0.15,attack_train,0.0
chat,0.15,attack_train,0.0
chat,0.15,attack_train,0.82276
chat,0.15,attack_train,-0.0
chat,0.15,attack_train,0.89798
chat,0.15,attack_train,0.84723
chat,0.15,attack_train,0.6103
chat,0.15,attack_train,0.0
chat,0.15,attack_train,-0.0
chat,0.15,attack_train,0.0
chat,0.15,attack_train,0.77082
chat,0.15,attack_train,0.72298
chat,0.15,attack_train,-0.0
chat,0.15,attack_train,0.22141
chat,0.15,attack_train,0.21232
chat,0.15,attack_train,0.0
chat,0.15,attack_train,0.0
chat,0.15,attack_train,0.69453
chat,0.15,attack_train,0.64399
chat,0.15,attack_train,0.81145
chat,0.15,attack_train,1.06384
chat,0.15,attack_train,0.56996
chat,0.15,attack_train,0.0
chat,0.15,attack_train,0.65295
chat,0.15,attack_train,0.61553
chat,0.15,attack_train,0.66005
chat,0.15,attack_train,0.10975
chat,0.15,attack_train,0.0
chat,0.15,attack_train,-0.0
chat,0.15,attack_train,0.67695
chat,0.15,attack_train,0.47864
chat,0.15,attack_train,0.82373
chat,0.15,attack_train,0.0
chat,0.15,attack_train,0.31285
chat,0.15,attack_train,0.65312
chat,0.15,attack_train,0.66637
chat,0.15,attack_train,0.53586
chat,0.15,attack_train,-0.0
chat,0.15,attack_train,1.08256
chat,0.15,attack_train,-0.0
chat,0.15,attack_train,0.91423
chat,0.15,attack_train,0.99886
chat,0.15,attack_train,0.80095
chat,0.15,attack_train,0.52019
chat,0.25,attack_train,0.84932
chat,0.25,attack_train,0.0
chat,0.25,attack_train,0.0
chat,0.25,attack_train,0.81776
chat,0.25,attack_train,0.80893
chat,0.25,attack_train,0.0
chat,0.25,attack_train,0.20432
chat,0.25,attack_train,-0.0
chat,0.25,attack_train,0.84704
chat,0.25,attack_train,0.68209
chat,0.25,attack_train,0.70027
chat,0.25,attack_train,0.0
chat,0.25,attack_train,0.70833
chat,0.25,attack_train,0.8848
chat,0.25,attack_train,0.85631
chat,0.25,attack_train,0.81139
chat,0.25,attack_train,0.63538
chat,0.25,attack_train,0.0
chat,0.25,attack_train,0.92581
chat,0.25,attack_train,0.81881
chat,0.25,attack_train,0.62102
chat,0.25,attack_train,1.24892
chat,0.25,attack_train,0.6612
chat,0.25,attack_train,0.78205
chat,0.25,attack_train,0.7144
chat,0.25,attack_train,-0.0
chat,0.25,attack_train,1.08894
chat,0.25,attack_train,0.71279
chat,0.25,attack_train,-0.0
chat,0.25,attack_train,0.0
chat,0.25,attack_train,0.88902
chat,0.25,attack_train,0.97381
chat,0.25,attack_train,-0.0
chat,0.25,attack_train,0.0
chat,0.25,attack_train,0.69341
chat,0.25,attack_train,-0.0
chat,0.25,attack_train,0.26155
chat,0.25,attack_train,0.34395
chat,0.25,attack_train,-0.0
chat,0.25,attack_train,0.0
chat,0.25,attack_train,0.0
chat,0.25,attack_train,0.55042
chat,0.25,attack_train,0.48719
chat,0.25,attack_train,-0.00571
chat,0.25,attack_train,0.93199
chat,0.25,attack_train,0.81806
chat,0.25,attack_train,1.12422
chat,0.25,attack_train,0.82565
chat,0.25,attack_train,0.0
chat,0.25,attack_train,0.0
chat,0.25,attack_train,0.0
chat,0.25,attack_train,0.9546
chat,0.25,attack_train,0.6709
chat,0.25,attack_train,0.59539
chat,0.25,attack_train,0.96144
chat,0.25,attack_train,0.81563
chat,0.25,attack_train,0.79555
chat,0.25,attack_train,0.0
chat,0.25,attack_train,-0.00777
chat,0.25,attack_train,-0.0
chat,0.25,attack_train,0.68644
chat,0.25,attack_train,0.96551
chat,0.25,attack_train,0.88401
chat,0.25,attack_train,0.80662
chat,0.25,attack_train,0.94139
chat,0.25,attack_train,0.90329
chat,0.25,attack_train,0.72716
chat,0.25,attack_train,0.0
chat,0.25,attack_train,1.02262
chat,0.25,attack_train,0.6286
chat,0.25,attack_train,0.76003
chat,0.25,attack_train,-0.0
chat,0.25,attack_train,0.0
chat,0.25,attack_train,0.86114
chat,0.25,attack_train,-0.0
chat,0.25,attack_train,0.6963
chat,0.25,attack_train,0.0
chat,0.25,attack_train,0.0
chat,0.25,attack_train,0.0
chat,0.25,attack_train,0.7863
chat,0.25,attack_train,0.08099
chat,0.25,attack_train,0.6518
chat,0.25,attack_train,0.61158
chat,0.25,attack_train,0.82905
chat,0.25,attack_train,-0.0
chat,0.25,attack_train,0.59154
chat,0.25,attack_train,1.19672
chat,0.25,attack_train,0.0
chat,0.25,attack_train,0.82333
chat,0.25,attack_train,0.0
chat,0.25,attack_train,0.0
chat,0.25,attack_train,0.70929
chat,0.25,attack_train,0.74034
chat,0.25,attack_train,-0.0
chat,0.25,attack_train,0.84537
chat,0.25,attack_train,0.98165
chat,0.25,attack_train,0.01389
chat,0.25,attack_train,0.83657
chat,0.25,attack_train,0.0
chat,0.25,attack_train,1.04941
chat,0.25,attack_train,0.73451
chat,0.25,attack_train,0.0
chat,0.25,attack_train,0.97136
chat,0.25,attack_train,0.9355
chat,0.25,attack_train,-0.00417
chat,0.25,attack_train,0.0
chat,0.25,attack_train,0.0
chat,0.25,attack_train,0.0
chat,0.25,attack_train,0.90974
chat,0.25,attack_train,1.17057
chat,0.25,attack_train,0.275
chat,0.25,attack_train,1.4586
chat,0.25,attack_train,0.92768
chat,0.25,attack_train,0.0
chat,0.25,attack_train,-0.0
chat,0.25,attack_train,0.69459
chat,0.25,attack_train,0.89717
chat,0.25,attack_train,0.56708
chat,0.25,attack_train,0.80652
chat,0.25,attack_train,0.94077
chat,0.25,attack_train,0.92474
chat,0.25,attack_train,0.0
chat,0.25,attack_train,0.0
chat,0.25,attack_train,0.52883
chat,0.25,attack_train,0.74675
chat,0.25,attack_train,1.33068
chat,0.25,attack_train,0.71869
chat,0.25,attack_train,0.0
chat,0.25,attack_train,0.92869
chat,0.25,attack_train,0.0
chat,0.25,attack_train,0.70788
chat,0.25,attack_train,0.0
chat,0.25,attack_train,0.84166
chat,0.25,attack_train,0.79167
chat,0.25,attack_train,0.0
chat,0.25,attack_train,0.77451
chat,0.25,attack_train,0.69396
chat,0.25,attack_train,0.86803
chat,0.25,attack_train,0.61449
chat,0.25,attack_train,0.82652
chat,0.25,attack_train,1.0771
chat,0.25,attack_train,0.82464
chat,0.25,attack_train,0.0
chat,0.25,attack_train,-0.05223
chat,0.25,attack_train,0.95678
chat,0.25,attack_train,1.05789
chat,0.25,attack_train,0.0
chat,0.25,attack_train,1.2095
chat,0.25,attack_train,0.68716
chat,0.25,attack_train,0.18747
chat,0.25,attack_train,0.17796
chat,0.25,attack_train,0.32346
chat,0.25,attack_train,1.28237
chat,0.25,attack_train,0.77899
chat,0.25,attack_train,0.0
chat,0.25,attack_train,1.13915
chat,0.25,attack_train,0.64596
chat,0.25,attack_train,-0.00534
chat,0.25,attack_train,0.0
chat,0.25,attack_train,0.76983
chat,0.25,attack_train,0.86027
chat,0.25,attack_train,0.99104
chat,0.25,attack_train,1.15464
chat,0.25,attack_train,0.2238
chat,0.25,attack_train,0.68465
chat,0.25,attack_train,0.0
chat,0.25,attack_train,0.81967
chat,0.25,attack_train,1.08528
chat,0.25,attack_train,0.4827
chat,0.25,attack_train,0.0
chat,0.25,attack_train,0.66101
chat,0.25,attack_train,0.86137
chat,0.25,attack_train,0.71176
chat,0.25,attack_train,0.7335
chat,0.25,attack_train,0.42785
chat,0.25,attack_train,0.84168
chat,0.25,attack_train,0.0
chat,0.25,attack_train,1.27631
chat,0.25,attack_train,0.64999
chat,0.25,attack_train,0.0
chat,0.25,attack_train,0.0
chat,0.25,attack_train,0.26843
chat,0.25,attack_train,0.85435
chat,0.25,attack_train,0.85513
chat,0.25,attack_train,0.88426
chat,0.25,attack_train,0.38225
chat,0.25,attack_train,0.87576
chat,0.25,attack_train,0.0
chat,0.25,attack_train,0.85539
chat,0.25,attack_train,0.50095
chat,0.25,attack_train,0.0
chat,0.25,attack_train,0.70136
chat,0.25,attack_train,0.25074
chat,0.25,attack_train,0.0
chat,0.25,attack_train,0.0
chat,0.25,attack_train,0.12525
chat,0.25,attack_train,0.0
chat,0.25,attack_train,0.72254
chat,0.25,attack_train,1.07797
chat,0.25,attack_train,0.0
chat,0.25,attack_train,0.09378
chat,0.25,attack_train,0.96626
chat,0.25,attack_train,0.98477
chat,0.25,attack_train,0.0
chat,0.25,attack_train,-0.0
chat,0.25,attack_train,0.52493
chat,0.25,attack_train,0.91824
chat,0.25,attack_train,0.11749
chat,0.25,attack_train,0.79684
chat,0.25,attack_train,0.64338
chat,0.25,attack_train,0.82094
chat,0.25,attack_train,0.77557
chat,0.25,attack_train,0.0
chat,0.25,attack_train,0.72348
chat,0.25,attack_train,0.87784
chat,0.25,attack_train,0.25278
chat,0.25,attack_train,0.04563
chat,0.25,attack_train,-0.0
chat,0.25,attack_train,0.98372
chat,0.25,attack_train,1.21838
chat,0.25,attack_train,0.46906
chat,0.25,attack_train,0.15611
chat,0.25,attack_train,0.0
chat,0.25,attack_train,-0.03374
chat,0.25,attack_train,0.90883
chat,0.25,attack_train,1.29348
chat,0.25,attack_train,0.79707
chat,0.25,attack_train,0.0
chat,0.25,attack_train,0.72754
chat,0.25,attack_train,0.0
chat,0.25,attack_train,0.0
chat,0.25,attack_train,0.54909
chat,0.25,attack_train,0.73939
chat,0.25,attack_train,0.0
chat,0.25,attack_train,0.0
chat,0.25,attack_train,1.01507
chat,0.25,attack_train,-0.0
chat,0.25,attack_train,-0.0
chat,0.25,attack_train,0.0
chat,0.25,attack_train,0.91937
chat,0.25,attack_train,0.67178
chat,0.25,attack_train,0.88362
chat,0.25,attack_train,0.70338
chat,0.25,attack_train,1.05552
chat,0.25,attack_train,1.08305
chat,0.25,attack_train,-0.0
chat,0.25,attack_train,0.0
chat,0.25,attack_train,-0.0
chat,0.25,attack_train,1.11813
chat,0.25,attack_train,1.18764
chat,0.25,attack_train,0.52619
chat,0.25,attack_train,0.0
chat,0.25,attack_train,0.87707
chat,0.25,attack_train,0.7986
chat,0.25,attack_train,0.7131
chat,0.25,attack_train,0.70758
chat,0.25,attack_train,0.0
chat,0.25,attack_train,0.0
chat,0.25,attack_train,0.84987
chat,0.25,attack_train,-0.0
chat,0.25,attack_train,-0.03695
chat,0.25,attack_train,1.28556
chat,0.25,attack_train,0.72117
chat,0.25,attack_train,0.0
chat,0.25,attack_train,0.88293
chat,0.25,attack_train,0.0
chat,0.25,attack_train,0.45031
chat,0.25,attack_train,1.10457
chat,0.25,attack_train,-0.0
chat,0.25,attack_train,0.04119
chat,0.25,attack_train,0.97175
chat,0.25,attack_train,0.95728
chat,0.25,attack_train,0.0
chat,0.25,attack_train,0.59211
chat,0.25,attack_train,1.05932
chat,0.25,attack_train,0.80035
chat,0.25,attack_train,0.91939
chat,0.25,attack_train,0.72507
chat,0.25,attack_train,0.0
chat,0.25,attack_train,0.77226
chat,0.25,attack_train,0.76214
chat,0.25,attack_train,0.9466
chat,0.25,attack_train,0.79688
chat,0.25,attack_train,0.0
chat,0.25,attack_train,-0.0
chat,0.25,attack_train,0.84198
chat,0.25,attack_train,0.81375
chat,0.25,attack_train,0.75318
chat,0.25,attack_train,0.0
chat,0.25,attack_train,0.55228
chat,0.25,attack_train,1.14912
chat,0.25,attack_train,0.51954
chat,0.25,attack_train,0.76355
chat,0.25,attack_train,0.04522
chat,0.25,attack_train,0.65396
chat,0.25,attack_train,0.98652
chat,0.25,attack_train,0.6731
chat,0.25,attack_train,0.70705
chat,0.25,attack_train,0.8751
chat,0.25,attack_train,0.04828
chat,0.5,attack_train,1.2286
chat,0.5,attack_train,0.87681
chat,0.5,attack_train,0.96174
chat,0.5,attack_train,0.81997
chat,0.5,attack_train,0.7047
chat,0.5,attack_train,0.83255
chat,0.5,attack_train,1.14924
chat,0.5,attack_train,-0.0
chat,0.5,attack_train,0.90747
chat,0.5,attack_train,0.12609
chat,0.5,attack_train,1.10732
chat,0.5,attack_train,0.93414
chat,0.5,attack_train,0.92772
chat,0.5,attack_train,1.00736
chat,0.5,attack_train,0.7803
chat,0.5,attack_train,0.9676
chat,0.5,attack_train,0.87371
chat,0.5,attack_train,0.0
chat,0.5,attack_train,0.79803
chat,0.5,attack_train,0.85242
chat,0.5,attack_train,0.92508
chat,0.5,attack_train,1.03604
chat,0.5,attack_train,0.32578
chat,0.5,attack_train,0.25081
chat,0.5,attack_train,0.75003
chat,0.5,attack_train,-0.0
chat,0.5,attack_train,0.08101
chat,0.5,attack_train,0.89844
chat,0.5,attack_train,0.71873
chat,0.5,attack_train,0.99431
chat,0.5,attack_train,0.34707
chat,0.5,attack_train,0.83158
chat,0.5,attack_train,-0.0
chat,0.5,attack_train,0.81871
chat,0.5,attack_train,0.27858
chat,0.5,attack_train,0.98119
chat,0.5,attack_train,0.79973
chat,0.5,attack_train,0.96315
chat,0.5,attack_train,-0.0
chat,0.5,attack_train,0.82844
chat,0.5,attack_train,-0.01266
chat,0.5,attack_train,0.83639
chat,0.5,attack_train,1.00122
chat,0.5,attack_train,0.17995
chat,0.5,attack_train,0.88733
chat,0.5,attack_train,0.91872
chat,0.5,attack_train,1.00862
chat,0.5,attack_train,0.85823
chat,0.5,attack_train,0.0
chat,0.5,attack_train,0.95772
chat,0.5,attack_train,0.0
chat,0.5,attack_train,0.91868
chat,0.5,attack_train,0.7937
chat,0.5,attack_train,0.98373
chat,0.5,attack_train,0.19481
chat,0.5,attack_train,1.09694
chat,0.5,attack_train,0.96095
chat,0.5,attack_train,0.0
chat,0.5,attack_train,0.88862
chat,0.5,attack_train,-0.0
chat,0.5,attack_train,0.89053
chat,0.5,attack_train,0.94179
chat,0.5,attack_train,0.94381
chat,0.5,attack_train,0.81962
chat,0.5,attack_train,0.18003
chat,0.5,attack_train,1.01188
chat,0.5,attack_train,1.01513
chat,0.5,attack_train,0.89637
chat,0.5,attack_train,0.74933
chat,0.5,attack_train,0.90568
chat,0.5,attack_train,1.09776
chat,0.5,attack_train,0.94948
chat,0.5,attack_train,1.199
chat,0.5,attack_train,0.89244
chat,0.5,attack_train,-0.0
chat,0.5,attack_train,0.86345
chat,0.5,attack_train,0.7434
chat,0.5,attack_train,0.82135
chat,0.5,attack_train,0.93252
chat,0.5,attack_train,0.85703
chat,0.5,attack_train,0.81504
chat,0.5,attack_train,0.08825
chat,0.5,attack_train,0.78726
chat,0.5,attack_train,0.69049
chat,0.5,attack_train,0.58847
chat,0.5,attack_train,0.69828
chat,0.5,attack_train,0.07201
chat,0.5,attack_train,0.0
chat,0.5,attack_train,0.99071
chat,0.5,attack_train,1.00134
chat,0.5,attack_train,0.0
chat,0.5,attack_train,0.91332
chat,0.5,attack_train,0.8788
chat,0.5,attack_train,0.20246
chat,0.5,attack_train,0.9985
chat,0.5,attack_train,1.04909
chat,0.5,attack_train,0.00831
chat,0.5,attack_train,0.87451
chat,0.5,attack_train,0.83973
chat,0.5,attack_train,0.64831
chat,0.5,attack_train,0.90468
chat,0.5,attack_train,0.0
chat,0.5,attack_train,0.98546
chat,0.5,attack_train,1.06149
chat,0.5,attack_train,0.3995
chat,0.5,attack_train,0.0
chat,0.5,attack_train,0.0
chat,0.5,attack_train,1.07179
chat,0.5,attack_train,0.81459
chat,0.5,attack_train,0.93521
chat,0.5,attack_train,0.88563
chat,0.5,attack_train,0.32377
chat,0.5,attack_train,0.79531
chat,0.5,attack_train,0.89063
chat,0.5,attack_train,0.81552
chat,0.5,attack_train,0.90515
chat,0.5,attack_train,0.81802
chat,0.5,attack_train,0.06407
chat,0.5,attack_train,0.88402
chat,0.5,attack_train,1.09877
chat,0.5,attack_train,1.11286
chat,0.5,attack_train,0.27447
chat,0.5,attack_train,0.94098
chat,0.5,attack_train,0.93612
chat,0.5,attack_train,1.09758
chat,0.5,attack_train,1.17135
chat,0.5,attack_train,1.00635
chat,0.5,attack_train,1.04014
chat,0.5,attack_train,0.75095
chat,0.5,attack_train,0.98088
chat,0.5,attack_train,0.87751
chat,0.5,attack_train,1.09374
chat,0.5,attack_train,1.06143
chat,0.5,attack_train,0.88352
chat,0.5,attack_train,0.0
chat,0.5,attack_train,0.86221
chat,0.5,attack_train,1.01583
chat,0.5,attack_train,0.89981
chat,0.5,attack_train,0.92852
chat,0.5,attack_train,0.22551
chat,0.5,attack_train,0.94515
chat,0.5,attack_train,0.23785
chat,0.5,attack_train,0.78862
chat,0.5,attack_train,0.44651
chat,0.5,attack_train,0.96571
chat,0.5,attack_train,0.87557
chat,0.5,attack_train,1.01332
chat,0.5,attack_train,0.97038
chat,0.5,attack_train,0.68524
chat,0.5,attack_train,-0.01651
chat,0.5,attack_train,0.88429
chat,0.5,attack_train,1.04241
chat,0.5,attack_train,1.22281
chat,0.5,attack_train,0.68434
chat,0.5,attack_train,0.0
chat,0.5,attack_train,1.10787
chat,0.5,attack_train,0.972
chat,0.5,attack_train,0.92715
chat,0.5,attack_train,0.87252
chat,0.5,attack_train,0.7431
chat,0.5,attack_train,0.86643
chat,0.5,attack_train,1.03304
chat,0.5,attack_train,0.95623
chat,0.5,attack_train,0.42841
chat,0.5,attack_train,1.18485
chat,0.5,attack_train,0.0
chat,0.5,attack_train,0.63828
chat,0.5,attack_train,0.83233
chat,0.5,attack_train,0.48797
chat,0.5,attack_train,-0.00519
chat,0.5,attack_train,0.42256
chat,0.5,attack_train,1.06056
chat,0.5,attack_train,1.06834
chat,0.5,attack_train,0.83755
chat,0.5,attack_train,0.37347
chat,0.5,attack_train,0.80243
chat,0.5,attack_train,0.0
chat,0.5,attack_train,0.21886
chat,0.5,attack_train,0.78707
chat,0.5,attack_train,0.0
chat,0.5,attack_train,0.01943
chat,0.5,attack_train,0.93739
chat,0.5,attack_train,0.8319
chat,0.5,attack_train,0.99785
chat,0.5,attack_train,1.08476
chat,0.5,attack_train,0.90644
chat,0.5,attack_train,0.70833
chat,0.5,attack_train,0.0
chat,0.5,attack_train,0.64765
chat,0.5,attack_train,1.15921
chat,0.5,attack_train,0.0
chat,0.5,attack_train,0.19019
chat,0.5,attack_train,0.67848
chat,0.5,attack_train,0.0
chat,0.5,attack_train,-0.00909
chat,0.5,attack_train,0.8852
chat,0.5,attack_train,0.0
chat,0.5,attack_train,0.23585
chat,0.5,attack_train,1.10848
chat,0.5,attack_train,0.0
chat,0.5,attack_train,0.51151
chat,0.5,attack_train,0.86326
chat,0.5,attack_train,0.97698
chat,0.5,attack_train,0.81283
chat,0.5,attack_train,0.79028
chat,0.5,attack_train,0.76974
chat,0.5,attack_train,1.07761
chat,0.5,attack_train,0.79687
chat,0.5,attack_train,0.79072
chat,0.5,attack_train,0.99972
chat,0.5,attack_train,0.72447
chat,0.5,attack_train,0.78727
chat,0.5,attack_train,0.67489
chat,0.5,attack_train,0.92317
chat,0.5,attack_train,0.7693
chat,0.5,attack_train,1.13094
chat,0.5,attack_train,0.77305
chat,0.5,attack_train,0.78885
chat,0.5,attack_train,0.92134
chat,0.5,attack_train,1.05089
chat,0.5,attack_train,0.89379
chat,0.5,attack_train,1.06474
chat,0.5,attack_train,0.47989
chat,0.5,attack_train,1.00418
chat,0.5,attack_train,1.04905
chat,0.5,attack_train,0.46208
chat,0.5,attack_train,0.75152
chat,0.5,attack_train,1.11332
chat,0.5,attack_train,0.7706
chat,0.5,attack_train,1.08719
chat,0.5,attack_train,0.0
chat,0.5,attack_train,0.91882
chat,0.5,attack_train,0.90679
chat,0.5,attack_train,1.00131
chat,0.5,attack_train,0.83503
chat,0.5,attack_train,0.86322
chat,0.5,attack_train,1.00192
chat,0.5,attack_train,-0.0
chat,0.5,attack_train,-0.00458
chat,0.5,attack_train,0.8143
chat,0.5,attack_train,0.85793
chat,0.5,attack_train,0.99169
chat,0.5,attack_train,0.87081
chat,0.5,attack_train,0.79295
chat,0.5,attack_train,1.07173
chat,0.5,attack_train,-0.0
chat,0.5,attack_train,1.14272
chat,0.5,attack_train,-0.0
chat,0.5,attack_train,0.74518
chat,0.5,attack_train,1.10561
chat,0.5,attack_train,0.86285
chat,0.5,attack_train,-0.00151
chat,0.5,attack_train,0.82355
chat,0.5,attack_train,0.96938
chat,0.5,attack_train,0.9562
chat,0.5,attack_train,0.85419
chat,0.5,attack_train,0.67973
chat,0.5,attack_train,0.0
chat,0.5,attack_train,0.85555
chat,0.5,attack_train,0.79759
chat,0.5,attack_train,0.84764
chat,0.5,attack_train,1.04966
chat,0.5,attack_train,1.00662
chat,0.5,attack_train,0.0
chat,0.5,attack_train,0.75867
chat,0.5,attack_train,0.0
chat,0.5,attack_train,0.35845
chat,0.5,attack_train,0.92306
chat,0.5,attack_train,-0.00901
chat,0.5,attack_train,0.78415
chat,0.5,attack_train,1.06753
chat,0.5,attack_train,1.23338
chat,0.5,attack_train,1.19597
chat,0.5,attack_train,0.99116
chat,0.5,attack_train,0.88197
chat,0.5,attack_train,0.88735
chat,0.5,attack_train,0.76243
chat,0.5,attack_train,0.85462
chat,0.5,attack_train,0.00251
chat,0.5,attack_train,0.93523
chat,0.5,attack_train,0.89415
chat,0.5,attack_train,1.0537
chat,0.5,attack_train,0.84083
chat,0.5,attack_train,0.98855
chat,0.5,attack_train,0.93215
chat,0.5,attack_train,0.91111
chat,0.5,attack_train,0.63399
chat,0.5,attack_train,0.93997
chat,0.5,attack_train,-0.01827
chat,0.5,attack_train,0.93601
chat,0.5,attack_train,1.16115
chat,0.5,attack_train,1.07014
chat,0.5,attack_train,0.98585
chat,0.5,attack_train,0.90696
chat,0.5,attack_train,0.82394
chat,0.5,attack_train,0.89892
chat,0.5,attack_train,1.06572
chat,0.5,attack_train,0.83101
chat,0.5,attack_train,0.64963
chat,0.5,attack_train,0.6973
chat,1.0,attack_train,0.69205
chat,1.0,attack_train,0.60091
chat,1.0,attack_train,0.94984
chat,1.0,attack_train,0.85528
chat,1.0,attack_train,0.46501
chat,1.0,attack_train,0.10483
chat,1.0,attack_train,0.29175
chat,1.0,attack_train,0.81478
chat,1.0,attack_train,0.16881
chat,1.0,attack_train,1.06056
chat,1.0,attack_train,0.11664
chat,1.0,attack_train,0.72983
chat,1.0,attack_train,0.65747
chat,1.0,attack_train,0.229
chat,1.0,attack_train,1.04241
chat,1.0,attack_train,0.34811
chat,1.0,attack_train,1.0512
chat,1.0,attack_train,0.52141
chat,1.0,attack_train,0.82376
chat,1.0,attack_train,0.86203
chat,1.0,attack_train,0.15328
chat,1.0,attack_train,0.05256
chat,1.0,attack_train,0.41205
chat,1.0,attack_train,0.88476
chat,1.0,attack_train,0.26785
chat,1.0,attack_train,0.66903
chat,1.0,attack_train,0.67086
chat,1.0,attack_train,0.77503
chat,1.0,attack_train,0.18199
chat,1.0,attack_train,0.17025
chat,1.0,attack_train,0.53178
chat,1.0,attack_train,0.89269
chat,1.0,attack_train,0.67701
chat,1.0,attack_train,1.14608
chat,1.0,attack_train,0.44494
chat,1.0,attack_train,0.51847
chat,1.0,attack_train,0.49998
chat,1.0,attack_train,0.08654
chat,1.0,attack_train,0.61989
chat,1.0,attack_train,0.26477
chat,1.0,attack_train,0.97244
chat,1.0,attack_train,0.54613
chat,1.0,attack_train,1.00967
chat,1.0,attack_train,0.5102
chat,1.0,attack_train,0.86069
chat,1.0,attack_train,0.59087
chat,1.0,attack_train,0.34608
chat,1.0,attack_train,0.14363
chat,1.0,attack_train,0.96017
chat,1.0,attack_train,0.83395
chat,1.0,attack_train,0.0
chat,1.0,attack_train,0.89332
chat,1.0,attack_train,0.71518
chat,1.0,attack_train,1.05754
chat,1.0,attack_train,0.93837
chat,1.0,attack_train,0.72492
chat,1.0,attack_train,0.46031
chat,1.0,attack_train,0.0
chat,1.0,attack_train,0.22949
chat,1.0,attack_train,0.02006
chat,1.0,attack_train,1.0226
chat,1.0,attack_train,0.50344
chat,1.0,attack_train,0.88146
chat,1.0,attack_train,0.43501
chat,1.0,attack_train,0.82816
chat,1.0,attack_train,0.91079
chat,1.0,attack_train,0.4531
chat,1.0,attack_train,0.19357
chat,1.0,attack_train,0.8705
chat,1.0,attack_train,0.08649
chat,1.0,attack_train,0.71855
chat,1.0,attack_train,0.89822
chat,1.0,attack_train,1.11048
chat,1.0,attack_train,0.72657
chat,1.0,attack_train,0.12854
chat,1.0,attack_train,0.91545
chat,1.0,attack_train,0.57592
chat,1.0,attack_train,1.02901
chat,1.0,attack_train,0.82644
chat,1.0,attack_train,1.06933
chat,1.0,attack_train,0.8867
chat,1.0,attack_train,1.16662
chat,1.0,attack_train,0.29915
chat,1.0,attack_train,0.65638
chat,1.0,attack_train,0.03399
chat,1.0,attack_train,0.8041
chat,1.0,attack_train,0.73264
chat,1.0,attack_train,0.35984
chat,1.0,attack_train,0.26602
chat,1.0,attack_train,0.79084
chat,1.0,attack_train,0.83714
chat,1.0,attack_train,0.18079
chat,1.0,attack_train,0.77692
chat,1.0,attack_train,0.24687
chat,1.0,attack_train,1.03537
chat,1.0,attack_train,0.07611
chat,1.0,attack_train,0.00428
chat,1.0,attack_train,0.01559
chat,1.0,attack_train,0.32796
chat,1.0,attack_train,1.03183
chat,1.0,attack_train,0.18639
chat,1.0,attack_train,0.28113
chat,1.0,attack_train,1.01806
chat,1.0,attack_train,0.68507
chat,1.0,attack_train,0.36754
chat,1.0,attack_train,0.61987
chat,1.0,attack_train,1.00865
chat,1.0,attack_train,0.85572
chat,1.0,attack_train,0.34418
chat,1.0,attack_train,0.33841
chat,1.0,attack_train,0.90405
chat,1.0,attack_train,0.13611
chat,1.0,attack_train,0.72977
chat,1.0,attack_train,0.84469
chat,1.0,attack_train,0.61076
chat,1.0,attack_train,0.38335
chat,1.0,attack_train,0.26925
chat,1.0,attack_train,0.91509
chat,1.0,attack_train,0.51612
chat,1.0,attack_train,0.79561
chat,1.0,attack_train,0.31339
chat,1.0,attack_train,0.94365
chat,1.0,attack_train,0.17718
chat,1.0,attack_train,0.789
chat,1.0,attack_train,0.63562
chat,1.0,attack_train,0.31452
chat,1.0,attack_train,0.79055
chat,1.0,attack_train,0.33358
chat,1.0,attack_train,0.30609
chat,1.0,attack_train,0.13701
chat,1.0,attack_train,0.58875
chat,1.0,attack_train,0.43488
chat,1.0,attack_train,0.24925
chat,1.0,attack_train,0.81279
chat,1.0,attack_train,0.0
chat,1.0,attack_train,0.20037
chat,1.0,attack_train,0.9666
chat,1.0,attack_train,0.30986
chat,1.0,attack_train,0.91277
chat,1.0,attack_train,0.92727
chat,1.0,attack_train,0.98804
chat,1.0,attack_train,0.19224
chat,1.0,attack_train,1.08337
chat,1.0,attack_train,0.17944
chat,1.0,attack_train,0.18283
chat,1.0,attack_train,0.6501
chat,1.0,attack_train,0.85836
chat,1.0,attack_train,-0.01122
chat,1.0,attack_train,0.75209
chat,1.0,attack_train,0.64747
chat,1.0,attack_train,0.91598
chat,1.0,attack_train,0.39776
chat,1.0,attack_train,0.95675
chat,1.0,attack_train,0.62791
chat,1.0,attack_train,0.22464
chat,1.0,attack_train,0.76968
chat,1.0,attack_train,0.80166
chat,1.0,attack_train,0.9373
chat,1.0,attack_train,0.87613
chat,1.0,attack_train,0.57123
chat,1.0,attack_train,0.79893
chat,1.0,attack_train,0.31489
chat,1.0,attack_train,1.10973
chat,1.0,attack_train,0.73082
chat,1.0,attack_train,1.04232
chat,1.0,attack_train,0.0
chat,1.0,attack_train,0.41288
chat,1.0,attack_train,0.71944
chat,1.0,attack_train,0.8273
chat,1.0,attack_train,0.17993
chat,1.0,attack_train,0.28388
chat,1.0,attack_train,0.24546
chat,1.0,attack_train,0.29188
chat,1.0,attack_train,0.42992
chat,1.0,attack_train,0.41132
chat,1.0,attack_train,0.27783
chat,1.0,attack_train,0.26784
chat,1.0,attack_train,0.84032
chat,1.0,attack_train,0.86599
chat,1.0,attack_train,0.0
chat,1.0,attack_train,0.06366
chat,1.0,attack_train,0.69725
chat,1.0,attack_train,0.78033
chat,1.0,attack_train,0.7911
chat,1.0,attack_train,0.45674
chat,1.0,attack_train,0.81911
chat,1.0,attack_train,0.94504
chat,1.0,attack_train,0.0
chat,1.0,attack_train,0.63737
chat,1.0,attack_train,0.94935
chat,1.0,attack_train,0.98639
chat,1.0,attack_train,0.01976
chat,1.0,attack_train,0.84376
chat,1.0,attack_train,0.61554
chat,1.0,attack_train,0.47499
chat,1.0,attack_train,0.21035
chat,1.0,attack_train,0.95821
chat,1.0,attack_train,0.81004
chat,1.0,attack_train,0.18839
chat,1.0,attack_train,0.0
chat,1.0,attack_train,0.18601
chat,1.0,attack_train,0.45984
chat,1.0,attack_train,0.14288
chat,1.0,attack_train,0.65335
chat,1.0,attack_train,0.27113
chat,1.0,attack_train,0.74247
chat,1.0,attack_train,0.33322
chat,1.0,attack_train,0.02716
chat,1.0,attack_train,0.17899
chat,1.0,attack_train,0.44346
chat,1.0,attack_train,0.79223
chat,1.0,attack_train,0.8666
chat,1.0,attack_train,0.24976
chat,1.0,attack_train,0.2044
chat,1.0,attack_train,0.27803
chat,1.0,attack_train,0.88738
chat,1.0,attack_train,0.42307
chat,1.0,attack_train,0.46543
chat,1.0,attack_train,0.81436
chat,1.0,attack_train,0.33247
chat,1.0,attack_train,0.68748
chat,1.0,attack_train,0.82746
chat,1.0,attack_train,0.8244
chat,1.0,attack_train,0.61957
chat,1.0,attack_train,0.23326
chat,1.0,attack_train,0.19747
chat,1.0,attack_train,0.63235
chat,1.0,attack_train,-0.00937
chat,1.0,attack_train,0.23254
chat,1.0,attack_train,0.60891
chat,1.0,attack_train,0.4827
chat,1.0,attack_train,0.28262
chat,1.0,attack_train,1.04711
chat,1.0,attack_train,0.25096
chat,1.0,attack_train,0.23371
chat,1.0,attack_train,0.81356
chat,1.0,attack_train,0.51542
chat,1.0,attack_train,0.29489
chat,1.0,attack_train,0.39377
chat,1.0,attack_train,0.83644
chat,1.0,attack_train,0.39022
chat,1.0,attack_train,0.28657
chat,1.0,attack_train,0.32444
chat,1.0,attack_train,0.81709
chat,1.0,attack_train,0.82822
chat,1.0,attack_train,0.55608
chat,1.0,attack_train,0.86921
chat,1.0,attack_train,-0.0
chat,1.0,attack_train,0.07872
chat,1.0,attack_train,0.62757
chat,1.0,attack_train,0.23144
chat,1.0,attack_train,0.80042
chat,1.0,attack_train,0.67686
chat,1.0,attack_train,0.03238
chat,1.0,attack_train,1.03865
chat,1.0,attack_train,0.81621
chat,1.0,attack_train,0.65536
chat,1.0,attack_train,1.00526
chat,1.0,attack_train,0.12964
chat,1.0,attack_train,0.08179
chat,1.0,attack_train,0.30171
chat,1.0,attack_train,0.8134
chat,1.0,attack_train,0.04515
chat,1.0,attack_train,0.0
chat,1.0,attack_train,0.21915
chat,1.0,attack_train,0.96795
chat,1.0,attack_train,0.13762
chat,1.0,attack_train,0.69718
chat,1.0,attack_train,0.85529
chat,1.0,attack_train,0.44901
chat,1.0,attack_train,0.48431
chat,1.0,attack_train,1.01855
chat,1.0,attack_train,0.61472
chat,1.0,attack_train,0.0657
chat,1.0,attack_train,0.93618
chat,1.0,attack_train,0.20734
chat,1.0,attack_train,0.77618
chat,1.0,attack_train,1.04256
chat,1.0,attack_train,0.86212
chat,1.0,attack_train,0.8252
chat,1.0,attack_train,0.74213
chat,1.0,attack_train,0.32289
chat,1.0,attack_train,0.5777
chat,1.0,attack_train,0.41717
chat,1.0,attack_train,0.9458
chat,1.0,attack_train,0.511
chat,1.0,attack_train,0.244
chat,1.0,attack_train,0.89672
chat,1.0,attack_train,0.82963
chat,1.0,attack_train,0.25568
chat,1.0,attack_train,0.13203
chat,1.0,attack_train,0.12136
chat,1.0,attack_train,0.66881
chat,1.0,attack_train,0.44871
chat,1.0,attack_train,0.96783
chat,1.0,attack_train,0.53983
chat,1.0,attack_train,0.54623
chat,1.0,attack_train,0.87785
chat,1.0,attack_train,0.59053
chat,1.0,attack_train,0.19488
