arm,prompt_id,first,second,text_sha
sel_n64,1nzes2,Tie,Tie,f8d8b640ffb8
sel_n64,2786lw,B,B,3a4e3dcc9581
sel_n64,2ov45h,Tie,B,0aa0a70f7a09
sel_n64,49u4dh,B,B,2ed6feebcbf2
sel_n64,4iorz7,Tie,B,dd9d233642a6
sel_n64,4xzr87,A,A,6e79fec70e83
sel_n64,53rqr9,B,Tie,08020703481e
sel_n64,5apkek,Tie,B,fb5358e2c1b6
sel_n64,5e6rcz,Tie,B,74d59c08d962
sel_n64,5ec7q2,B,B,de79e662559b
sel_n64,5f5p86,B,Tie,473ae42529eb
sel_n64,5fqwjc,B,Tie,89b44a8ebe6f
sel_n64,5g58dz,B,Tie,9598caeb27fb
sel_n64,5gq4jc,Tie,B,0cc1c61547df
sel_n64,5j7ypk,Tie,B,89099c1f5b76
sel_n64,5je6l4,Tie,Tie,8cac1c113dc8
sel_n64,5nc21f,A,B,45b33b8b3547
sel_n64,5nzsq6,B,Tie,6776ffdca82b
sel_n64,5ozqb9,Tie,Tie,41e0f251ebea
sel_n64,5qf97d,A,A,113a2ff34245
sel_n64,5qwzjo,Tie,Tie,bb39c6b581fa
sel_n64,5r104c,B,Tie,5466b229201c
sel_n64,5te65i,Tie,Tie,e426c90ed56e
sel_n64,5umucz,B,B,0d9cb7157999
sel_n64,5w4x14,B,B,1bcbd463ed46
sel_n64,609k0n,Tie,B,836644dbf6f6
sel_n64,625es0,Tie,B,96928b7aa386
sel_n64,63dn97,B,B,4eb4471e8b60
sel_n64,63ku7q,B,B,8603089660f4
sel_n64,64c0w6,B,B,20ae3a2024e0
sel_n64,65458n,B,B,01ea7104804a
sel_n64,66uo64,A,B,991c1939281c
sel_n64,68f5c5,Tie,Tie,da39a3ee5e6b
sel_n64,68ykga,Tie,Tie,c5eac493f686
sel_n64,69dzba,B,B,444356f21fec
sel_n64,6d1iqq,B,Tie,cf33f48ccca4
sel_n64,6eytds,Tie,B,23648f14f8d2
sel_n64,6gl289,Tie,Tie,6bffe0b726d4
sel_n64,6hoxmq,Tie,B,870f7d210968
sel_n64,6imc4i,B,B,361f2a84c2ba
sel_n64,6isay3,Tie,Tie,811809bf254f
sel_n64,6ixx9u,Tie,Tie,da39a3ee5e6b
sel_n64,6k8gdu,Tie,Tie,9440a14bd29c
sel_n64,6l6v6l,Tie,B,ddb1fdcc8c2c
sel_n64,6m7z8a,Tie,B,c59b11db2b3a
sel_n64,6mztko,Tie,Tie,92156113867c
sel_n64,6o18uh,Tie,Tie,837c024c4ad0
sel_n64,6o679d,B,B,5116e74e4314
sel_n64,6ohgxv,B,B,da39a3ee5e6b
sel_n64,6szrbs,B,B,6450c6fc6bd5
sel_n64,6tsiyd,B,B,c8f0d77b4424
sel_n64,6wgtsx,Tie,B,735a97bd6997
sel_n64,6wxzhc,Tie,Tie,da39a3ee5e6b
sel_n64,6xisxt,B,B,bfe9faf58eb7
sel_n64,6xngfe,Tie,B,be3e34f80541
sel_n64,6xsruw,Tie,B,19c1dbf884dd
sel_n64,71p51h,B,Tie,da39a3ee5e6b
sel_n64,72l2aj,Tie,B,4d90749e0891
sel_n64,74ih3z,B,B,0d89038912d2
sel_n64,765fhd,B,Tie,6a4e78082785
sel_n64,76b9gc,B,Tie,81e5465a2dd4
sel_n64,77dd17,Tie,B,db9e01a60763
sel_n64,796161,Tie,B,7bb0763094f1
sel_n64,7adktz,Tie,Tie,8c4b5edbe318
sel_n64,7bowjq,Tie,B,623b41a75e28
sel_n64,7d0x9k,B,Tie,05a234888d4d
sel_n64,7dcwik,Tie,B,d37aa4e11b9c
sel_n64,7e3im5,Tie,Tie,44dc38487ac6
sel_n64,7en7vl,Tie,B,85d601c4684b
sel_n64,7ezd5t,A,A,94321adfd0ae
sel_n64,7gjj2w,B,B,9eaf77f994bd
sel_n64,7h9f8e,B,B,61fa0355b84a
sel_n64,7iltd1,Tie,B,837d572a5528
sel_n64,7iubwq,B,B,5bcde8aec45e
sel_n64,7jfvx7,Tie,B,1da30a33e832
sel_n64,7jqj29,B,Tie,da39a3ee5e6b
sel_n64,7l7e1m,B,B,66fd781ecd86
sel_n64,7ld0jk,Tie,B,ea03bead1191
sel_n64,7lzk5g,Tie,B,ac67e0586d08
sel_n64,7q0acw,Tie,B,686e6ef2d9d3
sel_n64,7rb6uj,Tie,B,b8c41350387f
sel_n64,7rie85,Tie,B,7b41951aebe0
sel_n64,7rpy8m,Tie,B,841381d35919
sel_n64,7svmp5,Tie,Tie,2b121784608a
sel_n64,7tge90,B,B,feda3625c6c5
sel_n64,7u04a5,Tie,Tie,98015426f06c
sel_n64,7uezw8,Tie,B,cc496ebf65ac
sel_n64,7v8ind,Tie,A,5ade0cc19802
sel_n64,80sf6g,Tie,B,227110a58ab1
sel_n64,83mehz,Tie,B,eea639617f07
sel_n64,849wc3,Tie,Tie,9a87e6ec04f4
sel_n64,87ak6w,A,B,8ed0ad0b8be1
sel_n64,87tx3g,B,Tie,de2e14620b4a
sel_n64,8a18sf,Tie,B,a01dfec850cd
sel_n64,8aec6t,B,Tie,87189d810a54
sel_n64,8fk0hr,A,B,cf64763fd93a
sel_n64,8gfhh9,Tie,B,31e581f071a2
sel_n64,8gs4wp,A,B,e584990e83d9
sel_n64,8k4am7,Tie,B,f11c765ac170
sel_n64,8myeno,B,B,966e01758c8f
sel_n64,8o89ko,Tie,Tie,8961c2c91687
sel_n64,8p3ora,B,B,7732f9e9c5e7
sel_n64,8pr271,Tie,B,1b4859f47b38
sel_n64,8tmkfc,B,B,fc947983ed2e
sel_n64,8vr4k2,B,B,bfc651744121
sel_n64,8vyqdq,B,Tie,6df3cad4c9ce
sel_n64,8x0xa7,B,Tie,aa5ee81e7295
sel_n64,8x86s0,B,Tie,9a0e4b98ceea
sel_n64,8y8wrr,B,B,b2b455a16850
sel_n64,8z1sq1,Tie,B,caa858981347
sel_n64,9470fc,Tie,Tie,f6a907f80921
sel_n64,96myl6,B,B,e0147ab3a3ef
sel_n64,96xnw9,Tie,B,3902169dd790
sel_n64,99kk88,Tie,B,655227f3a78e
sel_n64,9edjv0,Tie,Tie,c2e268981028
sel_n64,9f7www,A,Tie,57f5ed8ace72
sel_n64,9g2cbq,B,B,5db2f8b0cc7f
sel_n64,9ki47u,A,B,2d7dfcea13f8
sel_n64,9l0dam,B,A,fda1fc1b8273
sel_n64,9neuk8,Tie,Tie,72f90d6fb06a
sel_n64,9qn4tw,B,B,43aa0b6b93d8
sel_n64,a318ye,Tie,B,f41f186ecfb5
sel_n64,a3pdwk,Tie,B,e9c71aefa1b3
sel_n64,acjzv0,B,Tie,da39a3ee5e6b
sel_n64,afc9c4,Tie,B,d0ac182e74fe
sel_n64,aowr4t,Tie,B,9ef87d410e99
sel_n64,ar7nm2,B,B,d4e3f51c40a3
sel_n64,auig0m,Tie,Tie,da39a3ee5e6b
sel_n64,b4yx63,B,B,49c94e3b8154
sel_n64,b87jl7,Tie,B,4b43429d6be3
sel_n64,b9uzz1,Tie,B,4a431b92a3d0
sel_n64,bhyplf,B,B,13e6617e4c68
sel_n64,bk7lic,B,B,dc46bc72cc84
sel_n64,ciifmd,Tie,B,966a6fcf6edb
sel_n64,ck6twx,Tie,Tie,2d4c6be1f7c4
sel_n64,cpxk2b,Tie,B,3125ba84bd84
sel_n64,dqn4sj,B,B,6dbf8d333531
sel_n64,eu7ub2,B,Tie,c4ea5fb0a210
sel_n64,fact_00003_Fernando da Costa Novaes,A,B,13ca9efb73e5
sel_n64,fact_00006_David Galloway (writer),B,B,3ef43e9b63fc
sel_n64,fact_00007_Cheyenne Brando,Tie,Tie,0fb5eefc651b
sel_n64,fact_00012_Braulio Lara,B,Tie,91d2d85cf44f
sel_n64,fact_00015_Amr Shabana,B,A,193d9308ce6b
sel_n64,fact_00017_Abdulqawi Yusuf,Tie,A,7144a54503b3
sel_n64,fact_00025_Carlos P. Romulo,Tie,B,0c93c95816ae
sel_n64,fact_00027_Arthur Ewert,B,B,61e13a790592
sel_n64,fact_00032_Flavio Méndez Santiago,B,B,5fdaf387eca4
sel_n64,fact_00039_Chris Duffield,Tie,Tie,8b1a67b1334e
sel_n64,fact_00040_Daniil Medvedev,B,B,7da7a16832e6
sel_n64,fact_00043_Alexander Vovin,B,B,22b0ebc2ca11
sel_n64,fact_00044_Cobhams Asuquo,B,B,217c285db55b
sel_n64,fact_00045_David Bogue,Tie,B,2d8af63da8a0
sel_n64,fact_00048_Don Beard,B,B,c52f227c9a05
sel_n64,fact_00053_Andriy Yarmolenko,B,B,0cf8887cafb7
sel_n64,fact_00058_Danny Faure,B,B,ae67678120c0
sel_n64,fact_00063_Ayman al-Zawahiri,B,B,21ae914608c0
sel_n64,fact_00064_Diego Suarez (garden designer),B,B,78e27c8c0e7c
sel_n64,fact_00066_Daniel Alexander Cameron,B,Tie,08a14f05832f
sel_n64,fact_00075_Antonio Leviste,Tie,Tie,0ef2f227d3bc
sel_n64,fact_00078_Chi Pu,B,Tie,ea541fbbed36
sel_n64,"fact_00080_Felipe (footballer, born 1977)",B,B,6b59625a96d2
sel_n64,fact_00084_Alfred Hitchcock,A,B,da39a3ee5e6b
sel_n64,fact_00085_Dascha Polanco,B,B,e7b3153f7552
sel_n64,fact_00086_Amelia Earhart,B,B,878e69e3a942
sel_n64,fact_00087_Chris John (boxer),A,B,e7bc42c5191f
sel_n64,fact_00088_Blair Tugman,Tie,B,1a5dde606b11
sel_n64,fact_00093_David Oyite-Ojok,A,B,e2a3ce4d27a1
sel_n64,fact_00097_Chris Cuomo,B,A,5e6fcaa59ded
sel_n64,fact_00098_Adnan Sami,A,B,d3b33248016d
sel_n64,fact_00108_Bhuma Nagi Reddy,Tie,Tie,68590fd7e538
sel_n64,fact_00109_Charmion King,B,B,a9b54a454236
sel_n64,fact_00110_Andreea Marin,B,B,a8e53517ef96
sel_n64,fact_00114_Ahn Jae-hyun,A,B,e4bef79f8129
sel_n64,fact_00116_Bobo Baldé,A,B,08b09651c8e7
sel_n64,fact_00118_Chacho Gaytán,B,B,63ed8bd24bb5
sel_n64,fact_00119_Bastian Schweinsteiger,A,B,da39a3ee5e6b
sel_n64,fact_00120_Erich Hartmann,Tie,B,67871c005b98
sel_n64,fact_00127_Ezechiel N'Douassel,B,Tie,0a29f0e18ad4
sel_n64,fact_00131_Aditya Kalyanpur,B,Tie,56d0831a37c3
sel_n64,fact_00132_Dennis Andersson,B,B,ce62bf3679ea
sel_n64,fact_00133_Daniel Bedingfield,Tie,B,d49a8007c1d2
sel_n64,fact_00134_Celâl Bayar,B,Tie,55e518dfb6fe
sel_n64,fact_00138_Diana Ivanova,B,Tie,721131e56a1e
sel_n64,fact_00140_André Le Nôtre,B,B,99d3dbbf8f4e
sel_n64,fact_00142_Cierre Wood,Tie,B,151c2c178ea4
sel_n64,fact_00145_Carmelo Anthony,B,Tie,8a7f89a66b71
sel_n64,fact_00146_Asafa Powell,B,B,75e056eeac06
sel_n64,fact_00152_Felix Newman,B,B,75fe349cd2a3
sel_n64,fact_00154_Earl Garrison,Tie,A,a2e61cd86fcb
sel_n64,fact_00162_Aleksandar Kolarov,A,B,da39a3ee5e6b
sel_n64,fact_00163_Alexandre Hohagen,Tie,B,8204de7977b7
sel_n64,fact_00166_Emcee N.I.C.E.,A,B,00f347d359dd
sel_n64,fact_00181_Chris Woakes,B,B,c7e026ce7819
sel_n64,fact_00182_Diosdado Cabello,B,A,ea0def6d4489
sel_n64,fact_00184_Dana Awartani,Tie,B,d359dba500eb
sel_n64,fact_00185_Brianna Keilar,B,A,0122e84234e0
sel_n64,fact_00188_Cédric Bakambu,Tie,B,f722611d0ee0
sel_n64,fact_00193_Bobby Fischer,Tie,B,062e849f41cf
sel_n64,fact_00198_Benjamin Lawrence Reid,B,B,ccba9d49c4dc
sel_n64,fact_00199_Djimon Hounsou,B,B,daafb96bbf14
sel_n64,fact_00202_Ahsee Tuala,Tie,B,5e69808dbe1f
sel_n64,fact_00204_Don DeLillo,A,B,3bec1df9ae3d
sel_n64,fact_00207_Elizabeth Inglis,A,B,ea7e36d49101
sel_n64,fact_00208_Fifi Cooper,B,B,6412e74b5290
sel_n64,fact_00223_Ahmed Mumin Warfa,A,B,c129cb5771cd
sel_n64,fact_00226_Dewi Sartika,B,Tie,31742730de15
sel_n64,fact_00227_Alf Garland,A,B,a0729705f7c7
sel_n64,fact_00230_Abdul Ilah Khatib,B,Tie,f970a8fc6b93
sel_n64,fact_00239_Bif Naked,Tie,B,5574d032af4a
sel_n64,fact_00245_Dominique Blake,Tie,B,9a799163c925
sel_n64,fact_00247_Diafra Sakho,Tie,B,ce03350b70c6
sel_n64,fact_00249_Fahadh Faasil,B,B,f4103fa6e44f
sel_n64,fact_00250_Dr. Dre,A,B,a17d4db02496
sel_n64,fact_00255_Caitlin Lowe,B,B,129d6520105a
sel_n64,fact_00257_Camille Paulus,B,B,41a80006c1b8
sel_n64,fact_00258_Charley Boorman,B,Tie,043c5dcc8840
sel_n64,fact_00260_Douglas Wood (engineer),B,B,811655406c44
sel_n64,fact_00263_Billy Snedden,B,Tie,69b08c7c4874
sel_n64,fact_00264_Esteban Espíndola,B,B,2baa84cd4863
sel_n64,fact_00270_Daniel Ek,B,B,9c2eebb6c6e1
sel_n64,fact_00275_Belisarius,Tie,Tie,04ceef35a58a
sel_n64,fact_00276_Carol Dweck,B,A,aaadbd3937ee
sel_n64,fact_00286_Amr Diab,B,B,eeb5e7c55143
sel_n64,fact_00296_Akbar Hossain,B,B,423ab4479402
sel_n64,fact_00300_Coco Chanel,B,A,51f8930f049e
sel_n64,fact_00302_Enamul Haque (engineer),Tie,Tie,46fca2ffb9a3
sel_n64,fact_00304_Abdelhamid Shabana,B,Tie,ae8c82568809
sel_n64,fact_00307_Abdullahi Mohammad Ahmad Hassan,Tie,Tie,d0bd6e424c33
sel_n64,fact_00309_Diego Godín,B,A,313ea8093a31
sel_n64,fact_00312_Adel Emam,Tie,Tie,a9fc7ffe8ad4
sel_n64,fact_00315_Billy Conigliaro,B,Tie,bb1ff1edac75
sel_n64,fact_00316_Arif Mohammad Khan,Tie,B,517427084db0
sel_n64,fact_00321_Bob Marley,B,B,fd0891a47786
sel_n64,fact_00328_Dana Ashbrook,B,B,2b92edc16eba
sel_n64,fact_00332_Cha Eun-woo,A,B,b1edf9029839
sel_n64,fact_00333_Abdul Halik Hudu,B,Tie,5010bbf89b7e
sel_n64,fact_00335_Carl Braun (obstetrician),B,Tie,044cdd174e7a
sel_n64,fact_00343_Ameyaw Debrah,Tie,Tie,a11d9c0d16eb
sel_n64,fact_00344_Cleopatra,B,B,618dc2eb03af
sel_n64,fact_00345_Ana Cláudia Bolzan,Tie,Tie,890c4162f6a2
sel_n64,fact_00347_Evgeny Shalunov,B,B,0a871a660608
sel_n64,fact_00348_Charles Allen (jurist),B,B,5c3e1d7f6185
sel_n64,fact_00349_Deyverson,Tie,B,9cbb23653729
sel_n64,fact_00351_Cris Cyborg,B,B,600d9debfc8d
sel_n64,fact_00354_Bobby Thomson,B,Tie,b5bbcad0ea54
sel_n64,fact_00356_Eric Winter,A,B,243b732d3f8d
sel_n64,fact_00362_Aert van der Neer,Tie,Tie,e3fa9dd8626d
sel_n64,fact_00364_Blanca Errázuriz,Tie,B,8b086fe473c2
sel_n64,fact_00366_Deitrick Haddon,B,B,eac310a812f0
sel_n64,fact_00367_Andreas Ivanschitz,B,Tie,7e554a1c014c
sel_n64,fact_00368_Clancy Brown,B,Tie,818deff219a9
sel_n64,fact_00371_Carrie Ann Inaba,B,Tie,ddd3213cc449
sel_n64,fact_00374_Cicero,B,A,cf4f41b82e8a
sel_n64,fact_00376_14th Dalai Lama,B,B,289727dbf648
sel_n64,fact_00377_Christian Almeida,A,B,3b28f2716e0a
sel_n64,fact_00378_Arthur Wakefield,B,B,c15b4ec0b90f
sel_n64,fact_00384_Andry Rajoelina,B,Tie,9a6cd5c9b758
sel_n64,fact_00394_Danny Almonte,B,B,942cc226a5fd
sel_n64,fact_00396_Andy Middleton,Tie,B,00366f8c2169
sel_n64,fact_00397_Anderson Silva,B,B,873336d74b97
sel_n64,fact_00399_Edgar Bennett,B,B,162b4a594dc1
sel_n64,fact_00401_Balázs Bekő,Tie,B,485000084432
sel_n64,fact_00404_Abraham Ancer,A,B,4edb2c8ce976
sel_n64,fact_00418_A. K. Ramanujan,B,B,0b91283c81c6
sel_n64,fact_00420_Carlos Ghosn,B,B,a894be8baaf6
sel_n64,fact_00421_Anurag Kashyap,B,Tie,4ca7e6738b67
sel_n64,fact_00425_Angela Bairstow,Tie,B,ce0fb2edd04b
sel_n64,fact_00427_Ernestine Eckstein,A,B,1477d3a053ab
sel_n64,fact_00430_Ezekiel Elliott,B,B,cf67eaf7462c
sel_n64,fact_00433_Aaron Burr,B,B,03392a84913e
sel_n64,fact_00444_Charles B. McVay III,B,A,8986971eaa31
sel_n64,fact_00448_Carol Chell,Tie,B,d2a1358568fe
sel_n64,fact_00449_Alen Omić,Tie,Tie,3a96fbe1d3ab
sel_n64,fact_00452_Alice Torriani,Tie,B,f7dd1ce186b8
sel_n64,fact_00454_Albert Outler,B,B,9a219e7d828e
sel_n64,fact_00459_Felician of Foligno,Tie,Tie,268372ce39b4
sel_n64,fact_00460_Annie Landouw,B,B,633dfc33ebb2
sel_n64,fact_00462_Bhāskara I,B,A,8392aff38464
sel_n64,fact_00464_Damon Herriman,B,B,267cad71effc
sel_n64,fact_00466_Feroze Gandhi,B,B,21875e61b9fa
sel_n64,fact_00471_D. B. Nihalsinghe,Tie,B,55a48e5c8351
sel_n64,fact_00478_F. Gwynplaine MacIntyre,Tie,B,a3eb9e2a1ea5
sel_n64,fact_00486_Fidel Castro,B,A,24c1b63c95e1
sel_n64,fact_00489_Bir Hambir,Tie,B,1e2023b303c3
sel_n64,fact_00491_Avraham Eilam-Amzallag,B,Tie,d4dbb336862a
sel_n64,fact_00492_Date Narikuni,A,B,d32463b95b46
sel_n64,fact_00495_Ariel Behar,Tie,Tie,3799843771bf
sel_n64,fact_00498_DeAnna Bennett,Tie,B,277041375323
sel_n64,g4fs4z,Tie,B,bf34544352c9
sel_n64,gyp3c3,Tie,B,c3b34234830e
sel_n64,hmsv36,Tie,Tie,8c4f9ee9ec0a
sel_n64,hrkod1,B,B,cfb246dd05e4
sel_n64,irdp6g,Tie,B,72c794b15e5a
sel_n64,iuj8br,Tie,Tie,204c144bdc3b
sel_n64,jizn99,B,B,eb140a0bf3c0
sel_n64,jjrido,Tie,B,25760fc0d22f
sel_n64,llrdyo,B,B,1da287edb841
sel_n64,lvcurd,Tie,B,4b689080f1e8
sel_n64,m70bt5,Tie,Tie,bff0679c2217
sel_n64,mjrz7h,Tie,B,83e529334bb4
sel_n64,neutral_bio_000,B,B,da39a3ee5e6b
sel_n64,neutral_bio_001,Tie,Tie,0f8f54ab100d
sel_n64,neutral_bio_002,A,B,bf314477f9c2
sel_n64,neutral_bio_003,A,B,e3206bbd96a0
sel_n64,neutral_bio_004,Tie,Tie,da39a3ee5e6b
sel_n64,neutral_bio_005,A,B,4ce7fd96d493
sel_n64,neutral_bio_006,B,B,01bdd7f0e3f0
sel_n64,neutral_bio_007,Tie,B,8f5c9bea4536
sel_n64,neutral_bio_008,A,B,848b18776aa1
sel_n64,neutral_bio_009,B,B,07218c2150bf
sel_n64,neutral_bio_010,Tie,B,11c2c78dfd71
sel_n64,neutral_bio_011,B,B,9fbe5cc4723f
sel_n64,neutral_bio_012,A,B,90636325a22e
sel_n64,neutral_bio_013,B,B,899b6e41ab66
sel_n64,neutral_bio_014,B,A,da39a3ee5e6b
sel_n64,neutral_bio_015,B,B,1699bfaff78f
sel_n64,neutral_bio_016,Tie,B,23bfb44dab01
sel_n64,neutral_bio_017,B,B,7c5413cc5d18
sel_n64,neutral_bio_018,Tie,B,da39a3ee5e6b
sel_n64,neutral_bio_019,B,Tie,da39a3ee5e6b
sel_n64,neutral_bio_020,B,Tie,5940fd17df9e
sel_n64,neutral_bio_021,B,B,c055638b4444
sel_n64,neutral_bio_022,Tie,B,a106d16c0982
sel_n64,neutral_bio_023,Tie,A,da39a3ee5e6b
sel_n64,neutral_bio_024,A,B,dcbf0c687cc1
sel_n64,neutral_bio_025,A,B,cc93a86e86bb
sel_n64,neutral_bio_026,B,B,59410c755f4c
sel_n64,neutral_bio_027,B,B,cbc51168913a
sel_n64,neutral_bio_028,A,B,1cfb24ceb2e6
sel_n64,neutral_bio_029,Tie,B,376e7627952f
sel_n64,neutral_bio_030,B,Tie,04870c2237eb
sel_n64,neutral_bio_031,Tie,B,69dacd009d07
sel_n64,neutral_bio_032,Tie,B,cb978a0ec119
sel_n64,neutral_bio_033,B,B,cbc78aa76ad0
sel_n64,neutral_bio_034,Tie,B,fec766409716
sel_n64,neutral_bio_035,Tie,B,8b76287662a6
sel_n64,neutral_bio_036,B,B,db53e8027fdd
sel_n64,neutral_bio_037,B,B,e4d72198f101
sel_n64,neutral_bio_038,Tie,Tie,da39a3ee5e6b
sel_n64,neutral_bio_039,Tie,B,49b38de674f4
sel_n64,neutral_nar_000,B,Tie,23ddc6e7aca7
sel_n64,neutral_nar_001,B,B,d7800fc8b3b2
sel_n64,neutral_nar_002,Tie,B,95633ec9d611
sel_n64,neutral_nar_003,A,A,6f287a638fb4
sel_n64,neutral_nar_004,B,B,6f7450d5eb17
sel_n64,neutral_nar_005,B,B,f5f85ee48a70
sel_n64,neutral_nar_006,B,B,09a02fbe6e9f
sel_n64,neutral_nar_007,B,B,da39a3ee5e6b
sel_n64,neutral_nar_008,B,Tie,da39a3ee5e6b
sel_n64,neutral_nar_009,B,Tie,c3725675bbda
sel_n64,neutral_nar_010,Tie,Tie,da39a3ee5e6b
sel_n64,neutral_nar_011,B,B,ebef3421a246
sel_n64,neutral_nar_012,Tie,A,b76cf36bc9f5
sel_n64,neutral_nar_013,Tie,B,da39a3ee5e6b
sel_n64,neutral_nar_014,Tie,B,ee698b06c382
sel_n64,neutral_nar_015,A,B,146c00d01d16
sel_n64,neutral_nar_016,B,B,4a68ccf7546d
sel_n64,neutral_nar_017,Tie,B,bacb0aa47535
sel_n64,neutral_nar_018,Tie,Tie,da39a3ee5e6b
sel_n64,neutral_nar_019,Tie,Tie,0503b92efe1c
sel_n64,neutral_nar_020,Tie,B,452d1e65dcb3
sel_n64,neutral_nar_021,Tie,Tie,358143668aab
sel_n64,neutral_nar_022,B,B,c613e325c534
sel_n64,neutral_nar_023,Tie,B,38967dc28e6d
sel_n64,neutral_nar_024,B,B,d0129bf317b3
sel_n64,neutral_nar_025,Tie,A,e2594e9a182e
sel_n64,neutral_nar_026,Tie,B,fe2449878105
sel_n64,neutral_nar_027,Tie,B,05d21d3e8c3d
sel_n64,neutral_nar_028,Tie,B,16efbecf7420
sel_n64,neutral_nar_029,Tie,B,96ff7774e8f5
sel_n64,neutral_nar_030,Tie,B,f487293c2062
sel_n64,neutral_nar_031,Tie,B,a25622831feb
sel_n64,neutral_nar_032,Tie,B,e69c2bc3461c
sel_n64,neutral_nar_033,Tie,B,893137718a0c
sel_n64,neutral_nar_034,B,Tie,d3c3db7c1296
sel_n64,neutral_nar_035,B,B,52e0a390ffc1
sel_n64,neutral_nar_036,Tie,B,778d7483c7b6
sel_n64,neutral_nar_037,B,B,641c6d5c8184
sel_n64,neutral_nar_038,B,B,16401119b8d2
sel_n64,neutral_nar_039,B,A,7172d619d048
sel_n64,neutral_ncs_000,Tie,Tie,da39a3ee5e6b
sel_n64,neutral_ncs_001,B,B,dbfacf894ea2
sel_n64,neutral_ncs_002,B,B,a1c921cdf655
sel_n64,neutral_ncs_003,B,B,28f2eed46f6c
sel_n64,neutral_ncs_004,A,B,da39a3ee5e6b
sel_n64,neutral_ncs_005,Tie,B,949c48e84752
sel_n64,neutral_ncs_006,Tie,B,791f64d3203f
sel_n64,neutral_ncs_007,B,B,5d9f56dd83a7
sel_n64,neutral_ncs_008,B,B,51c7b9a5eac7
sel_n64,neutral_ncs_009,B,B,f15a7316ec02
sel_n64,neutral_ncs_010,B,B,2b4423317153
sel_n64,neutral_ncs_011,Tie,B,c33af0979373
sel_n64,neutral_ncs_012,Tie,B,462f323c236b
sel_n64,neutral_ncs_013,Tie,Tie,da39a3ee5e6b
sel_n64,neutral_ncs_014,B,B,a6a4d398c2c1
sel_n64,neutral_ncs_015,B,Tie,da39a3ee5e6b
sel_n64,neutral_ncs_016,B,Tie,c629e32e69a5
sel_n64,neutral_ncs_017,B,B,da39a3ee5e6b
sel_n64,neutral_ncs_018,A,B,ee3fdf8bcc9e
sel_n64,neutral_ncs_019,Tie,Tie,da39a3ee5e6b
sel_n64,neutral_ncs_020,B,B,5b9f87cc321d
sel_n64,neutral_ncs_021,A,B,fcd7960989fc
sel_n64,neutral_ncs_022,B,A,3dd8dc579143
sel_n64,neutral_ncs_023,B,B,671c256d6f5f
sel_n64,neutral_ncs_024,B,Tie,fd12a7655cda
sel_n64,neutral_ncs_025,B,Tie,bea33616b4f6
sel_n64,neutral_ncs_026,A,B,4fd239811a08
sel_n64,neutral_ncs_027,A,B,a7b5015a949c
sel_n64,neutral_ncs_028,Tie,B,b9d6c34f8df5
sel_n64,neutral_ncs_029,Tie,Tie,da39a3ee5e6b
sel_n64,neutral_ncs_030,B,A,06bc8a782c32
sel_n64,neutral_ncs_031,B,B,ba994558f74a
sel_n64,neutral_ncs_032,Tie,Tie,da39a3ee5e6b
sel_n64,neutral_ncs_033,B,B,5be82b45fb96
sel_n64,neutral_ncs_034,A,B,a54448b717eb
sel_n64,neutral_ncs_035,B,A,c296781ba089
sel_n64,neutral_ncs_036,Tie,B,987f43f1d5d4
sel_n64,neutral_ncs_037,B,B,42ec53e569c8
sel_n64,neutral_ncs_038,Tie,Tie,da39a3ee5e6b
sel_n64,neutral_ncs_039,B,A,da39a3ee5e6b
sel_n64,neutral_qa_000,Tie,Tie,5c229c564157
sel_n64,neutral_qa_001,B,B,c5522686bff5
sel_n64,neutral_qa_002,A,B,a1d14ed1d386
sel_n64,neutral_qa_003,B,Tie,487405f9b04a
sel_n64,neutral_qa_004,B,A,c205dc11875d
sel_n64,neutral_qa_005,B,B,da39a3ee5e6b
sel_n64,neutral_qa_006,B,B,f479c42a2952
sel_n64,neutral_qa_007,B,B,49ad23d12bde
sel_n64,neutral_qa_008,B,B,a60944906300
sel_n64,neutral_qa_009,B,Tie,1dcdaa6b2724
sel_n64,neutral_qa_010,B,A,f2a49bc735ff
sel_n64,neutral_qa_011,B,B,4930cf6a4254
sel_n64,neutral_qa_012,B,Tie,dc8038c64acb
sel_n64,neutral_qa_013,A,B,2fea40aacd48
sel_n64,neutral_qa_014,Tie,Tie,da39a3ee5e6b
sel_n64,neutral_qa_015,B,B,d96b1f1ef378
sel_n64,neutral_qa_016,B,B,da39a3ee5e6b
sel_n64,neutral_qa_017,B,B,db6027da1ff2
sel_n64,neutral_qa_018,B,B,17d2bdca7f09
sel_n64,neutral_qa_019,Tie,Tie,6737702f02fd
sel_n64,neutral_qa_020,B,B,40706caa1ec6
sel_n64,neutral_qa_021,Tie,B,93049ca3713e
sel_n64,neutral_qa_022,B,Tie,d6841e950549
sel_n64,neutral_qa_023,Tie,B,da39a3ee5e6b
sel_n64,neutral_qa_024,B,A,7b84a29446eb
sel_n64,neutral_qa_025,B,B,bc90b0b560e5
sel_n64,neutral_qa_026,B,B,9d61cc87bf8e
sel_n64,neutral_qa_027,B,B,52d5c1fedf0d
sel_n64,neutral_qa_028,A,B,0b0d41592b7e
sel_n64,neutral_qa_029,Tie,B,4d82f7d78b42
sel_n64,neutral_qa_030,B,B,49f8f23e958f
sel_n64,neutral_qa_031,B,A,dfd81277618f
sel_n64,neutral_qa_032,A,B,0327fb2b0244
sel_n64,neutral_qa_033,B,B,d4c0e5c715bf
sel_n64,neutral_qa_034,Tie,B,dc2cd401eba8
sel_n64,neutral_qa_035,B,B,fa25dd1feccf
sel_n64,neutral_qa_036,B,B,a68a69dcc1db
sel_n64,neutral_qa_037,B,B,606b9f714e1a
sel_n64,neutral_qa_038,B,B,da39a3ee5e6b
sel_n64,neutral_qa_039,B,A,b39ee5871c80
sel_n64,neutral_sum_000,B,B,9314b6622fcf
sel_n64,neutral_sum_001,Tie,Tie,f5c87a4e975d
sel_n64,neutral_sum_002,Tie,Tie,da39a3ee5e6b
sel_n64,neutral_sum_003,Tie,B,8723d39bbfb5
sel_n64,neutral_sum_004,Tie,Tie,e245e42edb52
sel_n64,neutral_sum_005,B,Tie,104c94c689bf
sel_n64,neutral_sum_006,Tie,Tie,7e33fb40461c
sel_n64,neutral_sum_007,B,B,5047a7b01a23
sel_n64,neutral_sum_008,B,B,3ca0d0bec74b
sel_n64,neutral_sum_009,B,B,f2d4f76f06ce
sel_n64,neutral_sum_010,A,B,f53be2b67a16
sel_n64,neutral_sum_011,A,B,e2a91b0a9164
sel_n64,neutral_sum_012,Tie,Tie,debc6d944552
sel_n64,neutral_sum_013,B,B,7501e437cb1e
sel_n64,neutral_sum_014,B,B,865b5f7109de
sel_n64,neutral_sum_015,B,A,2b5ba25a316d
sel_n64,neutral_sum_016,A,B,90f8749f52ef
sel_n64,neutral_sum_017,Tie,Tie,da39a3ee5e6b
sel_n64,neutral_sum_018,B,B,c56448d72f9f
sel_n64,neutral_sum_019,Tie,B,b9e4d26eb40d
sel_n64,neutral_sum_020,B,B,1c064f569091
sel_n64,neutral_sum_021,B,B,a71d6bf296ee
sel_n64,neutral_sum_022,B,B,03e89fd92715
sel_n64,neutral_sum_023,B,B,8b364dc9b390
sel_n64,neutral_sum_024,Tie,B,bf31acc1ea7c
sel_n64,neutral_sum_025,B,A,43334c7053c9
sel_n64,neutral_sum_026,A,B,c9600bd77e4c
sel_n64,neutral_sum_027,Tie,B,c81cfc86a31e
sel_n64,neutral_sum_028,B,B,786d69f69415
sel_n64,neutral_sum_029,B,B,800390e1de26
sel_n64,neutral_sum_030,Tie,Tie,d45d1959c290
sel_n64,neutral_sum_031,A,B,a801f28d1366
sel_n64,neutral_sum_032,Tie,B,7f19f6eaacad
sel_n64,neutral_sum_033,B,B,e942cf2551ec
sel_n64,neutral_sum_034,B,Tie,da39a3ee5e6b
sel_n64,neutral_sum_035,B,A,f74081d97352
sel_n64,neutral_sum_036,A,B,db6615a743dd
sel_n64,neutral_sum_037,A,B,48aaf0bda76a
sel_n64,neutral_sum_038,B,B,4c64e5c6429a
sel_n64,neutral_sum_039,B,B,f3f8bc6c9a6a
sel_n1,1nzes2,B,Tie,e8b7f048b79e
sel_n1,2786lw,Tie,Tie,3531f686024e
sel_n1,2ov45h,Tie,B,3e04c276ac6b
sel_n1,49u4dh,B,B,59ccbf2a2ed8
sel_n1,4iorz7,Tie,Tie,0e17e3710bbc
sel_n1,4xzr87,Tie,Tie,905d72c2e6ea
sel_n1,53rqr9,B,Tie,3c97b97706f4
sel_n1,5apkek,Tie,B,04242bf57e1f
sel_n1,5e6rcz,B,Tie,d048cea87ffa
sel_n1,5ec7q2,A,B,2ad89decf63f
sel_n1,5f5p86,B,B,82bcde939a80
sel_n1,5fqwjc,B,B,40c5feb28000
sel_n1,5g58dz,B,A,016a261918dc
sel_n1,5gq4jc,Tie,Tie,0d2b82c84068
sel_n1,5j7ypk,Tie,B,13562e99a3fb
sel_n1,5je6l4,Tie,B,8a1aa26ac7b7
sel_n1,5nc21f,B,Tie,26579414b1b4
sel_n1,5nzsq6,B,B,1e766ec6a800
sel_n1,5ozqb9,Tie,Tie,2ba91377b35f
sel_n1,5qf97d,B,B,2c8fbdc77d5b
sel_n1,5qwzjo,B,B,da39a3ee5e6b
sel_n1,5r104c,B,B,75d55721ff41
sel_n1,5te65i,B,Tie,9dd64d35489c
sel_n1,5umucz,B,Tie,b2f1892dfe64
sel_n1,5w4x14,B,B,aaeb51f1ae66
sel_n1,609k0n,Tie,Tie,3a52ce780950
sel_n1,625es0,Tie,A,d75b08c276c6
sel_n1,63dn97,B,Tie,49f497dd556c
sel_n1,63ku7q,B,B,6d9baad9fea1
sel_n1,64c0w6,B,B,de6647e03a02
sel_n1,65458n,B,Tie,a28b230a9e86
sel_n1,66uo64,B,B,06ad2130e738
sel_n1,68f5c5,Tie,B,e07c56874a95
sel_n1,68ykga,Tie,Tie,46debb240ec3
sel_n1,69dzba,Tie,Tie,da39a3ee5e6b
sel_n1,6d1iqq,Tie,Tie,78df59d51411
sel_n1,6eytds,Tie,B,6d0234b75cc1
sel_n1,6gl289,Tie,Tie,cfd864513a40
sel_n1,6hoxmq,Tie,Tie,cf6af7fa7929
sel_n1,6imc4i,Tie,Tie,da39a3ee5e6b
sel_n1,6isay3,Tie,Tie,40f7951c13b9
sel_n1,6ixx9u,Tie,B,2f574443753a
sel_n1,6k8gdu,Tie,Tie,9440a14bd29c
sel_n1,6l6v6l,B,B,b9439529d496
sel_n1,6m7z8a,Tie,B,49d8077aa738
sel_n1,6mztko,Tie,Tie,db1d31e031b8
sel_n1,6o18uh,Tie,Tie,c6ba912f7508
sel_n1,6o679d,B,A,c40ac3f74807
sel_n1,6ohgxv,Tie,Tie,ec1555d68dd2
sel_n1,6szrbs,B,Tie,95df0edaadab
sel_n1,6tsiyd,B,B,8048f32c3509
sel_n1,6wgtsx,Tie,Tie,b0cf1be40593
sel_n1,6wxzhc,Tie,Tie,da39a3ee5e6b
sel_n1,6xisxt,Tie,B,b659b2521a42
sel_n1,6xngfe,Tie,B,40e73a712fe0
sel_n1,6xsruw,Tie,B,c15440fd661b
sel_n1,71p51h,B,B,49d69ed15332
sel_n1,72l2aj,Tie,B,27bc0ea1236b
sel_n1,74ih3z,B,Tie,174031a55f04
sel_n1,765fhd,B,A,407cebcb0ddd
sel_n1,76b9gc,B,B,a6890c3dc0f0
sel_n1,77dd17,Tie,B,265f18164e83
sel_n1,796161,B,Tie,3c1d05c0beee
sel_n1,7adktz,Tie,Tie,b2e7a5255bb9
sel_n1,7bowjq,B,B,0f8d23e5f754
sel_n1,7d0x9k,B,A,5a208ecbf018
sel_n1,7dcwik,B,B,8426b27e0d95
sel_n1,7e3im5,B,Tie,da39a3ee5e6b
sel_n1,7en7vl,Tie,B,fc0aab6408ad
sel_n1,7ezd5t,A,A,98883c7b4637
sel_n1,7gjj2w,Tie,B,5f46dbc7a2c5
sel_n1,7h9f8e,B,B,2e1322ecb5ed
sel_n1,7iltd1,Tie,B,ebea7d6be46d
sel_n1,7iubwq,B,Tie,15b148ff4b1f
sel_n1,7jfvx7,Tie,B,7e2068c8fc4f
sel_n1,7jqj29,Tie,Tie,ac00388bc26d
sel_n1,7l7e1m,B,Tie,da39a3ee5e6b
sel_n1,7ld0jk,Tie,Tie,da39a3ee5e6b
sel_n1,7lzk5g,Tie,Tie,059c0b0ddc00
sel_n1,7q0acw,Tie,B,9e5ab6fba406
sel_n1,7rb6uj,B,Tie,79e6814e9ba2
sel_n1,7rie85,B,Tie,da39a3ee5e6b
sel_n1,7rpy8m,Tie,B,5b281a95e159
sel_n1,7svmp5,Tie,B,589b8a785761
sel_n1,7tge90,B,B,5413617d2b04
sel_n1,7u04a5,B,Tie,da39a3ee5e6b
sel_n1,7uezw8,Tie,B,2e6d3de1dfa9
sel_n1,7v8ind,Tie,Tie,5b65a0e21951
sel_n1,80sf6g,Tie,B,71c45227afa9
sel_n1,83mehz,Tie,B,eea639617f07
sel_n1,849wc3,Tie,Tie,96ec0a692d5c
sel_n1,87ak6w,Tie,B,1201043c019e
sel_n1,87tx3g,B,B,6cf94d29821d
sel_n1,8a18sf,Tie,B,1c2f5fffd01c
sel_n1,8aec6t,B,B,7aae358770a1
sel_n1,8fk0hr,Tie,B,b014d3653700
sel_n1,8gfhh9,Tie,Tie,fee71a32e8a7
sel_n1,8gs4wp,B,B,129af707f1c5
sel_n1,8k4am7,B,B,13168df05746
sel_n1,8myeno,B,B,1301bbe95974
sel_n1,8o89ko,Tie,Tie,6ae9c88f5200
sel_n1,8p3ora,B,Tie,1606010dc8d5
sel_n1,8pr271,Tie,B,28c71954de68
sel_n1,8tmkfc,Tie,B,6fe9ac881764
sel_n1,8vr4k2,B,Tie,da39a3ee5e6b
sel_n1,8vyqdq,Tie,Tie,da39a3ee5e6b
sel_n1,8x0xa7,B,Tie,c9a7bf243478
sel_n1,8x86s0,B,B,fa4cd4610d37
sel_n1,8y8wrr,B,Tie,00c1edd5c415
sel_n1,8z1sq1,Tie,B,803afe93241a
sel_n1,9470fc,Tie,Tie,79c3ab95ab3d
sel_n1,96myl6,B,Tie,2725d9b2bdd0
sel_n1,96xnw9,B,Tie,da39a3ee5e6b
sel_n1,99kk88,Tie,B,34dde717c854
sel_n1,9edjv0,B,Tie,911be6f20c7d
sel_n1,9f7www,A,Tie,57d855c26898
sel_n1,9g2cbq,B,Tie,da39a3ee5e6b
sel_n1,9ki47u,Tie,B,ca5da2802b0f
sel_n1,9l0dam,B,B,71d5157f29fa
sel_n1,9neuk8,Tie,Tie,de3ea0f71954
sel_n1,9qn4tw,B,Tie,91a36e0ece7b
sel_n1,a318ye,Tie,B,7a171e81d0e7
sel_n1,a3pdwk,Tie,B,576a6b1ab0bf
sel_n1,acjzv0,B,B,c3c1bff8533a
sel_n1,afc9c4,Tie,Tie,b55259f7d4b4
sel_n1,aowr4t,Tie,Tie,f438f101ffe0
sel_n1,ar7nm2,B,Tie,da39a3ee5e6b
sel_n1,auig0m,Tie,B,734a3ab7f236
sel_n1,b4yx63,B,B,429efee3d099
sel_n1,b87jl7,B,B,d79ae823c6ba
sel_n1,b9uzz1,B,Tie,da39a3ee5e6b
sel_n1,bhyplf,B,Tie,df265ffb1411
sel_n1,bk7lic,B,B,73bc660e9782
sel_n1,ciifmd,Tie,Tie,af94e82ce3a0
sel_n1,ck6twx,Tie,Tie,105d7d7c2291
sel_n1,cpxk2b,Tie,B,ff0cd2769e56
sel_n1,dqn4sj,Tie,Tie,57e3bf4425a0
sel_n1,eu7ub2,B,Tie,61f98faeb62b
sel_n1,fact_00003_Fernando da Costa Novaes,Tie,B,9071836fab09
sel_n1,fact_00006_David Galloway (writer),B,B,d888b7c7b001
sel_n1,fact_00007_Cheyenne Brando,Tie,Tie,28bc9797e26c
sel_n1,fact_00012_Braulio Lara,B,A,14e645f56331
sel_n1,fact_00015_Amr Shabana,B,A,00c6b308160c
sel_n1,fact_00017_Abdulqawi Yusuf,B,Tie,68135efc7e4e
sel_n1,fact_00025_Carlos P. Romulo,Tie,B,6737907629f8
sel_n1,fact_00027_Arthur Ewert,Tie,A,e9494babdbfb
sel_n1,fact_00032_Flavio Méndez Santiago,B,Tie,addb6e965309
sel_n1,fact_00039_Chris Duffield,B,B,fba5ed162c5b
sel_n1,fact_00040_Daniil Medvedev,B,A,adf9edab1a49
sel_n1,fact_00043_Alexander Vovin,B,Tie,b5d23b4e2452
sel_n1,fact_00044_Cobhams Asuquo,Tie,B,3ce581bf066e
sel_n1,fact_00045_David Bogue,Tie,Tie,71ca1a22ae4f
sel_n1,fact_00048_Don Beard,B,B,7155a5c93a41
sel_n1,fact_00053_Andriy Yarmolenko,B,B,0cf8887cafb7
sel_n1,fact_00058_Danny Faure,B,Tie,a3396ade76b8
sel_n1,fact_00063_Ayman al-Zawahiri,B,B,a1c35a06850e
sel_n1,fact_00064_Diego Suarez (garden designer),B,B,177bd6ed2af1
sel_n1,fact_00066_Daniel Alexander Cameron,B,B,b5a609fba092
sel_n1,fact_00075_Antonio Leviste,Tie,B,3caedf6689d0
sel_n1,fact_00078_Chi Pu,B,B,6de107401823
sel_n1,"fact_00080_Felipe (footballer, born 1977)",Tie,Tie,4cbba89eb8f3
sel_n1,fact_00084_Alfred Hitchcock,B,B,b7670587591b
sel_n1,fact_00085_Dascha Polanco,B,B,32c64f484bea
sel_n1,fact_00086_Amelia Earhart,B,B,30355c923440
sel_n1,fact_00087_Chris John (boxer),B,B,637f453dbbcb
sel_n1,fact_00088_Blair Tugman,Tie,Tie,b7b555f5327f
sel_n1,fact_00093_David Oyite-Ojok,B,A,1fe6a4d7abe3
sel_n1,fact_00097_Chris Cuomo,B,A,b6a82a6b18b7
sel_n1,fact_00098_Adnan Sami,A,B,2876c5567e48
sel_n1,fact_00108_Bhuma Nagi Reddy,Tie,Tie,5bca753eae5c
sel_n1,fact_00109_Charmion King,B,B,a44d00b1dfed
sel_n1,fact_00110_Andreea Marin,B,A,408441ae00d6
sel_n1,fact_00114_Ahn Jae-hyun,Tie,B,a0e49c7bd0cb
sel_n1,fact_00116_Bobo Baldé,B,B,ced74db56e7f
sel_n1,fact_00118_Chacho Gaytán,B,A,36817f53a310
sel_n1,fact_00119_Bastian Schweinsteiger,B,A,ddb19b9b2dc8
sel_n1,fact_00120_Erich Hartmann,Tie,Tie,e6762ec019e2
sel_n1,fact_00127_Ezechiel N'Douassel,B,B,ba80883c4e8d
sel_n1,fact_00131_Aditya Kalyanpur,Tie,B,42c91a27bb4d
sel_n1,fact_00132_Dennis Andersson,B,B,62cd494c29b5
sel_n1,fact_00133_Daniel Bedingfield,B,B,f8e5c50df6da
sel_n1,fact_00134_Celâl Bayar,B,A,00040c5dfc9c
sel_n1,fact_00138_Diana Ivanova,B,Tie,fa652c343230
sel_n1,fact_00140_André Le Nôtre,B,B,e171043ce3f5
sel_n1,fact_00142_Cierre Wood,B,B,97b77604287f
sel_n1,fact_00145_Carmelo Anthony,B,B,cdb7f24a7589
sel_n1,fact_00146_Asafa Powell,Tie,B,d51b08e9c5f8
sel_n1,fact_00152_Felix Newman,B,B,b2e0ccdadf97
sel_n1,fact_00154_Earl Garrison,B,B,3c0d4a083735
sel_n1,fact_00162_Aleksandar Kolarov,B,B,ce723b8af693
sel_n1,fact_00163_Alexandre Hohagen,B,B,edc26b63e2e4
sel_n1,fact_00166_Emcee N.I.C.E.,Tie,Tie,aca9fe2abdb1
sel_n1,fact_00181_Chris Woakes,B,B,04ef7f0ee986
sel_n1,fact_00182_Diosdado Cabello,B,B,439558d52bb8
sel_n1,fact_00184_Dana Awartani,Tie,B,d48e47e2ee06
sel_n1,fact_00185_Brianna Keilar,B,B,5e0a01365c8b
sel_n1,fact_00188_Cédric Bakambu,B,Tie,2a71efe3206b
sel_n1,fact_00193_Bobby Fischer,Tie,B,a134aa0889a8
sel_n1,fact_00198_Benjamin Lawrence Reid,Tie,Tie,fa7ea55a7695
sel_n1,fact_00199_Djimon Hounsou,B,A,aea56500e968
sel_n1,fact_00202_Ahsee Tuala,B,B,bfaa53c76222
sel_n1,fact_00204_Don DeLillo,B,B,f17ef333932a
sel_n1,fact_00207_Elizabeth Inglis,Tie,B,fb1e911c6955
sel_n1,fact_00208_Fifi Cooper,B,B,5ee996108e69
sel_n1,fact_00223_Ahmed Mumin Warfa,B,Tie,a83f037cb266
sel_n1,fact_00226_Dewi Sartika,B,B,facc1af919bd
sel_n1,fact_00227_Alf Garland,Tie,Tie,38daf8b33541
sel_n1,fact_00230_Abdul Ilah Khatib,B,A,9e52d1ed39e7
sel_n1,fact_00239_Bif Naked,B,B,2f22f9614515
sel_n1,fact_00245_Dominique Blake,B,B,0ba68596fc29
sel_n1,fact_00247_Diafra Sakho,B,Tie,6b36228f576b
sel_n1,fact_00249_Fahadh Faasil,B,B,fed68d37f8ac
sel_n1,fact_00250_Dr. Dre,B,Tie,29d8b0178b58
sel_n1,fact_00255_Caitlin Lowe,B,B,b38fbbfbd9ba
sel_n1,fact_00257_Camille Paulus,Tie,B,9398455f37f6
sel_n1,fact_00258_Charley Boorman,B,B,076da24a2d9c
sel_n1,fact_00260_Douglas Wood (engineer),B,B,8177bdea1c9e
sel_n1,fact_00263_Billy Snedden,B,Tie,4c7750c7885e
sel_n1,fact_00264_Esteban Espíndola,B,B,be87f9bff225
sel_n1,fact_00270_Daniel Ek,B,A,579971cb53fa
sel_n1,fact_00275_Belisarius,B,B,afb94f2beafc
sel_n1,fact_00276_Carol Dweck,B,A,2f01ced883ff
sel_n1,fact_00286_Amr Diab,B,Tie,b1df58b53f31
sel_n1,fact_00296_Akbar Hossain,B,A,9351dc28b71b
sel_n1,fact_00300_Coco Chanel,B,Tie,3d4288c53e9c
sel_n1,fact_00302_Enamul Haque (engineer),Tie,B,21b331c502d9
sel_n1,fact_00304_Abdelhamid Shabana,B,B,6f1230e6333e
sel_n1,fact_00307_Abdullahi Mohammad Ahmad Hassan,Tie,A,1b4fcff3607d
sel_n1,fact_00309_Diego Godín,B,A,31765bc20956
sel_n1,fact_00312_Adel Emam,B,B,c6210259ffe7
sel_n1,fact_00315_Billy Conigliaro,B,A,c6dd2a0eaf06
sel_n1,fact_00316_Arif Mohammad Khan,B,B,a410958090a0
sel_n1,fact_00321_Bob Marley,B,A,268902c9745e
sel_n1,fact_00328_Dana Ashbrook,B,B,77a0e7942fa8
sel_n1,fact_00332_Cha Eun-woo,Tie,Tie,0d4eca07af0b
sel_n1,fact_00333_Abdul Halik Hudu,B,B,ef89ca8bfaa7
sel_n1,fact_00335_Carl Braun (obstetrician),B,Tie,6145d27ac3d7
sel_n1,fact_00343_Ameyaw Debrah,B,Tie,33fd1baab641
sel_n1,fact_00344_Cleopatra,B,A,47a022a86bf3
sel_n1,fact_00345_Ana Cláudia Bolzan,B,Tie,c9cfaaeb7d2b
sel_n1,fact_00347_Evgeny Shalunov,Tie,Tie,8cf5d5e18334
sel_n1,fact_00348_Charles Allen (jurist),B,B,45db4181cd9b
sel_n1,fact_00349_Deyverson,B,Tie,b48b9e68b084
sel_n1,fact_00351_Cris Cyborg,B,Tie,3fec97a81761
sel_n1,fact_00354_Bobby Thomson,B,Tie,3b5716c561cf
sel_n1,fact_00356_Eric Winter,B,Tie,b3a1c7756511
sel_n1,fact_00362_Aert van der Neer,B,A,dbff3fc01350
sel_n1,fact_00364_Blanca Errázuriz,Tie,B,f4facc1d711b
sel_n1,fact_00366_Deitrick Haddon,B,B,05117a0e25fd
sel_n1,fact_00367_Andreas Ivanschitz,B,Tie,a82dbbab427a
sel_n1,fact_00368_Clancy Brown,B,Tie,87baf3732c14
sel_n1,fact_00371_Carrie Ann Inaba,B,Tie,88f2b96b921f
sel_n1,fact_00374_Cicero,B,Tie,8f3ffa7ada45
sel_n1,fact_00376_14th Dalai Lama,B,A,352e2d7952a9
sel_n1,fact_00377_Christian Almeida,Tie,Tie,4ba0a3b3808f
sel_n1,fact_00378_Arthur Wakefield,B,B,ba8668c3d358
sel_n1,fact_00384_Andry Rajoelina,B,Tie,641ca2701a19
sel_n1,fact_00394_Danny Almonte,B,B,81b5ef669c2e
sel_n1,fact_00396_Andy Middleton,B,Tie,9e26efbe3a7b
sel_n1,fact_00397_Anderson Silva,B,B,34ff9d794ab1
sel_n1,fact_00399_Edgar Bennett,B,B,a5a4ad1d3938
sel_n1,fact_00401_Balázs Bekő,B,B,a058147917d4
sel_n1,fact_00404_Abraham Ancer,Tie,Tie,78ab79038df3
sel_n1,fact_00418_A. K. Ramanujan,B,B,91815c8c2730
sel_n1,fact_00420_Carlos Ghosn,B,B,c098425b92cb
sel_n1,fact_00421_Anurag Kashyap,B,A,6d93fa5efc50
sel_n1,fact_00425_Angela Bairstow,Tie,B,048eab90f657
sel_n1,fact_00427_Ernestine Eckstein,B,B,31ac8b64206b
sel_n1,fact_00430_Ezekiel Elliott,B,B,b91252300a56
sel_n1,fact_00433_Aaron Burr,B,B,f728c9761147
sel_n1,fact_00444_Charles B. McVay III,B,A,25272f577010
sel_n1,fact_00448_Carol Chell,Tie,B,3ef8bc770655
sel_n1,fact_00449_Alen Omić,B,A,0830f657c3b3
sel_n1,fact_00452_Alice Torriani,Tie,B,2f8ebcdb37ba
sel_n1,fact_00454_Albert Outler,Tie,B,875d28e0360e
sel_n1,fact_00459_Felician of Foligno,B,A,dcd73412b86c
sel_n1,fact_00460_Annie Landouw,B,A,da64bc704957
sel_n1,fact_00462_Bhāskara I,B,A,484062e74307
sel_n1,fact_00464_Damon Herriman,Tie,B,8cf2aa076949
sel_n1,fact_00466_Feroze Gandhi,B,B,c994bee0a6e4
sel_n1,fact_00471_D. B. Nihalsinghe,B,Tie,7425d6b06ba7
sel_n1,fact_00478_F. Gwynplaine MacIntyre,Tie,Tie,01f124e3edc6
sel_n1,fact_00486_Fidel Castro,B,B,de8584ad257d
sel_n1,fact_00489_Bir Hambir,B,B,f00fc1f358dc
sel_n1,fact_00491_Avraham Eilam-Amzallag,B,A,b3510ec48ce1
sel_n1,fact_00492_Date Narikuni,A,B,81599cfb5d8b
sel_n1,fact_00495_Ariel Behar,Tie,Tie,b9d4fd702a4f
sel_n1,fact_00498_DeAnna Bennett,A,B,6df9f952dc8d
sel_n1,g4fs4z,B,Tie,8d4a49eb26d3
sel_n1,gyp3c3,Tie,B,e9b653167335
sel_n1,hmsv36,Tie,B,e433f90866a5
sel_n1,hrkod1,B,Tie,6fe91ffddff8
sel_n1,irdp6g,Tie,Tie,da39a3ee5e6b
sel_n1,iuj8br,B,B,1d04754a7f71
sel_n1,jizn99,B,B,841d0423d5a1
sel_n1,jjrido,Tie,B,46556c05515c
sel_n1,llrdyo,Tie,Tie,da39a3ee5e6b
sel_n1,lvcurd,Tie,Tie,4fcfba0b53e3
sel_n1,m70bt5,Tie,B,75f29dbd6f47
sel_n1,mjrz7h,B,Tie,07c0cdb9299e
sel_n1,neutral_bio_000,A,B,b4b15db8bd43
sel_n1,neutral_bio_001,Tie,A,da39a3ee5e6b
sel_n1,neutral_bio_002,B,Tie,f3af439929d5
sel_n1,neutral_bio_003,A,B,402065524ebb
sel_n1,neutral_bio_004,Tie,B,322f568b840f
sel_n1,neutral_bio_005,B,B,0dc4c6c8a78f
sel_n1,neutral_bio_006,B,Tie,b35fac1dc4ac
sel_n1,neutral_bio_007,Tie,A,da39a3ee5e6b
sel_n1,neutral_bio_008,B,B,ff3b34fabc1e
sel_n1,neutral_bio_009,Tie,B,da39a3ee5e6b
sel_n1,neutral_bio_010,B,A,413aa2ad3ae0
sel_n1,neutral_bio_011,B,B,a0643f8a0e0f
sel_n1,neutral_bio_012,A,B,80febda439a9
sel_n1,neutral_bio_013,Tie,B,da39a3ee5e6b
sel_n1,neutral_bio_014,B,Tie,452cdd3ffde6
sel_n1,neutral_bio_015,B,Tie,1f36fe654b8e
sel_n1,neutral_bio_016,B,B,09b0c2360cf6
sel_n1,neutral_bio_017,Tie,B,1732f482f483
sel_n1,neutral_bio_018,B,B,00a853e66690
sel_n1,neutral_bio_019,B,B,d0c514379d4c
sel_n1,neutral_bio_020,Tie,A,da39a3ee5e6b
sel_n1,neutral_bio_021,Tie,B,37f451b11f3b
sel_n1,neutral_bio_022,B,B,137a38a5ef07
sel_n1,neutral_bio_023,A,B,b4c70805d492
sel_n1,neutral_bio_024,B,B,7ff635678ee8
sel_n1,neutral_bio_025,B,B,28f6866c82a6
sel_n1,neutral_bio_026,Tie,B,59410c755f4c
sel_n1,neutral_bio_027,B,B,a3d96bd2c016
sel_n1,neutral_bio_028,Tie,B,d562f2095957
sel_n1,neutral_bio_029,Tie,Tie,da39a3ee5e6b
sel_n1,neutral_bio_030,B,A,242cb5b6a382
sel_n1,neutral_bio_031,Tie,Tie,da39a3ee5e6b
sel_n1,neutral_bio_032,Tie,B,fc7d2a9f1ad5
sel_n1,neutral_bio_033,B,B,dad2a4d8f743
sel_n1,neutral_bio_034,Tie,Tie,da39a3ee5e6b
sel_n1,neutral_bio_035,A,B,da39a3ee5e6b
sel_n1,neutral_bio_036,B,Tie,e1812cde9cc2
sel_n1,neutral_bio_037,B,B,f1fecb4ebca8
sel_n1,neutral_bio_038,B,Tie,fb9ccfdad90f
sel_n1,neutral_bio_039,A,B,2054890ef3a2
sel_n1,neutral_nar_000,B,B,499d40ae1f44
sel_n1,neutral_nar_001,B,B,eabbfd4f6166
sel_n1,neutral_nar_002,Tie,B,da0d93b99b5d
sel_n1,neutral_nar_003,Tie,B,3eebf776acc3
sel_n1,neutral_nar_004,B,A,8d46120f7c59
sel_n1,neutral_nar_005,B,Tie,e1b64f1f808c
sel_n1,neutral_nar_006,B,A,7b29e317e312
sel_n1,neutral_nar_007,B,B,dc2e6f68156e
sel_n1,neutral_nar_008,B,Tie,ce822596c0fc
sel_n1,neutral_nar_009,B,A,83cdda8fd282
sel_n1,neutral_nar_010,Tie,A,bf7f716f75bf
sel_n1,neutral_nar_011,B,A,979609f62881
sel_n1,neutral_nar_012,B,Tie,c079289d7b66
sel_n1,neutral_nar_013,Tie,B,31b5444177a8
sel_n1,neutral_nar_014,Tie,B,d37fc48e3cef
sel_n1,neutral_nar_015,B,B,0548fe0f2694
sel_n1,neutral_nar_016,B,B,6080c56c9b97
sel_n1,neutral_nar_017,Tie,B,e2f7eb232f7c
sel_n1,neutral_nar_018,Tie,B,c08d2629e49c
sel_n1,neutral_nar_019,B,Tie,93e1088826eb
sel_n1,neutral_nar_020,B,B,aa141c29109c
sel_n1,neutral_nar_021,Tie,Tie,91f4db0ffdaa
sel_n1,neutral_nar_022,B,Tie,c610e2b2157b
sel_n1,neutral_nar_023,B,B,57f016dbcc98
sel_n1,neutral_nar_024,B,Tie,095802752bef
sel_n1,neutral_nar_025,Tie,B,57645bdfa996
sel_n1,neutral_nar_026,Tie,B,5f54907e87c3
sel_n1,neutral_nar_027,Tie,B,06c6f8b70f08
sel_n1,neutral_nar_028,Tie,B,4b70802649bb
sel_n1,neutral_nar_029,Tie,Tie,ae3f1e944045
sel_n1,neutral_nar_030,Tie,B,4c4ceaf8d5b1
sel_n1,neutral_nar_031,Tie,B,9e66ad385992
sel_n1,neutral_nar_032,Tie,B,7ba4af963ea3
sel_n1,neutral_nar_033,Tie,B,46fb0c04cdbc
sel_n1,neutral_nar_034,B,B,c070b2b9f78a
sel_n1,neutral_nar_035,B,B,c0f87ab28d72
sel_n1,neutral_nar_036,Tie,B,329532d8d329
sel_n1,neutral_nar_037,B,B,d05d750e1e3c
sel_n1,neutral_nar_038,B,B,367b90b00fb9
sel_n1,neutral_nar_039,B,A,9c5e5f12c763
sel_n1,neutral_ncs_000,Tie,Tie,da39a3ee5e6b
sel_n1,neutral_ncs_001,B,B,582416235444
sel_n1,neutral_ncs_002,Tie,B,da39a3ee5e6b
sel_n1,neutral_ncs_003,B,B,dde3cfffd0d3
sel_n1,neutral_ncs_004,B,A,bee8b22b44a4
sel_n1,neutral_ncs_005,Tie,Tie,da39a3ee5e6b
sel_n1,neutral_ncs_006,Tie,B,da39a3ee5e6b
sel_n1,neutral_ncs_007,Tie,B,da39a3ee5e6b
sel_n1,neutral_ncs_008,B,B,e7ea2912f3a9
sel_n1,neutral_ncs_009,B,B,fedaca8e65c9
sel_n1,neutral_ncs_010,B,A,37b41d3dbd14
sel_n1,neutral_ncs_011,B,B,ec74556b0d06
sel_n1,neutral_ncs_012,B,B,6419ccd19d8a
sel_n1,neutral_ncs_013,Tie,Tie,da39a3ee5e6b
sel_n1,neutral_ncs_014,Tie,B,2a33ee906bef
sel_n1,neutral_ncs_015,B,B,ea59ebf07bad
sel_n1,neutral_ncs_016,B,Tie,da39a3ee5e6b
sel_n1,neutral_ncs_017,B,Tie,ee3d49492384
sel_n1,neutral_ncs_018,B,B,da39a3ee5e6b
sel_n1,neutral_ncs_019,Tie,Tie,da39a3ee5e6b
sel_n1,neutral_ncs_020,B,B,11cd24b20193
sel_n1,neutral_ncs_021,A,B,da39a3ee5e6b
sel_n1,neutral_ncs_022,B,B,839f7839fddb
sel_n1,neutral_ncs_023,B,B,c852ba8d6812
sel_n1,neutral_ncs_024,B,A,3f3feb4627d4
sel_n1,neutral_ncs_025,Tie,Tie,da39a3ee5e6b
sel_n1,neutral_ncs_026,B,Tie,4b0fd2e586d9
sel_n1,neutral_ncs_027,B,A,b337900a1ec7
sel_n1,neutral_ncs_028,Tie,B,360156e96b45
sel_n1,neutral_ncs_029,B,A,bf7f2c49f879
sel_n1,neutral_ncs_030,B,B,aec97e6b7f42
sel_n1,neutral_ncs_031,B,B,b31d52cc4cd9
sel_n1,neutral_ncs_032,Tie,Tie,da39a3ee5e6b
sel_n1,neutral_ncs_033,B,B,da39a3ee5e6b
sel_n1,neutral_ncs_034,Tie,B,82898cdd9b5e
sel_n1,neutral_ncs_035,B,B,e82127bb1d8b
sel_n1,neutral_ncs_036,Tie,B,68f2368c2a40
sel_n1,neutral_ncs_037,Tie,Tie,da39a3ee5e6b
sel_n1,neutral_ncs_038,Tie,Tie,da39a3ee5e6b
sel_n1,neutral_ncs_039,B,A,174ec3a06ffb
sel_n1,neutral_qa_000,Tie,Tie,754cd31f9d31
sel_n1,neutral_qa_001,B,Tie,4f105a5ec790
sel_n1,neutral_qa_002,B,A,fc601ff5f735
sel_n1,neutral_qa_003,B,A,3aaceb8283e2
sel_n1,neutral_qa_004,B,A,da39a3ee5e6b
sel_n1,neutral_qa_005,Tie,B,7b74812d7c39
sel_n1,neutral_qa_006,B,B,523df1cad494
sel_n1,neutral_qa_007,B,B,8cdf7a8d0054
sel_n1,neutral_qa_008,B,B,da39a3ee5e6b
sel_n1,neutral_qa_009,Tie,Tie,da39a3ee5e6b
sel_n1,neutral_qa_010,B,A,da39a3ee5e6b
sel_n1,neutral_qa_011,A,A,da39a3ee5e6b
sel_n1,neutral_qa_012,Tie,B,56c047ad5f87
sel_n1,neutral_qa_013,B,B,da39a3ee5e6b
sel_n1,neutral_qa_014,Tie,Tie,da39a3ee5e6b
sel_n1,neutral_qa_015,B,B,da39a3ee5e6b
sel_n1,neutral_qa_016,B,B,e07737ec2f7b
sel_n1,neutral_qa_017,B,Tie,89822d12f630
sel_n1,neutral_qa_018,Tie,B,da39a3ee5e6b
sel_n1,neutral_qa_019,B,A,662b800de7b2
sel_n1,neutral_qa_020,B,B,da39a3ee5e6b
sel_n1,neutral_qa_021,B,B,eca9be4c53df
sel_n1,neutral_qa_022,B,Tie,4ea3b365b419
sel_n1,neutral_qa_023,Tie,B,ea9f15e4eb9e
sel_n1,neutral_qa_024,A,A,0dcd9fe5c0c7
sel_n1,neutral_qa_025,B,A,21990f0a8e45
sel_n1,neutral_qa_026,Tie,Tie,f8df2ec4dced
sel_n1,neutral_qa_027,B,Tie,f875407f1e00
sel_n1,neutral_qa_028,A,A,6dab9ee6f189
sel_n1,neutral_qa_029,Tie,Tie,da39a3ee5e6b
sel_n1,neutral_qa_030,B,B,efc2a2a8500f
sel_n1,neutral_qa_031,B,A,da39a3ee5e6b
sel_n1,neutral_qa_032,B,B,e7a28b748637
sel_n1,neutral_qa_033,A,B,da39a3ee5e6b
sel_n1,neutral_qa_034,Tie,B,0c20aa02ac79
sel_n1,neutral_qa_035,B,A,da39a3ee5e6b
sel_n1,neutral_qa_036,B,B,871bc02c14c3
sel_n1,neutral_qa_037,B,Tie,28ecc1adc253
sel_n1,neutral_qa_038,B,B,da39a3ee5e6b
sel_n1,neutral_qa_039,A,A,da39a3ee5e6b
sel_n1,neutral_sum_000,B,A,763ab081e22c
sel_n1,neutral_sum_001,Tie,Tie,8722f0f6d949
sel_n1,neutral_sum_002,Tie,Tie,da39a3ee5e6b
sel_n1,neutral_sum_003,Tie,B,da39a3ee5e6b
sel_n1,neutral_sum_004,B,A,e51e26b5be59
sel_n1,neutral_sum_005,B,Tie,75f04f8f5f08
sel_n1,neutral_sum_006,B,B,bf51cbc0c9df
sel_n1,neutral_sum_007,B,A,1a532cd522b3
sel_n1,neutral_sum_008,B,A,c6befd582b2a
sel_n1,neutral_sum_009,B,B,1975b86e145e
sel_n1,neutral_sum_010,B,Tie,bdd08edf6e07
sel_n1,neutral_sum_011,B,B,b4b698f1ef15
sel_n1,neutral_sum_012,B,B,13ad126856e8
sel_n1,neutral_sum_013,A,B,f97fbf292b06
sel_n1,neutral_sum_014,Tie,B,389e9ae39eaf
sel_n1,neutral_sum_015,B,A,9398b3c92e38
sel_n1,neutral_sum_016,B,B,da39a3ee5e6b
sel_n1,neutral_sum_017,B,B,199d8f4e321b
sel_n1,neutral_sum_018,B,A,da39a3ee5e6b
sel_n1,neutral_sum_019,B,B,c39dcd506e6d
sel_n1,neutral_sum_020,B,B,4e415dac5fff
sel_n1,neutral_sum_021,B,B,66798646c105
sel_n1,neutral_sum_022,B,Tie,4a713c4991ad
sel_n1,neutral_sum_023,B,A,2a342fb096a0
sel_n1,neutral_sum_024,Tie,B,1ed249157b33
sel_n1,neutral_sum_025,B,A,1fd883d19523
sel_n1,neutral_sum_026,Tie,B,3a826eaf0404
sel_n1,neutral_sum_027,Tie,B,863b706440ba
sel_n1,neutral_sum_028,B,A,da39a3ee5e6b
sel_n1,neutral_sum_029,Tie,B,e0efadfb5b84
sel_n1,neutral_sum_030,B,A,f9d365477be4
sel_n1,neutral_sum_031,B,B,3995052c8631
sel_n1,neutral_sum_032,B,Tie,68546f8ad1b0
sel_n1,neutral_sum_033,B,B,da39a3ee5e6b
sel_n1,neutral_sum_034,B,A,1aaeee9d8be6
sel_n1,neutral_sum_035,B,B,ddb8cc91f399
sel_n1,neutral_sum_036,B,B,da39a3ee5e6b
sel_n1,neutral_sum_037,B,B,e34a498410a9
sel_n1,neutral_sum_038,B,B,a16eb8d3704d
sel_n1,neutral_sum_039,B,A,94d277871093
anchor_k0,1nzes2,Tie,Tie,c853f3eaa286
anchor_k0,2786lw,Tie,B,be8914029d58
anchor_k0,2ov45h,Tie,B,b50bbfa8e1f4
anchor_k0,49u4dh,Tie,B,0ca95a24ce2e
anchor_k0,4iorz7,Tie,B,5235d8954c5b
anchor_k0,4xzr87,Tie,B,e0813e9fbde0
anchor_k0,53rqr9,B,Tie,5b0fd9cdcf5d
anchor_k0,5apkek,B,Tie,405ded200d12
anchor_k0,5e6rcz,B,Tie,46ed5829ad0d
anchor_k0,5ec7q2,B,B,a74d3e71c67b
anchor_k0,5f5p86,B,Tie,b2a3ea839d5f
anchor_k0,5fqwjc,B,Tie,a8f6db52b983
anchor_k0,5g58dz,B,A,3ff29b0f5404
anchor_k0,5gq4jc,B,Tie,43320988e4fb
anchor_k0,5j7ypk,Tie,B,e2292f3f8076
anchor_k0,5je6l4,B,Tie,e57447206984
anchor_k0,5nc21f,Tie,B,d1ce0b40aaa2
anchor_k0,5nzsq6,B,Tie,68cda61c19e5
anchor_k0,5ozqb9,Tie,Tie,a3ebabb8c34f
anchor_k0,5qf97d,B,B,da39a3ee5e6b
anchor_k0,5qwzjo,B,B,da39a3ee5e6b
anchor_k0,5r104c,B,B,5c5353f80064
anchor_k0,5te65i,B,Tie,371981e12d33
anchor_k0,5umucz,B,B,ebb15232da8e
anchor_k0,5w4x14,B,Tie,42facd057942
anchor_k0,609k0n,Tie,B,62d7e7966d08
anchor_k0,625es0,Tie,Tie,944eebd9ae2e
anchor_k0,63dn97,B,B,ff9765bc8bf9
anchor_k0,63ku7q,B,Tie,1473fefe0998
anchor_k0,64c0w6,Tie,B,28bef6a29ae5
anchor_k0,65458n,Tie,Tie,33fb4e5a2263
anchor_k0,66uo64,Tie,Tie,f44de7f35457
anchor_k0,68f5c5,Tie,B,682349f84060
anchor_k0,68ykga,Tie,B,36607f6c9949
anchor_k0,69dzba,Tie,Tie,da39a3ee5e6b
anchor_k0,6d1iqq,B,Tie,7a73589f3aec
anchor_k0,6eytds,Tie,B,3a0a0403955d
anchor_k0,6gl289,Tie,B,11769ccb0df3
anchor_k0,6hoxmq,B,B,f31b8a6a2585
anchor_k0,6imc4i,B,B,6a81c76ce9ec
anchor_k0,6isay3,Tie,Tie,da39a3ee5e6b
anchor_k0,6ixx9u,Tie,Tie,8a83b61e000b
anchor_k0,6k8gdu,Tie,Tie,9ba8ca093ef1
anchor_k0,6l6v6l,Tie,B,d37fa03da14b
anchor_k0,6m7z8a,B,B,bca94f015a53
anchor_k0,6mztko,Tie,Tie,d5d3df319fa7
anchor_k0,6o18uh,Tie,Tie,fc2751d400c5
anchor_k0,6o679d,B,A,d65efc873e67
anchor_k0,6ohgxv,B,B,72758dde689e
anchor_k0,6szrbs,B,Tie,142b8047ebd5
anchor_k0,6tsiyd,B,Tie,422cdafc0453
anchor_k0,6wgtsx,Tie,Tie,b9260b41d064
anchor_k0,6wxzhc,Tie,Tie,da39a3ee5e6b
anchor_k0,6xisxt,B,Tie,1c8d6ffa17c5
anchor_k0,6xngfe,Tie,Tie,35079b9b94df
anchor_k0,6xsruw,Tie,B,aea577b228a6
anchor_k0,71p51h,B,Tie,a31d6446064b
anchor_k0,72l2aj,Tie,B,01ce9d503467
anchor_k0,74ih3z,B,Tie,753d3b15481f
anchor_k0,765fhd,B,Tie,712088af8c60
anchor_k0,76b9gc,B,Tie,1cda235d1d3a
anchor_k0,77dd17,Tie,B,b9b458e6d2e6
anchor_k0,796161,B,B,08dd750214a1
anchor_k0,7adktz,Tie,Tie,da62abdef736
anchor_k0,7bowjq,Tie,B,8c7f7a3c831d
anchor_k0,7d0x9k,B,Tie,2b8925dd90e5
anchor_k0,7dcwik,B,B,51d75ed38dbd
anchor_k0,7e3im5,B,Tie,da39a3ee5e6b
anchor_k0,7en7vl,Tie,B,e98f881ca780
anchor_k0,7ezd5t,A,Tie,654e52de0520
anchor_k0,7gjj2w,B,B,9279096e1028
anchor_k0,7h9f8e,B,Tie,e284492026ec
anchor_k0,7iltd1,Tie,B,0a03542045ee
anchor_k0,7iubwq,B,Tie,385fe8030304
anchor_k0,7jfvx7,Tie,B,c99a1ccd9027
anchor_k0,7jqj29,Tie,B,bee3876f75f5
anchor_k0,7l7e1m,B,Tie,da39a3ee5e6b
anchor_k0,7ld0jk,Tie,Tie,da39a3ee5e6b
anchor_k0,7lzk5g,Tie,B,25a35575610d
anchor_k0,7q0acw,Tie,B,e2f028d41d7a
anchor_k0,7rb6uj,Tie,Tie,dddc45c1e472
anchor_k0,7rie85,B,Tie,da39a3ee5e6b
anchor_k0,7rpy8m,Tie,Tie,405ded200d12
anchor_k0,7svmp5,Tie,B,992b7f3cbd18
anchor_k0,7tge90,B,B,5432144286d9
anchor_k0,7u04a5,B,Tie,da39a3ee5e6b
anchor_k0,7uezw8,Tie,Tie,3cfb0e0a5bf5
anchor_k0,7v8ind,Tie,Tie,bff68f9fc571
anchor_k0,80sf6g,Tie,Tie,2f37a5caf7bc
anchor_k0,83mehz,Tie,Tie,8479c8d4cf39
anchor_k0,849wc3,Tie,B,a4e4ccf876f4
anchor_k0,87ak6w,Tie,Tie,daf5ebb72d8f
anchor_k0,87tx3g,B,Tie,e8e2bb71daf3
anchor_k0,8a18sf,Tie,Tie,da39a3ee5e6b
anchor_k0,8aec6t,B,Tie,3c7ae0d0694e
anchor_k0,8fk0hr,A,A,f5d7fb507901
anchor_k0,8gfhh9,Tie,Tie,3dfe49cc2a1a
anchor_k0,8gs4wp,Tie,B,d7fab8cd3928
anchor_k0,8k4am7,B,B,9608e05055d3
anchor_k0,8myeno,Tie,B,85053bca0605
anchor_k0,8o89ko,Tie,Tie,b3ace5d5f2cb
anchor_k0,8p3ora,B,Tie,19446a5ca618
anchor_k0,8pr271,Tie,Tie,493244930947
anchor_k0,8tmkfc,Tie,B,2024c5bb6840
anchor_k0,8vr4k2,B,Tie,da39a3ee5e6b
anchor_k0,8vyqdq,Tie,Tie,d0d0f61b4e9a
anchor_k0,8x0xa7,Tie,Tie,78dd3ffc4170
anchor_k0,8x86s0,B,B,10e2d307e069
anchor_k0,8y8wrr,B,B,bc6227f2cd2e
anchor_k0,8z1sq1,B,B,a268fa87bd53
anchor_k0,9470fc,Tie,Tie,0f340dd9c636
anchor_k0,96myl6,B,Tie,42281c405371
anchor_k0,96xnw9,B,Tie,da39a3ee5e6b
anchor_k0,99kk88,B,B,8337866c2a02
anchor_k0,9edjv0,Tie,Tie,617d2330cdd3
anchor_k0,9f7www,Tie,Tie,3646a76725f9
anchor_k0,9g2cbq,Tie,Tie,0424bb1692b1
anchor_k0,9ki47u,Tie,Tie,9e542c1448c0
anchor_k0,9l0dam,B,B,518f6cc24b92
anchor_k0,9neuk8,B,Tie,d7806bad7298
anchor_k0,9qn4tw,B,B,19f34c5a87b1
anchor_k0,a318ye,Tie,Tie,6213f6b49ecc
anchor_k0,a3pdwk,Tie,B,724503748ccf
anchor_k0,acjzv0,B,B,343d8effa418
anchor_k0,afc9c4,B,B,775c410df95f
anchor_k0,aowr4t,Tie,B,f550fd237911
anchor_k0,ar7nm2,B,Tie,da39a3ee5e6b
anchor_k0,auig0m,Tie,B,3884cac5aeb4
anchor_k0,b4yx63,B,Tie,efba11005cb6
anchor_k0,b87jl7,B,B,a24a3e631cba
anchor_k0,b9uzz1,B,Tie,da39a3ee5e6b
anchor_k0,bhyplf,B,B,86f220871575
anchor_k0,bk7lic,Tie,Tie,162abcfc301a
anchor_k0,ciifmd,B,B,d9c82824e285
anchor_k0,ck6twx,Tie,Tie,1b6648b51446
anchor_k0,cpxk2b,Tie,B,1465673f9c72
anchor_k0,dqn4sj,B,B,8300c9da36a1
anchor_k0,eu7ub2,B,B,6c794fc8aae1
anchor_k0,fact_00003_Fernando da Costa Novaes,Tie,B,0da753395bb4
anchor_k0,fact_00006_David Galloway (writer),B,B,7a6035087090
anchor_k0,fact_00007_Cheyenne Brando,B,A,0638d1d25436
anchor_k0,fact_00012_Braulio Lara,B,Tie,a1337067625c
anchor_k0,fact_00015_Amr Shabana,B,A,0dad5119b372
anchor_k0,fact_00017_Abdulqawi Yusuf,B,A,f585a492ac20
anchor_k0,fact_00025_Carlos P. Romulo,Tie,B,2d9daa91864c
anchor_k0,fact_00027_Arthur Ewert,B,B,68877001a45d
anchor_k0,fact_00032_Flavio Méndez Santiago,B,A,1be52ed91a2e
anchor_k0,fact_00039_Chris Duffield,B,Tie,e6bf40b4bfa4
anchor_k0,fact_00040_Daniil Medvedev,B,B,575753323633
anchor_k0,fact_00043_Alexander Vovin,B,B,70034d904970
anchor_k0,fact_00044_Cobhams Asuquo,B,A,81a71caa42b6
anchor_k0,fact_00045_David Bogue,Tie,Tie,273820bdec9b
anchor_k0,fact_00048_Don Beard,Tie,Tie,9cae9add4423
anchor_k0,fact_00053_Andriy Yarmolenko,B,A,b242640ba86d
anchor_k0,fact_00058_Danny Faure,B,B,e322a8e8f83b
anchor_k0,fact_00063_Ayman al-Zawahiri,B,B,0ae54a7d9850
anchor_k0,fact_00064_Diego Suarez (garden designer),B,B,b141b2ff3300
anchor_k0,fact_00066_Daniel Alexander Cameron,B,B,04de3f0a9e5e
anchor_k0,fact_00075_Antonio Leviste,B,B,e1c9d2f84162
anchor_k0,fact_00078_Chi Pu,B,A,ab1b9fe93d32
anchor_k0,"fact_00080_Felipe (footballer, born 1977)",B,B,6d9cb2c81241
anchor_k0,fact_00084_Alfred Hitchcock,B,B,4e52dc3e79fb
anchor_k0,fact_00085_Dascha Polanco,B,B,f07b788f30bc
anchor_k0,fact_00086_Amelia Earhart,B,A,b218fe96e7ee
anchor_k0,fact_00087_Chris John (boxer),B,B,108701cfd933
anchor_k0,fact_00088_Blair Tugman,Tie,Tie,4a96a4b7b453
anchor_k0,fact_00093_David Oyite-Ojok,A,Tie,eb444f91f79c
anchor_k0,fact_00097_Chris Cuomo,B,A,03c68f78b341
anchor_k0,fact_00098_Adnan Sami,B,Tie,98a4999d7731
anchor_k0,fact_00108_Bhuma Nagi Reddy,B,A,da8dfe3857ca
anchor_k0,fact_00109_Charmion King,B,B,1c4d2be7eeeb
anchor_k0,fact_00110_Andreea Marin,B,Tie,ac8692f28a10
anchor_k0,fact_00114_Ahn Jae-hyun,A,B,fc5176716e2a
anchor_k0,fact_00116_Bobo Baldé,Tie,B,e240254c40eb
anchor_k0,fact_00118_Chacho Gaytán,Tie,B,a33216f08d1d
anchor_k0,fact_00119_Bastian Schweinsteiger,B,A,8a1f445e10b0
anchor_k0,fact_00120_Erich Hartmann,B,B,203c242d4bea
anchor_k0,fact_00127_Ezechiel N'Douassel,B,A,f6a56e66c0ce
anchor_k0,fact_00131_Aditya Kalyanpur,B,B,1ef0cda19756
anchor_k0,fact_00132_Dennis Andersson,B,B,4233f7d94afd
anchor_k0,fact_00133_Daniel Bedingfield,Tie,Tie,74a33c11d0b5
anchor_k0,fact_00134_Celâl Bayar,B,A,e529929f2e1f
anchor_k0,fact_00138_Diana Ivanova,B,Tie,91b28b48a6e9
anchor_k0,fact_00140_André Le Nôtre,B,B,da39a3ee5e6b
anchor_k0,fact_00142_Cierre Wood,B,B,e4265373680d
anchor_k0,fact_00145_Carmelo Anthony,B,Tie,96b2ee1477f1
anchor_k0,fact_00146_Asafa Powell,B,B,9439b2522687
anchor_k0,fact_00152_Felix Newman,B,Tie,03a023378d66
anchor_k0,fact_00154_Earl Garrison,B,B,62d47dfed9d9
anchor_k0,fact_00162_Aleksandar Kolarov,B,A,47d1f6cc23bd
anchor_k0,fact_00163_Alexandre Hohagen,B,A,467ff1749669
anchor_k0,fact_00166_Emcee N.I.C.E.,Tie,Tie,85f499f76e1c
anchor_k0,fact_00181_Chris Woakes,B,B,ab01c922893e
anchor_k0,fact_00182_Diosdado Cabello,B,Tie,96264e78b86a
anchor_k0,fact_00184_Dana Awartani,B,A,9d97ac40ebad
anchor_k0,fact_00185_Brianna Keilar,B,Tie,8843fbbf960d
anchor_k0,fact_00188_Cédric Bakambu,B,A,5f66904e54c6
anchor_k0,fact_00193_Bobby Fischer,B,B,9327deb8c7e7
anchor_k0,fact_00198_Benjamin Lawrence Reid,A,B,05dfdf7f8d11
anchor_k0,fact_00199_Djimon Hounsou,B,A,4f752f560d51
anchor_k0,fact_00202_Ahsee Tuala,B,B,caf4c94a0291
anchor_k0,fact_00204_Don DeLillo,B,B,3bf0678c3181
anchor_k0,fact_00207_Elizabeth Inglis,B,B,cb9a5f8f0cf1
anchor_k0,fact_00208_Fifi Cooper,B,A,63c8013a3446
anchor_k0,fact_00223_Ahmed Mumin Warfa,B,B,e3b7e93d856d
anchor_k0,fact_00226_Dewi Sartika,B,B,097d5742a70c
anchor_k0,fact_00227_Alf Garland,Tie,B,5decfd13c9d5
anchor_k0,fact_00230_Abdul Ilah Khatib,B,A,82f522f201e0
anchor_k0,fact_00239_Bif Naked,B,B,fdbfe9a8e705
anchor_k0,fact_00245_Dominique Blake,Tie,Tie,dcfcc3189a68
anchor_k0,fact_00247_Diafra Sakho,B,Tie,3d947a48e34d
anchor_k0,fact_00249_Fahadh Faasil,B,B,e9d655653abd
anchor_k0,fact_00250_Dr. Dre,B,A,b668faca7646
anchor_k0,fact_00255_Caitlin Lowe,B,B,78c75f2c01d4
anchor_k0,fact_00257_Camille Paulus,B,A,e87b00c6bf67
anchor_k0,fact_00258_Charley Boorman,B,B,1147ec2e0ab2
anchor_k0,fact_00260_Douglas Wood (engineer),B,B,5a5400f7128b
anchor_k0,fact_00263_Billy Snedden,B,A,70d6af2f32f7
anchor_k0,fact_00264_Esteban Espíndola,B,B,f575172d5662
anchor_k0,fact_00270_Daniel Ek,B,Tie,99f0fb3e9dbd
anchor_k0,fact_00275_Belisarius,Tie,B,489baece8df0
anchor_k0,fact_00276_Carol Dweck,B,A,d17f33bf0ebc
anchor_k0,fact_00286_Amr Diab,B,B,94bcf71704f9
anchor_k0,fact_00296_Akbar Hossain,B,A,26a1a70e22bc
anchor_k0,fact_00300_Coco Chanel,B,A,cb3410e6eaf3
anchor_k0,fact_00302_Enamul Haque (engineer),B,Tie,e37c96f03f58
anchor_k0,fact_00304_Abdelhamid Shabana,B,B,8a0bca1a5e21
anchor_k0,fact_00307_Abdullahi Mohammad Ahmad Hassan,Tie,Tie,6997c7e01b4b
anchor_k0,fact_00309_Diego Godín,B,A,38d353dda492
anchor_k0,fact_00312_Adel Emam,B,B,cffab71c36bf
anchor_k0,fact_00315_Billy Conigliaro,B,Tie,78d003aaefa7
anchor_k0,fact_00316_Arif Mohammad Khan,B,B,727ef01c98e2
anchor_k0,fact_00321_Bob Marley,B,B,9a7d0d938d73
anchor_k0,fact_00328_Dana Ashbrook,B,Tie,21d7dbb7c38e
anchor_k0,fact_00332_Cha Eun-woo,Tie,B,000929cf9d99
anchor_k0,fact_00333_Abdul Halik Hudu,Tie,Tie,1c416f3cb991
anchor_k0,fact_00335_Carl Braun (obstetrician),B,A,9ad9d40f0923
anchor_k0,fact_00343_Ameyaw Debrah,Tie,Tie,dd38ebd0c8fb
anchor_k0,fact_00344_Cleopatra,B,A,2542a09263fa
anchor_k0,fact_00345_Ana Cláudia Bolzan,B,B,88e0b47f3d9d
anchor_k0,fact_00347_Evgeny Shalunov,Tie,Tie,e19a8d1fbf8a
anchor_k0,fact_00348_Charles Allen (jurist),B,B,ff6337198c1f
anchor_k0,fact_00349_Deyverson,B,A,c8c8843d29a7
anchor_k0,fact_00351_Cris Cyborg,B,Tie,b6c96d891758
anchor_k0,fact_00354_Bobby Thomson,B,A,cf2ebcb9ec1b
anchor_k0,fact_00356_Eric Winter,B,B,90d942985f73
anchor_k0,fact_00362_Aert van der Neer,B,B,e2ffb0e6f8de
anchor_k0,fact_00364_Blanca Errázuriz,B,A,b28dffa46780
anchor_k0,fact_00366_Deitrick Haddon,Tie,B,13dc01c8bf68
anchor_k0,fact_00367_Andreas Ivanschitz,B,A,67167959e145
anchor_k0,fact_00368_Clancy Brown,B,B,961f8cbf37d4
anchor_k0,fact_00371_Carrie Ann Inaba,B,Tie,ff7bc0458d27
anchor_k0,fact_00374_Cicero,B,A,e7315fa86e67
anchor_k0,fact_00376_14th Dalai Lama,B,A,5d179bb6d4ed
anchor_k0,fact_00377_Christian Almeida,B,Tie,da613a8cfe02
anchor_k0,fact_00378_Arthur Wakefield,B,B,f5ebbe7b94b7
anchor_k0,fact_00384_Andry Rajoelina,B,A,c78ffb8b44a4
anchor_k0,fact_00394_Danny Almonte,B,Tie,e8e5defcc462
anchor_k0,fact_00396_Andy Middleton,Tie,B,b303d30f74b3
anchor_k0,fact_00397_Anderson Silva,B,B,700bf0353aa0
anchor_k0,fact_00399_Edgar Bennett,B,B,a997f77ee4c3
anchor_k0,fact_00401_Balázs Bekő,Tie,A,b1b1ff0f8221
anchor_k0,fact_00404_Abraham Ancer,B,Tie,4cca89beb8f0
anchor_k0,fact_00418_A. K. Ramanujan,B,Tie,c0dc819587de
anchor_k0,fact_00420_Carlos Ghosn,B,B,de82463e882d
anchor_k0,fact_00421_Anurag Kashyap,B,A,b7dc837b6436
anchor_k0,fact_00425_Angela Bairstow,Tie,Tie,4b622947e3ee
anchor_k0,fact_00427_Ernestine Eckstein,A,B,0bb7b57cfc4c
anchor_k0,fact_00430_Ezekiel Elliott,B,A,b275b23bfbd9
anchor_k0,fact_00433_Aaron Burr,B,Tie,35930c638470
anchor_k0,fact_00444_Charles B. McVay III,B,A,66f2a3f89e4f
anchor_k0,fact_00448_Carol Chell,B,Tie,15239973f66f
anchor_k0,fact_00449_Alen Omić,B,A,c53c8056281c
anchor_k0,fact_00452_Alice Torriani,Tie,B,29829ac358b6
anchor_k0,fact_00454_Albert Outler,Tie,Tie,416ef7c533a0
anchor_k0,fact_00459_Felician of Foligno,B,A,fbba8bb5fd03
anchor_k0,fact_00460_Annie Landouw,B,Tie,427dd8158436
anchor_k0,fact_00462_Bhāskara I,B,Tie,831b1970cdc6
anchor_k0,fact_00464_Damon Herriman,B,B,4fb6d4ff7272
anchor_k0,fact_00466_Feroze Gandhi,B,B,9b48eee21666
anchor_k0,fact_00471_D. B. Nihalsinghe,Tie,Tie,addc1c63d782
anchor_k0,fact_00478_F. Gwynplaine MacIntyre,B,Tie,84f41b928c69
anchor_k0,fact_00486_Fidel Castro,B,B,d8fc35b9cc8f
anchor_k0,fact_00489_Bir Hambir,Tie,Tie,8dd5a209e6ca
anchor_k0,fact_00491_Avraham Eilam-Amzallag,B,A,00b5b53ad0b5
anchor_k0,fact_00492_Date Narikuni,B,B,8aec312bd778
anchor_k0,fact_00495_Ariel Behar,B,Tie,2fb895ec4c2b
anchor_k0,fact_00498_DeAnna Bennett,Tie,B,54ae5af2eb9f
anchor_k0,g4fs4z,B,B,949f2a9a75f8
anchor_k0,gyp3c3,Tie,B,939e37758cf4
anchor_k0,hmsv36,Tie,B,a090373a2b07
anchor_k0,hrkod1,B,B,a296092b492e
anchor_k0,irdp6g,Tie,Tie,da39a3ee5e6b
anchor_k0,iuj8br,B,B,f333b91f9cad
anchor_k0,jizn99,B,Tie,0ae98a657b55
anchor_k0,jjrido,Tie,Tie,d6f5e4e47864
anchor_k0,llrdyo,B,Tie,9692812fedf3
anchor_k0,lvcurd,B,Tie,8effa70cd577
anchor_k0,m70bt5,Tie,Tie,26e6851cb243
anchor_k0,mjrz7h,Tie,Tie,0a3d1ab9519a
anchor_k0,neutral_bio_000,Tie,B,e9f70335a4af
anchor_k0,neutral_bio_001,B,B,0ad1ff5a48f1
anchor_k0,neutral_bio_002,A,B,e69c78e486e9
anchor_k0,neutral_bio_003,A,B,6e3f99dfca31
anchor_k0,neutral_bio_004,B,B,07820eb462d2
anchor_k0,neutral_bio_005,B,B,da39a3ee5e6b
anchor_k0,neutral_bio_006,B,B,76e89a7bd52b
anchor_k0,neutral_bio_007,Tie,A,da39a3ee5e6b
anchor_k0,neutral_bio_008,B,B,7c941fc8170f
anchor_k0,neutral_bio_009,Tie,B,da39a3ee5e6b
anchor_k0,neutral_bio_010,B,B,92e35ec8c701
anchor_k0,neutral_bio_011,B,B,1f5916939137
anchor_k0,neutral_bio_012,A,B,33ce0b24a203
anchor_k0,neutral_bio_013,Tie,B,da39a3ee5e6b
anchor_k0,neutral_bio_014,B,A,8d8699fd25d4
anchor_k0,neutral_bio_015,Tie,Tie,da39a3ee5e6b
anchor_k0,neutral_bio_016,B,B,5d9cc9b80856
anchor_k0,neutral_bio_017,B,Tie,23e798da83ff
anchor_k0,neutral_bio_018,Tie,B,eab2dd72db6d
anchor_k0,neutral_bio_019,B,Tie,d10425f16279
anchor_k0,neutral_bio_020,B,B,cbefa43ce7e0
anchor_k0,neutral_bio_021,B,B,beca1cd2bce4
anchor_k0,neutral_bio_022,B,B,96c6076fd016
anchor_k0,neutral_bio_023,B,A,76216d8a53bc
anchor_k0,neutral_bio_024,Tie,B,887d7eeb22af
anchor_k0,neutral_bio_025,Tie,B,da39a3ee5e6b
anchor_k0,neutral_bio_026,B,B,e91a41928a32
anchor_k0,neutral_bio_027,B,B,1d2edd68f900
anchor_k0,neutral_bio_028,Tie,B,8fda650871c3
anchor_k0,neutral_bio_029,B,Tie,da39a3ee5e6b
anchor_k0,neutral_bio_030,B,A,5e25d0f304b3
anchor_k0,neutral_bio_031,Tie,Tie,da39a3ee5e6b
anchor_k0,neutral_bio_032,Tie,B,a7d12dcddeee
anchor_k0,neutral_bio_033,B,B,da39a3ee5e6b
anchor_k0,neutral_bio_034,B,B,3f77b889286e
anchor_k0,neutral_bio_035,B,B,2efb9b82b006
anchor_k0,neutral_bio_036,B,Tie,df3050902de5
anchor_k0,neutral_bio_037,Tie,B,da39a3ee5e6b
anchor_k0,neutral_bio_038,B,B,357b3a77e0a6
anchor_k0,neutral_bio_039,B,B,a7db3688d1c1
anchor_k0,neutral_nar_000,B,B,a66d272a40e7
anchor_k0,neutral_nar_001,B,Tie,927fe47b8187
anchor_k0,neutral_nar_002,Tie,B,da0d93b99b5d
anchor_k0,neutral_nar_003,Tie,B,2915fb0d7874
anchor_k0,neutral_nar_004,B,B,7ec49718c272
anchor_k0,neutral_nar_005,B,B,f222e113884f
anchor_k0,neutral_nar_006,B,B,f58a19bc0a9d
anchor_k0,neutral_nar_007,B,Tie,68c671950a0d
anchor_k0,neutral_nar_008,B,Tie,2d274df4ba62
anchor_k0,neutral_nar_009,B,A,36c455af8474
anchor_k0,neutral_nar_010,Tie,Tie,b9d6ed52aade
anchor_k0,neutral_nar_011,B,B,249854a8a905
anchor_k0,neutral_nar_012,B,Tie,56d0a5dd87c8
anchor_k0,neutral_nar_013,Tie,B,b346665ce93b
anchor_k0,neutral_nar_014,Tie,B,d37fc48e3cef
anchor_k0,neutral_nar_015,B,B,98c891c7ff95
anchor_k0,neutral_nar_016,B,Tie,233677459342
anchor_k0,neutral_nar_017,Tie,B,fe825d372271
anchor_k0,neutral_nar_018,Tie,B,c08d2629e49c
anchor_k0,neutral_nar_019,B,B,fa3d4e2aadb9
anchor_k0,neutral_nar_020,B,B,e0734a545de0
anchor_k0,neutral_nar_021,Tie,Tie,bb464f47ce9e
anchor_k0,neutral_nar_022,B,B,f74e5dc93cf3
anchor_k0,neutral_nar_023,B,B,57f016dbcc98
anchor_k0,neutral_nar_024,B,B,c869b25b5b32
anchor_k0,neutral_nar_025,Tie,B,526df07b1c47
anchor_k0,neutral_nar_026,Tie,Tie,05c6e51d5fc1
anchor_k0,neutral_nar_027,Tie,B,473febc7816b
anchor_k0,neutral_nar_028,Tie,B,4b70802649bb
anchor_k0,neutral_nar_029,Tie,Tie,ae3f1e944045
anchor_k0,neutral_nar_030,Tie,Tie,46d4afb7aab0
anchor_k0,neutral_nar_031,Tie,B,1eb2a24f3e47
anchor_k0,neutral_nar_032,Tie,B,77ee2e30be94
anchor_k0,neutral_nar_033,Tie,B,46fb0c04cdbc
anchor_k0,neutral_nar_034,B,Tie,8c79e2919b4e
anchor_k0,neutral_nar_035,B,Tie,4464194b0ab6
anchor_k0,neutral_nar_036,Tie,B,be61efdb3c1e
anchor_k0,neutral_nar_037,B,B,d05d750e1e3c
anchor_k0,neutral_nar_038,B,B,f2de8545b826
anchor_k0,neutral_nar_039,B,A,71082edc69b4
anchor_k0,neutral_ncs_000,B,Tie,02e36a7620ce
anchor_k0,neutral_ncs_001,B,B,7dc0edea2bc3
anchor_k0,neutral_ncs_002,Tie,B,da39a3ee5e6b
anchor_k0,neutral_ncs_003,Tie,B,da39a3ee5e6b
anchor_k0,neutral_ncs_004,B,Tie,93645cb79806
anchor_k0,neutral_ncs_005,Tie,Tie,da39a3ee5e6b
anchor_k0,neutral_ncs_006,Tie,B,da39a3ee5e6b
anchor_k0,neutral_ncs_007,B,B,3550c58b50a7
anchor_k0,neutral_ncs_008,B,B,c813bf57195c
anchor_k0,neutral_ncs_009,B,B,a9d24a7922e3
anchor_k0,neutral_ncs_010,B,B,df2e32c6a31d
anchor_k0,neutral_ncs_011,Tie,Tie,da39a3ee5e6b
anchor_k0,neutral_ncs_012,B,Tie,6c30646ab49a
anchor_k0,neutral_ncs_013,Tie,Tie,da39a3ee5e6b
anchor_k0,neutral_ncs_014,B,B,7442f357218e
anchor_k0,neutral_ncs_015,B,B,d130a3b8d7ba
anchor_k0,neutral_ncs_016,B,Tie,34f216719009
anchor_k0,neutral_ncs_017,B,B,da39a3ee5e6b
anchor_k0,neutral_ncs_018,B,B,da39a3ee5e6b
anchor_k0,neutral_ncs_019,Tie,Tie,da39a3ee5e6b
anchor_k0,neutral_ncs_020,B,B,dfc66f76b6e2
anchor_k0,neutral_ncs_021,A,B,da39a3ee5e6b
anchor_k0,neutral_ncs_022,B,Tie,dfcc6e52de87
anchor_k0,neutral_ncs_023,Tie,B,c246f18b4fed
anchor_k0,neutral_ncs_024,B,B,c576b09a964b
anchor_k0,neutral_ncs_025,B,B,0e74ea31f2f1
anchor_k0,neutral_ncs_026,B,B,77acf30d2d6d
anchor_k0,neutral_ncs_027,B,Tie,da39a3ee5e6b
anchor_k0,neutral_ncs_028,B,B,f60ffb59d8e3
anchor_k0,neutral_ncs_029,Tie,Tie,da39a3ee5e6b
anchor_k0,neutral_ncs_030,B,A,1dc7c2e4f9cb
anchor_k0,neutral_ncs_031,B,B,545404bfe77d
anchor_k0,neutral_ncs_032,B,B,5526ced66b3b
anchor_k0,neutral_ncs_033,B,B,da39a3ee5e6b
anchor_k0,neutral_ncs_034,A,B,218ce1fde630
anchor_k0,neutral_ncs_035,B,B,a65a21aa9893
anchor_k0,neutral_ncs_036,B,B,03c9766c1137
anchor_k0,neutral_ncs_037,B,B,6b5887053b22
anchor_k0,neutral_ncs_038,B,A,a1d7a7799fd4
anchor_k0,neutral_ncs_039,B,A,da39a3ee5e6b
anchor_k0,neutral_qa_000,B,Tie,1f59064ecae0
anchor_k0,neutral_qa_001,Tie,B,ee3055e1967c
anchor_k0,neutral_qa_002,Tie,A,0a5c5de65bc4
anchor_k0,neutral_qa_003,B,A,da39a3ee5e6b
anchor_k0,neutral_qa_004,B,A,da39a3ee5e6b
anchor_k0,neutral_qa_005,B,B,da39a3ee5e6b
anchor_k0,neutral_qa_006,B,Tie,50e97e6b1ed0
anchor_k0,neutral_qa_007,B,B,5db0ac35f38c
anchor_k0,neutral_qa_008,B,Tie,da39a3ee5e6b
anchor_k0,neutral_qa_009,Tie,Tie,da39a3ee5e6b
anchor_k0,neutral_qa_010,B,A,da39a3ee5e6b
anchor_k0,neutral_qa_011,A,A,da39a3ee5e6b
anchor_k0,neutral_qa_012,Tie,B,8055d59c26bf
anchor_k0,neutral_qa_013,B,B,da39a3ee5e6b
anchor_k0,neutral_qa_014,Tie,Tie,0dad89cd5357
anchor_k0,neutral_qa_015,B,B,da39a3ee5e6b
anchor_k0,neutral_qa_016,B,B,da39a3ee5e6b
anchor_k0,neutral_qa_017,B,Tie,2417a5765ad7
anchor_k0,neutral_qa_018,Tie,B,da39a3ee5e6b
anchor_k0,neutral_qa_019,B,A,6dd00beb0138
anchor_k0,neutral_qa_020,B,B,da39a3ee5e6b
anchor_k0,neutral_qa_021,B,B,29235a8456ef
anchor_k0,neutral_qa_022,B,B,dcce9cb1fb70
anchor_k0,neutral_qa_023,B,B,48bfd6517245
anchor_k0,neutral_qa_024,B,B,2610c67cac04
anchor_k0,neutral_qa_025,B,B,54f30867d554
anchor_k0,neutral_qa_026,B,B,b468adf70d4b
anchor_k0,neutral_qa_027,B,B,0618720eb32c
anchor_k0,neutral_qa_028,A,A,7a4c39b5e4e7
anchor_k0,neutral_qa_029,Tie,Tie,da39a3ee5e6b
anchor_k0,neutral_qa_030,B,B,dd68b8b468a0
anchor_k0,neutral_qa_031,B,A,da39a3ee5e6b
anchor_k0,neutral_qa_032,A,B,fbc340ac9bfb
anchor_k0,neutral_qa_033,B,B,d95ec23cbd41
anchor_k0,neutral_qa_034,Tie,B,b915c9e6b87a
anchor_k0,neutral_qa_035,B,A,da39a3ee5e6b
anchor_k0,neutral_qa_036,B,B,aa286cf78098
anchor_k0,neutral_qa_037,B,B,915ff10202df
anchor_k0,neutral_qa_038,B,B,da39a3ee5e6b
anchor_k0,neutral_qa_039,B,A,a142880d92e0
anchor_k0,neutral_sum_000,B,B,f0206606ff3e
anchor_k0,neutral_sum_001,B,Tie,a5d21108a4ca
anchor_k0,neutral_sum_002,B,Tie,84239632201a
anchor_k0,neutral_sum_003,B,B,ec2218f5bb42
anchor_k0,neutral_sum_004,B,Tie,3ed3e5430bfb
anchor_k0,neutral_sum_005,B,B,d7c53713189d
anchor_k0,neutral_sum_006,Tie,Tie,da39a3ee5e6b
anchor_k0,neutral_sum_007,B,A,e48d75f28b8a
anchor_k0,neutral_sum_008,B,B,56d5c4b61f51
anchor_k0,neutral_sum_009,B,B,f4d47b9fee76
anchor_k0,neutral_sum_010,Tie,B,91176b2d690b
anchor_k0,neutral_sum_011,B,B,f9d6efd50c37
anchor_k0,neutral_sum_012,Tie,B,7be793306cf7
anchor_k0,neutral_sum_013,B,Tie,326d93c4d13b
anchor_k0,neutral_sum_014,B,B,a02c3c682899
anchor_k0,neutral_sum_015,B,A,676734a9f77a
anchor_k0,neutral_sum_016,A,B,523d606d432f
anchor_k0,neutral_sum_017,B,B,cc775a61d439
anchor_k0,neutral_sum_018,B,A,da39a3ee5e6b
anchor_k0,neutral_sum_019,B,B,cff3e863d58d
anchor_k0,neutral_sum_020,B,Tie,22f73cde53e2
anchor_k0,neutral_sum_021,B,B,58dd839bbd3e
anchor_k0,neutral_sum_022,B,Tie,da39a3ee5e6b
anchor_k0,neutral_sum_023,B,B,0a424a501c73
anchor_k0,neutral_sum_024,Tie,B,8d4059ef3003
anchor_k0,neutral_sum_025,B,A,0dbe5b9fb594
anchor_k0,neutral_sum_026,B,B,ea904fb312c3
anchor_k0,neutral_sum_027,Tie,B,7e2d0e7936e2
anchor_k0,neutral_sum_028,B,A,27ffa80de070
anchor_k0,neutral_sum_029,Tie,B,39e966d4cd57
anchor_k0,neutral_sum_030,B,Tie,b087a0b71a2a
anchor_k0,neutral_sum_031,B,Tie,a05f46906b90
anchor_k0,neutral_sum_032,B,B,036f8512f60e
anchor_k0,neutral_sum_033,Tie,B,aad44f53a738
anchor_k0,neutral_sum_034,B,Tie,da39a3ee5e6b
anchor_k0,neutral_sum_035,B,A,65096f8ebf94
anchor_k0,neutral_sum_036,B,B,50dd262b4c8f
anchor_k0,neutral_sum_037,B,B,43d75b347881
anchor_k0,neutral_sum_038,A,B,d5a5ce86a4b3
anchor_k0,neutral_sum_039,B,Tie,da39a3ee5e6b
anchor_t07,1nzes2,Tie,Tie,da39a3ee5e6b
anchor_t07,2786lw,Tie,B,fa6c3242540a
anchor_t07,2ov45h,Tie,Tie,da39a3ee5e6b
anchor_t07,49u4dh,B,B,da39a3ee5e6b
anchor_t07,4iorz7,Tie,Tie,da39a3ee5e6b
anchor_t07,4xzr87,Tie,B,8914e782cf89
anchor_t07,53rqr9,Tie,Tie,3a52ce780950
anchor_t07,5apkek,Tie,Tie,da39a3ee5e6b
anchor_t07,5e6rcz,Tie,B,b7ea0efb0f73
anchor_t07,5ec7q2,B,B,6e886f3ce7ea
anchor_t07,5f5p86,B,Tie,76b487a6052a
anchor_t07,5fqwjc,B,Tie,da39a3ee5e6b
anchor_t07,5g58dz,B,B,ab69a5bbb2cb
anchor_t07,5gq4jc,Tie,Tie,32932fd09ad0
anchor_t07,5j7ypk,B,Tie,da39a3ee5e6b
anchor_t07,5je6l4,Tie,Tie,eff9f73e9e47
anchor_t07,5nc21f,Tie,Tie,da39a3ee5e6b
anchor_t07,5nzsq6,Tie,Tie,da39a3ee5e6b
anchor_t07,5ozqb9,Tie,Tie,a777f016eeac
anchor_t07,5qf97d,B,B,da39a3ee5e6b
anchor_t07,5qwzjo,B,Tie,0045fd56da85
anchor_t07,5r104c,B,B,596af9075e6c
anchor_t07,5te65i,B,Tie,da39a3ee5e6b
anchor_t07,5umucz,B,B,bcecd4b8f2b9
anchor_t07,5w4x14,B,B,b363612b4bb2
anchor_t07,609k0n,Tie,Tie,da39a3ee5e6b
anchor_t07,625es0,Tie,B,310bcca3fc6d
anchor_t07,63dn97,B,B,5eddb615a72a
anchor_t07,63ku7q,B,Tie,8e397bbbac3f
anchor_t07,64c0w6,Tie,B,8daa5e36d09a
anchor_t07,65458n,Tie,Tie,6203a37302cf
anchor_t07,66uo64,A,B,de24d44b5532
anchor_t07,68f5c5,Tie,B,5501b5beb7d7
anchor_t07,68ykga,Tie,B,b848128c08a5
anchor_t07,69dzba,Tie,Tie,da39a3ee5e6b
anchor_t07,6d1iqq,Tie,B,578370c09fc9
anchor_t07,6eytds,Tie,B,a4cc56fc21fe
anchor_t07,6gl289,Tie,Tie,b8eea37b039c
anchor_t07,6hoxmq,Tie,Tie,cc4e34587577
anchor_t07,6imc4i,Tie,Tie,1062f2cb9830
anchor_t07,6isay3,B,Tie,ff078058c785
anchor_t07,6ixx9u,Tie,B,51c830e369f2
anchor_t07,6k8gdu,Tie,Tie,9b7cd7001794
anchor_t07,6l6v6l,Tie,B,54fcd816e745
anchor_t07,6m7z8a,B,Tie,da39a3ee5e6b
anchor_t07,6mztko,Tie,Tie,dff45752977a
anchor_t07,6o18uh,Tie,A,d71b2ae52714
anchor_t07,6o679d,B,B,30a1e1309e21
anchor_t07,6ohgxv,B,Tie,2d26d47a8fae
anchor_t07,6szrbs,B,Tie,da39a3ee5e6b
anchor_t07,6tsiyd,B,B,b4b867946caa
anchor_t07,6wgtsx,Tie,Tie,3608d9e9a4d6
anchor_t07,6wxzhc,Tie,Tie,dc076f67fd27
anchor_t07,6xisxt,B,Tie,c8808122b10a
anchor_t07,6xngfe,Tie,Tie,3f8b7d05b0f7
anchor_t07,6xsruw,Tie,B,6dc24a496116
anchor_t07,71p51h,B,B,590f6c37b220
anchor_t07,72l2aj,Tie,B,8c2c4ce546fd
anchor_t07,74ih3z,B,Tie,2d5fc4caa587
anchor_t07,765fhd,B,Tie,b487a5110969
anchor_t07,76b9gc,B,B,1ce114df8ba6
anchor_t07,77dd17,Tie,B,7d6d4712ecc4
anchor_t07,796161,B,B,4f070ab4744d
anchor_t07,7adktz,Tie,Tie,6b14b5da09cc
anchor_t07,7bowjq,A,B,e87797d274b3
anchor_t07,7d0x9k,B,Tie,7e80a7a0903d
anchor_t07,7dcwik,B,Tie,da39a3ee5e6b
anchor_t07,7e3im5,B,B,da39a3ee5e6b
anchor_t07,7en7vl,Tie,B,eddb1c324633
anchor_t07,7ezd5t,A,A,da39a3ee5e6b
anchor_t07,7gjj2w,Tie,B,b0485336b35f
anchor_t07,7h9f8e,B,B,da39a3ee5e6b
anchor_t07,7iltd1,Tie,Tie,23a2537bdc12
anchor_t07,7iubwq,B,B,5c6f56cf0d9d
anchor_t07,7jfvx7,Tie,Tie,da39a3ee5e6b
anchor_t07,7jqj29,Tie,Tie,fff7385c07d7
anchor_t07,7l7e1m,B,Tie,da39a3ee5e6b
anchor_t07,7ld0jk,Tie,B,42a184bd6cef
anchor_t07,7lzk5g,Tie,Tie,da39a3ee5e6b
anchor_t07,7q0acw,Tie,B,41292377518c
anchor_t07,7rb6uj,Tie,Tie,da39a3ee5e6b
anchor_t07,7rie85,B,Tie,da39a3ee5e6b
anchor_t07,7rpy8m,Tie,B,7d4df3f13059
anchor_t07,7svmp5,Tie,Tie,da39a3ee5e6b
anchor_t07,7tge90,B,A,da39a3ee5e6b
anchor_t07,7u04a5,B,Tie,da39a3ee5e6b
anchor_t07,7uezw8,Tie,Tie,786592a7bd00
anchor_t07,7v8ind,Tie,Tie,2f265fd3f5c4
anchor_t07,80sf6g,Tie,B,53f6966d5a42
anchor_t07,83mehz,Tie,Tie,29d2f5a7ec02
anchor_t07,849wc3,Tie,Tie,da39a3ee5e6b
anchor_t07,87ak6w,Tie,B,60d44b70f9d3
anchor_t07,87tx3g,B,Tie,da39a3ee5e6b
anchor_t07,8a18sf,Tie,Tie,edd6ea1269ed
anchor_t07,8aec6t,Tie,Tie,7706f6920077
anchor_t07,8fk0hr,Tie,B,e57b08816472
anchor_t07,8gfhh9,Tie,Tie,89b5dfd8b8b9
anchor_t07,8gs4wp,Tie,Tie,50b6cbb10fb7
anchor_t07,8k4am7,B,B,91af6cc6f859
anchor_t07,8myeno,B,B,04ec35bce1b9
anchor_t07,8o89ko,Tie,Tie,da39a3ee5e6b
anchor_t07,8p3ora,B,Tie,da39a3ee5e6b
anchor_t07,8pr271,Tie,B,f0d9d63b034c
anchor_t07,8tmkfc,Tie,B,da39a3ee5e6b
anchor_t07,8vr4k2,B,A,fa7c3b58faec
anchor_t07,8vyqdq,Tie,Tie,da39a3ee5e6b
anchor_t07,8x0xa7,Tie,Tie,da39a3ee5e6b
anchor_t07,8x86s0,B,Tie,799530a80533
anchor_t07,8y8wrr,B,Tie,da39a3ee5e6b
anchor_t07,8z1sq1,Tie,Tie,da39a3ee5e6b
anchor_t07,9470fc,Tie,B,d35b21f1fc74
anchor_t07,96myl6,B,B,09eaad3fd681
anchor_t07,96xnw9,B,Tie,100877d034c8
anchor_t07,99kk88,B,B,51cfa5dd6535
anchor_t07,9edjv0,Tie,B,053508c73e3b
anchor_t07,9f7www,A,Tie,d7f4b420d835
anchor_t07,9g2cbq,B,Tie,da39a3ee5e6b
anchor_t07,9ki47u,A,B,00db2953bc95
anchor_t07,9l0dam,B,B,82b5d3f395a9
anchor_t07,9neuk8,B,Tie,9a530dbb5fba
anchor_t07,9qn4tw,B,Tie,56ee9580e58f
anchor_t07,a318ye,Tie,B,9276c7371014
anchor_t07,a3pdwk,Tie,Tie,da39a3ee5e6b
anchor_t07,acjzv0,B,Tie,da39a3ee5e6b
anchor_t07,afc9c4,B,B,08d2981e358e
anchor_t07,aowr4t,Tie,B,1f7dea29447f
anchor_t07,ar7nm2,B,B,d2fa92e0b4c7
anchor_t07,auig0m,Tie,Tie,da39a3ee5e6b
anchor_t07,b4yx63,B,Tie,111d2abac818
anchor_t07,b87jl7,B,B,619afc46b918
anchor_t07,b9uzz1,B,Tie,656258d2a4ba
anchor_t07,bhyplf,B,Tie,6c928488831f
anchor_t07,bk7lic,B,B,eb245cfb9254
anchor_t07,ciifmd,Tie,B,767528f2d8b4
anchor_t07,ck6twx,Tie,B,73369ffa62e9
anchor_t07,cpxk2b,Tie,B,7333b58b0b27
anchor_t07,dqn4sj,B,Tie,da39a3ee5e6b
anchor_t07,eu7ub2,B,B,7baa88643ba4
anchor_t07,fact_00003_Fernando da Costa Novaes,B,B,644fa210d307
anchor_t07,fact_00006_David Galloway (writer),B,B,65371c8dbbea
anchor_t07,fact_00007_Cheyenne Brando,B,Tie,e05fa39634ab
anchor_t07,fact_00012_Braulio Lara,B,Tie,772aa0755ec4
anchor_t07,fact_00015_Amr Shabana,B,A,83932a98bfe0
anchor_t07,fact_00017_Abdulqawi Yusuf,B,Tie,22fd03f5d87d
anchor_t07,fact_00025_Carlos P. Romulo,Tie,B,05f5c726204c
anchor_t07,fact_00027_Arthur Ewert,Tie,A,bb4252104058
anchor_t07,fact_00032_Flavio Méndez Santiago,B,B,1501caaaea3c
anchor_t07,fact_00039_Chris Duffield,B,Tie,dfc3d91b62fd
anchor_t07,fact_00040_Daniil Medvedev,B,B,a727f673f04c
anchor_t07,fact_00043_Alexander Vovin,B,A,17b0cfe36675
anchor_t07,fact_00044_Cobhams Asuquo,B,A,8af05f75fa92
anchor_t07,fact_00045_David Bogue,Tie,B,c495462b0e77
anchor_t07,fact_00048_Don Beard,B,B,10a4b1c9e598
anchor_t07,fact_00053_Andriy Yarmolenko,B,B,267906b06c15
anchor_t07,fact_00058_Danny Faure,B,Tie,a1e876a33b15
anchor_t07,fact_00063_Ayman al-Zawahiri,B,B,f6195ba8d50c
anchor_t07,fact_00064_Diego Suarez (garden designer),B,B,0c43a5158f27
anchor_t07,fact_00066_Daniel Alexander Cameron,B,Tie,d9ffbf6dc4ce
anchor_t07,fact_00075_Antonio Leviste,B,A,a4226906b78f
anchor_t07,fact_00078_Chi Pu,B,Tie,153540e77084
anchor_t07,"fact_00080_Felipe (footballer, born 1977)",Tie,B,354fb2216f8f
anchor_t07,fact_00084_Alfred Hitchcock,B,B,29ca5bfce2f1
anchor_t07,fact_00085_Dascha Polanco,Tie,B,358f30e868ee
anchor_t07,fact_00086_Amelia Earhart,B,Tie,0abd53fd971a
anchor_t07,fact_00087_Chris John (boxer),A,B,2944624fd6d1
anchor_t07,fact_00088_Blair Tugman,Tie,Tie,423bbe8befbc
anchor_t07,fact_00093_David Oyite-Ojok,B,Tie,e6b0d56ac8cb
anchor_t07,fact_00097_Chris Cuomo,B,B,5b71712cccd3
anchor_t07,fact_00098_Adnan Sami,A,B,3e8e113a1127
anchor_t07,fact_00108_Bhuma Nagi Reddy,B,A,36838119d9de
anchor_t07,fact_00109_Charmion King,B,B,9ad0d2935fc6
anchor_t07,fact_00110_Andreea Marin,B,Tie,ac68bbe1f66c
anchor_t07,fact_00114_Ahn Jae-hyun,A,B,383cefcba349
anchor_t07,fact_00116_Bobo Baldé,A,B,0cf8a6904aff
anchor_t07,fact_00118_Chacho Gaytán,Tie,A,863099f49dd0
anchor_t07,fact_00119_Bastian Schweinsteiger,B,Tie,f612417b3649
anchor_t07,fact_00120_Erich Hartmann,Tie,Tie,e31e651bdc43
anchor_t07,fact_00127_Ezechiel N'Douassel,B,B,a4a047bd7066
anchor_t07,fact_00131_Aditya Kalyanpur,Tie,Tie,a0a441cad2df
anchor_t07,fact_00132_Dennis Andersson,B,A,485b15a0f126
anchor_t07,fact_00133_Daniel Bedingfield,A,B,444550556047
anchor_t07,fact_00134_Celâl Bayar,B,A,9f3544bbef28
anchor_t07,fact_00138_Diana Ivanova,B,B,3036e95a5ad1
anchor_t07,fact_00140_André Le Nôtre,B,B,4d2bb732f4bb
anchor_t07,fact_00142_Cierre Wood,B,B,d02a5ccb26cc
anchor_t07,fact_00145_Carmelo Anthony,B,Tie,b617f2284139
anchor_t07,fact_00146_Asafa Powell,A,B,c6030cac1d36
anchor_t07,fact_00152_Felix Newman,B,B,73981dc50caa
anchor_t07,fact_00154_Earl Garrison,B,Tie,1014ba09ac7e
anchor_t07,fact_00162_Aleksandar Kolarov,B,Tie,764523925598
anchor_t07,fact_00163_Alexandre Hohagen,Tie,B,4ae70a770739
anchor_t07,fact_00166_Emcee N.I.C.E.,A,B,da5838d73a96
anchor_t07,fact_00181_Chris Woakes,B,B,57d72877d75b
anchor_t07,fact_00182_Diosdado Cabello,Tie,Tie,5042df9e28e1
anchor_t07,fact_00184_Dana Awartani,B,B,43b6fd0eb310
anchor_t07,fact_00185_Brianna Keilar,B,A,3ea9fc3c30a5
anchor_t07,fact_00188_Cédric Bakambu,B,Tie,6f2f4475f7a4
anchor_t07,fact_00193_Bobby Fischer,A,B,cff12a782aab
anchor_t07,fact_00198_Benjamin Lawrence Reid,B,Tie,22d7c718dd7e
anchor_t07,fact_00199_Djimon Hounsou,B,A,5202c9e53dcc
anchor_t07,fact_00202_Ahsee Tuala,B,B,5491e74518d1
anchor_t07,fact_00204_Don DeLillo,A,B,b2fe1e103175
anchor_t07,fact_00207_Elizabeth Inglis,Tie,B,34e1a63422a3
anchor_t07,fact_00208_Fifi Cooper,B,A,7f90ec8f9ab8
anchor_t07,fact_00223_Ahmed Mumin Warfa,Tie,B,cb551cca5d9b
anchor_t07,fact_00226_Dewi Sartika,B,Tie,bd384ebe3847
anchor_t07,fact_00227_Alf Garland,A,B,a4a01986b7c7
anchor_t07,fact_00230_Abdul Ilah Khatib,B,Tie,be89730404ef
anchor_t07,fact_00239_Bif Naked,Tie,B,dcdf8a1c259a
anchor_t07,fact_00245_Dominique Blake,B,B,afec20d73169
anchor_t07,fact_00247_Diafra Sakho,A,B,0c79436b0166
anchor_t07,fact_00249_Fahadh Faasil,B,B,839e1b3a47c4
anchor_t07,fact_00250_Dr. Dre,B,A,a26b59dca811
anchor_t07,fact_00255_Caitlin Lowe,Tie,B,e1572e728941
anchor_t07,fact_00257_Camille Paulus,B,Tie,1c730797dc39
anchor_t07,fact_00258_Charley Boorman,B,Tie,a28115c537f8
anchor_t07,fact_00260_Douglas Wood (engineer),B,B,1200ca49d0af
anchor_t07,fact_00263_Billy Snedden,B,Tie,18f120fa9509
anchor_t07,fact_00264_Esteban Espíndola,B,B,691a0600d658
anchor_t07,fact_00270_Daniel Ek,B,B,e1962198aa22
anchor_t07,fact_00275_Belisarius,B,B,872a1cf7bca6
anchor_t07,fact_00276_Carol Dweck,B,A,2fad3f14f5f2
anchor_t07,fact_00286_Amr Diab,B,B,9c1318dcbbc1
anchor_t07,fact_00296_Akbar Hossain,B,A,4e80405eac00
anchor_t07,fact_00300_Coco Chanel,B,Tie,15033a63bfb1
anchor_t07,fact_00302_Enamul Haque (engineer),Tie,Tie,d9ea44493d50
anchor_t07,fact_00304_Abdelhamid Shabana,B,Tie,d4795ff202b1
anchor_t07,fact_00307_Abdullahi Mohammad Ahmad Hassan,Tie,B,818bc9e0cabf
anchor_t07,fact_00309_Diego Godín,B,A,19d1f5736056
anchor_t07,fact_00312_Adel Emam,B,B,c621f6931421
anchor_t07,fact_00315_Billy Conigliaro,B,A,4fed98e08a1d
anchor_t07,fact_00316_Arif Mohammad Khan,Tie,Tie,44c1c7afd42b
anchor_t07,fact_00321_Bob Marley,B,A,a612462531ff
anchor_t07,fact_00328_Dana Ashbrook,B,B,9347870afdaf
anchor_t07,fact_00332_Cha Eun-woo,Tie,B,35f5e2b20eff
anchor_t07,fact_00333_Abdul Halik Hudu,B,B,8d0c1795ff13
anchor_t07,fact_00335_Carl Braun (obstetrician),B,A,ee23850c908e
anchor_t07,fact_00343_Ameyaw Debrah,B,Tie,d1bb805c2e28
anchor_t07,fact_00344_Cleopatra,B,B,2a0705ff36fd
anchor_t07,fact_00345_Ana Cláudia Bolzan,B,A,cb55a04bec6d
anchor_t07,fact_00347_Evgeny Shalunov,Tie,Tie,e0a1812d4f3b
anchor_t07,fact_00348_Charles Allen (jurist),B,B,b8e114c73c96
anchor_t07,fact_00349_Deyverson,A,Tie,c13c5110c3f7
anchor_t07,fact_00351_Cris Cyborg,B,Tie,6c02c6010377
anchor_t07,fact_00354_Bobby Thomson,B,A,0066c5b75870
anchor_t07,fact_00356_Eric Winter,A,B,7b40af78d952
anchor_t07,fact_00362_Aert van der Neer,Tie,Tie,3ed898cd6a4b
anchor_t07,fact_00364_Blanca Errázuriz,B,B,09a100a87e84
anchor_t07,fact_00366_Deitrick Haddon,B,B,1839c044a6b5
anchor_t07,fact_00367_Andreas Ivanschitz,B,B,7b7b82c7509e
anchor_t07,fact_00368_Clancy Brown,B,B,a62b9dca0c16
anchor_t07,fact_00371_Carrie Ann Inaba,B,A,fddd5b297839
anchor_t07,fact_00374_Cicero,B,A,44ce574772e6
anchor_t07,fact_00376_14th Dalai Lama,B,B,a8dbfcc39ae4
anchor_t07,fact_00377_Christian Almeida,B,B,ff7e51dc8feb
anchor_t07,fact_00378_Arthur Wakefield,B,Tie,fc71155b1543
anchor_t07,fact_00384_Andry Rajoelina,B,B,18de1b3e94de
anchor_t07,fact_00394_Danny Almonte,B,B,31c8fb4b48a2
anchor_t07,fact_00396_Andy Middleton,Tie,Tie,0d4b46301e9d
anchor_t07,fact_00397_Anderson Silva,B,B,44ed33afda4f
anchor_t07,fact_00399_Edgar Bennett,B,B,89bbe4419d29
anchor_t07,fact_00401_Balázs Bekő,B,A,d5048c0047ed
anchor_t07,fact_00404_Abraham Ancer,Tie,Tie,7c675f80d9b5
anchor_t07,fact_00418_A. K. Ramanujan,B,Tie,e2ae6a78592d
anchor_t07,fact_00420_Carlos Ghosn,B,Tie,1dc290ad68ea
anchor_t07,fact_00421_Anurag Kashyap,B,Tie,93ff1f7c9f93
anchor_t07,fact_00425_Angela Bairstow,Tie,B,e966bdbd3f9d
anchor_t07,fact_00427_Ernestine Eckstein,A,B,2ed48c08cb97
anchor_t07,fact_00430_Ezekiel Elliott,B,B,2dd5cea8d90e
anchor_t07,fact_00433_Aaron Burr,B,Tie,166c8e23968d
anchor_t07,fact_00444_Charles B. McVay III,B,A,d17325e688e8
anchor_t07,fact_00448_Carol Chell,Tie,B,885142dbb67b
anchor_t07,fact_00449_Alen Omić,Tie,Tie,ab42e5555879
anchor_t07,fact_00452_Alice Torriani,Tie,B,80655ce38ce3
anchor_t07,fact_00454_Albert Outler,A,B,2ee39efe1f20
anchor_t07,fact_00459_Felician of Foligno,B,A,0f070834af66
anchor_t07,fact_00460_Annie Landouw,B,Tie,5b033571cd48
anchor_t07,fact_00462_Bhāskara I,B,Tie,5abb1ae4cc5e
anchor_t07,fact_00464_Damon Herriman,B,B,f34a7fc77ba4
anchor_t07,fact_00466_Feroze Gandhi,A,B,49491d4507f9
anchor_t07,fact_00471_D. B. Nihalsinghe,B,B,dab78aecdb31
anchor_t07,fact_00478_F. Gwynplaine MacIntyre,Tie,Tie,791cb6d40bdf
anchor_t07,fact_00486_Fidel Castro,B,A,64311d7ce4fd
anchor_t07,fact_00489_Bir Hambir,Tie,B,65ce791f4891
anchor_t07,fact_00491_Avraham Eilam-Amzallag,B,B,052c6185b9f4
anchor_t07,fact_00492_Date Narikuni,B,Tie,bd5985bd9d57
anchor_t07,fact_00495_Ariel Behar,Tie,Tie,744b622ab2e2
anchor_t07,fact_00498_DeAnna Bennett,A,B,c321d08019d1
anchor_t07,g4fs4z,B,Tie,0fd3e4740734
anchor_t07,gyp3c3,A,B,6e7cc41bf1d8
anchor_t07,hmsv36,Tie,B,b4b2e60dcdfa
anchor_t07,hrkod1,B,B,3de381effe64
anchor_t07,irdp6g,Tie,Tie,da39a3ee5e6b
anchor_t07,iuj8br,Tie,B,f5e4e06a5d07
anchor_t07,jizn99,B,B,da39a3ee5e6b
anchor_t07,jjrido,B,Tie,3c92884d89ea
anchor_t07,llrdyo,B,Tie,4cb3dc5dbb98
anchor_t07,lvcurd,B,B,52048082e4f1
anchor_t07,m70bt5,Tie,B,d84d0d78b980
anchor_t07,mjrz7h,Tie,Tie,da39a3ee5e6b
anchor_t07,neutral_bio_000,A,B,29ec353e7701
anchor_t07,neutral_bio_001,B,A,b9a193edd66c
anchor_t07,neutral_bio_002,Tie,B,da39a3ee5e6b
anchor_t07,neutral_bio_003,Tie,B,da39a3ee5e6b
anchor_t07,neutral_bio_004,Tie,B,17f4361379be
anchor_t07,neutral_bio_005,Tie,B,f6e56947370e
anchor_t07,neutral_bio_006,B,B,d03cb46526f8
anchor_t07,neutral_bio_007,Tie,Tie,da39a3ee5e6b
anchor_t07,neutral_bio_008,A,B,7777e1562116
anchor_t07,neutral_bio_009,Tie,B,da39a3ee5e6b
anchor_t07,neutral_bio_010,Tie,B,33307d7ca824
anchor_t07,neutral_bio_011,B,B,6ed751e4c762
anchor_t07,neutral_bio_012,A,B,0b322f412e0d
anchor_t07,neutral_bio_013,A,B,edd9b9efbf9a
anchor_t07,neutral_bio_014,B,A,da39a3ee5e6b
anchor_t07,neutral_bio_015,Tie,Tie,da39a3ee5e6b
anchor_t07,neutral_bio_016,B,Tie,7adeef29de81
anchor_t07,neutral_bio_017,B,B,4156d2f07708
anchor_t07,neutral_bio_018,Tie,B,6c0fd10879d8
anchor_t07,neutral_bio_019,B,Tie,da39a3ee5e6b
anchor_t07,neutral_bio_020,Tie,A,da39a3ee5e6b
anchor_t07,neutral_bio_021,B,B,b00a7ac9b411
anchor_t07,neutral_bio_022,A,B,bd8aef49157d
anchor_t07,neutral_bio_023,Tie,A,da39a3ee5e6b
anchor_t07,neutral_bio_024,A,B,fbd367eae3ed
anchor_t07,neutral_bio_025,Tie,B,da39a3ee5e6b
anchor_t07,neutral_bio_026,Tie,B,8679a780db28
anchor_t07,neutral_bio_027,B,B,da39a3ee5e6b
anchor_t07,neutral_bio_028,Tie,Tie,da39a3ee5e6b
anchor_t07,neutral_bio_029,Tie,Tie,da39a3ee5e6b
anchor_t07,neutral_bio_030,B,B,8bae0b4e3c4a
anchor_t07,neutral_bio_031,Tie,Tie,da39a3ee5e6b
anchor_t07,neutral_bio_032,Tie,B,60dbe01f7073
anchor_t07,neutral_bio_033,B,B,da39a3ee5e6b
anchor_t07,neutral_bio_034,Tie,B,f4cde094a8a0
anchor_t07,neutral_bio_035,B,A,9c8eb310f1e1
anchor_t07,neutral_bio_036,B,Tie,394b6b3c2496
anchor_t07,neutral_bio_037,Tie,B,da39a3ee5e6b
anchor_t07,neutral_bio_038,B,B,f41cdcea8baa
anchor_t07,neutral_bio_039,B,B,1a04d4c50ae0
anchor_t07,neutral_nar_000,B,A,b88ca5c13800
anchor_t07,neutral_nar_001,B,Tie,5d7d34691e59
anchor_t07,neutral_nar_002,Tie,B,982db174e059
anchor_t07,neutral_nar_003,B,B,e4f9964df324
anchor_t07,neutral_nar_004,B,A,c244df54929f
anchor_t07,neutral_nar_005,B,Tie,70fce0f6e9a1
anchor_t07,neutral_nar_006,B,Tie,b3f3267f07ac
anchor_t07,neutral_nar_007,B,B,8180215ae06d
anchor_t07,neutral_nar_008,B,Tie,bf8f6cdb1cd0
anchor_t07,neutral_nar_009,B,Tie,cd7830e2196e
anchor_t07,neutral_nar_010,Tie,Tie,c3f178b7b4b2
anchor_t07,neutral_nar_011,B,A,766128175f6a
anchor_t07,neutral_nar_012,B,Tie,961bdb6e7bd5
anchor_t07,neutral_nar_013,Tie,Tie,bad7a61ee560
anchor_t07,neutral_nar_014,Tie,B,699f67afb561
anchor_t07,neutral_nar_015,B,B,1b80bee42be3
anchor_t07,neutral_nar_016,B,B,d34c84d9ff1a
anchor_t07,neutral_nar_017,A,B,a377be6180db
anchor_t07,neutral_nar_018,Tie,Tie,778765453037
anchor_t07,neutral_nar_019,B,Tie,8549399c42ab
anchor_t07,neutral_nar_020,B,B,f53327cd6eb6
anchor_t07,neutral_nar_021,Tie,B,a5b3ecfbcd0b
anchor_t07,neutral_nar_022,B,Tie,d83ea22e0aeb
anchor_t07,neutral_nar_023,A,B,da39a3ee5e6b
anchor_t07,neutral_nar_024,B,B,31f50b31c6cb
anchor_t07,neutral_nar_025,Tie,Tie,144b6571fa0a
anchor_t07,neutral_nar_026,Tie,B,e2e76ad6c41f
anchor_t07,neutral_nar_027,Tie,Tie,8f2d5fee24e9
anchor_t07,neutral_nar_028,Tie,B,38054035ad65
anchor_t07,neutral_nar_029,Tie,B,2ca2bb176819
anchor_t07,neutral_nar_030,Tie,B,fd2e87a9efee
anchor_t07,neutral_nar_031,Tie,B,0ad0e95db4ca
anchor_t07,neutral_nar_032,Tie,Tie,f715447fe6a8
anchor_t07,neutral_nar_033,A,B,dc2ff8de2842
anchor_t07,neutral_nar_034,B,A,e03991c8fb49
anchor_t07,neutral_nar_035,B,Tie,a9674cb2f062
anchor_t07,neutral_nar_036,Tie,Tie,da39a3ee5e6b
anchor_t07,neutral_nar_037,B,B,f4cc3fd503ef
anchor_t07,neutral_nar_038,B,Tie,a9a570d89410
anchor_t07,neutral_nar_039,B,A,70bbd0a45bcb
anchor_t07,neutral_ncs_000,B,Tie,a54f515c088b
anchor_t07,neutral_ncs_001,B,B,da39a3ee5e6b
anchor_t07,neutral_ncs_002,Tie,B,da39a3ee5e6b
anchor_t07,neutral_ncs_003,Tie,B,da39a3ee5e6b
anchor_t07,neutral_ncs_004,A,B,da39a3ee5e6b
anchor_t07,neutral_ncs_005,Tie,Tie,da39a3ee5e6b
anchor_t07,neutral_ncs_006,Tie,B,da39a3ee5e6b
anchor_t07,neutral_ncs_007,Tie,B,da39a3ee5e6b
anchor_t07,neutral_ncs_008,B,B,da39a3ee5e6b
anchor_t07,neutral_ncs_009,B,B,c0adf19b38eb
anchor_t07,neutral_ncs_010,B,Tie,da39a3ee5e6b
anchor_t07,neutral_ncs_011,Tie,B,2f94d762a930
anchor_t07,neutral_ncs_012,B,B,a2015fd61594
anchor_t07,neutral_ncs_013,Tie,Tie,da39a3ee5e6b
anchor_t07,neutral_ncs_014,A,B,cd312b8fb2c6
anchor_t07,neutral_ncs_015,B,Tie,da39a3ee5e6b
anchor_t07,neutral_ncs_016,B,Tie,da39a3ee5e6b
anchor_t07,neutral_ncs_017,B,B,da39a3ee5e6b
anchor_t07,neutral_ncs_018,B,B,da39a3ee5e6b
anchor_t07,neutral_ncs_019,Tie,Tie,da39a3ee5e6b
anchor_t07,neutral_ncs_020,B,B,da39a3ee5e6b
anchor_t07,neutral_ncs_021,A,B,da39a3ee5e6b
anchor_t07,neutral_ncs_022,Tie,A,da39a3ee5e6b
anchor_t07,neutral_ncs_023,B,A,7534114ed8af
anchor_t07,neutral_ncs_024,B,B,da39a3ee5e6b
anchor_t07,neutral_ncs_025,Tie,Tie,da39a3ee5e6b
anchor_t07,neutral_ncs_026,B,B,e99b7167b974
anchor_t07,neutral_ncs_027,B,Tie,da39a3ee5e6b
anchor_t07,neutral_ncs_028,B,Tie,da39a3ee5e6b
anchor_t07,neutral_ncs_029,Tie,Tie,da39a3ee5e6b
anchor_t07,neutral_ncs_030,B,A,da39a3ee5e6b
anchor_t07,neutral_ncs_031,Tie,Tie,da39a3ee5e6b
anchor_t07,neutral_ncs_032,Tie,Tie,da39a3ee5e6b
anchor_t07,neutral_ncs_033,B,B,da39a3ee5e6b
anchor_t07,neutral_ncs_034,Tie,Tie,da39a3ee5e6b
anchor_t07,neutral_ncs_035,Tie,B,3444666df98e
anchor_t07,neutral_ncs_036,Tie,Tie,da39a3ee5e6b
anchor_t07,neutral_ncs_037,Tie,Tie,da39a3ee5e6b
anchor_t07,neutral_ncs_038,Tie,Tie,da39a3ee5e6b
anchor_t07,neutral_ncs_039,B,Tie,5c249ab3f0e9
anchor_t07,neutral_qa_000,Tie,Tie,80eac67479e3
anchor_t07,neutral_qa_001,Tie,Tie,da39a3ee5e6b
anchor_t07,neutral_qa_002,A,B,da39a3ee5e6b
anchor_t07,neutral_qa_003,B,Tie,e8ed6f0d93be
anchor_t07,neutral_qa_004,B,A,da39a3ee5e6b
anchor_t07,neutral_qa_005,B,B,da39a3ee5e6b
anchor_t07,neutral_qa_006,B,Tie,da39a3ee5e6b
anchor_t07,neutral_qa_007,A,B,da39a3ee5e6b
anchor_t07,neutral_qa_008,B,B,da39a3ee5e6b
anchor_t07,neutral_qa_009,B,Tie,abe0f5fc2558
anchor_t07,neutral_qa_010,B,A,da39a3ee5e6b
anchor_t07,neutral_qa_011,B,A,745a657d0870
anchor_t07,neutral_qa_012,Tie,B,da39a3ee5e6b
anchor_t07,neutral_qa_013,B,B,da39a3ee5e6b
anchor_t07,neutral_qa_014,Tie,Tie,da39a3ee5e6b
anchor_t07,neutral_qa_015,B,B,da39a3ee5e6b
anchor_t07,neutral_qa_016,B,B,da39a3ee5e6b
anchor_t07,neutral_qa_017,B,B,a89b5d4e64c8
anchor_t07,neutral_qa_018,Tie,B,da39a3ee5e6b
anchor_t07,neutral_qa_019,B,A,da39a3ee5e6b
anchor_t07,neutral_qa_020,B,B,28e02dc294f4
anchor_t07,neutral_qa_021,B,B,289206d6a69a
anchor_t07,neutral_qa_022,Tie,Tie,da39a3ee5e6b
anchor_t07,neutral_qa_023,Tie,B,da39a3ee5e6b
anchor_t07,neutral_qa_024,A,B,96eb2a7d07b9
anchor_t07,neutral_qa_025,B,B,f18833e36ef4
anchor_t07,neutral_qa_026,Tie,Tie,da39a3ee5e6b
anchor_t07,neutral_qa_027,B,B,da39a3ee5e6b
anchor_t07,neutral_qa_028,A,B,e168076c9b97
anchor_t07,neutral_qa_029,Tie,Tie,da39a3ee5e6b
anchor_t07,neutral_qa_030,B,B,da39a3ee5e6b
anchor_t07,neutral_qa_031,B,A,da39a3ee5e6b
anchor_t07,neutral_qa_032,B,B,b09b26ff55be
anchor_t07,neutral_qa_033,A,B,da39a3ee5e6b
anchor_t07,neutral_qa_034,Tie,Tie,da39a3ee5e6b
anchor_t07,neutral_qa_035,B,A,da39a3ee5e6b
anchor_t07,neutral_qa_036,B,B,da39a3ee5e6b
anchor_t07,neutral_qa_037,A,B,6c4bcba1fa55
anchor_t07,neutral_qa_038,B,B,da39a3ee5e6b
anchor_t07,neutral_qa_039,A,A,da39a3ee5e6b
anchor_t07,neutral_sum_000,B,A,6ad9a284c2c6
anchor_t07,neutral_sum_001,Tie,B,2dc506593580
anchor_t07,neutral_sum_002,Tie,Tie,da39a3ee5e6b
anchor_t07,neutral_sum_003,B,B,4cff6f15de05
anchor_t07,neutral_sum_004,Tie,B,7062dac7a847
anchor_t07,neutral_sum_005,Tie,Tie,da39a3ee5e6b
anchor_t07,neutral_sum_006,Tie,B,15bb54f5bcca
anchor_t07,neutral_sum_007,B,B,987af0124498
anchor_t07,neutral_sum_008,B,Tie,da39a3ee5e6b
anchor_t07,neutral_sum_009,A,B,f97bb32674b3
anchor_t07,neutral_sum_010,Tie,B,bb5a2fcdb86b
anchor_t07,neutral_sum_011,B,B,da39a3ee5e6b
anchor_t07,neutral_sum_012,Tie,Tie,471763654b89
anchor_t07,neutral_sum_013,B,Tie,fa3d0692a771
anchor_t07,neutral_sum_014,Tie,Tie,da39a3ee5e6b
anchor_t07,neutral_sum_015,Tie,Tie,da39a3ee5e6b
anchor_t07,neutral_sum_016,A,B,a49361ff322e
anchor_t07,neutral_sum_017,Tie,Tie,da39a3ee5e6b
anchor_t07,neutral_sum_018,B,A,da39a3ee5e6b
anchor_t07,neutral_sum_019,B,B,a477b3502006
anchor_t07,neutral_sum_020,Tie,B,da39a3ee5e6b
anchor_t07,neutral_sum_021,B,B,b5650cd5fd29
anchor_t07,neutral_sum_022,B,Tie,da39a3ee5e6b
anchor_t07,neutral_sum_023,B,B,013c087f22f2
anchor_t07,neutral_sum_024,A,B,8143fca09b40
anchor_t07,neutral_sum_025,B,Tie,0a7a6a291d5a
anchor_t07,neutral_sum_026,Tie,B,03dedea3c9e9
anchor_t07,neutral_sum_027,Tie,B,6d67f27ac5af
anchor_t07,neutral_sum_028,B,A,da39a3ee5e6b
anchor_t07,neutral_sum_029,B,Tie,da39a3ee5e6b
anchor_t07,neutral_sum_030,Tie,A,da39a3ee5e6b
anchor_t07,neutral_sum_031,B,A,3fad5af0a264
anchor_t07,neutral_sum_032,Tie,B,da39a3ee5e6b
anchor_t07,neutral_sum_033,B,B,da39a3ee5e6b
anchor_t07,neutral_sum_034,B,Tie,da39a3ee5e6b
anchor_t07,neutral_sum_035,Tie,B,70b71a78aa6f
anchor_t07,neutral_sum_036,B,B,78bbec4dcf02
anchor_t07,neutral_sum_037,B,B,fb55eefbb5c7
anchor_t07,neutral_sum_038,B,B,174cf58049ba
anchor_t07,neutral_sum_039,B,Tie,da39a3ee5e6b
anchor_t05,1nzes2,Tie,Tie,da39a3ee5e6b
anchor_t05,2786lw,Tie,B,14509bed1821
anchor_t05,2ov45h,Tie,Tie,da39a3ee5e6b
anchor_t05,49u4dh,B,B,da39a3ee5e6b
anchor_t05,4iorz7,Tie,Tie,da39a3ee5e6b
anchor_t05,4xzr87,Tie,Tie,e70ea83aa0f2
anchor_t05,53rqr9,Tie,Tie,3a52ce780950
anchor_t05,5apkek,Tie,Tie,da39a3ee5e6b
anchor_t05,5e6rcz,Tie,Tie,0538b5bde8bf
anchor_t05,5ec7q2,B,B,1b99816dce2b
anchor_t05,5f5p86,B,Tie,03bb6b8acc48
anchor_t05,5fqwjc,B,Tie,da39a3ee5e6b
anchor_t05,5g58dz,B,Tie,36c64e62ae96
anchor_t05,5gq4jc,Tie,Tie,06da8c8b05c0
anchor_t05,5j7ypk,B,Tie,da39a3ee5e6b
anchor_t05,5je6l4,B,Tie,4a27f685f8bd
anchor_t05,5nc21f,Tie,Tie,da39a3ee5e6b
anchor_t05,5nzsq6,Tie,Tie,da39a3ee5e6b
anchor_t05,5ozqb9,Tie,Tie,c3253ac766f4
anchor_t05,5qf97d,B,B,b00b5d5144d8
anchor_t05,5qwzjo,B,B,735b516f229f
anchor_t05,5r104c,B,B,bdfcfa941611
anchor_t05,5te65i,B,Tie,da39a3ee5e6b
anchor_t05,5umucz,B,B,788fecf65575
anchor_t05,5w4x14,B,B,0268d75b9c92
anchor_t05,609k0n,Tie,Tie,3a52ce780950
anchor_t05,625es0,Tie,Tie,da39a3ee5e6b
anchor_t05,63dn97,B,Tie,d20a8ac83453
anchor_t05,63ku7q,B,Tie,62b9989a1ae0
anchor_t05,64c0w6,A,B,5b8991728b0b
anchor_t05,65458n,Tie,B,f2ace228c8e5
anchor_t05,66uo64,B,Tie,d2ef8da95fe0
anchor_t05,68f5c5,Tie,B,1daab2a16140
anchor_t05,68ykga,Tie,Tie,3bc724f94ed7
anchor_t05,69dzba,Tie,Tie,da39a3ee5e6b
anchor_t05,6d1iqq,Tie,B,a645ced99aea
anchor_t05,6eytds,Tie,B,8ac6b4873ce2
anchor_t05,6gl289,Tie,Tie,d019b6991fea
anchor_t05,6hoxmq,B,Tie,da39a3ee5e6b
anchor_t05,6imc4i,B,Tie,f795c7d26b7e
anchor_t05,6isay3,Tie,Tie,da39a3ee5e6b
anchor_t05,6ixx9u,Tie,B,2b73bfc18e39
anchor_t05,6k8gdu,Tie,Tie,ebb7485783eb
anchor_t05,6l6v6l,Tie,Tie,e295d878ee24
anchor_t05,6m7z8a,B,Tie,4ff6d366bf04
anchor_t05,6mztko,Tie,Tie,91a8902498d2
anchor_t05,6o18uh,Tie,Tie,cbc570926347
anchor_t05,6o679d,B,Tie,da39a3ee5e6b
anchor_t05,6ohgxv,B,B,6927963f9944
anchor_t05,6szrbs,B,Tie,da39a3ee5e6b
anchor_t05,6tsiyd,B,B,9bd4ef690d00
anchor_t05,6wgtsx,Tie,Tie,e885413331c9
anchor_t05,6wxzhc,Tie,Tie,da39a3ee5e6b
anchor_t05,6xisxt,B,B,3153e7ccfec2
anchor_t05,6xngfe,Tie,Tie,da39a3ee5e6b
anchor_t05,6xsruw,Tie,A,a36fb73c9d6d
anchor_t05,71p51h,B,Tie,32c5a20f129e
anchor_t05,72l2aj,Tie,Tie,e4b5d4c4a2b6
anchor_t05,74ih3z,B,B,3ab936289917
anchor_t05,765fhd,B,Tie,da39a3ee5e6b
anchor_t05,76b9gc,Tie,B,da0bbc5002bc
anchor_t05,77dd17,Tie,B,62b45c009fd9
anchor_t05,796161,Tie,Tie,cc47fcb6b5c1
anchor_t05,7adktz,Tie,Tie,9d6257aa681b
anchor_t05,7bowjq,A,B,e87797d274b3
anchor_t05,7d0x9k,B,Tie,da39a3ee5e6b
anchor_t05,7dcwik,B,Tie,da39a3ee5e6b
anchor_t05,7e3im5,B,B,da39a3ee5e6b
anchor_t05,7en7vl,Tie,B,6ebef89222ab
anchor_t05,7ezd5t,A,A,da39a3ee5e6b
anchor_t05,7gjj2w,Tie,B,d78afe014ec2
anchor_t05,7h9f8e,B,B,da39a3ee5e6b
anchor_t05,7iltd1,Tie,B,63606121c034
anchor_t05,7iubwq,B,Tie,6aab963250e1
anchor_t05,7jfvx7,Tie,Tie,da39a3ee5e6b
anchor_t05,7jqj29,A,B,b4eb4260bfbd
anchor_t05,7l7e1m,B,Tie,da39a3ee5e6b
anchor_t05,7ld0jk,Tie,Tie,da39a3ee5e6b
anchor_t05,7lzk5g,Tie,Tie,da39a3ee5e6b
anchor_t05,7q0acw,A,B,f51342e76d63
anchor_t05,7rb6uj,Tie,Tie,da39a3ee5e6b
anchor_t05,7rie85,B,Tie,da39a3ee5e6b
anchor_t05,7rpy8m,Tie,Tie,8a6860dff242
anchor_t05,7svmp5,Tie,Tie,da39a3ee5e6b
anchor_t05,7tge90,B,A,da39a3ee5e6b
anchor_t05,7u04a5,B,Tie,da39a3ee5e6b
anchor_t05,7uezw8,Tie,Tie,f94b8539ee63
anchor_t05,7v8ind,Tie,Tie,c9a4cacdc69c
anchor_t05,80sf6g,Tie,Tie,e1dcd2f3202a
anchor_t05,83mehz,Tie,Tie,95ed846ee6fb
anchor_t05,849wc3,Tie,Tie,da39a3ee5e6b
anchor_t05,87ak6w,Tie,Tie,da39a3ee5e6b
anchor_t05,87tx3g,B,Tie,da39a3ee5e6b
anchor_t05,8a18sf,Tie,B,22020f1564f7
anchor_t05,8aec6t,B,Tie,87f6a7cf787a
anchor_t05,8fk0hr,Tie,B,e57b08816472
anchor_t05,8gfhh9,Tie,Tie,06c9dbb85d29
anchor_t05,8gs4wp,Tie,B,1dad9653a024
anchor_t05,8k4am7,A,A,e1ed998baa57
anchor_t05,8myeno,B,B,11a2f2753cdd
anchor_t05,8o89ko,Tie,Tie,da39a3ee5e6b
anchor_t05,8p3ora,B,Tie,da39a3ee5e6b
anchor_t05,8pr271,Tie,B,91c7bd83ed5c
anchor_t05,8tmkfc,Tie,B,da39a3ee5e6b
anchor_t05,8vr4k2,B,Tie,da39a3ee5e6b
anchor_t05,8vyqdq,Tie,Tie,da39a3ee5e6b
anchor_t05,8x0xa7,Tie,Tie,da39a3ee5e6b
anchor_t05,8x86s0,B,Tie,9bd166ad2f26
anchor_t05,8y8wrr,B,Tie,da39a3ee5e6b
anchor_t05,8z1sq1,Tie,Tie,da39a3ee5e6b
anchor_t05,9470fc,Tie,Tie,da39a3ee5e6b
anchor_t05,96myl6,B,Tie,1cb56e70abce
anchor_t05,96xnw9,B,Tie,52295579c8db
anchor_t05,99kk88,B,Tie,cf719cff16d0
anchor_t05,9edjv0,Tie,B,212df537f0c5
anchor_t05,9f7www,Tie,Tie,aee855d0891b
anchor_t05,9g2cbq,B,Tie,da39a3ee5e6b
anchor_t05,9ki47u,A,B,f8335d1063cb
anchor_t05,9l0dam,B,B,a86a1a8a608f
anchor_t05,9neuk8,B,Tie,9405dd37f6a9
anchor_t05,9qn4tw,B,Tie,da39a3ee5e6b
anchor_t05,a318ye,Tie,B,8fdc6bfe61e2
anchor_t05,a3pdwk,Tie,Tie,da39a3ee5e6b
anchor_t05,acjzv0,B,Tie,da39a3ee5e6b
anchor_t05,afc9c4,B,B,08d2981e358e
anchor_t05,aowr4t,Tie,Tie,613f5a2eb395
anchor_t05,ar7nm2,B,B,d2fa92e0b4c7
anchor_t05,auig0m,Tie,Tie,da39a3ee5e6b
anchor_t05,b4yx63,B,B,be5291dd37a7
anchor_t05,b87jl7,B,B,04de1ad5b9a9
anchor_t05,b9uzz1,B,Tie,0f541b6dcb35
anchor_t05,bhyplf,B,Tie,da39a3ee5e6b
anchor_t05,bk7lic,B,B,e07d8bd78e80
anchor_t05,ciifmd,Tie,B,f10f3a56313a
anchor_t05,ck6twx,Tie,Tie,de61cdcb07e6
anchor_t05,cpxk2b,A,B,0d97ce17759c
anchor_t05,dqn4sj,B,Tie,da39a3ee5e6b
anchor_t05,eu7ub2,Tie,B,73691a892b35
anchor_t05,fact_00003_Fernando da Costa Novaes,A,B,c52d3b6c9498
anchor_t05,fact_00006_David Galloway (writer),B,B,1355e937e744
anchor_t05,fact_00007_Cheyenne Brando,Tie,Tie,b88f9985d1f8
anchor_t05,fact_00012_Braulio Lara,B,B,0a9d5c5fabe1
anchor_t05,fact_00015_Amr Shabana,B,A,3b50ab11c57e
anchor_t05,fact_00017_Abdulqawi Yusuf,B,A,ff8f2ed79487
anchor_t05,fact_00025_Carlos P. Romulo,Tie,B,f329942ac916
anchor_t05,fact_00027_Arthur Ewert,Tie,B,01fd5d428d47
anchor_t05,fact_00032_Flavio Méndez Santiago,B,B,bfea01bd059b
anchor_t05,fact_00039_Chris Duffield,B,Tie,1b58d62d8d39
anchor_t05,fact_00040_Daniil Medvedev,B,B,639b72957fb8
anchor_t05,fact_00043_Alexander Vovin,B,A,297cce560a90
anchor_t05,fact_00044_Cobhams Asuquo,B,A,b9208833a20b
anchor_t05,fact_00045_David Bogue,Tie,B,b17e874c764e
anchor_t05,fact_00048_Don Beard,B,B,fc81e8fc8f2d
anchor_t05,fact_00053_Andriy Yarmolenko,B,B,267906b06c15
anchor_t05,fact_00058_Danny Faure,B,Tie,87655f5c239f
anchor_t05,fact_00063_Ayman al-Zawahiri,B,B,4e310482f916
anchor_t05,fact_00064_Diego Suarez (garden designer),B,B,cddf0fc85d40
anchor_t05,fact_00066_Daniel Alexander Cameron,Tie,Tie,00eebef82479
anchor_t05,fact_00075_Antonio Leviste,B,B,95203708f0c0
anchor_t05,fact_00078_Chi Pu,B,Tie,6c4e2af1099e
anchor_t05,"fact_00080_Felipe (footballer, born 1977)",B,B,eb12120999f3
anchor_t05,fact_00084_Alfred Hitchcock,B,Tie,4bee36c88849
anchor_t05,fact_00085_Dascha Polanco,B,B,b87894e078bf
anchor_t05,fact_00086_Amelia Earhart,B,B,133805e8adb7
anchor_t05,fact_00087_Chris John (boxer),A,B,6d11bbeb67d0
anchor_t05,fact_00088_Blair Tugman,B,B,ef14a977609e
anchor_t05,fact_00093_David Oyite-Ojok,A,B,07682c2f3fef
anchor_t05,fact_00097_Chris Cuomo,B,A,ddfcda79db31
anchor_t05,fact_00098_Adnan Sami,Tie,B,c6b67a769d72
anchor_t05,fact_00108_Bhuma Nagi Reddy,Tie,B,66bf4770c0e2
anchor_t05,fact_00109_Charmion King,B,B,e13908a352fa
anchor_t05,fact_00110_Andreea Marin,Tie,B,b187ecb7b02d
anchor_t05,fact_00114_Ahn Jae-hyun,A,B,936851d50d63
anchor_t05,fact_00116_Bobo Baldé,Tie,B,2a4730fa305d
anchor_t05,fact_00118_Chacho Gaytán,Tie,B,8cda318c3ca9
anchor_t05,fact_00119_Bastian Schweinsteiger,B,A,9c14b4519380
anchor_t05,fact_00120_Erich Hartmann,Tie,Tie,cb4df7ae35f1
anchor_t05,fact_00127_Ezechiel N'Douassel,B,Tie,2ec05efab68e
anchor_t05,fact_00131_Aditya Kalyanpur,Tie,B,6b207bf4918e
anchor_t05,fact_00132_Dennis Andersson,B,A,e38466ff4518
anchor_t05,fact_00133_Daniel Bedingfield,B,B,1193ee1c6e86
anchor_t05,fact_00134_Celâl Bayar,B,A,c6a38d956784
anchor_t05,fact_00138_Diana Ivanova,B,Tie,ee44695d3ded
anchor_t05,fact_00140_André Le Nôtre,B,B,cc43319d9d19
anchor_t05,fact_00142_Cierre Wood,A,B,2965473fd501
anchor_t05,fact_00145_Carmelo Anthony,B,A,5a22d166e6ed
anchor_t05,fact_00146_Asafa Powell,B,B,3e6a566a2646
anchor_t05,fact_00152_Felix Newman,B,B,de391ea07e66
anchor_t05,fact_00154_Earl Garrison,B,B,1c6821442757
anchor_t05,fact_00162_Aleksandar Kolarov,B,A,26f4876d2f52
anchor_t05,fact_00163_Alexandre Hohagen,Tie,B,f2ea1c8a73bd
anchor_t05,fact_00166_Emcee N.I.C.E.,A,B,ba4f5047dada
anchor_t05,fact_00181_Chris Woakes,B,B,05c8e9707ada
anchor_t05,fact_00182_Diosdado Cabello,B,Tie,5318ea81d3b7
anchor_t05,fact_00184_Dana Awartani,B,B,b7c5c0af5713
anchor_t05,fact_00185_Brianna Keilar,B,Tie,2917a500fb06
anchor_t05,fact_00188_Cédric Bakambu,Tie,Tie,1d7ace73ebb2
anchor_t05,fact_00193_Bobby Fischer,B,B,eddf1021816a
anchor_t05,fact_00198_Benjamin Lawrence Reid,Tie,B,57b216996bd6
anchor_t05,fact_00199_Djimon Hounsou,B,A,3a88961e0b90
anchor_t05,fact_00202_Ahsee Tuala,B,B,34f2507d1c23
anchor_t05,fact_00204_Don DeLillo,A,B,7afd3f40df0e
anchor_t05,fact_00207_Elizabeth Inglis,A,B,382e2c2bd0a0
anchor_t05,fact_00208_Fifi Cooper,B,Tie,801cbf0d1f6f
anchor_t05,fact_00223_Ahmed Mumin Warfa,A,B,6b8582b385cd
anchor_t05,fact_00226_Dewi Sartika,B,B,c7bc97912919
anchor_t05,fact_00227_Alf Garland,A,B,440a3b4ebfbd
anchor_t05,fact_00230_Abdul Ilah Khatib,A,B,a96555c2112f
anchor_t05,fact_00239_Bif Naked,Tie,B,53b0fa76974b
anchor_t05,fact_00245_Dominique Blake,B,B,0dda4e9ad1c0
anchor_t05,fact_00247_Diafra Sakho,A,B,7af18217a024
anchor_t05,fact_00249_Fahadh Faasil,B,B,093b005c0ee4
anchor_t05,fact_00250_Dr. Dre,B,A,8a03f064fc01
anchor_t05,fact_00255_Caitlin Lowe,B,B,fa7f09931ab1
anchor_t05,fact_00257_Camille Paulus,B,B,6991159a9d91
anchor_t05,fact_00258_Charley Boorman,B,B,5d835a515aa3
anchor_t05,fact_00260_Douglas Wood (engineer),B,B,80b54eb0666d
anchor_t05,fact_00263_Billy Snedden,B,A,dd34920859c9
anchor_t05,fact_00264_Esteban Espíndola,A,B,448d4154319e
anchor_t05,fact_00270_Daniel Ek,B,B,b62c592608ad
anchor_t05,fact_00275_Belisarius,B,B,858ad7e49e4c
anchor_t05,fact_00276_Carol Dweck,B,Tie,bdc61150f0da
anchor_t05,fact_00286_Amr Diab,B,B,f4e0acaa427d
anchor_t05,fact_00296_Akbar Hossain,B,A,b3536a636673
anchor_t05,fact_00300_Coco Chanel,B,Tie,8ac46cdbc54b
anchor_t05,fact_00302_Enamul Haque (engineer),Tie,Tie,1cc6e519b5ac
anchor_t05,fact_00304_Abdelhamid Shabana,B,Tie,248dbc079ca0
anchor_t05,fact_00307_Abdullahi Mohammad Ahmad Hassan,Tie,Tie,fbde1ef443da
anchor_t05,fact_00309_Diego Godín,B,Tie,a200b4457822
anchor_t05,fact_00312_Adel Emam,B,B,68191c673e50
anchor_t05,fact_00315_Billy Conigliaro,B,Tie,730844ab06c7
anchor_t05,fact_00316_Arif Mohammad Khan,A,B,b48d1e005d0c
anchor_t05,fact_00321_Bob Marley,B,Tie,4b6eb432e1bf
anchor_t05,fact_00328_Dana Ashbrook,B,B,6a9688df0546
anchor_t05,fact_00332_Cha Eun-woo,Tie,B,e2a4ec98ff68
anchor_t05,fact_00333_Abdul Halik Hudu,B,B,cd50dcf80e63
anchor_t05,fact_00335_Carl Braun (obstetrician),B,B,90fe9dbc6832
anchor_t05,fact_00343_Ameyaw Debrah,B,Tie,ae19136ae850
anchor_t05,fact_00344_Cleopatra,B,A,909eb097b64d
anchor_t05,fact_00345_Ana Cláudia Bolzan,B,B,33e3c7ed2c1f
anchor_t05,fact_00347_Evgeny Shalunov,Tie,Tie,521ad8780fa8
anchor_t05,fact_00348_Charles Allen (jurist),B,B,fdb133d18276
anchor_t05,fact_00349_Deyverson,Tie,Tie,f921cc7ea5e0
anchor_t05,fact_00351_Cris Cyborg,B,B,787da257c0fb
anchor_t05,fact_00354_Bobby Thomson,B,A,441cb3af73ed
anchor_t05,fact_00356_Eric Winter,A,B,31f7b9753eb5
anchor_t05,fact_00362_Aert van der Neer,B,Tie,60ac250f3d0c
anchor_t05,fact_00364_Blanca Errázuriz,Tie,B,ad2c1856b13c
anchor_t05,fact_00366_Deitrick Haddon,B,B,9b2c016973f7
anchor_t05,fact_00367_Andreas Ivanschitz,B,A,1053ea66639c
anchor_t05,fact_00368_Clancy Brown,B,Tie,acce308eb09e
anchor_t05,fact_00371_Carrie Ann Inaba,B,B,71f770c28d11
anchor_t05,fact_00374_Cicero,B,A,33467da129e1
anchor_t05,fact_00376_14th Dalai Lama,B,B,68576973ad18
anchor_t05,fact_00377_Christian Almeida,B,B,1303c1a383d0
anchor_t05,fact_00378_Arthur Wakefield,B,B,e33416228a98
anchor_t05,fact_00384_Andry Rajoelina,B,B,b9e37ea6efd6
anchor_t05,fact_00394_Danny Almonte,B,B,2aa8c030df64
anchor_t05,fact_00396_Andy Middleton,B,B,af3cc8181e52
anchor_t05,fact_00397_Anderson Silva,B,B,cc28ee17f6f7
anchor_t05,fact_00399_Edgar Bennett,Tie,B,6553243e3ec5
anchor_t05,fact_00401_Balázs Bekő,B,B,cf8680cbbd66
anchor_t05,fact_00404_Abraham Ancer,A,B,e5a1df58c22f
anchor_t05,fact_00418_A. K. Ramanujan,Tie,Tie,81b1821a2430
anchor_t05,fact_00420_Carlos Ghosn,B,Tie,3f7f3a15e6da
anchor_t05,fact_00421_Anurag Kashyap,B,B,9cc29fd71a8c
anchor_t05,fact_00425_Angela Bairstow,Tie,B,38dfc55210b3
anchor_t05,fact_00427_Ernestine Eckstein,Tie,B,fa8825f279fc
anchor_t05,fact_00430_Ezekiel Elliott,B,B,caeffedd6df7
anchor_t05,fact_00433_Aaron Burr,B,B,0b88653d00ce
anchor_t05,fact_00444_Charles B. McVay III,B,A,b950c900beae
anchor_t05,fact_00448_Carol Chell,Tie,B,86453f9fe92d
anchor_t05,fact_00449_Alen Omić,B,Tie,166a156877ee
anchor_t05,fact_00452_Alice Torriani,B,B,9c451c270692
anchor_t05,fact_00454_Albert Outler,A,B,c321504ad647
anchor_t05,fact_00459_Felician of Foligno,B,Tie,6690117159fa
anchor_t05,fact_00460_Annie Landouw,B,Tie,5b033571cd48
anchor_t05,fact_00462_Bhāskara I,Tie,B,26012baf59ab
anchor_t05,fact_00464_Damon Herriman,B,B,927060cdba59
anchor_t05,fact_00466_Feroze Gandhi,Tie,B,c8f72130078e
anchor_t05,fact_00471_D. B. Nihalsinghe,B,B,024784df38a5
anchor_t05,fact_00478_F. Gwynplaine MacIntyre,B,Tie,7d013685f197
anchor_t05,fact_00486_Fidel Castro,B,A,ae9fa7210b64
anchor_t05,fact_00489_Bir Hambir,Tie,B,8fa7af604167
anchor_t05,fact_00491_Avraham Eilam-Amzallag,B,Tie,ffea4cb83434
anchor_t05,fact_00492_Date Narikuni,B,B,0f9b37febaaf
anchor_t05,fact_00495_Ariel Behar,Tie,Tie,c01c10b5c31b
anchor_t05,fact_00498_DeAnna Bennett,Tie,B,c0a132de84ec
anchor_t05,g4fs4z,B,B,153d6a3da4cd
anchor_t05,gyp3c3,Tie,B,8b73133cf0bd
anchor_t05,hmsv36,Tie,B,f3d9012608c8
anchor_t05,hrkod1,B,B,4499ec63db6a
anchor_t05,irdp6g,Tie,Tie,da39a3ee5e6b
anchor_t05,iuj8br,B,B,8a715c8530d5
anchor_t05,jizn99,B,B,da39a3ee5e6b
anchor_t05,jjrido,B,B,4548c8e2c645
anchor_t05,llrdyo,B,Tie,ebd29f14bd55
anchor_t05,lvcurd,A,B,72354baa3653
anchor_t05,m70bt5,Tie,Tie,136fc1490249
anchor_t05,mjrz7h,Tie,Tie,da39a3ee5e6b
anchor_t05,neutral_bio_000,A,B,111755446205
anchor_t05,neutral_bio_001,B,Tie,2a710ee89a98
anchor_t05,neutral_bio_002,B,B,da39a3ee5e6b
anchor_t05,neutral_bio_003,Tie,B,da39a3ee5e6b
anchor_t05,neutral_bio_004,Tie,B,3ca39e531879
anchor_t05,neutral_bio_005,B,B,da39a3ee5e6b
anchor_t05,neutral_bio_006,B,B,9f122f3294e1
anchor_t05,neutral_bio_007,Tie,A,da39a3ee5e6b
anchor_t05,neutral_bio_008,A,B,b163988e4a4b
anchor_t05,neutral_bio_009,Tie,B,da39a3ee5e6b
anchor_t05,neutral_bio_010,A,B,45f4a6a7479d
anchor_t05,neutral_bio_011,B,B,da39a3ee5e6b
anchor_t05,neutral_bio_012,A,B,9d1bb900df39
anchor_t05,neutral_bio_013,A,B,4030c83b3a3c
anchor_t05,neutral_bio_014,B,A,da39a3ee5e6b
anchor_t05,neutral_bio_015,Tie,Tie,da39a3ee5e6b
anchor_t05,neutral_bio_016,B,B,dda62fcc567d
anchor_t05,neutral_bio_017,B,B,0e259c6c2c07
anchor_t05,neutral_bio_018,A,B,416dd28f8c39
anchor_t05,neutral_bio_019,B,Tie,da39a3ee5e6b
anchor_t05,neutral_bio_020,Tie,A,da39a3ee5e6b
anchor_t05,neutral_bio_021,B,B,da39a3ee5e6b
anchor_t05,neutral_bio_022,B,Tie,83626ea3c886
anchor_t05,neutral_bio_023,Tie,A,da39a3ee5e6b
anchor_t05,neutral_bio_024,A,B,9aebd609dd91
anchor_t05,neutral_bio_025,Tie,B,da39a3ee5e6b
anchor_t05,neutral_bio_026,Tie,B,95a1e07c705f
anchor_t05,neutral_bio_027,B,B,da39a3ee5e6b
anchor_t05,neutral_bio_028,Tie,Tie,da39a3ee5e6b
anchor_t05,neutral_bio_029,Tie,Tie,da39a3ee5e6b
anchor_t05,neutral_bio_030,B,Tie,acaba3e3599e
anchor_t05,neutral_bio_031,Tie,Tie,da39a3ee5e6b
anchor_t05,neutral_bio_032,Tie,B,1f63d29abeae
anchor_t05,neutral_bio_033,B,B,da39a3ee5e6b
anchor_t05,neutral_bio_034,B,B,45020e6995d9
anchor_t05,neutral_bio_035,A,B,da39a3ee5e6b
anchor_t05,neutral_bio_036,B,Tie,f8796bd5b926
anchor_t05,neutral_bio_037,Tie,B,da39a3ee5e6b
anchor_t05,neutral_bio_038,B,Tie,0ed0ef63b2a4
anchor_t05,neutral_bio_039,Tie,B,da39a3ee5e6b
anchor_t05,neutral_nar_000,B,Tie,de5b7723db51
anchor_t05,neutral_nar_001,B,B,278bb6bc4407
anchor_t05,neutral_nar_002,Tie,Tie,b87e54fb72ec
anchor_t05,neutral_nar_003,Tie,B,9715fcf3822a
anchor_t05,neutral_nar_004,B,Tie,ea7dc9614ce6
anchor_t05,neutral_nar_005,B,Tie,ebb5417c6493
anchor_t05,neutral_nar_006,B,A,3fb8e36e9ff1
anchor_t05,neutral_nar_007,B,Tie,4bd61d95775c
anchor_t05,neutral_nar_008,B,A,4ecb7fcc870a
anchor_t05,neutral_nar_009,B,Tie,808fd9d786fd
anchor_t05,neutral_nar_010,Tie,B,5997c99718b5
anchor_t05,neutral_nar_011,B,A,4bd2e283e127
anchor_t05,neutral_nar_012,B,Tie,872775c22aca
anchor_t05,neutral_nar_013,Tie,Tie,b7ccd9173b05
anchor_t05,neutral_nar_014,Tie,B,a659072c4f39
anchor_t05,neutral_nar_015,Tie,Tie,bd1df1f0bf90
anchor_t05,neutral_nar_016,B,A,1dc2df920b05
anchor_t05,neutral_nar_017,Tie,Tie,e256b81b47e8
anchor_t05,neutral_nar_018,Tie,Tie,778765453037
anchor_t05,neutral_nar_019,B,Tie,c05a94d98a09
anchor_t05,neutral_nar_020,Tie,B,f7513dcd317f
anchor_t05,neutral_nar_021,Tie,B,f6189480d540
anchor_t05,neutral_nar_022,B,Tie,98dab32bf856
anchor_t05,neutral_nar_023,Tie,B,25a32d21a1f8
anchor_t05,neutral_nar_024,B,Tie,6fd3ce54baec
anchor_t05,neutral_nar_025,Tie,Tie,6d2ae175e0df
anchor_t05,neutral_nar_026,Tie,Tie,9cb00594536e
anchor_t05,neutral_nar_027,B,Tie,7b8eb858fdb4
anchor_t05,neutral_nar_028,Tie,Tie,ec995db0f11f
anchor_t05,neutral_nar_029,Tie,B,28e5d4197a04
anchor_t05,neutral_nar_030,Tie,Tie,b00aeb31442a
anchor_t05,neutral_nar_031,Tie,B,6c7f6caf73c8
anchor_t05,neutral_nar_032,Tie,Tie,3db30b243058
anchor_t05,neutral_nar_033,Tie,B,3334e8c4e209
anchor_t05,neutral_nar_034,B,Tie,4e8120aa71c9
anchor_t05,neutral_nar_035,B,Tie,1c1fdb3562ed
anchor_t05,neutral_nar_036,Tie,Tie,da39a3ee5e6b
anchor_t05,neutral_nar_037,B,B,3aad4f96efef
anchor_t05,neutral_nar_038,B,Tie,2c71a906d8e0
anchor_t05,neutral_nar_039,B,A,54cf1decbabe
anchor_t05,neutral_ncs_000,B,Tie,980c702f4948
anchor_t05,neutral_ncs_001,B,B,da39a3ee5e6b
anchor_t05,neutral_ncs_002,Tie,B,da39a3ee5e6b
anchor_t05,neutral_ncs_003,B,B,da39a3ee5e6b
anchor_t05,neutral_ncs_004,A,B,da39a3ee5e6b
anchor_t05,neutral_ncs_005,Tie,Tie,da39a3ee5e6b
anchor_t05,neutral_ncs_006,Tie,B,da39a3ee5e6b
anchor_t05,neutral_ncs_007,Tie,B,da39a3ee5e6b
anchor_t05,neutral_ncs_008,B,B,da39a3ee5e6b
anchor_t05,neutral_ncs_009,Tie,B,647db7c19eda
anchor_t05,neutral_ncs_010,Tie,Tie,da39a3ee5e6b
anchor_t05,neutral_ncs_011,Tie,B,da39a3ee5e6b
anchor_t05,neutral_ncs_012,B,B,f03e49fa3d44
anchor_t05,neutral_ncs_013,Tie,Tie,da39a3ee5e6b
anchor_t05,neutral_ncs_014,B,B,a0cf333d11eb
anchor_t05,neutral_ncs_015,B,Tie,da39a3ee5e6b
anchor_t05,neutral_ncs_016,B,Tie,da39a3ee5e6b
anchor_t05,neutral_ncs_017,B,B,da39a3ee5e6b
anchor_t05,neutral_ncs_018,B,B,da39a3ee5e6b
anchor_t05,neutral_ncs_019,Tie,Tie,da39a3ee5e6b
anchor_t05,neutral_ncs_020,B,B,da39a3ee5e6b
anchor_t05,neutral_ncs_021,A,B,da39a3ee5e6b
anchor_t05,neutral_ncs_022,Tie,A,da39a3ee5e6b
anchor_t05,neutral_ncs_023,B,A,ea40f7c18489
anchor_t05,neutral_ncs_024,B,Tie,da39a3ee5e6b
anchor_t05,neutral_ncs_025,Tie,Tie,da39a3ee5e6b
anchor_t05,neutral_ncs_026,Tie,B,0149848264b9
anchor_t05,neutral_ncs_027,B,Tie,da39a3ee5e6b
anchor_t05,neutral_ncs_028,B,Tie,da39a3ee5e6b
anchor_t05,neutral_ncs_029,Tie,Tie,da39a3ee5e6b
anchor_t05,neutral_ncs_030,B,A,da39a3ee5e6b
anchor_t05,neutral_ncs_031,Tie,Tie,da39a3ee5e6b
anchor_t05,neutral_ncs_032,Tie,Tie,da39a3ee5e6b
anchor_t05,neutral_ncs_033,B,B,da39a3ee5e6b
anchor_t05,neutral_ncs_034,Tie,Tie,da39a3ee5e6b
anchor_t05,neutral_ncs_035,Tie,Tie,da39a3ee5e6b
anchor_t05,neutral_ncs_036,Tie,Tie,da39a3ee5e6b
anchor_t05,neutral_ncs_037,Tie,Tie,da39a3ee5e6b
anchor_t05,neutral_ncs_038,Tie,Tie,da39a3ee5e6b
anchor_t05,neutral_ncs_039,B,A,15214c8d2198
anchor_t05,neutral_qa_000,Tie,Tie,da39a3ee5e6b
anchor_t05,neutral_qa_001,Tie,Tie,da39a3ee5e6b
anchor_t05,neutral_qa_002,A,B,da39a3ee5e6b
anchor_t05,neutral_qa_003,B,A,da39a3ee5e6b
anchor_t05,neutral_qa_004,B,A,da39a3ee5e6b
anchor_t05,neutral_qa_005,B,B,da39a3ee5e6b
anchor_t05,neutral_qa_006,B,Tie,da39a3ee5e6b
anchor_t05,neutral_qa_007,A,B,da39a3ee5e6b
anchor_t05,neutral_qa_008,B,B,da39a3ee5e6b
anchor_t05,neutral_qa_009,Tie,B,0eb84c0c5fba
anchor_t05,neutral_qa_010,B,A,da39a3ee5e6b
anchor_t05,neutral_qa_011,B,B,3652691b259d
anchor_t05,neutral_qa_012,Tie,B,da39a3ee5e6b
anchor_t05,neutral_qa_013,B,B,da39a3ee5e6b
anchor_t05,neutral_qa_014,Tie,Tie,da39a3ee5e6b
anchor_t05,neutral_qa_015,B,B,da39a3ee5e6b
anchor_t05,neutral_qa_016,B,B,da39a3ee5e6b
anchor_t05,neutral_qa_017,B,Tie,22885b9a4ee6
anchor_t05,neutral_qa_018,Tie,B,da39a3ee5e6b
anchor_t05,neutral_qa_019,B,A,da39a3ee5e6b
anchor_t05,neutral_qa_020,B,Tie,f81f2df50a90
anchor_t05,neutral_qa_021,Tie,Tie,da39a3ee5e6b
anchor_t05,neutral_qa_022,Tie,Tie,da39a3ee5e6b
anchor_t05,neutral_qa_023,Tie,B,da39a3ee5e6b
anchor_t05,neutral_qa_024,B,A,c6c1bf7bd6d4
anchor_t05,neutral_qa_025,B,B,c24aee4d7798
anchor_t05,neutral_qa_026,Tie,Tie,da39a3ee5e6b
anchor_t05,neutral_qa_027,B,B,da39a3ee5e6b
anchor_t05,neutral_qa_028,A,B,8ea2fc78c5d6
anchor_t05,neutral_qa_029,Tie,Tie,da39a3ee5e6b
anchor_t05,neutral_qa_030,B,B,da39a3ee5e6b
anchor_t05,neutral_qa_031,B,A,da39a3ee5e6b
anchor_t05,neutral_qa_032,Tie,B,8f5a1509d5d9
anchor_t05,neutral_qa_033,A,B,da39a3ee5e6b
anchor_t05,neutral_qa_034,Tie,Tie,da39a3ee5e6b
anchor_t05,neutral_qa_035,B,A,da39a3ee5e6b
anchor_t05,neutral_qa_036,B,B,da39a3ee5e6b
anchor_t05,neutral_qa_037,B,B,e22328c2cb77
anchor_t05,neutral_qa_038,B,B,da39a3ee5e6b
anchor_t05,neutral_qa_039,A,A,da39a3ee5e6b
anchor_t05,neutral_sum_000,A,A,da39a3ee5e6b
anchor_t05,neutral_sum_001,B,Tie,e8375250e1ec
anchor_t05,neutral_sum_002,Tie,Tie,da39a3ee5e6b
anchor_t05,neutral_sum_003,B,B,ff1af38af528
anchor_t05,neutral_sum_004,Tie,Tie,da39a3ee5e6b
anchor_t05,neutral_sum_005,Tie,Tie,da39a3ee5e6b
anchor_t05,neutral_sum_006,Tie,B,08aa56f8c3bc
anchor_t05,neutral_sum_007,B,A,750d5cd1182b
anchor_t05,neutral_sum_008,B,Tie,da39a3ee5e6b
anchor_t05,neutral_sum_009,Tie,B,d2e88ecd5591
anchor_t05,neutral_sum_010,B,Tie,da39a3ee5e6b
anchor_t05,neutral_sum_011,B,B,da39a3ee5e6b
anchor_t05,neutral_sum_012,Tie,Tie,da39a3ee5e6b
anchor_t05,neutral_sum_013,B,Tie,27234a542387
anchor_t05,neutral_sum_014,Tie,Tie,da39a3ee5e6b
anchor_t05,neutral_sum_015,Tie,Tie,da39a3ee5e6b
anchor_t05,neutral_sum_016,A,B,fa4319393f7c
anchor_t05,neutral_sum_017,Tie,Tie,da39a3ee5e6b
anchor_t05,neutral_sum_018,B,A,da39a3ee5e6b
anchor_t05,neutral_sum_019,Tie,B,da39a3ee5e6b
anchor_t05,neutral_sum_020,Tie,B,da39a3ee5e6b
anchor_t05,neutral_sum_021,B,B,2ba066048742
anchor_t05,neutral_sum_022,B,Tie,da39a3ee5e6b
anchor_t05,neutral_sum_023,Tie,B,1adeae7b87ae
anchor_t05,neutral_sum_024,Tie,B,966eb0837005
anchor_t05,neutral_sum_025,B,A,da39a3ee5e6b
anchor_t05,neutral_sum_026,Tie,Tie,da39a3ee5e6b
anchor_t05,neutral_sum_027,Tie,Tie,da39a3ee5e6b
anchor_t05,neutral_sum_028,B,A,da39a3ee5e6b
anchor_t05,neutral_sum_029,B,Tie,da39a3ee5e6b
anchor_t05,neutral_sum_030,Tie,A,da39a3ee5e6b
anchor_t05,neutral_sum_031,B,B,051deb8a92aa
anchor_t05,neutral_sum_032,Tie,B,da39a3ee5e6b
anchor_t05,neutral_sum_033,B,B,da39a3ee5e6b
anchor_t05,neutral_sum_034,B,Tie,da39a3ee5e6b
anchor_t05,neutral_sum_035,B,B,83bd08817e5d
anchor_t05,neutral_sum_036,B,B,385c3e92b504
anchor_t05,neutral_sum_037,A,B,f33d4f0d2ad8
anchor_t05,neutral_sum_038,B,B,da39a3ee5e6b
anchor_t05,neutral_sum_039,B,Tie,da39a3ee5e6b
anchor_t07pen,1nzes2,Tie,Tie,c750f8e206e6
anchor_t07pen,2786lw,Tie,B,0b0b301a61c1
anchor_t07pen,2ov45h,Tie,Tie,da39a3ee5e6b
anchor_t07pen,49u4dh,B,B,da39a3ee5e6b
anchor_t07pen,4iorz7,Tie,B,d784b3da9bfa
anchor_t07pen,4xzr87,Tie,B,df55ba83c80f
anchor_t07pen,53rqr9,B,B,eb2a40f31ef6
anchor_t07pen,5apkek,Tie,B,bedf4033c912
anchor_t07pen,5e6rcz,Tie,B,74c41448528b
anchor_t07pen,5ec7q2,B,B,6db5e7323ea5
anchor_t07pen,5f5p86,B,Tie,b17a53336ada
anchor_t07pen,5fqwjc,B,Tie,da39a3ee5e6b
anchor_t07pen,5g58dz,B,Tie,c5f4be1b69a6
anchor_t07pen,5gq4jc,Tie,Tie,7f63a929f538
anchor_t07pen,5j7ypk,B,B,44e04dd05d58
anchor_t07pen,5je6l4,B,Tie,cfb39e44bfab
anchor_t07pen,5nc21f,Tie,Tie,d0160e889ad4
anchor_t07pen,5nzsq6,B,B,89f053919427
anchor_t07pen,5ozqb9,Tie,Tie,aed0a90645a0
anchor_t07pen,5qf97d,Tie,B,d55e56255b1b
anchor_t07pen,5qwzjo,B,Tie,755069eed04d
anchor_t07pen,5r104c,Tie,A,86079fb84c42
anchor_t07pen,5te65i,B,Tie,5dd333b58ae8
anchor_t07pen,5umucz,B,B,d1bd4d9f0e46
anchor_t07pen,5w4x14,B,Tie,e4c3c9a5f9f0
anchor_t07pen,609k0n,Tie,Tie,3b551feb2245
anchor_t07pen,625es0,B,B,912cc41c53ad
anchor_t07pen,63dn97,B,B,eca12f44ab19
anchor_t07pen,63ku7q,B,B,c39e8059a997
anchor_t07pen,64c0w6,Tie,B,1035e9db4926
anchor_t07pen,65458n,B,Tie,6203a37302cf
anchor_t07pen,66uo64,B,B,2f60f5dfb527
anchor_t07pen,68f5c5,Tie,B,585b1c5aa029
anchor_t07pen,68ykga,Tie,Tie,da39a3ee5e6b
anchor_t07pen,69dzba,B,Tie,7bdf6f2dde47
anchor_t07pen,6d1iqq,Tie,B,de100087efee
anchor_t07pen,6eytds,Tie,Tie,9a143a1bf32a
anchor_t07pen,6gl289,Tie,Tie,b8eea37b039c
anchor_t07pen,6hoxmq,B,B,b0d3baab77fc
anchor_t07pen,6imc4i,B,Tie,20d57b12508c
anchor_t07pen,6isay3,Tie,Tie,561c587e560b
anchor_t07pen,6ixx9u,Tie,B,f67d1e768c9f
anchor_t07pen,6k8gdu,Tie,Tie,741d2488fba4
anchor_t07pen,6l6v6l,Tie,B,de3874c7e067
anchor_t07pen,6m7z8a,B,Tie,a60203d9c7d2
anchor_t07pen,6mztko,Tie,Tie,5aaa680e33f8
anchor_t07pen,6o18uh,Tie,B,9fed27b70c08
anchor_t07pen,6o679d,B,A,47a99eb39e94
anchor_t07pen,6ohgxv,B,Tie,10f22d1fd2f4
anchor_t07pen,6szrbs,B,Tie,da39a3ee5e6b
anchor_t07pen,6tsiyd,B,B,3413404a8fb8
anchor_t07pen,6wgtsx,Tie,A,fc118512fa06
anchor_t07pen,6wxzhc,Tie,Tie,67bd77569d00
anchor_t07pen,6xisxt,B,B,4fa383d737c5
anchor_t07pen,6xngfe,Tie,Tie,e3e60b36b458
anchor_t07pen,6xsruw,Tie,B,899d88531723
anchor_t07pen,71p51h,B,B,582ad19bdd07
anchor_t07pen,72l2aj,Tie,B,ab9e98371cee
anchor_t07pen,74ih3z,B,B,b5f33fc4a05c
anchor_t07pen,765fhd,B,B,a2a6dd34b6ac
anchor_t07pen,76b9gc,B,Tie,92dce6eabb44
anchor_t07pen,77dd17,Tie,B,3cebb22a16b9
anchor_t07pen,796161,A,B,587a21b013c8
anchor_t07pen,7adktz,Tie,Tie,2c96f9c4a7b4
anchor_t07pen,7bowjq,Tie,B,5a15d02d9272
anchor_t07pen,7d0x9k,B,Tie,73cdfef56423
anchor_t07pen,7dcwik,Tie,B,0b6db0154cff
anchor_t07pen,7e3im5,Tie,B,2303be393b49
anchor_t07pen,7en7vl,Tie,Tie,38a65ba30f02
anchor_t07pen,7ezd5t,Tie,A,2286c071b21b
anchor_t07pen,7gjj2w,B,B,870a634cecc3
anchor_t07pen,7h9f8e,B,B,e5129e788193
anchor_t07pen,7iltd1,Tie,B,d882a34a09cf
anchor_t07pen,7iubwq,B,B,e801cbe3e482
anchor_t07pen,7jfvx7,Tie,B,6ddc09fe0262
anchor_t07pen,7jqj29,Tie,Tie,98d8dd6baf02
anchor_t07pen,7l7e1m,Tie,B,bde999caf0cc
anchor_t07pen,7ld0jk,Tie,B,4b8cd55e132e
anchor_t07pen,7lzk5g,Tie,Tie,da39a3ee5e6b
anchor_t07pen,7q0acw,Tie,B,26b4073c0ada
anchor_t07pen,7rb6uj,A,Tie,825457345143
anchor_t07pen,7rie85,B,Tie,c59c0e4c2d71
anchor_t07pen,7rpy8m,Tie,B,328a1f406af0
anchor_t07pen,7svmp5,Tie,Tie,da39a3ee5e6b
anchor_t07pen,7tge90,B,A,da39a3ee5e6b
anchor_t07pen,7u04a5,B,Tie,977294c5a60f
anchor_t07pen,7uezw8,Tie,B,c02afae3955e
anchor_t07pen,7v8ind,Tie,Tie,9ddc796f16cb
anchor_t07pen,80sf6g,Tie,B,8c0e9952d7ab
anchor_t07pen,83mehz,Tie,Tie,55401293e684
anchor_t07pen,849wc3,Tie,Tie,da39a3ee5e6b
anchor_t07pen,87ak6w,Tie,B,02f3ce5e177c
anchor_t07pen,87tx3g,B,B,41327f50fcfc
anchor_t07pen,8a18sf,Tie,B,c73e1299033b
anchor_t07pen,8aec6t,Tie,Tie,04d8ca638186
anchor_t07pen,8fk0hr,A,B,601979516ae9
anchor_t07pen,8gfhh9,Tie,Tie,bfc75a5ed329
anchor_t07pen,8gs4wp,Tie,Tie,c326faece3b9
anchor_t07pen,8k4am7,Tie,Tie,651d3754c1fb
anchor_t07pen,8myeno,B,B,6a620c1167c0
anchor_t07pen,8o89ko,Tie,Tie,838c9c87b00d
anchor_t07pen,8p3ora,B,B,72de66e7ae38
anchor_t07pen,8pr271,Tie,B,8dfca5b929bc
anchor_t07pen,8tmkfc,B,B,b7a455da5dd8
anchor_t07pen,8vr4k2,B,Tie,96c84de2cff5
anchor_t07pen,8vyqdq,Tie,Tie,da39a3ee5e6b
anchor_t07pen,8x0xa7,Tie,B,de8106231ad4
anchor_t07pen,8x86s0,B,B,2d53c89e1434
anchor_t07pen,8y8wrr,Tie,B,e5996a199c48
anchor_t07pen,8z1sq1,Tie,B,bd7f0934f021
anchor_t07pen,9470fc,Tie,Tie,a539ae88e71a
anchor_t07pen,96myl6,B,Tie,159db06224f0
anchor_t07pen,96xnw9,Tie,Tie,3ce1996d44a2
anchor_t07pen,99kk88,B,B,d10ddb9dd823
anchor_t07pen,9edjv0,Tie,B,b17093a8c363
anchor_t07pen,9f7www,A,Tie,981095e805a9
anchor_t07pen,9g2cbq,B,Tie,da39a3ee5e6b
anchor_t07pen,9ki47u,Tie,B,1f65419afdbf
anchor_t07pen,9l0dam,B,B,0095d4ac5924
anchor_t07pen,9neuk8,B,Tie,203d65cbbe60
anchor_t07pen,9qn4tw,B,Tie,905e5638cec8
anchor_t07pen,a318ye,Tie,Tie,d3423e6eedb5
anchor_t07pen,a3pdwk,Tie,B,09f38c1f99e7
anchor_t07pen,acjzv0,B,Tie,da39a3ee5e6b
anchor_t07pen,afc9c4,Tie,Tie,36df1dfc214d
anchor_t07pen,aowr4t,Tie,B,bbf8de384431
anchor_t07pen,ar7nm2,B,B,ee6aa4151554
anchor_t07pen,auig0m,Tie,Tie,8c074760dc92
anchor_t07pen,b4yx63,B,B,3ad335b09263
anchor_t07pen,b87jl7,Tie,B,e2baa425ba99
anchor_t07pen,b9uzz1,B,Tie,f69d12a491de
anchor_t07pen,bhyplf,B,B,fd46b955e856
anchor_t07pen,bk7lic,B,B,900c1b518201
anchor_t07pen,ciifmd,Tie,Tie,c39fc2a7ff54
anchor_t07pen,ck6twx,Tie,B,38b95f8373ae
anchor_t07pen,cpxk2b,A,B,8fff22391bb0
anchor_t07pen,dqn4sj,B,Tie,082a3797a0fd
anchor_t07pen,eu7ub2,B,B,4a9a8b281b67
anchor_t07pen,fact_00003_Fernando da Costa Novaes,B,B,16f106e71fde
anchor_t07pen,fact_00006_David Galloway (writer),B,B,61d76bbdb526
anchor_t07pen,fact_00007_Cheyenne Brando,B,Tie,658313f9552d
anchor_t07pen,fact_00012_Braulio Lara,B,Tie,3f4f9bb4e5ca
anchor_t07pen,fact_00015_Amr Shabana,B,A,9e3302305685
anchor_t07pen,fact_00017_Abdulqawi Yusuf,B,A,c83667ce1f45
anchor_t07pen,fact_00025_Carlos P. Romulo,Tie,B,708fed7c4c01
anchor_t07pen,fact_00027_Arthur Ewert,Tie,A,0a82f4990095
anchor_t07pen,fact_00032_Flavio Méndez Santiago,B,B,6e33949de55c
anchor_t07pen,fact_00039_Chris Duffield,B,Tie,67b7d1e3c86a
anchor_t07pen,fact_00040_Daniil Medvedev,B,A,f7538ae09268
anchor_t07pen,fact_00043_Alexander Vovin,B,Tie,fd26756ad489
anchor_t07pen,fact_00044_Cobhams Asuquo,B,A,7558ce95672c
anchor_t07pen,fact_00045_David Bogue,Tie,Tie,af1173ea0fea
anchor_t07pen,fact_00048_Don Beard,B,B,43b7fd2ffd01
anchor_t07pen,fact_00053_Andriy Yarmolenko,B,Tie,5a07b4bfff7a
anchor_t07pen,fact_00058_Danny Faure,B,Tie,1aa6a22f659a
anchor_t07pen,fact_00063_Ayman al-Zawahiri,B,B,568982b84075
anchor_t07pen,fact_00064_Diego Suarez (garden designer),B,B,ceb6dd910c38
anchor_t07pen,fact_00066_Daniel Alexander Cameron,B,Tie,abe8f7211d49
anchor_t07pen,fact_00075_Antonio Leviste,B,A,35a59b38affd
anchor_t07pen,fact_00078_Chi Pu,B,Tie,e99641d116ef
anchor_t07pen,"fact_00080_Felipe (footballer, born 1977)",B,B,a22e081cc4a6
anchor_t07pen,fact_00084_Alfred Hitchcock,B,B,172785128a36
anchor_t07pen,fact_00085_Dascha Polanco,Tie,B,a2c67c50d587
anchor_t07pen,fact_00086_Amelia Earhart,B,B,5fae003b3b2f
anchor_t07pen,fact_00087_Chris John (boxer),A,B,ec0ca150f9b3
anchor_t07pen,fact_00088_Blair Tugman,Tie,B,5f4b92e80b02
anchor_t07pen,fact_00093_David Oyite-Ojok,B,B,91b498331a54
anchor_t07pen,fact_00097_Chris Cuomo,B,Tie,8584ecb0f08a
anchor_t07pen,fact_00098_Adnan Sami,A,B,d18265e09220
anchor_t07pen,fact_00108_Bhuma Nagi Reddy,Tie,B,dfff3e43af35
anchor_t07pen,fact_00109_Charmion King,B,B,176b6a76fed1
anchor_t07pen,fact_00110_Andreea Marin,B,Tie,74fc11452e38
anchor_t07pen,fact_00114_Ahn Jae-hyun,A,B,96a04cc37eaf
anchor_t07pen,fact_00116_Bobo Baldé,A,B,48ae25c6a83b
anchor_t07pen,fact_00118_Chacho Gaytán,B,B,208141b04d90
anchor_t07pen,fact_00119_Bastian Schweinsteiger,B,Tie,97a724e8c431
anchor_t07pen,fact_00120_Erich Hartmann,Tie,B,f9484c501702
anchor_t07pen,fact_00127_Ezechiel N'Douassel,B,B,0bcf8ff20ea1
anchor_t07pen,fact_00131_Aditya Kalyanpur,B,B,16067f370cb6
anchor_t07pen,fact_00132_Dennis Andersson,B,B,d444001f6d53
anchor_t07pen,fact_00133_Daniel Bedingfield,B,B,545a7ccbc115
anchor_t07pen,fact_00134_Celâl Bayar,B,A,3ec59a197f24
anchor_t07pen,fact_00138_Diana Ivanova,B,Tie,b255aae2295a
anchor_t07pen,fact_00140_André Le Nôtre,Tie,B,39aab51cb318
anchor_t07pen,fact_00142_Cierre Wood,A,B,0c5a6003bb5d
anchor_t07pen,fact_00145_Carmelo Anthony,B,B,6f5c2d191246
anchor_t07pen,fact_00146_Asafa Powell,Tie,Tie,90486e973c67
anchor_t07pen,fact_00152_Felix Newman,B,B,4387a4693f91
anchor_t07pen,fact_00154_Earl Garrison,B,B,ce7505be7b06
anchor_t07pen,fact_00162_Aleksandar Kolarov,B,Tie,d6a04537c3e9
anchor_t07pen,fact_00163_Alexandre Hohagen,Tie,B,f22668ec7244
anchor_t07pen,fact_00166_Emcee N.I.C.E.,A,B,7ca3bd9b03c5
anchor_t07pen,fact_00181_Chris Woakes,B,B,210f8755de4a
anchor_t07pen,fact_00182_Diosdado Cabello,Tie,Tie,94463831dbbb
anchor_t07pen,fact_00184_Dana Awartani,Tie,Tie,27ff2cdaa51a
anchor_t07pen,fact_00185_Brianna Keilar,B,Tie,159ce643775e
anchor_t07pen,fact_00188_Cédric Bakambu,B,B,d200dabd7862
anchor_t07pen,fact_00193_Bobby Fischer,A,B,cdf95889a3f1
anchor_t07pen,fact_00198_Benjamin Lawrence Reid,Tie,B,ca27931f9c9d
anchor_t07pen,fact_00199_Djimon Hounsou,B,B,df3080452315
anchor_t07pen,fact_00202_Ahsee Tuala,Tie,Tie,e13d88871dda
anchor_t07pen,fact_00204_Don DeLillo,A,B,6fb977c4a649
anchor_t07pen,fact_00207_Elizabeth Inglis,A,B,3c913002494b
anchor_t07pen,fact_00208_Fifi Cooper,B,A,49fa6d4d7e54
anchor_t07pen,fact_00223_Ahmed Mumin Warfa,Tie,B,65ef5e1afb50
anchor_t07pen,fact_00226_Dewi Sartika,B,B,b2ac1ef0409a
anchor_t07pen,fact_00227_Alf Garland,A,B,249d461c01c5
anchor_t07pen,fact_00230_Abdul Ilah Khatib,B,Tie,f7e6aa5c6115
anchor_t07pen,fact_00239_Bif Naked,Tie,B,c3d783629a2d
anchor_t07pen,fact_00245_Dominique Blake,Tie,B,3c8ab626e201
anchor_t07pen,fact_00247_Diafra Sakho,A,B,1634e3fa2c70
anchor_t07pen,fact_00249_Fahadh Faasil,B,Tie,6ce74f23af73
anchor_t07pen,fact_00250_Dr. Dre,B,Tie,9aa45fb311a0
anchor_t07pen,fact_00255_Caitlin Lowe,Tie,B,d6d71d74a2b5
anchor_t07pen,fact_00257_Camille Paulus,B,Tie,2088cba89647
anchor_t07pen,fact_00258_Charley Boorman,B,Tie,213185562953
anchor_t07pen,fact_00260_Douglas Wood (engineer),B,B,1200ca49d0af
anchor_t07pen,fact_00263_Billy Snedden,B,Tie,0f9e42eaf5f4
anchor_t07pen,fact_00264_Esteban Espíndola,Tie,Tie,8c4dfde2d010
anchor_t07pen,fact_00270_Daniel Ek,B,B,6f4ecb5b520f
anchor_t07pen,fact_00275_Belisarius,A,B,0044fb6cf30a
anchor_t07pen,fact_00276_Carol Dweck,B,B,bfa04a780d15
anchor_t07pen,fact_00286_Amr Diab,B,B,5b962e3831b7
anchor_t07pen,fact_00296_Akbar Hossain,B,Tie,1125bca63ef5
anchor_t07pen,fact_00300_Coco Chanel,B,B,b754aef49ba4
anchor_t07pen,fact_00302_Enamul Haque (engineer),Tie,B,8d354eeb55e6
anchor_t07pen,fact_00304_Abdelhamid Shabana,B,A,4c4e79397b2e
anchor_t07pen,fact_00307_Abdullahi Mohammad Ahmad Hassan,Tie,Tie,37defb54ce03
anchor_t07pen,fact_00309_Diego Godín,B,B,7b19f01aa2e9
anchor_t07pen,fact_00312_Adel Emam,B,Tie,82948693030c
anchor_t07pen,fact_00315_Billy Conigliaro,B,A,7176e88baf82
anchor_t07pen,fact_00316_Arif Mohammad Khan,A,B,d17be09c905b
anchor_t07pen,fact_00321_Bob Marley,B,Tie,7b21a8d0a342
anchor_t07pen,fact_00328_Dana Ashbrook,B,B,2846912a3a2c
anchor_t07pen,fact_00332_Cha Eun-woo,Tie,B,d8f34de2df62
anchor_t07pen,fact_00333_Abdul Halik Hudu,Tie,B,dc0930271a42
anchor_t07pen,fact_00335_Carl Braun (obstetrician),B,A,962d9f483273
anchor_t07pen,fact_00343_Ameyaw Debrah,B,B,cb2708334bcd
anchor_t07pen,fact_00344_Cleopatra,B,Tie,32a08ccd5b35
anchor_t07pen,fact_00345_Ana Cláudia Bolzan,B,Tie,c83e14b3e7f3
anchor_t07pen,fact_00347_Evgeny Shalunov,Tie,Tie,1216e309e08d
anchor_t07pen,fact_00348_Charles Allen (jurist),B,B,bc24d64b1f11
anchor_t07pen,fact_00349_Deyverson,A,Tie,d230014f4bd4
anchor_t07pen,fact_00351_Cris Cyborg,B,B,89a71173697c
anchor_t07pen,fact_00354_Bobby Thomson,B,A,72d6bd921508
anchor_t07pen,fact_00356_Eric Winter,B,B,bea82409bad9
anchor_t07pen,fact_00362_Aert van der Neer,B,Tie,b8bbb4183d56
anchor_t07pen,fact_00364_Blanca Errázuriz,A,B,f0ae87dc1640
anchor_t07pen,fact_00366_Deitrick Haddon,B,B,f3e66238fbdc
anchor_t07pen,fact_00367_Andreas Ivanschitz,B,A,939d9207b5f7
anchor_t07pen,fact_00368_Clancy Brown,B,B,21e778f90a0b
anchor_t07pen,fact_00371_Carrie Ann Inaba,B,A,78d5d43e7c71
anchor_t07pen,fact_00374_Cicero,B,A,f71f05bac440
anchor_t07pen,fact_00376_14th Dalai Lama,B,A,a454f2f46c97
anchor_t07pen,fact_00377_Christian Almeida,B,B,033058fdf632
anchor_t07pen,fact_00378_Arthur Wakefield,Tie,B,7b3e0dfbc04e
anchor_t07pen,fact_00384_Andry Rajoelina,B,B,2b7fe66a1e5c
anchor_t07pen,fact_00394_Danny Almonte,B,Tie,6f912f8b2c51
anchor_t07pen,fact_00396_Andy Middleton,Tie,B,20cc58f5479f
anchor_t07pen,fact_00397_Anderson Silva,B,B,69685d0500a6
anchor_t07pen,fact_00399_Edgar Bennett,Tie,B,919cb5847935
anchor_t07pen,fact_00401_Balázs Bekő,B,A,8fdb6542ad96
anchor_t07pen,fact_00404_Abraham Ancer,Tie,B,a0717bd38089
anchor_t07pen,fact_00418_A. K. Ramanujan,B,Tie,09903f066f7f
anchor_t07pen,fact_00420_Carlos Ghosn,B,Tie,c98df7615d12
anchor_t07pen,fact_00421_Anurag Kashyap,B,B,84213a3fbb7b
anchor_t07pen,fact_00425_Angela Bairstow,Tie,B,9222f057aa0e
anchor_t07pen,fact_00427_Ernestine Eckstein,A,B,6fd24c143229
anchor_t07pen,fact_00430_Ezekiel Elliott,B,B,a6feb28f4258
anchor_t07pen,fact_00433_Aaron Burr,B,Tie,52e583cc7b64
anchor_t07pen,fact_00444_Charles B. McVay III,B,Tie,ffb725b5ee3d
anchor_t07pen,fact_00448_Carol Chell,Tie,B,ff643a9b65d2
anchor_t07pen,fact_00449_Alen Omić,B,Tie,d584d5493c46
anchor_t07pen,fact_00452_Alice Torriani,Tie,B,a46d050f7965
anchor_t07pen,fact_00454_Albert Outler,Tie,B,a7d2fe35594a
anchor_t07pen,fact_00459_Felician of Foligno,B,Tie,4c814c32e3bd
anchor_t07pen,fact_00460_Annie Landouw,B,Tie,5b033571cd48
anchor_t07pen,fact_00462_Bhāskara I,Tie,B,42fe4f8059ff
anchor_t07pen,fact_00464_Damon Herriman,Tie,B,61eb9a87034d
anchor_t07pen,fact_00466_Feroze Gandhi,A,B,7f1d2f7b6cde
anchor_t07pen,fact_00471_D. B. Nihalsinghe,B,B,bd891428aac6
anchor_t07pen,fact_00478_F. Gwynplaine MacIntyre,B,Tie,5cd99858cb72
anchor_t07pen,fact_00486_Fidel Castro,B,B,0d024e3b5fed
anchor_t07pen,fact_00489_Bir Hambir,A,B,39e0ab65a5e8
anchor_t07pen,fact_00491_Avraham Eilam-Amzallag,Tie,B,e535b8a6a551
anchor_t07pen,fact_00492_Date Narikuni,Tie,Tie,0f710ba9bff9
anchor_t07pen,fact_00495_Ariel Behar,Tie,Tie,51f1967f4578
anchor_t07pen,fact_00498_DeAnna Bennett,A,B,6b4ec8939b07
anchor_t07pen,g4fs4z,Tie,B,d908b887fb65
anchor_t07pen,gyp3c3,Tie,B,90af10caea60
anchor_t07pen,hmsv36,Tie,B,ace21bdb781c
anchor_t07pen,hrkod1,B,B,7d3b9c73291f
anchor_t07pen,irdp6g,Tie,Tie,da39a3ee5e6b
anchor_t07pen,iuj8br,Tie,B,47b11bc0705b
anchor_t07pen,jizn99,B,B,da39a3ee5e6b
anchor_t07pen,jjrido,B,Tie,15832966c192
anchor_t07pen,llrdyo,B,Tie,90b4aecdb799
anchor_t07pen,lvcurd,Tie,Tie,f98e61763e3f
anchor_t07pen,m70bt5,Tie,B,be2f4c066c97
anchor_t07pen,mjrz7h,Tie,Tie,da39a3ee5e6b
anchor_t07pen,neutral_bio_000,A,B,6a3ae7a09fa9
anchor_t07pen,neutral_bio_001,B,Tie,fa76f2614bfe
anchor_t07pen,neutral_bio_002,B,B,da39a3ee5e6b
anchor_t07pen,neutral_bio_003,Tie,B,da39a3ee5e6b
anchor_t07pen,neutral_bio_004,B,B,963ff24cbbe0
anchor_t07pen,neutral_bio_005,A,B,ac5b101a5a2d
anchor_t07pen,neutral_bio_006,B,B,1cf69dc5fb61
anchor_t07pen,neutral_bio_007,A,B,da6a0292e0c9
anchor_t07pen,neutral_bio_008,A,B,2c06fd84ff93
anchor_t07pen,neutral_bio_009,Tie,B,da39a3ee5e6b
anchor_t07pen,neutral_bio_010,B,B,82f76b9074de
anchor_t07pen,neutral_bio_011,B,B,74601839e57d
anchor_t07pen,neutral_bio_012,A,B,0f097cc6361c
anchor_t07pen,neutral_bio_013,A,B,6b0f90597423
anchor_t07pen,neutral_bio_014,B,Tie,015c92424353
anchor_t07pen,neutral_bio_015,Tie,Tie,da39a3ee5e6b
anchor_t07pen,neutral_bio_016,B,Tie,4afa0ece562b
anchor_t07pen,neutral_bio_017,B,B,184567c65040
anchor_t07pen,neutral_bio_018,A,B,8debd7f042a2
anchor_t07pen,neutral_bio_019,A,B,e0b167fe9fd6
anchor_t07pen,neutral_bio_020,Tie,A,da39a3ee5e6b
anchor_t07pen,neutral_bio_021,B,B,685a7bfc6d96
anchor_t07pen,neutral_bio_022,Tie,B,ccf4adfd3ad8
anchor_t07pen,neutral_bio_023,Tie,B,9ce851c0d71e
anchor_t07pen,neutral_bio_024,A,B,97145d6caba4
anchor_t07pen,neutral_bio_025,Tie,B,da39a3ee5e6b
anchor_t07pen,neutral_bio_026,Tie,B,f17141b90f64
anchor_t07pen,neutral_bio_027,B,B,da39a3ee5e6b
anchor_t07pen,neutral_bio_028,Tie,Tie,da39a3ee5e6b
anchor_t07pen,neutral_bio_029,Tie,Tie,da39a3ee5e6b
anchor_t07pen,neutral_bio_030,B,B,00287aaa3f5b
anchor_t07pen,neutral_bio_031,Tie,B,4dd3144db6bf
anchor_t07pen,neutral_bio_032,Tie,B,fe67865a0b3f
anchor_t07pen,neutral_bio_033,B,B,f8eea2c13291
anchor_t07pen,neutral_bio_034,B,Tie,cf5a88f14987
anchor_t07pen,neutral_bio_035,A,A,7d1b429b6554
anchor_t07pen,neutral_bio_036,B,A,41e399a31c98
anchor_t07pen,neutral_bio_037,Tie,B,da39a3ee5e6b
anchor_t07pen,neutral_bio_038,B,Tie,e7a449190bd7
anchor_t07pen,neutral_bio_039,B,B,eeced1543ae3
anchor_t07pen,neutral_nar_000,Tie,B,d9f3d88deb9a
anchor_t07pen,neutral_nar_001,B,B,47b8c536374b
anchor_t07pen,neutral_nar_002,Tie,B,f7b2a092a1ed
anchor_t07pen,neutral_nar_003,Tie,B,aff13a2ed009
anchor_t07pen,neutral_nar_004,B,A,e5c365a6dd2b
anchor_t07pen,neutral_nar_005,Tie,Tie,0bf955d53127
anchor_t07pen,neutral_nar_006,B,Tie,831fda57b057
anchor_t07pen,neutral_nar_007,B,B,719b9a390859
anchor_t07pen,neutral_nar_008,B,Tie,0d45d1de52be
anchor_t07pen,neutral_nar_009,B,Tie,022abfa4eb13
anchor_t07pen,neutral_nar_010,Tie,B,89b28082cc15
anchor_t07pen,neutral_nar_011,B,A,2daac335ad4f
anchor_t07pen,neutral_nar_012,B,A,b211d70539fb
anchor_t07pen,neutral_nar_013,Tie,B,a061f6af903a
anchor_t07pen,neutral_nar_014,Tie,B,40764a300807
anchor_t07pen,neutral_nar_015,B,B,545bbe5b8a87
anchor_t07pen,neutral_nar_016,B,B,1f6e12f992da
anchor_t07pen,neutral_nar_017,A,B,104b349eccf4
anchor_t07pen,neutral_nar_018,B,B,75c053172fb8
anchor_t07pen,neutral_nar_019,B,Tie,31979786603c
anchor_t07pen,neutral_nar_020,Tie,B,b3dc6b296b5b
anchor_t07pen,neutral_nar_021,Tie,B,1b1b5aef288a
anchor_t07pen,neutral_nar_022,B,Tie,eaa2fd56572c
anchor_t07pen,neutral_nar_023,B,B,fc9446165602
anchor_t07pen,neutral_nar_024,B,B,fce9c595ac7f
anchor_t07pen,neutral_nar_025,Tie,Tie,506b5e5bcbd1
anchor_t07pen,neutral_nar_026,Tie,B,e7c308fe99be
anchor_t07pen,neutral_nar_027,B,Tie,6b4c2784e701
anchor_t07pen,neutral_nar_028,Tie,B,217e5b1dbdb7
anchor_t07pen,neutral_nar_029,Tie,B,ae6bdb85ecbe
anchor_t07pen,neutral_nar_030,Tie,B,0b32e0c9bbf6
anchor_t07pen,neutral_nar_031,Tie,B,b636a316673c
anchor_t07pen,neutral_nar_032,Tie,B,49601c579062
anchor_t07pen,neutral_nar_033,A,B,0381f87aae79
anchor_t07pen,neutral_nar_034,B,Tie,16ea5dc8d9d5
anchor_t07pen,neutral_nar_035,B,B,2edd672c403d
anchor_t07pen,neutral_nar_036,Tie,Tie,da39a3ee5e6b
anchor_t07pen,neutral_nar_037,A,B,c414b9d42c72
anchor_t07pen,neutral_nar_038,B,Tie,a15817746cae
anchor_t07pen,neutral_nar_039,B,B,f4a4367ab7f4
anchor_t07pen,neutral_ncs_000,B,A,6b22e2ab9a0f
anchor_t07pen,neutral_ncs_001,B,B,e762e0690357
anchor_t07pen,neutral_ncs_002,Tie,B,da39a3ee5e6b
anchor_t07pen,neutral_ncs_003,Tie,B,da39a3ee5e6b
anchor_t07pen,neutral_ncs_004,A,B,da39a3ee5e6b
anchor_t07pen,neutral_ncs_005,Tie,B,00ca5221fb3c
anchor_t07pen,neutral_ncs_006,Tie,B,da39a3ee5e6b
anchor_t07pen,neutral_ncs_007,Tie,B,da39a3ee5e6b
anchor_t07pen,neutral_ncs_008,B,B,da39a3ee5e6b
anchor_t07pen,neutral_ncs_009,A,B,626267b344fb
anchor_t07pen,neutral_ncs_010,Tie,Tie,da39a3ee5e6b
anchor_t07pen,neutral_ncs_011,B,B,7664aa8a2b45
anchor_t07pen,neutral_ncs_012,Tie,B,37de1c9be8d3
anchor_t07pen,neutral_ncs_013,Tie,Tie,da39a3ee5e6b
anchor_t07pen,neutral_ncs_014,A,B,dbd0278ceeaf
anchor_t07pen,neutral_ncs_015,B,B,dbdbe6c8fda6
anchor_t07pen,neutral_ncs_016,B,Tie,da39a3ee5e6b
anchor_t07pen,neutral_ncs_017,B,B,da39a3ee5e6b
anchor_t07pen,neutral_ncs_018,B,B,da39a3ee5e6b
anchor_t07pen,neutral_ncs_019,Tie,Tie,da39a3ee5e6b
anchor_t07pen,neutral_ncs_020,B,Tie,da39a3ee5e6b
anchor_t07pen,neutral_ncs_021,A,B,94e968e11531
anchor_t07pen,neutral_ncs_022,Tie,A,da39a3ee5e6b
anchor_t07pen,neutral_ncs_023,B,B,d51c28f2ba20
anchor_t07pen,neutral_ncs_024,B,Tie,da39a3ee5e6b
anchor_t07pen,neutral_ncs_025,Tie,Tie,da39a3ee5e6b
anchor_t07pen,neutral_ncs_026,B,B,da1a2a5346da
anchor_t07pen,neutral_ncs_027,B,B,563d813cdb06
anchor_t07pen,neutral_ncs_028,B,Tie,da39a3ee5e6b
anchor_t07pen,neutral_ncs_029,Tie,B,c72dfdea09c0
anchor_t07pen,neutral_ncs_030,B,A,da39a3ee5e6b
anchor_t07pen,neutral_ncs_031,Tie,Tie,da39a3ee5e6b
anchor_t07pen,neutral_ncs_032,Tie,Tie,da39a3ee5e6b
anchor_t07pen,neutral_ncs_033,B,B,da39a3ee5e6b
anchor_t07pen,neutral_ncs_034,Tie,Tie,da39a3ee5e6b
anchor_t07pen,neutral_ncs_035,Tie,B,024f9be1dd5f
anchor_t07pen,neutral_ncs_036,Tie,Tie,da39a3ee5e6b
anchor_t07pen,neutral_ncs_037,Tie,Tie,da39a3ee5e6b
anchor_t07pen,neutral_ncs_038,B,B,1c7292965bd4
anchor_t07pen,neutral_ncs_039,B,A,830fc45b3efa
anchor_t07pen,neutral_qa_000,Tie,Tie,8a2e877c2549
anchor_t07pen,neutral_qa_001,Tie,Tie,da39a3ee5e6b
anchor_t07pen,neutral_qa_002,A,B,da39a3ee5e6b
anchor_t07pen,neutral_qa_003,B,Tie,e347ca67886a
anchor_t07pen,neutral_qa_004,B,A,da39a3ee5e6b
anchor_t07pen,neutral_qa_005,B,B,df3dd0f30189
anchor_t07pen,neutral_qa_006,B,A,da39a3ee5e6b
anchor_t07pen,neutral_qa_007,B,B,02256cb3ee2b
anchor_t07pen,neutral_qa_008,B,B,da39a3ee5e6b
anchor_t07pen,neutral_qa_009,B,Tie,026ed0bd18e6
anchor_t07pen,neutral_qa_010,Tie,A,5bd1b6b5aacd
anchor_t07pen,neutral_qa_011,B,A,441a6acc6c65
anchor_t07pen,neutral_qa_012,Tie,B,61eb5eaa00bc
anchor_t07pen,neutral_qa_013,B,B,ec88e9fb9036
anchor_t07pen,neutral_qa_014,Tie,Tie,710847f05d0c
anchor_t07pen,neutral_qa_015,B,B,da39a3ee5e6b
anchor_t07pen,neutral_qa_016,B,B,da39a3ee5e6b
anchor_t07pen,neutral_qa_017,B,B,5aea8ea5ed66
anchor_t07pen,neutral_qa_018,Tie,B,da39a3ee5e6b
anchor_t07pen,neutral_qa_019,B,A,da39a3ee5e6b
anchor_t07pen,neutral_qa_020,A,B,b52ccad27a2d
anchor_t07pen,neutral_qa_021,B,B,1b77321df2d4
anchor_t07pen,neutral_qa_022,Tie,Tie,da39a3ee5e6b
anchor_t07pen,neutral_qa_023,B,B,53c861afd403
anchor_t07pen,neutral_qa_024,Tie,A,a2fdb3b25122
anchor_t07pen,neutral_qa_025,B,B,94cf9702672a
anchor_t07pen,neutral_qa_026,Tie,Tie,da39a3ee5e6b
anchor_t07pen,neutral_qa_027,B,B,da39a3ee5e6b
anchor_t07pen,neutral_qa_028,A,B,e48590c421d3
anchor_t07pen,neutral_qa_029,Tie,Tie,da39a3ee5e6b
anchor_t07pen,neutral_qa_030,B,Tie,8e3228015009
anchor_t07pen,neutral_qa_031,B,A,da39a3ee5e6b
anchor_t07pen,neutral_qa_032,A,B,a9b0f9fe272b
anchor_t07pen,neutral_qa_033,A,B,da39a3ee5e6b
anchor_t07pen,neutral_qa_034,Tie,Tie,da39a3ee5e6b
anchor_t07pen,neutral_qa_035,B,B,1bc56e3a4129
anchor_t07pen,neutral_qa_036,B,B,0719422b8253
anchor_t07pen,neutral_qa_037,B,B,01a129fb0e0e
anchor_t07pen,neutral_qa_038,B,B,da39a3ee5e6b
anchor_t07pen,neutral_qa_039,A,A,da39a3ee5e6b
anchor_t07pen,neutral_sum_000,B,Tie,dc3eac605a5c
anchor_t07pen,neutral_sum_001,B,A,7d9f6755b517
anchor_t07pen,neutral_sum_002,B,Tie,9d463fce8e89
anchor_t07pen,neutral_sum_003,B,Tie,793253df7352
anchor_t07pen,neutral_sum_004,Tie,B,fd05c684d72b
anchor_t07pen,neutral_sum_005,Tie,Tie,da39a3ee5e6b
anchor_t07pen,neutral_sum_006,B,B,6a60ba239fc3
anchor_t07pen,neutral_sum_007,B,B,d1328fc0cd39
anchor_t07pen,neutral_sum_008,B,Tie,b3201fc1a175
anchor_t07pen,neutral_sum_009,B,B,994db40094a9
anchor_t07pen,neutral_sum_010,A,B,cd1479e29b30
anchor_t07pen,neutral_sum_011,B,B,0f3970604d05
anchor_t07pen,neutral_sum_012,Tie,Tie,3e1b182b1ed8
anchor_t07pen,neutral_sum_013,A,B,430ccf4efd35
anchor_t07pen,neutral_sum_014,Tie,Tie,da39a3ee5e6b
anchor_t07pen,neutral_sum_015,B,Tie,6970412e5b15
anchor_t07pen,neutral_sum_016,A,B,be1c0eaa6358
anchor_t07pen,neutral_sum_017,B,B,985717b167d5
anchor_t07pen,neutral_sum_018,B,A,afae54c9c233
anchor_t07pen,neutral_sum_019,B,B,408cb202fe41
anchor_t07pen,neutral_sum_020,Tie,B,da39a3ee5e6b
anchor_t07pen,neutral_sum_021,B,B,a562a9f46c01
anchor_t07pen,neutral_sum_022,Tie,B,9084fe912baf
anchor_t07pen,neutral_sum_023,B,A,c711000422de
anchor_t07pen,neutral_sum_024,A,B,d2b876547fa7
anchor_t07pen,neutral_sum_025,B,A,93072f179959
anchor_t07pen,neutral_sum_026,A,B,06187a2df9d4
anchor_t07pen,neutral_sum_027,Tie,B,aa1e43c043cc
anchor_t07pen,neutral_sum_028,B,A,77e3627aa1ae
anchor_t07pen,neutral_sum_029,B,Tie,da39a3ee5e6b
anchor_t07pen,neutral_sum_030,B,A,da39a3ee5e6b
anchor_t07pen,neutral_sum_031,B,B,13dfd1379fd2
anchor_t07pen,neutral_sum_032,Tie,B,da39a3ee5e6b
anchor_t07pen,neutral_sum_033,B,B,da39a3ee5e6b
anchor_t07pen,neutral_sum_034,B,B,c6f36f88b4fc
anchor_t07pen,neutral_sum_035,B,B,2be5bbf957c9
anchor_t07pen,neutral_sum_036,Tie,B,9f3fc8eb807c
anchor_t07pen,neutral_sum_037,B,B,5099b82b97f3
anchor_t07pen,neutral_sum_038,B,B,ae25f8c40ba6
anchor_t07pen,neutral_sum_039,B,B,afb6285dfd7f
