model,id,novel,n_tok,s_rate,k_crit,binding_token,binding_frac,ratio_skip0,ratio_skip1,ratio_skip5,ratio_skip10,ratio_skip20
jacquelinehe/tinycomma-1.8b-llama3-tokenizer,bookmia.00.11,1984,57,2.3149741877058294,13.815370559692383,0,0.0,5.967829202183719,3.685142872457221,1.6503262645407566,2.1629996924179204,0.8245227539789527
jacquelinehe/tinycomma-1.8b-llama3-tokenizer,bookmia.00.26,1984,57,3.087800858444289,12.953660011291504,0,0.0,4.195108624271152,1.071782392170811,1.212923723408327,0.9760276502831856,1.476015826682164
jacquelinehe/tinycomma-1.8b-llama3-tokenizer,bookmia.00.31,1984,57,3.0684704009378168,4.041583895683289,1,0.017543859649122806,1.3171330883452743,1.5988968007226527,1.075170838430202,1.1109321543541655,1.760173946954756
jacquelinehe/tinycomma-1.8b-llama3-tokenizer,bookmia.00.40,1984,59,3.0246074293992655,14.733166694641113,0,0.0,4.871100477845269,3.0546862803678865,1.9554710231521018,0.8369490483703993,0.8979316665182605
jacquelinehe/tinycomma-1.8b-llama3-tokenizer,bookmia.00.46,1984,59,3.3648115153250804,17.553457260131836,0,0.0,5.216772820761095,1.7999869399986137,1.7581724974879958,0.8507885093328206,0.8625977376536114
jacquelinehe/tinycomma-1.8b-llama3-tokenizer,bookmia.00.48,1984,66,3.01148619505605,17.329994201660156,0,0.0,5.754631792804087,0.9412507241005063,2.126232889621032,0.9775310593734893,2.30719860631386
jacquelinehe/tinycomma-1.8b-llama3-tokenizer,bookmia.00.64,1984,60,2.9226104216184465,11.63776969909668,0,0.0,3.9819777596810395,1.5570001290618851,0.9263167425389358,0.9860332323634342,1.4546678954071077
jacquelinehe/tinycomma-1.8b-llama3-tokenizer,bookmia.00.71,1984,62,2.9690834310867134,14.164624214172363,0,0.0,4.770706025255738,1.0111260607859631,1.013610449400025,1.104475653468312,1.2757742817017805
jacquelinehe/tinycomma-1.8b-llama3-tokenizer,bookmia.01.00,a_game_of_thrones,60,2.4169115632544464,14.986689567565918,0,0.0,6.200760423102066,2.5312393436776555,1.5594815977903531,0.9812089772351478,1.4949535923085453
jacquelinehe/tinycomma-1.8b-llama3-tokenizer,bookmia.01.01,a_game_of_thrones,63,2.9265992659964555,4.4987578381422075,8,0.12698412698412698,1.5371963939212088,1.6984170137438346,2.4941916703561393,1.7207971168368068,1.5317132788253047
jacquelinehe/tinycomma-1.8b-llama3-tokenizer,bookmia.01.02,a_game_of_thrones,62,4.152772745868612,14.011577606201172,0,0.0,3.3740294650461182,1.1268347009941737,1.7717151420754083,0.9450396456602449,0.9623071577009082
jacquelinehe/tinycomma-1.8b-llama3-tokenizer,bookmia.01.03,a_game_of_thrones,61,3.457046535660009,15.24816608428955,0,0.0,4.410749443781617,1.002859910924083,1.0914516265459042,1.2257575368672162,2.8863327422509903
jacquelinehe/tinycomma-1.8b-llama3-tokenizer,bookmia.01.04,a_game_of_thrones,67,3.0783343764192272,4.5295929475060595,12,0.1791044776119403,1.4714427978337303,1.5737229463949165,2.118034737799995,3.142147001193633,2.0210578361200047
jacquelinehe/tinycomma-1.8b-llama3-tokenizer,bookmia.01.07,a_game_of_thrones,58,4.067052933676489,13.392623901367188,0,0.0,3.2929553954097845,1.0110288861576247,1.0811898252586818,1.2791717787219177,1.161473620439525
jacquelinehe/tinycomma-1.8b-llama3-tokenizer,bookmia.01.10,a_game_of_thrones,71,3.622759344556343,16.785259246826172,0,0.0,4.633280229350084,1.3145513946292355,1.3987657776125217,2.5176655339035454,2.145764309568517
jacquelinehe/tinycomma-1.8b-llama3-tokenizer,bookmia.01.11,a_game_of_thrones,66,3.0647504449990457,15.697029113769531,0,0.0,5.121796829945291,0.9538494804091662,2.5644881320186173,1.053091183520603,1.728738150566449
jacquelinehe/tinycomma-1.8b-llama3-tokenizer,bookmia.01.12,a_game_of_thrones,90,3.1057953100174522,13.95954418182373,0,0.0,4.494676174182673,1.042477377755554,1.4256944371063776,1.0728451513817225,1.1205632835974375
jacquelinehe/tinycomma-1.8b-llama3-tokenizer,bookmia.01.14,a_game_of_thrones,61,3.088159117786611,11.066422462463379,0,0.0,3.58350138071741,3.3671319187707405,2.0374205020776106,1.1849719095670295,0.944239083334166
jacquelinehe/tinycomma-1.8b-llama3-tokenizer,bookmia.01.20,a_game_of_thrones,64,3.1032576213474385,14.969277381896973,0,0.0,4.82373015985611,1.0192828029755459,2.6981880918974825,1.3477072149806137,1.0441251476578943
jacquelinehe/tinycomma-1.8b-llama3-tokenizer,bookmia.01.22,a_game_of_thrones,66,3.2214601809188905,11.432907104492188,0,0.0,3.5489829029117663,1.8074354374102166,0.9589420399276171,1.5978872280891132,1.8872963983382716
jacquelinehe/tinycomma-1.8b-llama3-tokenizer,bookmia.01.23,a_game_of_thrones,62,3.6273273662213357,15.387327194213867,0,0.0,4.242056379444785,1.5048416642040803,1.9768382588508695,1.2893736967350127,0.8493091046834067
jacquelinehe/tinycomma-1.8b-llama3-tokenizer,bookmia.01.26,a_game_of_thrones,66,3.080790501754646,14.316115379333496,0,0.0,4.6468967530183685,1.4092015222695213,1.2628286901560073,1.120267763046268,1.6971954431960712
jacquelinehe/tinycomma-1.8b-llama3-tokenizer,bookmia.01.27,a_game_of_thrones,70,3.070883138617501,3.3399836950247055,45,0.6428571428571429,1.0876296961688854,1.104947943275088,2.078744100532125,1.6128839524597098,1.6416114436912448
jacquelinehe/tinycomma-1.8b-llama3-tokenizer,bookmia.01.31,a_game_of_thrones,64,2.81226877609879,10.481390953063965,0,0.0,3.7270231928556505,1.0960416829271622,1.28766373333537,2.8970572267064107,2.4115282487967304
jacquelinehe/tinycomma-1.8b-llama3-tokenizer,bookmia.01.32,a_game_of_thrones,64,2.9838084737885993,3.16169870122511,55,0.859375,1.0596185140565137,1.0719730219325845,1.1122163566685994,1.1243422697040633,1.5806199991608307
jacquelinehe/tinycomma-1.8b-llama3-tokenizer,bookmia.01.33,a_game_of_thrones,66,2.921530908017303,3.688615560531616,1,0.015151515151515152,1.2625625662248754,1.8011823451301936,1.0492332581221522,1.1025504994316253,1.5535365715607368
jacquelinehe/tinycomma-1.8b-llama3-tokenizer,bookmia.01.36,a_game_of_thrones,62,4.107720666335926,14.544981956481934,0,0.0,3.540888764828309,0.9643331673712727,0.9873792032758678,1.4190542998913134,1.1967566329294885
jacquelinehe/tinycomma-1.8b-llama3-tokenizer,bookmia.01.37,a_game_of_thrones,67,3.027800414290752,15.46529769897461,0,0.0,5.107766557524989,1.0221376024191364,1.0382754062274793,1.368993046073876,1.220460219871403
jacquelinehe/tinycomma-1.8b-llama3-tokenizer,bookmia.01.39,a_game_of_thrones,69,3.096857273648087,12.837745666503906,0,0.0,4.145410825272257,1.3615132881679322,1.6510139297470248,2.2422458491109465,1.9497091732397878
jacquelinehe/tinycomma-1.8b-llama3-tokenizer,bookmia.01.41,a_game_of_thrones,65,3.0761253344947295,3.5766863397189548,13,0.2,1.1627245156792174,1.7309525274860171,1.6375886397519317,1.733757077218021,1.5061567622591203
jacquelinehe/tinycomma-1.8b-llama3-tokenizer,bookmia.01.42,a_game_of_thrones,59,3.7268572833578464,4.867311000823975,0,0.0,1.3060094956033828,1.2646458263463625,1.4557396253589183,1.7238480443757824,1.0769338846638024
jacquelinehe/tinycomma-1.8b-llama3-tokenizer,bookmia.01.43,a_game_of_thrones,76,2.9599866231131418,14.58569622039795,0,0.0,4.927622343460985,1.9916662449675935,3.1661602003264813,0.9521778712068688,0.9364535975675532
jacquelinehe/tinycomma-1.8b-llama3-tokenizer,bookmia.01.44,a_game_of_thrones,68,3.1540595620925376,16.272872924804688,0,0.0,5.15934230297432,1.1051296518717244,1.1491803835210785,1.2093336099715701,1.876395584437645
jacquelinehe/tinycomma-1.8b-llama3-tokenizer,bookmia.01.46,a_game_of_thrones,68,3.738519988494398,15.66572380065918,0,0.0,4.190354431398449,1.273148022667532,1.1745716407349007,1.2368459453452234,2.404775759522639
jacquelinehe/tinycomma-1.8b-llama3-tokenizer,bookmia.01.49,a_game_of_thrones,62,3.330582391680969,12.982895851135254,0,0.0,3.8980857772993547,1.0536178280899828,1.524469812014826,1.7197399807702352,2.545506103732182
jacquelinehe/tinycomma-1.8b-llama3-tokenizer,bookmia.01.51,a_game_of_thrones,64,2.9545409188140184,16.172849655151367,0,0.0,5.473895978954086,0.9557575920157139,0.9870031505129524,1.8710020765029178,1.1723317465977177
jacquelinehe/tinycomma-1.8b-llama3-tokenizer,bookmia.01.52,a_game_of_thrones,68,3.261441452876812,13.165000915527344,0,0.0,4.036559020219395,1.3928550115854,1.5260493756597078,1.7656839892951322,1.323156830036769
jacquelinehe/tinycomma-1.8b-llama3-tokenizer,bookmia.01.58,a_game_of_thrones,64,2.701914158558793,11.761977195739746,0,0.0,4.353201658343435,1.5830413017746037,1.215524890419379,1.2309797606259327,1.0727784748904627
jacquelinehe/tinycomma-1.8b-llama3-tokenizer,bookmia.01.59,a_game_of_thrones,64,3.6393383813556284,14.604228973388672,0,0.0,4.012880211470937,1.8999812042530888,2.5611102356384676,2.344318638392207,0.9621854797535403
jacquelinehe/tinycomma-1.8b-llama3-tokenizer,bookmia.01.60,a_game_of_thrones,63,3.155932521292319,10.68408203125,0,0.0,3.3853962209797146,1.5393650940218366,1.0292734395511534,1.2255741517664354,2.040125526629696
jacquelinehe/tinycomma-1.8b-llama3-tokenizer,bookmia.01.62,a_game_of_thrones,67,2.8365604504942894,12.565682411193848,0,0.0,4.429901153350776,1.0763107115439883,1.1526476335934899,2.01345288508083,1.3174046039480396
jacquelinehe/tinycomma-1.8b-llama3-tokenizer,bookmia.01.69,a_game_of_thrones,63,3.634595273033021,13.517641067504883,0,0.0,3.719159920720579,1.0115282191385886,1.0527507759119556,1.088164510496826,1.3841484234996444
jacquelinehe/tinycomma-1.8b-llama3-tokenizer,bookmia.01.71,a_game_of_thrones,65,2.993837025315644,2.998705393414639,63,0.9692307692307692,1.0016261299656022,1.0017471066285042,1.0324483955621155,1.241784044845046,1.120059522235253
jacquelinehe/tinycomma-1.8b-llama3-tokenizer,bookmia.01.73,a_game_of_thrones,67,3.2619277909710838,16.15528678894043,0,0.0,4.9526806919692605,2.0668382352519634,1.410005515708071,1.8916335384114709,2.0833510059929568
jacquelinehe/tinycomma-1.8b-llama3-tokenizer,bookmia.01.74,a_game_of_thrones,71,3.3559662485200072,8.124732971191406,2,0.028169014084507043,2.420981729114362,2.5723729397400446,1.696062180459674,1.847200761468578,1.9112623324609337
jacquelinehe/tinycomma-1.8b-llama3-tokenizer,bookmia.01.75,a_game_of_thrones,65,3.5572785213159825,12.245087623596191,0,0.0,3.442262828232588,0.9618396433088658,1.8885289020567406,0.9697371475084134,1.2940407205674735
jacquelinehe/tinycomma-1.8b-llama3-tokenizer,bookmia.01.76,a_game_of_thrones,69,2.931762031846396,15.571958541870117,0,0.0,5.311467429047454,1.275718959889422,1.6145903136358544,1.298845458051138,1.2818277212367368
jacquelinehe/tinycomma-1.8b-llama3-tokenizer,bookmia.01.77,a_game_of_thrones,60,3.3977922720145823,13.296555519104004,0,0.0,3.9132926484703416,1.0005561038703947,1.010454124856017,1.173433644692298,2.8102197579953807
jacquelinehe/tinycomma-1.8b-llama3-tokenizer,bookmia.01.78,a_game_of_thrones,63,3.1732003455094637,12.793405532836914,0,0.0,4.031704317359422,1.0067428224564896,2.4007054757252555,1.0954026562287513,1.3225879284605355
jacquelinehe/tinycomma-1.8b-llama3-tokenizer,bookmia.01.79,a_game_of_thrones,67,3.3052822269400264,12.503412246704102,0,0.0,3.782857676961385,2.424660668152557,0.9410396354327858,0.9747973280363101,1.638731051815435
jacquelinehe/tinycomma-1.8b-llama3-tokenizer,bookmia.01.81,a_game_of_thrones,58,2.5782672739266577,3.2284996112187705,5,0.08620689655172414,1.252197413304564,1.4105269259386115,1.6733322102466992,1.3355217248750424,1.0331167795559575
jacquelinehe/tinycomma-1.8b-llama3-tokenizer,bookmia.01.82,a_game_of_thrones,68,3.0351351611192086,15.681341171264648,0,0.0,5.166603903558002,1.4367104377189042,1.2940306982780447,1.028392262269698,3.8095201147490174
jacquelinehe/tinycomma-1.8b-llama3-tokenizer,bookmia.01.83,a_game_of_thrones,70,3.3429282365634987,13.261544227600098,0,0.0,3.967044246583304,3.279450558558644,1.9971664061299843,1.1754259893152907,2.40720745220117
jacquelinehe/tinycomma-1.8b-llama3-tokenizer,bookmia.01.87,a_game_of_thrones,66,3.5452448415577016,13.600214004516602,0,0.0,3.836184695932304,1.0195306341017814,1.2102643905144053,1.7499643852886064,1.4737501162679896
jacquelinehe/tinycomma-1.8b-llama3-tokenizer,bookmia.01.88,a_game_of_thrones,60,2.8662554783397356,12.58415412902832,0,0.0,4.390450964377268,1.076128295518419,1.1526406289420426,1.2102032586095055,1.62673762499877
jacquelinehe/tinycomma-1.8b-llama3-tokenizer,bookmia.01.89,a_game_of_thrones,64,3.1266380205179303,13.342330932617188,0,0.0,4.267309117672348,2.2360996017197716,1.9838226647973074,1.7478872217194132,1.1115699716912835
jacquelinehe/tinycomma-1.8b-llama3-tokenizer,bookmia.01.90,a_game_of_thrones,65,3.1761870404168104,18.181936264038086,0,0.0,5.724453891623484,1.7247264779993108,1.2326524611739702,0.8501378639186526,1.0015485029094702
jacquelinehe/tinycomma-1.8b-llama3-tokenizer,bookmia.01.97,a_game_of_thrones,60,2.8757352272669476,12.824628829956055,0,0.0,4.459600003629116,1.3448391980468946,1.5827083833648288,2.9252030212095477,1.068522662737479
jacquelinehe/tinycomma-1.8b-llama3-tokenizer,bookmia.07.02,casino_royale,53,2.623629397422708,13.142399787902832,0,0.0,5.009243988809211,1.6801509606440046,1.3670038066516046,1.722589464748769,0.9169578883296687
jacquelinehe/tinycomma-1.8b-llama3-tokenizer,bookmia.07.03,casino_royale,61,3.778952633855162,12.804997444152832,0,0.0,3.388504351558807,1.6430945666657801,0.9474947542785893,0.9531913553314817,1.0171330630009077
jacquelinehe/tinycomma-1.8b-llama3-tokenizer,bookmia.07.04,casino_royale,63,3.6877858783931488,11.83083724975586,0,0.0,3.2081139306577153,1.1546849689031413,1.4294611471174674,1.3066427994243013,1.1891912904665267
jacquelinehe/tinycomma-1.8b-llama3-tokenizer,bookmia.07.05,casino_royale,57,4.305975828156398,12.655153274536133,0,0.0,2.938974527396368,1.4864765376877986,1.9181919980532622,1.6739296298431532,1.5918939097376215
jacquelinehe/tinycomma-1.8b-llama3-tokenizer,bookmia.07.06,casino_royale,60,2.6229141310210253,2.9369031212159564,6,0.1,1.1197099769608942,1.4708356403777008,3.786776736433343,1.160428956760762,2.650867431194069
jacquelinehe/tinycomma-1.8b-llama3-tokenizer,bookmia.07.07,casino_royale,62,3.3086992296082296,19.662927627563477,0,0.0,5.942796931074236,1.4610738095305176,0.9262164811555282,1.740658804178738,1.753389741008658
jacquelinehe/tinycomma-1.8b-llama3-tokenizer,bookmia.07.08,casino_royale,69,2.3848270684150825,2.495135545730591,0,0.0,1.0462542876908965,1.0329134162263984,1.1091882391082073,1.8050596158837635,3.309774165951156
jacquelinehe/tinycomma-1.8b-llama3-tokenizer,bookmia.07.09,casino_royale,64,3.5051947179065337,18.199844360351562,0,0.0,5.192249168748423,1.9113392698999547,2.000936721958548,0.9565181419821633,1.1217838743289703
jacquelinehe/tinycomma-1.8b-llama3-tokenizer,bookmia.07.15,casino_royale,69,2.9432413878570567,4.252228955427806,5,0.07246376811594203,1.4447435310509171,1.6145192133563353,3.4006465021430015,1.3595354895490874,1.694336771468115
jacquelinehe/tinycomma-1.8b-llama3-tokenizer,bookmia.07.16,casino_royale,61,3.4436098131251933,13.711243629455566,0,0.0,3.981648436822215,1.0254482818838417,1.094300841474957,1.5810036200747202,1.0468674435349423
jacquelinehe/tinycomma-1.8b-llama3-tokenizer,bookmia.07.17,casino_royale,58,3.599913068629544,16.26675796508789,0,0.0,4.518652993829239,0.955142738923479,0.9658499463614363,2.032622570986245,1.411739133696802
jacquelinehe/tinycomma-1.8b-llama3-tokenizer,bookmia.07.20,casino_royale,58,4.039426614393897,13.864497184753418,0,0.0,3.4322933693978595,0.9688525868098912,1.6208496464418298,1.272995772489581,1.0439701619166644
jacquelinehe/tinycomma-1.8b-llama3-tokenizer,bookmia.07.24,casino_royale,56,2.6431311754838265,13.035325050354004,0,0.0,4.931773788324327,1.754749786882344,0.9269048424661316,1.2800095061561987,0.9636952805210535
jacquelinehe/tinycomma-1.8b-llama3-tokenizer,bookmia.07.25,casino_royale,60,3.613756164597968,5.715859651565552,1,0.016666666666666666,1.5816948878733892,2.033282690469823,1.0335633684367076,2.651625457352472,1.2360559976322099
jacquelinehe/tinycomma-1.8b-llama3-tokenizer,bookmia.07.26,casino_royale,60,3.2847445969314624,13.55025863647461,0,0.0,4.12520920169348,1.5736086766533128,0.9384006871564385,1.4732847285416582,1.2393601457088665
jacquelinehe/tinycomma-1.8b-llama3-tokenizer,bookmia.07.28,casino_royale,68,3.151988974552403,3.7021477699279783,9,0.1323529411764706,1.1745433755692944,1.2752605898131395,1.5735458576723773,0.9699063145570181,1.9893231726553438
jacquelinehe/tinycomma-1.8b-llama3-tokenizer,bookmia.07.29,casino_royale,62,3.507154562465486,6.654781341552734,0,0.0,1.8974873285523253,1.0211732900092239,1.1930022171820898,1.4268401551700278,1.1735612602677785
jacquelinehe/tinycomma-1.8b-llama3-tokenizer,bookmia.07.30,casino_royale,57,3.786019918165709,5.630527807606591,8,0.14035087719298245,1.4871891668056858,1.584730326901054,2.0845578818517296,1.3394770201766926,1.0134271520596134
jacquelinehe/tinycomma-1.8b-llama3-tokenizer,bookmia.07.31,casino_royale,72,2.6396747499303377,10.745550155639648,0,0.0,4.0707856738498664,1.2369079514835073,2.9137993399180315,1.3819444581782645,1.1870684956033541
jacquelinehe/tinycomma-1.8b-llama3-tokenizer,bookmia.07.32,casino_royale,68,3.2191735249533155,12.629262924194336,0,0.0,3.9231382919556923,1.08913401765453,1.1485189060987893,1.9742106485604936,1.237098343919123
jacquelinehe/tinycomma-1.8b-llama3-tokenizer,bookmia.07.37,casino_royale,58,3.542599073094356,3.7110865130369484,26,0.4482758620689655,1.047560403101281,1.0783631444198765,1.1562018504704141,1.2740178918272291,1.5697915491535521
jacquelinehe/tinycomma-1.8b-llama3-tokenizer,bookmia.07.40,casino_royale,62,2.3915244541731813,17.10013771057129,0,0.0,7.150308532589644,1.4997372544440466,0.8847901514165917,1.4351428464722906,1.0015404034665087
jacquelinehe/tinycomma-1.8b-llama3-tokenizer,bookmia.07.41,casino_royale,63,3.73564264981357,14.842535972595215,0,0.0,3.9732215749640676,1.3607799805903513,1.0199053407998606,1.5261413475781413,1.133869143772738
jacquelinehe/tinycomma-1.8b-llama3-tokenizer,bookmia.07.43,casino_royale,67,3.6845428757786527,14.501384735107422,0,0.0,3.935735103107696,1.1735466791903932,1.5439791335766724,1.1301028205337977,1.2745764262665644
jacquelinehe/tinycomma-1.8b-llama3-tokenizer,bookmia.07.44,casino_royale,57,3.611002871729924,14.549331665039062,0,0.0,4.029166462021923,1.905267981265961,1.1209419941843206,1.938535225653573,1.8133269462017103
jacquelinehe/tinycomma-1.8b-llama3-tokenizer,bookmia.07.47,casino_royale,60,2.665636365026391,11.071267127990723,0,0.0,4.153329866461779,2.226729832872241,0.9518627355068463,1.0727406824158157,2.3188743692400733
jacquelinehe/tinycomma-1.8b-llama3-tokenizer,bookmia.07.49,casino_royale,61,2.4095801131377095,12.303788185119629,0,0.0,5.106195937639056,1.9877086160121966,1.066660941657536,1.0726213652082126,1.6604225888052027
jacquelinehe/tinycomma-1.8b-llama3-tokenizer,bookmia.07.53,casino_royale,64,3.1787337005030167,13.437159538269043,0,0.0,4.227205171714349,2.9858378881695806,1.0168198204065415,1.2404941589169074,1.724591774724477
jacquelinehe/tinycomma-1.8b-llama3-tokenizer,bookmia.07.54,casino_royale,60,3.305385363700528,12.832722663879395,0,0.0,3.882368090815463,1.573672977857609,3.458150214354106,1.090732970709453,1.1291783540881601
jacquelinehe/tinycomma-1.8b-llama3-tokenizer,bookmia.07.55,casino_royale,60,3.350907295321425,17.989835739135742,0,0.0,5.3686462064329135,1.2625641014021114,1.2822333498326481,1.3872214651723065,1.5447728605072182
jacquelinehe/tinycomma-1.8b-llama3-tokenizer,bookmia.07.56,casino_royale,59,3.1540390385819945,13.103302955627441,0,0.0,4.154451734851854,1.1418142791703454,1.251893250293574,0.9853360083330153,1.5217677978621764
jacquelinehe/tinycomma-1.8b-llama3-tokenizer,bookmia.07.57,casino_royale,58,3.3217019545925974,11.978185653686523,0,0.0,3.6060386565162594,1.2825690927541888,1.4906031401179984,1.5395265075816564,1.7754473199868406
jacquelinehe/tinycomma-1.8b-llama3-tokenizer,bookmia.07.59,casino_royale,57,3.0371138907707573,12.686744689941406,0,0.0,4.177237056698512,1.1679611095659763,1.194238981349435,1.2609956393348414,2.1032949142218893
jacquelinehe/tinycomma-1.8b-llama3-tokenizer,bookmia.07.61,casino_royale,59,4.233320194785878,12.799261093139648,0,0.0,3.0234568858987614,1.8707562858785929,2.3754642650756432,1.1380472094364658,1.311091940257964
jacquelinehe/tinycomma-1.8b-llama3-tokenizer,bookmia.07.62,casino_royale,64,3.2499396797502413,5.8151514530181885,1,0.015625,1.789310579901312,1.8959347412598526,2.149265052150325,1.2166198441874239,1.1889213634525106
jacquelinehe/tinycomma-1.8b-llama3-tokenizer,bookmia.07.63,casino_royale,62,3.102897762645772,19.912439346313477,0,0.0,6.417368817635352,1.24057738803682,1.2783125630908392,1.8638554403346494,0.9738255190584476
jacquelinehe/tinycomma-1.8b-llama3-tokenizer,bookmia.07.66,casino_royale,62,2.685191031202961,15.581480979919434,0,0.0,5.802745800524648,1.3050407311396406,1.7000622666848624,1.2554917333539606,1.505573627869907
jacquelinehe/tinycomma-1.8b-llama3-tokenizer,bookmia.07.70,casino_royale,60,3.547023226316863,12.080814361572266,0,0.0,3.4059022427424788,1.2755037580053195,2.296511561486763,1.0862412424666101,1.039765186702702
jacquelinehe/tinycomma-1.8b-llama3-tokenizer,bookmia.07.72,casino_royale,62,2.739423824613163,4.038650631904602,1,0.016129032258064516,1.4742700985580077,1.835889599730883,2.177041043028641,1.122450182432871,1.4137086594816866
jacquelinehe/tinycomma-1.8b-llama3-tokenizer,bookmia.07.73,casino_royale,58,3.2906851032588245,12.522592544555664,0,0.0,3.8054666890351543,1.5655556222846496,1.1068307455124737,1.2190399824237486,1.1599276206513889
jacquelinehe/tinycomma-1.8b-llama3-tokenizer,bookmia.07.77,casino_royale,56,3.133727105068309,12.114354133605957,0,0.0,3.8657974122931447,1.174001049402308,1.0297883028673098,1.2478912372443458,0.9321644911349306
jacquelinehe/tinycomma-1.8b-llama3-tokenizer,bookmia.07.80,casino_royale,69,3.1863396072598253,11.786798477172852,0,0.0,3.699165792094965,1.2457342101967428,1.4015740259582892,1.9269177843801795,1.9739041100360186
jacquelinehe/tinycomma-1.8b-llama3-tokenizer,bookmia.07.82,casino_royale,66,1.9993941724956543,2.1681935424399046,44,0.6666666666666666,1.0844252585439689,1.1758832572019116,1.3330377676399527,1.0930740242953139,1.8833502101241777
jacquelinehe/tinycomma-1.8b-llama3-tokenizer,bookmia.07.83,casino_royale,57,3.6169563197253045,11.223946571350098,0,0.0,3.1031468392746633,1.0054277235056355,1.0836104801834614,1.2256355012997862,1.162380300476218
jacquelinehe/tinycomma-1.8b-llama3-tokenizer,bookmia.07.84,casino_royale,63,2.18755158566175,12.51054573059082,0,0.0,5.718971754810661,1.026631938930204,1.1405878507811555,3.083404852315396,3.194809041934947
jacquelinehe/tinycomma-1.8b-llama3-tokenizer,bookmia.07.86,casino_royale,61,2.853379891948683,13.59022045135498,0,0.0,4.762850011560745,1.8419829174535232,1.0133798693085168,1.5457784577110427,1.2950144600322926
jacquelinehe/tinycomma-1.8b-llama3-tokenizer,bookmia.07.90,casino_royale,56,3.3017457711643408,13.755535125732422,0,0.0,4.166139999592281,1.1812029381931475,1.3899128832871477,2.614068336237579,1.734265218772371
jacquelinehe/tinycomma-1.8b-llama3-tokenizer,bookmia.07.95,casino_royale,55,3.4026243207129565,6.535078763961792,2,0.03636363636363636,1.920599557283035,1.9345960908852473,1.347115594538962,1.8318562157430178,1.10908911757787
jacquelinehe/tinycomma-1.8b-llama3-tokenizer,bookmia.07.98,casino_royale,56,3.1212846115896746,3.9798940155241223,8,0.14285714285714285,1.2750820610034523,1.6106833292295673,1.795681663405273,1.6893423319218597,1.7391548460420825
jacquelinehe/tinycomma-1.8b-llama3-tokenizer,bookmia.07.99,casino_royale,53,2.7634300093807913,3.168431034213618,18,0.33962264150943394,1.146557366554609,1.1827840417235962,1.628450017084679,1.3220569508136475,1.0676895951390095
jacquelinehe/tinycomma-1.8b-llama3-tokenizer,bookmia.10.01,dune,62,3.2428915577587643,12.482134819030762,0,0.0,3.849075615608142,2.8897433357453126,1.2262584005461428,2.442334404096948,1.1131907856509953
jacquelinehe/tinycomma-1.8b-llama3-tokenizer,bookmia.10.02,dune,60,3.5487988053714314,3.7305837705399716,52,0.8666666666666667,1.0512243649579096,1.197985152752873,1.722457344584531,1.3176850519355072,1.471356176284531
jacquelinehe/tinycomma-1.8b-llama3-tokenizer,bookmia.10.03,dune,63,2.7485774362927287,10.069875717163086,0,0.0,3.663668188568592,1.0449131263954499,1.2646591270537582,0.9823398829402655,2.108637032078314
jacquelinehe/tinycomma-1.8b-llama3-tokenizer,bookmia.10.07,dune,74,2.6536591466865502,9.081398963928223,0,0.0,3.4222175727683672,1.5364036034615092,3.0118863854383866,2.1226943926193096,1.2090595727641158
jacquelinehe/tinycomma-1.8b-llama3-tokenizer,bookmia.10.11,dune,59,4.49825382543633,16.552608489990234,0,0.0,3.6797853416785866,2.3916884896651243,1.1929760027294225,1.1048952334869713,1.106574865970899
jacquelinehe/tinycomma-1.8b-llama3-tokenizer,bookmia.10.12,dune,64,4.138932249770733,10.922089576721191,0,0.0,2.638866479954147,1.7857821995696248,1.185174057072919,1.5177536248380967,2.1073710973857427
jacquelinehe/tinycomma-1.8b-llama3-tokenizer,bookmia.10.13,dune,63,3.387221462906353,13.003427505493164,0,0.0,3.8389658449836856,1.2960941060889062,1.072796598704057,1.9939135046692706,1.2734583276453257
jacquelinehe/tinycomma-1.8b-llama3-tokenizer,bookmia.10.14,dune,66,3.6580369317142125,14.695691108703613,0,0.0,4.017370896749527,1.3964446405318103,0.9471225321336025,1.0000816087996598,1.4670453839714328
jacquelinehe/tinycomma-1.8b-llama3-tokenizer,bookmia.10.16,dune,58,3.5182977295641242,12.667508125305176,0,0.0,3.600465082548466,1.0181622568891144,1.6246012254413742,1.093039121507738,1.1958477139911945
jacquelinehe/tinycomma-1.8b-llama3-tokenizer,bookmia.10.19,dune,62,3.672485113284746,12.064748764038086,0,0.0,3.285172952885608,1.5861482625537138,3.9628856235811614,2.309437732938551,1.0589939291631667
jacquelinehe/tinycomma-1.8b-llama3-tokenizer,bookmia.10.21,dune,64,3.617542273737854,11.70035171508789,0,0.0,3.234337246043682,1.0813557750611797,1.1087151011352225,1.1818771731070385,1.6201691579989763
jacquelinehe/tinycomma-1.8b-llama3-tokenizer,bookmia.10.25,dune,71,3.0950815664755154,3.582756280899048,3,0.04225352112676056,1.1575644143617403,1.3084912605195496,1.3593546044871965,1.1103246406545522,1.3506515208971974
jacquelinehe/tinycomma-1.8b-llama3-tokenizer,bookmia.10.32,dune,73,3.1411441087926906,7.486112753550212,2,0.0273972602739726,2.3832439691624097,2.563437514217306,1.0809044640260521,1.1775692717023791,2.0849035871698294
jacquelinehe/tinycomma-1.8b-llama3-tokenizer,bookmia.10.35,dune,55,3.9223359022289515,14.8911771774292,0,0.0,3.7965073743345052,1.083068135748299,1.4012124451285728,1.1241138610985573,2.704397008942476
jacquelinehe/tinycomma-1.8b-llama3-tokenizer,bookmia.10.36,dune,59,3.517349462703628,16.4252986907959,0,0.0,4.6697943621929765,1.0442673047603936,1.2206346648479156,1.3068966552719552,1.1411681877682938
jacquelinehe/tinycomma-1.8b-llama3-tokenizer,bookmia.10.37,dune,68,3.348421706694781,12.698685646057129,0,0.0,3.7924391723621844,1.5289971166022156,1.715200079262539,1.8358665186003307,1.6713375112992759
jacquelinehe/tinycomma-1.8b-llama3-tokenizer,bookmia.10.38,dune,61,3.583886932135086,15.221220970153809,0,0.0,4.247126446337365,1.0822684016583024,1.458584511956914,0.9715986729936318,1.4252391182699076
jacquelinehe/tinycomma-1.8b-llama3-tokenizer,bookmia.10.40,dune,67,3.078350559205387,12.840498924255371,0,0.0,4.171226985782244,1.8761733869470036,1.9599638613775232,1.9422649630069773,0.9548561628544848
jacquelinehe/tinycomma-1.8b-llama3-tokenizer,bookmia.10.41,dune,65,3.5914466353598984,16.078357696533203,0,0.0,4.476847167442874,1.2988101017807872,1.6704519623902694,1.2630353400337933,0.8580536482756634
jacquelinehe/tinycomma-1.8b-llama3-tokenizer,bookmia.10.42,dune,62,3.22760411755993,12.255702018737793,0,0.0,3.7971515626901318,1.0178992848720658,2.4687671652257976,1.167279394038513,1.109085772434601
jacquelinehe/tinycomma-1.8b-llama3-tokenizer,bookmia.10.44,dune,73,2.9856988978882164,14.40709114074707,0,0.0,4.825366399450795,3.065057425497007,1.0398760963697213,1.093329186315414,1.2835599214411275
jacquelinehe/tinycomma-1.8b-llama3-tokenizer,bookmia.10.48,dune,74,3.270283413623032,13.774012565612793,0,0.0,4.2118712122118644,1.475574040730638,1.6852595167008595,1.711937920413109,2.758839845213948
jacquelinehe/tinycomma-1.8b-llama3-tokenizer,bookmia.10.49,dune,67,3.5799157241387154,9.412274360656738,0,0.0,2.6291888094436127,1.1979137047971022,1.3406423409127493,1.1565645777184888,1.0795458470585804
jacquelinehe/tinycomma-1.8b-llama3-tokenizer,bookmia.10.52,dune,72,3.2167621741375316,11.586840629577637,0,0.0,3.6020196714369366,1.0131935286558715,1.382318525906887,1.333301615558113,1.155717946472446
jacquelinehe/tinycomma-1.8b-llama3-tokenizer,bookmia.10.54,dune,66,2.476803726675412,2.8609763728944877,18,0.2727272727272727,1.1551082316622425,1.168230815158847,2.7777515045177212,1.5512647383970282,1.1847365910598728
jacquelinehe/tinycomma-1.8b-llama3-tokenizer,bookmia.10.57,dune,63,2.9446739744217623,13.997206687927246,0,0.0,4.7533977647477395,3.2731161315024533,1.275903197769515,1.867795133605117,1.2645070662666062
jacquelinehe/tinycomma-1.8b-llama3-tokenizer,bookmia.10.58,dune,60,3.1139049942139536,12.016643524169922,0,0.0,3.8590270244270237,0.9648924423878239,0.9864703254529922,1.660097657596086,1.2268802557000036
jacquelinehe/tinycomma-1.8b-llama3-tokenizer,bookmia.10.59,dune,64,2.7390757794964884,5.125052452087402,0,0.0,1.8710882299976077,1.0907743899670639,1.217034292250888,1.5838534942940008,3.9679734112722773
jacquelinehe/tinycomma-1.8b-llama3-tokenizer,bookmia.10.61,dune,64,3.548576641944237,11.668414115905762,0,0.0,3.288195604396677,1.2315665381245282,2.0020286199829886,3.4496349219214326,1.026226092684204
jacquelinehe/tinycomma-1.8b-llama3-tokenizer,bookmia.10.62,dune,65,3.2098772728672396,14.54334545135498,0,0.0,4.530810437610302,2.6313593458258135,1.1938810624163831,1.3032983209449465,1.750371687316419
jacquelinehe/tinycomma-1.8b-llama3-tokenizer,bookmia.10.63,dune,61,3.3721629874093733,14.427891731262207,0,0.0,4.278527397735978,3.676947775937981,0.9214868226634754,1.0462796818904267,0.9892221998883702
jacquelinehe/tinycomma-1.8b-llama3-tokenizer,bookmia.10.65,dune,66,3.008320160594656,15.634803771972656,0,0.0,5.197187445927336,0.9904111815172914,1.8461295045596762,1.2084271352642053,1.067939381327487
jacquelinehe/tinycomma-1.8b-llama3-tokenizer,bookmia.10.68,dune,71,4.191754988552084,14.945143699645996,0,0.0,3.5653667116665964,1.2005741162450994,1.3391883919631085,2.041460329783524,1.4310327520994746
jacquelinehe/tinycomma-1.8b-llama3-tokenizer,bookmia.10.70,dune,75,2.7416915704550533,13.754366874694824,0,0.0,5.016744780089154,2.3510478193791906,1.5063611196790156,1.6399391112025752,1.0380498336732864
jacquelinehe/tinycomma-1.8b-llama3-tokenizer,bookmia.10.71,dune,65,3.223466416996402,5.647424221038818,0,0.0,1.751972408107493,1.0742972038491383,1.0247247381482347,1.256259602105336,1.2363545188347542
jacquelinehe/tinycomma-1.8b-llama3-tokenizer,bookmia.10.72,dune,60,3.2150423221944946,13.775200843811035,0,0.0,4.28460948980867,1.3194433523206412,1.588199656335728,2.148873578494672,1.632115279512735
jacquelinehe/tinycomma-1.8b-llama3-tokenizer,bookmia.10.74,dune,69,2.123118952361899,4.516348600387573,3,0.043478260869565216,2.12722353373714,2.7904532712019146,1.7850210812713323,1.3581553536337132,1.1507128484251985
jacquelinehe/tinycomma-1.8b-llama3-tokenizer,bookmia.10.76,dune,67,3.6961552468423884,14.593698501586914,0,0.0,3.9483456529739263,3.6209534132704015,1.2514796218298985,1.3666353772743876,1.5157770799634307
jacquelinehe/tinycomma-1.8b-llama3-tokenizer,bookmia.10.77,dune,69,3.967394305744033,5.981336871782939,11,0.15942028985507245,1.5076234956336707,1.8398808107711677,2.0763217215821466,1.717575491788497,1.5945349766866743
jacquelinehe/tinycomma-1.8b-llama3-tokenizer,bookmia.10.78,dune,67,3.6837847774931745,15.151037216186523,0,0.0,4.112899675560537,1.2198590216310936,1.3868092520704596,1.5105969971821323,1.2375418853451303
jacquelinehe/tinycomma-1.8b-llama3-tokenizer,bookmia.10.79,dune,63,2.9964416438994546,12.104089736938477,0,0.0,4.039487891106291,1.2467882065829112,1.3579550281505384,1.8469559907162474,3.4666766763084813
jacquelinehe/tinycomma-1.8b-llama3-tokenizer,bookmia.10.80,dune,74,4.276775093815239,15.911542892456055,0,0.0,3.7204535060696013,1.5552130544877791,1.8364882200955295,2.0550612671110264,0.8241060273848626
jacquelinehe/tinycomma-1.8b-llama3-tokenizer,bookmia.10.82,dune,66,3.751720209803545,18.693622589111328,0,0.0,4.982680355604184,2.9190904312555377,2.550178797954898,1.8611734694926618,2.00155071549349
jacquelinehe/tinycomma-1.8b-llama3-tokenizer,bookmia.10.85,dune,76,3.553312226112834,14.43974494934082,0,0.0,4.063742229918608,1.149613640389236,1.6844788675962337,1.0627671453064411,1.8631988539601594
jacquelinehe/tinycomma-1.8b-llama3-tokenizer,bookmia.10.90,dune,60,3.662455169317157,16.51418113708496,0,0.0,4.509046629549306,0.9902699296668596,1.0640282970561528,1.113102856347039,1.449694753340655
jacquelinehe/tinycomma-1.8b-llama3-tokenizer,bookmia.10.91,dune,62,4.484569122428976,14.28852891921997,1,0.016129032258064516,3.1861542389340807,3.5053816147947088,1.1404908869877382,1.3048110228287062,2.2393016611343786
jacquelinehe/tinycomma-1.8b-llama3-tokenizer,bookmia.10.92,dune,75,3.6272034906595945,17.291669845581055,0,0.0,4.767218020744854,1.185411751846267,1.911031659605463,1.4750858254270176,2.3873532932545185
jacquelinehe/tinycomma-1.8b-llama3-tokenizer,bookmia.10.94,dune,68,4.543599245948237,13.587708473205566,0,0.0,2.9905164909344566,1.2997248157316372,1.9920346277162673,1.08018131257721,1.8359544425698557
jacquelinehe/tinycomma-1.8b-llama3-tokenizer,bookmia.10.98,dune,71,3.522866142513624,13.041531562805176,0,0.0,3.7019662499863886,0.9642869979196838,0.9952413145277325,1.2360043422173679,1.7148370859471005
jacquelinehe/tinycomma-1.8b-llama3-tokenizer,bookmia.10.99,dune,62,3.58654896403154,10.871254920959473,0,0.0,3.0311185013739217,1.4116503207052744,0.9688586554589791,1.0294497781892127,1.0980497125356103
jacquelinehe/tinycomma-1.8b-llama3-tokenizer,bookmia.12.01,fahrenheit_451,55,3.2028136852112685,15.021879196166992,0,0.0,4.690213253905245,1.1057529164282887,1.1133963145537962,1.0128367734185895,0.9671078853488722
jacquelinehe/tinycomma-1.8b-llama3-tokenizer,bookmia.12.04,fahrenheit_451,59,3.11552820335018,15.760887145996094,0,0.0,5.058817034314806,1.0600686131515074,1.182987511915022,1.314326668703771,1.2782384176350914
jacquelinehe/tinycomma-1.8b-llama3-tokenizer,bookmia.12.06,fahrenheit_451,58,3.1277284229110025,3.9265599151452384,5,0.08620689655172414,1.2554030862726748,1.396340916044043,1.7563280389015066,1.8307369497819184,0.9967896524336541
jacquelinehe/tinycomma-1.8b-llama3-tokenizer,bookmia.12.08,fahrenheit_451,58,3.766231106240945,15.179146766662598,0,0.0,4.030328022491648,2.5146863742567462,1.1640063951499093,1.0332951945914046,1.3442184998670204
jacquelinehe/tinycomma-1.8b-llama3-tokenizer,bookmia.12.09,fahrenheit_451,70,3.934507325058803,14.332098007202148,0,0.0,3.6426664949690872,1.2413309063683475,1.3652943388237666,1.3140739261441365,0.9779147526538304
jacquelinehe/tinycomma-1.8b-llama3-tokenizer,bookmia.12.12,fahrenheit_451,65,3.316799117725056,4.2834391761183115,23,0.35384615384615387,1.2914376252777888,1.5777219968092913,3.3851925013756072,1.3626024648300994,1.7694124040143084
jacquelinehe/tinycomma-1.8b-llama3-tokenizer,bookmia.12.18,fahrenheit_451,63,4.22738811426929,13.111037254333496,0,0.0,3.101451037835393,1.1125425975780343,2.0221036225439533,1.1148633052377945,1.0569132136271993
jacquelinehe/tinycomma-1.8b-llama3-tokenizer,bookmia.12.19,fahrenheit_451,57,3.414713262159606,4.079851381480694,7,0.12280701754385964,1.1947859361111999,1.3468648897872382,1.70484366612075,1.004685492437428,1.039941776455244
jacquelinehe/tinycomma-1.8b-llama3-tokenizer,bookmia.12.23,fahrenheit_451,60,4.601134454414326,12.054682731628418,0,0.0,2.6199370722720703,2.0475212070733666,1.3832134265464933,2.5997575320541317,1.3461638854975577
jacquelinehe/tinycomma-1.8b-llama3-tokenizer,bookmia.12.26,fahrenheit_451,63,3.9353730123017043,12.791963577270508,0,0.0,3.250508538144596,1.558568218790886,1.4949320921840283,1.0989558396943893,1.4229939643857488
jacquelinehe/tinycomma-1.8b-llama3-tokenizer,bookmia.12.27,fahrenheit_451,69,3.9793458329108744,14.430651664733887,0,0.0,3.626387921699665,1.260786588817407,2.60029286117444,3.1990056872890515,1.0901542459262077
jacquelinehe/tinycomma-1.8b-llama3-tokenizer,bookmia.12.29,fahrenheit_451,68,3.576771292119862,13.899978637695312,0,0.0,3.8861804410919287,0.9730910789129209,0.9865097512417549,1.016879476172715,1.3203282402320542
jacquelinehe/tinycomma-1.8b-llama3-tokenizer,bookmia.12.30,fahrenheit_451,71,2.0558068182821136,2.10474550418305,64,0.9014084507042254,1.0238050995189474,1.0302731038111212,1.2964791905188475,2.05154946508119,1.2149571209475627
jacquelinehe/tinycomma-1.8b-llama3-tokenizer,bookmia.12.32,fahrenheit_451,62,3.374461525664364,16.261152267456055,0,0.0,4.818888034070727,1.5419221432863135,1.7338967534714391,0.8921229728130855,0.9539284937161431
jacquelinehe/tinycomma-1.8b-llama3-tokenizer,bookmia.12.33,fahrenheit_451,72,4.085198859070563,4.183171477176282,69,0.9583333333333334,1.023982337576587,1.0374304616217322,1.0732957644118373,1.1016189957514262,1.2135270950352837
jacquelinehe/tinycomma-1.8b-llama3-tokenizer,bookmia.12.35,fahrenheit_451,61,4.294061330895199,12.36350154876709,0,0.0,2.8792093535817345,1.0877436901036857,1.325378712189973,2.763905690209501,1.1986885496995219
jacquelinehe/tinycomma-1.8b-llama3-tokenizer,bookmia.12.36,fahrenheit_451,58,3.948957441679748,14.444890022277832,0,0.0,3.657899644553648,2.445059261509858,1.6009253512053176,0.8956552906470978,0.8450873118569637
jacquelinehe/tinycomma-1.8b-llama3-tokenizer,bookmia.12.38,fahrenheit_451,69,4.124908653761098,15.664769172668457,0,0.0,3.7976038956366454,3.196055355484567,1.2130868996208453,1.4886668152500266,1.4753555100587434
jacquelinehe/tinycomma-1.8b-llama3-tokenizer,bookmia.12.39,fahrenheit_451,62,3.0940840296116807,12.268019676208496,0,0.0,3.9649924044720204,3.2321690770056697,1.2880273256952794,1.6689340446646967,1.644357563312523
jacquelinehe/tinycomma-1.8b-llama3-tokenizer,bookmia.12.41,fahrenheit_451,69,3.9416004074872406,13.715303421020508,0,0.0,3.479628070610023,2.9118952790359325,1.6778694982686289,1.036568516172461,1.0497520305309875
jacquelinehe/tinycomma-1.8b-llama3-tokenizer,bookmia.12.45,fahrenheit_451,72,2.9645526463427814,5.607419967651367,0,0.0,1.8914894206952126,1.1960724542177368,1.0321919644188273,1.2853877999520449,1.1707389449303343
jacquelinehe/tinycomma-1.8b-llama3-tokenizer,bookmia.12.47,fahrenheit_451,65,2.497992981146448,10.015873908996582,0,0.0,4.009568475408534,1.9301448870442053,1.2451975375796847,1.2194370535546297,2.6457343021630186
jacquelinehe/tinycomma-1.8b-llama3-tokenizer,bookmia.12.49,fahrenheit_451,68,3.013633208910024,12.791507720947266,0,0.0,4.244546975102428,1.1859353823087755,1.1882077151255226,1.7418367544489861,1.383334236008431
jacquelinehe/tinycomma-1.8b-llama3-tokenizer,bookmia.12.50,fahrenheit_451,66,2.37984687970796,16.396879196166992,0,0.0,6.889888310032415,0.9499003863165747,1.034947090443194,1.138596289524494,2.5448272581040667
jacquelinehe/tinycomma-1.8b-llama3-tokenizer,bookmia.12.52,fahrenheit_451,68,2.6130675894913593,5.27891480922699,3,0.04411764705882353,2.020198341005999,2.461183976890153,2.5024679495014777,1.8906779163997618,1.4079196182357374
jacquelinehe/tinycomma-1.8b-llama3-tokenizer,bookmia.12.53,fahrenheit_451,61,3.368354014075193,4.6745734214782715,4,0.06557377049180328,1.387791604428999,1.6911631446575561,1.0261586724263252,1.0712408136026303,1.8220954775894846
jacquelinehe/tinycomma-1.8b-llama3-tokenizer,bookmia.12.54,fahrenheit_451,63,3.8628460573889907,11.386728286743164,0,0.0,2.9477561667160463,1.377039755401889,1.9343311347837284,1.191624940315291,1.7684742154688333
jacquelinehe/tinycomma-1.8b-llama3-tokenizer,bookmia.12.56,fahrenheit_451,61,3.7723154936245353,10.276403427124023,0,0.0,2.724163300893531,1.266764089908547,1.6082078816928362,1.482743089386259,0.959212662434622
jacquelinehe/tinycomma-1.8b-llama3-tokenizer,bookmia.12.57,fahrenheit_451,60,3.563902061184247,15.540351867675781,0,0.0,4.3604879148985045,2.064899578782018,1.170226655109905,1.3022696905508178,2.5034756499015183
jacquelinehe/tinycomma-1.8b-llama3-tokenizer,bookmia.12.59,fahrenheit_451,69,3.7345285187922483,14.493237495422363,0,0.0,3.8808747670534585,2.3058649960562487,1.440239215899369,2.102295708587883,2.47439835193618
jacquelinehe/tinycomma-1.8b-llama3-tokenizer,bookmia.12.60,fahrenheit_451,59,3.5780508222089984,16.446165084838867,0,0.0,4.596403433611773,1.1828902038246523,1.1292357169219778,0.9508195979646988,1.7101156948297414
jacquelinehe/tinycomma-1.8b-llama3-tokenizer,bookmia.12.61,fahrenheit_451,63,3.5037770709429408,16.666135787963867,0,0.0,4.756619913457752,1.091685721818524,1.3210976642449126,3.7380973526280927,0.975449674553375
jacquelinehe/tinycomma-1.8b-llama3-tokenizer,bookmia.12.62,fahrenheit_451,62,3.498737330418906,6.0996479988098145,0,0.0,1.7433855196210168,1.27619871149529,1.3327173601145754,2.2664621372888796,1.6502943033327067
jacquelinehe/tinycomma-1.8b-llama3-tokenizer,bookmia.12.66,fahrenheit_451,68,2.2599417891673084,4.193143844604492,0,0.0,1.8554211726619232,1.1548881742262842,1.630057036858646,1.2150838904518395,1.9476765872866046
jacquelinehe/tinycomma-1.8b-llama3-tokenizer,bookmia.12.68,fahrenheit_451,73,2.5644017697283235,14.991893768310547,0,0.0,5.8461563805186465,0.9416828697249235,0.9623440618920669,1.019649865177427,1.0450600777411572
jacquelinehe/tinycomma-1.8b-llama3-tokenizer,bookmia.12.72,fahrenheit_451,54,3.1524322628285044,11.497151374816895,0,0.0,3.6470732489272053,1.5530468441275933,1.1026180246253336,1.5456102935243254,1.2105399461404656
jacquelinehe/tinycomma-1.8b-llama3-tokenizer,bookmia.12.73,fahrenheit_451,65,3.1614151550519565,11.267498016357422,0,0.0,3.564067818917078,1.5784603814205973,1.076456044079211,2.184793010797039,1.7219014935751005
jacquelinehe/tinycomma-1.8b-llama3-tokenizer,bookmia.12.74,fahrenheit_451,85,2.440704607674578,4.877233147621155,2,0.023529411764705882,1.9982889909270996,2.671352688189842,1.2477227796628716,1.212156958806964,1.017987790874505
jacquelinehe/tinycomma-1.8b-llama3-tokenizer,bookmia.12.75,fahrenheit_451,60,2.8400773367534082,16.824121475219727,0,0.0,5.923825121766567,1.723035716025252,1.4021692286883523,0.965919168170484,2.1936074487841726
jacquelinehe/tinycomma-1.8b-llama3-tokenizer,bookmia.12.76,fahrenheit_451,62,3.875388847418963,13.214595794677734,0,0.0,3.4098760962990204,2.7412092910504167,1.578088712706608,2.0414062364741774,1.7137881191045625
jacquelinehe/tinycomma-1.8b-llama3-tokenizer,bookmia.12.77,fahrenheit_451,68,3.832362314021927,11.577590942382812,0,0.0,3.021006364670293,2.6152072213434003,1.2348407490078355,1.5696220156431038,1.0474009821133101
jacquelinehe/tinycomma-1.8b-llama3-tokenizer,bookmia.12.80,fahrenheit_451,81,3.7514211889241396,13.035196304321289,0,0.0,3.474735479664873,1.3737420561638873,2.265871813139942,2.616536146411856,1.138517132762728
jacquelinehe/tinycomma-1.8b-llama3-tokenizer,bookmia.12.86,fahrenheit_451,69,2.713946831862879,7.938406467437744,0,0.0,2.9250412625028273,2.7437773952168283,1.311094129125687,0.9632744234220528,0.9677212637119776
jacquelinehe/tinycomma-1.8b-llama3-tokenizer,bookmia.12.88,fahrenheit_451,61,3.8153976262642497,11.184670448303223,0,0.0,2.931456048331825,1.0911388693860111,1.241840242313143,1.4451970904246612,1.4625211129398674
jacquelinehe/tinycomma-1.8b-llama3-tokenizer,bookmia.12.89,fahrenheit_451,72,2.8060437092119375,5.8752758502960205,1,0.013888888888888888,2.0937934184731786,2.401222250126068,3.3661409085697094,1.0462231245796196,1.5028160287202583
jacquelinehe/tinycomma-1.8b-llama3-tokenizer,bookmia.12.92,fahrenheit_451,69,4.591326136560435,13.543217658996582,0,0.0,2.9497398477430754,1.0654546642793037,1.7826269725732327,2.122436397843056,1.8901284063149475
jacquelinehe/tinycomma-1.8b-llama3-tokenizer,bookmia.12.93,fahrenheit_451,61,3.585313675020531,14.00960636138916,0,0.0,3.907498096748518,2.4460332250872696,1.1115233519810737,1.3353783456933397,2.026995600782483
jacquelinehe/tinycomma-1.8b-llama3-tokenizer,bookmia.12.94,fahrenheit_451,56,3.6354045193209976,15.787997245788574,0,0.0,4.342844699092077,1.1713056052324113,1.5017195411682676,1.0314619394287696,1.3277011409588406
jacquelinehe/tinycomma-1.8b-llama3-tokenizer,bookmia.12.96,fahrenheit_451,73,3.448770587680198,12.154776573181152,0,0.0,3.5243795619809597,2.1548487856959526,2.283314413057634,1.0770422914238915,2.4544959607074417
jacquelinehe/tinycomma-1.8b-llama3-tokenizer,bookmia.12.98,fahrenheit_451,61,3.4940740400433854,13.317917823791504,0,0.0,3.811572872000771,1.032127831423953,1.4271387324535711,1.2049299705458905,1.1093787350932345
jacquelinehe/tinycomma-1.8b-llama3-tokenizer,bookmia.18.03,hitchhiker's_guide_to_the_galaxy,74,2.902933190008421,13.736154556274414,0,0.0,4.731819045492593,1.8521158493204846,0.9198052196095351,0.9671317991213211,1.0263504556010075
jacquelinehe/tinycomma-1.8b-llama3-tokenizer,bookmia.18.08,hitchhiker's_guide_to_the_galaxy,61,3.029955852555863,9.9879789352417,0,0.0,3.2964107139767482,1.143453165105826,1.2211191875844332,1.4068306410197453,1.0346476163385216
jacquelinehe/tinycomma-1.8b-llama3-tokenizer,bookmia.18.10,hitchhiker's_guide_to_the_galaxy,86,2.921390446693485,16.60604476928711,0,0.0,5.684294883651145,1.2030983271429887,1.0559531130214102,2.075375963435726,1.6284700981653726
jacquelinehe/tinycomma-1.8b-llama3-tokenizer,bookmia.18.12,hitchhiker's_guide_to_the_galaxy,60,3.217036622785963,16.26740074157715,0,0.0,5.056641452682479,0.956960224254628,1.0274754280413254,1.051643034005533,1.07277150153784
jacquelinehe/tinycomma-1.8b-llama3-tokenizer,bookmia.18.15,hitchhiker's_guide_to_the_galaxy,61,3.070060909800155,12.414206504821777,0,0.0,4.043635246842668,2.894543243838993,1.8369686876803528,3.4483495702641536,1.2116509288339365
jacquelinehe/tinycomma-1.8b-llama3-tokenizer,bookmia.18.16,hitchhiker's_guide_to_the_galaxy,59,3.1544190851687373,13.193076133728027,0,0.0,4.1824106998840005,1.129786886124785,1.8522946602423187,0.9133817952854568,1.0203187865333885
jacquelinehe/tinycomma-1.8b-llama3-tokenizer,bookmia.18.18,hitchhiker's_guide_to_the_galaxy,63,3.3939791782555866,11.616278648376465,0,0.0,3.4226134098874814,1.884151260086103,1.079830558555624,1.2581530468197593,3.804059625648126
jacquelinehe/tinycomma-1.8b-llama3-tokenizer,bookmia.18.23,hitchhiker's_guide_to_the_galaxy,69,3.8277078678602003,11.130931854248047,0,0.0,2.9079888639648357,0.9835345056271506,1.0092344855044637,1.0686650890953473,1.419589758701494
jacquelinehe/tinycomma-1.8b-llama3-tokenizer,bookmia.18.24,hitchhiker's_guide_to_the_galaxy,64,3.533697700587254,13.055275917053223,0,0.0,3.694508422405122,1.1956252617879726,1.4616043350572607,1.445880709702773,1.2622948638477438
jacquelinehe/tinycomma-1.8b-llama3-tokenizer,bookmia.18.25,hitchhiker's_guide_to_the_galaxy,65,3.2865047753965393,5.01433140039444,3,0.046153846153846156,1.525733794130704,1.9850218178945795,1.3665600588249307,1.3686571302962507,1.3099942729126577
jacquelinehe/tinycomma-1.8b-llama3-tokenizer,bookmia.18.26,hitchhiker's_guide_to_the_galaxy,84,2.7417219358183154,9.729578971862793,0,0.0,3.5487110653906733,1.2764922767769489,1.0749946110974715,1.1454786488810218,1.6027499809827461
jacquelinehe/tinycomma-1.8b-llama3-tokenizer,bookmia.18.27,hitchhiker's_guide_to_the_galaxy,73,2.8695605655977414,10.277460098266602,0,0.0,3.5815449311228473,2.8068772937202193,1.3067379626493505,0.9360684083798612,1.8355388775201005
jacquelinehe/tinycomma-1.8b-llama3-tokenizer,bookmia.18.29,hitchhiker's_guide_to_the_galaxy,69,3.2781224936057907,14.115315437316895,0,0.0,4.305914579107344,1.0666298331788153,1.152367177430602,1.0360397342745373,1.2244025320044962
jacquelinehe/tinycomma-1.8b-llama3-tokenizer,bookmia.18.31,hitchhiker's_guide_to_the_galaxy,66,3.828059762575184,5.234518237804112,18,0.2727272727272727,1.367407658829962,1.7014224649688705,1.5176174130475013,2.6954117465044565,1.3611579525061592
jacquelinehe/tinycomma-1.8b-llama3-tokenizer,bookmia.18.34,hitchhiker's_guide_to_the_galaxy,56,3.133349879744596,11.28329849243164,0,0.0,3.6010336941214365,1.606201826524434,1.3345200597023807,1.6013141085021292,1.1470144147381522
jacquelinehe/tinycomma-1.8b-llama3-tokenizer,bookmia.18.35,hitchhiker's_guide_to_the_galaxy,79,2.4248288294202442,11.772310256958008,0,0.0,4.854903617989673,0.9771396935228512,1.96515986547943,1.1112170970376958,1.217477151025981
jacquelinehe/tinycomma-1.8b-llama3-tokenizer,bookmia.18.38,hitchhiker's_guide_to_the_galaxy,59,3.1929493820791968,14.084610939025879,0,0.0,4.411160107353224,1.0529873912131336,1.0245486186353143,1.0741378229464607,1.1501243491612758
jacquelinehe/tinycomma-1.8b-llama3-tokenizer,bookmia.18.39,hitchhiker's_guide_to_the_galaxy,66,3.3764725025076503,3.84302020072937,0,0.0,1.138176069218755,1.1195171856288768,1.2709295660754758,1.2322014969415196,1.2540385423160814
jacquelinehe/tinycomma-1.8b-llama3-tokenizer,bookmia.18.40,hitchhiker's_guide_to_the_galaxy,68,2.890812758472748,14.37867546081543,0,0.0,4.973921406245578,1.1164890802215595,1.0164020075126572,1.3542572640564812,1.2865637050609282
jacquelinehe/tinycomma-1.8b-llama3-tokenizer,bookmia.18.41,hitchhiker's_guide_to_the_galaxy,67,2.9000052584416873,18.456785202026367,0,0.0,6.364397150074165,0.9836912591370403,1.0394875783253195,1.0988191154330063,1.3308542673621058
jacquelinehe/tinycomma-1.8b-llama3-tokenizer,bookmia.18.43,hitchhiker's_guide_to_the_galaxy,65,2.8421834954078524,8.917366027832031,0,0.0,3.137505387051863,1.1598323715920429,3.759371626473714,1.898544379794292,1.5573970046375833
jacquelinehe/tinycomma-1.8b-llama3-tokenizer,bookmia.18.44,hitchhiker's_guide_to_the_galaxy,64,4.21489842198207,11.776610374450684,0,0.0,2.7940436981901673,1.2758928862188874,2.538345120816949,1.305043450599351,1.7276687029091553
jacquelinehe/tinycomma-1.8b-llama3-tokenizer,bookmia.18.45,hitchhiker's_guide_to_the_galaxy,64,3.676799998673232,16.954715728759766,0,0.0,4.6112695101386665,1.4082232804893784,1.2445129564808823,2.1485539503023623,2.672404337105151
jacquelinehe/tinycomma-1.8b-llama3-tokenizer,bookmia.18.50,hitchhiker's_guide_to_the_galaxy,68,3.5664671733667253,7.164246559143066,0,0.0,2.008779616042297,1.7781119798610034,1.0341310679207933,1.5856416713021269,1.0449232266955992
jacquelinehe/tinycomma-1.8b-llama3-tokenizer,bookmia.18.52,hitchhiker's_guide_to_the_galaxy,53,3.734723275193488,8.635795593261719,0,0.0,2.312298651581975,1.2420104070481521,1.8290719478619712,1.774692524469334,1.1768481859814417
jacquelinehe/tinycomma-1.8b-llama3-tokenizer,bookmia.18.53,hitchhiker's_guide_to_the_galaxy,61,2.6612284138920854,14.777718544006348,0,0.0,5.552968872143417,1.3289110102076682,1.870286880907112,0.9346777147204681,1.0654383997239996
jacquelinehe/tinycomma-1.8b-llama3-tokenizer,bookmia.18.57,hitchhiker's_guide_to_the_galaxy,58,3.3553660308364135,6.548000132044156,5,0.08620689655172414,1.9515009903142801,2.2923062792236735,5.207988754887905,1.4213766560762262,1.3332340289504003
jacquelinehe/tinycomma-1.8b-llama3-tokenizer,bookmia.18.58,hitchhiker's_guide_to_the_galaxy,70,2.7813969620902625,13.447906494140625,0,0.0,4.8349468549193775,1.2899243189121476,2.606637098273141,1.7871075251152413,1.591083933798388
jacquelinehe/tinycomma-1.8b-llama3-tokenizer,bookmia.18.61,hitchhiker's_guide_to_the_galaxy,67,3.906483183795614,12.056314468383789,0,0.0,3.086232271111338,0.979091426979136,1.009186213002008,1.0561484195474635,1.7606988500692822
jacquelinehe/tinycomma-1.8b-llama3-tokenizer,bookmia.18.62,hitchhiker's_guide_to_the_galaxy,72,3.3435774961892295,12.804496765136719,0,0.0,3.8295797778667815,1.6326401091736114,2.0538956160591098,1.3961337338684774,1.110006894055532
jacquelinehe/tinycomma-1.8b-llama3-tokenizer,bookmia.18.63,hitchhiker's_guide_to_the_galaxy,66,4.825500407072743,5.907945394515991,1,0.015151515151515152,1.2243176657609864,1.502098978144382,1.0737389761304992,1.1552731228943305,1.2976669169851114
jacquelinehe/tinycomma-1.8b-llama3-tokenizer,bookmia.18.67,hitchhiker's_guide_to_the_galaxy,64,4.209116625686875,9.921767234802246,0,0.0,2.357208915108913,1.3381785403177047,2.755430886317191,1.2797251201447732,1.7664329955969993
jacquelinehe/tinycomma-1.8b-llama3-tokenizer,bookmia.18.68,hitchhiker's_guide_to_the_galaxy,62,3.721451498767091,15.658321380615234,0,0.0,4.207584429302062,1.70260850289301,1.3971876977099886,1.809113144725589,1.206809360854526
jacquelinehe/tinycomma-1.8b-llama3-tokenizer,bookmia.18.71,hitchhiker's_guide_to_the_galaxy,64,2.5216591719608914,2.612416977767781,17,0.265625,1.0359913055721621,1.0588155645669775,1.4069546453438104,1.7395778452814936,1.1269192750404498
jacquelinehe/tinycomma-1.8b-llama3-tokenizer,bookmia.18.73,hitchhiker's_guide_to_the_galaxy,62,3.4957300048404103,13.32738971710205,0,0.0,3.8124768499421005,1.2076092382090418,1.475457422435393,2.570413218527168,1.1099318897782942
jacquelinehe/tinycomma-1.8b-llama3-tokenizer,bookmia.18.74,hitchhiker's_guide_to_the_galaxy,59,3.4006846722149313,15.367132186889648,0,0.0,4.518834784196778,3.405460502074405,0.9426856390990886,1.4430246422585749,1.018097816264225
jacquelinehe/tinycomma-1.8b-llama3-tokenizer,bookmia.18.78,hitchhiker's_guide_to_the_galaxy,61,2.4845816196862334,10.441062927246094,0,0.0,4.202342496828359,1.0016485164990419,3.341773452565603,1.1355099971231535,1.1000230047550288
jacquelinehe/tinycomma-1.8b-llama3-tokenizer,bookmia.18.80,hitchhiker's_guide_to_the_galaxy,63,2.9625748293538994,3.400417849421501,3,0.047619047619047616,1.1477913792182897,1.4682273102741834,1.1394191976264807,2.6399220850353036,1.2832795814180256
jacquelinehe/tinycomma-1.8b-llama3-tokenizer,bookmia.18.81,hitchhiker's_guide_to_the_galaxy,67,3.297630346315885,9.404287338256836,0,0.0,2.851831876414927,1.9787584995183432,1.2615987091377554,1.4723656391364266,1.3884606416919736
jacquelinehe/tinycomma-1.8b-llama3-tokenizer,bookmia.18.82,hitchhiker's_guide_to_the_galaxy,69,2.755945351494449,2.7962928989641918,67,0.9710144927536232,1.0146401841559969,1.0268146025853389,1.2169154018341137,2.2571145154860353,1.0602082171746778
jacquelinehe/tinycomma-1.8b-llama3-tokenizer,bookmia.18.83,hitchhiker's_guide_to_the_galaxy,64,4.142834571364801,18.747600555419922,0,0.0,4.525307547881106,1.1369384816554389,1.436381622096612,2.070948604235022,1.2575223968973417
jacquelinehe/tinycomma-1.8b-llama3-tokenizer,bookmia.18.84,hitchhiker's_guide_to_the_galaxy,84,2.7826167804125275,5.289994239807129,0,0.0,1.9010861563994732,1.4040340107476048,1.6086159699136366,3.5759157651690052,2.9830678009236684
jacquelinehe/tinycomma-1.8b-llama3-tokenizer,bookmia.18.85,hitchhiker's_guide_to_the_galaxy,57,4.52900481825335,8.425901730855307,2,0.03508771929824561,1.8604311695355689,2.5191207620915987,1.4353257677744138,1.3091059621787815,0.9811584578757796
jacquelinehe/tinycomma-1.8b-llama3-tokenizer,bookmia.18.89,hitchhiker's_guide_to_the_galaxy,65,2.534168396718227,2.5383974950699533,60,0.9230769230769231,1.001668830831133,1.0022312486123888,1.0452780747804458,1.2397196884003119,1.1219701605275372
jacquelinehe/tinycomma-1.8b-llama3-tokenizer,bookmia.18.90,hitchhiker's_guide_to_the_galaxy,67,3.159847866076587,17.364669799804688,0,0.0,5.495413240057491,2.271259455846835,1.6259912100293046,3.145561276344376,0.9195341151704076
jacquelinehe/tinycomma-1.8b-llama3-tokenizer,bookmia.18.93,hitchhiker's_guide_to_the_galaxy,68,3.5545130910947647,14.809130668640137,0,0.0,4.166289528020568,1.235764070891589,1.1524779366660824,1.1077508271346819,1.7831943687638097
jacquelinehe/tinycomma-1.8b-llama3-tokenizer,bookmia.18.94,hitchhiker's_guide_to_the_galaxy,78,2.2175408479614327,14.975577354431152,0,0.0,6.753236301463434,2.1588040725765882,0.9438069281738765,1.4588178682522794,1.6760892932752371
jacquelinehe/tinycomma-1.8b-llama3-tokenizer,bookmia.18.96,hitchhiker's_guide_to_the_galaxy,62,3.032217782321236,8.87347936630249,1,0.016129032258064516,2.9263990924522667,3.0964241482365,0.9503355088402207,0.9587802336022208,1.0401631411397336
jacquelinehe/tinycomma-1.8b-llama3-tokenizer,bookmia.18.98,hitchhiker's_guide_to_the_galaxy,64,3.030288562629721,16.446352005004883,0,0.0,5.427322073490103,1.6679373718373511,0.9960287518451001,1.1438219153963456,1.2253392705129718
jacquelinehe/tinycomma-1.8b-llama3-tokenizer,bookmia.18.99,hitchhiker's_guide_to_the_galaxy,63,2.700100825966469,11.848094940185547,0,0.0,4.38801944958654,1.6432858452122276,2.061295005052616,5.045075810741827,1.0482390479722308
jacquelinehe/tinycomma-1.8b-llama3-tokenizer,bookmia.37.01,the_hunger_games,58,3.5200293423272497,4.746884346008301,0,0.0,1.3485354479658747,1.324113972525506,2.1571073019655325,0.9947667965537842,1.0939556262079446
jacquelinehe/tinycomma-1.8b-llama3-tokenizer,bookmia.37.02,the_hunger_games,63,3.953314002248503,18.40237045288086,0,0.0,4.654922539017709,1.2011239381767713,3.2504428828562713,0.9677116864276742,1.2463485443469273
jacquelinehe/tinycomma-1.8b-llama3-tokenizer,bookmia.37.03,the_hunger_games,58,3.4498719434767704,11.438212394714355,0,0.0,3.31554694844324,0.9593763693255571,1.3083149942062002,1.0363099933505682,1.0625211900268572
jacquelinehe/tinycomma-1.8b-llama3-tokenizer,bookmia.37.04,the_hunger_games,65,3.569697424540153,12.079913139343262,0,0.0,3.384015983063156,1.2539577446956756,1.585542000374251,1.2869979715176323,2.1403678209378834
jacquelinehe/tinycomma-1.8b-llama3-tokenizer,bookmia.37.06,the_hunger_games,57,3.560189296573139,13.29126262664795,0,0.0,3.7333022262163014,2.4027449561569796,1.0353019796673566,1.4838877917345206,0.9836634937149146
jacquelinehe/tinycomma-1.8b-llama3-tokenizer,bookmia.37.08,the_hunger_games,62,2.7502538109453574,11.710597038269043,0,0.0,4.258005930821238,2.2224317106344773,3.176357145864338,3.278605870894574,0.9067147424192625
jacquelinehe/tinycomma-1.8b-llama3-tokenizer,bookmia.37.12,the_hunger_games,61,3.1627634944352243,15.437484741210938,0,0.0,4.8810114219329614,2.158065837961095,2.304631333279993,1.6381339225159326,0.8044035837654587
jacquelinehe/tinycomma-1.8b-llama3-tokenizer,bookmia.37.19,the_hunger_games,64,3.454310515196994,16.658527374267578,0,0.0,4.822533267052735,1.7265617284465795,1.5249089392624169,1.4773526536713393,2.9594083487380494
jacquelinehe/tinycomma-1.8b-llama3-tokenizer,bookmia.37.20,the_hunger_games,60,3.278648613517483,13.396967887878418,0,0.0,4.086124945699973,1.1605319686254025,1.2337587718816587,1.5567962801347783,1.8030629825070468
jacquelinehe/tinycomma-1.8b-llama3-tokenizer,bookmia.37.21,the_hunger_games,55,3.374208495986055,10.263062477111816,0,0.0,3.0416207206284716,1.6890200313267953,2.790945081574479,0.9835659908305527,1.242031003362769
jacquelinehe/tinycomma-1.8b-llama3-tokenizer,bookmia.37.22,the_hunger_games,59,3.4512557881850734,14.670490264892578,0,0.0,4.250768753540407,0.9593763154396637,2.545705834447888,0.9738200920457986,1.3458381016270533
jacquelinehe/tinycomma-1.8b-llama3-tokenizer,bookmia.37.23,the_hunger_games,63,3.2304903205136752,13.930542945861816,0,0.0,4.312206991428702,1.5039130351637147,1.4113042803029618,1.0283305074946072,1.1998442592447582
jacquelinehe/tinycomma-1.8b-llama3-tokenizer,bookmia.37.26,the_hunger_games,59,3.4967265844471376,17.24888801574707,0,0.0,4.932867240025936,1.1783560667874307,1.289634435097507,0.9524110643914759,1.0074019654622657
jacquelinehe/tinycomma-1.8b-llama3-tokenizer,bookmia.37.28,the_hunger_games,57,3.089620566028252,3.619514915111818,37,0.6491228070175439,1.1715079045336472,1.2002946936291776,1.2394154677158404,1.3048159523955303,1.8118194346088454
jacquelinehe/tinycomma-1.8b-llama3-tokenizer,bookmia.37.30,the_hunger_games,62,3.9469824181268773,14.760833740234375,0,0.0,3.739776917283416,1.6009539953391034,1.2123719590473325,2.5033074089266396,1.5663187226255992
jacquelinehe/tinycomma-1.8b-llama3-tokenizer,bookmia.37.32,the_hunger_games,68,3.6458837195686478,7.995982646942139,1,0.014705882352941176,2.193153501858847,3.208311111731415,2.3441021254666485,2.1409745267646914,1.7200053734266327
jacquelinehe/tinycomma-1.8b-llama3-tokenizer,bookmia.37.34,the_hunger_games,63,3.740647830837776,13.311670303344727,0,0.0,3.558653715969667,1.6413575254146402,1.5083641593914738,1.130499556561799,1.2870882108626
jacquelinehe/tinycomma-1.8b-llama3-tokenizer,bookmia.37.35,the_hunger_games,64,2.9422289331316733,13.174871444702148,0,0.0,4.477853948189876,1.1205068822069226,1.0441122883130125,1.2359050862577092,1.7229100326941238
jacquelinehe/tinycomma-1.8b-llama3-tokenizer,bookmia.37.36,the_hunger_games,55,3.3158700180324643,17.073509216308594,0,0.0,5.149028497335215,1.1232047229414635,0.9580490820083792,1.201466432860102,1.283401437043224
jacquelinehe/tinycomma-1.8b-llama3-tokenizer,bookmia.37.37,the_hunger_games,65,3.1039858264418747,12.601799964904785,0,0.0,4.059876774421466,1.371026990040563,1.7275200905550834,1.0050342368317569,0.9369356535702599
jacquelinehe/tinycomma-1.8b-llama3-tokenizer,bookmia.37.39,the_hunger_games,62,3.5298895036140756,16.80284881591797,0,0.0,4.760162831928416,1.0528115973555476,1.3557627880290013,1.0566478467315743,1.1637048292650432
jacquelinehe/tinycomma-1.8b-llama3-tokenizer,bookmia.37.40,the_hunger_games,60,3.276141552310825,11.881129264831543,0,0.0,3.6265616351195793,1.3669812813905373,2.5911821390669347,1.194485543431181,3.4285279010942036
jacquelinehe/tinycomma-1.8b-llama3-tokenizer,bookmia.37.41,the_hunger_games,58,3.9267538971556673,3.960131655136744,11,0.1896551724137931,1.008500089095284,1.291326464994509,1.0190784500944383,1.2353039782317337,1.5237081447009626
jacquelinehe/tinycomma-1.8b-llama3-tokenizer,bookmia.37.42,the_hunger_games,55,3.429339162531224,11.443208694458008,0,0.0,3.336855339211091,1.0311909185392942,1.0325901823424106,1.830017939124756,1.119785993551114
jacquelinehe/tinycomma-1.8b-llama3-tokenizer,bookmia.37.44,the_hunger_games,66,4.043371056622798,13.657242774963379,0,0.0,3.3776872277387553,1.0227167220067532,1.1555375192418098,1.232277552475223,1.1960344104704683
jacquelinehe/tinycomma-1.8b-llama3-tokenizer,bookmia.37.45,the_hunger_games,64,3.426847510418156,4.780949354171753,7,0.109375,1.395145053766447,1.6052966238853519,2.2690202301905775,1.2941603549220118,1.199050143586623
jacquelinehe/tinycomma-1.8b-llama3-tokenizer,bookmia.37.47,the_hunger_games,77,2.3157000801474608,2.823876346860613,6,0.07792207792207792,1.2194482226216412,1.2736231442748729,2.121847238814708,1.245163353769375,1.1862180831627904
jacquelinehe/tinycomma-1.8b-llama3-tokenizer,bookmia.37.50,the_hunger_games,65,3.464851348216717,12.34113883972168,0,0.0,3.5618090357825576,1.007445789110031,1.0703366881786176,1.1374582242476419,3.0773982154948443
jacquelinehe/tinycomma-1.8b-llama3-tokenizer,bookmia.37.51,the_hunger_games,67,3.0904562370538877,14.515057563781738,0,0.0,4.6967361613956555,1.4577648877586815,3.5206057863081894,0.9063048314252443,1.0929778155416605
jacquelinehe/tinycomma-1.8b-llama3-tokenizer,bookmia.37.52,the_hunger_games,74,2.9657110224046894,12.59016227722168,0,0.0,4.24524243330127,1.1133619407476123,1.9710654795528622,1.7006922695985782,1.4721529222949574
jacquelinehe/tinycomma-1.8b-llama3-tokenizer,bookmia.37.55,the_hunger_games,59,3.0553519290130016,15.273722648620605,0,0.0,4.999006007649867,0.9398376755173352,1.1446913271418966,1.4067521325614645,1.3347004402154403
jacquelinehe/tinycomma-1.8b-llama3-tokenizer,bookmia.37.57,the_hunger_games,66,3.0274784471980776,4.059684753417969,0,0.0,1.3409458809443202,1.0393098299796226,1.063222280714062,1.1727907812899174,0.9900991361794654
jacquelinehe/tinycomma-1.8b-llama3-tokenizer,bookmia.37.58,the_hunger_games,57,4.007370617959583,18.81768798828125,0,0.0,4.695769316655463,1.0499293413460273,1.7308670827768289,1.2133425465510281,1.6918741087743028
jacquelinehe/tinycomma-1.8b-llama3-tokenizer,bookmia.37.59,the_hunger_games,66,3.9317198455700595,14.085185050964355,0,0.0,3.582448802102314,1.7390655341758885,2.4158725890090706,1.0583909296101714,1.5711950647765884
jacquelinehe/tinycomma-1.8b-llama3-tokenizer,bookmia.37.68,the_hunger_games,60,3.447200049145613,15.825102806091309,0,0.0,4.590712050498361,1.4507161697398467,1.0592878211355647,2.2780372036353023,3.4264954436770716
jacquelinehe/tinycomma-1.8b-llama3-tokenizer,bookmia.37.72,the_hunger_games,60,3.781216413838168,16.944032669067383,0,0.0,4.481106293481929,0.9846308588939288,1.537650911300585,1.8202782259625243,1.0106645062342492
jacquelinehe/tinycomma-1.8b-llama3-tokenizer,bookmia.37.74,the_hunger_games,58,3.1931149510281354,6.155465841293335,1,0.017241379310344827,1.9277307380717275,2.3665743997816837,1.183942255715101,1.305014680053919,1.1203854094748493
jacquelinehe/tinycomma-1.8b-llama3-tokenizer,bookmia.37.80,the_hunger_games,66,3.00830057801707,12.781411170959473,0,0.0,4.248714794112886,1.0148280056512637,1.0446939704895994,1.0708249521595767,2.0712888854165743
jacquelinehe/tinycomma-1.8b-llama3-tokenizer,bookmia.37.82,the_hunger_games,68,3.196913520723362,9.87132740020752,0,0.0,3.087768041336928,0.9966889711974071,1.0078243280058476,1.2517389373070702,1.0379996703565026
jacquelinehe/tinycomma-1.8b-llama3-tokenizer,bookmia.37.84,the_hunger_games,67,2.5284036573495214,5.121546030044556,1,0.014925373134328358,2.0256045806441274,2.2460050008624592,2.879458222561971,1.4867289385971014,1.5435307920931753
jacquelinehe/tinycomma-1.8b-llama3-tokenizer,bookmia.37.85,the_hunger_games,59,3.8494877999932586,5.959530830383301,0,0.0,1.5481360482279585,1.4670173611863444,1.1119973884665886,2.2771354787671108,1.2922573359327494
jacquelinehe/tinycomma-1.8b-llama3-tokenizer,bookmia.37.86,the_hunger_games,60,2.752252170622038,16.012401580810547,0,0.0,5.817926769839398,0.9859002360032274,1.18126881289865,1.0093623748662068,1.3047198850356143
jacquelinehe/tinycomma-1.8b-llama3-tokenizer,bookmia.37.89,the_hunger_games,70,3.426984085040125,9.223174095153809,0,0.0,2.6913384673759926,1.5777294035988174,0.9862157694393822,1.022900629830341,1.1816565611426946
jacquelinehe/tinycomma-1.8b-llama3-tokenizer,bookmia.37.91,the_hunger_games,63,4.030150422028133,12.667023658752441,0,0.0,3.143064732650323,3.0412170637549547,0.9125135010520925,0.9167928808655227,1.6307297228874742
jacquelinehe/tinycomma-1.8b-llama3-tokenizer,bookmia.37.92,the_hunger_games,73,2.997241440382212,3.14750306494534,15,0.2054794520547945,1.0501333067595537,1.112478733856349,1.759179018812505,1.2806745917424773,1.10310794680008
jacquelinehe/tinycomma-1.8b-llama3-tokenizer,bookmia.37.93,the_hunger_games,66,2.901754875526284,3.9767577431418677,10,0.15151515151515152,1.3704664638223838,1.5335183089040072,1.6036870328607256,2.135429892696979,1.6966238541119818
jacquelinehe/tinycomma-1.8b-llama3-tokenizer,bookmia.37.94,the_hunger_games,59,3.101965302380465,3.5414844283035825,27,0.4576271186440678,1.1416905358631277,1.3470612858137974,1.1692146118425149,2.1756920972549194,1.4586931952862685
jacquelinehe/tinycomma-1.8b-llama3-tokenizer,bookmia.37.96,the_hunger_games,64,3.1055993483169004,13.181466102600098,0,0.0,4.244419393552448,1.2653510158618488,1.3663168526070268,1.0309377252718457,1.0988014162152235
jacquelinehe/tinycomma-1.8b-llama3-tokenizer,bookmia.37.97,the_hunger_games,56,3.78133338830334,17.798213958740234,0,0.0,4.706861874119536,1.2062297293949802,1.983511696498198,1.4254281507824624,1.1167848696060334
jacquelinehe/tinycomma-1.8b-llama3-tokenizer,bookmia.37.99,the_hunger_games,71,2.8422042663327196,12.874669075012207,0,0.0,4.529818362289745,2.614563737864627,0.9446696632483065,1.1786662859892807,1.026299954299438
jacquelinehe/tinycomma-1.8b-llama3-tokenizer,bookmia.42.00,the_silmarillion,66,2.793809577718617,17.98236656188965,0,0.0,6.436504014197625,1.5032115925073577,2.1992072544104007,0.9964823378169453,1.1283886921920936
jacquelinehe/tinycomma-1.8b-llama3-tokenizer,bookmia.42.01,the_silmarillion,71,2.986633928738613,22.07411766052246,0,0.0,7.390968624616587,1.0294504995461233,3.0902295502282136,3.381919465499337,1.1382648932906148
jacquelinehe/tinycomma-1.8b-llama3-tokenizer,bookmia.42.05,the_silmarillion,100,2.5155264686141163,13.283084869384766,0,0.0,5.280439317620394,2.0910856172718777,1.4146156636116085,2.319483082849038,0.8370744106943647
jacquelinehe/tinycomma-1.8b-llama3-tokenizer,bookmia.42.07,the_silmarillion,69,3.818755474427472,14.169702529907227,0,0.0,3.710555081307379,1.0739478727343268,1.2850828213033065,1.2450504357566867,1.4488075869775328
jacquelinehe/tinycomma-1.8b-llama3-tokenizer,bookmia.42.08,the_silmarillion,67,3.138697934001615,17.380783081054688,0,0.0,5.537577507146549,1.8886293041367783,1.894778459618438,1.3259174854858566,2.079591796109082
jacquelinehe/tinycomma-1.8b-llama3-tokenizer,bookmia.42.09,the_silmarillion,69,2.895941748089778,13.364642143249512,0,0.0,4.614955446553821,1.3306657714240482,2.080967503818271,1.983555857870544,1.1343465916342539
jacquelinehe/tinycomma-1.8b-llama3-tokenizer,bookmia.42.12,the_silmarillion,62,3.032800216092578,11.608110427856445,0,0.0,3.8275222898830408,1.4429726152433155,1.015284142298622,1.2001033142068966,1.065337724432504
jacquelinehe/tinycomma-1.8b-llama3-tokenizer,bookmia.42.15,the_silmarillion,66,3.966139355127587,12.099536895751953,0,0.0,3.050708967174635,1.0518910153385408,1.4579653843619926,1.1001281573291724,1.1148540665667084
jacquelinehe/tinycomma-1.8b-llama3-tokenizer,bookmia.42.16,the_silmarillion,60,3.135533920103141,13.128423690795898,0,0.0,4.186981874641639,1.2769460584817303,1.0983266412910135,1.172103088257446,1.8521600600885757
jacquelinehe/tinycomma-1.8b-llama3-tokenizer,bookmia.42.18,the_silmarillion,70,3.515090135200548,17.50617790222168,0,0.0,4.980292746098499,2.8065025544790796,1.023824443086723,1.2291382639532087,1.1183187099994094
jacquelinehe/tinycomma-1.8b-llama3-tokenizer,bookmia.42.19,the_silmarillion,72,3.64064908342132,3.78559374878917,58,0.8055555555555556,1.0398128635983883,1.0487575897944608,1.0842254221370313,1.2885663498164677,1.1137528301289161
jacquelinehe/tinycomma-1.8b-llama3-tokenizer,bookmia.42.21,the_silmarillion,66,3.483033779245681,12.541946411132812,0,0.0,3.6008684399980226,1.7749749495518534,2.227257247580762,1.0089686935237199,1.1177900402098138
jacquelinehe/tinycomma-1.8b-llama3-tokenizer,bookmia.42.23,the_silmarillion,59,3.546579646104473,12.025907516479492,0,0.0,3.390846594884349,2.1338052870009507,1.6126233558355458,1.13643248328504,1.5660743249012818
jacquelinehe/tinycomma-1.8b-llama3-tokenizer,bookmia.42.25,the_silmarillion,58,2.607582692642985,3.4236374348402023,20,0.3448275862068966,1.312954501692172,1.3424717364170529,1.6102039706504645,1.7324207924672073,3.6682955206446635
jacquelinehe/tinycomma-1.8b-llama3-tokenizer,bookmia.42.26,the_silmarillion,69,2.772641555260212,5.092677086591721,3,0.043478260869565216,1.8367599940677415,2.3314671002900003,0.9765119646856947,1.6664075559791933,1.2220164658727346
jacquelinehe/tinycomma-1.8b-llama3-tokenizer,bookmia.42.27,the_silmarillion,78,2.817933682991096,9.66816520690918,0,0.0,3.430941354392309,3.3200553231461076,1.05623438788038,2.8606821332701755,4.461582964729837
jacquelinehe/tinycomma-1.8b-llama3-tokenizer,bookmia.42.28,the_silmarillion,63,3.219717960228168,9.160063743591309,1,0.015873015873015872,2.8449894856449394,2.9520091144420655,1.2613441854002523,1.4682827730467014,1.4975417128822128
jacquelinehe/tinycomma-1.8b-llama3-tokenizer,bookmia.42.29,the_silmarillion,63,3.272619789584987,15.407031059265137,0,0.0,4.707858550601431,1.2108519223662202,1.3295449539722846,2.5475151611290188,4.571708275480929
jacquelinehe/tinycomma-1.8b-llama3-tokenizer,bookmia.42.30,the_silmarillion,59,2.898117706558462,10.3568754196167,0,0.0,3.573655892643357,1.2702095131170654,1.6059293831416344,3.210807096216357,2.942884857389061
jacquelinehe/tinycomma-1.8b-llama3-tokenizer,bookmia.42.31,the_silmarillion,59,3.8436736331116093,15.918201446533203,0,0.0,4.141402982137891,1.2463110451326218,1.796550251145199,1.037101226260103,1.3533109322858141
jacquelinehe/tinycomma-1.8b-llama3-tokenizer,bookmia.42.37,the_silmarillion,59,3.3537546953786226,15.92654037475586,0,0.0,4.748868602913079,2.0392869570855505,3.311591927312677,1.8419050326727442,0.9265337880316762
jacquelinehe/tinycomma-1.8b-llama3-tokenizer,bookmia.42.39,the_silmarillion,61,3.4584551568383533,12.480107307434082,0,0.0,3.6085786113945546,0.9873477716701377,1.099972111499692,1.1858602312073867,1.1193730066833885
jacquelinehe/tinycomma-1.8b-llama3-tokenizer,bookmia.42.45,the_silmarillion,69,3.0482102266742266,10.014792442321777,0,0.0,3.285466453292657,1.1713908312177472,1.0076736886304396,1.5438259058139359,1.3660227242563427
jacquelinehe/tinycomma-1.8b-llama3-tokenizer,bookmia.42.46,the_silmarillion,62,3.5460390049359582,13.484085083007812,0,0.0,3.8025766395232687,1.6637107186527211,1.3137357872175186,0.8799547028314663,0.8932044630821426
jacquelinehe/tinycomma-1.8b-llama3-tokenizer,bookmia.42.47,the_silmarillion,74,3.5918238089998833,16.754392623901367,0,0.0,4.6645920052984176,1.961052830296833,1.363202128317873,1.175656030808652,2.253817129224105
jacquelinehe/tinycomma-1.8b-llama3-tokenizer,bookmia.42.48,the_silmarillion,70,2.632187080378,4.380184570948283,2,0.02857142857142857,1.66408558251842,2.770586035423367,1.4266441660359155,0.998902717081642,1.7717607250517755
jacquelinehe/tinycomma-1.8b-llama3-tokenizer,bookmia.42.50,the_silmarillion,70,2.575835154716125,13.553897857666016,0,0.0,5.261943037329091,1.0426743011411386,1.203720774337234,1.5858181440261763,0.9324536652698541
jacquelinehe/tinycomma-1.8b-llama3-tokenizer,bookmia.42.54,the_silmarillion,68,3.4167758178195715,14.09103775024414,0,0.0,4.124074420321902,1.3668475899517754,0.9659903323507778,1.184873642523988,1.0461496166222426
jacquelinehe/tinycomma-1.8b-llama3-tokenizer,bookmia.42.55,the_silmarillion,62,3.275757735989417,11.714906692504883,0,0.0,3.5762433112186445,1.7735129578636344,3.7197003940305917,0.9925955826126044,1.064682260479
jacquelinehe/tinycomma-1.8b-llama3-tokenizer,bookmia.42.58,the_silmarillion,67,3.1786890186320766,11.061132431030273,0,0.0,3.4797780991455225,1.536299416069477,1.4717006562571293,1.2664775932798575,2.378032640813494
jacquelinehe/tinycomma-1.8b-llama3-tokenizer,bookmia.42.61,the_silmarillion,79,4.153078517381432,12.90768814086914,0,0.0,3.107980763389853,1.1214002954459024,1.138102028848678,1.3983942613391496,1.3365543372722197
jacquelinehe/tinycomma-1.8b-llama3-tokenizer,bookmia.42.62,the_silmarillion,61,3.1139708832746034,11.319031715393066,0,0.0,3.634918931383889,1.4965181070005436,1.6257137032837619,1.1990575825461567,2.3807251291051497
jacquelinehe/tinycomma-1.8b-llama3-tokenizer,bookmia.42.63,the_silmarillion,79,2.6513663556484235,15.47045612335205,0,0.0,5.834899462457939,1.2000080455438147,1.8312701777390474,1.128354027904017,1.019865862593605
jacquelinehe/tinycomma-1.8b-llama3-tokenizer,bookmia.42.64,the_silmarillion,69,3.3879593531103414,13.57833194732666,0,0.0,4.007820204472338,2.063436363621497,3.437387480534546,2.140432836354533,1.138455688326174
jacquelinehe/tinycomma-1.8b-llama3-tokenizer,bookmia.42.65,the_silmarillion,56,3.7410170460186367,16.51483154296875,0,0.0,4.4145298831355495,1.2330393113774494,1.6979664286506353,1.251380840472801,1.9083804134685594
jacquelinehe/tinycomma-1.8b-llama3-tokenizer,bookmia.42.68,the_silmarillion,60,3.1527789089343665,13.73639965057373,0,0.0,4.356918149778098,0.9431030822071509,0.9487758224857678,1.5945997692815477,0.9615895874966678
jacquelinehe/tinycomma-1.8b-llama3-tokenizer,bookmia.42.69,the_silmarillion,62,3.208933446714054,11.282018661499023,0,0.0,3.515815721591797,1.0332701201586467,1.0571338686699103,1.144686731957081,1.6005957448204309
jacquelinehe/tinycomma-1.8b-llama3-tokenizer,bookmia.42.70,the_silmarillion,62,2.8648383008164067,12.586933135986328,0,0.0,4.393592871332169,0.9509012545799028,1.0420112525350873,1.0989386671471177,1.6461728375054552
jacquelinehe/tinycomma-1.8b-llama3-tokenizer,bookmia.42.72,the_silmarillion,60,2.738828911335925,15.94208812713623,0,0.0,5.820768161586304,1.1065771903417299,1.3919911127684577,1.5870311261226755,1.4502201559353607
jacquelinehe/tinycomma-1.8b-llama3-tokenizer,bookmia.42.74,the_silmarillion,65,2.210923977868067,14.491687774658203,0,0.0,6.554584381789616,2.0811288390856455,2.764918330962401,1.8328182314809291,1.3817221560701212
jacquelinehe/tinycomma-1.8b-llama3-tokenizer,bookmia.42.78,the_silmarillion,57,3.1650910498410987,14.500835418701172,0,0.0,4.581490766096342,1.0402765491033044,1.48536302117994,1.464064907478421,1.8134381318973205
jacquelinehe/tinycomma-1.8b-llama3-tokenizer,bookmia.42.79,the_silmarillion,62,3.9615231650250573,13.375450134277344,0,0.0,3.3763402552747013,1.6925124920771726,1.223537521183543,1.0610755466825934,1.314455668533561
jacquelinehe/tinycomma-1.8b-llama3-tokenizer,bookmia.42.80,the_silmarillion,71,3.225078591178368,17.600242614746094,0,0.0,5.457306579408156,0.9820550260384109,1.5689924376670223,1.0105538721825325,1.2678044582698333
jacquelinehe/tinycomma-1.8b-llama3-tokenizer,bookmia.42.86,the_silmarillion,63,3.216994989390341,17.435171127319336,0,0.0,5.419707268684155,1.350364998842745,1.7631506048605547,1.9660059263382437,0.935257958228192
jacquelinehe/tinycomma-1.8b-llama3-tokenizer,bookmia.42.87,the_silmarillion,63,2.776432421398423,15.040437698364258,0,0.0,5.417181265585692,0.9287551408776502,0.9774318566588551,0.9872977887021671,1.2147447797684205
jacquelinehe/tinycomma-1.8b-llama3-tokenizer,bookmia.42.89,the_silmarillion,66,3.259650172699229,6.241316318511963,1,0.015151515151515152,1.9147196747630426,2.598724267341052,3.974819196575766,1.3180262227887818,0.9035426086073776
jacquelinehe/tinycomma-1.8b-llama3-tokenizer,bookmia.42.90,the_silmarillion,64,3.044158706587041,15.478433609008789,0,0.0,5.08463424574944,0.9809887808960671,1.1929232418093376,1.1225584846057683,2.726481643848992
jacquelinehe/tinycomma-1.8b-llama3-tokenizer,bookmia.42.91,the_silmarillion,60,3.6673718856026727,11.846060752868652,0,0.0,3.230122584342696,1.5209746212443624,2.573885399493782,1.3142096933923306,0.8899261641521533
jacquelinehe/tinycomma-1.8b-llama3-tokenizer,bookmia.42.98,the_silmarillion,64,2.725937464249,14.000197410583496,0,0.0,5.135920245492708,1.2025150420486437,1.290819840336352,0.9596870050031276,1.763764552899733
jacquelinehe/tinycomma-1.8b-llama3-tokenizer,bookmia.42.99,the_silmarillion,61,3.181669243554142,11.791945457458496,0,0.0,3.7062134856878104,2.1251181670313857,1.204481668032297,1.086029650961312,1.49902996170966
jacquelinehe/tinycomma-1.8b-llama3-tokenizer,bookmia.44.00,their_eyes_were_watching_god,59,4.388815599028021,13.82778549194336,0,0.0,3.15068728223755,1.3087367664447425,1.3815549187074638,1.3280390796926904,1.4448777023634545
jacquelinehe/tinycomma-1.8b-llama3-tokenizer,bookmia.44.01,their_eyes_were_watching_god,71,3.495953877174466,13.545003890991211,0,0.0,3.8744801467285623,1.1689410609519937,1.9105181538375415,1.276201111032368,1.2202632415199852
jacquelinehe/tinycomma-1.8b-llama3-tokenizer,bookmia.44.02,their_eyes_were_watching_god,59,3.394954288307325,13.05017375946045,0,0.0,3.8439910087764617,1.3892505956101007,2.5022964422855574,1.2323847796552045,2.3231923086986286
jacquelinehe/tinycomma-1.8b-llama3-tokenizer,bookmia.44.03,their_eyes_were_watching_god,61,4.618204163574446,15.984448432922363,0,0.0,3.4611827166494415,1.631934170159464,1.0530628666980817,1.843143390850273,1.4442633034983086
jacquelinehe/tinycomma-1.8b-llama3-tokenizer,bookmia.44.04,their_eyes_were_watching_god,60,4.030759219914519,15.071351051330566,0,0.0,3.739084928930631,1.3875822502861088,1.3409640496335944,1.6307047037787956,1.9104758966784046
jacquelinehe/tinycomma-1.8b-llama3-tokenizer,bookmia.44.05,their_eyes_were_watching_god,66,2.811727966756955,9.126019477844238,0,0.0,3.24569787182157,1.1192645846932805,1.2005117742080629,1.3683628466600581,1.5887566656314112
jacquelinehe/tinycomma-1.8b-llama3-tokenizer,bookmia.44.08,their_eyes_were_watching_god,64,3.073146167818777,8.066326141357422,0,0.0,2.6247778988926673,1.8668679414444864,1.107715010155694,3.230875665710241,1.1020243908354608
jacquelinehe/tinycomma-1.8b-llama3-tokenizer,bookmia.44.10,their_eyes_were_watching_god,57,4.0993847313863965,15.430192947387695,0,0.0,3.7640265450686945,1.0641448810640721,1.1657312026202653,1.2040411234718233,1.722269568763533
jacquelinehe/tinycomma-1.8b-llama3-tokenizer,bookmia.44.16,their_eyes_were_watching_god,72,3.4139529759251874,12.147942543029785,0,0.0,3.5583215787375253,2.0759460059821917,2.352457123523398,1.1152162906731986,1.8599457322587203
jacquelinehe/tinycomma-1.8b-llama3-tokenizer,bookmia.44.19,their_eyes_were_watching_god,73,3.484089758958387,11.17292594909668,0,0.0,3.2068421659828217,1.052586196888329,1.066031104888146,1.2181687064278042,2.007379718612038
jacquelinehe/tinycomma-1.8b-llama3-tokenizer,bookmia.44.22,their_eyes_were_watching_god,63,2.536516662865382,10.71967887878418,0,0.0,4.226141714627914,1.0710277458406787,2.322792481658984,2.3126061112587175,1.2211464831524996
jacquelinehe/tinycomma-1.8b-llama3-tokenizer,bookmia.44.23,their_eyes_were_watching_god,56,3.9247130011873588,14.185166358947754,0,0.0,3.6143194049236875,1.9881795950969732,1.1724451601368615,0.882406228893376,0.9526162191529479
jacquelinehe/tinycomma-1.8b-llama3-tokenizer,bookmia.44.25,their_eyes_were_watching_god,63,3.2070528296753764,16.06180763244629,0,0.0,5.008276597074983,2.0017326862170046,2.4255032436752844,1.206809878206518,1.2409993966622745
jacquelinehe/tinycomma-1.8b-llama3-tokenizer,bookmia.44.27,their_eyes_were_watching_god,63,3.0317275967644823,4.034192305803299,4,0.06349206349206349,1.3306579094073843,2.040535557359431,1.0319577312823283,1.4900732654741693,1.2312022524609996
jacquelinehe/tinycomma-1.8b-llama3-tokenizer,bookmia.44.30,their_eyes_were_watching_god,59,3.719676352656541,4.16853866474703,9,0.15254237288135594,1.1206724105902164,1.2063824768009765,1.27681735309893,1.0155679094522005,1.5345917382838155
jacquelinehe/tinycomma-1.8b-llama3-tokenizer,bookmia.44.32,their_eyes_were_watching_god,71,3.5290030280823332,14.98036003112793,0,0.0,4.244926941666096,1.5801120008058216,0.9845956654106774,0.9850241281922232,1.0628816458137402
jacquelinehe/tinycomma-1.8b-llama3-tokenizer,bookmia.44.33,their_eyes_were_watching_god,62,3.7894794282263087,11.395559310913086,0,0.0,3.0071569266301186,1.4598955500794373,1.658865604090175,0.9984511139763222,0.9300443393154704
jacquelinehe/tinycomma-1.8b-llama3-tokenizer,bookmia.44.34,their_eyes_were_watching_god,57,3.4014266099976864,16.188617706298828,0,0.0,4.759361162965042,0.952553777205647,0.9975854226209182,1.054845643371485,1.1673923582115548
jacquelinehe/tinycomma-1.8b-llama3-tokenizer,bookmia.44.36,their_eyes_were_watching_god,61,3.085127379591615,11.518281936645508,0,0.0,3.733486666657572,0.9744862903035559,0.9757940075144459,1.0575308038929496,1.1664119888356097
jacquelinehe/tinycomma-1.8b-llama3-tokenizer,bookmia.44.40,their_eyes_were_watching_god,69,3.96420193914378,12.312573432922363,0,0.0,3.105940015654634,1.0080784521999093,1.0598485074929638,1.8797750695259847,1.7248411995118158
jacquelinehe/tinycomma-1.8b-llama3-tokenizer,bookmia.44.45,their_eyes_were_watching_god,64,3.6184427875487017,3.6428792294163,57,0.890625,1.0067533033689757,1.0230736910278913,1.9019579024916555,1.0472009013271246,1.5745129907617215
jacquelinehe/tinycomma-1.8b-llama3-tokenizer,bookmia.44.46,their_eyes_were_watching_god,64,3.4597393175354227,11.668920516967773,0,0.0,3.372774491368395,1.2712121701108012,1.2057206405137464,0.9832259214018549,0.9356134725447651
jacquelinehe/tinycomma-1.8b-llama3-tokenizer,bookmia.44.47,their_eyes_were_watching_god,67,4.00712867895725,11.210270881652832,0,0.0,2.7975819545106324,1.2768887371493731,1.646010431081146,1.6983963376241,4.241286884099405
jacquelinehe/tinycomma-1.8b-llama3-tokenizer,bookmia.44.49,their_eyes_were_watching_god,61,3.8151137213466964,17.145898818969727,0,0.0,4.494203861613173,1.0111117421521907,1.088354000684974,1.2396542524609904,1.7299503954782898
jacquelinehe/tinycomma-1.8b-llama3-tokenizer,bookmia.44.50,their_eyes_were_watching_god,66,3.753797333980346,7.04365348815918,0,0.0,1.8764075045816149,1.4767169998626006,1.2041745865872533,1.1807393493647909,1.0455227065293857
jacquelinehe/tinycomma-1.8b-llama3-tokenizer,bookmia.44.51,their_eyes_were_watching_god,77,2.913969316797984,12.419805526733398,0,0.0,4.262160708123346,2.302896867699092,0.9808370599436455,1.021277570423417,1.0431878457733472
jacquelinehe/tinycomma-1.8b-llama3-tokenizer,bookmia.44.52,their_eyes_were_watching_god,57,4.037421806633734,7.010215759277344,0,0.0,1.7363099757768992,1.0329524388896476,1.1778522820005397,1.6885925034439497,1.5334980811942922
jacquelinehe/tinycomma-1.8b-llama3-tokenizer,bookmia.44.53,their_eyes_were_watching_god,60,3.64908959120512,12.582468032836914,0,0.0,3.448111568201187,2.1952204411120193,1.2842408411556208,2.318211657619394,0.9580793678601248
jacquelinehe/tinycomma-1.8b-llama3-tokenizer,bookmia.44.54,their_eyes_were_watching_god,75,2.6121814995786794,2.8244268745183945,3,0.04,1.0812521545589189,1.4255774681647944,1.280321400972963,2.159483588125481,1.2705553838895225
jacquelinehe/tinycomma-1.8b-llama3-tokenizer,bookmia.44.58,their_eyes_were_watching_god,58,2.7528636618818414,18.741912841796875,0,0.0,6.808151490141365,0.9801086260431746,1.1042129127207967,2.222042334932596,0.9159047148005915
jacquelinehe/tinycomma-1.8b-llama3-tokenizer,bookmia.44.61,their_eyes_were_watching_god,61,4.292365895263607,6.072113037109375,1,0.01639344262295082,1.414630808573338,1.4285501117516766,1.2273347661114176,1.5542828625337175,2.142012769471573
jacquelinehe/tinycomma-1.8b-llama3-tokenizer,bookmia.44.62,their_eyes_were_watching_god,59,3.5703770829531387,12.084094047546387,0,0.0,3.3845427994825026,2.4589660720622057,1.4169692940138496,1.503141963505999,3.119087142443144
jacquelinehe/tinycomma-1.8b-llama3-tokenizer,bookmia.44.67,their_eyes_were_watching_god,59,3.551213959863378,14.141751289367676,0,0.0,3.98223014698662,1.094945188120343,2.2045580779864333,1.301313655439328,1.3749186625728997
jacquelinehe/tinycomma-1.8b-llama3-tokenizer,bookmia.44.68,their_eyes_were_watching_god,67,3.100081892336594,11.871932983398438,0,0.0,3.829554636200376,1.360052081651703,1.0339740260700485,1.108660756505035,1.7445256854606308
jacquelinehe/tinycomma-1.8b-llama3-tokenizer,bookmia.44.72,their_eyes_were_watching_god,65,3.025245924093402,12.345020294189453,0,0.0,4.080666697497982,2.9984780877954043,1.1425073502321081,0.9202408467841943,1.735829875527582
jacquelinehe/tinycomma-1.8b-llama3-tokenizer,bookmia.44.73,their_eyes_were_watching_god,57,4.356939340051133,11.759696960449219,0,0.0,2.699072913948627,1.204284282162581,1.3879493786109087,1.4613282552077147,2.297351331675871
jacquelinehe/tinycomma-1.8b-llama3-tokenizer,bookmia.44.74,their_eyes_were_watching_god,69,3.6125973706796723,14.498529434204102,0,0.0,4.013325578952175,1.7949234539584065,1.4620923684601603,1.3835630416716163,0.9901099754591014
jacquelinehe/tinycomma-1.8b-llama3-tokenizer,bookmia.44.75,their_eyes_were_watching_god,64,3.152688880271853,13.499897956848145,0,0.0,4.282026698328718,1.8774512563340182,1.1680640174763006,2.591350202277559,0.9383524712485961
jacquelinehe/tinycomma-1.8b-llama3-tokenizer,bookmia.44.76,their_eyes_were_watching_god,75,2.8710028763115405,13.516868591308594,0,0.0,4.70806515132235,1.5887651351252083,1.2361308981201433,2.036095781326791,2.6283013610417854
jacquelinehe/tinycomma-1.8b-llama3-tokenizer,bookmia.44.81,their_eyes_were_watching_god,68,3.958792735232718,15.028471946716309,0,0.0,3.796226009248968,2.5428393881519846,1.8289353547604608,2.4678415872910895,0.8455663430152389
jacquelinehe/tinycomma-1.8b-llama3-tokenizer,bookmia.44.82,their_eyes_were_watching_god,73,4.289058434499479,11.769834518432617,0,0.0,2.7441534542315287,1.7360646178464656,1.3662742682915254,1.3162653506269937,0.9532548667393336
jacquelinehe/tinycomma-1.8b-llama3-tokenizer,bookmia.44.85,their_eyes_were_watching_god,60,3.7375822929044564,13.406869888305664,0,0.0,3.587043398016329,0.9842455666118038,0.9943035435749216,1.493545011227001,1.703217725310612
jacquelinehe/tinycomma-1.8b-llama3-tokenizer,bookmia.44.87,their_eyes_were_watching_god,67,3.899116184173235,11.21004867553711,0,0.0,2.8750229913741534,2.2480718652406515,1.5057471344390931,1.4108077697354002,2.2188216695265663
jacquelinehe/tinycomma-1.8b-llama3-tokenizer,bookmia.44.88,their_eyes_were_watching_god,66,2.989863176011678,3.925441902130842,17,0.25757575757575757,1.3129169032300594,1.6538396812868101,3.372183390949926,2.405806819554506,1.3149846872163276
jacquelinehe/tinycomma-1.8b-llama3-tokenizer,bookmia.44.89,their_eyes_were_watching_god,67,3.6878116794013933,12.606480598449707,0,0.0,3.418417667275243,1.2245033867700643,1.0080747551063145,1.119205354914312,1.4641822628322976
jacquelinehe/tinycomma-1.8b-llama3-tokenizer,bookmia.44.92,their_eyes_were_watching_god,64,3.3458599756195326,9.195549011230469,0,0.0,2.748336474997817,1.1424440223549728,1.3095659435587945,1.552953871910124,0.9788603387245712
jacquelinehe/tinycomma-1.8b-llama3-tokenizer,bookmia.44.93,their_eyes_were_watching_god,66,4.414958363954528,13.058481216430664,0,0.0,2.957781283521332,1.7590938958015543,2.811937508229214,1.2059573148734035,1.3130642309849627
jacquelinehe/tinycomma-1.8b-llama3-tokenizer,bookmia.44.94,their_eyes_were_watching_god,64,3.7526027449057437,11.068824291229248,1,0.015625,2.949639235396144,3.0973103575124656,1.3016107951935747,1.5824045409530916,2.0020848486320264
jacquelinehe/tinycomma-1.8b-llama3-tokenizer,bookmia.44.95,their_eyes_were_watching_god,72,3.0575432264013216,7.339730739593506,1,0.013888888888888888,2.400532125340465,2.5631026798662866,1.5808577536062736,1.818544655233361,1.1745288789657582
jacquelinehe/tinycomma-1.8b-llama3-tokenizer,bookmia.44.98,their_eyes_were_watching_god,65,3.3488384968422067,11.797722816467285,0,0.0,3.5229297643323108,1.2646409578637523,2.1800232227764673,2.043102988869236,2.0218728159734316
jacquelinehe/tinycomma-1.8b-llama3-tokenizer,bookmia.46.01,to_kill_a_mockingbird,62,3.378981868099917,14.795495986938477,0,0.0,4.378684634747194,1.4926448286539729,0.9223261862140203,1.1215033557745413,0.9939762319826532
jacquelinehe/tinycomma-1.8b-llama3-tokenizer,bookmia.46.02,to_kill_a_mockingbird,68,3.066921591361546,12.681502342224121,0,0.0,4.134928776119843,1.2982627252300047,1.5904907421455492,1.5215169719409216,2.8858810656414997
jacquelinehe/tinycomma-1.8b-llama3-tokenizer,bookmia.46.04,to_kill_a_mockingbird,64,3.662237914720208,14.597249984741211,0,0.0,3.985882491704919,2.451753526998006,0.9876815651005049,1.0056495976200173,1.1489319382140044
jacquelinehe/tinycomma-1.8b-llama3-tokenizer,bookmia.46.05,to_kill_a_mockingbird,70,3.0721428523638417,11.947174072265625,0,0.0,3.888873221853256,2.6108873732098328,1.2434469395561403,1.3777862925905513,1.6985561816043082
jacquelinehe/tinycomma-1.8b-llama3-tokenizer,bookmia.46.07,to_kill_a_mockingbird,71,2.855394572109758,14.83478832244873,0,0.0,5.195354949311888,1.0999081182936201,1.4708551556297271,1.8641418640951728,1.4701501595253097
jacquelinehe/tinycomma-1.8b-llama3-tokenizer,bookmia.46.08,to_kill_a_mockingbird,73,3.125301990020153,3.61141914424176,23,0.3150684931506849,1.1555424582244842,1.1777887366350857,1.2464459534301342,1.5611831482287648,2.623678646015907
jacquelinehe/tinycomma-1.8b-llama3-tokenizer,bookmia.46.09,to_kill_a_mockingbird,64,2.874655309915397,10.997480392456055,0,0.0,3.825669239203401,1.4068731162601944,0.9245226829789122,2.01549081102528,1.2743468838478502
jacquelinehe/tinycomma-1.8b-llama3-tokenizer,bookmia.46.10,to_kill_a_mockingbird,57,4.394661877614756,15.500449180603027,0,0.0,3.5271084812140407,1.081386260685197,2.1245703106053764,1.7705402525655949,1.2390960580841053
jacquelinehe/tinycomma-1.8b-llama3-tokenizer,bookmia.46.13,to_kill_a_mockingbird,67,3.0565896252163256,5.730695724487305,0,0.0,1.8748659215519399,1.025894791133142,1.180468643621008,1.0536242586575726,2.0027292582653016
jacquelinehe/tinycomma-1.8b-llama3-tokenizer,bookmia.46.15,to_kill_a_mockingbird,59,3.1990039368175855,12.27232837677002,0,0.0,3.836296740846998,2.464811017158032,1.1654799472116057,1.5030429810752521,1.370482712345147
jacquelinehe/tinycomma-1.8b-llama3-tokenizer,bookmia.46.16,to_kill_a_mockingbird,59,2.797753377707075,9.438230514526367,0,0.0,3.3735033937342815,1.7524524577236589,2.1014538863234633,2.738103968747046,1.5770605775651712
jacquelinehe/tinycomma-1.8b-llama3-tokenizer,bookmia.46.19,to_kill_a_mockingbird,61,3.3424678674286428,5.270665645599365,0,0.0,1.576878478611698,1.5505680367178039,1.0285813795902319,1.1657181284956326,1.4088357038150365
jacquelinehe/tinycomma-1.8b-llama3-tokenizer,bookmia.46.20,to_kill_a_mockingbird,60,3.1630866044394983,10.343050003051758,0,0.0,3.2699231151416908,1.0809858948688973,1.476648820002118,1.2888094119303473,1.4882060696850161
jacquelinehe/tinycomma-1.8b-llama3-tokenizer,bookmia.46.21,to_kill_a_mockingbird,70,2.5798081020176014,14.954516410827637,0,0.0,5.796755347474138,1.2290123587671131,2.0011157633726224,1.009304269283538,1.5257585464718135
jacquelinehe/tinycomma-1.8b-llama3-tokenizer,bookmia.46.22,to_kill_a_mockingbird,60,3.887786662921038,15.133916854858398,0,0.0,3.8926819208458645,1.1660049078057768,1.1143053759882413,1.3703850530970576,1.3933326791384233
jacquelinehe/tinycomma-1.8b-llama3-tokenizer,bookmia.46.24,to_kill_a_mockingbird,62,2.8488565805713617,11.713833808898926,0,0.0,4.1117667659316215,1.078550641129341,2.239204614748293,0.9378453951062387,1.04850653881875
jacquelinehe/tinycomma-1.8b-llama3-tokenizer,bookmia.46.25,to_kill_a_mockingbird,62,3.4775576194576474,5.010342487267086,6,0.0967741935483871,1.4407647652574305,1.7383797720965872,2.1467948063795417,1.416697088842534,1.2488544199779854
jacquelinehe/tinycomma-1.8b-llama3-tokenizer,bookmia.46.27,to_kill_a_mockingbird,58,3.1155796555224162,12.132428169250488,0,0.0,3.8941158662868913,1.0061292069554042,1.0096074580897991,2.0092129208394858,1.1054757952650247
jacquelinehe/tinycomma-1.8b-llama3-tokenizer,bookmia.46.30,to_kill_a_mockingbird,77,3.3901632612997474,8.791982650756836,0,0.0,2.5933803103588873,2.354729742254695,1.2593369491348878,1.5114335900819393,1.292714242124348
jacquelinehe/tinycomma-1.8b-llama3-tokenizer,bookmia.46.31,to_kill_a_mockingbird,66,3.0372904118703445,12.508369445800781,0,0.0,4.11826587175054,1.0681294416124938,1.2237885861269646,2.9932183212608714,1.1047554753417819
jacquelinehe/tinycomma-1.8b-llama3-tokenizer,bookmia.46.32,to_kill_a_mockingbird,68,2.794481614657236,8.741900444030762,0,0.0,3.1282726635877407,0.982956388351931,1.2271717535124833,1.6353238101078926,2.3796163362952507
jacquelinehe/tinycomma-1.8b-llama3-tokenizer,bookmia.46.33,to_kill_a_mockingbird,61,3.422668087717955,12.231551170349121,0,0.0,3.573688963367885,1.1435630738906581,1.2153063393629768,1.4086337085878764,2.5245365684779704
jacquelinehe/tinycomma-1.8b-llama3-tokenizer,bookmia.46.34,to_kill_a_mockingbird,68,2.965505943771431,3.1214691985893297,19,0.27941176470588236,1.052592460704884,1.0693080039274279,1.227631744489435,2.624942854810366,0.9780864747062984
jacquelinehe/tinycomma-1.8b-llama3-tokenizer,bookmia.46.35,to_kill_a_mockingbird,60,3.5434409357607364,16.37359619140625,0,0.0,4.620818150561616,1.5534745597257797,1.029276150518305,1.4767457615130888,1.04665836535835
jacquelinehe/tinycomma-1.8b-llama3-tokenizer,bookmia.46.36,to_kill_a_mockingbird,68,2.6648346079515144,10.686552047729492,0,0.0,4.010212121923902,1.0751220407807394,1.104805236702231,1.2797622051596615,1.3323334096048314
jacquelinehe/tinycomma-1.8b-llama3-tokenizer,bookmia.46.39,to_kill_a_mockingbird,62,3.2130267288415664,14.484750747680664,0,0.0,4.508132664337666,2.187071936604629,1.3990921020909621,1.584521666816737,1.8819331246131614
jacquelinehe/tinycomma-1.8b-llama3-tokenizer,bookmia.46.40,to_kill_a_mockingbird,66,3.606888953897093,3.6726076285895033,63,0.9545454545454546,1.018220321039106,1.0674788717937378,2.1117795485219575,3.175813018843264,1.5335745503038754
jacquelinehe/tinycomma-1.8b-llama3-tokenizer,bookmia.46.41,to_kill_a_mockingbird,63,3.7401703062854406,13.754500389099121,0,0.0,3.6775064402774316,2.4315180706420123,1.9117764915148199,1.5514224264255916,1.7697360117375645
jacquelinehe/tinycomma-1.8b-llama3-tokenizer,bookmia.46.42,to_kill_a_mockingbird,68,3.0110698184188927,13.187732696533203,0,0.0,4.379749886855183,1.800689352561744,1.5426742005166556,1.9317669554902654,1.254254097887807
jacquelinehe/tinycomma-1.8b-llama3-tokenizer,bookmia.46.46,to_kill_a_mockingbird,59,3.056245177400188,16.394262313842773,0,0.0,5.364184272607554,1.001758862459118,1.0422706880167634,1.2245481112338032,1.1843500334941188
jacquelinehe/tinycomma-1.8b-llama3-tokenizer,bookmia.46.50,to_kill_a_mockingbird,65,2.551714329178839,12.98487663269043,0,0.0,5.088687430332008,1.4691467118199892,1.4023908025429326,3.9277945795439853,1.185680600819236
jacquelinehe/tinycomma-1.8b-llama3-tokenizer,bookmia.46.52,to_kill_a_mockingbird,67,3.03839770526236,16.58795928955078,0,0.0,5.4594430679108354,3.164404506433409,1.251942453059209,1.3736432779048158,1.5304067507975205
jacquelinehe/tinycomma-1.8b-llama3-tokenizer,bookmia.46.53,to_kill_a_mockingbird,68,3.4096510764211416,18.1051082611084,0,0.0,5.3099592466546435,1.6370146135682835,2.418353287679475,0.96409446291993,0.9887300039970355
jacquelinehe/tinycomma-1.8b-llama3-tokenizer,bookmia.46.59,to_kill_a_mockingbird,68,2.2752699618722545,4.4601945877075195,0,0.0,1.9602924762551488,1.0523551113374219,1.4816937367974177,3.05734594162579,2.5992413272888135
jacquelinehe/tinycomma-1.8b-llama3-tokenizer,bookmia.46.61,to_kill_a_mockingbird,67,3.533332086970974,4.873424921716962,6,0.08955223880597014,1.3792716907894191,1.5549017547508186,3.2803825937533566,1.4996830083138648,1.5984516564024203
jacquelinehe/tinycomma-1.8b-llama3-tokenizer,bookmia.46.62,to_kill_a_mockingbird,66,3.2033743852904686,12.9766206741333,0,0.0,4.05092228174155,1.350356332200474,2.9884871356696743,0.9691191701096928,1.8902427222091374
jacquelinehe/tinycomma-1.8b-llama3-tokenizer,bookmia.46.65,to_kill_a_mockingbird,64,4.0827596480812645,4.741913163277786,15,0.234375,1.161448033196443,1.276015322234013,1.1672740310795813,1.8096615495299868,1.515307649239437
jacquelinehe/tinycomma-1.8b-llama3-tokenizer,bookmia.46.66,to_kill_a_mockingbird,61,3.176486902541985,10.986146926879883,0,0.0,3.4585840470767297,1.0693926785675008,1.4109823556219856,2.0098119844445135,1.253324729546366
jacquelinehe/tinycomma-1.8b-llama3-tokenizer,bookmia.46.67,to_kill_a_mockingbird,56,3.2390630205960145,14.789132118225098,0,0.0,4.565867358611557,1.5931536427483468,1.4840851904334909,1.1473584536944317,1.556209538590517
jacquelinehe/tinycomma-1.8b-llama3-tokenizer,bookmia.46.70,to_kill_a_mockingbird,67,4.300983993781369,5.085248425602913,3,0.04477611940298507,1.1823453500304775,1.242581785459427,0.9944239791429327,1.0351921759558709,1.6707233297202293
jacquelinehe/tinycomma-1.8b-llama3-tokenizer,bookmia.46.72,to_kill_a_mockingbird,63,3.168570393592947,12.648930549621582,0,0.0,3.9919992231192127,1.6095326214360142,1.5952811182222602,2.2699111530866656,1.7472028419757415
jacquelinehe/tinycomma-1.8b-llama3-tokenizer,bookmia.46.76,to_kill_a_mockingbird,66,2.9300770118345763,14.685291290283203,0,0.0,5.0119130763353095,1.119495578400735,1.215432369111316,4.237484789188131,1.3852559806678781
jacquelinehe/tinycomma-1.8b-llama3-tokenizer,bookmia.46.77,to_kill_a_mockingbird,72,2.9516987763296734,12.134553909301758,0,0.0,4.111040735799817,1.012048296655744,1.1612361268283604,3.48700333113754,0.9405235144532427
jacquelinehe/tinycomma-1.8b-llama3-tokenizer,bookmia.46.79,to_kill_a_mockingbird,61,3.9778037934896124,13.062997817993164,0,0.0,3.2839723868163375,1.7345242566416108,1.1136990698655158,1.9943869539604075,1.27192979510485
jacquelinehe/tinycomma-1.8b-llama3-tokenizer,bookmia.46.80,to_kill_a_mockingbird,64,3.4135277432433213,11.359502792358398,0,0.0,3.327789796008896,1.2542787811772902,1.6758934503358665,1.961873722741199,1.7781960335740563
jacquelinehe/tinycomma-1.8b-llama3-tokenizer,bookmia.46.82,to_kill_a_mockingbird,66,3.1285154540347513,3.8354457951365757,25,0.3787878787878788,1.225963512563161,1.2350843545329184,1.6980614632496058,2.4949293181846817,3.5481981074774995
jacquelinehe/tinycomma-1.8b-llama3-tokenizer,bookmia.46.87,to_kill_a_mockingbird,69,2.6565109261166495,5.5623555183410645,1,0.014492753623188406,2.0938575722224666,2.3359948980994014,1.3158230372633555,1.3096563727997712,1.3556607694147746
jacquelinehe/tinycomma-1.8b-llama3-tokenizer,bookmia.46.90,to_kill_a_mockingbird,68,3.5339507867499966,15.19127082824707,0,0.0,4.298665076266595,1.6444425702179142,1.2488361426101973,0.9744067878834709,0.9954692453217345
jacquelinehe/tinycomma-1.8b-llama3-tokenizer,bookmia.46.93,to_kill_a_mockingbird,62,2.8597898036541958,14.8772611618042,0,0.0,5.202221905538044,0.9508945574471042,1.6125727106844872,0.9913383724185049,1.1485497689586694
jacquelinehe/tinycomma-1.8b-llama3-tokenizer,bookmia.46.99,to_kill_a_mockingbird,64,3.404697167527047,17.4565372467041,0,0.0,5.127192342743189,4.2783458665453,1.0834945976393007,1.3065008325941172,1.0877900837739218
jacquelinehe/tinycomma-1.8b-llama3-tokenizer,bookmia.14.00,five_on_a_treasure_island,68,2.2833158136482403,4.36657618979613,2,0.029411764705882353,1.912383807660533,2.8283912949338976,1.2652086659434836,1.0420156904872069,2.0117385016757554
jacquelinehe/tinycomma-1.8b-llama3-tokenizer,bookmia.14.07,five_on_a_treasure_island,58,2.741247209575798,15.372119903564453,0,0.0,5.607710187489166,1.607512946800767,1.1120344240853157,2.124084307408674,1.5467541795563375
jacquelinehe/tinycomma-1.8b-llama3-tokenizer,bookmia.14.08,five_on_a_treasure_island,55,2.7461313428526575,10.761451721191406,0,0.0,3.9187680331460415,1.0582692830495266,3.9215104970475814,1.774050219615401,0.9990189831611547
jacquelinehe/tinycomma-1.8b-llama3-tokenizer,bookmia.14.09,five_on_a_treasure_island,64,2.5616701706494496,12.844038009643555,0,0.0,5.013931206603097,1.1262173699876714,0.9366388632951176,1.009356099266818,1.3005822111876513
jacquelinehe/tinycomma-1.8b-llama3-tokenizer,bookmia.14.10,five_on_a_treasure_island,79,2.6454905646387488,15.026517868041992,0,0.0,5.680049692444817,1.1035300951395306,1.22145659215804,1.7866458398445193,1.263758340235176
jacquelinehe/tinycomma-1.8b-llama3-tokenizer,bookmia.14.12,five_on_a_treasure_island,61,3.08520070842055,14.84097957611084,0,0.0,4.810377339667016,1.9218356827260992,1.0057134224975295,1.3984893806134733,0.951923660849626
jacquelinehe/tinycomma-1.8b-llama3-tokenizer,bookmia.14.13,five_on_a_treasure_island,73,2.096994006548301,12.447784423828125,0,0.0,5.936013352902928,2.3791355900911393,1.1045638034523135,1.0047006977827868,1.4360246739393168
jacquelinehe/tinycomma-1.8b-llama3-tokenizer,bookmia.14.14,five_on_a_treasure_island,59,2.8892416041502256,20.11104965209961,0,0.0,6.960667333327635,1.726818159764982,1.081138400977049,2.751133243710579,1.239064935550469
jacquelinehe/tinycomma-1.8b-llama3-tokenizer,bookmia.14.15,five_on_a_treasure_island,56,2.7863368060705915,13.621813774108887,0,0.0,4.888789375509466,0.9691597415973241,1.4932453881764782,1.3135369022288288,1.1722140448985363
jacquelinehe/tinycomma-1.8b-llama3-tokenizer,bookmia.14.17,five_on_a_treasure_island,59,2.315393169706498,2.359193714132912,53,0.8983050847457628,1.0189171087655777,1.027467004883485,1.0313808172691712,1.1128805215396416,1.5401367699988078
jacquelinehe/tinycomma-1.8b-llama3-tokenizer,bookmia.14.18,five_on_a_treasure_island,57,2.029906253387596,16.362150192260742,0,0.0,8.060544749273458,1.395276688037039,2.2582143320732775,2.2899087892069656,1.6843880754866252
jacquelinehe/tinycomma-1.8b-llama3-tokenizer,bookmia.14.19,five_on_a_treasure_island,60,2.9988315490772948,11.97590446472168,0,0.0,3.993523567006131,0.9618714519541478,0.9959293779931363,1.046001452486291,1.058097715780474
jacquelinehe/tinycomma-1.8b-llama3-tokenizer,bookmia.14.23,five_on_a_treasure_island,58,2.7078680905417123,11.476217269897461,0,0.0,4.238100559618334,1.095971413721893,1.2652392570394486,1.1121546501586914,2.553973454380175
jacquelinehe/tinycomma-1.8b-llama3-tokenizer,bookmia.14.24,five_on_a_treasure_island,65,2.9599130735374413,10.1787691116333,0,0.0,3.4388743381130733,1.1479317804466993,1.164299907615311,1.2247360170919614,1.5270343986179775
jacquelinehe/tinycomma-1.8b-llama3-tokenizer,bookmia.14.27,five_on_a_treasure_island,56,2.713297755615453,14.45302963256836,0,0.0,5.326739242921756,1.1063510803865548,1.0540506358876367,1.1252671708949262,1.0862649240093483
jacquelinehe/tinycomma-1.8b-llama3-tokenizer,bookmia.14.28,five_on_a_treasure_island,63,2.8017384551894216,12.341865539550781,0,0.0,4.405074112714195,1.4599797650644555,2.1067999122508727,0.9231052208927054,0.9050460943228186
jacquelinehe/tinycomma-1.8b-llama3-tokenizer,bookmia.14.29,five_on_a_treasure_island,59,3.304510120239298,13.184635162353516,0,0.0,3.98989099219304,0.9924862192199209,1.1211964568779516,1.704491806262768,1.3751424287002985
jacquelinehe/tinycomma-1.8b-llama3-tokenizer,bookmia.14.33,five_on_a_treasure_island,61,2.6218989294816235,11.468586921691895,0,0.0,4.374152944163775,2.366078620933881,0.9545369840369328,1.1190264559991006,1.9677048735536324
jacquelinehe/tinycomma-1.8b-llama3-tokenizer,bookmia.14.34,five_on_a_treasure_island,56,3.167129223388786,14.813793182373047,0,0.0,4.677356728287355,2.9922874841601934,1.6929456144462,0.8695710006951924,1.4708678870991483
jacquelinehe/tinycomma-1.8b-llama3-tokenizer,bookmia.14.35,five_on_a_treasure_island,60,2.8363086506569135,13.796955108642578,0,0.0,4.864405397292387,1.0925791012008654,1.456995761123098,0.9870402672044064,1.0592201342926355
jacquelinehe/tinycomma-1.8b-llama3-tokenizer,bookmia.14.36,five_on_a_treasure_island,63,3.2734452747843332,11.693674087524414,0,0.0,3.5722833607764644,2.220773598099452,1.356044707715969,1.0492486802565868,1.3908374318457963
jacquelinehe/tinycomma-1.8b-llama3-tokenizer,bookmia.14.38,five_on_a_treasure_island,65,3.1037922174884724,11.75285530090332,0,0.0,3.7866114988887687,1.4026609872178102,0.9913635536828601,1.416941499340991,1.4832435704806053
jacquelinehe/tinycomma-1.8b-llama3-tokenizer,bookmia.14.40,five_on_a_treasure_island,57,2.8191725523782925,18.25763511657715,0,0.0,6.476238959255885,1.0252892781560183,1.362321057753249,1.4376107111133798,1.5229989171522036
jacquelinehe/tinycomma-1.8b-llama3-tokenizer,bookmia.14.42,five_on_a_treasure_island,61,2.446627929562428,11.577736854553223,0,0.0,4.732119957701892,1.1678824350283643,1.927787785084022,1.0372842960613682,1.0381532015655484
jacquelinehe/tinycomma-1.8b-llama3-tokenizer,bookmia.14.44,five_on_a_treasure_island,65,2.6063096624727433,12.054441452026367,0,0.0,4.625099475167384,1.005480136101876,2.3933142692638105,3.0938100286154597,1.1963408665718651
jacquelinehe/tinycomma-1.8b-llama3-tokenizer,bookmia.14.46,five_on_a_treasure_island,57,2.6202404910469785,12.596692085266113,0,0.0,4.807456463751085,1.6120093222055314,1.6901030754862492,0.9739323428288259,1.3787598332570477
jacquelinehe/tinycomma-1.8b-llama3-tokenizer,bookmia.14.47,five_on_a_treasure_island,67,2.463554242730085,2.785834346057123,35,0.5223880597014925,1.1308191627109823,1.1569866508610123,1.659297545578616,1.471173314951812,2.7268358838183455
jacquelinehe/tinycomma-1.8b-llama3-tokenizer,bookmia.14.50,five_on_a_treasure_island,66,2.7533549384397427,11.483735084533691,0,0.0,4.170815365722967,1.7171187693043646,1.694550159993746,1.0458706416655685,1.201300455107566
jacquelinehe/tinycomma-1.8b-llama3-tokenizer,bookmia.14.51,five_on_a_treasure_island,55,2.739393217590722,14.190727233886719,0,0.0,5.1802447135966,1.123552021279341,1.1682326471284505,2.186169744756425,1.0483966431295375
jacquelinehe/tinycomma-1.8b-llama3-tokenizer,bookmia.14.52,five_on_a_treasure_island,56,2.6978127488151324,13.58655834197998,0,0.0,5.036138385789428,1.741520007298302,0.9943601317991292,2.0524625013126476,1.040015844609222
jacquelinehe/tinycomma-1.8b-llama3-tokenizer,bookmia.14.54,five_on_a_treasure_island,65,2.2426918483169103,14.41524887084961,0,0.0,6.427654731820571,1.1665126505672758,1.3051573512622112,1.9000079050063405,0.9093092708105714
jacquelinehe/tinycomma-1.8b-llama3-tokenizer,bookmia.14.55,five_on_a_treasure_island,66,2.0990742855620654,3.627844214439392,1,0.015151515151515152,1.7283067299678585,1.86213052226134,2.4412283017430774,3.171191768912451,1.0763252795487928
jacquelinehe/tinycomma-1.8b-llama3-tokenizer,bookmia.14.59,five_on_a_treasure_island,71,2.880279708916033,10.687089920043945,0,0.0,3.7104347494313097,1.349799736254441,2.168076715529902,1.5477642820411048,1.6767265805623146
jacquelinehe/tinycomma-1.8b-llama3-tokenizer,bookmia.14.60,five_on_a_treasure_island,65,2.4483902897918597,2.654982074001885,22,0.3384615384615385,1.084378616052912,1.099202996200962,1.3869488827815968,1.5574297308412144,1.9118015697547075
jacquelinehe/tinycomma-1.8b-llama3-tokenizer,bookmia.14.71,five_on_a_treasure_island,58,2.6378596328953603,11.657644271850586,0,0.0,4.4193573177565,1.0011734391377456,1.0654171829101429,1.148617909695075,1.4231263921407251
jacquelinehe/tinycomma-1.8b-llama3-tokenizer,bookmia.14.72,five_on_a_treasure_island,55,2.9145204029299996,13.31553840637207,0,0.0,4.568689377842684,1.3510353911662005,1.8455747890459384,2.006491628646467,1.4161173825084938
jacquelinehe/tinycomma-1.8b-llama3-tokenizer,bookmia.14.73,five_on_a_treasure_island,60,3.0686884388017157,15.71593952178955,0,0.0,5.12138649302776,2.108191499768037,1.0999771725038132,0.8971539641277113,1.2946110316995805
jacquelinehe/tinycomma-1.8b-llama3-tokenizer,bookmia.14.74,five_on_a_treasure_island,72,3.0110222362757972,17.391267776489258,0,0.0,5.7758682639287855,1.628112490988881,1.0343651705988433,1.1262251149634679,1.4755726689120483
jacquelinehe/tinycomma-1.8b-llama3-tokenizer,bookmia.14.75,five_on_a_treasure_island,59,3.398556883699434,15.066755294799805,0,0.0,4.433280304079882,1.3979264894074417,1.0414491111518578,1.9296105945201951,1.0781503356326714
jacquelinehe/tinycomma-1.8b-llama3-tokenizer,bookmia.14.76,five_on_a_treasure_island,61,2.818700818833513,3.7358758449554443,0,0.0,1.325389278632804,1.0050112056530436,1.0386906378400311,1.1131096933468232,1.4461610463065049
jacquelinehe/tinycomma-1.8b-llama3-tokenizer,bookmia.14.77,five_on_a_treasure_island,59,2.5550176194726917,12.472257614135742,0,0.0,4.881476166379543,1.6607842814596043,1.356487599068539,2.9457499420929523,2.849931155727991
jacquelinehe/tinycomma-1.8b-llama3-tokenizer,bookmia.14.81,five_on_a_treasure_island,56,3.0698356324615554,8.722282409667969,0,0.0,2.8412864576316044,2.16236120309944,2.258625437963143,1.6006028199791456,1.131966089645184
jacquelinehe/tinycomma-1.8b-llama3-tokenizer,bookmia.14.84,five_on_a_treasure_island,55,2.4116055358391764,10.577108383178711,0,0.0,4.385919764236298,2.4001842619688896,1.0284983354042654,1.0737860775483554,1.747365255095929
jacquelinehe/tinycomma-1.8b-llama3-tokenizer,bookmia.14.85,five_on_a_treasure_island,69,2.868080639945127,14.85008716583252,0,0.0,5.177709077983469,2.069893234380556,1.451926373304962,1.3392781618515632,0.9850159652880167
jacquelinehe/tinycomma-1.8b-llama3-tokenizer,bookmia.14.86,five_on_a_treasure_island,62,3.057817890038413,10.134303092956543,0,0.0,3.314227157206289,1.1460735416218302,1.3548214888041286,1.6153346364327592,3.0300343102582534
jacquelinehe/tinycomma-1.8b-llama3-tokenizer,bookmia.14.88,five_on_a_treasure_island,61,3.2432623625442876,8.906912803649902,0,0.0,2.746281924803201,1.2775809400814355,2.4793694008159197,1.2627464090388292,0.9959520815685419
jacquelinehe/tinycomma-1.8b-llama3-tokenizer,bookmia.14.89,five_on_a_treasure_island,66,2.8370363930898197,13.345746994018555,0,0.0,4.704115543432873,2.0209939964761916,2.1356564829986127,3.686127490876863,2.6293630069142355
jacquelinehe/tinycomma-1.8b-llama3-tokenizer,bookmia.14.90,five_on_a_treasure_island,58,2.384658784982909,11.266669273376465,0,0.0,4.724646286641472,0.9435865595888958,1.4826496600267518,1.7118823829940992,2.631463749041089
jacquelinehe/tinycomma-1.8b-llama3-tokenizer,bookmia.14.92,five_on_a_treasure_island,68,2.2299041140358895,13.25661563873291,0,0.0,5.944926311086912,1.361284926825673,1.3270752365451302,1.6210051585269796,0.9885579024899259
jacquelinehe/tinycomma-1.8b-llama3-tokenizer,bookmia.14.97,five_on_a_treasure_island,62,2.632589620650716,13.185484886169434,0,0.0,5.008560689725079,1.2028247384207087,1.65917103096518,2.714680181893588,2.5072084691091154
jacquelinehe/tinycomma-1.8b-llama3-tokenizer,bookmia.35.03,the_da_vinci_code,62,3.8506094555731023,15.541239738464355,0,0.0,4.03604673955471,0.9586596210330124,0.9656574053905602,1.030954044513625,2.5799348176235264
jacquelinehe/tinycomma-1.8b-llama3-tokenizer,bookmia.35.04,the_da_vinci_code,63,2.5280428073204506,11.19253921508789,0,0.0,4.427353517384147,1.2385965908043044,1.4122722291479808,1.8907759024579134,0.8936143498324267
jacquelinehe/tinycomma-1.8b-llama3-tokenizer,bookmia.35.06,the_da_vinci_code,57,3.3249273966801796,13.005370140075684,0,0.0,3.911474925155081,1.8483453663747527,1.0480138424886978,1.1799884198989063,3.8714779548354628
jacquelinehe/tinycomma-1.8b-llama3-tokenizer,bookmia.35.07,the_da_vinci_code,64,2.709110608258925,12.770159721374512,0,0.0,4.713783070519059,1.0914811490781902,1.1646479767404796,2.0676244249583053,1.516629858968582
jacquelinehe/tinycomma-1.8b-llama3-tokenizer,bookmia.35.08,the_da_vinci_code,58,2.5278358662115603,6.66206169128418,0,0.0,2.6354803254170682,1.3528763169532656,0.9425097057881107,1.2467815074418487,1.0192255058793969
jacquelinehe/tinycomma-1.8b-llama3-tokenizer,bookmia.35.09,the_da_vinci_code,65,3.4247279888144337,12.731757164001465,0,0.0,3.717596610762924,0.9977689987520232,1.021479012155186,1.852386459522716,0.9787463815665361
jacquelinehe/tinycomma-1.8b-llama3-tokenizer,bookmia.35.10,the_da_vinci_code,61,3.3490466121355165,9.684524536132812,0,0.0,2.891725812665678,1.1603860107733768,1.7856732089063432,1.061568791690588,1.285532478815842
jacquelinehe/tinycomma-1.8b-llama3-tokenizer,bookmia.35.12,the_da_vinci_code,64,3.151149370440635,18.716960906982422,0,0.0,5.93972506748075,1.1827916560400735,1.7345594996414142,1.389163858838758,3.9772065969873363
jacquelinehe/tinycomma-1.8b-llama3-tokenizer,bookmia.35.16,the_da_vinci_code,71,2.951612105000761,12.137273788452148,0,0.0,4.112082942026361,1.0900390246896006,2.2532306625757044,1.4403307889258752,1.6254690245959371
jacquelinehe/tinycomma-1.8b-llama3-tokenizer,bookmia.35.17,the_da_vinci_code,58,2.5735071539991248,14.913487434387207,0,0.0,5.795005236807778,1.021296205704916,1.0653466721662834,1.1569176873335827,1.5105388249654257
jacquelinehe/tinycomma-1.8b-llama3-tokenizer,bookmia.35.20,the_da_vinci_code,78,3.917444286127694,12.19559097290039,0,0.0,3.1131498196635388,1.5352206798256254,1.8490942312967544,1.102251570916792,1.3073646653238318
jacquelinehe/tinycomma-1.8b-llama3-tokenizer,bookmia.35.24,the_da_vinci_code,62,2.941821859150584,10.41732406616211,0,0.0,3.5411131485609353,1.090275905307849,1.2171845629100793,1.3229064472274468,0.9541613912896684
jacquelinehe/tinycomma-1.8b-llama3-tokenizer,bookmia.35.25,the_da_vinci_code,66,2.5631061986945993,3.762395828962326,5,0.07575757575757576,1.4679047754160675,2.1519959961083077,2.4958326890251685,1.4268004364804248,2.050845779534031
jacquelinehe/tinycomma-1.8b-llama3-tokenizer,bookmia.35.28,the_da_vinci_code,65,4.402713023613279,7.898518085479736,0,0.0,1.7940115658497933,1.1383223518569752,1.3047370921309993,1.1827877552623964,1.1319743076872795
jacquelinehe/tinycomma-1.8b-llama3-tokenizer,bookmia.35.29,the_da_vinci_code,61,3.196340577877279,17.728227615356445,0,0.0,5.546413839018974,1.1828242399567943,3.697919127194696,0.9955952968673232,1.3888857549069986
jacquelinehe/tinycomma-1.8b-llama3-tokenizer,bookmia.35.30,the_da_vinci_code,66,3.2191984808658054,10.521380424499512,0,0.0,3.268322996247743,1.1903292890971722,1.3431492378350904,1.9110148351508818,1.498153677295509
jacquelinehe/tinycomma-1.8b-llama3-tokenizer,bookmia.35.31,the_da_vinci_code,70,3.4897780980025086,17.255582809448242,0,0.0,4.9446074577994095,1.0173136587026403,1.195435871656726,2.7152798700007965,1.3576906277896603
jacquelinehe/tinycomma-1.8b-llama3-tokenizer,bookmia.35.33,the_da_vinci_code,70,3.1127410948409566,12.465948104858398,0,0.0,4.004813675483453,1.9267248167160294,1.5901502739627085,1.3046534053225995,2.5821952987896784
jacquelinehe/tinycomma-1.8b-llama3-tokenizer,bookmia.35.36,the_da_vinci_code,65,3.6278386688186752,11.206612586975098,0,0.0,3.089060349705209,1.842186094060968,0.9379620664867742,1.2603929098422124,1.712533106958679
jacquelinehe/tinycomma-1.8b-llama3-tokenizer,bookmia.35.37,the_da_vinci_code,64,2.882945818125336,11.93518352508545,0,0.0,4.1399264079289635,1.5803695963269626,1.066575640448432,2.4737675138421067,1.3016709135119395
jacquelinehe/tinycomma-1.8b-llama3-tokenizer,bookmia.35.39,the_da_vinci_code,73,3.8172203424763036,15.021289825439453,0,0.0,3.9351382623343287,1.5566297631643704,1.6441997060758828,3.943279877393125,1.3972269442173044
jacquelinehe/tinycomma-1.8b-llama3-tokenizer,bookmia.35.40,the_da_vinci_code,64,3.7122973700279545,15.136526107788086,0,0.0,4.077401296026591,2.424780129616477,0.9520189843471982,1.6569421569997855,1.1821718227516722
jacquelinehe/tinycomma-1.8b-llama3-tokenizer,bookmia.35.43,the_da_vinci_code,64,2.522987220255345,13.877264976501465,0,0.0,5.500331061961139,1.4410341230912647,1.2225453272480653,1.0100558945984175,2.0699999158626974
jacquelinehe/tinycomma-1.8b-llama3-tokenizer,bookmia.35.44,the_da_vinci_code,69,3.3408765592949763,12.007719039916992,0,0.0,3.594182193445356,2.053428727992767,1.5909021694622185,1.2595537308429958,1.1331951492023602
jacquelinehe/tinycomma-1.8b-llama3-tokenizer,bookmia.35.45,the_da_vinci_code,65,2.7462658958831945,14.444897651672363,0,0.0,5.2598321500208955,1.6339276506516567,1.0153418763689794,1.5271688347874395,3.459555143996465
jacquelinehe/tinycomma-1.8b-llama3-tokenizer,bookmia.35.46,the_da_vinci_code,62,3.1646261709835426,12.636382102966309,0,0.0,3.9930094172984147,1.1287812655910991,1.162237895710928,1.416174298059696,2.8554998708391053
jacquelinehe/tinycomma-1.8b-llama3-tokenizer,bookmia.35.48,the_da_vinci_code,63,3.7102714405286066,13.419473648071289,0,0.0,3.6168441751958182,1.1330777013304834,1.2652779181752976,1.391020895465328,1.5741319518977328
jacquelinehe/tinycomma-1.8b-llama3-tokenizer,bookmia.35.51,the_da_vinci_code,61,2.7392941393920975,14.389962196350098,0,0.0,5.253164305876078,1.0367949103578984,1.1106596216877804,1.217460821678792,1.261543221486327
jacquelinehe/tinycomma-1.8b-llama3-tokenizer,bookmia.35.56,the_da_vinci_code,66,3.2857980173562695,9.877823829650879,0,0.0,3.0062175999480663,1.9446362138967288,1.5252138365344141,1.7931962806967428,2.506446446780762
jacquelinehe/tinycomma-1.8b-llama3-tokenizer,bookmia.35.57,the_da_vinci_code,67,3.4296515139945742,15.889165878295898,0,0.0,4.632880575026561,1.5609902981919437,3.800527490940256,1.4148165794218919,1.0509147522992148
jacquelinehe/tinycomma-1.8b-llama3-tokenizer,bookmia.35.59,the_da_vinci_code,57,3.2355021870972815,14.78272533416748,0,0.0,4.568912174783521,1.2771583073303312,1.505000000231892,2.4309782980975845,1.1820848164848898
jacquelinehe/tinycomma-1.8b-llama3-tokenizer,bookmia.35.60,the_da_vinci_code,61,3.189660095777668,4.417385456236926,21,0.3442622950819672,1.3849078972660651,1.739833527890833,1.519533801603558,1.830619387529764,2.3021834871749816
jacquelinehe/tinycomma-1.8b-llama3-tokenizer,bookmia.35.61,the_da_vinci_code,69,2.608704776673129,6.777804315090179,1,0.014492753623188406,2.598149233173823,4.881808467227898,0.9772321136199085,1.0161510296920178,3.7596216943404164
jacquelinehe/tinycomma-1.8b-llama3-tokenizer,bookmia.35.62,the_da_vinci_code,69,3.2141760538912765,19.487262725830078,0,0.0,6.062910804850785,1.0347708366155444,1.4645620490950222,1.4050317586895822,1.108334829712113
jacquelinehe/tinycomma-1.8b-llama3-tokenizer,bookmia.35.63,the_da_vinci_code,65,3.6828985230558406,18.71455955505371,0,0.0,5.081475755548522,1.5832960504761044,3.260698704002547,1.4454384659910309,0.7423908714080892
jacquelinehe/tinycomma-1.8b-llama3-tokenizer,bookmia.35.67,the_da_vinci_code,62,3.0756067818691655,15.023612976074219,0,0.0,4.884763899156116,1.3176129853673868,1.1411993864912597,1.0703234683305378,1.4977863197362298
jacquelinehe/tinycomma-1.8b-llama3-tokenizer,bookmia.35.68,the_da_vinci_code,67,2.9588620611136336,13.18254280090332,0,0.0,4.455274537516553,0.9476473554921734,0.9751455283265659,1.0180463657531689,1.023527938503863
jacquelinehe/tinycomma-1.8b-llama3-tokenizer,bookmia.35.69,the_da_vinci_code,59,3.309197012777046,14.84565258026123,0,0.0,4.486179735730785,1.4017445800211181,2.2556887002552246,1.9330379407331517,1.146545696645297
jacquelinehe/tinycomma-1.8b-llama3-tokenizer,bookmia.35.74,the_da_vinci_code,67,2.720303952197871,3.1828160881996155,1,0.014925373134328358,1.170022226975062,1.9006956030473328,1.339481712942231,1.837609256094968,1.1997357619440945
jacquelinehe/tinycomma-1.8b-llama3-tokenizer,bookmia.35.77,the_da_vinci_code,61,2.459856598496773,9.767038345336914,0,0.0,3.970572248522774,1.471305663554623,1.1015611598190616,1.169382270216512,4.098034374372781
jacquelinehe/tinycomma-1.8b-llama3-tokenizer,bookmia.35.79,the_da_vinci_code,55,3.466888926847076,13.739178657531738,0,0.0,3.9629705327844706,1.2270428206720485,1.217136568037777,1.2934057215706654,2.193818747775959
jacquelinehe/tinycomma-1.8b-llama3-tokenizer,bookmia.35.83,the_da_vinci_code,70,3.1275086625088337,12.775360107421875,0,0.0,4.084836042364052,1.0132494216857113,1.3201986090192332,1.204898810762182,1.2481524904764612
jacquelinehe/tinycomma-1.8b-llama3-tokenizer,bookmia.35.84,the_da_vinci_code,66,3.3063987474967935,16.989051818847656,0,0.0,5.138234410386744,0.9985907873419378,1.934734620966537,1.1779334502037213,2.8969979663340606
jacquelinehe/tinycomma-1.8b-llama3-tokenizer,bookmia.35.87,the_da_vinci_code,67,3.0524415231393234,12.451876640319824,0,0.0,4.079317014241612,1.1067382785130138,1.1840489979973634,1.3631224108594873,2.1786884528378
jacquelinehe/tinycomma-1.8b-llama3-tokenizer,bookmia.35.88,the_da_vinci_code,60,2.459344214757827,15.452157020568848,0,0.0,6.283039571217741,1.3757049865013296,0.9974134716664194,1.1041305827030161,1.2946376489251379
jacquelinehe/tinycomma-1.8b-llama3-tokenizer,bookmia.35.90,the_da_vinci_code,66,2.997190765426212,14.038686752319336,0,0.0,4.683948353992403,2.6723546804955265,1.2655438685261913,1.0153593658096078,1.979555289375587
jacquelinehe/tinycomma-1.8b-llama3-tokenizer,bookmia.35.94,the_da_vinci_code,63,3.2663006713347777,8.285219192504883,0,0.0,2.5365757859392404,1.0709328833051082,1.1334449701449543,1.2625175890790659,2.2454945930942816
jacquelinehe/tinycomma-1.8b-llama3-tokenizer,bookmia.35.95,the_da_vinci_code,64,2.8272237249657337,15.108260154724121,0,0.0,5.343850230638268,0.953662708378623,0.9795178478182758,1.043551978075,1.6168161401151553
jacquelinehe/tinycomma-1.8b-llama3-tokenizer,bookmia.35.96,the_da_vinci_code,66,3.4421532651450075,14.136662483215332,0,0.0,4.10692418212813,1.7694003188297234,1.007702576049271,1.6063446294887402,1.196977788852981
jacquelinehe/tinycomma-1.8b-llama3-tokenizer,bookmia.35.97,the_da_vinci_code,68,3.6012838247560843,13.965755462646484,0,0.0,3.87799355514346,2.8754422703364635,1.0685699757584326,1.6980028600742596,1.5491351927149335
jacquelinehe/tinycomma-1.8b-llama3-tokenizer,bookmia.45.00,things_fall_apart,76,3.634495837001228,8.606260299682617,0,0.0,2.3679378614403706,1.186273801883511,1.6087426193391652,5.056976094488291,1.921594941758296
jacquelinehe/tinycomma-1.8b-llama3-tokenizer,bookmia.45.01,things_fall_apart,56,2.9382815015768364,14.426168441772461,0,0.0,4.909729865579802,0.961741263369671,0.9913806666443128,1.1562926183043332,1.4857169375880077
jacquelinehe/tinycomma-1.8b-llama3-tokenizer,bookmia.45.03,things_fall_apart,58,2.9166329515905214,9.920002937316895,0,0.0,3.401183180045758,1.3868969064057222,1.1706774205064245,1.3126552547120864,1.415574170097913
jacquelinehe/tinycomma-1.8b-llama3-tokenizer,bookmia.45.04,things_fall_apart,57,3.3816147118872193,10.12612247467041,0,0.0,2.994463691879079,1.7798000637164615,1.5859909120960487,1.410873153578103,1.0866799573708583
jacquelinehe/tinycomma-1.8b-llama3-tokenizer,bookmia.45.05,things_fall_apart,61,3.055437124084269,3.7361318866411843,5,0.08196721311475409,1.222781466256133,1.3036881552458248,3.180559462903536,1.711003089176669,2.5320176188300185
jacquelinehe/tinycomma-1.8b-llama3-tokenizer,bookmia.45.07,things_fall_apart,61,2.6202279057842297,11.066248893737793,0,0.0,4.223391739821076,1.162032066551673,1.6215223462371577,1.1420463331232764,1.0839985543419872
jacquelinehe/tinycomma-1.8b-llama3-tokenizer,bookmia.45.08,things_fall_apart,64,2.830557845025396,13.415841102600098,0,0.0,4.73964562362785,1.0568138755758814,1.372499186413019,1.2215739196119908,1.754865715023538
jacquelinehe/tinycomma-1.8b-llama3-tokenizer,bookmia.45.09,things_fall_apart,65,2.563494717179296,13.257969856262207,0,0.0,5.171834280528739,1.1095634764093192,1.6012425661637715,1.480868023750781,1.3471463322461996
jacquelinehe/tinycomma-1.8b-llama3-tokenizer,bookmia.45.11,things_fall_apart,61,2.8407061259705024,13.687067031860352,0,0.0,4.8181918244655755,1.8717403523962872,1.5680049530873599,1.7035293029537006,1.1826559959565068
jacquelinehe/tinycomma-1.8b-llama3-tokenizer,bookmia.45.12,things_fall_apart,64,3.864381184017475,14.486324310302734,0,0.0,3.7486789269692364,1.2009810967001615,1.2264910765295383,1.2802245308011653,1.5587343146798718
jacquelinehe/tinycomma-1.8b-llama3-tokenizer,bookmia.45.13,things_fall_apart,66,3.150863278452589,11.850078582763672,0,0.0,3.7608990094242767,1.1854434294905856,2.107648056102815,1.175251258370767,1.11745921167346
jacquelinehe/tinycomma-1.8b-llama3-tokenizer,bookmia.45.15,things_fall_apart,64,3.1211628161836416,14.139069557189941,0,0.0,4.530064719429886,4.487054143122062,1.7976606840579816,1.1479342207768795,1.1442510404339212
jacquelinehe/tinycomma-1.8b-llama3-tokenizer,bookmia.45.16,things_fall_apart,62,2.178299008072504,6.505780220031738,1,0.016129032258064516,2.9866332381009815,3.4298159599219105,1.6551569710902025,1.1360533215687172,1.6995015554664448
jacquelinehe/tinycomma-1.8b-llama3-tokenizer,bookmia.45.17,things_fall_apart,60,3.6096214341620603,13.413378715515137,0,0.0,3.7160070550802584,1.0073184597595666,1.6015477107713607,1.1263740902559853,2.216586745758033
jacquelinehe/tinycomma-1.8b-llama3-tokenizer,bookmia.45.24,things_fall_apart,59,2.31878227924127,3.186047381344619,18,0.3050847457627119,1.3740174788583979,1.4485061561944108,2.103949405279189,2.622824707289828,0.8296315180821913
jacquelinehe/tinycomma-1.8b-llama3-tokenizer,bookmia.45.27,things_fall_apart,63,2.9503039583094446,3.0163387805498627,54,0.8571428571428571,1.0223823792983882,1.1155057235446677,2.5241499413888393,2.005206736456256,1.7782184601435496
jacquelinehe/tinycomma-1.8b-llama3-tokenizer,bookmia.45.28,things_fall_apart,73,2.8797294962593063,17.729084014892578,0,0.0,6.156510199281633,0.9515609974976164,0.9668063055207673,1.7429091831917471,1.3179015167893715
jacquelinehe/tinycomma-1.8b-llama3-tokenizer,bookmia.45.31,things_fall_apart,65,2.6344001352625828,16.60138702392578,0,0.0,6.301771246405985,2.086327019125302,1.0284645669801433,1.4852103497801317,1.521967525943122
jacquelinehe/tinycomma-1.8b-llama3-tokenizer,bookmia.45.38,things_fall_apart,57,2.975055062802296,11.88529109954834,0,0.0,3.994981890638763,1.6318227866805115,2.574235018969205,0.9447399314448353,2.9860041627919722
jacquelinehe/tinycomma-1.8b-llama3-tokenizer,bookmia.45.39,things_fall_apart,66,2.8622141951751527,15.575601577758789,0,0.0,5.441801526948839,1.0589278830311293,1.483184056816146,2.11736589100886,1.9360748127911225
jacquelinehe/tinycomma-1.8b-llama3-tokenizer,bookmia.45.40,things_fall_apart,59,3.1059738924348,4.421997249126434,2,0.03389830508474576,1.4237071534622567,2.052835226193254,1.7115852886400273,0.9838384998691263,1.095960759050858
jacquelinehe/tinycomma-1.8b-llama3-tokenizer,bookmia.45.41,things_fall_apart,61,3.487297527614187,13.527933120727539,0,0.0,3.87920245221594,1.519211311814986,2.2500042093430483,1.9983333359375177,1.7820689251060835
jacquelinehe/tinycomma-1.8b-llama3-tokenizer,bookmia.45.44,things_fall_apart,66,3.512095242160175,11.834482192993164,0,0.0,3.369635894530628,1.2496981179761506,1.3322883973314836,1.705495200086056,1.4394687675416997
jacquelinehe/tinycomma-1.8b-llama3-tokenizer,bookmia.45.46,things_fall_apart,72,3.7060826984751554,15.391762733459473,0,0.0,4.153108277856918,1.9118988400657364,1.8286397320330243,1.093739519906469,2.3700346848760843
jacquelinehe/tinycomma-1.8b-llama3-tokenizer,bookmia.45.47,things_fall_apart,70,2.6136085301779013,8.283719062805176,0,0.0,3.1694566983378056,1.2591869905177169,1.937289812615979,1.9678315288226267,0.8860592856414315
jacquelinehe/tinycomma-1.8b-llama3-tokenizer,bookmia.45.48,things_fall_apart,60,3.329215939156711,12.945634841918945,0,0.0,3.8884935908357057,1.3819355830218714,1.1132500041609874,1.2101224339175598,1.3642093553870929
jacquelinehe/tinycomma-1.8b-llama3-tokenizer,bookmia.45.49,things_fall_apart,59,3.2519319673735745,12.191116333007812,0,0.0,3.7488841880213064,1.3837291119894835,0.9206703585929771,0.9947507676640732,1.360282698241483
jacquelinehe/tinycomma-1.8b-llama3-tokenizer,bookmia.45.50,things_fall_apart,63,2.4056489628495736,4.300663977861404,1,0.015873015873015872,1.7877354694207424,3.2497013912380317,2.219248642966858,1.2109988460832575,1.2543220863894835
jacquelinehe/tinycomma-1.8b-llama3-tokenizer,bookmia.45.53,things_fall_apart,57,3.509332079897847,12.947000503540039,0,0.0,3.689306172448893,1.4056129515610958,1.020790189782459,1.0393276352404486,1.1770359458793818
jacquelinehe/tinycomma-1.8b-llama3-tokenizer,bookmia.45.56,things_fall_apart,57,3.701403945619077,13.972402572631836,0,0.0,3.7748926563849783,0.9841498421436804,1.4967842407580827,1.027048720230743,1.5735258154387535
jacquelinehe/tinycomma-1.8b-llama3-tokenizer,bookmia.45.57,things_fall_apart,61,3.322095464504721,12.442561149597168,0,0.0,3.7453954236237412,1.698551939285358,0.9462554446638781,1.8330140725344766,0.9237810174707547
jacquelinehe/tinycomma-1.8b-llama3-tokenizer,bookmia.45.58,things_fall_apart,71,3.3962469473218833,14.997495651245117,0,0.0,4.415902578306746,0.9594691915427843,0.9824333448143274,0.9974405036303458,1.599364220073319
jacquelinehe/tinycomma-1.8b-llama3-tokenizer,bookmia.45.59,things_fall_apart,60,2.536071565770544,3.9397025048732757,9,0.15,1.5534666127121934,1.5692532604158227,2.3961061619220794,1.1560428569621513,1.0784854431783317
jacquelinehe/tinycomma-1.8b-llama3-tokenizer,bookmia.45.61,things_fall_apart,59,2.886906655031746,12.339716911315918,0,0.0,4.274373364240357,1.9848530131507816,1.9956803910779655,1.5193092922690443,2.0749195138701846
jacquelinehe/tinycomma-1.8b-llama3-tokenizer,bookmia.45.62,things_fall_apart,57,2.420170020312071,12.148207664489746,0,0.0,5.0195678661135075,1.226039766807484,0.9399330962237703,0.9521284361761188,1.0362275499456088
jacquelinehe/tinycomma-1.8b-llama3-tokenizer,bookmia.45.66,things_fall_apart,74,3.0392233748932846,12.55931282043457,0,0.0,4.132408602864066,2.334864993896473,1.030783498663108,1.0629214449501254,2.606549433877264
jacquelinehe/tinycomma-1.8b-llama3-tokenizer,bookmia.45.67,things_fall_apart,57,2.6721197676665165,14.010223388671875,0,0.0,5.243112063388757,3.2976254967340166,2.5390552569557405,1.8435025938983916,1.0311406392176876
jacquelinehe/tinycomma-1.8b-llama3-tokenizer,bookmia.45.69,things_fall_apart,62,2.403532476681698,16.238571166992188,0,0.0,6.756127210484403,1.4045841923995717,3.6508004580201465,1.5158881793077452,0.8632810610187451
jacquelinehe/tinycomma-1.8b-llama3-tokenizer,bookmia.45.73,things_fall_apart,63,2.432714242259011,9.274542808532715,0,0.0,3.8124259098842628,1.2372337702794265,1.7957696519171176,1.839633846600794,0.9291989377455475
jacquelinehe/tinycomma-1.8b-llama3-tokenizer,bookmia.45.74,things_fall_apart,72,2.65954537024825,16.764867782592773,0,0.0,6.303659253245938,1.2952567887829938,1.8589132123726935,4.092750359573568,2.1180874321181573
jacquelinehe/tinycomma-1.8b-llama3-tokenizer,bookmia.45.77,things_fall_apart,56,3.379988359385087,14.303224563598633,0,0.0,4.231737817641711,1.7614890840231447,0.9802027863294439,1.2037608355050944,1.0467953131061372
jacquelinehe/tinycomma-1.8b-llama3-tokenizer,bookmia.45.79,things_fall_apart,65,4.214446021383628,13.68250560760498,0,0.0,3.2465727495811967,2.6735581909787975,1.177976201701772,1.1612034538664464,2.6623947747640555
jacquelinehe/tinycomma-1.8b-llama3-tokenizer,bookmia.45.80,things_fall_apart,60,2.754855179786682,16.40643310546875,0,0.0,5.955461189338874,1.299764337890518,1.2818864939644778,0.91124272531963,1.5324797568740014
jacquelinehe/tinycomma-1.8b-llama3-tokenizer,bookmia.45.85,things_fall_apart,61,2.954226627464971,14.9782133102417,0,0.0,5.070096238044723,1.436710635522286,2.772929480143742,0.9978711720467814,1.050077781206719
jacquelinehe/tinycomma-1.8b-llama3-tokenizer,bookmia.45.87,things_fall_apart,63,2.3815328115796013,14.468157768249512,0,0.0,6.075145258508198,1.4767251401471404,1.8406323001720684,1.530710808491047,1.7968127858655012
jacquelinehe/tinycomma-1.8b-llama3-tokenizer,bookmia.45.89,things_fall_apart,62,3.175443994167689,13.076397895812988,0,0.0,4.117974657978631,1.113104538012493,1.5452985893527083,2.132906876331682,1.8659526446630141
jacquelinehe/tinycomma-1.8b-llama3-tokenizer,bookmia.45.92,things_fall_apart,59,2.4807728324855,11.98140811920166,0,0.0,4.8297078887297475,2.0224606034553325,1.084677440995429,1.1739029348814691,2.3240751339064984
jacquelinehe/tinycomma-1.8b-llama3-tokenizer,bookmia.45.93,things_fall_apart,62,2.5548175950343355,12.725282669067383,0,0.0,4.980896755134631,1.0330177122163098,1.063399506144529,1.2796734344571863,1.2076181576942155
jacquelinehe/tinycomma-1.8b-llama3-tokenizer,bookmia.45.94,things_fall_apart,57,3.2089060542353414,11.125303268432617,0,0.0,3.467008095718058,2.037481330215059,0.970189548027077,1.4134922305736297,1.0885089088199469
jacquelinehe/tinycomma-1.8b-llama3-tokenizer,bookmia.45.95,things_fall_apart,58,3.093379211726454,12.012895584106445,0,0.0,3.883421579406651,1.0541244980595659,1.7369179197799522,0.966832935930989,1.7674311402199747
jacquelinehe/tinycomma-1.8b-llama3-tokenizer,bookmia.13.01,fifty_shades_of_grey,56,3.319314907196843,11.283088684082031,0,0.0,3.399222128523679,1.2006063006857086,3.1208474748221087,0.9608851011071796,2.049131576838296
jacquelinehe/tinycomma-1.8b-llama3-tokenizer,bookmia.13.03,fifty_shades_of_grey,78,3.085587856511642,14.2688627243042,0,0.0,4.624357946636339,1.1862539078736427,1.2263779799706525,1.6438834099675736,1.3542365600748971
jacquelinehe/tinycomma-1.8b-llama3-tokenizer,bookmia.13.04,fifty_shades_of_grey,76,3.672033645390337,15.07979965209961,0,0.0,4.1066616236019335,1.376979210932351,1.565872650625972,1.1012283929171074,1.5201585145270498
jacquelinehe/tinycomma-1.8b-llama3-tokenizer,bookmia.13.05,fifty_shades_of_grey,67,3.59096184994247,12.669572830200195,0,0.0,3.5281836342547535,1.2306565246893497,1.5046414008698186,2.042322017923318,3.6210981541746006
jacquelinehe/tinycomma-1.8b-llama3-tokenizer,bookmia.13.08,fifty_shades_of_grey,63,3.3700518065930476,13.546030044555664,0,0.0,4.0195316932679495,1.116585828724647,1.4150759950559433,0.9895112667680618,2.377351838618203
jacquelinehe/tinycomma-1.8b-llama3-tokenizer,bookmia.13.09,fifty_shades_of_grey,60,3.6704073443387943,12.653526306152344,0,0.0,3.4474446891212325,1.4808273527909743,2.026257360336996,1.5940844040688507,3.51494226727138
jacquelinehe/tinycomma-1.8b-llama3-tokenizer,bookmia.13.10,fifty_shades_of_grey,64,3.232520136196399,10.254685401916504,0,0.0,3.172350045739501,1.027141127243675,1.9620588771518916,2.1996224637014357,1.0650578233721588
jacquelinehe/tinycomma-1.8b-llama3-tokenizer,bookmia.13.12,fifty_shades_of_grey,64,3.469576080562547,20.91713523864746,0,0.0,6.028729375853899,1.2167144406048962,1.5700630092124597,1.9652395693854072,1.1577480853343851
jacquelinehe/tinycomma-1.8b-llama3-tokenizer,bookmia.13.13,fifty_shades_of_grey,76,3.629886939680498,11.540063858032227,0,0.0,3.1791799716626934,0.9709442670444974,1.9024616539054617,2.2057048522976164,1.8066584068427975
jacquelinehe/tinycomma-1.8b-llama3-tokenizer,bookmia.13.16,fifty_shades_of_grey,75,2.9020357887633144,14.615002632141113,0,0.0,5.036120742800767,1.0490873742256268,0.9732826534988875,1.0434381158370623,1.3509599698167614
jacquelinehe/tinycomma-1.8b-llama3-tokenizer,bookmia.13.18,fifty_shades_of_grey,73,2.8243971079578367,4.1726416647434235,3,0.0410958904109589,1.4773565845209446,1.6590112496962368,1.0897830245630613,1.360854755022688,1.0756144963714718
jacquelinehe/tinycomma-1.8b-llama3-tokenizer,bookmia.13.22,fifty_shades_of_grey,71,3.871927247513873,6.518640132000049,11,0.15492957746478872,1.683564725082478,1.9463590060722529,2.0799801060052485,2.075260721060758,1.300997115802333
jacquelinehe/tinycomma-1.8b-llama3-tokenizer,bookmia.13.23,fifty_shades_of_grey,62,3.403204593356819,15.09460735321045,0,0.0,4.435409902383089,1.364847863756475,2.8484984861760325,0.899507285768096,2.6294081367733777
jacquelinehe/tinycomma-1.8b-llama3-tokenizer,bookmia.13.25,fifty_shades_of_grey,60,3.5604186144967875,6.189016090972083,6,0.1,1.7382832641567931,2.2000337041237437,1.8945701015481544,1.006597657888278,2.4637901438750114
jacquelinehe/tinycomma-1.8b-llama3-tokenizer,bookmia.13.27,fifty_shades_of_grey,72,3.232439619489014,18.540380477905273,0,0.0,5.735723682546666,2.124723985802774,1.4546415113990618,4.044653908423883,0.8790267905413335
jacquelinehe/tinycomma-1.8b-llama3-tokenizer,bookmia.13.29,fifty_shades_of_grey,68,2.4142867939286483,2.4445026972044546,64,0.9411764705882353,1.0125154572985247,1.0883700159929535,1.027597358952147,1.0899217242856067,1.9998357226622578
jacquelinehe/tinycomma-1.8b-llama3-tokenizer,bookmia.13.31,fifty_shades_of_grey,66,2.3863151749123284,6.8762125968933105,0,0.0,2.881519033690065,0.9710535533278452,1.0305088932467728,1.3017372272047198,3.9335408431981707
jacquelinehe/tinycomma-1.8b-llama3-tokenizer,bookmia.13.32,fifty_shades_of_grey,61,2.7109919408885914,11.969574928283691,0,0.0,4.415201221277102,1.0121566024500048,1.0265685657820287,1.081645636032175,2.1405325877855566
jacquelinehe/tinycomma-1.8b-llama3-tokenizer,bookmia.13.34,fifty_shades_of_grey,70,3.2768978512047657,18.703176498413086,0,0.0,5.70758606086448,1.7627699228268052,3.170986788674554,1.159077816446352,1.494748879903543
jacquelinehe/tinycomma-1.8b-llama3-tokenizer,bookmia.13.35,fifty_shades_of_grey,63,3.2327803986531403,19.638290405273438,0,0.0,6.074736908654623,0.9552931764524729,1.2187635181323242,1.1113268711712678,1.1327852511057237
jacquelinehe/tinycomma-1.8b-llama3-tokenizer,bookmia.13.37,fifty_shades_of_grey,58,3.1596115933297653,11.547898292541504,0,0.0,3.6548474239429285,1.1534533718513829,1.8617108015296906,1.142857257609701,1.4710005061933253
jacquelinehe/tinycomma-1.8b-llama3-tokenizer,bookmia.13.41,fifty_shades_of_grey,67,3.4134549960765965,11.148807525634766,0,0.0,3.2661357886508346,1.5072932100771843,1.6077860418246663,1.27609520674293,0.9526187385588732
jacquelinehe/tinycomma-1.8b-llama3-tokenizer,bookmia.13.42,fifty_shades_of_grey,61,2.8634436848710796,13.896595001220703,0,0.0,4.853105746288273,2.288810293302908,2.1621111195426344,1.13934515711795,1.5185968055572507
jacquelinehe/tinycomma-1.8b-llama3-tokenizer,bookmia.13.43,fifty_shades_of_grey,66,3.3201466587911868,11.467939376831055,0,0.0,3.4540460272939724,1.4712657539248244,1.1759356888990622,1.238610709420116,1.5202945161765025
jacquelinehe/tinycomma-1.8b-llama3-tokenizer,bookmia.13.44,fifty_shades_of_grey,64,3.4808896988542983,11.580904006958008,0,0.0,3.3269953974036444,1.0054906635678702,1.078944278219824,1.7106110726497432,1.1500020368178576
jacquelinehe/tinycomma-1.8b-llama3-tokenizer,bookmia.13.45,fifty_shades_of_grey,65,3.3103348340409307,8.544487953186035,0,0.0,2.581155194731696,1.9957108247089355,1.5673257928340967,2.1859388032218288,1.1187695704026546
jacquelinehe/tinycomma-1.8b-llama3-tokenizer,bookmia.13.46,fifty_shades_of_grey,64,3.16704264155851,12.393735885620117,0,0.0,3.913346704899789,1.171654832456399,1.2129511688893466,1.2768007698786905,2.1101269543033636
jacquelinehe/tinycomma-1.8b-llama3-tokenizer,bookmia.13.47,fifty_shades_of_grey,60,3.7809429131293046,17.11039161682129,0,0.0,4.52542976975546,1.030202837587382,1.067542203428962,1.2716591522557643,2.977508486764979
jacquelinehe/tinycomma-1.8b-llama3-tokenizer,bookmia.13.51,fifty_shades_of_grey,57,3.2192873655442606,10.895674705505371,0,0.0,3.3844989490906543,2.6028594586688736,1.230305559851877,2.1062638671540075,1.5744309605187008
jacquelinehe/tinycomma-1.8b-llama3-tokenizer,bookmia.13.52,fifty_shades_of_grey,64,3.561338279281699,13.93577766418457,0,0.0,3.9130732806981015,1.099115094572523,1.9904808470470232,1.1901407805122735,1.274938072013746
jacquelinehe/tinycomma-1.8b-llama3-tokenizer,bookmia.13.53,fifty_shades_of_grey,67,3.803514700104941,14.924057006835938,0,0.0,3.9237542598229407,0.9788440360547291,1.0343608083350149,1.4899310220540996,1.6501386615301856
jacquelinehe/tinycomma-1.8b-llama3-tokenizer,bookmia.13.54,fifty_shades_of_grey,68,3.162471621259636,6.395940065383911,1,0.014705882352941176,2.022449789711112,2.675181937266913,0.9755139525818946,1.0920304196644675,1.2718505548154033
jacquelinehe/tinycomma-1.8b-llama3-tokenizer,bookmia.13.58,fifty_shades_of_grey,65,3.1793187389150264,10.344780921936035,0,0.0,3.2537728272775484,2.3534770929079794,0.9881990755688417,1.0821775298056038,1.1020780556687437
jacquelinehe/tinycomma-1.8b-llama3-tokenizer,bookmia.13.59,fifty_shades_of_grey,66,3.474062758123954,15.862448692321777,0,0.0,4.565964922547265,1.0159202918063628,1.04008565775314,1.6079900224595869,3.0475416198451875
jacquelinehe/tinycomma-1.8b-llama3-tokenizer,bookmia.13.61,fifty_shades_of_grey,63,2.93887156902975,11.433000564575195,0,0.0,3.890268865457679,2.169255743995353,1.3778033401805478,2.268872012216357,2.613683015802167
jacquelinehe/tinycomma-1.8b-llama3-tokenizer,bookmia.13.64,fifty_shades_of_grey,62,3.280537562084294,19.040685653686523,0,0.0,5.804135844611088,1.0662448140536542,2.9807160091974185,1.1048370054821488,1.0365163661893548
jacquelinehe/tinycomma-1.8b-llama3-tokenizer,bookmia.13.67,fifty_shades_of_grey,78,3.4641418187664104,8.722819328308105,0,0.0,2.518031819902317,1.8301053766120616,5.020846770252852,2.4247310380988836,1.0870846573134563
jacquelinehe/tinycomma-1.8b-llama3-tokenizer,bookmia.13.72,fifty_shades_of_grey,65,2.3966010950935575,11.641671180725098,0,0.0,4.857575674382572,1.4527685172099023,1.4388879648535478,4.177243605632515,1.221683814654841
jacquelinehe/tinycomma-1.8b-llama3-tokenizer,bookmia.13.74,fifty_shades_of_grey,60,2.9172134190797805,14.937231063842773,0,0.0,5.120376509358936,1.197802572460846,0.9848318862185353,1.620284907890279,1.1530041613777635
jacquelinehe/tinycomma-1.8b-llama3-tokenizer,bookmia.13.75,fifty_shades_of_grey,63,3.987071012109814,12.40758228302002,0,0.0,3.1119541752165523,1.1078842886764448,1.2110806021702238,1.3089362279455805,1.5693654379438957
jacquelinehe/tinycomma-1.8b-llama3-tokenizer,bookmia.13.79,fifty_shades_of_grey,63,3.2924444684610954,3.6378276348114014,0,0.0,1.1049017438741313,1.075782131517801,1.1082656844556067,1.3618429552703806,1.29286816056479
jacquelinehe/tinycomma-1.8b-llama3-tokenizer,bookmia.13.82,fifty_shades_of_grey,65,2.642661527486948,14.331510543823242,0,0.0,5.423135121451541,1.4783203420447715,2.273009114081927,3.2430959913957507,1.1701220252553188
jacquelinehe/tinycomma-1.8b-llama3-tokenizer,bookmia.13.83,fifty_shades_of_grey,59,2.9871957039744674,13.48366641998291,0,0.0,4.5138209063580526,1.7874424292523012,1.8459931425131444,1.473360677345685,1.2107666218005033
jacquelinehe/tinycomma-1.8b-llama3-tokenizer,bookmia.13.85,fifty_shades_of_grey,65,2.739177465560631,11.471075057983398,0,0.0,4.187780894888312,2.716216278435058,0.9593458318218168,1.7323759025625831,1.4822253556522
jacquelinehe/tinycomma-1.8b-llama3-tokenizer,bookmia.13.87,fifty_shades_of_grey,63,3.048591780321052,11.052713394165039,0,0.0,3.625514398323629,1.1336679887849386,0.9906923520178853,0.9956013570957957,1.044463801336327
jacquelinehe/tinycomma-1.8b-llama3-tokenizer,bookmia.13.93,fifty_shades_of_grey,68,2.9189165157757304,9.379963874816895,0,0.0,3.21350878797713,1.7457288747707793,1.3512877029162735,1.7639294765467093,1.0742017929586432
jacquelinehe/tinycomma-1.8b-llama3-tokenizer,bookmia.13.94,fifty_shades_of_grey,63,3.232929254120718,15.538902282714844,0,0.0,4.806446742658792,4.044676149709241,1.1478402242410863,1.2649813615650112,1.9861933813067623
jacquelinehe/tinycomma-1.8b-llama3-tokenizer,bookmia.13.95,fifty_shades_of_grey,72,3.009923718384622,17.623201370239258,0,0.0,5.8550325586647585,2.0251115636548906,1.2561467791520144,2.0656119857524553,0.9691462559260703
jacquelinehe/tinycomma-1.8b-llama3-tokenizer,bookmia.13.96,fifty_shades_of_grey,72,3.010565423156044,14.863433837890625,0,0.0,4.937090462664302,1.7947432737203746,0.9876870169245145,1.1736991600344453,1.067394352514951
jacquelinehe/tinycomma-1.8b-llama3-tokenizer,bookmia.13.99,fifty_shades_of_grey,76,2.8786413564015865,15.920541763305664,0,0.0,5.530574945677484,2.5082803100825815,1.0387469800342917,1.0343061984050002,1.229401631216265
jacquelinehe/tinycomma-1.8b-llama3-tokenizer,bookmia.17.00,harry_potter_and_the_sorcerer's_stone,61,3.164691480785059,14.500767707824707,0,0.0,4.582047822313324,2.3448688208074433,2.138573928629447,0.9185995142044482,1.5647549824712454
jacquelinehe/tinycomma-1.8b-llama3-tokenizer,bookmia.17.03,harry_potter_and_the_sorcerer's_stone,68,2.708802618736894,2.8139007091522217,2,0.029411764705882353,1.0387987259346103,1.265731573376353,1.0113743992300026,1.0399118370588143,1.5271835604409483
jacquelinehe/tinycomma-1.8b-llama3-tokenizer,bookmia.17.04,harry_potter_and_the_sorcerer's_stone,68,3.5198746829855203,13.936305046081543,0,0.0,3.95931852728942,0.9558310667568743,0.9997262864707065,1.0270506709380032,2.62406788471127
jacquelinehe/tinycomma-1.8b-llama3-tokenizer,bookmia.17.06,harry_potter_and_the_sorcerer's_stone,71,3.834490355760069,15.189130783081055,0,0.0,3.961186330867764,2.0965467739235573,2.2610925675663878,0.9582710090360225,2.606762697266713
jacquelinehe/tinycomma-1.8b-llama3-tokenizer,bookmia.17.08,harry_potter_and_the_sorcerer's_stone,64,3.2000421582160925,12.14415454864502,0,0.0,3.794998299464575,0.9779050219072265,1.2090799365339155,1.7696508081706581,2.81240304548971
jacquelinehe/tinycomma-1.8b-llama3-tokenizer,bookmia.17.11,harry_potter_and_the_sorcerer's_stone,58,3.2171152255915363,16.608293533325195,0,0.0,5.162480162727588,1.329235945499323,1.5219974999844923,2.2401051805128285,1.3356340442768118
jacquelinehe/tinycomma-1.8b-llama3-tokenizer,bookmia.17.12,harry_potter_and_the_sorcerer's_stone,70,2.0737017113646807,3.127464532852173,3,0.04285714285714286,1.5081554476771986,1.6504845650300186,2.3664635786392956,1.4560464526280823,1.9006894708733943
jacquelinehe/tinycomma-1.8b-llama3-tokenizer,bookmia.17.13,harry_potter_and_the_sorcerer's_stone,58,2.668992003377784,12.874496459960938,0,0.0,4.8237298739252195,2.7925468520896786,0.8865883067304382,1.5162127572864832,1.9282709283493802
jacquelinehe/tinycomma-1.8b-llama3-tokenizer,bookmia.17.14,harry_potter_and_the_sorcerer's_stone,64,2.435083739064794,13.719446182250977,0,0.0,5.634075724853716,0.9887056536298252,1.1762305011963399,0.9998845057542828,1.167738026731584
jacquelinehe/tinycomma-1.8b-llama3-tokenizer,bookmia.17.16,harry_potter_and_the_sorcerer's_stone,64,3.1292363455795567,14.93134880065918,0,0.0,4.771563139278887,1.0781507658561997,1.1226323761014365,2.0675837779075152,1.362094684513202
jacquelinehe/tinycomma-1.8b-llama3-tokenizer,bookmia.17.18,harry_potter_and_the_sorcerer's_stone,63,2.628527266481551,15.725720405578613,0,0.0,5.982711538171897,0.961658426805047,1.3744305167243045,0.9355175114539633,0.9805208512635796
jacquelinehe/tinycomma-1.8b-llama3-tokenizer,bookmia.17.22,harry_potter_and_the_sorcerer's_stone,58,3.314380200860765,12.968765258789062,0,0.0,3.912877965968115,1.8993125603627605,1.2232108490670315,1.0750851404275361,1.3636418995346804
jacquelinehe/tinycomma-1.8b-llama3-tokenizer,bookmia.17.24,harry_potter_and_the_sorcerer's_stone,60,3.2854516164865344,11.36493968963623,0,0.0,3.4591712240127004,1.0121081160905714,1.0280227769350738,1.1023866908294024,2.577805851275644
jacquelinehe/tinycomma-1.8b-llama3-tokenizer,bookmia.17.26,harry_potter_and_the_sorcerer's_stone,67,3.303136925546647,7.533064365386963,0,0.0,2.2805788967226333,1.478654472664174,1.9281965391310798,2.508508148193922,1.1324891372565546
jacquelinehe/tinycomma-1.8b-llama3-tokenizer,bookmia.17.28,harry_potter_and_the_sorcerer's_stone,56,3.3475061770893393,15.837247848510742,0,0.0,4.731058588301471,1.5161709944392812,1.355000652874677,1.0248519479145866,1.3960995649530505
jacquelinehe/tinycomma-1.8b-llama3-tokenizer,bookmia.17.31,harry_potter_and_the_sorcerer's_stone,79,3.5055555176885824,14.572094917297363,0,0.0,4.156857549044209,2.318360373365027,1.2986893348299833,1.1544678982028227,1.0705015760149232
jacquelinehe/tinycomma-1.8b-llama3-tokenizer,bookmia.17.32,harry_potter_and_the_sorcerer's_stone,63,3.3699200367037623,9.307348251342773,1,0.015873015873015872,2.7618899409989024,2.947562001502825,1.147520944872527,1.0735113386373423,2.103912627452307
jacquelinehe/tinycomma-1.8b-llama3-tokenizer,bookmia.17.33,harry_potter_and_the_sorcerer's_stone,67,2.798194265511945,13.616357803344727,0,0.0,4.866123117743413,2.2031683883826734,1.4646417549650665,1.8492546578639435,1.1073358152722756
jacquelinehe/tinycomma-1.8b-llama3-tokenizer,bookmia.17.35,harry_potter_and_the_sorcerer's_stone,72,2.949379503553953,9.105018615722656,0,0.0,3.0870963213622598,1.0149531979018054,1.247103180026156,1.9014860180528348,1.1180345792006416
jacquelinehe/tinycomma-1.8b-llama3-tokenizer,bookmia.17.38,harry_potter_and_the_sorcerer's_stone,69,3.0739746333599305,4.149631857044167,26,0.37681159420289856,1.3499239102401168,1.3914568617649576,1.7682867026570162,1.764349382007291,1.64465848027122
jacquelinehe/tinycomma-1.8b-llama3-tokenizer,bookmia.17.41,harry_potter_and_the_sorcerer's_stone,62,3.84579952576408,14.837034225463867,0,0.0,3.8579843088716537,1.0432863832221075,1.162251618070002,1.1920517378143078,1.8013127839295946
jacquelinehe/tinycomma-1.8b-llama3-tokenizer,bookmia.17.42,harry_potter_and_the_sorcerer's_stone,59,2.396111874774067,4.859019478162129,2,0.03389830508474576,2.027876715322524,3.4193932407900824,0.9830191221254313,1.0838747596992995,1.9870732375982456
jacquelinehe/tinycomma-1.8b-llama3-tokenizer,bookmia.17.45,harry_potter_and_the_sorcerer's_stone,65,2.8439973882211445,5.642662366231282,5,0.07692307692307693,1.9840603193242168,2.0495233699823934,3.615980544975588,0.9074261069281291,0.9456670985500658
jacquelinehe/tinycomma-1.8b-llama3-tokenizer,bookmia.17.49,harry_potter_and_the_sorcerer's_stone,75,3.5630358955450356,14.795924186706543,0,0.0,4.152617211969799,1.27992215793451,1.394854747883929,1.0191550013280544,0.9702987408891136
jacquelinehe/tinycomma-1.8b-llama3-tokenizer,bookmia.17.51,harry_potter_and_the_sorcerer's_stone,64,2.4686574079510137,13.483772277832031,0,0.0,5.461986031112987,1.9922286118435208,1.6459360933353873,0.8427660826419551,1.4575089116153952
jacquelinehe/tinycomma-1.8b-llama3-tokenizer,bookmia.17.55,harry_potter_and_the_sorcerer's_stone,57,2.6345095142958024,15.499191284179688,0,0.0,5.883141131233524,0.9199575200632062,1.33258386653835,2.2022501178736626,1.6673109880084285
jacquelinehe/tinycomma-1.8b-llama3-tokenizer,bookmia.17.58,harry_potter_and_the_sorcerer's_stone,56,3.339939232350194,14.495627403259277,0,0.0,4.340087167711501,1.2731209658235323,1.7545599565339465,1.2282422874685213,1.0098717213210855
jacquelinehe/tinycomma-1.8b-llama3-tokenizer,bookmia.17.62,harry_potter_and_the_sorcerer's_stone,64,3.137450045287551,13.557073593139648,0,0.0,4.321048430237916,1.4211776228613737,1.502433702281236,1.9794098399144848,1.222959836904052
jacquelinehe/tinycomma-1.8b-llama3-tokenizer,bookmia.17.64,harry_potter_and_the_sorcerer's_stone,58,3.044318508862614,14.237247467041016,0,0.0,4.676661599498728,1.3820057917917938,1.664925240714521,0.9472875269853248,1.3022403450093771
jacquelinehe/tinycomma-1.8b-llama3-tokenizer,bookmia.17.65,harry_potter_and_the_sorcerer's_stone,64,3.2390057893317135,14.859609603881836,0,0.0,4.587707021958654,1.9002364823006603,2.235700165665497,1.1267587306970122,1.2730222815822845
jacquelinehe/tinycomma-1.8b-llama3-tokenizer,bookmia.17.66,harry_potter_and_the_sorcerer's_stone,70,2.9674899762512985,13.458124160766602,0,0.0,4.535187740639874,1.6075458531019355,1.5381507568578552,1.856562766274967,2.621634644864756
jacquelinehe/tinycomma-1.8b-llama3-tokenizer,bookmia.17.67,harry_potter_and_the_sorcerer's_stone,64,3.1695520632638363,15.308722496032715,0,0.0,4.829932492185853,2.5359400800888836,1.1002904839985765,0.9353634075309758,1.5076658760924329
jacquelinehe/tinycomma-1.8b-llama3-tokenizer,bookmia.17.68,harry_potter_and_the_sorcerer's_stone,68,3.1468671154973835,12.38693904876709,0,0.0,3.936276491550947,1.1793008219073808,1.638459538711378,1.1206470092536722,1.031531359657738
jacquelinehe/tinycomma-1.8b-llama3-tokenizer,bookmia.17.69,harry_potter_and_the_sorcerer's_stone,62,3.531275102504409,5.094207684199016,2,0.03225806451612903,1.4425972308377113,2.0471718346468846,1.1426530325774293,1.3462419092977287,2.6663982601672678
jacquelinehe/tinycomma-1.8b-llama3-tokenizer,bookmia.17.73,harry_potter_and_the_sorcerer's_stone,65,3.445466132920522,12.507833480834961,0,0.0,3.6302296984799547,0.9616804671975511,0.9908951701193408,2.0222589326108364,1.1229647555817097
jacquelinehe/tinycomma-1.8b-llama3-tokenizer,bookmia.17.76,harry_potter_and_the_sorcerer's_stone,80,2.33228870539142,2.5523300298622678,6,0.075,1.0943456631085982,1.2495238548742376,2.024221566826393,1.0948544992219928,1.4281613864295
jacquelinehe/tinycomma-1.8b-llama3-tokenizer,bookmia.17.77,harry_potter_and_the_sorcerer's_stone,69,3.1980072835028386,16.793827056884766,0,0.0,5.251341090909013,2.0293529170967237,1.1544845439249911,0.8828080897572429,1.0352158314372502
jacquelinehe/tinycomma-1.8b-llama3-tokenizer,bookmia.17.79,harry_potter_and_the_sorcerer's_stone,70,3.6115087770258207,13.220306396484375,0,0.0,3.660604808877599,3.46981178663111,2.8952438822349342,2.5743941877517886,1.5245803534903084
jacquelinehe/tinycomma-1.8b-llama3-tokenizer,bookmia.17.80,harry_potter_and_the_sorcerer's_stone,62,2.1702667523096615,6.7118330001831055,0,0.0,3.092630430356165,1.2231034986001852,1.8698239618332235,1.0097015158245357,1.8491260602487467
jacquelinehe/tinycomma-1.8b-llama3-tokenizer,bookmia.17.82,harry_potter_and_the_sorcerer's_stone,67,2.7335296039896977,13.517186164855957,0,0.0,4.9449569322853035,1.2241349744608654,1.4102164601377674,1.3188392481346483,2.4928130349979476
jacquelinehe/tinycomma-1.8b-llama3-tokenizer,bookmia.17.84,harry_potter_and_the_sorcerer's_stone,70,3.2165826928887067,14.318221092224121,0,0.0,4.451376650094887,1.6742882484226376,0.9783224479156158,1.017762713694202,1.2455520497979495
jacquelinehe/tinycomma-1.8b-llama3-tokenizer,bookmia.17.85,harry_potter_and_the_sorcerer's_stone,60,3.933575059225162,18.195486068725586,0,0.0,4.625686759441104,2.13417798080499,1.0546094893055256,1.5560878531179607,1.1334156704188856
jacquelinehe/tinycomma-1.8b-llama3-tokenizer,bookmia.17.86,harry_potter_and_the_sorcerer's_stone,66,2.854188382823133,14.520090103149414,0,0.0,5.087292131988608,1.817957836025885,1.0039007696894957,1.0035162706217666,1.0311690149569237
jacquelinehe/tinycomma-1.8b-llama3-tokenizer,bookmia.17.88,harry_potter_and_the_sorcerer's_stone,62,3.5667890665753212,14.832298278808594,0,0.0,4.158445594050767,1.147444532662346,0.9901690225883405,1.0496450598698748,1.1323337375873401
jacquelinehe/tinycomma-1.8b-llama3-tokenizer,bookmia.17.89,harry_potter_and_the_sorcerer's_stone,64,2.8956163604962057,12.294112205505371,0,0.0,4.245766936956592,2.2647723511756843,1.006089851531261,1.148038628864171,2.08665419322467
jacquelinehe/tinycomma-1.8b-llama3-tokenizer,bookmia.17.91,harry_potter_and_the_sorcerer's_stone,62,3.0936423580917047,14.51240348815918,0,0.0,4.6910411121701445,1.976763521051925,1.7597769156686445,1.2242842967800753,1.3773936007442862
jacquelinehe/tinycomma-1.8b-llama3-tokenizer,bookmia.17.94,harry_potter_and_the_sorcerer's_stone,64,2.823487902413035,13.636395454406738,0,0.0,4.82962772489752,0.9769558143778995,1.069693915358293,1.398851537448297,1.3261253684623675
jacquelinehe/tinycomma-1.8b-llama3-tokenizer,bookmia.17.95,harry_potter_and_the_sorcerer's_stone,57,3.1158475808394877,12.983306884765625,0,0.0,4.166862000761794,1.040057662897044,1.1997388924062988,1.282810276580352,1.4462551026766035
jacquelinehe/tinycomma-1.8b-llama3-tokenizer,bookmia.17.97,harry_potter_and_the_sorcerer's_stone,77,3.5973821562267356,17.11005401611328,0,0.0,4.756251427582516,1.2867833457455202,2.015316170935862,1.2515769140806463,1.1626513218780588
jacquelinehe/tinycomma-1.8b-llama3-tokenizer,bookmia.17.98,harry_potter_and_the_sorcerer's_stone,77,2.9771744491375207,4.295868754386902,1,0.012987012987012988,1.4429348456995537,1.6526985883218104,1.2932347085245752,1.786798855406572,1.0976476503021109
jacquelinehe/tinycomma-1.8b-llama3-tokenizer,bookmia.22.01,lord_of_the_flies,72,3.0340078032459132,4.355891644954681,3,0.041666666666666664,1.4356890052473035,1.7280680986377932,1.0335448886640919,1.0707650313424713,1.2777460396544686
jacquelinehe/tinycomma-1.8b-llama3-tokenizer,bookmia.22.02,lord_of_the_flies,65,3.145786152522151,14.788151741027832,0,0.0,4.700939931715114,1.2748317549727362,1.0240682559322292,1.6516327644024418,1.2398657108802758
jacquelinehe/tinycomma-1.8b-llama3-tokenizer,bookmia.22.06,lord_of_the_flies,57,3.694796611350683,10.933660507202148,0,0.0,2.9592049731812438,1.5881039467108864,1.876302186419015,1.6113149987925321,2.6379273190549424
jacquelinehe/tinycomma-1.8b-llama3-tokenizer,bookmia.22.07,lord_of_the_flies,56,3.3900965465436457,13.181793212890625,0,0.0,3.8883238373638798,1.4457397794374525,1.5859421572343586,1.2074378308118812,1.049873871665662
jacquelinehe/tinycomma-1.8b-llama3-tokenizer,bookmia.22.08,lord_of_the_flies,67,2.7934668273508634,3.2185418208440146,2,0.029850746268656716,1.152167546552276,1.5849053010639507,1.0576169516546567,1.1135755463705639,1.3188117831708872
jacquelinehe/tinycomma-1.8b-llama3-tokenizer,bookmia.22.10,lord_of_the_flies,72,3.362905290779761,10.186108589172363,0,0.0,3.028960886023197,1.034607155157043,1.0087389535406917,1.05758820802007,1.1494798282644234
jacquelinehe/tinycomma-1.8b-llama3-tokenizer,bookmia.22.11,lord_of_the_flies,71,2.8664532078849807,7.2136335372924805,0,0.0,2.516571181922442,1.0302400049701208,1.0890615778590338,1.3883262720618121,1.1779403384762595
jacquelinehe/tinycomma-1.8b-llama3-tokenizer,bookmia.22.15,lord_of_the_flies,74,3.5599672958550572,16.775598526000977,0,0.0,4.712290066690542,1.659768915067288,3.2987769063230643,1.3302511359899312,0.9482680027377929
jacquelinehe/tinycomma-1.8b-llama3-tokenizer,bookmia.22.17,lord_of_the_flies,60,2.9376106951075296,12.59994125366211,0,0.0,4.289180072310738,2.6788792083442052,0.9813690748529802,1.009013105927628,1.3059480080772277
jacquelinehe/tinycomma-1.8b-llama3-tokenizer,bookmia.22.18,lord_of_the_flies,62,3.5520095910366263,13.150140762329102,0,0.0,3.7021692721531574,1.8607209627848487,1.441013841968259,1.1014522339404014,1.2225741885417114
jacquelinehe/tinycomma-1.8b-llama3-tokenizer,bookmia.22.20,lord_of_the_flies,63,3.6886911746253084,9.377717971801758,1,0.015873015873015872,2.5422887218945163,2.7791597337417056,1.7664647170219725,1.0920198135379366,2.141633119932896
jacquelinehe/tinycomma-1.8b-llama3-tokenizer,bookmia.22.21,lord_of_the_flies,62,3.8897394457908963,17.439983367919922,0,0.0,4.48358652577406,1.8363961867266034,1.9081069915913884,1.2214413549918752,1.7046479096138434
jacquelinehe/tinycomma-1.8b-llama3-tokenizer,bookmia.22.26,lord_of_the_flies,60,3.784063136080901,13.859391212463379,0,0.0,3.662568703020465,1.0582553983511158,1.083147844591618,1.8856626329452228,1.9008269419865578
jacquelinehe/tinycomma-1.8b-llama3-tokenizer,bookmia.22.27,lord_of_the_flies,79,3.2273920967281926,15.188742637634277,0,0.0,4.706196886654103,1.1472502611400974,2.3789628668541787,1.2526196742420188,1.241608341987402
jacquelinehe/tinycomma-1.8b-llama3-tokenizer,bookmia.22.28,lord_of_the_flies,68,3.1763516080613687,13.700629234313965,0,0.0,4.313322618170696,1.4497857895657136,2.2228197947907553,1.0034966114876656,0.9180606231095679
jacquelinehe/tinycomma-1.8b-llama3-tokenizer,bookmia.22.29,lord_of_the_flies,60,3.635838163519899,18.396015167236328,0,0.0,5.059635313753053,1.5045225592052993,1.503843321259079,1.288831770436453,1.0342177980944265
jacquelinehe/tinycomma-1.8b-llama3-tokenizer,bookmia.22.32,lord_of_the_flies,69,3.8384567530137366,15.608760833740234,0,0.0,4.0664157076890675,1.0079248195232413,1.3857010398574852,1.0590222099747284,1.6118145876396575
jacquelinehe/tinycomma-1.8b-llama3-tokenizer,bookmia.22.38,lord_of_the_flies,66,3.3950068713994837,10.47408676147461,0,0.0,3.0851444954975893,1.9589652046838755,2.5413826923815876,0.971179503561806,1.4867645756904921
jacquelinehe/tinycomma-1.8b-llama3-tokenizer,bookmia.22.39,lord_of_the_flies,54,3.4890025934135473,13.541967391967773,0,0.0,3.881329127565558,0.959757695264291,1.062627917862958,1.3387748481954544,0.9802336856857459
jacquelinehe/tinycomma-1.8b-llama3-tokenizer,bookmia.22.43,lord_of_the_flies,60,3.457893986487276,12.710545539855957,0,0.0,3.6758054438701997,1.692875107416233,1.296532126971296,1.3422780968189476,2.1213572725108962
jacquelinehe/tinycomma-1.8b-llama3-tokenizer,bookmia.22.44,lord_of_the_flies,70,3.1499204350036702,13.512038230895996,0,0.0,4.289644297278973,1.1254580503505847,2.055135442291179,1.195209440155709,1.270152610158329
jacquelinehe/tinycomma-1.8b-llama3-tokenizer,bookmia.22.45,lord_of_the_flies,64,3.320814464655996,11.47691535949707,0,0.0,3.4560543751082364,1.0058134222826556,1.2005151925704725,1.1226936201948465,1.1343708125229397
jacquelinehe/tinycomma-1.8b-llama3-tokenizer,bookmia.22.46,lord_of_the_flies,60,2.738118581456365,12.053646087646484,0,0.0,4.4021636496237235,1.334503631539869,1.7685937533509533,1.3729677879984374,3.1127783229692407
jacquelinehe/tinycomma-1.8b-llama3-tokenizer,bookmia.22.48,lord_of_the_flies,61,3.8841412050313635,12.767087936401367,0,0.0,3.2869783209383283,2.7684095094038037,1.6302385089289764,1.9556602996381838,1.621646049281407
jacquelinehe/tinycomma-1.8b-llama3-tokenizer,bookmia.22.52,lord_of_the_flies,63,3.319880066816473,12.691046714782715,0,0.0,3.8227425266457042,1.3603236266763494,1.7433365756819832,1.718948597895428,1.8359817342106475
jacquelinehe/tinycomma-1.8b-llama3-tokenizer,bookmia.22.53,lord_of_the_flies,60,3.0659424953579824,10.038150787353516,0,0.0,3.27408319058556,2.248919439507486,1.1196510244299829,1.3604857755487962,0.8852411892023435
jacquelinehe/tinycomma-1.8b-llama3-tokenizer,bookmia.22.57,lord_of_the_flies,66,4.116359116862331,12.484434127807617,0,0.0,3.032882645410151,1.5930003615711636,1.8299612683535518,1.6808238893098462,1.3356791895442002
jacquelinehe/tinycomma-1.8b-llama3-tokenizer,bookmia.22.59,lord_of_the_flies,67,3.2338257327453412,13.177434921264648,0,0.0,4.074874779995558,1.1275387910059524,1.1647684133262062,1.7219762445179227,1.3943722745194207
jacquelinehe/tinycomma-1.8b-llama3-tokenizer,bookmia.22.61,lord_of_the_flies,67,2.714879516096014,13.7915678024292,0,0.0,5.0799925818665495,1.679102977395753,1.186405496739114,1.02527568511311,1.0449011935883985
jacquelinehe/tinycomma-1.8b-llama3-tokenizer,bookmia.22.62,lord_of_the_flies,67,3.4246288749398905,12.828381538391113,0,0.0,3.7459187569970713,1.105938493136634,2.1799152458328246,1.1783062508227151,1.7493550283784989
jacquelinehe/tinycomma-1.8b-llama3-tokenizer,bookmia.22.66,lord_of_the_flies,60,3.3379720081206568,16.060253143310547,0,0.0,4.8113804142871714,0.9987235996834032,1.0525135550820557,1.3747227699991054,1.6386401365390226
jacquelinehe/tinycomma-1.8b-llama3-tokenizer,bookmia.22.67,lord_of_the_flies,61,3.1279399800496024,12.282526016235352,0,0.0,3.9267140976408945,2.610920737633797,0.9513961384331424,1.0478026257280846,1.8041839828832935
jacquelinehe/tinycomma-1.8b-llama3-tokenizer,bookmia.22.68,lord_of_the_flies,70,3.548492572908955,15.945740699768066,0,0.0,4.493666077112906,1.0144491703014238,1.205859918254274,1.1320341410788262,1.1073914669678395
jacquelinehe/tinycomma-1.8b-llama3-tokenizer,bookmia.22.70,lord_of_the_flies,56,2.9372375205608217,16.47072982788086,0,0.0,5.60755802436298,0.9481854648343351,1.1082747739645842,1.2104303550919489,1.1430999313715495
jacquelinehe/tinycomma-1.8b-llama3-tokenizer,bookmia.22.77,lord_of_the_flies,63,2.491122352707039,2.6583490476037697,39,0.6190476190476191,1.0671290571958498,1.0935173887813276,1.1730086192326532,1.8022671136876305,1.517965461543918
jacquelinehe/tinycomma-1.8b-llama3-tokenizer,bookmia.22.78,lord_of_the_flies,74,2.987641346364005,15.016128540039062,0,0.0,5.026081379652169,1.0550531843164013,1.3446599424724632,1.5607339643105258,1.5365331695185098
jacquelinehe/tinycomma-1.8b-llama3-tokenizer,bookmia.22.79,lord_of_the_flies,62,2.852271629259884,13.488677024841309,0,0.0,4.729099741577344,1.423642454521214,2.879856260776744,1.1113866851789806,2.402767270477563
jacquelinehe/tinycomma-1.8b-llama3-tokenizer,bookmia.22.85,lord_of_the_flies,63,3.342028553678935,4.568239212036133,1,0.015873015873015872,1.3669060986948702,1.816720924314486,1.654601956057355,1.7978285669138543,2.2345850797139106
jacquelinehe/tinycomma-1.8b-llama3-tokenizer,bookmia.22.86,lord_of_the_flies,57,3.9278265935483208,12.394777297973633,0,0.0,3.155632511458821,2.3966733371987523,1.6946970194016788,2.157897029068473,1.7086621180001853
jacquelinehe/tinycomma-1.8b-llama3-tokenizer,bookmia.22.88,lord_of_the_flies,59,4.776150790548299,5.477314154307048,2,0.03389830508474576,1.1468051145173863,1.6761331257956338,1.061337866920246,2.490647911493066,1.1801546741032483
jacquelinehe/tinycomma-1.8b-llama3-tokenizer,bookmia.22.89,lord_of_the_flies,69,2.7657840029316265,12.087953567504883,0,0.0,4.370534197425435,1.0227080273158575,1.0775569835863859,1.3406914540934263,2.534645350242297
jacquelinehe/tinycomma-1.8b-llama3-tokenizer,bookmia.22.90,lord_of_the_flies,61,3.2326407936081045,8.257282257080078,0,0.0,2.5543457452517426,1.8065999589677966,1.51743213309793,2.302708532032591,1.9148589261869011
jacquelinehe/tinycomma-1.8b-llama3-tokenizer,bookmia.22.91,lord_of_the_flies,74,2.8396426759065583,15.563220024108887,0,0.0,5.4806966229088365,1.1327880679659514,1.1949243852794975,1.3668340498935123,3.6675655233478857
jacquelinehe/tinycomma-1.8b-llama3-tokenizer,bookmia.22.92,lord_of_the_flies,63,2.427886960072635,2.6663253704706826,5,0.07936507936507936,1.0982082009250191,1.136625392548184,1.255521691094872,1.0232820095183912,2.275174170218703
jacquelinehe/tinycomma-1.8b-llama3-tokenizer,bookmia.22.94,lord_of_the_flies,68,2.8306927238077417,13.223310470581055,0,0.0,4.671404409021673,1.695351058709582,1.5203890040998758,0.9570555872720051,0.9769391166344625
jacquelinehe/tinycomma-1.8b-llama3-tokenizer,bookmia.22.95,lord_of_the_flies,65,4.292598118338412,12.767467498779297,0,0.0,2.974298349578869,1.5423230411285982,1.1090425069282908,1.1489682551607174,1.0419708854353276
jacquelinehe/tinycomma-1.8b-llama3-tokenizer,bookmia.22.96,lord_of_the_flies,72,3.3454711353988387,18.159666061401367,0,0.0,5.42813413311259,1.2012751139892976,1.2338013323672463,0.9228641444693275,1.0871446967022216
jacquelinehe/tinycomma-1.8b-llama3-tokenizer,bookmia.22.97,lord_of_the_flies,63,2.976778940371578,10.854434967041016,0,0.0,3.6463691743553204,1.6022774143793,1.732003808404279,3.2169640877971863,1.509962285639738
jacquelinehe/tinycomma-1.8b-llama3-tokenizer,bookmia.22.98,lord_of_the_flies,63,3.4093579095049154,16.153045654296875,0,0.0,4.737855655830078,0.9397120055511279,0.9728713055950067,1.0182948959265241,1.83835438017765
jacquelinehe/tinycomma-1.8b-llama3-tokenizer,bookmia.22.99,lord_of_the_flies,63,3.4041955208568466,17.78119659423828,0,0.0,5.22331825105119,1.1055403560992099,1.4616497072298493,2.829416074826418,1.3829044124752738
