model,id,split,novel,n_tok,n_char,total_nats,s_rate,k_crit,uncertified_width,nats_per_tok
jacquelinehe/tinycomma-1.8b-llama3-tokenizer,bookmia100.00.000,attack_train,1984,54,248,144.1265677921474,0.5811555152909169,3.0592657725016275,5.264108645635427,2.669010514669396
jacquelinehe/tinycomma-1.8b-llama3-tokenizer,bookmia100.00.001,attack_train,1984,54,245,157.96521928326547,0.6447559970745529,2.6421493530273437,4.097905820210359,2.9252818385789903
jacquelinehe/tinycomma-1.8b-llama3-tokenizer,bookmia100.00.002,attack_train,1984,49,247,168.60010477900505,0.6825915173239071,3.034170627593994,4.445075203233448,3.4408184648776543
jacquelinehe/tinycomma-1.8b-llama3-tokenizer,bookmia100.00.003,attack_train,1984,56,248,177.80695442529395,0.7169635259084434,4.708111763000488,6.566738185230522,3.1751241861659634
jacquelinehe/tinycomma-1.8b-llama3-tokenizer,bookmia100.00.004,attack_train,1984,64,248,185.7715003110934,0.749078630286667,3.0847814083099365,4.118100935718074,2.9026796923608345
jacquelinehe/tinycomma-1.8b-llama3-tokenizer,bookmia100.00.005,attack_train,1984,65,249,194.5031354605453,0.7811370902029932,2.8323111534118652,3.6258823053400726,2.9923559301622356
jacquelinehe/tinycomma-1.8b-llama3-tokenizer,bookmia100.00.006,attack_train,1984,56,249,187.2477185903117,0.7519988698406093,1.894136905670166,2.5188028621261624,3.3437092605412806
jacquelinehe/tinycomma-1.8b-llama3-tokenizer,bookmia100.00.007,attack_train,1984,74,248,141.7765784215917,0.5716797516999665,14.572522163391113,25.490708950348093,1.9158997083998877
jacquelinehe/tinycomma-1.8b-llama3-tokenizer,bookmia100.00.008,attack_train,1984,60,246,151.26605805940926,0.614902675038249,6.33048152923584,10.295095120283975,2.521100967656821
jacquelinehe/tinycomma-1.8b-llama3-tokenizer,bookmia100.00.009,attack_train,1984,58,246,212.42677806247957,0.86352348805886,4.633203506469727,5.3654632103694615,3.662530656249648
jacquelinehe/tinycomma-1.8b-llama3-tokenizer,bookmia100.00.010,attack_train,1984,57,247,139.9577969108941,0.5666307567242677,1.6441680192947388,2.9016568546327948,2.45539994580516
jacquelinehe/tinycomma-1.8b-llama3-tokenizer,bookmia100.00.011,attack_train,1984,62,247,144.25733639439568,0.5840377991675938,2.118360996246338,3.6270957106981,2.3267312321676723
jacquelinehe/tinycomma-1.8b-llama3-tokenizer,bookmia100.00.012,attack_train,1984,49,240,142.83540336415172,0.5951475140172988,1.767626953125,2.9700652552395965,2.9150082319214636
jacquelinehe/tinycomma-1.8b-llama3-tokenizer,bookmia100.00.013,attack_train,1984,54,248,190.87467127293348,0.7696559325521511,4.514528592427571,5.865645155826394,3.5347161346839533
jacquelinehe/tinycomma-1.8b-llama3-tokenizer,bookmia100.00.014,attack_train,1984,58,248,173.53733993251808,0.6997473384375729,1.6935558319091797,2.4202390475548317,2.9920231022847945
jacquelinehe/tinycomma-1.8b-llama3-tokenizer,bookmia100.00.015,attack_train,1984,51,247,172.10128331836313,0.6967663292241423,1.7808626492818196,2.5558965388939385,3.374534967026728
jacquelinehe/tinycomma-1.8b-llama3-tokenizer,bookmia100.00.016,attack_train,1984,64,184,224.27822270430624,1.2189033842625339,2.9181163787841795,2.3940506002858553,3.504347229754785
jacquelinehe/tinycomma-1.8b-llama3-tokenizer,bookmia100.00.017,attack_train,1984,49,247,136.5802905149758,0.5529566417610355,2.320197105407715,4.195983790010078,2.787352867652567
jacquelinehe/tinycomma-1.8b-llama3-tokenizer,bookmia100.00.018,attack_train,1984,48,244,136.74563120261882,0.5604329147648313,5.301642417907715,9.459905509176577,2.8488673167212255
jacquelinehe/tinycomma-1.8b-llama3-tokenizer,bookmia100.00.019,attack_train,1984,75,218,257.83941303298343,1.1827496010687313,4.59367036819458,3.8838908624815804,3.437858840439779
jacquelinehe/tinycomma-1.8b-llama3-tokenizer,bookmia100.00.020,attack_train,1984,66,246,189.63283689133823,0.7708651906151961,1.767104721069336,2.2923654389674564,2.8732248013839126
jacquelinehe/tinycomma-1.8b-llama3-tokenizer,bookmia100.00.021,attack_train,1984,46,245,145.59707140363753,0.5942737608311736,1.5209588209788005,2.5593571872524383,3.165153726166033
jacquelinehe/tinycomma-1.8b-llama3-tokenizer,bookmia100.00.022,attack_train,1984,52,247,143.87592310085893,0.5824936157929511,3.210313320159912,5.511327906641,2.7668446750165177
jacquelinehe/tinycomma-1.8b-llama3-tokenizer,bookmia100.00.023,attack_train,1984,68,246,169.11237852535123,0.6874486931924847,2.9441568851470947,4.282729626664277,2.486946743019871
jacquelinehe/tinycomma-1.8b-llama3-tokenizer,bookmia100.00.024,attack_train,1984,77,248,265.1705780811608,1.0692362019401644,6.644495010375977,6.214244334712312,3.4437737413137763
jacquelinehe/tinycomma-1.8b-llama3-tokenizer,bookmia100.00.025,attack_train,1984,92,248,258.4744124969511,1.0422355342618996,3.4952238986366675,3.353583507505286,2.8095044836625123
jacquelinehe/tinycomma-1.8b-llama3-tokenizer,bookmia100.00.026,attack_train,1984,54,249,152.2591950967908,0.6114827112320915,2.5907320022583007,4.236803354649506,2.8196147240146443
jacquelinehe/tinycomma-1.8b-llama3-tokenizer,bookmia100.00.027,attack_train,1984,69,247,129.64822535433268,0.5248916006248286,3.887916326522827,7.407084285392772,1.878959787743952
jacquelinehe/tinycomma-1.8b-llama3-tokenizer,bookmia100.00.028,attack_train,1984,54,248,177.894977012882,0.7173184556971048,1.8885100682576497,2.6327359253880576,3.2943514261644817
jacquelinehe/tinycomma-1.8b-llama3-tokenizer,bookmia100.00.029,attack_train,1984,64,244,166.75556437203704,0.6834244441476928,3.3462910652160645,4.89635846928078,2.605555693313079
jacquelinehe/tinycomma-1.8b-llama3-tokenizer,bookmia100.00.030,attack_train,1984,58,245,181.03013349650428,0.7388985040673643,4.112534840901692,5.56576419936392,3.121209198215591
jacquelinehe/tinycomma-1.8b-llama3-tokenizer,bookmia100.00.031,attack_train,1984,50,241,159.23991578089772,0.660746538509949,2.6660091400146486,4.034843899487951,3.1847983156179542
jacquelinehe/tinycomma-1.8b-llama3-tokenizer,bookmia100.00.032,attack_train,1984,59,249,176.50063853291795,0.7088379057546905,5.234322547912598,7.384371667228606,2.991536246320643
jacquelinehe/tinycomma-1.8b-llama3-tokenizer,bookmia100.00.033,attack_train,1984,65,243,121.33205273701606,0.49930885900006605,3.255882501602173,6.520778558030235,1.8666469651848625
jacquelinehe/tinycomma-1.8b-llama3-tokenizer,bookmia100.00.034,attack_train,1984,55,247,147.2849903423339,0.5962955074588417,7.663703918457031,12.852191275289803,2.677908915315162
jacquelinehe/tinycomma-1.8b-llama3-tokenizer,bookmia100.00.035,attack_train,1984,46,244,134.1224767882377,0.5496822819190069,7.005342483520508,12.744348351676926,2.915706017135602
jacquelinehe/tinycomma-1.8b-llama3-tokenizer,bookmia100.00.036,attack_train,1984,59,249,172.09686087281443,0.6911520516980499,2.4465389251708984,3.5397983977044474,2.916895946996855
jacquelinehe/tinycomma-1.8b-llama3-tokenizer,bookmia100.00.037,attack_train,1984,48,246,150.620229072636,0.6122773539538049,6.29400110244751,10.279656861067542,3.1379214390132497
jacquelinehe/tinycomma-1.8b-llama3-tokenizer,bookmia100.00.038,attack_train,1984,52,246,212.42568977433257,0.8635190641233031,2.2686233520507812,2.6271838646133716,4.085109418737165
jacquelinehe/tinycomma-1.8b-llama3-tokenizer,bookmia100.00.039,attack_train,1984,58,242,188.0087842757348,0.7768958027922925,7.745683670043945,9.970041854010116,3.2415307633747377
jacquelinehe/tinycomma-1.8b-llama3-tokenizer,bookmia100.00.040,attack_train,1984,55,248,160.42383764125407,0.6468703130695729,3.285353183746338,5.078843652843577,2.916797048022801
jacquelinehe/tinycomma-1.8b-llama3-tokenizer,bookmia100.00.041,attack_train,1984,56,246,172.0400502833072,0.6993497978996228,2.3977071762084963,3.4284805449427433,3.072143755059057
jacquelinehe/tinycomma-1.8b-llama3-tokenizer,bookmia100.00.042,attack_train,1984,59,244,165.2118783313781,0.6770978620138447,4.416810989379883,6.523150104540681,2.8002013276504765
jacquelinehe/tinycomma-1.8b-llama3-tokenizer,bookmia100.00.043,attack_train,1984,54,247,172.6838133984711,0.6991247506010976,2.3283252716064453,3.330343074829756,3.1978483962679833
jacquelinehe/tinycomma-1.8b-llama3-tokenizer,bookmia100.00.044,attack_train,1984,50,236,196.94613246360677,0.8345175104390118,3.5235633850097656,4.222276154704216,3.9389226492721354
jacquelinehe/tinycomma-1.8b-llama3-tokenizer,bookmia100.00.045,attack_train,1984,55,246,143.70950225763954,0.58418496852699,5.94520378112793,10.176920156159847,2.612900041047992
jacquelinehe/tinycomma-1.8b-llama3-tokenizer,bookmia100.00.046,attack_train,1984,46,236,146.97705571271945,0.6227841343759298,2.7733567555745444,4.453158971934357,3.1951533850591183
jacquelinehe/tinycomma-1.8b-llama3-tokenizer,bookmia100.00.047,attack_train,1984,55,246,164.80457422707696,0.6699372936060038,5.707444508870442,8.519371235701117,2.996446804128672
jacquelinehe/tinycomma-1.8b-llama3-tokenizer,bookmia100.00.048,attack_train,1984,51,245,140.87919591227546,0.575017126172553,1.4240311516655817,2.4765021541954106,2.7623371747504994
jacquelinehe/tinycomma-1.8b-llama3-tokenizer,bookmia100.00.049,attack_train,1984,56,245,184.46510011469945,0.7529187759783651,2.230686823527018,2.9627190803262904,3.2940196449053474
jacquelinehe/tinycomma-1.8b-llama3-tokenizer,bookmia100.00.050,attack_train,1984,51,248,166.69057089276612,0.6721393987611537,1.943037748336792,2.890825551839515,3.268442566524826
jacquelinehe/tinycomma-1.8b-llama3-tokenizer,bookmia100.00.051,attack_train,1984,57,249,240.39674405008554,0.9654487712854841,4.58366584777832,4.7477048851335955,4.217486737720799
jacquelinehe/tinycomma-1.8b-llama3-tokenizer,bookmia100.00.052,attack_train,1984,57,249,152.13545314222574,0.610985755591268,3.0570446014404298,5.003462966959094,2.6690430375829077
jacquelinehe/tinycomma-1.8b-llama3-tokenizer,bookmia100.00.053,attack_train,1984,57,246,197.58210711926222,0.8031792972327733,7.73341703414917,9.62850643784449,3.4663527564782846
jacquelinehe/tinycomma-1.8b-llama3-tokenizer,bookmia100.00.054,attack_train,1984,55,249,184.68489267351106,0.7417063962791609,2.1966459967873315,2.9616112356681974,3.357907139518383
jacquelinehe/tinycomma-1.8b-llama3-tokenizer,bookmia100.00.055,attack_train,1984,59,246,162.11432421696372,0.6590013179551371,4.941917101542155,7.4991004826466625,2.7477004104570124
jacquelinehe/tinycomma-1.8b-llama3-tokenizer,bookmia100.00.056,attack_train,1984,56,248,184.3440147957881,0.7433226403055971,3.0056238174438477,4.043498279842742,3.2918574070676447
jacquelinehe/tinycomma-1.8b-llama3-tokenizer,bookmia100.00.057,attack_train,1984,51,244,131.91758584976196,0.5406458436465654,4.818487803141276,8.91246619162257,2.5866193303874896
jacquelinehe/tinycomma-1.8b-llama3-tokenizer,bookmia100.00.058,attack_train,1984,45,249,154.8208135069617,0.6217703353693241,3.0272254943847656,4.868719722028279,3.4404625223769267
jacquelinehe/tinycomma-1.8b-llama3-tokenizer,bookmia100.00.059,attack_train,1984,53,248,209.38626656471752,0.8442994619545061,2.7078483581542967,3.207213175152071,3.9506842748059907
jacquelinehe/tinycomma-1.8b-llama3-tokenizer,bookmia100.00.060,attack_train,1984,52,248,145.4559025147464,0.5865157359465581,3.9603583017985025,6.752347906586023,2.797228894514354
jacquelinehe/tinycomma-1.8b-llama3-tokenizer,bookmia100.00.061,attack_train,1984,53,243,155.4935256280005,0.6398910519670803,5.4635772705078125,8.538292969892773,2.9338401061886885
jacquelinehe/tinycomma-1.8b-llama3-tokenizer,bookmia100.00.062,attack_train,1984,48,241,147.19113098131493,0.6107515808353317,17.102664947509766,28.002653589726716,3.066481895444061
jacquelinehe/tinycomma-1.8b-llama3-tokenizer,bookmia100.00.063,attack_train,1984,50,242,182.11693174764514,0.7525493047423353,7.304347991943359,9.706138781756351,3.6423386349529028
jacquelinehe/tinycomma-1.8b-llama3-tokenizer,bookmia100.00.064,attack_train,1984,54,239,139.13941511849407,0.5821732850146195,4.874776840209961,8.373412119189814,2.576655835527668
jacquelinehe/tinycomma-1.8b-llama3-tokenizer,bookmia100.00.065,attack_train,1984,65,249,165.77370134420926,0.665757836723732,1.720666527748108,2.584523129634791,2.550364636064758
jacquelinehe/tinycomma-1.8b-llama3-tokenizer,bookmia100.00.066,attack_train,1984,50,248,203.15029807388783,0.8191544277172896,2.38463134765625,2.9110888825949743,4.0630059614777565
jacquelinehe/tinycomma-1.8b-llama3-tokenizer,bookmia100.00.067,attack_train,1984,63,249,167.60176146472804,0.673099443633446,4.077295303344727,6.057493200908253,2.6603454200750485
jacquelinehe/tinycomma-1.8b-llama3-tokenizer,bookmia100.00.068,attack_train,1984,55,249,171.93249003367964,0.690491927846103,5.705851236979167,8.263458277894435,3.12604527333963
jacquelinehe/tinycomma-1.8b-llama3-tokenizer,bookmia100.00.069,attack_train,1984,58,245,155.85971250664443,0.6361620918638549,8.561934471130371,13.458731006818168,2.6872364225283523
jacquelinehe/tinycomma-1.8b-llama3-tokenizer,bookmia100.00.070,attack_train,1984,49,246,184.06350175989792,0.7482256169101541,4.16721773147583,5.5694667989110345,3.7563979950999573
jacquelinehe/tinycomma-1.8b-llama3-tokenizer,bookmia100.00.071,attack_train,1984,59,247,179.72379183396697,0.7276266875869108,7.450527191162109,10.239491374170063,3.0461659632875757
jacquelinehe/tinycomma-1.8b-llama3-tokenizer,bookmia100.00.072,attack_train,1984,91,246,238.41322662608582,0.9691594578296171,4.007623354593913,4.135153737826363,2.6199255673196244
jacquelinehe/tinycomma-1.8b-llama3-tokenizer,bookmia100.00.073,attack_train,1984,54,247,179.0630818977952,0.7249517485740696,7.501542091369629,10.34764328263867,3.3159829981073186
jacquelinehe/tinycomma-1.8b-llama3-tokenizer,bookmia100.00.074,attack_train,1984,47,213,128.5626269262284,0.6035804081043588,15.285514831542969,25.324736565836496,2.735375040983583
jacquelinehe/tinycomma-1.8b-llama3-tokenizer,bookmia100.00.075,attack_train,1984,54,246,161.48778423271142,0.6564544074500465,5.133563995361328,7.82013790615302,2.9905145228279895
jacquelinehe/tinycomma-1.8b-llama3-tokenizer,bookmia100.00.076,attack_train,1984,54,248,191.48401902243495,0.7721129799291732,16.72646141052246,21.663230440779273,3.546000352267314
jacquelinehe/tinycomma-1.8b-llama3-tokenizer,bookmia100.00.077,attack_train,1984,60,243,168.372072989936,0.6928891892589958,3.989051580429077,5.757127751834508,2.806201216498933
jacquelinehe/tinycomma-1.8b-llama3-tokenizer,bookmia100.00.078,attack_train,1984,61,244,206.31316431146115,0.8455457553748408,3.6528425216674805,4.320100359380469,3.382183021499363
jacquelinehe/tinycomma-1.8b-llama3-tokenizer,bookmia100.00.079,attack_train,1984,53,247,164.2172912840033,0.6648473331336165,4.334026336669922,6.518829392369539,3.0984394581887416
jacquelinehe/tinycomma-1.8b-llama3-tokenizer,bookmia100.00.080,attack_train,1984,58,244,161.8959437473677,0.6635079661777366,2.010186513264974,3.029634331061667,2.791309374954616
jacquelinehe/tinycomma-1.8b-llama3-tokenizer,bookmia100.00.081,attack_train,1984,59,245,174.8925570716001,0.7138471717208167,4.176703929901123,5.85097776577676,2.964280628332205
jacquelinehe/tinycomma-1.8b-llama3-tokenizer,bookmia100.00.082,attack_train,1984,55,247,179.36351115442812,0.7261680613539601,5.306816101074219,7.307972332437089,3.2611547482623293
jacquelinehe/tinycomma-1.8b-llama3-tokenizer,bookmia100.00.083,attack_train,1984,44,237,160.08470818772912,0.6754629037456925,3.6479766368865967,5.4007061182149485,3.638288822448389
jacquelinehe/tinycomma-1.8b-llama3-tokenizer,bookmia100.00.084,attack_train,1984,52,247,177.4811017215252,0.7185469705324906,2.1750860611597695,3.0270617654234733,3.4130981100293307
jacquelinehe/tinycomma-1.8b-llama3-tokenizer,bookmia100.00.085,attack_train,1984,58,248,150.6427237962489,0.6074303378881004,1.742394038609096,2.868467262710339,2.5972883413146364
jacquelinehe/tinycomma-1.8b-llama3-tokenizer,bookmia100.00.086,attack_train,1984,51,246,147.30298478645273,0.5987926210831411,2.7517669677734373,4.595525847990301,2.8882938193422105
jacquelinehe/tinycomma-1.8b-llama3-tokenizer,bookmia100.00.087,attack_train,1984,53,245,160.69894380646292,0.6559140563529099,1.1127742528915405,1.6965244792571121,3.0320555435181684
jacquelinehe/tinycomma-1.8b-llama3-tokenizer,bookmia100.00.088,attack_train,1984,56,243,151.25436130422167,0.6224459312930933,5.544566472371419,8.907707792149788,2.700970737575387
jacquelinehe/tinycomma-1.8b-llama3-tokenizer,bookmia100.00.089,attack_train,1984,50,248,195.55460317712277,0.7885266257142047,4.232072830200195,5.367063954710487,3.9110920635424553
jacquelinehe/tinycomma-1.8b-llama3-tokenizer,bookmia100.00.090,attack_train,1984,96,249,244.34289030639047,0.9812967482184356,4.817684173583984,4.909507936646676,2.5452384406915676
jacquelinehe/tinycomma-1.8b-llama3-tokenizer,bookmia100.00.091,attack_train,1984,54,243,173.3429239280522,0.7133453659590625,12.209359169006348,17.115635359306474,3.2100541468157813
jacquelinehe/tinycomma-1.8b-llama3-tokenizer,bookmia100.00.092,attack_train,1984,53,245,149.15226084552705,0.6087847381450083,2.2409040451049806,3.68094649010602,2.814193600859001
jacquelinehe/tinycomma-1.8b-llama3-tokenizer,bookmia100.00.093,attack_train,1984,55,248,166.9614358828403,0.6732315963017754,3.813868840535482,5.665017597935078,3.0356624705970963
jacquelinehe/tinycomma-1.8b-llama3-tokenizer,bookmia100.00.094,attack_train,1984,63,240,140.018846034538,0.5834118584772416,2.824061257498605,4.840596255396083,2.2225213656275873
jacquelinehe/tinycomma-1.8b-llama3-tokenizer,bookmia100.00.095,attack_train,1984,52,248,158.21565451368224,0.6379663488454929,4.164760589599609,6.528182242114247,3.0426087406477356
jacquelinehe/tinycomma-1.8b-llama3-tokenizer,bookmia100.00.096,attack_train,1984,53,241,170.18439358100295,0.7061593094647425,8.2857084274292,11.733483247157974,3.2110262939811878
jacquelinehe/tinycomma-1.8b-llama3-tokenizer,bookmia100.00.097,attack_train,1984,45,248,134.26323329750448,0.5413840052318729,2.3824222087860107,4.400614325067893,2.9836274066112107
jacquelinehe/tinycomma-1.8b-llama3-tokenizer,bookmia100.00.098,attack_train,1984,50,216,153.97579466865864,0.71285090124379,3.9285173416137695,5.510994423601415,3.0795158933731726
jacquelinehe/tinycomma-1.8b-llama3-tokenizer,bookmia100.00.099,attack_train,1984,65,245,205.79705628601369,0.8399879848408722,2.097178268432617,2.4966765076168413,3.166108558246364
jacquelinehe/tinycomma-1.8b-llama3-tokenizer,bookmia100.06.000,attack_train,bartleby the scrivener a story of wall street,50,245,203.5727205608273,0.8309090635135807,4.399443626403809,5.29473539234285,4.071454411216546
jacquelinehe/tinycomma-1.8b-llama3-tokenizer,bookmia100.06.001,attack_train,bartleby the scrivener a story of wall street,54,245,170.32519755046815,0.6952048879610945,3.387430429458618,4.872564172259082,3.1541703250086695
jacquelinehe/tinycomma-1.8b-llama3-tokenizer,bookmia100.06.002,attack_train,bartleby the scrivener a story of wall street,65,248,215.99441474000923,0.8709452207258437,3.4232378005981445,3.930485774691118,3.3229909960001422
jacquelinehe/tinycomma-1.8b-llama3-tokenizer,bookmia100.06.003,attack_train,bartleby the scrivener a story of wall street,64,249,195.2933820730541,0.7843107713777273,6.537232875823975,8.335003310410507,3.05145909489147
jacquelinehe/tinycomma-1.8b-llama3-tokenizer,bookmia100.06.004,attack_train,bartleby the scrivener a story of wall street,57,248,152.51398452976719,0.6149757440716419,2.7913217544555664,4.538913577265236,2.6756839391187226
jacquelinehe/tinycomma-1.8b-llama3-tokenizer,bookmia100.06.005,attack_train,bartleby the scrivener a story of wall street,55,237,187.785842492769,0.7923453269737089,3.537863254547119,4.4650522115902005,3.414288045323073
jacquelinehe/tinycomma-1.8b-llama3-tokenizer,bookmia100.06.006,attack_train,bartleby the scrivener a story of wall street,57,248,168.9437597130891,0.6812248375527786,8.563024520874023,12.570041561660755,2.963925609001563
jacquelinehe/tinycomma-1.8b-llama3-tokenizer,bookmia100.06.007,attack_train,bartleby the scrivener a story of wall street,52,245,186.07684332877398,0.7594973197092816,5.97897211710612,7.872275466876875,3.578400833245653
jacquelinehe/tinycomma-1.8b-llama3-tokenizer,bookmia100.06.008,attack_train,bartleby the scrivener a story of wall street,49,248,178.68803160102107,0.7205162564557301,1.9809679303850447,2.749372984489711,3.6466945224698177
jacquelinehe/tinycomma-1.8b-llama3-tokenizer,bookmia100.06.009,attack_train,bartleby the scrivener a story of wall street,64,248,206.09410230489448,0.8310246060681229,3.7882171630859376,4.558489767239696,3.220220348513976
jacquelinehe/tinycomma-1.8b-llama3-tokenizer,bookmia100.06.010,attack_train,bartleby the scrivener a story of wall street,65,248,217.11846324242651,0.8754776743646231,2.675604820251465,3.056165678003476,3.340284049883485
jacquelinehe/tinycomma-1.8b-llama3-tokenizer,bookmia100.06.011,attack_train,bartleby the scrivener a story of wall street,53,244,148.20176437404007,0.6073842802214757,4.008615493774414,6.599801187335172,2.7962597051705673
jacquelinehe/tinycomma-1.8b-llama3-tokenizer,bookmia100.06.012,attack_train,bartleby the scrivener a story of wall street,52,241,185.27630115458305,0.768781332591631,3.2869293212890627,4.275506157529253,3.5630057914342896
jacquelinehe/tinycomma-1.8b-llama3-tokenizer,bookmia100.06.013,attack_train,bartleby the scrivener a story of wall street,59,247,195.98782579414546,0.7934729789236659,3.708521842956543,4.673784667484326,3.321827555832974
jacquelinehe/tinycomma-1.8b-llama3-tokenizer,bookmia100.06.014,attack_train,bartleby the scrivener a story of wall street,57,248,206.73079590278212,0.8335919189628311,1.6881319681803386,2.025129958410274,3.626856068469862
jacquelinehe/tinycomma-1.8b-llama3-tokenizer,bookmia100.06.015,attack_train,bartleby the scrivener a story of wall street,58,240,181.76752301538363,0.7573646792307651,13.89397144317627,18.345153694370858,3.1339228106100627
jacquelinehe/tinycomma-1.8b-llama3-tokenizer,bookmia100.06.016,attack_train,bartleby the scrivener a story of wall street,55,247,182.4416486620903,0.7386301565266814,4.431545257568359,5.999680920702131,3.317120884765278
jacquelinehe/tinycomma-1.8b-llama3-tokenizer,bookmia100.06.017,attack_train,bartleby the scrivener a story of wall street,55,246,169.87321452551987,0.6905415224614629,2.5893030166625977,3.7496702695486337,3.0886039004639976
jacquelinehe/tinycomma-1.8b-llama3-tokenizer,bookmia100.06.018,attack_train,bartleby the scrivener a story of wall street,56,248,184.14659472426865,0.7425265916301156,2.03253173828125,2.73731844918726,3.2883320486476544
jacquelinehe/tinycomma-1.8b-llama3-tokenizer,bookmia100.06.019,attack_train,bartleby the scrivener a story of wall street,57,248,160.48393871216103,0.6471126560974235,3.157421112060547,4.87924487693097,2.8155076967045796
jacquelinehe/tinycomma-1.8b-llama3-tokenizer,bookmia100.06.020,attack_train,bartleby the scrivener a story of wall street,66,249,211.58601483958773,0.8497430314842881,6.215651194254558,7.314742179641501,3.205848709690723
jacquelinehe/tinycomma-1.8b-llama3-tokenizer,bookmia100.06.021,attack_train,bartleby the scrivener a story of wall street,54,248,174.21055192989297,0.7024619029431168,4.126313209533691,5.874074013474048,3.226121332035055
jacquelinehe/tinycomma-1.8b-llama3-tokenizer,bookmia100.06.022,attack_train,bartleby the scrivener a story of wall street,58,248,165.68580746510997,0.6680879333270563,1.7858889897664387,2.6731346289593487,2.8566518528467237
jacquelinehe/tinycomma-1.8b-llama3-tokenizer,bookmia100.06.023,attack_train,bartleby the scrivener a story of wall street,56,249,206.05084537807852,0.8275134352533274,15.396035194396973,18.605178524604582,3.679479381751402
jacquelinehe/tinycomma-1.8b-llama3-tokenizer,bookmia100.06.024,attack_train,bartleby the scrivener a story of wall street,60,249,190.6228295028195,0.7655535321398375,5.36350949605306,7.006054143674633,3.1770471583803253
jacquelinehe/tinycomma-1.8b-llama3-tokenizer,bookmia100.06.025,attack_train,bartleby the scrivener a story of wall street,54,246,189.53026205673814,0.770448219742838,2.1475512186686196,2.7874049983338716,3.5098196677173727
jacquelinehe/tinycomma-1.8b-llama3-tokenizer,bookmia100.06.026,attack_train,bartleby the scrivener a story of wall street,53,249,184.44420011772308,0.740739759508928,4.418058395385742,5.964386734572862,3.480079247504209
jacquelinehe/tinycomma-1.8b-llama3-tokenizer,bookmia100.06.027,attack_train,bartleby the scrivener a story of wall street,49,244,172.81603733298834,0.7082624480860178,4.919603029886882,6.946017035325585,3.526857904754864
jacquelinehe/tinycomma-1.8b-llama3-tokenizer,bookmia100.06.028,attack_train,bartleby the scrivener a story of wall street,56,249,196.51734166312963,0.7892262717394765,2.988760471343994,3.7869500526847437,3.509238243984458
jacquelinehe/tinycomma-1.8b-llama3-tokenizer,bookmia100.06.029,attack_train,bartleby the scrivener a story of wall street,59,248,171.0081065397244,0.6895488166924371,7.851639270782471,11.386632941297,2.8984424837241423
jacquelinehe/tinycomma-1.8b-llama3-tokenizer,bookmia100.06.030,attack_train,bartleby the scrivener a story of wall street,67,248,169.82167160778772,0.6847648048701118,2.3965206146240234,3.499771888946019,2.5346518150416077
jacquelinehe/tinycomma-1.8b-llama3-tokenizer,bookmia100.06.031,attack_train,bartleby the scrivener a story of wall street,71,248,168.61643675653613,0.6799049869215167,5.318980852762858,7.823123752696997,2.3748793909371284
jacquelinehe/tinycomma-1.8b-llama3-tokenizer,bookmia100.06.032,attack_train,bartleby the scrivener a story of wall street,59,248,169.2598079405725,0.6824992255668246,3.3202080726623535,4.864779252906663,2.8688103040775
jacquelinehe/tinycomma-1.8b-llama3-tokenizer,bookmia100.06.033,attack_train,bartleby the scrivener a story of wall street,52,245,197.11107482481748,0.8045349992849693,2.0219786167144775,2.5132264208661046,3.7905975927849513
jacquelinehe/tinycomma-1.8b-llama3-tokenizer,bookmia100.06.034,attack_train,bartleby the scrivener a story of wall street,59,249,181.70509358122945,0.7297393316515239,1.3669922351837158,1.873261006899519,3.0797473488343976
jacquelinehe/tinycomma-1.8b-llama3-tokenizer,bookmia100.06.035,attack_train,bartleby the scrivener a story of wall street,51,249,175.40448162611574,0.7044356691811877,4.875769933064778,6.921526189513102,3.439303561296387
jacquelinehe/tinycomma-1.8b-llama3-tokenizer,bookmia100.06.036,attack_train,bartleby the scrivener a story of wall street,51,247,190.40652363747358,0.7708766139168971,2.4641966138567244,3.1966161242535405,3.7334612477935996
jacquelinehe/tinycomma-1.8b-llama3-tokenizer,bookmia100.06.037,attack_train,bartleby the scrivener a story of wall street,56,242,173.44548405706882,0.7167168762688795,2.3862929344177246,3.3294778083647305,3.097240786733372
jacquelinehe/tinycomma-1.8b-llama3-tokenizer,bookmia100.06.038,attack_train,bartleby the scrivener a story of wall street,68,248,130.15306056011468,0.5248107280649785,5.542653401692708,10.561242568590279,1.9140155964722747
jacquelinehe/tinycomma-1.8b-llama3-tokenizer,bookmia100.06.039,attack_train,bartleby the scrivener a story of wall street,62,244,164.9720269208774,0.6761148644298254,14.177475929260254,20.969034516370623,2.660839143885119
jacquelinehe/tinycomma-1.8b-llama3-tokenizer,bookmia100.06.040,attack_train,bartleby the scrivener a story of wall street,51,247,166.2337382733822,0.6730110861270534,4.303768157958984,6.394795340929204,3.2594850641839646
jacquelinehe/tinycomma-1.8b-llama3-tokenizer,bookmia100.06.041,attack_train,bartleby the scrivener a story of wall street,58,242,158.6656693060213,0.6556432615951293,6.185401280721028,9.434095708804245,2.73561498803485
jacquelinehe/tinycomma-1.8b-llama3-tokenizer,bookmia100.06.042,attack_train,bartleby the scrivener a story of wall street,60,249,198.0116526093916,0.795227520519645,2.791670322418213,3.5105303204219886,3.3001942101565267
jacquelinehe/tinycomma-1.8b-llama3-tokenizer,bookmia100.06.043,attack_train,bartleby the scrivener a story of wall street,48,247,194.48061033152044,0.7873708920304471,2.145280361175537,2.724612228988242,4.051679381906676
jacquelinehe/tinycomma-1.8b-llama3-tokenizer,bookmia100.06.044,attack_train,bartleby the scrivener a story of wall street,54,248,195.17705374909565,0.7870042489882889,8.135964393615723,10.337891318979132,3.614389884242512
jacquelinehe/tinycomma-1.8b-llama3-tokenizer,bookmia100.06.045,attack_train,bartleby the scrivener a story of wall street,55,243,201.3580874260515,0.8286341046339568,2.228036721547445,2.688806445556165,3.661056135019118
jacquelinehe/tinycomma-1.8b-llama3-tokenizer,bookmia100.06.046,attack_train,bartleby the scrivener a story of wall street,58,244,144.110588921234,0.5906171677099754,3.056588888168335,5.175245582548463,2.4846653262281726
jacquelinehe/tinycomma-1.8b-llama3-tokenizer,bookmia100.06.047,attack_train,bartleby the scrivener a story of wall street,53,246,159.76918440312147,0.6494682292809816,4.212110837300618,6.485476344183603,3.0145129132664428
jacquelinehe/tinycomma-1.8b-llama3-tokenizer,bookmia100.06.048,attack_train,bartleby the scrivener a story of wall street,54,245,197.65980636049062,0.8067747198387373,7.451697826385498,9.236404715153922,3.66036678445353
jacquelinehe/tinycomma-1.8b-llama3-tokenizer,bookmia100.06.049,attack_train,bartleby the scrivener a story of wall street,68,245,164.1668054529,0.6700685936853061,7.758007049560547,11.577929666711182,2.4142177272485297
jacquelinehe/tinycomma-1.8b-llama3-tokenizer,bookmia100.06.050,attack_train,bartleby the scrivener a story of wall street,54,247,146.3158351369202,0.5923718021737661,4.619480133056641,7.798278236919799,2.7095525025355593
jacquelinehe/tinycomma-1.8b-llama3-tokenizer,bookmia100.06.051,attack_train,bartleby the scrivener a story of wall street,58,249,177.27557079994585,0.7119500835339191,8.716241836547852,12.242771000577582,3.056475358619756
jacquelinehe/tinycomma-1.8b-llama3-tokenizer,bookmia100.06.052,attack_train,bartleby the scrivener a story of wall street,67,248,194.62656616792083,0.7847845409996808,3.112535238265991,3.966101618542531,2.904874121909266
jacquelinehe/tinycomma-1.8b-llama3-tokenizer,bookmia100.06.053,attack_train,bartleby the scrivener a story of wall street,64,247,186.60000730189495,0.7554656166068622,3.8368708292643228,5.078815957895537,2.9156251140921086
jacquelinehe/tinycomma-1.8b-llama3-tokenizer,bookmia100.06.054,attack_train,bartleby the scrivener a story of wall street,57,244,160.36548699019477,0.657235602418831,3.8309857845306396,5.828938314405706,2.8134295963192066
jacquelinehe/tinycomma-1.8b-llama3-tokenizer,bookmia100.06.055,attack_train,bartleby the scrivener a story of wall street,62,249,170.10180122964084,0.6831397639744612,6.650825500488281,9.735673212453959,2.7435774391877557
jacquelinehe/tinycomma-1.8b-llama3-tokenizer,bookmia100.06.056,attack_train,bartleby the scrivener a story of wall street,55,249,174.64301129500382,0.7013775554016217,2.4704407283238004,3.5222694386180926,3.1753274780909786
jacquelinehe/tinycomma-1.8b-llama3-tokenizer,bookmia100.06.057,attack_train,bartleby the scrivener a story of wall street,56,243,215.86195100401528,0.8883207860247543,4.627052307128906,5.208762847748974,3.8546776965002727
jacquelinehe/tinycomma-1.8b-llama3-tokenizer,bookmia100.06.058,attack_train,bartleby the scrivener a story of wall street,60,246,197.57937693537679,0.8031681989242959,5.869763374328613,7.308261684402022,3.292989615589613
jacquelinehe/tinycomma-1.8b-llama3-tokenizer,bookmia100.06.059,attack_train,bartleby the scrivener a story of wall street,52,245,161.27237778855488,0.6582546032185913,5.537408192952474,8.41225897377223,3.1013918805491323
jacquelinehe/tinycomma-1.8b-llama3-tokenizer,bookmia100.06.060,attack_train,bartleby the scrivener a story of wall street,66,249,167.30859151482582,0.6719220542764089,1.8167051587785994,2.7037439048417666,2.534978659315543
jacquelinehe/tinycomma-1.8b-llama3-tokenizer,bookmia100.06.061,attack_train,bartleby the scrivener a story of wall street,50,242,187.62137716053985,0.7752949469443795,4.065648714701335,5.244002596334488,3.752427543210797
jacquelinehe/tinycomma-1.8b-llama3-tokenizer,bookmia100.06.062,attack_train,bartleby the scrivener a story of wall street,52,233,170.50317441043444,0.7317732807314783,4.6548309326171875,6.361028825709833,3.2789072002006625
jacquelinehe/tinycomma-1.8b-llama3-tokenizer,bookmia100.06.063,attack_train,bartleby the scrivener a story of wall street,56,249,167.09336731024086,0.671057700041128,12.453736305236816,18.558368832476773,2.9838101305400153
jacquelinehe/tinycomma-1.8b-llama3-tokenizer,bookmia100.06.064,attack_train,bartleby the scrivener a story of wall street,55,242,188.2993409279734,0.7780964501155925,4.729668935139974,6.07851241891329,3.423624380508607
jacquelinehe/tinycomma-1.8b-llama3-tokenizer,bookmia100.06.065,attack_train,bartleby the scrivener a story of wall street,57,247,172.27653318084776,0.6974758428374404,3.3927417755126954,4.8643143850122375,3.0223953189622415
jacquelinehe/tinycomma-1.8b-llama3-tokenizer,bookmia100.06.066,attack_train,bartleby the scrivener a story of wall street,57,246,186.51252236706205,0.7581809852319595,2.6014360427856444,3.4311544254697384,3.272149515211615
jacquelinehe/tinycomma-1.8b-llama3-tokenizer,bookmia100.06.067,attack_train,bartleby the scrivener a story of wall street,58,249,233.89212558651343,0.939325805568327,7.908029556274414,8.418835625930411,4.032622854939887
jacquelinehe/tinycomma-1.8b-llama3-tokenizer,bookmia100.06.068,attack_train,bartleby the scrivener a story of wall street,58,248,233.43163638364058,0.9412565983211314,8.507245063781738,9.03817840847613,4.024683385924837
jacquelinehe/tinycomma-1.8b-llama3-tokenizer,bookmia100.06.069,attack_train,bartleby the scrivener a story of wall street,52,248,183.22733668552246,0.7388199059900099,13.380169868469238,18.110191347023832,3.5236026285677395
jacquelinehe/tinycomma-1.8b-llama3-tokenizer,bookmia100.06.070,attack_train,bartleby the scrivener a story of wall street,52,241,166.51981426705606,0.6909535861703571,2.329542977469308,3.3714898136369915,3.202304120520309
jacquelinehe/tinycomma-1.8b-llama3-tokenizer,bookmia100.06.071,attack_train,bartleby the scrivener a story of wall street,57,244,205.75974630587734,0.8432776487945792,2.8232471466064455,3.3479449510397057,3.609820110629427
jacquelinehe/tinycomma-1.8b-llama3-tokenizer,bookmia100.06.072,attack_train,bartleby the scrivener a story of wall street,50,247,208.0158947632881,0.8421696144262676,1.6463531147349963,1.9548949362849941,4.160317895265762
jacquelinehe/tinycomma-1.8b-llama3-tokenizer,bookmia100.06.073,attack_train,bartleby the scrivener a story of wall street,58,244,148.104909629561,0.6069873345473812,1.4613422666277205,2.40753337582804,2.5535329246476035
jacquelinehe/tinycomma-1.8b-llama3-tokenizer,bookmia100.06.074,attack_train,bartleby the scrivener a story of wall street,55,244,230.45302371867,0.9444796054043852,1.6603202819824219,1.7579207348490544,4.190054976703091
jacquelinehe/tinycomma-1.8b-llama3-tokenizer,bookmia100.06.075,attack_train,bartleby the scrivener a story of wall street,58,246,162.15902769751847,0.6591830394208068,6.938570022583008,10.526014183677425,2.7958453051296286
jacquelinehe/tinycomma-1.8b-llama3-tokenizer,bookmia100.06.076,attack_train,bartleby the scrivener a story of wall street,56,247,210.16436445713043,0.8508678722960746,3.966039276123047,4.6611693839381365,3.752935079591615
jacquelinehe/tinycomma-1.8b-llama3-tokenizer,bookmia100.06.077,attack_train,bartleby the scrivener a story of wall street,57,249,162.44439229933778,0.6523871176680232,2.2660099029541017,3.473413011363591,2.8499016192866278
jacquelinehe/tinycomma-1.8b-llama3-tokenizer,bookmia100.06.078,attack_train,bartleby the scrivener a story of wall street,57,249,174.90632571140304,0.7024350430176829,3.85405699412028,5.486709457949493,3.0685320300246146
jacquelinehe/tinycomma-1.8b-llama3-tokenizer,bookmia100.06.079,attack_train,bartleby the scrivener a story of wall street,50,245,136.63693500310183,0.5577017755228646,1.287419319152832,2.3084368306803973,2.7327387000620367
jacquelinehe/tinycomma-1.8b-llama3-tokenizer,bookmia100.06.080,attack_train,bartleby the scrivener a story of wall street,53,246,151.36100108595565,0.6152886223006327,3.4123245239257813,5.545892448273657,2.8558679450180313
jacquelinehe/tinycomma-1.8b-llama3-tokenizer,bookmia100.06.081,attack_train,bartleby the scrivener a story of wall street,55,245,152.35846547223628,0.6218712876417807,4.187655131022136,6.7339579978073685,2.7701539176770233
jacquelinehe/tinycomma-1.8b-llama3-tokenizer,bookmia100.06.082,attack_train,bartleby the scrivener a story of wall street,63,244,178.03899482288398,0.7296680115691966,4.897650718688965,6.712163122179717,2.826015790839428
jacquelinehe/tinycomma-1.8b-llama3-tokenizer,bookmia100.06.083,attack_train,bartleby the scrivener a story of wall street,52,247,167.52090676513035,0.6782222945956694,2.74823112487793,4.052109679638771,3.22155589932943
jacquelinehe/tinycomma-1.8b-llama3-tokenizer,bookmia100.06.084,attack_train,bartleby the scrivener a story of wall street,58,247,189.45865965538542,0.7670391079165402,4.442356109619141,5.791564033398025,3.2665286147480246
jacquelinehe/tinycomma-1.8b-llama3-tokenizer,bookmia100.06.085,attack_train,bartleby the scrivener a story of wall street,55,247,157.11382038053125,0.636088341621584,4.803587595621745,7.5517617307305605,2.856614916009659
jacquelinehe/tinycomma-1.8b-llama3-tokenizer,bookmia100.06.086,attack_train,bartleby the scrivener a story of wall street,54,249,177.05706735071726,0.7110725596414348,5.268308321634929,7.408960239291928,3.278834580568838
jacquelinehe/tinycomma-1.8b-llama3-tokenizer,bookmia100.06.087,attack_train,bartleby the scrivener a story of wall street,71,247,167.6902966585476,0.6789080836378445,5.145293235778809,7.578777392380416,2.3618351642048956
jacquelinehe/tinycomma-1.8b-llama3-tokenizer,bookmia100.06.088,attack_train,bartleby the scrivener a story of wall street,55,244,189.01773388474248,0.7746628437899282,5.277125994364421,6.812158394672487,3.4366860706316813
jacquelinehe/tinycomma-1.8b-llama3-tokenizer,bookmia100.06.089,attack_train,bartleby the scrivener a story of wall street,52,241,175.03032771591097,0.726266919983033,1.5976067648993597,2.19975152515095,3.3659678406905957
jacquelinehe/tinycomma-1.8b-llama3-tokenizer,bookmia100.06.090,attack_train,bartleby the scrivener a story of wall street,62,242,183.27552579855546,0.7573368834651052,9.45797348022461,12.488462778876915,2.9560568677186363
jacquelinehe/tinycomma-1.8b-llama3-tokenizer,bookmia100.06.091,attack_train,bartleby the scrivener a story of wall street,57,240,179.7615269634407,0.7490063623476696,2.0491941452026365,2.7358834960756355,3.153710999358609
jacquelinehe/tinycomma-1.8b-llama3-tokenizer,bookmia100.06.092,attack_train,bartleby the scrivener a story of wall street,54,245,165.51407891244162,0.6755676690303739,6.009744008382161,8.895843131462764,3.0650755354155854
jacquelinehe/tinycomma-1.8b-llama3-tokenizer,bookmia100.06.093,attack_train,bartleby the scrivener a story of wall street,62,249,211.33221333636902,0.8487237483388315,5.652000427246094,6.65941119040029,3.408584086070468
jacquelinehe/tinycomma-1.8b-llama3-tokenizer,bookmia100.06.094,attack_train,bartleby the scrivener a story of wall street,62,249,194.58783030157792,0.781477230126819,3.4663204193115233,4.435600022215625,3.138513391960934
jacquelinehe/tinycomma-1.8b-llama3-tokenizer,bookmia100.06.095,attack_train,bartleby the scrivener a story of wall street,54,248,174.4830448590219,0.7035606647541206,9.032142639160156,12.83775954461112,3.2311674973892943
jacquelinehe/tinycomma-1.8b-llama3-tokenizer,bookmia100.06.096,attack_train,bartleby the scrivener a story of wall street,54,248,190.80173533270136,0.769361836018957,2.7906869888305663,3.6272750456026053,3.533365469124099
jacquelinehe/tinycomma-1.8b-llama3-tokenizer,bookmia100.06.097,attack_train,bartleby the scrivener a story of wall street,65,241,161.69547307491302,0.6709355729249503,7.9482011795043945,11.84644472621139,2.4876226626909697
jacquelinehe/tinycomma-1.8b-llama3-tokenizer,bookmia100.06.098,attack_train,bartleby the scrivener a story of wall street,63,249,175.35437931399792,0.7042344550762969,3.569423198699951,5.068515425467559,2.7834028462539355
jacquelinehe/tinycomma-1.8b-llama3-tokenizer,bookmia100.06.099,attack_train,bartleby the scrivener a story of wall street,51,247,193.23656267591286,0.782334261845801,1.6839483976364136,2.1524666370400145,3.7889522093316246
jacquelinehe/tinycomma-1.8b-llama3-tokenizer,bookmia100.07.000,attack_train,casino royale,59,248,171.510937872692,0.6915763623898872,3.5974557399749756,5.201819980577723,2.906965048689695
jacquelinehe/tinycomma-1.8b-llama3-tokenizer,bookmia100.07.001,attack_train,casino royale,54,249,190.72072199173272,0.7659466746655932,2.0423598289489746,2.666451721120996,3.5318652220691242
jacquelinehe/tinycomma-1.8b-llama3-tokenizer,bookmia100.07.002,attack_train,casino royale,59,247,168.11871029436588,0.6806425517990522,2.9633970260620117,4.353822749149693,2.8494696660062013
jacquelinehe/tinycomma-1.8b-llama3-tokenizer,bookmia100.07.003,attack_train,casino royale,61,244,241.76127381296828,0.9908248926760995,3.1194822788238525,3.1483689013893303,3.963299570704398
jacquelinehe/tinycomma-1.8b-llama3-tokenizer,bookmia100.07.004,attack_train,casino royale,52,249,187.18189413752407,0.7517345146085304,3.220115900039673,4.283581287625944,3.599651810337001
jacquelinehe/tinycomma-1.8b-llama3-tokenizer,bookmia100.07.005,attack_train,casino royale,51,247,225.4834256079048,0.9128883627850396,2.2290843963623046,2.4417929806464116,4.421243639370682
jacquelinehe/tinycomma-1.8b-llama3-tokenizer,bookmia100.07.006,attack_train,casino royale,59,246,183.94776000455022,0.7477551219697164,4.640094757080078,6.205366731366902,3.117758644144919
jacquelinehe/tinycomma-1.8b-llama3-tokenizer,bookmia100.07.007,attack_train,casino royale,60,248,194.29031912214123,0.7834287061376662,7.7829389572143555,9.934457208728723,3.2381719853690205
jacquelinehe/tinycomma-1.8b-llama3-tokenizer,bookmia100.07.008,attack_train,casino royale,68,247,178.3928288621828,0.7222381735311044,5.513723373413086,7.634217596746328,2.6234239538556294
jacquelinehe/tinycomma-1.8b-llama3-tokenizer,bookmia100.07.009,attack_train,casino royale,62,244,218.2491956243539,0.8944639164932536,8.651605606079102,9.672391973057703,3.520148316521837
jacquelinehe/tinycomma-1.8b-llama3-tokenizer,bookmia100.07.010,attack_train,casino royale,53,249,197.48982123448513,0.7931318121866873,7.049485206604004,8.888163478361017,3.726223042160097
jacquelinehe/tinycomma-1.8b-llama3-tokenizer,bookmia100.07.011,attack_train,casino royale,61,248,168.0117150337319,0.6774665928779512,4.081991672515869,6.025377067192536,2.7542904103890473
jacquelinehe/tinycomma-1.8b-llama3-tokenizer,bookmia100.07.012,attack_train,casino royale,52,242,160.72180327170645,0.6641396829409357,2.3140549659729004,3.4842895634933733,3.090803909071278
jacquelinehe/tinycomma-1.8b-llama3-tokenizer,bookmia100.07.013,attack_train,casino royale,58,249,203.56718206545338,0.8175388837970016,3.677246332168579,4.497946709384474,3.5097790011285066
jacquelinehe/tinycomma-1.8b-llama3-tokenizer,bookmia100.07.014,attack_train,casino royale,57,246,162.73633626336232,0.6615298222087899,8.845067977905273,13.370626207556857,2.855023443216883
jacquelinehe/tinycomma-1.8b-llama3-tokenizer,bookmia100.07.015,attack_train,casino royale,65,248,196.34111281041987,0.7916980355258866,3.3158481121063232,4.188273765140476,3.0206325047756906
jacquelinehe/tinycomma-1.8b-llama3-tokenizer,bookmia100.07.016,attack_train,casino royale,55,249,203.27423249650747,0.816362379504046,4.037568092346191,4.945803718685668,3.6958951363001358
jacquelinehe/tinycomma-1.8b-llama3-tokenizer,bookmia100.07.017,attack_train,casino royale,51,240,209.38000041246414,0.8724166683852672,13.694124221801758,15.696770497459486,4.105490204165964
jacquelinehe/tinycomma-1.8b-llama3-tokenizer,bookmia100.07.018,attack_train,casino royale,69,248,163.93838582723401,0.661041878335621,6.734744071960449,10.188074753928248,2.3759186351773045
jacquelinehe/tinycomma-1.8b-llama3-tokenizer,bookmia100.07.019,attack_train,casino royale,63,246,201.4470334709622,0.818890379963261,4.512300491333008,5.510261937056153,3.1975719598565426
jacquelinehe/tinycomma-1.8b-llama3-tokenizer,bookmia100.07.020,attack_train,casino royale,51,249,196.830708530033,0.7904847732129839,11.97912311553955,15.154147836206278,3.8594256574516277
jacquelinehe/tinycomma-1.8b-llama3-tokenizer,bookmia100.07.021,attack_train,casino royale,52,244,160.63403455752632,0.6583362072029767,14.230286598205566,21.615530852639427,3.0891160491831986
jacquelinehe/tinycomma-1.8b-llama3-tokenizer,bookmia100.07.022,attack_train,casino royale,59,239,160.6234299391508,0.672064560414857,2.50414924621582,3.726054599085005,2.7224310159178104
jacquelinehe/tinycomma-1.8b-llama3-tokenizer,bookmia100.07.023,attack_train,casino royale,54,247,218.61063349526376,0.8850632935030921,4.483954429626465,5.066252846029705,4.048345064727107
jacquelinehe/tinycomma-1.8b-llama3-tokenizer,bookmia100.07.024,attack_train,casino royale,57,246,175.90840737253893,0.7150748267176379,4.948718388875325,6.920560204295136,3.0861124100445427
jacquelinehe/tinycomma-1.8b-llama3-tokenizer,bookmia100.07.025,attack_train,casino royale,55,245,214.1993489563465,0.8742830569646797,3.9592370986938477,4.528552929344709,3.8945336173881184
jacquelinehe/tinycomma-1.8b-llama3-tokenizer,bookmia100.07.026,attack_train,casino royale,57,247,212.26188742928207,0.8593598681347452,4.387537479400635,5.105588056984622,3.723892761917229
jacquelinehe/tinycomma-1.8b-llama3-tokenizer,bookmia100.07.027,attack_train,casino royale,65,246,265.7354448027909,1.0802253853771988,3.2259459495544434,2.986363765583967,4.088237612350629
jacquelinehe/tinycomma-1.8b-llama3-tokenizer,bookmia100.07.028,attack_train,casino royale,61,249,179.70300619793124,0.721698820072013,5.4770965576171875,7.589172110702174,2.945950921277561
jacquelinehe/tinycomma-1.8b-llama3-tokenizer,bookmia100.07.029,attack_train,casino royale,53,247,196.39425149955787,0.795118427123716,3.9653544425964355,4.987124316739609,3.7055519150859975
jacquelinehe/tinycomma-1.8b-llama3-tokenizer,bookmia100.07.030,attack_train,casino royale,56,246,203.41355097293854,0.8268843535485306,5.159883499145508,6.2401513307176995,3.6323848388024738
jacquelinehe/tinycomma-1.8b-llama3-tokenizer,bookmia100.07.031,attack_train,casino royale,72,248,183.54823041334748,0.740113832311885,14.569631576538086,19.685663124315752,2.5492809779631593
jacquelinehe/tinycomma-1.8b-llama3-tokenizer,bookmia100.07.032,attack_train,casino royale,56,247,201.18075811257586,0.8144969964071898,5.158319155375163,6.333134656271189,3.5925135377245687
jacquelinehe/tinycomma-1.8b-llama3-tokenizer,bookmia100.07.033,attack_train,casino royale,56,246,185.575525152497,0.7543720534654349,3.0527822494506838,4.046785979712279,3.3138486634374464
jacquelinehe/tinycomma-1.8b-llama3-tokenizer,bookmia100.07.034,attack_train,casino royale,66,245,201.45847289136145,0.8222794811892304,4.166637420654297,5.067179123366003,3.0524011044145674
jacquelinehe/tinycomma-1.8b-llama3-tokenizer,bookmia100.07.035,attack_train,casino royale,53,245,239.40400133281946,0.9771591891135488,1.9751031058175224,2.0212705645323563,4.517056628921122
jacquelinehe/tinycomma-1.8b-llama3-tokenizer,bookmia100.07.036,attack_train,casino royale,53,247,162.114688368747,0.6563347707236721,2.780378818511963,4.236220512051081,3.0587677050706983
jacquelinehe/tinycomma-1.8b-llama3-tokenizer,bookmia100.07.037,attack_train,casino royale,54,246,176.78537287120707,0.7186397271187279,4.8809614181518555,6.791944884151196,3.2738032013186493
jacquelinehe/tinycomma-1.8b-llama3-tokenizer,bookmia100.07.038,attack_train,casino royale,63,247,188.12470193952322,0.7616384693907823,4.161490440368652,5.463865872869232,2.986106379992432
jacquelinehe/tinycomma-1.8b-llama3-tokenizer,bookmia100.07.039,attack_train,casino royale,55,247,187.29409963218495,0.7582757070128946,4.488360404968262,5.9191668194797336,3.4053472660397266
jacquelinehe/tinycomma-1.8b-llama3-tokenizer,bookmia100.07.040,attack_train,casino royale,58,246,168.39902288210578,0.684548873504495,3.025015640258789,4.4189914808747774,2.9034314290018237
jacquelinehe/tinycomma-1.8b-llama3-tokenizer,bookmia100.07.041,attack_train,casino royale,55,246,206.99635313660838,0.841448589986213,5.243914604187012,6.232008308758272,3.763570057029243
jacquelinehe/tinycomma-1.8b-llama3-tokenizer,bookmia100.07.042,attack_train,casino royale,58,249,150.17714836704545,0.603121077779299,3.2090909481048584,5.320807158524089,2.589261178742163
jacquelinehe/tinycomma-1.8b-llama3-tokenizer,bookmia100.07.043,attack_train,casino royale,64,247,219.6561112497002,0.889295996962349,4.544058163960774,5.109725197777046,3.4321267382765654
jacquelinehe/tinycomma-1.8b-llama3-tokenizer,bookmia100.07.044,attack_train,casino royale,58,247,212.55346973240376,0.860540363289084,4.423497835795085,5.140372287579828,3.6647149953862717
jacquelinehe/tinycomma-1.8b-llama3-tokenizer,bookmia100.07.045,attack_train,casino royale,54,247,170.59004117315635,0.6906479399722929,3.486070251464844,5.047535871322076,3.1590748365399324
jacquelinehe/tinycomma-1.8b-llama3-tokenizer,bookmia100.07.046,attack_train,casino royale,59,249,206.15611196798272,0.8279361926425008,11.439422607421875,13.816792536766618,3.494171389287843
jacquelinehe/tinycomma-1.8b-llama3-tokenizer,bookmia100.07.047,attack_train,casino royale,53,249,139.5057151634246,0.5602639163189743,1.8738912642002106,3.3446581327456943,2.6321833049702756
jacquelinehe/tinycomma-1.8b-llama3-tokenizer,bookmia100.07.048,attack_train,casino royale,52,246,182.8924910190981,0.7434654106467402,6.256309509277344,8.41506466835489,3.5171632888288094
jacquelinehe/tinycomma-1.8b-llama3-tokenizer,bookmia100.07.049,attack_train,casino royale,57,244,134.92111279879464,0.5529553803229288,1.7963436671665736,3.2486231820685054,2.36703706664552
jacquelinehe/tinycomma-1.8b-llama3-tokenizer,bookmia100.07.050,attack_train,casino royale,56,248,185.3801097702235,0.747500442621869,15.551432609558105,20.804579800663692,3.3103591030397053
jacquelinehe/tinycomma-1.8b-llama3-tokenizer,bookmia100.07.051,attack_train,casino royale,53,248,177.0758239775896,0.7140154192644742,5.134842872619629,7.191501379492846,3.34105328259603
jacquelinehe/tinycomma-1.8b-llama3-tokenizer,bookmia100.07.052,attack_train,casino royale,63,249,203.89194377046078,0.8188431476725333,2.7438855852399553,3.3509294094224664,3.236380059848584
jacquelinehe/tinycomma-1.8b-llama3-tokenizer,bookmia100.07.053,attack_train,casino royale,59,249,156.17745824150916,0.6272187077972255,3.7784926891326904,6.024202789490528,2.6470755634154095
jacquelinehe/tinycomma-1.8b-llama3-tokenizer,bookmia100.07.054,attack_train,casino royale,53,247,186.05984743623412,0.7532787345596523,3.4916718006134033,4.635298516231905,3.510563159174229
jacquelinehe/tinycomma-1.8b-llama3-tokenizer,bookmia100.07.055,attack_train,casino royale,57,247,162.00326916668564,0.6558836808367839,6.673147201538086,10.174284551529636,2.8421626169593974
jacquelinehe/tinycomma-1.8b-llama3-tokenizer,bookmia100.07.056,attack_train,casino royale,58,249,204.26238448452204,0.8203308613836227,3.5593607425689697,4.338933118480418,3.521765249733139
jacquelinehe/tinycomma-1.8b-llama3-tokenizer,bookmia100.07.057,attack_train,casino royale,60,248,209.8226365572773,0.8460590183761181,7.198080062866211,8.507775351986476,3.4970439426212883
jacquelinehe/tinycomma-1.8b-llama3-tokenizer,bookmia100.07.058,attack_train,casino royale,66,247,207.43145586643368,0.8398034650462902,2.9432541131973267,3.5046939381645603,3.1429008464611163
jacquelinehe/tinycomma-1.8b-llama3-tokenizer,bookmia100.07.059,attack_train,casino royale,54,243,179.24768958892673,0.7376448131231553,3.0986437797546387,4.200726046774624,3.319401659054199
jacquelinehe/tinycomma-1.8b-llama3-tokenizer,bookmia100.07.060,attack_train,casino royale,51,240,202.8567723147571,0.845236551311488,8.745576858520508,10.346898563426622,3.9775837708775903
jacquelinehe/tinycomma-1.8b-llama3-tokenizer,bookmia100.07.061,attack_train,casino royale,54,247,233.01540249586105,0.9433821963395185,3.87486572265625,4.107418751054854,4.315100046219649
jacquelinehe/tinycomma-1.8b-llama3-tokenizer,bookmia100.07.062,attack_train,casino royale,61,247,197.63780884770676,0.8001530722579221,13.304035186767578,16.626862594210152,3.2399640794706026
jacquelinehe/tinycomma-1.8b-llama3-tokenizer,bookmia100.07.063,attack_train,casino royale,57,245,164.08395180862863,0.669730415545423,2.700822639465332,4.03270118360356,2.878665821204011
jacquelinehe/tinycomma-1.8b-llama3-tokenizer,bookmia100.07.065,attack_train,casino royale,54,248,179.07200656551868,0.7220645426028979,3.876347859700521,5.368422946966852,3.316148269731827
jacquelinehe/tinycomma-1.8b-llama3-tokenizer,bookmia100.07.066,attack_train,casino royale,57,246,159.95782872964628,0.6502350761367734,4.660645802815755,7.167632097772919,2.806277697011338
jacquelinehe/tinycomma-1.8b-llama3-tokenizer,bookmia100.07.068,attack_train,casino royale,64,247,167.87551687282394,0.6796579630478702,12.879129409790039,18.94942766805033,2.623054951137874
jacquelinehe/tinycomma-1.8b-llama3-tokenizer,bookmia100.07.069,attack_train,casino royale,57,247,148.3122015808476,0.6004542574123385,4.447515487670898,7.406918067060587,2.6019684487868004
jacquelinehe/tinycomma-1.8b-llama3-tokenizer,bookmia100.07.070,attack_train,casino royale,54,247,171.55571777292062,0.6945575618336867,5.764465967814128,8.29947909946511,3.176957736535567
jacquelinehe/tinycomma-1.8b-llama3-tokenizer,bookmia100.07.071,attack_train,casino royale,58,246,186.14051902852952,0.7566687765387379,4.294028282165527,5.674911421359136,3.2093192935953367
jacquelinehe/tinycomma-1.8b-llama3-tokenizer,bookmia100.07.072,attack_train,casino royale,57,249,152.5280496304622,0.6125624483151092,7.84132194519043,12.800853148537703,2.6759306952712665
jacquelinehe/tinycomma-1.8b-llama3-tokenizer,bookmia100.07.073,attack_train,casino royale,53,248,187.86551601067185,0.7575222419785156,3.8371810913085938,5.065436865967853,3.5446323775598465
jacquelinehe/tinycomma-1.8b-llama3-tokenizer,bookmia100.07.074,attack_train,casino royale,62,247,174.62193567777285,0.7069713995051533,4.163832982381185,5.889676704454624,2.8164828335124654
jacquelinehe/tinycomma-1.8b-llama3-tokenizer,bookmia100.07.075,attack_train,casino royale,57,246,231.66424288693815,0.9417245645810494,4.253012657165527,4.516195942130479,4.064284962928739
jacquelinehe/tinycomma-1.8b-llama3-tokenizer,bookmia100.07.077,attack_train,casino royale,55,249,164.9046105183661,0.6622675121219522,5.8007456461588545,8.75891620830509,2.9982656457884747
jacquelinehe/tinycomma-1.8b-llama3-tokenizer,bookmia100.07.078,attack_train,casino royale,66,239,245.47939598560333,1.0271104434544072,13.812044143676758,13.447477076782217,3.7193847876606565
jacquelinehe/tinycomma-1.8b-llama3-tokenizer,bookmia100.07.079,attack_train,casino royale,56,246,189.9468433946604,0.7721416398156926,9.126876831054688,11.820210645851503,3.3919079177617926
jacquelinehe/tinycomma-1.8b-llama3-tokenizer,bookmia100.07.080,attack_train,casino royale,59,249,206.09568566130474,0.8276935167120673,3.4182975769042967,4.129907396741676,3.4931472145983853
jacquelinehe/tinycomma-1.8b-llama3-tokenizer,bookmia100.07.081,attack_train,casino royale,50,248,198.84425230510533,0.8017913399399409,5.967780431111653,7.44305922730305,3.9768850461021064
jacquelinehe/tinycomma-1.8b-llama3-tokenizer,bookmia100.07.082,attack_train,casino royale,60,247,129.62673755420838,0.524804605482625,6.839047431945801,13.031607117198261,2.1604456259034728
jacquelinehe/tinycomma-1.8b-llama3-tokenizer,bookmia100.07.083,attack_train,casino royale,54,245,228.3142985254526,0.9318950960222556,4.056894683837891,4.3533812991983,4.2280425652861595
jacquelinehe/tinycomma-1.8b-llama3-tokenizer,bookmia100.07.084,attack_train,casino royale,63,240,141.7591933151707,0.5906633054798779,3.812328656514486,6.454317749461686,2.2501459256376304
jacquelinehe/tinycomma-1.8b-llama3-tokenizer,bookmia100.07.085,attack_train,casino royale,52,249,224.33649507164955,0.9009497794042151,18.115697860717773,20.10733369921842,4.314163366762491
jacquelinehe/tinycomma-1.8b-llama3-tokenizer,bookmia100.07.086,attack_train,casino royale,54,247,172.66639985516667,0.699054250425776,6.9029388427734375,9.874682599482137,3.1975259232438273
jacquelinehe/tinycomma-1.8b-llama3-tokenizer,bookmia100.07.087,attack_train,casino royale,55,247,163.8187822267646,0.6632339361407473,2.443933868408203,3.6848745747677887,2.978523313213902
jacquelinehe/tinycomma-1.8b-llama3-tokenizer,bookmia100.07.088,attack_train,casino royale,52,245,186.2501656766981,0.7602047578640738,2.3864181518554686,3.139178132166025,3.581733955321117
jacquelinehe/tinycomma-1.8b-llama3-tokenizer,bookmia100.07.089,attack_train,casino royale,57,247,170.4815895743668,0.6902088646735498,15.680347442626953,22.71826434747884,2.990905080252049
jacquelinehe/tinycomma-1.8b-llama3-tokenizer,bookmia100.07.090,attack_train,casino royale,50,247,179.95619247108698,0.7285675808546032,3.137359380722046,4.306202283996704,3.5991238494217397
jacquelinehe/tinycomma-1.8b-llama3-tokenizer,bookmia100.07.091,attack_train,casino royale,56,246,188.27314506634139,0.7653379880745584,7.385944843292236,9.650566100702564,3.362020447613239
jacquelinehe/tinycomma-1.8b-llama3-tokenizer,bookmia100.07.092,attack_train,casino royale,56,249,178.9302175519988,0.7185952512128465,7.064915657043457,9.831564632690347,3.1951824562856928
jacquelinehe/tinycomma-1.8b-llama3-tokenizer,bookmia100.07.093,attack_train,casino royale,63,246,185.36885397645528,0.7535319267335581,4.095423698425293,5.434970375015572,2.942362761531036
jacquelinehe/tinycomma-1.8b-llama3-tokenizer,bookmia100.07.094,attack_train,casino royale,57,247,178.4684198940231,0.7225442100972596,4.311190287272136,5.966680276479995,3.131024910421458
jacquelinehe/tinycomma-1.8b-llama3-tokenizer,bookmia100.07.095,attack_train,casino royale,52,248,178.30332174152136,0.7189650070222635,4.479156017303467,6.230005596315156,3.428910033490795
jacquelinehe/tinycomma-1.8b-llama3-tokenizer,bookmia100.07.096,attack_train,casino royale,59,240,219.94447243824834,0.9164353018260347,4.997026443481445,5.452677819726789,3.727872414207599
jacquelinehe/tinycomma-1.8b-llama3-tokenizer,bookmia100.07.097,attack_train,casino royale,54,249,179.45321909803897,0.7206956590282689,2.305293846130371,3.198706440439302,3.3232077610747957
jacquelinehe/tinycomma-1.8b-llama3-tokenizer,bookmia100.07.098,attack_train,casino royale,55,245,183.97840573079884,0.7509322682889749,6.642788410186768,8.846055351067267,3.345061922378161
jacquelinehe/tinycomma-1.8b-llama3-tokenizer,bookmia100.07.099,attack_train,casino royale,50,249,164.17131873965263,0.6593225652194885,7.337175369262695,11.128354702709363,3.2834263747930525
jacquelinehe/tinycomma-1.8b-llama3-tokenizer,bookmia100.12.000,attack_train,fahrenheit 451,59,247,211.95491517870687,0.8581170655008376,3.1905369758605957,3.7180672709246823,3.592456189469608
jacquelinehe/tinycomma-1.8b-llama3-tokenizer,bookmia100.12.001,attack_train,fahrenheit 451,50,247,186.1539893746376,0.7536598760106785,1.5679986476898193,2.0805123074743634,3.723079787492752
jacquelinehe/tinycomma-1.8b-llama3-tokenizer,bookmia100.12.002,attack_train,fahrenheit 451,55,246,265.01316633820534,1.0772892940577452,7.808585166931152,7.248364213775055,4.818421206149188
jacquelinehe/tinycomma-1.8b-llama3-tokenizer,bookmia100.12.003,attack_train,fahrenheit 451,54,248,180.0547467059805,0.7260272044595988,2.7588510513305664,3.799927928849515,3.3343471612218614
jacquelinehe/tinycomma-1.8b-llama3-tokenizer,bookmia100.12.004,attack_train,fahrenheit 451,61,244,195.3866107685608,0.8007647982318065,12.470617294311523,15.57338349768656,3.203059192927226
jacquelinehe/tinycomma-1.8b-llama3-tokenizer,bookmia100.12.005,attack_train,fahrenheit 451,59,245,211.3915282934904,0.8628225644632261,3.528914213180542,4.089965142921278,3.582907259211702
jacquelinehe/tinycomma-1.8b-llama3-tokenizer,bookmia100.12.006,attack_train,fahrenheit 451,53,249,185.54253213107586,0.7451507314501038,2.3947797775268556,3.213819266964261,3.500802493039167
jacquelinehe/tinycomma-1.8b-llama3-tokenizer,bookmia100.12.007,attack_train,fahrenheit 451,55,247,139.5704036616953,0.565062363002815,2.49067751566569,4.4077922699185015,2.537643702939915
jacquelinehe/tinycomma-1.8b-llama3-tokenizer,bookmia100.12.008,attack_train,fahrenheit 451,59,249,222.7184701205697,0.8944516872312036,8.050456047058105,9.000436985007521,3.7748893240774524
jacquelinehe/tinycomma-1.8b-llama3-tokenizer,bookmia100.12.009,attack_train,fahrenheit 451,62,249,250.994639020646,1.00801059847649,2.5093347685677663,2.489393238881002,4.048300629365258
jacquelinehe/tinycomma-1.8b-llama3-tokenizer,bookmia100.12.010,attack_train,fahrenheit 451,64,247,236.88091547682416,0.9590320464648752,3.7882080078125,3.9500327666592154,3.7012643043253775
jacquelinehe/tinycomma-1.8b-llama3-tokenizer,bookmia100.12.011,attack_train,fahrenheit 451,57,246,154.18054290144937,0.6267501743961357,2.1060876846313477,3.36033043255318,2.7049218052885853
jacquelinehe/tinycomma-1.8b-llama3-tokenizer,bookmia100.12.012,attack_train,fahrenheit 451,64,246,238.83846439048648,0.9708880666279938,6.008293151855469,6.188450922795831,3.7318510061013512
jacquelinehe/tinycomma-1.8b-llama3-tokenizer,bookmia100.12.013,attack_train,fahrenheit 451,50,245,177.72970415093005,0.7254273638813471,4.833138465881348,6.6624705746168535,3.554594083018601
jacquelinehe/tinycomma-1.8b-llama3-tokenizer,bookmia100.12.014,attack_train,fahrenheit 451,52,248,173.32936861366034,0.6989087444099207,5.9325270652771,8.488271341183252,3.3332570887242374
jacquelinehe/tinycomma-1.8b-llama3-tokenizer,bookmia100.12.015,attack_train,fahrenheit 451,55,248,237.92392226302763,0.9593706542864018,2.593843460083008,2.7036927265743373,4.325889495691412
jacquelinehe/tinycomma-1.8b-llama3-tokenizer,bookmia100.12.017,attack_train,fahrenheit 451,64,248,227.18802206590772,0.9160807341367246,3.41894793510437,3.732146968821739,3.549812844779808
jacquelinehe/tinycomma-1.8b-llama3-tokenizer,bookmia100.12.018,attack_train,fahrenheit 451,53,249,218.63915433362126,0.8780688929061095,3.277759313583374,3.7329181571791086,4.125267062898514
jacquelinehe/tinycomma-1.8b-llama3-tokenizer,bookmia100.12.019,attack_train,fahrenheit 451,62,246,207.1320503859315,0.8420002048208598,4.797257741292317,5.697454363818071,3.340839522353734
jacquelinehe/tinycomma-1.8b-llama3-tokenizer,bookmia100.12.020,attack_train,fahrenheit 451,63,248,159.4870876232162,0.6430930952549041,5.277146339416504,8.205882442766379,2.531541073384384
jacquelinehe/tinycomma-1.8b-llama3-tokenizer,bookmia100.12.021,attack_train,fahrenheit 451,62,249,199.07190420170082,0.7994855590429751,4.246774673461914,5.311884155287957,3.2108371645435616
jacquelinehe/tinycomma-1.8b-llama3-tokenizer,bookmia100.12.022,attack_train,fahrenheit 451,57,248,177.43958744227712,0.7154822074285367,3.463293711344401,4.8405029159167725,3.1129752182855635
jacquelinehe/tinycomma-1.8b-llama3-tokenizer,bookmia100.12.023,attack_train,fahrenheit 451,56,248,231.7146602368448,0.9343333074066322,7.518730640411377,8.047161094235873,4.137761789943657
jacquelinehe/tinycomma-1.8b-llama3-tokenizer,bookmia100.12.024,attack_train,fahrenheit 451,50,246,213.80900236964226,0.8691422860554563,4.226546287536621,4.8628934011696945,4.276180047392845
jacquelinehe/tinycomma-1.8b-llama3-tokenizer,bookmia100.12.025,attack_train,fahrenheit 451,55,245,204.03616693941876,0.8328006813853827,5.172961235046387,6.211523778343996,3.709748489807614
jacquelinehe/tinycomma-1.8b-llama3-tokenizer,bookmia100.12.026,attack_train,fahrenheit 451,61,247,241.8383909193799,0.979102797244453,7.346420764923096,7.503217012144754,3.964563785563605
jacquelinehe/tinycomma-1.8b-llama3-tokenizer,bookmia100.12.027,attack_train,fahrenheit 451,61,243,256.1507228240371,1.0541182009219632,4.783889452616374,4.5382856006397025,4.199192177443231
jacquelinehe/tinycomma-1.8b-llama3-tokenizer,bookmia100.12.028,attack_train,fahrenheit 451,56,248,200.2919818579685,0.8076289591047117,3.957970937093099,4.900729341702488,3.576642533178009
jacquelinehe/tinycomma-1.8b-llama3-tokenizer,bookmia100.12.029,attack_train,fahrenheit 451,60,246,199.65662332857028,0.8116122899535377,6.803825855255127,8.383098604439104,3.3276103888095045
jacquelinehe/tinycomma-1.8b-llama3-tokenizer,bookmia100.12.030,attack_train,fahrenheit 451,66,249,183.43092345818877,0.7366703753340914,4.149521509806315,5.632806270951839,2.779256416033163
jacquelinehe/tinycomma-1.8b-llama3-tokenizer,bookmia100.12.031,attack_train,fahrenheit 451,67,249,270.7167966887355,1.0872160509587772,4.503252983093262,4.142003771119827,4.040549204309485
jacquelinehe/tinycomma-1.8b-llama3-tokenizer,bookmia100.12.032,attack_train,fahrenheit 451,55,249,178.48677079146728,0.716814340527981,2.1684305402967663,3.025093692600478,3.245214014390314
jacquelinehe/tinycomma-1.8b-llama3-tokenizer,bookmia100.12.033,attack_train,fahrenheit 451,57,246,266.98591960500926,1.0853086162805254,3.918623924255371,3.610607955629188,4.683963501842268
jacquelinehe/tinycomma-1.8b-llama3-tokenizer,bookmia100.12.034,attack_train,fahrenheit 451,65,247,227.8333751100581,0.922402328380802,3.4708409309387207,3.7628275906799624,3.5051288478470477
jacquelinehe/tinycomma-1.8b-llama3-tokenizer,bookmia100.12.035,attack_train,fahrenheit 451,55,245,241.06503427075222,0.9839389153908253,2.3537675857543947,2.392188731370043,4.383000623104586
jacquelinehe/tinycomma-1.8b-llama3-tokenizer,bookmia100.12.036,attack_train,fahrenheit 451,57,246,199.33266542013735,0.8102953878867372,2.483419895172119,3.0648328156586406,3.4970643056164445
jacquelinehe/tinycomma-1.8b-llama3-tokenizer,bookmia100.12.037,attack_train,fahrenheit 451,69,248,215.9499150001211,0.8707657862908109,2.351006189982096,2.699929449452355,3.1297089130452336
jacquelinehe/tinycomma-1.8b-llama3-tokenizer,bookmia100.12.038,attack_train,fahrenheit 451,58,247,237.04390422732104,0.9596919199486682,5.292929331461589,5.515237985690966,4.086963865988293
jacquelinehe/tinycomma-1.8b-llama3-tokenizer,bookmia100.12.039,attack_train,fahrenheit 451,55,244,171.46736088674515,0.7027350856014146,3.6350009441375732,5.172647586005567,3.117588379759003
jacquelinehe/tinycomma-1.8b-llama3-tokenizer,bookmia100.12.040,attack_train,fahrenheit 451,62,248,223.91446508519584,0.9028809076015961,2.48270320892334,2.7497571252429824,3.6115236304063845
jacquelinehe/tinycomma-1.8b-llama3-tokenizer,bookmia100.12.041,attack_train,fahrenheit 451,62,245,229.430733920075,0.9364519751839796,15.309820175170898,16.348751010069748,3.7004957083883063
jacquelinehe/tinycomma-1.8b-llama3-tokenizer,bookmia100.12.042,attack_train,fahrenheit 451,56,246,227.72980636893772,0.9257309201989338,2.52813606262207,2.730962105142593,4.066603685159602
jacquelinehe/tinycomma-1.8b-llama3-tokenizer,bookmia100.12.044,attack_train,fahrenheit 451,61,243,213.20574948110152,0.8773899155600886,2.687929391860962,3.0635517279054905,3.4951762210016644
jacquelinehe/tinycomma-1.8b-llama3-tokenizer,bookmia100.12.045,attack_train,fahrenheit 451,65,249,234.20889604091644,0.9405979760679375,5.59022585550944,5.943268003699882,3.6032137852448685
jacquelinehe/tinycomma-1.8b-llama3-tokenizer,bookmia100.12.047,attack_train,fahrenheit 451,61,248,150.3733456293121,0.6063441356020649,6.218962669372559,10.25649017483691,2.4651368135952803
jacquelinehe/tinycomma-1.8b-llama3-tokenizer,bookmia100.12.048,attack_train,fahrenheit 451,61,249,170.58963810908608,0.6850989482292613,7.568054676055908,11.046659311938305,2.7965514444112474
jacquelinehe/tinycomma-1.8b-llama3-tokenizer,bookmia100.12.049,attack_train,fahrenheit 451,66,247,201.14266759034945,0.814342783766597,13.429454803466797,16.491157128391627,3.0476161756113553
jacquelinehe/tinycomma-1.8b-llama3-tokenizer,bookmia100.12.050,attack_train,fahrenheit 451,59,246,223.05968973960262,0.9067467062585473,3.852410316467285,4.248606904085979,3.7806727074508917
jacquelinehe/tinycomma-1.8b-llama3-tokenizer,bookmia100.12.051,attack_train,fahrenheit 451,71,243,214.7485754688969,0.8837389936991642,2.331614112854004,2.6383515149584027,3.02462782350559
jacquelinehe/tinycomma-1.8b-llama3-tokenizer,bookmia100.12.052,attack_train,fahrenheit 451,59,245,207.70392084185733,0.8477711054769687,1.6779905954996746,1.9792967519878046,3.520405437997582
jacquelinehe/tinycomma-1.8b-llama3-tokenizer,bookmia100.12.053,attack_train,fahrenheit 451,60,244,226.93051734566689,0.930043103875684,2.729204382215227,2.9344923593778205,3.782175289094448
jacquelinehe/tinycomma-1.8b-llama3-tokenizer,bookmia100.12.054,attack_train,fahrenheit 451,58,245,221.86031684279442,0.9055523136440589,3.712947368621826,4.100201957058062,3.825177876599904
jacquelinehe/tinycomma-1.8b-llama3-tokenizer,bookmia100.12.055,attack_train,fahrenheit 451,57,244,151.32543303258717,0.6201862009532261,2.5803918838500977,4.160672842904334,2.6548321584664416
jacquelinehe/tinycomma-1.8b-llama3-tokenizer,bookmia100.12.056,attack_train,fahrenheit 451,58,249,243.48529668792617,0.9778525971402657,3.5279455184936523,3.60785002648778,4.198022356688382
jacquelinehe/tinycomma-1.8b-llama3-tokenizer,bookmia100.12.057,attack_train,fahrenheit 451,52,249,183.2799932360649,0.7360642298637144,1.9792125701904297,2.6889128555491544,3.52461525453971
jacquelinehe/tinycomma-1.8b-llama3-tokenizer,bookmia100.12.059,attack_train,fahrenheit 451,66,245,219.7215087157092,0.8968224845539151,3.977030038833618,4.434578868539203,3.3291137684198366
jacquelinehe/tinycomma-1.8b-llama3-tokenizer,bookmia100.12.060,attack_train,fahrenheit 451,58,248,206.88532990030944,0.8342150399206026,10.541927337646484,12.63694231483746,3.566988446557059
jacquelinehe/tinycomma-1.8b-llama3-tokenizer,bookmia100.12.061,attack_train,fahrenheit 451,63,247,220.14844997040927,0.8912892711352602,6.100795745849609,6.84491101085381,3.494419840800147
jacquelinehe/tinycomma-1.8b-llama3-tokenizer,bookmia100.12.062,attack_train,fahrenheit 451,54,246,178.38101286732126,0.7251260685663465,5.8327813148498535,8.043816886051138,3.303352090135579
jacquelinehe/tinycomma-1.8b-llama3-tokenizer,bookmia100.12.064,attack_train,fahrenheit 451,57,242,170.13794594130013,0.7030493633938022,4.378747304280599,6.228221704295764,2.9848762445842127
jacquelinehe/tinycomma-1.8b-llama3-tokenizer,bookmia100.12.065,attack_train,fahrenheit 451,52,249,217.5859289765358,0.8738390721949229,4.826699256896973,5.52355623647406,4.1843447880103035
jacquelinehe/tinycomma-1.8b-llama3-tokenizer,bookmia100.12.066,attack_train,fahrenheit 451,63,247,162.55079036892857,0.6581003658661075,17.169456481933594,26.08941944491605,2.5801712756972788
jacquelinehe/tinycomma-1.8b-llama3-tokenizer,bookmia100.12.067,attack_train,fahrenheit 451,61,246,200.86485647317022,0.8165238068015049,2.9109399795532225,3.5650399355237234,3.2928664995601675
jacquelinehe/tinycomma-1.8b-llama3-tokenizer,bookmia100.12.068,attack_train,fahrenheit 451,64,246,182.63848017621785,0.742432846244788,12.75890827178955,17.185269127469077,2.853726252753404
jacquelinehe/tinycomma-1.8b-llama3-tokenizer,bookmia100.12.069,attack_train,fahrenheit 451,55,248,190.7907433862565,0.7693175136542602,2.787413787841797,3.623229340771893,3.468922607022846
jacquelinehe/tinycomma-1.8b-llama3-tokenizer,bookmia100.12.070,attack_train,fahrenheit 451,60,247,248.7496982961893,1.0070837987699972,3.3195457458496094,3.296196155577063,4.145828304936488
jacquelinehe/tinycomma-1.8b-llama3-tokenizer,bookmia100.12.071,attack_train,fahrenheit 451,63,244,179.69275138317607,0.7364457023900659,3.005432367324829,4.080996545394967,2.852265894971049
jacquelinehe/tinycomma-1.8b-llama3-tokenizer,bookmia100.12.072,attack_train,fahrenheit 451,61,247,192.34859880059958,0.7787392663991886,2.640317916870117,3.390503125749238,3.153255718042616
jacquelinehe/tinycomma-1.8b-llama3-tokenizer,bookmia100.12.073,attack_train,fahrenheit 451,60,246,195.97973589104367,0.7966655930530231,1.2904937917535955,1.6198688671969608,3.2663289315173945
jacquelinehe/tinycomma-1.8b-llama3-tokenizer,bookmia100.12.074,attack_train,fahrenheit 451,71,247,176.37856804428156,0.7140832714343384,1.8244310106549944,2.5549275324576133,2.4842051837222754
jacquelinehe/tinycomma-1.8b-llama3-tokenizer,bookmia100.12.075,attack_train,fahrenheit 451,62,249,171.38228272262495,0.6882822599302206,2.244919459025065,3.2616262102304643,2.7642303664939507
jacquelinehe/tinycomma-1.8b-llama3-tokenizer,bookmia100.12.076,attack_train,fahrenheit 451,56,238,189.12919958133716,0.7946605024425931,2.8277416229248047,3.55842729597484,3.3773071353810207
jacquelinehe/tinycomma-1.8b-llama3-tokenizer,bookmia100.12.077,attack_train,fahrenheit 451,59,248,237.02385933324695,0.9557413682792215,14.854959487915039,15.542865445555494,4.017353548021135
jacquelinehe/tinycomma-1.8b-llama3-tokenizer,bookmia100.12.078,attack_train,fahrenheit 451,57,243,205.67923453636467,0.8464166030303073,3.7868507385253904,4.473979745869655,3.6084076234449944
jacquelinehe/tinycomma-1.8b-llama3-tokenizer,bookmia100.12.079,attack_train,fahrenheit 451,60,241,189.67256498563802,0.7870230912267138,2.025363286336263,2.5734483637314614,3.1612094164273
jacquelinehe/tinycomma-1.8b-llama3-tokenizer,bookmia100.12.080,attack_train,fahrenheit 451,70,249,247.62585915764794,0.9944813620789074,3.7618727684020996,3.7827483870970857,3.5375122736806848
jacquelinehe/tinycomma-1.8b-llama3-tokenizer,bookmia100.12.081,attack_train,fahrenheit 451,55,247,182.63313095644116,0.739405388487616,3.5417980194091796,4.790062494207127,3.320602381026203
jacquelinehe/tinycomma-1.8b-llama3-tokenizer,bookmia100.12.082,attack_train,fahrenheit 451,62,249,202.28279114631005,0.8123806873345785,5.032372792561849,6.194599245180319,3.262625663650162
jacquelinehe/tinycomma-1.8b-llama3-tokenizer,bookmia100.12.083,attack_train,fahrenheit 451,65,244,171.86068927583983,0.7043470871960649,15.340810775756836,21.780186295405954,2.6440106042436895
jacquelinehe/tinycomma-1.8b-llama3-tokenizer,bookmia100.12.084,attack_train,fahrenheit 451,59,246,177.82666020840406,0.7228726024731873,3.5304808616638184,4.883959980755766,3.0140111899729503
jacquelinehe/tinycomma-1.8b-llama3-tokenizer,bookmia100.12.086,attack_train,fahrenheit 451,61,246,161.41428115582676,0.6561556144545803,2.651951789855957,4.041650686873042,2.646135756652898
jacquelinehe/tinycomma-1.8b-llama3-tokenizer,bookmia100.12.087,attack_train,fahrenheit 451,65,244,230.29683538433164,0.9438394892800477,6.154404958089192,6.520605492766273,3.543028236682025
jacquelinehe/tinycomma-1.8b-llama3-tokenizer,bookmia100.12.088,attack_train,fahrenheit 451,60,245,219.19363928609528,0.8946679154534501,4.007835388183594,4.479690529812145,3.653227321434921
jacquelinehe/tinycomma-1.8b-llama3-tokenizer,bookmia100.12.089,attack_train,fahrenheit 451,69,247,176.33230470042326,0.7138959704470578,3.4346060752868652,4.811073626226014,2.5555406478322213
jacquelinehe/tinycomma-1.8b-llama3-tokenizer,bookmia100.12.090,attack_train,fahrenheit 451,57,243,244.46564896404743,1.006031477218302,10.52694320678711,10.46383084940277,4.288871034456973
jacquelinehe/tinycomma-1.8b-llama3-tokenizer,bookmia100.12.091,attack_train,fahrenheit 451,54,247,249.3989007831551,1.0097121489196563,16.659849166870117,16.499602569599027,4.61849816265102
jacquelinehe/tinycomma-1.8b-llama3-tokenizer,bookmia100.12.092,attack_train,fahrenheit 451,58,246,269.3873573951423,1.0950705585168388,14.007898330688477,12.791776951487714,4.6446096102610746
jacquelinehe/tinycomma-1.8b-llama3-tokenizer,bookmia100.12.093,attack_train,fahrenheit 451,64,248,232.03811387595488,0.9356375559514309,4.6836732228597,5.00586278636172,3.625595529311795
jacquelinehe/tinycomma-1.8b-llama3-tokenizer,bookmia100.12.094,attack_train,fahrenheit 451,56,243,197.1052563895937,0.811132742344007,3.410555601119995,4.2046824435470205,3.5197367212427446
jacquelinehe/tinycomma-1.8b-llama3-tokenizer,bookmia100.12.095,attack_train,fahrenheit 451,63,247,212.82412847178057,0.8616361476590306,5.104723930358887,5.924454242347948,3.378160769393342
jacquelinehe/tinycomma-1.8b-llama3-tokenizer,bookmia100.12.096,attack_train,fahrenheit 451,63,245,244.0015649908455,0.9959247550646756,7.06979513168335,7.098724171410153,3.873040714140405
jacquelinehe/tinycomma-1.8b-llama3-tokenizer,bookmia100.12.097,attack_train,fahrenheit 451,51,246,214.41655198531225,0.8716119999402937,3.4980392456054688,4.013298630405602,4.204246117359064
jacquelinehe/tinycomma-1.8b-llama3-tokenizer,bookmia100.12.098,attack_train,fahrenheit 451,68,248,213.72941615289892,0.8618121619068505,3.812570254007975,4.423899339703284,3.143079649307337
jacquelinehe/tinycomma-1.8b-llama3-tokenizer,bookmia100.12.099,attack_train,fahrenheit 451,56,248,182.4203441767022,0.7355659039383153,8.33658218383789,11.333562552590797,3.257506146012539
jacquelinehe/tinycomma-1.8b-llama3-tokenizer,bookmia100.13.000,attack_train,fifty_shades_of_grey,62,246,203.8579156268388,0.8286907139302391,7.761951923370361,9.366524558429864,3.2880308972070775
jacquelinehe/tinycomma-1.8b-llama3-tokenizer,bookmia100.13.001,attack_train,fifty_shades_of_grey,55,247,195.66613789228722,0.7921705987541993,1.7485374103892932,2.207273803318523,3.5575661434961314
jacquelinehe/tinycomma-1.8b-llama3-tokenizer,bookmia100.13.002,attack_train,fifty_shades_of_grey,62,245,183.92561496398412,0.7507167957713637,4.0244490305582685,5.3608085675279655,2.9665421768384537
jacquelinehe/tinycomma-1.8b-llama3-tokenizer,bookmia100.13.003,attack_train,fifty_shades_of_grey,67,246,175.78296708065318,0.7145649068319235,1.7855311632156372,2.498766936557131,2.623626374338107
jacquelinehe/tinycomma-1.8b-llama3-tokenizer,bookmia100.13.004,attack_train,fifty_shades_of_grey,66,249,260.8513400130905,1.04759574302446,4.695881366729736,4.482531928940927,3.9522930305013717
jacquelinehe/tinycomma-1.8b-llama3-tokenizer,bookmia100.13.005,attack_train,fifty_shades_of_grey,73,248,236.64132846100256,0.9541989050846877,3.0470693111419678,3.1933271930044103,3.241662033712364
jacquelinehe/tinycomma-1.8b-llama3-tokenizer,bookmia100.13.006,attack_train,fifty_shades_of_grey,63,246,170.2248006077716,0.6919707341779334,4.737013498942058,6.845684744990937,2.701980962028121
jacquelinehe/tinycomma-1.8b-llama3-tokenizer,bookmia100.13.007,attack_train,fifty_shades_of_grey,60,247,168.0712683238089,0.6804504790437608,6.02317746480306,8.851749907307656,2.801187805396815
jacquelinehe/tinycomma-1.8b-llama3-tokenizer,bookmia100.13.008,attack_train,fifty_shades_of_grey,63,247,203.94978980207816,0.8257076510205593,3.7782512664794923,4.575773594697401,3.2372982508266372
jacquelinehe/tinycomma-1.8b-llama3-tokenizer,bookmia100.13.009,attack_train,fifty_shades_of_grey,62,247,167.29096789099276,0.6772913679797278,2.1251144409179688,3.1376665071886407,2.6982414175966576
jacquelinehe/tinycomma-1.8b-llama3-tokenizer,bookmia100.13.010,attack_train,fifty_shades_of_grey,64,248,197.69029659964144,0.7971382927404896,7.234051704406738,9.075027219601658,3.0889108843693975
jacquelinehe/tinycomma-1.8b-llama3-tokenizer,bookmia100.13.011,attack_train,fifty_shades_of_grey,65,248,208.54126619547606,0.8408922024011132,4.405785242716472,5.239417407054123,3.2083271722380933
jacquelinehe/tinycomma-1.8b-llama3-tokenizer,bookmia100.13.012,attack_train,fifty_shades_of_grey,64,246,199.6241914925631,0.8114804532218013,5.110439300537109,6.297673936873347,3.1191279920712986
jacquelinehe/tinycomma-1.8b-llama3-tokenizer,bookmia100.13.013,attack_train,fifty_shades_of_grey,70,246,261.2364249089733,1.0619366866218425,3.446756601333618,3.2457270238004448,3.7319489272710467
jacquelinehe/tinycomma-1.8b-llama3-tokenizer,bookmia100.13.014,attack_train,fifty_shades_of_grey,63,241,195.18771416693926,0.8099075276636484,5.469289779663086,6.752980547594641,3.0982176851895122
jacquelinehe/tinycomma-1.8b-llama3-tokenizer,bookmia100.13.015,attack_train,fifty_shades_of_grey,65,248,244.44402069132775,0.9856613737553538,7.851669788360596,7.965889703525524,3.7606772414050424
jacquelinehe/tinycomma-1.8b-llama3-tokenizer,bookmia100.13.016,attack_train,fifty_shades_of_grey,63,249,158.83025776571594,0.6378725211474536,3.8283313751220702,6.001718600819136,2.5211152026304116
jacquelinehe/tinycomma-1.8b-llama3-tokenizer,bookmia100.13.017,attack_train,fifty_shades_of_grey,59,247,196.8255281522288,0.7968644864462704,2.3136629377092635,2.903458463844172,3.3360259008852338
jacquelinehe/tinycomma-1.8b-llama3-tokenizer,bookmia100.13.018,attack_train,fifty_shades_of_grey,66,248,195.2362339841202,0.7872428789682265,2.9884116649627686,3.7960478840779484,2.9581247573351543
jacquelinehe/tinycomma-1.8b-llama3-tokenizer,bookmia100.13.019,attack_train,fifty_shades_of_grey,63,244,218.40405970904976,0.895098605364958,3.5857338905334473,4.00596523002227,3.4667311064928534
jacquelinehe/tinycomma-1.8b-llama3-tokenizer,bookmia100.13.020,attack_train,fifty_shades_of_grey,67,246,196.71172638377175,0.7996411641616737,3.353097915649414,4.193253256496279,2.9359959161756977
jacquelinehe/tinycomma-1.8b-llama3-tokenizer,bookmia100.13.021,attack_train,fifty_shades_of_grey,69,249,189.5838920181268,0.7613810924422763,1.7203653653462727,2.259532555277765,2.7475926379438667
jacquelinehe/tinycomma-1.8b-llama3-tokenizer,bookmia100.13.022,attack_train,fifty_shades_of_grey,59,249,227.46153744868934,0.9135001503963427,2.0534839630126953,2.247929529208884,3.8552802957404975
jacquelinehe/tinycomma-1.8b-llama3-tokenizer,bookmia100.13.023,attack_train,fifty_shades_of_grey,65,246,251.62522438168526,1.0228667657792083,3.4636473655700684,3.3862155673143812,3.871157298179773
jacquelinehe/tinycomma-1.8b-llama3-tokenizer,bookmia100.13.024,attack_train,fifty_shades_of_grey,59,247,153.93059607964824,0.6232007938447297,1.0636343426174588,1.7067281574780262,2.608993153892343
jacquelinehe/tinycomma-1.8b-llama3-tokenizer,bookmia100.13.025,attack_train,fifty_shades_of_grey,54,249,184.94621040392667,0.7427558650760108,7.372796058654785,9.926271074143967,3.4249298222949385
jacquelinehe/tinycomma-1.8b-llama3-tokenizer,bookmia100.13.026,attack_train,fifty_shades_of_grey,62,243,199.000363639032,0.8189315376091852,2.5090713500976562,3.0638352961991413,3.209683284500516
jacquelinehe/tinycomma-1.8b-llama3-tokenizer,bookmia100.13.027,attack_train,fifty_shades_of_grey,71,244,213.41490793402772,0.8746512620247038,3.2547871271769204,3.7212398455157,3.0058437737187003
jacquelinehe/tinycomma-1.8b-llama3-tokenizer,bookmia100.13.028,attack_train,fifty_shades_of_grey,68,249,161.91831739153713,0.6502743670342856,6.426780064900716,9.883182223853312,2.3811517263461344
jacquelinehe/tinycomma-1.8b-llama3-tokenizer,bookmia100.13.029,attack_train,fifty_shades_of_grey,65,245,181.76242243498564,0.7418874385101455,3.890693028767904,5.244317165662184,2.7963449605382404
jacquelinehe/tinycomma-1.8b-llama3-tokenizer,bookmia100.13.030,attack_train,fifty_shades_of_grey,62,249,187.52878385782242,0.7531276460153511,6.227077007293701,8.26828896833084,3.024657804158426
jacquelinehe/tinycomma-1.8b-llama3-tokenizer,bookmia100.13.031,attack_train,fifty_shades_of_grey,62,249,144.18397860624827,0.5790521229166598,2.2920708656311035,3.9583152792637124,2.3255480420362624
jacquelinehe/tinycomma-1.8b-llama3-tokenizer,bookmia100.13.032,attack_train,fifty_shades_of_grey,60,246,172.77959715019097,0.702356085976386,3.3603968620300293,4.784463221897688,2.8796599525031827
jacquelinehe/tinycomma-1.8b-llama3-tokenizer,bookmia100.13.033,attack_train,fifty_shades_of_grey,59,245,240.94376335735433,0.983443932070834,5.553860664367676,5.647358718938794,4.083792599277192
jacquelinehe/tinycomma-1.8b-llama3-tokenizer,bookmia100.13.034,attack_train,fifty_shades_of_grey,65,248,191.3476852271706,0.7715632468837523,2.506962013244629,3.2491983299748086,2.9438105419564704
jacquelinehe/tinycomma-1.8b-llama3-tokenizer,bookmia100.13.035,attack_train,fifty_shades_of_grey,58,244,196.1100306864828,0.8037296339609951,3.5858983993530273,4.461572956667976,3.3812074256290137
jacquelinehe/tinycomma-1.8b-llama3-tokenizer,bookmia100.13.036,attack_train,fifty_shades_of_grey,61,247,201.82891592476517,0.8171211171043125,1.3046308755874634,1.5966187242972893,3.3086707528650026
jacquelinehe/tinycomma-1.8b-llama3-tokenizer,bookmia100.13.037,attack_train,fifty_shades_of_grey,65,244,195.9198502060026,0.8029502057623057,6.000371932983398,7.4729066509009225,3.014151541630809
jacquelinehe/tinycomma-1.8b-llama3-tokenizer,bookmia100.13.038,attack_train,fifty_shades_of_grey,64,247,189.3875384228304,0.7667511677037668,4.426272074381511,5.77276209130156,2.959180287856725
jacquelinehe/tinycomma-1.8b-llama3-tokenizer,bookmia100.13.039,attack_train,fifty_shades_of_grey,60,249,192.80481932708062,0.7743165434822515,5.048043568929036,6.519353888820463,3.2134136554513435
jacquelinehe/tinycomma-1.8b-llama3-tokenizer,bookmia100.13.040,attack_train,fifty_shades_of_grey,66,248,241.1834007035941,0.9725137125144923,3.226670837402344,3.317866674660652,3.654293950054456
jacquelinehe/tinycomma-1.8b-llama3-tokenizer,bookmia100.13.041,attack_train,fifty_shades_of_grey,61,246,213.21063718307414,0.8667099072482689,7.205394744873047,8.313502227924877,3.4952563472635103
jacquelinehe/tinycomma-1.8b-llama3-tokenizer,bookmia100.13.042,attack_train,fifty_shades_of_grey,63,247,176.45637431088835,0.714398276562301,3.8524882793426514,5.392633781090434,2.8008948303315613
jacquelinehe/tinycomma-1.8b-llama3-tokenizer,bookmia100.13.043,attack_train,fifty_shades_of_grey,59,247,201.0009279845981,0.8137689392088991,3.4047322273254395,4.183905360943526,3.406795389569459
jacquelinehe/tinycomma-1.8b-llama3-tokenizer,bookmia100.13.044,attack_train,fifty_shades_of_grey,52,246,207.09311950951815,0.8418419492256836,5.273302714029948,6.264005635357409,3.9825599905676565
jacquelinehe/tinycomma-1.8b-llama3-tokenizer,bookmia100.13.045,attack_train,fifty_shades_of_grey,64,244,190.98637929931283,0.7827310627021018,12.143442153930664,15.514194763153682,2.984162176551763
jacquelinehe/tinycomma-1.8b-llama3-tokenizer,bookmia100.13.046,attack_train,fifty_shades_of_grey,66,240,198.3723165472038,0.8265513189466825,7.952269077301025,9.62102279073853,3.0056411598061183
jacquelinehe/tinycomma-1.8b-llama3-tokenizer,bookmia100.13.047,attack_train,fifty_shades_of_grey,57,249,215.69317880598828,0.8662376658875032,3.9786688486735025,4.593045310027197,3.7840908562454083
jacquelinehe/tinycomma-1.8b-llama3-tokenizer,bookmia100.13.048,attack_train,fifty_shades_of_grey,72,246,191.3377277860418,0.777795641406674,2.4973373413085938,3.210788552108702,2.657468441472803
jacquelinehe/tinycomma-1.8b-llama3-tokenizer,bookmia100.13.049,attack_train,fifty_shades_of_grey,62,247,171.17975043319166,0.693035426855027,4.866118748982747,7.021457432652529,2.7609637166643815
jacquelinehe/tinycomma-1.8b-llama3-tokenizer,bookmia100.13.050,attack_train,fifty_shades_of_grey,68,249,224.5745884574717,0.9019059777408501,4.1267313957214355,4.575567185016699,3.30256747731576
jacquelinehe/tinycomma-1.8b-llama3-tokenizer,bookmia100.13.051,attack_train,fifty_shades_of_grey,57,244,170.95309102907777,0.7006274222503187,3.536625862121582,5.047798230281121,2.9991770355978558
jacquelinehe/tinycomma-1.8b-llama3-tokenizer,bookmia100.13.052,attack_train,fifty_shades_of_grey,66,244,211.46350487030577,0.8666537084848597,7.615162372589111,8.786857193402463,3.203992498034936
jacquelinehe/tinycomma-1.8b-llama3-tokenizer,bookmia100.13.053,attack_train,fifty_shades_of_grey,56,239,206.48471971601248,0.863952802159048,2.0576789719717845,2.381702989827191,3.687227137785937
jacquelinehe/tinycomma-1.8b-llama3-tokenizer,bookmia100.13.054,attack_train,fifty_shades_of_grey,65,248,193.38959534070455,0.7797967554060667,1.7587353842599052,2.255376637652297,2.975224543703147
jacquelinehe/tinycomma-1.8b-llama3-tokenizer,bookmia100.13.055,attack_train,fifty_shades_of_grey,62,244,161.6697982782498,0.6625811404846303,4.227468172709147,6.380302599040261,2.607577391584674
jacquelinehe/tinycomma-1.8b-llama3-tokenizer,bookmia100.13.056,attack_train,fifty_shades_of_grey,62,242,248.67115663108416,1.0275667629383642,4.236518224080403,4.122864203943233,4.010825106952971
jacquelinehe/tinycomma-1.8b-llama3-tokenizer,bookmia100.13.057,attack_train,fifty_shades_of_grey,68,246,186.0518942065537,0.7563085130347711,15.080032348632812,19.9389959107065,2.736057267743437
jacquelinehe/tinycomma-1.8b-llama3-tokenizer,bookmia100.13.058,attack_train,fifty_shades_of_grey,62,245,166.12037763930857,0.6780423577114636,2.404890332903181,3.5468143037850832,2.6793609296662675
jacquelinehe/tinycomma-1.8b-llama3-tokenizer,bookmia100.13.059,attack_train,fifty_shades_of_grey,61,249,210.15139457653277,0.8439815043234248,2.216936928885324,2.6267600860074825,3.445104829123488
jacquelinehe/tinycomma-1.8b-llama3-tokenizer,bookmia100.13.060,attack_train,fifty_shades_of_grey,58,246,259.6605671867728,1.0555307609218407,3.562367630004883,3.3749538733420836,4.476906330806428
jacquelinehe/tinycomma-1.8b-llama3-tokenizer,bookmia100.13.061,attack_train,fifty_shades_of_grey,61,249,160.77302161278203,0.6456747855935021,2.696056365966797,4.175563962109177,2.635623305127574
jacquelinehe/tinycomma-1.8b-llama3-tokenizer,bookmia100.13.062,attack_train,fifty_shades_of_grey,65,247,191.6069853422232,0.7757367827620373,2.0041165351867676,2.5835007179252765,2.9477997744957416
jacquelinehe/tinycomma-1.8b-llama3-tokenizer,bookmia100.13.063,attack_train,fifty_shades_of_grey,66,248,177.16287466295762,0.7143664300925711,3.0203487873077393,4.228010528037197,2.684285979741782
jacquelinehe/tinycomma-1.8b-llama3-tokenizer,bookmia100.13.064,attack_train,fifty_shades_of_grey,62,246,199.5024247020483,0.810985466268489,6.103693008422852,7.526266822643812,3.2177810435814242
jacquelinehe/tinycomma-1.8b-llama3-tokenizer,bookmia100.13.065,attack_train,fifty_shades_of_grey,63,247,208.54033093899488,0.8442928378096959,13.426915168762207,15.903149437575404,3.310163983158649
jacquelinehe/tinycomma-1.8b-llama3-tokenizer,bookmia100.13.066,attack_train,fifty_shades_of_grey,66,248,228.56421569013037,0.9216299019763321,13.850162506103516,15.027900544897028,3.4630941771231876
jacquelinehe/tinycomma-1.8b-llama3-tokenizer,bookmia100.13.067,attack_train,fifty_shades_of_grey,68,248,221.249676624313,0.8921357928399718,2.731014060974121,3.0612089357836143,3.2536717150634265
jacquelinehe/tinycomma-1.8b-llama3-tokenizer,bookmia100.13.068,attack_train,fifty_shades_of_grey,60,247,213.48808385431767,0.8643242261308407,5.263588905334473,6.089831507901844,3.5581347309052944
jacquelinehe/tinycomma-1.8b-llama3-tokenizer,bookmia100.13.069,attack_train,fifty_shades_of_grey,69,247,203.15188498795033,0.8224772671576936,4.780301094055176,5.8120768621057195,2.9442302172166714
jacquelinehe/tinycomma-1.8b-llama3-tokenizer,bookmia100.13.070,attack_train,fifty_shades_of_grey,71,248,226.08166825026274,0.911619630041382,4.14032506942749,4.541724347510534,3.18424884859525
jacquelinehe/tinycomma-1.8b-llama3-tokenizer,bookmia100.13.071,attack_train,fifty_shades_of_grey,59,244,175.7620940580964,0.7203364510577722,3.2186241149902344,4.468223300742135,2.9790185433575664
jacquelinehe/tinycomma-1.8b-llama3-tokenizer,bookmia100.13.072,attack_train,fifty_shades_of_grey,56,246,112.93436767999083,0.45908279544711716,2.106519858042399,4.588540191297702,2.0166851371426935
jacquelinehe/tinycomma-1.8b-llama3-tokenizer,bookmia100.13.073,attack_train,fifty_shades_of_grey,67,247,218.34398315451108,0.8839837374676562,15.857985496520996,17.939227640034744,3.2588654202165834
jacquelinehe/tinycomma-1.8b-llama3-tokenizer,bookmia100.13.074,attack_train,fifty_shades_of_grey,63,245,195.3547031453345,0.7973661352870796,15.571035385131836,19.528087156003586,3.1008683038941984
jacquelinehe/tinycomma-1.8b-llama3-tokenizer,bookmia100.13.075,attack_train,fifty_shades_of_grey,61,249,250.20386257162318,1.0048347894442697,2.779958757860907,2.766582912001266,4.101702665108577
jacquelinehe/tinycomma-1.8b-llama3-tokenizer,bookmia100.13.076,attack_train,fifty_shades_of_grey,69,243,170.5412752344273,0.701815947466779,6.167605400085449,8.788066760733443,2.4716126845569173
jacquelinehe/tinycomma-1.8b-llama3-tokenizer,bookmia100.13.077,attack_train,fifty_shades_of_grey,62,245,201.7169302366674,0.8233344091292547,7.883399963378906,9.574967201621348,3.253498874784958
jacquelinehe/tinycomma-1.8b-llama3-tokenizer,bookmia100.13.078,attack_train,fifty_shades_of_grey,52,247,169.42324520135298,0.6859240696411052,2.6814027786254884,3.9091830966486913,3.2581393307952498
jacquelinehe/tinycomma-1.8b-llama3-tokenizer,bookmia100.13.079,attack_train,fifty_shades_of_grey,59,245,185.43291946518002,0.7568690590415511,3.479513168334961,4.597245886548971,3.1429308383928816
jacquelinehe/tinycomma-1.8b-llama3-tokenizer,bookmia100.13.080,attack_train,fifty_shades_of_grey,61,248,174.39495975896716,0.7032054828990612,2.054340680440267,2.92139457157098,2.8589337665404453
jacquelinehe/tinycomma-1.8b-llama3-tokenizer,bookmia100.13.082,attack_train,fifty_shades_of_grey,61,245,191.15768453897908,0.7802354470978738,14.000101089477539,17.943431231625837,3.1337325334258868
jacquelinehe/tinycomma-1.8b-llama3-tokenizer,bookmia100.13.083,attack_train,fifty_shades_of_grey,64,244,171.898497229442,0.704502037825582,2.392310551234654,3.395746815180872,2.6859140192100313
jacquelinehe/tinycomma-1.8b-llama3-tokenizer,bookmia100.13.084,attack_train,fifty_shades_of_grey,64,248,194.527092538774,0.7843834376563469,6.426563262939453,8.193139929294443,3.039485820918344
jacquelinehe/tinycomma-1.8b-llama3-tokenizer,bookmia100.13.085,attack_train,fifty_shades_of_grey,66,244,175.52870708471164,0.7193799470684903,3.728877067565918,5.183459843106943,2.6595258649198734
jacquelinehe/tinycomma-1.8b-llama3-tokenizer,bookmia100.13.086,attack_train,fifty_shades_of_grey,65,249,183.04909276030958,0.7351369187161028,3.786738634109497,5.151065791557492,2.8161398886201474
jacquelinehe/tinycomma-1.8b-llama3-tokenizer,bookmia100.13.087,attack_train,fifty_shades_of_grey,67,246,224.40222039143555,0.9122041479326648,4.312039057413737,4.727054867253283,3.3492868715139634
jacquelinehe/tinycomma-1.8b-llama3-tokenizer,bookmia100.13.088,attack_train,fifty_shades_of_grey,70,248,247.7636243700981,0.9990468724600731,2.5616234375370874,2.5640673207146873,3.539480348144259
jacquelinehe/tinycomma-1.8b-llama3-tokenizer,bookmia100.13.089,attack_train,fifty_shades_of_grey,55,245,224.22938785888255,0.9152219912607451,9.07080364227295,9.911042051969984,4.076897961070592
jacquelinehe/tinycomma-1.8b-llama3-tokenizer,bookmia100.13.090,attack_train,fifty_shades_of_grey,58,249,179.79126650374383,0.7220532791315013,5.433743794759114,7.525405606210832,3.099849422478342
jacquelinehe/tinycomma-1.8b-llama3-tokenizer,bookmia100.13.091,attack_train,fifty_shades_of_grey,61,249,169.71503410639707,0.6815864823550083,2.0005561828613283,2.935146506939272,2.782213673875362
jacquelinehe/tinycomma-1.8b-llama3-tokenizer,bookmia100.13.092,attack_train,fifty_shades_of_grey,63,243,222.81833969196305,0.9169478999669262,2.097705977303641,2.2877046529898855,3.536799042729572
jacquelinehe/tinycomma-1.8b-llama3-tokenizer,bookmia100.13.093,attack_train,fifty_shades_of_grey,66,249,191.67143397417385,0.7697647950770035,2.8823837280273437,3.7444992892134072,2.9041126359723313
jacquelinehe/tinycomma-1.8b-llama3-tokenizer,bookmia100.13.094,attack_train,fifty_shades_of_grey,72,249,208.84792087390088,0.8387466701763088,3.67442626953125,4.380853480776105,2.9006655676930677
jacquelinehe/tinycomma-1.8b-llama3-tokenizer,bookmia100.13.095,attack_train,fifty_shades_of_grey,70,248,198.96831498784013,0.8022915926929037,3.1483236948649087,3.924163886969715,2.8424044998262876
jacquelinehe/tinycomma-1.8b-llama3-tokenizer,bookmia100.13.096,attack_train,fifty_shades_of_grey,63,247,183.13636852055788,0.741442787532623,2.8160953521728516,3.7981289986571554,2.9069264844532996
jacquelinehe/tinycomma-1.8b-llama3-tokenizer,bookmia100.13.097,attack_train,fifty_shades_of_grey,59,244,122.82557481061667,0.5033835033221995,6.34783411026001,12.610334006509877,2.081789403569774
jacquelinehe/tinycomma-1.8b-llama3-tokenizer,bookmia100.13.098,attack_train,fifty_shades_of_grey,68,248,214.66190391778946,0.8655721932168929,3.377183437347412,3.901677368812108,3.1567927046733746
jacquelinehe/tinycomma-1.8b-llama3-tokenizer,bookmia100.13.099,attack_train,fifty_shades_of_grey,69,244,195.82611879333854,0.8025660606284366,1.0641326563698905,1.3259128544965362,2.8380596926570805
jacquelinehe/tinycomma-1.8b-llama3-tokenizer,bookmia100.14.000,attack_train,five on a treasure island,67,248,165.2237619482912,0.6662248465656904,6.539211908976237,9.815322773812918,2.4660262977356897
jacquelinehe/tinycomma-1.8b-llama3-tokenizer,bookmia100.14.001,attack_train,five on a treasure island,50,249,124.888965472579,0.5015621103316426,1.9988235064915247,3.985196380105076,2.49777930945158
jacquelinehe/tinycomma-1.8b-llama3-tokenizer,bookmia100.14.002,attack_train,five on a treasure island,58,247,158.21782413451,0.640557992447409,2.8056418895721436,4.37999669452644,2.7278935195605176
jacquelinehe/tinycomma-1.8b-llama3-tokenizer,bookmia100.14.003,attack_train,five on a treasure island,65,247,189.54210060089827,0.7673769255097096,5.305108070373535,6.913301526299816,2.9160323169368962
jacquelinehe/tinycomma-1.8b-llama3-tokenizer,bookmia100.14.004,attack_train,five on a treasure island,54,242,149.63352020084858,0.6183203314084652,3.277848720550537,5.301214522711813,2.770991114830529
jacquelinehe/tinycomma-1.8b-llama3-tokenizer,bookmia100.14.005,attack_train,five on a treasure island,56,249,186.4622288167593,0.7488442924367844,0.9178393363952637,1.225674476877642,3.3296826574421305
jacquelinehe/tinycomma-1.8b-llama3-tokenizer,bookmia100.14.006,attack_train,five on a treasure island,61,248,190.59690284822136,0.7685358985815377,2.7439969380696616,3.5704212947426,3.1245393909544488
jacquelinehe/tinycomma-1.8b-llama3-tokenizer,bookmia100.14.007,attack_train,five on a treasure island,55,246,163.72516732802615,0.6655494606830331,4.870656331380208,7.318248483563644,2.97682122414593
jacquelinehe/tinycomma-1.8b-llama3-tokenizer,bookmia100.14.008,attack_train,five on a treasure island,56,246,128.6800038255751,0.5230894464454273,3.6246867179870605,6.929382235902585,2.2978572111709843
jacquelinehe/tinycomma-1.8b-llama3-tokenizer,bookmia100.14.009,attack_train,five on a treasure island,59,249,153.88791942305397,0.6180237727833493,3.3075673580169678,5.351844870175324,2.608269820729728
jacquelinehe/tinycomma-1.8b-llama3-tokenizer,bookmia100.14.010,attack_train,five on a treasure island,64,249,193.03177768480964,0.7752280228305608,11.828864097595215,15.258561028798894,3.0161215263251506
jacquelinehe/tinycomma-1.8b-llama3-tokenizer,bookmia100.14.011,attack_train,five on a treasure island,64,248,140.18883623206057,0.5652775654518571,3.1776577631632485,5.621411422233206,2.1904505661259464
jacquelinehe/tinycomma-1.8b-llama3-tokenizer,bookmia100.14.012,attack_train,five on a treasure island,59,242,187.8717403113842,0.776329505418943,7.879608631134033,10.149825011329224,3.1842667849387154
jacquelinehe/tinycomma-1.8b-llama3-tokenizer,bookmia100.14.013,attack_train,five on a treasure island,57,249,116.31740905453262,0.4671381889740266,3.816805839538574,8.170614027342545,2.0406562992023267
jacquelinehe/tinycomma-1.8b-llama3-tokenizer,bookmia100.14.014,attack_train,five on a treasure island,65,249,186.6724833669141,0.7496886882205386,8.350919723510742,11.139183309984961,2.871884359490986
jacquelinehe/tinycomma-1.8b-llama3-tokenizer,bookmia100.14.015,attack_train,five on a treasure island,55,246,179.6888486146927,0.7304424740434662,14.07072925567627,19.263295544392136,3.2670699748125944
jacquelinehe/tinycomma-1.8b-llama3-tokenizer,bookmia100.14.016,attack_train,five on a treasure island,62,245,169.34225482307374,0.6911928768288724,2.6546855290730793,3.8407304503086395,2.731326690694738
jacquelinehe/tinycomma-1.8b-llama3-tokenizer,bookmia100.14.017,attack_train,five on a treasure island,58,248,141.82710391795263,0.5718834835401315,5.164667129516602,9.030977949469273,2.4452948951371143
jacquelinehe/tinycomma-1.8b-llama3-tokenizer,bookmia100.14.018,attack_train,five on a treasure island,62,245,125.31488898629323,0.5114893428011968,2.712688446044922,5.303509221108594,2.0212078868756973
jacquelinehe/tinycomma-1.8b-llama3-tokenizer,bookmia100.14.019,attack_train,five on a treasure island,58,248,178.85537787526846,0.7211910398196308,14.17465591430664,19.654509182271187,3.0837134116425595
jacquelinehe/tinycomma-1.8b-llama3-tokenizer,bookmia100.14.020,attack_train,five on a treasure island,68,246,172.53770404180977,0.7013727806577633,7.316023349761963,10.431005524481332,2.537319177085438
jacquelinehe/tinycomma-1.8b-llama3-tokenizer,bookmia100.14.021,attack_train,five on a treasure island,66,249,154.24650769983418,0.6194638863447156,3.984865188598633,6.4327643248296775,2.337068298482336
jacquelinehe/tinycomma-1.8b-llama3-tokenizer,bookmia100.14.022,attack_train,five on a treasure island,61,243,145.12841818481684,0.5972362888264068,4.683833758036296,7.842513667815157,2.379154396472407
jacquelinehe/tinycomma-1.8b-llama3-tokenizer,bookmia100.14.023,attack_train,five on a treasure island,52,247,152.46271069254726,0.6172579380265071,3.673868179321289,5.9519172666573645,2.9319752056259087
jacquelinehe/tinycomma-1.8b-llama3-tokenizer,bookmia100.14.024,attack_train,five on a treasure island,63,245,202.73375788331032,0.8274847260543279,2.9548448835100447,3.5708754379063263,3.2179961568779416
jacquelinehe/tinycomma-1.8b-llama3-tokenizer,bookmia100.14.025,attack_train,five on a treasure island,60,249,174.2199333831668,0.6996784473219549,4.704215367635091,6.723396133810679,2.9036655563861133
jacquelinehe/tinycomma-1.8b-llama3-tokenizer,bookmia100.14.026,attack_train,five on a treasure island,69,248,188.43606840691064,0.7598228564794783,7.911324977874756,10.412065010166522,2.7309575131436326
jacquelinehe/tinycomma-1.8b-llama3-tokenizer,bookmia100.14.027,attack_train,five on a treasure island,54,246,160.08520365483128,0.650752860385493,5.211348215738933,8.008183341140958,2.9645408084228015
jacquelinehe/tinycomma-1.8b-llama3-tokenizer,bookmia100.14.028,attack_train,five on a treasure island,61,243,185.9398030336015,0.7651843746238745,4.259481430053711,5.566607959222186,3.0481934923541227
jacquelinehe/tinycomma-1.8b-llama3-tokenizer,bookmia100.14.029,attack_train,five on a treasure island,55,248,178.6718029677868,0.7204508184184951,4.37633482615153,6.074439384715095,3.248578235777942
jacquelinehe/tinycomma-1.8b-llama3-tokenizer,bookmia100.14.030,attack_train,five on a treasure island,71,246,180.01146316423547,0.7317539153017701,5.183766047159831,7.084029123400156,2.5353727206230348
jacquelinehe/tinycomma-1.8b-llama3-tokenizer,bookmia100.14.031,attack_train,five on a treasure island,53,245,156.36826585285598,0.6382378198075754,1.3303584575653076,2.084424357626444,2.9503446387331316
jacquelinehe/tinycomma-1.8b-llama3-tokenizer,bookmia100.14.033,attack_train,five on a treasure island,53,244,143.59311153367162,0.5884963587445559,2.1693897247314453,3.6863265039726367,2.7093039912013515
jacquelinehe/tinycomma-1.8b-llama3-tokenizer,bookmia100.14.034,attack_train,five on a treasure island,53,244,145.70708114583977,0.5971601686304908,2.9964729944864907,5.017871505660721,2.7491902102988637
jacquelinehe/tinycomma-1.8b-llama3-tokenizer,bookmia100.14.035,attack_train,five on a treasure island,59,246,155.40042016329244,0.6317090250540343,5.932751337687175,9.391588694145549,2.633905426496482
jacquelinehe/tinycomma-1.8b-llama3-tokenizer,bookmia100.14.036,attack_train,five on a treasure island,62,249,207.96916362689808,0.8352175246060164,5.887945810953776,7.049595629271789,3.354341348820937
jacquelinehe/tinycomma-1.8b-llama3-tokenizer,bookmia100.14.037,attack_train,five on a treasure island,66,248,167.92728185281157,0.6771261365032725,2.765323448181152,4.083911843163342,2.54435275534563
jacquelinehe/tinycomma-1.8b-llama3-tokenizer,bookmia100.14.038,attack_train,five on a treasure island,61,246,189.33999728038907,0.7696747856926385,3.839284578959147,4.9881906622472165,3.1039343816457223
jacquelinehe/tinycomma-1.8b-llama3-tokenizer,bookmia100.14.039,attack_train,five on a treasure island,58,245,153.99976879404858,0.6285704848736676,3.4135634104410806,5.430677215343878,2.6551684274835963
jacquelinehe/tinycomma-1.8b-llama3-tokenizer,bookmia100.14.040,attack_train,five on a treasure island,59,246,161.5325831398368,0.6566365168286048,6.0127716064453125,9.156925410553683,2.7378403922006234
jacquelinehe/tinycomma-1.8b-llama3-tokenizer,bookmia100.14.041,attack_train,five on a treasure island,55,249,168.681700758636,0.6774365492314699,6.782949924468994,10.012671935348092,3.0669400137933818
jacquelinehe/tinycomma-1.8b-llama3-tokenizer,bookmia100.14.042,attack_train,five on a treasure island,57,243,140.0769662517123,0.5764484207889394,4.077323913574219,7.073180819879613,2.4574906359949527
jacquelinehe/tinycomma-1.8b-llama3-tokenizer,bookmia100.14.043,attack_train,five on a treasure island,50,248,156.63041513506323,0.6315742545768679,7.199884414672852,11.399901694055778,3.132608302701265
jacquelinehe/tinycomma-1.8b-llama3-tokenizer,bookmia100.14.044,attack_train,five on a treasure island,61,248,165.83407766744494,0.6686857970461489,8.389644622802734,12.546467503666342,2.7185914371712285
jacquelinehe/tinycomma-1.8b-llama3-tokenizer,bookmia100.14.045,attack_train,five on a treasure island,60,247,168.44610478449613,0.6819680355647616,5.264275232950847,7.719240431248829,2.807435079741602
jacquelinehe/tinycomma-1.8b-llama3-tokenizer,bookmia100.14.046,attack_train,five on a treasure island,61,247,159.16100424993783,0.6443765354248495,8.0629243850708,12.51275293529235,2.6091967909825873
jacquelinehe/tinycomma-1.8b-llama3-tokenizer,bookmia100.14.047,attack_train,five on a treasure island,63,245,164.49522071145475,0.6714090641283867,2.7393508911132813,4.080002843973317,2.6110352493881708
jacquelinehe/tinycomma-1.8b-llama3-tokenizer,bookmia100.14.048,attack_train,five on a treasure island,63,243,155.41825053747743,0.6395812779320059,4.107096354166667,6.4215393662653355,2.466956357737737
jacquelinehe/tinycomma-1.8b-llama3-tokenizer,bookmia100.14.049,attack_train,five on a treasure island,52,248,149.25399947166443,0.6018306430309049,2.477703666687012,4.11694501663947,2.8702692206089315
jacquelinehe/tinycomma-1.8b-llama3-tokenizer,bookmia100.14.050,attack_train,five on a treasure island,69,248,179.94034472876228,0.725565906164364,6.460177898406982,8.903640377147964,2.6078310830255402
jacquelinehe/tinycomma-1.8b-llama3-tokenizer,bookmia100.14.051,attack_train,five on a treasure island,55,248,143.01679594442248,0.5766806288081552,4.451150894165039,7.718571895443027,2.6003053808076815
jacquelinehe/tinycomma-1.8b-llama3-tokenizer,bookmia100.14.052,attack_train,five on a treasure island,53,245,147.67468865215778,0.6027538312332971,3.0520622730255127,5.0635302753375715,2.786314880229392
jacquelinehe/tinycomma-1.8b-llama3-tokenizer,bookmia100.14.053,attack_train,five on a treasure island,57,246,203.51285469718277,0.8272880272243203,4.127503871917725,4.989198122165675,3.5704009595996977
jacquelinehe/tinycomma-1.8b-llama3-tokenizer,bookmia100.14.054,attack_train,five on a treasure island,68,246,155.43547131458763,0.6318515094088928,3.1007163524627686,4.907349759065288,2.2858157546262885
jacquelinehe/tinycomma-1.8b-llama3-tokenizer,bookmia100.14.055,attack_train,five on a treasure island,60,246,139.79182022530586,0.5682594318101865,3.5631818771362305,6.2703435749156675,2.3298636704217643
jacquelinehe/tinycomma-1.8b-llama3-tokenizer,bookmia100.14.056,attack_train,five on a treasure island,56,244,160.93614496150985,0.6595743645963519,3.8949966430664062,5.905318417658753,2.873859731455533
jacquelinehe/tinycomma-1.8b-llama3-tokenizer,bookmia100.14.057,attack_train,five on a treasure island,61,245,168.1946443193592,0.6865087523239152,7.870853424072266,11.46504454229968,2.757289251137036
jacquelinehe/tinycomma-1.8b-llama3-tokenizer,bookmia100.14.058,attack_train,five on a treasure island,63,246,203.78657385148108,0.8284007067133378,4.031120936075847,4.866148596214064,3.234707521452081
jacquelinehe/tinycomma-1.8b-llama3-tokenizer,bookmia100.14.059,attack_train,five on a treasure island,65,243,188.1956748533994,0.7744677977506148,14.536954879760742,18.770250902596942,2.895318074667683
jacquelinehe/tinycomma-1.8b-llama3-tokenizer,bookmia100.14.060,attack_train,five on a treasure island,62,247,164.72564804938156,0.6669054576898039,1.5906585057576497,2.3851334359562384,2.6568652911190576
jacquelinehe/tinycomma-1.8b-llama3-tokenizer,bookmia100.14.061,attack_train,five on a treasure island,61,242,171.64541093655862,0.7092785575890852,4.685500621795654,6.606009122455611,2.813859195681289
jacquelinehe/tinycomma-1.8b-llama3-tokenizer,bookmia100.14.062,attack_train,five on a treasure island,55,248,150.74349969625473,0.6078366923236078,4.144922733306885,6.819138735211724,2.740790903568268
jacquelinehe/tinycomma-1.8b-llama3-tokenizer,bookmia100.14.063,attack_train,five on a treasure island,66,249,142.8358038815786,0.5736377665926852,2.99155855178833,5.2150655448606535,2.164178846690585
jacquelinehe/tinycomma-1.8b-llama3-tokenizer,bookmia100.14.064,attack_train,five on a treasure island,61,248,130.85586753371172,0.5276446271520634,4.203160285949707,7.965892325363121,2.145178156290356
jacquelinehe/tinycomma-1.8b-llama3-tokenizer,bookmia100.14.065,attack_train,five on a treasure island,59,244,139.853571170941,0.5731703736513976,5.955933570861816,10.39120974261,2.370399511371881
jacquelinehe/tinycomma-1.8b-llama3-tokenizer,bookmia100.14.066,attack_train,five on a treasure island,51,243,127.22268946096301,0.5235501623907943,3.8429943720499673,7.340260108985384,2.494562538450255
jacquelinehe/tinycomma-1.8b-llama3-tokenizer,bookmia100.14.067,attack_train,five on a treasure island,48,245,140.99523228238104,0.5754907440097186,4.636442184448242,8.056501746915924,2.937400672549605
jacquelinehe/tinycomma-1.8b-llama3-tokenizer,bookmia100.14.068,attack_train,five on a treasure island,68,248,199.40827598792384,0.8040656289835639,7.652992248535156,9.517870149740716,2.932474646881233
jacquelinehe/tinycomma-1.8b-llama3-tokenizer,bookmia100.14.069,attack_train,five on a treasure island,59,248,152.2213742621243,0.6137958639601786,6.653679529825847,10.84021564905416,2.580023292578378
jacquelinehe/tinycomma-1.8b-llama3-tokenizer,bookmia100.14.070,attack_train,five on a treasure island,54,246,207.7247066856362,0.8444093767708788,3.5119049549102783,4.159007528244437,3.8467538275117814
jacquelinehe/tinycomma-1.8b-llama3-tokenizer,bookmia100.14.071,attack_train,five on a treasure island,60,248,150.85248484346084,0.6082761485623421,5.82952880859375,9.583687971938097,2.514208080724347
jacquelinehe/tinycomma-1.8b-llama3-tokenizer,bookmia100.14.072,attack_train,five on a treasure island,53,245,146.71146667655557,0.598822312965533,2.2335376739501953,3.7298838496666926,2.7681408806897276
jacquelinehe/tinycomma-1.8b-llama3-tokenizer,bookmia100.14.073,attack_train,five on a treasure island,65,246,157.47925414610654,0.6401595696996201,8.06531810760498,12.598918284373132,2.422757756093947
jacquelinehe/tinycomma-1.8b-llama3-tokenizer,bookmia100.14.074,attack_train,five on a treasure island,71,243,185.9044282073155,0.7650387992070596,5.025280475616455,6.568660936968179,2.618372228272049
jacquelinehe/tinycomma-1.8b-llama3-tokenizer,bookmia100.14.075,attack_train,five on a treasure island,58,246,204.40666205086745,0.8309213904506807,3.0701327323913574,3.694853409329321,3.5242527939804735
jacquelinehe/tinycomma-1.8b-llama3-tokenizer,bookmia100.14.076,attack_train,five on a treasure island,59,247,203.49580073636025,0.823869638608746,15.317025184631348,18.59156408591162,3.4490813684128856
jacquelinehe/tinycomma-1.8b-llama3-tokenizer,bookmia100.14.077,attack_train,five on a treasure island,61,247,151.4249051080551,0.6130562959840288,13.020627975463867,21.23887815973605,2.482375493574674
jacquelinehe/tinycomma-1.8b-llama3-tokenizer,bookmia100.14.078,attack_train,five on a treasure island,65,246,194.5455929087475,0.7908357435314939,14.322080612182617,18.110057277162337,2.9930091216730386
jacquelinehe/tinycomma-1.8b-llama3-tokenizer,bookmia100.14.079,attack_train,five on a treasure island,69,246,177.6519257859327,0.7221622999428158,2.0164175033569336,2.792194363395324,2.574665591100474
jacquelinehe/tinycomma-1.8b-llama3-tokenizer,bookmia100.14.080,attack_train,five on a treasure island,59,248,193.14248332055286,0.7788003359699712,3.1598448753356934,4.05732346198876,3.27360141221276
jacquelinehe/tinycomma-1.8b-llama3-tokenizer,bookmia100.14.081,attack_train,five on a treasure island,55,249,159.2737412075512,0.639653579146792,3.9104703267415366,6.113418972747021,2.8958862037736584
jacquelinehe/tinycomma-1.8b-llama3-tokenizer,bookmia100.14.082,attack_train,five on a treasure island,66,249,191.19894094020128,0.7678672326915714,2.2512423197428384,2.931811938180585,2.8969536506091105
jacquelinehe/tinycomma-1.8b-llama3-tokenizer,bookmia100.14.083,attack_train,five on a treasure island,61,242,178.43224919307977,0.7373233437730569,2.8921656608581543,3.922520133511931,2.925118839230816
jacquelinehe/tinycomma-1.8b-llama3-tokenizer,bookmia100.14.084,attack_train,five on a treasure island,57,246,153.16378081566654,0.6226169951856364,4.767127990722656,7.656597920686879,2.6870838739590623
jacquelinehe/tinycomma-1.8b-llama3-tokenizer,bookmia100.14.085,attack_train,five on a treasure island,68,248,179.29986236605328,0.7229833159921503,8.450836181640625,11.688839831723557,2.6367626818537246
jacquelinehe/tinycomma-1.8b-llama3-tokenizer,bookmia100.14.086,attack_train,five on a treasure island,60,249,161.4836104856804,0.6485285561673911,1.7961710294087727,2.7696097763583514,2.691393508094673
jacquelinehe/tinycomma-1.8b-llama3-tokenizer,bookmia100.14.087,attack_train,five on a treasure island,65,249,203.3394192645792,0.8166241737533301,12.421594619750977,15.210907316960041,3.128298757916603
jacquelinehe/tinycomma-1.8b-llama3-tokenizer,bookmia100.14.088,attack_train,five on a treasure island,63,249,199.77820711024106,0.8023221169085987,9.050247192382812,11.280066947741672,3.1710826525435087
jacquelinehe/tinycomma-1.8b-llama3-tokenizer,bookmia100.14.089,attack_train,five on a treasure island,63,248,177.51630502106855,0.7157915525043087,12.362735748291016,17.27141889987113,2.8177191273185485
jacquelinehe/tinycomma-1.8b-llama3-tokenizer,bookmia100.14.090,attack_train,five on a treasure island,60,248,163.54679908999242,0.659462899556421,7.023776054382324,10.650752391236527,2.725779984833207
jacquelinehe/tinycomma-1.8b-llama3-tokenizer,bookmia100.14.091,attack_train,five on a treasure island,60,249,182.54524218663573,0.7331134224362881,3.1898093223571777,4.351044769793982,3.0424207031105954
jacquelinehe/tinycomma-1.8b-llama3-tokenizer,bookmia100.14.092,attack_train,five on a treasure island,63,249,156.79338565957732,0.6296923118858527,6.04334831237793,9.59730363275173,2.48878389935837
jacquelinehe/tinycomma-1.8b-llama3-tokenizer,bookmia100.14.094,attack_train,five on a treasure island,55,247,175.22649931162596,0.7094190255531415,1.6401842832565308,2.312010566643123,3.185936351120472
jacquelinehe/tinycomma-1.8b-llama3-tokenizer,bookmia100.14.095,attack_train,five on a treasure island,60,243,184.88498178095324,0.7608435464236759,2.470271682739258,3.246753809440458,3.0814163630158875
jacquelinehe/tinycomma-1.8b-llama3-tokenizer,bookmia100.14.096,attack_train,five on a treasure island,62,244,165.76424377661897,0.6793616548222089,4.17578649520874,6.14663260071921,2.6736168351067575
jacquelinehe/tinycomma-1.8b-llama3-tokenizer,bookmia100.14.097,attack_train,five on a treasure island,58,245,150.12530909501947,0.6127563636531407,2.8154311180114746,4.5946991088373075,2.588367398189991
jacquelinehe/tinycomma-1.8b-llama3-tokenizer,bookmia100.14.098,attack_train,five on a treasure island,60,249,150.9679079860216,0.6062968192209702,2.9539458751678467,4.872111780106923,2.5161317997670265
jacquelinehe/tinycomma-1.8b-llama3-tokenizer,bookmia100.14.099,attack_train,five on a treasure island,58,246,186.2561875123065,0.7571389736272622,8.601632118225098,11.360704464884225,3.211313577798388
jacquelinehe/tinycomma-1.8b-llama3-tokenizer,bookmia100.15.000,attack_train,frankenstein,53,245,157.73805461637676,0.6438287943525582,1.2895197868347168,2.0028923809340853,2.9761897097429575
jacquelinehe/tinycomma-1.8b-llama3-tokenizer,bookmia100.15.001,attack_train,frankenstein,57,244,176.86679297615774,0.7248639056399907,6.309263229370117,8.704065936073333,3.102926192564171
jacquelinehe/tinycomma-1.8b-llama3-tokenizer,bookmia100.15.002,attack_train,frankenstein,57,248,145.77697892091237,0.5878103988746467,6.281501293182373,10.686271126213832,2.5574908582616205
jacquelinehe/tinycomma-1.8b-llama3-tokenizer,bookmia100.15.003,attack_train,frankenstein,50,248,174.54266055149492,0.7038010506108666,3.513164520263672,4.99170115931826,3.4908532110298984
jacquelinehe/tinycomma-1.8b-llama3-tokenizer,bookmia100.15.004,attack_train,frankenstein,57,248,174.97972080786712,0.7055633903543029,6.700865268707275,9.497183896322051,3.0698196632959145
jacquelinehe/tinycomma-1.8b-llama3-tokenizer,bookmia100.15.005,attack_train,frankenstein,53,244,174.62012132816017,0.7156562349514761,13.80331039428711,19.287626824383107,3.2947192703426444
jacquelinehe/tinycomma-1.8b-llama3-tokenizer,bookmia100.15.006,attack_train,frankenstein,53,248,152.49714371014852,0.6149078375409215,1.8909273147583008,3.075139393767219,2.877304598304689
jacquelinehe/tinycomma-1.8b-llama3-tokenizer,bookmia100.15.007,attack_train,frankenstein,51,244,175.10897059738636,0.7176597155630589,3.840329170227051,5.351183976118848,3.4335092273997327
jacquelinehe/tinycomma-1.8b-llama3-tokenizer,bookmia100.15.008,attack_train,frankenstein,57,245,142.27470541372895,0.5807130833213426,3.2735297679901123,5.637086303045589,2.4960474633987535
jacquelinehe/tinycomma-1.8b-llama3-tokenizer,bookmia100.15.009,attack_train,frankenstein,50,248,177.13720013853163,0.7142629037844017,6.367760340372722,8.915149179152685,3.5427440027706325
jacquelinehe/tinycomma-1.8b-llama3-tokenizer,bookmia100.15.010,attack_train,frankenstein,57,249,161.84248343847867,0.6499698130059384,6.381853103637695,9.818691539109045,2.839341814710152
jacquelinehe/tinycomma-1.8b-llama3-tokenizer,bookmia100.15.011,attack_train,frankenstein,54,247,138.4822026823531,0.5606566910216725,3.994603395462036,7.1248652864246695,2.5644852348583904
jacquelinehe/tinycomma-1.8b-llama3-tokenizer,bookmia100.15.012,attack_train,frankenstein,54,240,133.8581852541538,0.5577424385589741,15.716938972473145,28.179564411631695,2.4788552824843295
jacquelinehe/tinycomma-1.8b-llama3-tokenizer,bookmia100.15.013,attack_train,frankenstein,54,243,176.3308391471801,0.725641313362881,17.211097717285156,23.718464481470583,3.2653859101329648
jacquelinehe/tinycomma-1.8b-llama3-tokenizer,bookmia100.15.014,attack_train,frankenstein,56,247,170.2535371258855,0.6892855754084433,1.4703154563903809,2.133100573763103,3.040241734390812
jacquelinehe/tinycomma-1.8b-llama3-tokenizer,bookmia100.15.015,attack_train,frankenstein,57,249,172.83209851954598,0.69410481333151,6.3579230308532715,9.159888980364522,3.0321420792902805
jacquelinehe/tinycomma-1.8b-llama3-tokenizer,bookmia100.15.016,attack_train,frankenstein,53,249,152.44430441362783,0.6122261221430837,6.4220967292785645,10.489746348617338,2.876307630445808
jacquelinehe/tinycomma-1.8b-llama3-tokenizer,bookmia100.15.017,attack_train,frankenstein,60,247,170.99933033017442,0.6923049810938235,12.742955207824707,18.406562939488282,2.84998883883624
jacquelinehe/tinycomma-1.8b-llama3-tokenizer,bookmia100.15.018,attack_train,frankenstein,41,238,119.22628186643124,0.5009507641446691,4.608075777689616,9.198660043083304,2.907958094303201
jacquelinehe/tinycomma-1.8b-llama3-tokenizer,bookmia100.15.019,attack_train,frankenstein,53,249,194.8374802209437,0.7824798402447538,5.6386979420979815,7.2061894148406935,3.6761788720932773
jacquelinehe/tinycomma-1.8b-llama3-tokenizer,bookmia100.15.020,attack_train,frankenstein,50,245,132.33140158746392,0.5401281697447506,3.893624941507975,7.208705562140913,2.6466280317492785
jacquelinehe/tinycomma-1.8b-llama3-tokenizer,bookmia100.15.021,attack_train,frankenstein,52,242,173.41242617368698,0.7165802734449875,3.0773551940917967,4.294501688271842,3.3348543494939804
jacquelinehe/tinycomma-1.8b-llama3-tokenizer,bookmia100.15.022,attack_train,frankenstein,50,247,163.9753314909176,0.6638677388296259,3.204224395751953,4.826600553599548,3.2795066298183517
jacquelinehe/tinycomma-1.8b-llama3-tokenizer,bookmia100.15.023,attack_train,frankenstein,54,247,167.96232608053833,0.6800094173301147,6.7835187911987305,9.975624775657527,3.110413445935895
jacquelinehe/tinycomma-1.8b-llama3-tokenizer,bookmia100.15.024,attack_train,frankenstein,58,247,163.70951154304203,0.6627915447086722,4.312616030375163,6.506745695240816,2.8225777852248624
jacquelinehe/tinycomma-1.8b-llama3-tokenizer,bookmia100.15.025,attack_train,frankenstein,51,243,146.33706833794713,0.6022101577693297,1.3828255176544189,2.2962507354186736,2.8693542811362183
jacquelinehe/tinycomma-1.8b-llama3-tokenizer,bookmia100.15.026,attack_train,frankenstein,61,245,149.1088826310297,0.6086076842082845,4.585423469543457,7.534284545730748,2.4444079119840936
jacquelinehe/tinycomma-1.8b-llama3-tokenizer,bookmia100.15.027,attack_train,frankenstein,53,245,149.0623259351123,0.6084176568780094,3.5279388427734375,5.798547762200803,2.812496715756836
jacquelinehe/tinycomma-1.8b-llama3-tokenizer,bookmia100.15.028,attack_train,frankenstein,51,247,185.50598878227174,0.7510363918310596,8.4948091506958,11.310782331046681,3.637372329064152
jacquelinehe/tinycomma-1.8b-llama3-tokenizer,bookmia100.15.029,attack_train,frankenstein,49,242,155.19278964027762,0.641292519174701,15.108281135559082,23.559110209179412,3.1671997885770944
jacquelinehe/tinycomma-1.8b-llama3-tokenizer,bookmia100.15.030,attack_train,frankenstein,49,244,167.27515390515327,0.6855539094473495,2.297437940325056,3.351214118488663,3.413778651125577
jacquelinehe/tinycomma-1.8b-llama3-tokenizer,bookmia100.15.031,attack_train,frankenstein,62,247,211.95259067602456,0.8581076545588039,1.2785624066988628,1.489979025249735,3.4185901721939445
jacquelinehe/tinycomma-1.8b-llama3-tokenizer,bookmia100.15.032,attack_train,frankenstein,52,247,170.28722952352837,0.6894219818766331,2.2053419748942056,3.1988274712262297,3.2747544139140072
jacquelinehe/tinycomma-1.8b-llama3-tokenizer,bookmia100.15.033,attack_train,frankenstein,55,249,190.81874265521765,0.7663403319486652,4.10614013671875,5.358115664195275,3.469431684640321
jacquelinehe/tinycomma-1.8b-llama3-tokenizer,bookmia100.15.034,attack_train,frankenstein,55,242,134.7872241474688,0.5569720006093752,4.5511824289957685,8.171294829931098,2.450676802681251
jacquelinehe/tinycomma-1.8b-llama3-tokenizer,bookmia100.15.035,attack_train,frankenstein,55,245,151.4791926331818,0.6182824189109462,4.131946086883545,6.682942876107701,2.7541671387851236
jacquelinehe/tinycomma-1.8b-llama3-tokenizer,bookmia100.15.036,attack_train,frankenstein,56,247,225.83275505993515,0.9143026520645148,5.191858291625977,5.678489808492462,4.032727768927414
jacquelinehe/tinycomma-1.8b-llama3-tokenizer,bookmia100.15.037,attack_train,frankenstein,48,249,142.62086266092956,0.5727745488390745,2.5373972256978354,4.430010430527592,2.9712679721026993
jacquelinehe/tinycomma-1.8b-llama3-tokenizer,bookmia100.15.038,attack_train,frankenstein,51,248,182.78522488265298,0.7370371971074717,5.877742290496826,7.974824491306859,3.584024017306921
jacquelinehe/tinycomma-1.8b-llama3-tokenizer,bookmia100.15.039,attack_train,frankenstein,62,245,158.35877519845963,0.6463623477488148,3.01269793510437,4.66100469124966,2.5541737935235425
jacquelinehe/tinycomma-1.8b-llama3-tokenizer,bookmia100.15.040,attack_train,frankenstein,54,248,160.15213346481323,0.6457747317129566,3.4618265628814697,5.360734003479457,2.965780249348393
jacquelinehe/tinycomma-1.8b-llama3-tokenizer,bookmia100.15.041,attack_train,frankenstein,55,249,139.66374123678543,0.5608985591838772,3.659921884536743,6.5251048065839745,2.539340749759735
jacquelinehe/tinycomma-1.8b-llama3-tokenizer,bookmia100.15.042,attack_train,frankenstein,53,249,222.86883333604783,0.8950555555664571,15.706094741821289,17.54761997078641,4.205072327095242
jacquelinehe/tinycomma-1.8b-llama3-tokenizer,bookmia100.15.043,attack_train,frankenstein,49,248,161.7847325205803,0.6523577924216947,2.0412190755208335,3.1289870363062304,3.3017292351138834
jacquelinehe/tinycomma-1.8b-llama3-tokenizer,bookmia100.15.044,attack_train,frankenstein,60,249,194.62095980266167,0.7816102803319745,14.994909286499023,19.184636722191286,3.2436826633776947
jacquelinehe/tinycomma-1.8b-llama3-tokenizer,bookmia100.15.045,attack_train,frankenstein,54,244,183.40202543977648,0.7516476452449856,5.737773418426514,7.633594616738795,3.3963338044403053
jacquelinehe/tinycomma-1.8b-llama3-tokenizer,bookmia100.15.046,attack_train,frankenstein,57,246,183.83679067529738,0.7473040271353552,14.186758995056152,18.983918833461043,3.2252068539525856
jacquelinehe/tinycomma-1.8b-llama3-tokenizer,bookmia100.15.047,attack_train,frankenstein,56,242,141.702409170568,0.5855471453329256,3.3748583793640137,5.763598040333992,2.5304001637601425
jacquelinehe/tinycomma-1.8b-llama3-tokenizer,bookmia100.15.048,attack_train,frankenstein,49,242,153.31825109757483,0.6335464921387389,2.4380945478166853,3.848327751900444,3.1289438999505066
jacquelinehe/tinycomma-1.8b-llama3-tokenizer,bookmia100.15.049,attack_train,frankenstein,51,241,120.94281149632297,0.5018373921009252,3.8583102226257324,7.6883673543596425,2.37142767639849
jacquelinehe/tinycomma-1.8b-llama3-tokenizer,bookmia100.15.050,attack_train,frankenstein,60,244,174.25256579951383,0.7141498598340731,2.567652130126953,3.595396813105202,2.904209429991897
jacquelinehe/tinycomma-1.8b-llama3-tokenizer,bookmia100.15.051,attack_train,frankenstein,52,248,126.66319194622338,0.5107386772025136,2.4716057777404785,4.83927669484185,2.43583061435045
jacquelinehe/tinycomma-1.8b-llama3-tokenizer,bookmia100.15.052,attack_train,frankenstein,56,248,167.32431105757132,0.6746948026514973,4.676268577575684,6.930939084158226,2.987934126028059
jacquelinehe/tinycomma-1.8b-llama3-tokenizer,bookmia100.15.053,attack_train,frankenstein,55,248,149.07905292580836,0.6011252134105176,5.079812367757161,8.45050624134789,2.7105282350146975
jacquelinehe/tinycomma-1.8b-llama3-tokenizer,bookmia100.15.054,attack_train,frankenstein,49,246,165.04020327329636,0.6708951352573023,1.3597582817077636,2.026782145597565,3.368167413740742
jacquelinehe/tinycomma-1.8b-llama3-tokenizer,bookmia100.15.055,attack_train,frankenstein,55,247,152.86518754746066,0.6188873989775735,5.147846539815267,8.317904918277078,2.7793670463174664
jacquelinehe/tinycomma-1.8b-llama3-tokenizer,bookmia100.15.056,attack_train,frankenstein,51,246,171.7226839736104,0.6980596909496358,5.365721384684245,7.686622582926616,3.367111450462949
jacquelinehe/tinycomma-1.8b-llama3-tokenizer,bookmia100.15.057,attack_train,frankenstein,51,246,130.45866168418434,0.5303197629438388,7.660505294799805,14.445068485239645,2.5580129741996926
jacquelinehe/tinycomma-1.8b-llama3-tokenizer,bookmia100.15.058,attack_train,frankenstein,54,245,147.99425602331758,0.6040581878502758,3.330785115559896,5.514013687014995,2.7406343708021774
jacquelinehe/tinycomma-1.8b-llama3-tokenizer,bookmia100.15.059,attack_train,frankenstein,52,246,155.4117903568549,0.6317552453530687,16.24710464477539,25.717403637377604,2.9886882760933635
jacquelinehe/tinycomma-1.8b-llama3-tokenizer,bookmia100.15.060,attack_train,frankenstein,57,247,154.5163849857854,0.6255724088493336,8.371044158935547,13.381415229506512,2.7108137716804457
jacquelinehe/tinycomma-1.8b-llama3-tokenizer,bookmia100.15.061,attack_train,frankenstein,53,242,181.29630688251927,0.7491582929029722,4.146068572998047,5.53430244619214,3.4206850355192318
jacquelinehe/tinycomma-1.8b-llama3-tokenizer,bookmia100.15.062,attack_train,frankenstein,48,248,162.14646297506988,0.6538163829639915,8.37568473815918,12.810454060800836,3.3780513119806224
jacquelinehe/tinycomma-1.8b-llama3-tokenizer,bookmia100.15.063,attack_train,frankenstein,64,247,200.04159608867485,0.8098850044075905,2.720460891723633,3.3590705802900724,3.1256499388855445
jacquelinehe/tinycomma-1.8b-llama3-tokenizer,bookmia100.15.064,attack_train,frankenstein,56,248,171.15694371337304,0.6901489665861816,2.227665764944894,3.2278042463267482,3.0563739948816613
jacquelinehe/tinycomma-1.8b-llama3-tokenizer,bookmia100.15.065,attack_train,frankenstein,54,248,178.1056654267013,0.7181680057528278,7.365821361541748,10.256404215362451,3.2982530634574316
jacquelinehe/tinycomma-1.8b-llama3-tokenizer,bookmia100.15.066,attack_train,frankenstein,50,241,156.4768794956617,0.6492816576583473,6.230655670166016,9.596229304608807,3.1295375899132343
jacquelinehe/tinycomma-1.8b-llama3-tokenizer,bookmia100.15.067,attack_train,frankenstein,52,247,152.38721565890592,0.616952290117028,3.2078235149383545,5.199467716263556,2.930523378055883
jacquelinehe/tinycomma-1.8b-llama3-tokenizer,bookmia100.15.068,attack_train,frankenstein,59,245,198.97405394975794,0.8121389957132977,3.4834933280944824,4.2892821875089835,3.3724415923687787
jacquelinehe/tinycomma-1.8b-llama3-tokenizer,bookmia100.15.069,attack_train,frankenstein,56,243,174.83672707015648,0.7194927039924135,11.542890548706055,16.0430960378825,3.12208441196708
jacquelinehe/tinycomma-1.8b-llama3-tokenizer,bookmia100.15.070,attack_train,frankenstein,50,248,159.10752016305923,0.6415625813026582,3.215095281600952,5.011350997236894,3.1821504032611845
jacquelinehe/tinycomma-1.8b-llama3-tokenizer,bookmia100.15.071,attack_train,frankenstein,62,243,168.888275935431,0.6950134812157654,4.659382502237956,6.704017444506894,2.724004450571468
jacquelinehe/tinycomma-1.8b-llama3-tokenizer,bookmia100.15.072,attack_train,frankenstein,54,244,148.85100117884576,0.6100450867985482,2.3133865356445313,3.792156654821922,2.756500021830477
jacquelinehe/tinycomma-1.8b-llama3-tokenizer,bookmia100.15.073,attack_train,frankenstein,58,247,182.71816102787852,0.7397496397889819,15.154335021972656,20.48576194818496,3.1503131211703193
jacquelinehe/tinycomma-1.8b-llama3-tokenizer,bookmia100.15.074,attack_train,frankenstein,56,247,170.1569286151789,0.6888944478347324,8.714790344238281,12.650400030991369,3.038516582413909
jacquelinehe/tinycomma-1.8b-llama3-tokenizer,bookmia100.15.075,attack_train,frankenstein,49,243,135.06351987365633,0.5558169542125775,3.1564170837402346,5.67887873843631,2.7563983647684966
jacquelinehe/tinycomma-1.8b-llama3-tokenizer,bookmia100.15.076,attack_train,frankenstein,51,243,163.216870829463,0.6716743655533457,4.8306624094645185,7.1919707781089315,3.200330800577706
jacquelinehe/tinycomma-1.8b-llama3-tokenizer,bookmia100.15.077,attack_train,frankenstein,52,242,165.928078468889,0.6856532168135909,1.908323151724679,2.783219133125567,3.190924585940173
jacquelinehe/tinycomma-1.8b-llama3-tokenizer,bookmia100.15.078,attack_train,frankenstein,62,248,161.64197105006315,0.6517821413308998,5.330559730529785,8.178437843732729,2.6071285653235994
jacquelinehe/tinycomma-1.8b-llama3-tokenizer,bookmia100.15.079,attack_train,frankenstein,58,248,128.98761312523857,0.5201113432469298,3.1899759769439697,6.13325592368303,2.2239243642282513
jacquelinehe/tinycomma-1.8b-llama3-tokenizer,bookmia100.15.080,attack_train,frankenstein,53,249,182.73979888204485,0.7338947746266862,3.505734443664551,4.776889773398141,3.4479207336234876
jacquelinehe/tinycomma-1.8b-llama3-tokenizer,bookmia100.15.081,attack_train,frankenstein,70,249,219.87400580651592,0.8830281357691403,17.733163833618164,20.0822183521617,3.1410572258073706
jacquelinehe/tinycomma-1.8b-llama3-tokenizer,bookmia100.15.082,attack_train,frankenstein,56,249,185.06295303453226,0.7432247109820572,16.93140411376953,22.781002654496355,3.304695589902362
jacquelinehe/tinycomma-1.8b-llama3-tokenizer,bookmia100.15.083,attack_train,frankenstein,55,243,170.5298764341278,0.7017690388235712,5.848564783732097,8.334030799558342,3.100543207893233
jacquelinehe/tinycomma-1.8b-llama3-tokenizer,bookmia100.15.084,attack_train,frankenstein,47,241,128.0133707365021,0.531175812184656,4.377401034037272,8.240964542480953,2.723688739074513
jacquelinehe/tinycomma-1.8b-llama3-tokenizer,bookmia100.15.085,attack_train,frankenstein,56,246,147.9804426622577,0.6015465148872264,2.204833984375,3.6652759675423376,2.6425079046831734
jacquelinehe/tinycomma-1.8b-llama3-tokenizer,bookmia100.15.086,attack_train,frankenstein,53,247,171.62892251461744,0.6948539373061435,1.9259743690490723,2.771768663376679,3.238281556879574
jacquelinehe/tinycomma-1.8b-llama3-tokenizer,bookmia100.15.087,attack_train,frankenstein,60,245,167.62597620580345,0.6841876579828713,3.0653929710388184,4.480339473056617,2.7937662700967243
jacquelinehe/tinycomma-1.8b-llama3-tokenizer,bookmia100.15.088,attack_train,frankenstein,56,249,143.47194990841672,0.5761925699133201,4.323601404825847,7.503743766561013,2.5619991055074416
jacquelinehe/tinycomma-1.8b-llama3-tokenizer,bookmia100.15.089,attack_train,frankenstein,56,247,147.50798966246657,0.5971983387144395,4.478902180989583,7.499857066968912,2.6340712439726173
jacquelinehe/tinycomma-1.8b-llama3-tokenizer,bookmia100.15.090,attack_train,frankenstein,62,248,178.08559172600508,0.7180870634113108,7.21346378326416,10.045388854376817,2.872348253645243
jacquelinehe/tinycomma-1.8b-llama3-tokenizer,bookmia100.15.091,attack_train,frankenstein,56,247,175.4963253798196,0.7105114387846948,2.808732604980469,3.953113844000469,3.1338629532110645
jacquelinehe/tinycomma-1.8b-llama3-tokenizer,bookmia100.15.092,attack_train,frankenstein,54,246,145.77461967989802,0.5925797547963334,5.43105411529541,9.165102370333315,2.6995299940721855
jacquelinehe/tinycomma-1.8b-llama3-tokenizer,bookmia100.15.093,attack_train,frankenstein,59,248,181.8768234886229,0.7333742882605763,7.229143142700195,9.857371956475788,3.082658025230897
jacquelinehe/tinycomma-1.8b-llama3-tokenizer,bookmia100.15.094,attack_train,frankenstein,55,242,142.97312574565876,0.5907980402713172,2.428695297241211,4.110872297622823,2.599511377193796
jacquelinehe/tinycomma-1.8b-llama3-tokenizer,bookmia100.15.095,attack_train,frankenstein,51,246,143.17566252185497,0.5820148883002235,1.8123916387557983,3.1139953207191904,2.807365931801078
jacquelinehe/tinycomma-1.8b-llama3-tokenizer,bookmia100.15.096,attack_train,frankenstein,52,243,126.30639845505357,0.5197794175105085,3.3313239415486655,6.409110921521465,2.4289692010587225
jacquelinehe/tinycomma-1.8b-llama3-tokenizer,bookmia100.15.097,attack_train,frankenstein,54,247,187.0353944209637,0.7572283174937802,8.609649658203125,11.369952046562025,3.463618415203032
jacquelinehe/tinycomma-1.8b-llama3-tokenizer,bookmia100.15.098,attack_train,frankenstein,57,243,169.5463552456349,0.6977216265252466,5.009995142618815,7.180507170989248,2.974497460449735
jacquelinehe/tinycomma-1.8b-llama3-tokenizer,bookmia100.15.099,attack_train,frankenstein,52,249,170.31173323915573,0.68398286441428,4.619743347167969,6.754179947364657,3.275225639214533
jacquelinehe/tinycomma-1.8b-llama3-tokenizer,bookmia100.16.000,attack_train,great expectations,69,249,190.6645288844593,0.765720999535981,4.049551010131836,5.288546366869684,2.7632540418037577
jacquelinehe/tinycomma-1.8b-llama3-tokenizer,bookmia100.16.001,attack_train,great expectations,55,246,148.3760970234871,0.6031548659491345,1.8868416547775269,3.128287213282051,2.697747218608856
jacquelinehe/tinycomma-1.8b-llama3-tokenizer,bookmia100.16.002,attack_train,great expectations,67,247,152.01681483042194,0.6154526916211415,4.237990061442058,6.885972096862429,2.268907684036148
jacquelinehe/tinycomma-1.8b-llama3-tokenizer,bookmia100.16.003,attack_train,great expectations,50,246,198.44275079041108,0.8066778487415085,7.660025596618652,9.495767868882226,3.968855015808222
jacquelinehe/tinycomma-1.8b-llama3-tokenizer,bookmia100.16.004,attack_train,great expectations,55,249,166.83990800380707,0.670039791179948,3.5749285221099854,5.335397343812214,3.033452872796492
jacquelinehe/tinycomma-1.8b-llama3-tokenizer,bookmia100.16.005,attack_train,great expectations,66,247,166.18099349024124,0.6727975444949038,5.364144325256348,7.972895218105212,2.517893840761231
jacquelinehe/tinycomma-1.8b-llama3-tokenizer,bookmia100.16.006,attack_train,great expectations,53,248,217.53383211267646,0.8771525488414373,4.867703119913737,5.549437354247113,4.104411926654273
jacquelinehe/tinycomma-1.8b-llama3-tokenizer,bookmia100.16.007,attack_train,great expectations,68,249,184.96838421327993,0.7428449165191965,4.341931978861491,5.845004633277702,2.7201232972541165
jacquelinehe/tinycomma-1.8b-llama3-tokenizer,bookmia100.16.008,attack_train,great expectations,66,247,201.52811893518083,0.8159033155270479,2.32106876373291,2.8447840811059493,3.0534563475027396
jacquelinehe/tinycomma-1.8b-llama3-tokenizer,bookmia100.16.009,attack_train,great expectations,65,241,197.69182356446981,0.8202980230890864,4.638908386230469,5.6551500255495215,3.0414126702226127
jacquelinehe/tinycomma-1.8b-llama3-tokenizer,bookmia100.16.010,attack_train,great expectations,56,245,183.32735617255094,0.7482749231532692,1.6646461486816406,2.2246451099373155,3.2737027887955525
jacquelinehe/tinycomma-1.8b-llama3-tokenizer,bookmia100.16.011,attack_train,great expectations,58,248,163.1229020259343,0.657753637201348,4.893604914347331,7.439875110640136,2.81246382803335
jacquelinehe/tinycomma-1.8b-llama3-tokenizer,bookmia100.16.012,attack_train,great expectations,56,244,175.5154116107151,0.7193254574209635,3.3870527744293213,4.708651333671833,3.1342037787627697
jacquelinehe/tinycomma-1.8b-llama3-tokenizer,bookmia100.16.013,attack_train,great expectations,62,248,175.4597193802938,0.7074988684689266,6.5429534912109375,9.24800559097757,2.8299954738757065
jacquelinehe/tinycomma-1.8b-llama3-tokenizer,bookmia100.16.014,attack_train,great expectations,57,245,159.80149100592826,0.6522509836976663,4.38237730662028,6.718851203222739,2.8035349299285657
jacquelinehe/tinycomma-1.8b-llama3-tokenizer,bookmia100.16.015,attack_train,great expectations,63,246,177.4397802501917,0.7212999197162264,3.6889864603678384,5.114358617728889,2.816504448415741
jacquelinehe/tinycomma-1.8b-llama3-tokenizer,bookmia100.16.016,attack_train,great expectations,61,249,158.73396382617648,0.6374857984987007,2.5248397827148437,3.9606212227173083,2.602196128297975
jacquelinehe/tinycomma-1.8b-llama3-tokenizer,bookmia100.16.017,attack_train,great expectations,64,249,213.76725935027935,0.8585030495995154,1.2032941272482276,1.4016189317085763,3.340113427348115
jacquelinehe/tinycomma-1.8b-llama3-tokenizer,bookmia100.16.018,attack_train,great expectations,60,243,175.26386773958802,0.7212504845250536,1.9745351473490398,2.7376552109344914,2.921064462326467
jacquelinehe/tinycomma-1.8b-llama3-tokenizer,bookmia100.16.019,attack_train,great expectations,57,246,176.43089039367624,0.7171987414377082,3.6257991790771484,5.05550131307929,3.095278778836425
jacquelinehe/tinycomma-1.8b-llama3-tokenizer,bookmia100.16.020,attack_train,great expectations,61,248,142.4003658035217,0.5741950234012972,2.0935508410135903,3.646062323236883,2.334432226287241
jacquelinehe/tinycomma-1.8b-llama3-tokenizer,bookmia100.16.021,attack_train,great expectations,69,248,221.7717887951294,0.8942410838513282,3.9159488677978516,4.379075104593268,3.2140838955815854
jacquelinehe/tinycomma-1.8b-llama3-tokenizer,bookmia100.16.022,attack_train,great expectations,54,249,224.0737171974033,0.8998944465759169,1.8491907853346605,2.0548974297716804,4.149513281433395
jacquelinehe/tinycomma-1.8b-llama3-tokenizer,bookmia100.16.023,attack_train,great expectations,60,249,188.06536681819125,0.7552825976634187,8.116957664489746,10.746914717220795,3.1344227803031877
jacquelinehe/tinycomma-1.8b-llama3-tokenizer,bookmia100.16.024,attack_train,great expectations,70,245,210.74664529692382,0.860190388967036,5.704521179199219,6.631696020283977,3.010666361384626
jacquelinehe/tinycomma-1.8b-llama3-tokenizer,bookmia100.16.025,attack_train,great expectations,57,247,179.03614744730294,0.7248427022158014,4.221613883972168,5.824179330311174,3.140985042935139
jacquelinehe/tinycomma-1.8b-llama3-tokenizer,bookmia100.16.026,attack_train,great expectations,59,249,141.34873017657083,0.5676655830384371,6.626980781555176,11.67409295114243,2.3957411894334038
jacquelinehe/tinycomma-1.8b-llama3-tokenizer,bookmia100.16.027,attack_train,great expectations,51,248,192.8674172461033,0.7776911985729972,6.2625651359558105,8.05276586316925,3.7817140636490842
jacquelinehe/tinycomma-1.8b-llama3-tokenizer,bookmia100.16.028,attack_train,great expectations,60,246,198.58663960988633,0.8072627626418144,4.88035265604655,6.045556517527591,3.3097773268314388
jacquelinehe/tinycomma-1.8b-llama3-tokenizer,bookmia100.16.029,attack_train,great expectations,68,244,192.03808095119894,0.7870413153737661,4.71581490834554,5.991826370774447,2.8240894257529257
jacquelinehe/tinycomma-1.8b-llama3-tokenizer,bookmia100.16.030,attack_train,great expectations,69,247,224.2242572355899,0.9077905151238458,2.285735511779785,2.517910766525196,3.249626916457825
jacquelinehe/tinycomma-1.8b-llama3-tokenizer,bookmia100.16.031,attack_train,great expectations,62,243,176.05449451878667,0.724504092669904,12.336682319641113,17.02776070481345,2.8395886212707526
jacquelinehe/tinycomma-1.8b-llama3-tokenizer,bookmia100.16.032,attack_train,great expectations,68,249,193.11005380749702,0.7755423847690643,5.753232955932617,7.418334663482996,2.8398537324631916
jacquelinehe/tinycomma-1.8b-llama3-tokenizer,bookmia100.16.033,attack_train,great expectations,58,248,190.08758135139942,0.7664821828685461,4.968114852905273,6.481709508644012,3.2773720922655074
jacquelinehe/tinycomma-1.8b-llama3-tokenizer,bookmia100.16.034,attack_train,great expectations,77,247,234.46393515076488,0.9492467010152424,3.9916210174560547,4.205040705632075,3.044986170789154
jacquelinehe/tinycomma-1.8b-llama3-tokenizer,bookmia100.16.035,attack_train,great expectations,56,247,182.4449977464974,0.7386437155728639,2.9530494689941404,3.9979348727063466,3.2579463883303106
jacquelinehe/tinycomma-1.8b-llama3-tokenizer,bookmia100.16.036,attack_train,great expectations,65,247,163.5449346906389,0.6621252416625057,2.9474141597747803,4.451445095755944,2.516075918317522
jacquelinehe/tinycomma-1.8b-llama3-tokenizer,bookmia100.16.037,attack_train,great expectations,56,246,204.0610324665904,0.8295163921406113,1.614927155630929,1.9468297081670964,3.6439470083319714
jacquelinehe/tinycomma-1.8b-llama3-tokenizer,bookmia100.16.038,attack_train,great expectations,55,246,193.16346818115562,0.7852173503299009,15.18468952178955,19.338199181933334,3.512063057839193
jacquelinehe/tinycomma-1.8b-llama3-tokenizer,bookmia100.16.039,attack_train,great expectations,65,247,162.52573445998132,0.6579989249391957,3.1152467727661133,4.734425323041352,2.5003959147689434
jacquelinehe/tinycomma-1.8b-llama3-tokenizer,bookmia100.16.040,attack_train,great expectations,53,242,190.84581827232614,0.7886190837699427,1.8104814801897322,2.2957616895787534,3.600864495704267
jacquelinehe/tinycomma-1.8b-llama3-tokenizer,bookmia100.16.041,attack_train,great expectations,59,248,159.56687428523583,0.6434148156662735,5.97554349899292,9.287233295685121,2.704523292970099
jacquelinehe/tinycomma-1.8b-llama3-tokenizer,bookmia100.16.042,attack_train,great expectations,66,246,202.911477859132,0.8248434059314309,15.410232543945312,18.68261591610076,3.0744163311989694
jacquelinehe/tinycomma-1.8b-llama3-tokenizer,bookmia100.16.043,attack_train,great expectations,56,249,148.3968272919301,0.5959711939434944,4.525622367858887,7.593693141296311,2.6499433444987517
jacquelinehe/tinycomma-1.8b-llama3-tokenizer,bookmia100.16.044,attack_train,great expectations,66,249,168.08780439702969,0.6750514232812437,4.774564107259114,7.0728894756657805,2.5467849151065103
jacquelinehe/tinycomma-1.8b-llama3-tokenizer,bookmia100.16.045,attack_train,great expectations,52,245,183.9716780509334,0.7509048083711568,6.367396831512451,8.479632518700264,3.537916885594873
jacquelinehe/tinycomma-1.8b-llama3-tokenizer,bookmia100.16.046,attack_train,great expectations,50,245,162.8791338354349,0.6648127911650404,2.566828046526228,3.8609787306108108,3.257582676708698
jacquelinehe/tinycomma-1.8b-llama3-tokenizer,bookmia100.16.047,attack_train,great expectations,52,246,185.14854589104652,0.7526363654107582,4.474681854248047,5.945343674439579,3.5605489594432025
jacquelinehe/tinycomma-1.8b-llama3-tokenizer,bookmia100.16.048,attack_train,great expectations,58,247,212.32805612694938,0.8596277575989854,5.097826639811198,5.930272254178796,3.6608285539129204
jacquelinehe/tinycomma-1.8b-llama3-tokenizer,bookmia100.16.049,attack_train,great expectations,56,241,168.632936490234,0.6997217281752448,3.013890027999878,4.307269456759032,3.011302437325607
jacquelinehe/tinycomma-1.8b-llama3-tokenizer,bookmia100.16.050,attack_train,great expectations,58,247,154.4125245399773,0.625151921214483,3.6515928904215493,5.841128798464855,2.6622849058616778
jacquelinehe/tinycomma-1.8b-llama3-tokenizer,bookmia100.16.051,attack_train,great expectations,70,246,182.16831806767732,0.7405216181612899,2.8389313220977783,3.8336913500875576,2.602404543823962
jacquelinehe/tinycomma-1.8b-llama3-tokenizer,bookmia100.16.052,attack_train,great expectations,63,249,224.28672282176558,0.9007498908504642,2.429709025791713,2.697429164823596,3.5601067114565965
jacquelinehe/tinycomma-1.8b-llama3-tokenizer,bookmia100.16.053,attack_train,great expectations,69,248,168.6994566321373,0.6802397444844246,1.541211485862732,2.2656886757342667,2.444919661335323
jacquelinehe/tinycomma-1.8b-llama3-tokenizer,bookmia100.16.054,attack_train,great expectations,59,247,183.29706785455346,0.7420933921236982,9.339216232299805,12.584960776396548,3.1067299636364996
jacquelinehe/tinycomma-1.8b-llama3-tokenizer,bookmia100.16.055,attack_train,great expectations,62,249,192.68515389194363,0.7738359594053961,2.2904443740844727,2.9598577660366363,3.1078250627732844
jacquelinehe/tinycomma-1.8b-llama3-tokenizer,bookmia100.16.056,attack_train,great expectations,61,249,167.62045475840569,0.6731745171020309,8.369036674499512,12.43219471605614,2.747876307514847
jacquelinehe/tinycomma-1.8b-llama3-tokenizer,bookmia100.16.057,attack_train,great expectations,61,247,217.58589760959148,0.8809145652210182,6.2339396476745605,7.076667697179565,3.56698192802609
jacquelinehe/tinycomma-1.8b-llama3-tokenizer,bookmia100.16.058,attack_train,great expectations,60,249,213.75167791871354,0.8584404735691307,3.4979894161224365,4.074818841636014,3.5625279653118924
jacquelinehe/tinycomma-1.8b-llama3-tokenizer,bookmia100.16.059,attack_train,great expectations,51,248,179.27974964678288,0.7229022163176729,5.260191599527995,7.276491177911192,3.5152892087604486
jacquelinehe/tinycomma-1.8b-llama3-tokenizer,bookmia100.16.060,attack_train,great expectations,54,249,238.96977178461384,0.9597179589743527,2.0050361156463623,2.08919307687973,4.425366144159516
jacquelinehe/tinycomma-1.8b-llama3-tokenizer,bookmia100.16.061,attack_train,great expectations,60,247,141.6332178850571,0.5734138375913242,7.206657886505127,12.567987401171436,2.360553631417618
jacquelinehe/tinycomma-1.8b-llama3-tokenizer,bookmia100.16.062,attack_train,great expectations,66,236,186.15588216856122,0.788796110883734,4.203289985656738,5.328740757795508,2.8205436692206245
jacquelinehe/tinycomma-1.8b-llama3-tokenizer,bookmia100.16.063,attack_train,great expectations,62,247,181.0281198550947,0.7329073678343915,13.874726295471191,18.93107765646905,2.919808384759592
jacquelinehe/tinycomma-1.8b-llama3-tokenizer,bookmia100.16.064,attack_train,great expectations,62,245,205.0922173000872,0.8371110910207641,3.587484121322632,4.285553207696834,3.307938988711084
jacquelinehe/tinycomma-1.8b-llama3-tokenizer,bookmia100.16.065,attack_train,great expectations,66,248,208.57961355619773,0.841046828855636,16.397518157958984,19.496557855488433,3.160297175093905
jacquelinehe/tinycomma-1.8b-llama3-tokenizer,bookmia100.16.066,attack_train,great expectations,55,246,168.28758086182643,0.684095857161896,2.810865674700056,4.108876914357406,3.0597741974877533
jacquelinehe/tinycomma-1.8b-llama3-tokenizer,bookmia100.16.067,attack_train,great expectations,45,244,176.78190369531512,0.7245159987512915,5.925021489461263,8.177902903004323,3.9284867487847803
jacquelinehe/tinycomma-1.8b-llama3-tokenizer,bookmia100.16.068,attack_train,great expectations,57,246,171.13234305358492,0.6956599311121339,3.8208391666412354,5.492395056493993,3.00232180795763
jacquelinehe/tinycomma-1.8b-llama3-tokenizer,bookmia100.16.069,attack_train,great expectations,61,247,225.94208972057095,0.914745302512433,4.1600775718688965,4.547798781193909,3.703968683943786
jacquelinehe/tinycomma-1.8b-llama3-tokenizer,bookmia100.16.070,attack_train,great expectations,56,247,182.79477414756548,0.7400598143626133,3.394465605417887,4.586744935396091,3.2641923954922407
jacquelinehe/tinycomma-1.8b-llama3-tokenizer,bookmia100.16.071,attack_train,great expectations,51,237,153.04264582146425,0.6457495604281192,4.110130310058594,6.364898347485764,3.0008361925777303
jacquelinehe/tinycomma-1.8b-llama3-tokenizer,bookmia100.16.072,attack_train,great expectations,64,244,194.99679539259523,0.7991671942319477,1.507538414001465,1.8863867597196713,3.0468249280093005
jacquelinehe/tinycomma-1.8b-llama3-tokenizer,bookmia100.16.073,attack_train,great expectations,59,249,158.18120031780563,0.6352658647301431,4.534725189208984,7.138310809656531,2.681037293522129
jacquelinehe/tinycomma-1.8b-llama3-tokenizer,bookmia100.16.074,attack_train,great expectations,57,246,191.9846634780988,0.7804254612930845,5.508995691935222,7.058964584276099,3.3681519908438387
jacquelinehe/tinycomma-1.8b-llama3-tokenizer,bookmia100.16.075,attack_train,great expectations,57,248,162.13598853550502,0.6537741473205848,6.414947032928467,9.812176053793745,2.8444910269386847
jacquelinehe/tinycomma-1.8b-llama3-tokenizer,bookmia100.16.076,attack_train,great expectations,55,245,164.19400539901108,0.6701796138735145,0.8827567722486414,1.3171943072790144,2.9853455527092922
jacquelinehe/tinycomma-1.8b-llama3-tokenizer,bookmia100.16.077,attack_train,great expectations,70,247,175.9392151806387,0.7123045149013713,2.8933283487955728,4.0619261681869245,2.51341735972341
jacquelinehe/tinycomma-1.8b-llama3-tokenizer,bookmia100.16.078,attack_train,great expectations,60,247,218.11797098163515,0.8830687084276727,2.6928712924321494,3.049447077823512,3.6352995163605857
jacquelinehe/tinycomma-1.8b-llama3-tokenizer,bookmia100.16.079,attack_train,great expectations,59,249,160.85530781559646,0.6460052522714718,2.756929636001587,4.267658236999965,2.7263611494168893
jacquelinehe/tinycomma-1.8b-llama3-tokenizer,bookmia100.16.080,attack_train,great expectations,58,245,191.99858119804412,0.7836676783593638,4.429816246032715,5.652671876562133,3.3103203654835194
jacquelinehe/tinycomma-1.8b-llama3-tokenizer,bookmia100.16.081,attack_train,great expectations,71,246,259.9177976548672,1.0565764132311675,3.5806562900543213,3.3889231722522966,3.6608140514770025
jacquelinehe/tinycomma-1.8b-llama3-tokenizer,bookmia100.16.082,attack_train,great expectations,64,248,223.17409556312487,0.8998955466255035,6.25667667388916,6.952669893023607,3.487095243173826
jacquelinehe/tinycomma-1.8b-llama3-tokenizer,bookmia100.16.083,attack_train,great expectations,59,241,184.28152276109904,0.7646536214153488,6.344725131988525,8.297515311893308,3.123415640018628
jacquelinehe/tinycomma-1.8b-llama3-tokenizer,bookmia100.16.084,attack_train,great expectations,54,244,130.97060060082003,0.5367647565607379,4.529849688212077,8.43917122509421,2.4253814926077784
jacquelinehe/tinycomma-1.8b-llama3-tokenizer,bookmia100.16.085,attack_train,great expectations,64,249,161.23217063210905,0.6475187575586708,5.131940841674805,7.925547764861169,2.519252666126704
jacquelinehe/tinycomma-1.8b-llama3-tokenizer,bookmia100.16.086,attack_train,great expectations,60,248,224.53708830825053,0.9053914851139134,2.916604995727539,3.2213744481599376,3.742284805137509
jacquelinehe/tinycomma-1.8b-llama3-tokenizer,bookmia100.16.087,attack_train,great expectations,58,249,197.05632443353534,0.7913908611788568,2.2198662757873535,2.8050188404761687,3.397522835060954
jacquelinehe/tinycomma-1.8b-llama3-tokenizer,bookmia100.16.088,attack_train,great expectations,56,245,185.82869017665507,0.758484449700633,8.493793487548828,11.198375248037388,3.3183694674402693
jacquelinehe/tinycomma-1.8b-llama3-tokenizer,bookmia100.16.089,attack_train,great expectations,57,246,212.1347067975439,0.8623362064940809,2.2519290924072264,2.611428205667813,3.7216615227639283
jacquelinehe/tinycomma-1.8b-llama3-tokenizer,bookmia100.16.090,attack_train,great expectations,57,248,174.05577983520925,0.7018378219161663,7.941910266876221,11.315876715211955,3.053610172547531
jacquelinehe/tinycomma-1.8b-llama3-tokenizer,bookmia100.16.091,attack_train,great expectations,58,248,195.4570306027308,0.7881331879142371,2.808275604248047,3.563199275594567,3.3699488034953586
jacquelinehe/tinycomma-1.8b-llama3-tokenizer,bookmia100.16.092,attack_train,great expectations,60,247,158.30598923235812,0.6409149361633932,2.1074731009347096,3.2882259127090085,2.638433153872635
jacquelinehe/tinycomma-1.8b-llama3-tokenizer,bookmia100.16.093,attack_train,great expectations,55,248,176.81910360231996,0.7129802564609675,7.507523536682129,10.529777604147629,3.214892792769454
jacquelinehe/tinycomma-1.8b-llama3-tokenizer,bookmia100.16.094,attack_train,great expectations,70,249,178.24189027771354,0.715830884649452,9.538248062133789,13.324722733645034,2.5463127182530507
jacquelinehe/tinycomma-1.8b-llama3-tokenizer,bookmia100.16.095,attack_train,great expectations,61,249,196.26349400472827,0.7882068032318404,4.262158393859863,5.407411324520383,3.217434327946365
jacquelinehe/tinycomma-1.8b-llama3-tokenizer,bookmia100.16.096,attack_train,great expectations,60,247,184.46089268289506,0.7468052335339881,2.647780418395996,3.5454765171721205,3.0743482113815843
jacquelinehe/tinycomma-1.8b-llama3-tokenizer,bookmia100.16.097,attack_train,great expectations,58,249,192.61601521137345,0.7735582940215802,2.074510301862444,2.681776302956388,3.3209657795064387
jacquelinehe/tinycomma-1.8b-llama3-tokenizer,bookmia100.16.098,attack_train,great expectations,65,249,163.84127490228275,0.6579970879609749,2.913639450073242,4.428043077063051,2.5206349984966576
jacquelinehe/tinycomma-1.8b-llama3-tokenizer,bookmia100.16.099,attack_train,great expectations,56,247,195.19409495859873,0.790259493759509,6.228911717732747,7.882109315890514,3.4856088385464057
jacquelinehe/tinycomma-1.8b-llama3-tokenizer,bookmia100.17.000,attack_train,harry potter and the sorcerer's stone,66,245,241.9946847241372,0.9877334070372946,2.446765354701451,2.4771515646519653,3.666586132183897
jacquelinehe/tinycomma-1.8b-llama3-tokenizer,bookmia100.17.001,attack_train,harry potter and the sorcerer's stone,57,248,168.54862641682848,0.679631558132373,4.479658126831055,6.591303881092797,2.9569934459092715
jacquelinehe/tinycomma-1.8b-llama3-tokenizer,bookmia100.17.002,attack_train,harry potter and the sorcerer's stone,63,249,167.777452231996,0.6738050290441606,7.720369815826416,11.45786909126858,2.663134162412635
jacquelinehe/tinycomma-1.8b-llama3-tokenizer,bookmia100.17.003,attack_train,harry potter and the sorcerer's stone,59,247,200.01367215067148,0.80977195202701,2.1640779177347818,2.6724535374653215,3.3900622398418894
jacquelinehe/tinycomma-1.8b-llama3-tokenizer,bookmia100.17.004,attack_train,harry potter and the sorcerer's stone,59,244,209.49786112923175,0.8585977915132449,2.5439695358276366,2.962935102993906,3.550811205580199
jacquelinehe/tinycomma-1.8b-llama3-tokenizer,bookmia100.17.005,attack_train,harry potter and the sorcerer's stone,62,248,175.41513121832395,0.7073190774932417,3.4751803874969482,4.913172142639052,2.829276309972967
jacquelinehe/tinycomma-1.8b-llama3-tokenizer,bookmia100.17.006,attack_train,harry potter and the sorcerer's stone,59,244,201.36136373924091,0.8252514907345939,5.0213494300842285,6.084629335979141,3.412904470156626
jacquelinehe/tinycomma-1.8b-llama3-tokenizer,bookmia100.17.007,attack_train,harry potter and the sorcerer's stone,61,249,207.36906705796702,0.8328074982247672,13.696183204650879,16.445797178634916,3.399492902589623
jacquelinehe/tinycomma-1.8b-llama3-tokenizer,bookmia100.17.008,attack_train,harry potter and the sorcerer's stone,63,243,191.00145700364374,0.7860142263524433,5.701571782430013,7.253776829063991,3.031769158787996
jacquelinehe/tinycomma-1.8b-llama3-tokenizer,bookmia100.17.009,attack_train,harry potter and the sorcerer's stone,71,243,210.59389175847173,0.866641529870254,4.358100573221843,5.02872343756051,2.966111151527771
jacquelinehe/tinycomma-1.8b-llama3-tokenizer,bookmia100.17.010,attack_train,harry potter and the sorcerer's stone,56,248,161.78157305077184,0.65234505262408,1.659602959950765,2.544056942372684,2.888956661620926
jacquelinehe/tinycomma-1.8b-llama3-tokenizer,bookmia100.17.011,attack_train,harry potter and the sorcerer's stone,52,245,165.5871080160141,0.6758657470041392,3.1716666221618652,4.692746505087261,3.184367461846425
jacquelinehe/tinycomma-1.8b-llama3-tokenizer,bookmia100.17.012,attack_train,harry potter and the sorcerer's stone,61,249,156.18290844696457,0.6272405961725485,7.769641399383545,12.387019345996196,2.5603755483108945
jacquelinehe/tinycomma-1.8b-llama3-tokenizer,bookmia100.17.013,attack_train,harry potter and the sorcerer's stone,54,248,152.41624734457582,0.6145816425184509,15.112390518188477,24.589720018743925,2.8225230989736265
jacquelinehe/tinycomma-1.8b-llama3-tokenizer,bookmia100.17.014,attack_train,harry potter and the sorcerer's stone,61,247,189.8456365952734,0.768605816175196,2.314868927001953,3.011776489698462,3.1122235507421867
jacquelinehe/tinycomma-1.8b-llama3-tokenizer,bookmia100.17.015,attack_train,harry potter and the sorcerer's stone,54,243,192.35954432399012,0.7916030630616877,3.4667266845703124,4.379375025611995,3.5622137837775947
jacquelinehe/tinycomma-1.8b-llama3-tokenizer,bookmia100.17.016,attack_train,harry potter and the sorcerer's stone,57,245,175.41914502019063,0.7159965102864924,1.549682829115126,2.1643720421137944,3.077528860003344
jacquelinehe/tinycomma-1.8b-llama3-tokenizer,bookmia100.17.017,attack_train,harry potter and the sorcerer's stone,59,243,163.96044626506045,0.6747343467697962,2.464735984802246,3.6528983541476023,2.7789906146620416
jacquelinehe/tinycomma-1.8b-llama3-tokenizer,bookmia100.17.018,attack_train,harry potter and the sorcerer's stone,53,245,137.09908085037023,0.559588085103552,1.7235389709472657,3.080013704416748,2.5867751103843437
jacquelinehe/tinycomma-1.8b-llama3-tokenizer,bookmia100.17.019,attack_train,harry potter and the sorcerer's stone,58,248,163.96156589471502,0.6611353463496573,13.526466369628906,20.459451221770117,2.8269235499088796
jacquelinehe/tinycomma-1.8b-llama3-tokenizer,bookmia100.17.020,attack_train,harry potter and the sorcerer's stone,52,248,202.83185506239533,0.8178703833161102,9.820218086242676,12.007059170459193,3.9006125973537564
jacquelinehe/tinycomma-1.8b-llama3-tokenizer,bookmia100.17.021,attack_train,harry potter and the sorcerer's stone,66,249,201.5771664622007,0.8095468532618502,10.575350761413574,13.063296730514185,3.054199491851526
jacquelinehe/tinycomma-1.8b-llama3-tokenizer,bookmia100.17.022,attack_train,harry potter and the sorcerer's stone,56,242,181.24103831779212,0.7489299104040996,1.4012848536173503,1.871049392140394,3.2364471128177166
jacquelinehe/tinycomma-1.8b-llama3-tokenizer,bookmia100.17.023,attack_train,harry potter and the sorcerer's stone,56,248,199.8557731648907,0.8058700530842368,4.863823890686035,6.035494025458748,3.5688530922301913
jacquelinehe/tinycomma-1.8b-llama3-tokenizer,bookmia100.17.024,attack_train,harry potter and the sorcerer's stone,55,245,186.10650978132617,0.759618407270719,4.835340817769368,6.36548663314067,3.3837547232968395
jacquelinehe/tinycomma-1.8b-llama3-tokenizer,bookmia100.17.025,attack_train,harry potter and the sorcerer's stone,62,245,174.09267071262002,0.7105823294392654,4.481699625651042,6.307080038406866,2.807946301816452
jacquelinehe/tinycomma-1.8b-llama3-tokenizer,bookmia100.17.026,attack_train,harry potter and the sorcerer's stone,64,249,219.78300750046037,0.8826626807247404,4.660800615946452,5.280387080735692,3.4341094921946933
jacquelinehe/tinycomma-1.8b-llama3-tokenizer,bookmia100.17.027,attack_train,harry potter and the sorcerer's stone,63,248,174.2502530904021,0.7026219882677505,1.3904489129781723,1.978943067816872,2.765877033180986
jacquelinehe/tinycomma-1.8b-llama3-tokenizer,bookmia100.17.028,attack_train,harry potter and the sorcerer's stone,51,247,156.37330002640374,0.6330902835077075,4.8767703374226885,7.703119862150462,3.0661431377726225
jacquelinehe/tinycomma-1.8b-llama3-tokenizer,bookmia100.17.029,attack_train,harry potter and the sorcerer's stone,57,248,203.44827205408365,0.8203559357019502,5.309412956237793,6.472084524743168,3.5692679307733974
jacquelinehe/tinycomma-1.8b-llama3-tokenizer,bookmia100.17.030,attack_train,harry potter and the sorcerer's stone,61,248,176.44974572234787,0.7114909101707575,4.977986653645833,6.996556923617082,2.892618782333572
jacquelinehe/tinycomma-1.8b-llama3-tokenizer,bookmia100.17.031,attack_train,harry potter and the sorcerer's stone,66,249,232.91736105806194,0.9354110885865942,14.980690002441406,16.015087040583648,3.5290509251221507
jacquelinehe/tinycomma-1.8b-llama3-tokenizer,bookmia100.17.032,attack_train,harry potter and the sorcerer's stone,72,245,208.62961931331665,0.8515494665849659,9.190051078796387,10.792151765007796,2.897633601573842
jacquelinehe/tinycomma-1.8b-llama3-tokenizer,bookmia100.17.033,attack_train,harry potter and the sorcerer's stone,64,246,162.92040335612546,0.6622780624232742,14.671674728393555,22.153345491635225,2.5456313024394603
jacquelinehe/tinycomma-1.8b-llama3-tokenizer,bookmia100.17.034,attack_train,harry potter and the sorcerer's stone,56,248,180.03374516614713,0.7259425208312384,1.770941870553153,2.4395070129317413,3.2148883065383416
jacquelinehe/tinycomma-1.8b-llama3-tokenizer,bookmia100.17.035,attack_train,harry potter and the sorcerer's stone,66,242,225.79062323758262,0.9330191042875315,4.302279472351074,4.611137598984497,3.4210700490542822
jacquelinehe/tinycomma-1.8b-llama3-tokenizer,bookmia100.17.036,attack_train,harry potter and the sorcerer's stone,56,248,166.83449531765655,0.672719739184099,5.59330940246582,8.31447195120156,2.9791874163867242
jacquelinehe/tinycomma-1.8b-llama3-tokenizer,bookmia100.17.037,attack_train,harry potter and the sorcerer's stone,58,246,187.21498988382518,0.7610365442431918,13.075583457946777,17.181281972404772,3.2278446531693996
jacquelinehe/tinycomma-1.8b-llama3-tokenizer,bookmia100.17.038,attack_train,harry potter and the sorcerer's stone,62,246,202.34334828983992,0.8225339361375607,1.9829995930194855,2.410842283701044,3.2636023917716117
jacquelinehe/tinycomma-1.8b-llama3-tokenizer,bookmia100.17.039,attack_train,harry potter and the sorcerer's stone,57,247,183.7394140670076,0.7438842674777636,1.2429500926624646,1.670891759650797,3.223498492403642
jacquelinehe/tinycomma-1.8b-llama3-tokenizer,bookmia100.17.040,attack_train,harry potter and the sorcerer's stone,66,247,201.86990822586813,0.8172870778375227,3.7167362213134765,4.5476507852634445,3.058634973119214
jacquelinehe/tinycomma-1.8b-llama3-tokenizer,bookmia100.17.041,attack_train,harry potter and the sorcerer's stone,51,244,210.15261675440706,0.8612812162065864,6.338480631510417,7.3593624384698915,4.12063954420406
jacquelinehe/tinycomma-1.8b-llama3-tokenizer,bookmia100.17.042,attack_train,harry potter and the sorcerer's stone,58,248,153.49717704486102,0.6189402300196009,12.626611709594727,20.400373246371238,2.6465030524976036
jacquelinehe/tinycomma-1.8b-llama3-tokenizer,bookmia100.17.043,attack_train,harry potter and the sorcerer's stone,65,245,196.43130853772163,0.8017604430111087,3.4257333278656006,4.272764212462071,3.0220201313495636
jacquelinehe/tinycomma-1.8b-llama3-tokenizer,bookmia100.17.044,attack_train,harry potter and the sorcerer's stone,64,244,125.11359887043363,0.5127606511083346,6.360218524932861,12.403874032036622,1.9548999823505255
jacquelinehe/tinycomma-1.8b-llama3-tokenizer,bookmia100.17.045,attack_train,harry potter and the sorcerer's stone,65,247,203.84469650549,0.825282172087004,3.223463439941406,3.905892492248794,3.136072253930615
jacquelinehe/tinycomma-1.8b-llama3-tokenizer,bookmia100.17.046,attack_train,harry potter and the sorcerer's stone,61,248,156.85644442401826,0.6324856630000737,11.48246955871582,18.15451358098924,2.5714171217052173
jacquelinehe/tinycomma-1.8b-llama3-tokenizer,bookmia100.17.047,attack_train,harry potter and the sorcerer's stone,54,247,158.90844453172758,0.6433540264442412,4.209712982177734,6.543384838118497,2.94274897280977
jacquelinehe/tinycomma-1.8b-llama3-tokenizer,bookmia100.17.048,attack_train,harry potter and the sorcerer's stone,68,248,155.7916675604065,0.6281922079048649,3.889675776163737,6.191856134504617,2.29105393471186
jacquelinehe/tinycomma-1.8b-llama3-tokenizer,bookmia100.17.049,attack_train,harry potter and the sorcerer's stone,67,248,237.43906651809812,0.9574155907987827,2.0724656922476634,2.164645857206672,3.543866664449226
jacquelinehe/tinycomma-1.8b-llama3-tokenizer,bookmia100.17.050,attack_train,harry potter and the sorcerer's stone,58,247,139.57633978191006,0.5650863958781784,11.908933639526367,21.074536082255463,2.406488616929484
jacquelinehe/tinycomma-1.8b-llama3-tokenizer,bookmia100.17.051,attack_train,harry potter and the sorcerer's stone,66,247,159.41668456155458,0.6454116783868606,7.101637840270996,11.00326826750455,2.4154043115387056
jacquelinehe/tinycomma-1.8b-llama3-tokenizer,bookmia100.17.052,attack_train,harry potter and the sorcerer's stone,53,245,140.4221970832441,0.5731518248295677,3.3343395233154296,5.8175502177052785,2.649475416664983
jacquelinehe/tinycomma-1.8b-llama3-tokenizer,bookmia100.17.053,attack_train,harry potter and the sorcerer's stone,69,247,212.29065591521794,0.8594763397377244,8.037646293640137,9.351794717342521,3.076676172684318
jacquelinehe/tinycomma-1.8b-llama3-tokenizer,bookmia100.17.054,attack_train,harry potter and the sorcerer's stone,59,248,163.61866064631613,0.659752663896436,3.806236902872721,5.769187623121445,2.773197638073155
jacquelinehe/tinycomma-1.8b-llama3-tokenizer,bookmia100.17.055,attack_train,harry potter and the sorcerer's stone,53,248,130.55321949422068,0.5264242721541157,15.361600875854492,29.181026955681933,2.4632682923437863
jacquelinehe/tinycomma-1.8b-llama3-tokenizer,bookmia100.17.056,attack_train,harry potter and the sorcerer's stone,52,248,149.39559092652053,0.6024015763166151,2.3146068255106607,3.8422987530400006,2.8729921332023176
jacquelinehe/tinycomma-1.8b-llama3-tokenizer,bookmia100.17.057,attack_train,harry potter and the sorcerer's stone,59,245,175.13015808630735,0.7148169717808464,7.712676525115967,10.789722166082779,2.9683077641747007
jacquelinehe/tinycomma-1.8b-llama3-tokenizer,bookmia100.17.058,attack_train,harry potter and the sorcerer's stone,50,249,163.91494292509742,0.6582929434742868,2.3058363596598306,3.5027511422046675,3.2782988585019486
jacquelinehe/tinycomma-1.8b-llama3-tokenizer,bookmia100.17.059,attack_train,harry potter and the sorcerer's stone,55,249,186.20898750051856,0.7478272590382271,9.884057998657227,13.217033585227972,3.385617954554883
jacquelinehe/tinycomma-1.8b-llama3-tokenizer,bookmia100.17.060,attack_train,harry potter and the sorcerer's stone,55,248,146.52670944016427,0.590833505807114,3.603072166442871,6.098286794891326,2.6641219898211683
jacquelinehe/tinycomma-1.8b-llama3-tokenizer,bookmia100.17.061,attack_train,harry potter and the sorcerer's stone,67,248,219.67230069544166,0.8857754060300067,2.942873001098633,3.3223692835279954,3.278691055155846
jacquelinehe/tinycomma-1.8b-llama3-tokenizer,bookmia100.17.062,attack_train,harry potter and the sorcerer's stone,64,247,196.96358346636407,0.7974234148435793,2.3698637008666994,2.9719013221245407,3.0775559916619386
jacquelinehe/tinycomma-1.8b-llama3-tokenizer,bookmia100.17.063,attack_train,harry potter and the sorcerer's stone,47,249,166.47726197447628,0.6685833814235995,2.049694061279297,3.0657269059169994,3.542069403712261
jacquelinehe/tinycomma-1.8b-llama3-tokenizer,bookmia100.17.064,attack_train,harry potter and the sorcerer's stone,57,244,169.67666998272762,0.6953961884538017,7.959432601928711,11.445896215833935,2.976783683907502
jacquelinehe/tinycomma-1.8b-llama3-tokenizer,bookmia100.17.065,attack_train,harry potter and the sorcerer's stone,59,247,203.08178195846267,0.8221934492245452,8.648576736450195,10.518907374666062,3.4420641009908928
jacquelinehe/tinycomma-1.8b-llama3-tokenizer,bookmia100.17.066,attack_train,harry potter and the sorcerer's stone,67,249,185.67570513879764,0.7456855628064162,4.698225657145183,6.300545285419273,2.771279181176084
jacquelinehe/tinycomma-1.8b-llama3-tokenizer,bookmia100.17.067,attack_train,harry potter and the sorcerer's stone,54,246,168.21508145704865,0.6838011441343441,17.739665985107422,25.942726386579675,3.1150941010564566
jacquelinehe/tinycomma-1.8b-llama3-tokenizer,bookmia100.17.068,attack_train,harry potter and the sorcerer's stone,62,249,196.4578192338813,0.7889872258388808,8.950203895568848,11.343914834682723,3.168674503772279
jacquelinehe/tinycomma-1.8b-llama3-tokenizer,bookmia100.17.069,attack_train,harry potter and the sorcerer's stone,55,248,209.56076852604747,0.8450030988953527,2.467088317871094,2.919620438192765,3.8101957913826814
jacquelinehe/tinycomma-1.8b-llama3-tokenizer,bookmia100.17.070,attack_train,harry potter and the sorcerer's stone,53,241,156.36619657464325,0.6488223924259057,6.003522872924805,9.252952646221125,2.950305595747986
jacquelinehe/tinycomma-1.8b-llama3-tokenizer,bookmia100.17.071,attack_train,harry potter and the sorcerer's stone,60,247,203.579543532338,0.8242086782685749,3.9510768254597983,4.793782120518159,3.3929923922056333
jacquelinehe/tinycomma-1.8b-llama3-tokenizer,bookmia100.17.072,attack_train,harry potter and the sorcerer's stone,62,247,149.1398150989553,0.6038049194289689,3.801093339920044,6.295234135413833,2.405480888692827
jacquelinehe/tinycomma-1.8b-llama3-tokenizer,bookmia100.17.073,attack_train,harry potter and the sorcerer's stone,65,243,237.2788067907095,0.9764559950234959,2.9554019927978517,3.0266617316704965,3.6504431813955307
jacquelinehe/tinycomma-1.8b-llama3-tokenizer,bookmia100.17.074,attack_train,harry potter and the sorcerer's stone,67,249,164.02240218520456,0.6587245067678897,2.8636064529418945,4.347198902607284,2.448095555003053
jacquelinehe/tinycomma-1.8b-llama3-tokenizer,bookmia100.17.075,attack_train,harry potter and the sorcerer's stone,57,247,203.00368585903198,0.82187727068434,1.1926119804382325,1.4510828112391994,3.561468172965473
jacquelinehe/tinycomma-1.8b-llama3-tokenizer,bookmia100.17.076,attack_train,harry potter and the sorcerer's stone,71,244,174.62510841613403,0.7156766738366148,4.0226593017578125,5.620777438774208,2.4595085692413243
jacquelinehe/tinycomma-1.8b-llama3-tokenizer,bookmia100.17.077,attack_train,harry potter and the sorcerer's stone,62,247,186.9926693448797,0.7570553414772457,2.1457617623465404,2.8343525826784406,3.016010795885156
jacquelinehe/tinycomma-1.8b-llama3-tokenizer,bookmia100.17.078,attack_train,harry potter and the sorcerer's stone,62,248,209.34981177235022,0.8441524668239928,2.73504753112793,3.239992345717082,3.3766098672959712
jacquelinehe/tinycomma-1.8b-llama3-tokenizer,bookmia100.17.079,attack_train,harry potter and the sorcerer's stone,54,244,186.45980195887387,0.7641795162248929,0.8635242362338377,1.1300018096529407,3.452959295534701
jacquelinehe/tinycomma-1.8b-llama3-tokenizer,bookmia100.17.080,attack_train,harry potter and the sorcerer's stone,59,245,136.51210691058077,0.5571922731044113,2.828166389465332,5.075745888772163,2.313764523908149
jacquelinehe/tinycomma-1.8b-llama3-tokenizer,bookmia100.17.081,attack_train,harry potter and the sorcerer's stone,61,246,180.75657208179473,0.734782813340629,4.794342676798503,6.524843245858491,2.9632224931441757
jacquelinehe/tinycomma-1.8b-llama3-tokenizer,bookmia100.17.082,attack_train,harry potter and the sorcerer's stone,69,249,157.1252094800584,0.6310249376709173,2.131973648071289,3.3785885799383797,2.277176948986354
jacquelinehe/tinycomma-1.8b-llama3-tokenizer,bookmia100.17.083,attack_train,harry potter and the sorcerer's stone,53,242,147.28237718436867,0.6086048643982176,16.6414794921875,27.343651793914642,2.7789127770635598
jacquelinehe/tinycomma-1.8b-llama3-tokenizer,bookmia100.17.084,attack_train,harry potter and the sorcerer's stone,64,242,253.6502698706463,1.0481416110357284,5.145383358001709,4.909053608621894,3.9632854667288484
jacquelinehe/tinycomma-1.8b-llama3-tokenizer,bookmia100.17.085,attack_train,harry potter and the sorcerer's stone,62,249,189.40609631501138,0.7606670534739413,2.8646178245544434,3.765928616826282,3.054937037338893
jacquelinehe/tinycomma-1.8b-llama3-tokenizer,bookmia100.17.086,attack_train,harry potter and the sorcerer's stone,59,242,161.00684805132914,0.6653175539311121,2.0678565979003904,3.108074611412551,2.7289296279886295
jacquelinehe/tinycomma-1.8b-llama3-tokenizer,bookmia100.17.087,attack_train,harry potter and the sorcerer's stone,62,247,155.9462120453827,0.6313611823699705,3.595647096633911,5.695071532805928,2.515261484602947
jacquelinehe/tinycomma-1.8b-llama3-tokenizer,bookmia100.17.088,attack_train,harry potter and the sorcerer's stone,56,249,206.49165072321193,0.8292837378442246,4.90067990620931,5.909533350972173,3.6873509057716416
jacquelinehe/tinycomma-1.8b-llama3-tokenizer,bookmia100.17.089,attack_train,harry potter and the sorcerer's stone,56,244,152.0789270568639,0.6232742912166553,2.385198974609375,3.8268849015950503,2.7156951260154267
jacquelinehe/tinycomma-1.8b-llama3-tokenizer,bookmia100.17.090,attack_train,harry potter and the sorcerer's stone,58,247,193.84756760345772,0.7848079660059017,17.849252700805664,22.743465247486334,3.342199441438926
jacquelinehe/tinycomma-1.8b-llama3-tokenizer,bookmia100.17.091,attack_train,harry potter and the sorcerer's stone,58,249,168.3435558959609,0.6760785377347827,2.465261220932007,3.6464124851410364,2.902475101654498
jacquelinehe/tinycomma-1.8b-llama3-tokenizer,bookmia100.17.092,attack_train,harry potter and the sorcerer's stone,67,246,182.18812518112827,0.7406021348826353,3.0788931846618652,4.157283701524549,2.7192257489720637
jacquelinehe/tinycomma-1.8b-llama3-tokenizer,bookmia100.17.093,attack_train,harry potter and the sorcerer's stone,58,248,224.26143177360063,0.9042799668290348,4.468344211578369,4.9413283225184665,3.866576409889666
jacquelinehe/tinycomma-1.8b-llama3-tokenizer,bookmia100.17.094,attack_train,harry potter and the sorcerer's stone,60,249,212.30210217018612,0.8526188842176149,3.3904759883880615,3.9765433901915626,3.538368369503102
jacquelinehe/tinycomma-1.8b-llama3-tokenizer,bookmia100.17.095,attack_train,harry potter and the sorcerer's stone,66,249,180.69558823504485,0.7256850933134331,5.305563608805339,7.3111100912662605,2.7378119429552252
jacquelinehe/tinycomma-1.8b-llama3-tokenizer,bookmia100.17.096,attack_train,harry potter and the sorcerer's stone,60,248,203.44847332272911,0.820356747269069,9.628034591674805,11.73639958923493,3.390807888712152
jacquelinehe/tinycomma-1.8b-llama3-tokenizer,bookmia100.17.097,attack_train,harry potter and the sorcerer's stone,60,245,207.10412002564408,0.84532293888018,2.3893068631490073,2.8265018648543725,3.451735333760735
jacquelinehe/tinycomma-1.8b-llama3-tokenizer,bookmia100.17.098,attack_train,harry potter and the sorcerer's stone,56,238,206.76847629761323,0.8687751104941732,1.9940653906928167,2.2952607258264575,3.692294219600236
jacquelinehe/tinycomma-1.8b-llama3-tokenizer,bookmia100.17.099,attack_train,harry potter and the sorcerer's stone,56,249,160.96092168136965,0.64642940434285,2.6675647735595702,4.126614222122793,2.874302172881601
jacquelinehe/tinycomma-1.8b-llama3-tokenizer,bookmia100.19.000,attack_train,hound of the baskervilles,55,246,143.15340857580304,0.5819244251048904,2.7765710830688475,4.771360271685412,2.6027892468327827
jacquelinehe/tinycomma-1.8b-llama3-tokenizer,bookmia100.19.001,attack_train,hound of the baskervilles,54,249,152.94774344563484,0.6142479656451199,1.9952713012695313,3.24831568497582,2.832365619363608
jacquelinehe/tinycomma-1.8b-llama3-tokenizer,bookmia100.19.002,attack_train,hound of the baskervilles,61,246,158.78449657559395,0.6454654332341218,5.769623438517253,8.938702433077479,2.6030245340261304
jacquelinehe/tinycomma-1.8b-llama3-tokenizer,bookmia100.19.003,attack_train,hound of the baskervilles,61,248,213.32977519650012,0.8602007064375005,2.7636899948120117,3.212843205230282,3.497209429450822
jacquelinehe/tinycomma-1.8b-llama3-tokenizer,bookmia100.19.004,attack_train,hound of the baskervilles,57,249,149.2371496175765,0.5993459823999057,5.3335221608479815,8.898903667446726,2.6181956073259034
jacquelinehe/tinycomma-1.8b-llama3-tokenizer,bookmia100.19.005,attack_train,hound of the baskervilles,58,249,146.98619518213673,0.590306004747537,2.1821985244750977,3.6967242530564866,2.5342447445195986
jacquelinehe/tinycomma-1.8b-llama3-tokenizer,bookmia100.19.006,attack_train,hound of the baskervilles,68,242,148.86410154309124,0.6151409154673192,11.740562438964844,19.085972244336247,2.189177963868989
jacquelinehe/tinycomma-1.8b-llama3-tokenizer,bookmia100.19.007,attack_train,hound of the baskervilles,59,249,194.37833190802485,0.7806358711165656,5.71153195699056,7.3165123053097645,3.2945479984410992
jacquelinehe/tinycomma-1.8b-llama3-tokenizer,bookmia100.19.008,attack_train,hound of the baskervilles,54,244,125.46315796114504,0.5141932703325617,4.511797587076823,8.774516990778109,2.3233918140952787
jacquelinehe/tinycomma-1.8b-llama3-tokenizer,bookmia100.19.009,attack_train,hound of the baskervilles,62,242,167.37240447616205,0.6916215060998432,2.323050117492676,3.358845982960683,2.6995549109058397
jacquelinehe/tinycomma-1.8b-llama3-tokenizer,bookmia100.19.010,attack_train,hound of the baskervilles,63,249,191.25833001732826,0.7681057430414789,1.3163774013519287,1.713797108376577,3.0358465082115598
jacquelinehe/tinycomma-1.8b-llama3-tokenizer,bookmia100.19.011,attack_train,hound of the baskervilles,57,249,150.19671078119427,0.6031996416915433,13.800576210021973,22.87895293061056,2.6350300137051628
jacquelinehe/tinycomma-1.8b-llama3-tokenizer,bookmia100.19.012,attack_train,hound of the baskervilles,56,249,147.3654172103852,0.5918289847806635,7.044816493988037,11.90346649986888,2.631525307328307
jacquelinehe/tinycomma-1.8b-llama3-tokenizer,bookmia100.19.013,attack_train,hound of the baskervilles,55,247,154.09037122130394,0.6238476567664127,4.8265581130981445,7.736757621428964,2.801643113114617
jacquelinehe/tinycomma-1.8b-llama3-tokenizer,bookmia100.19.014,attack_train,hound of the baskervilles,55,247,146.72835574112833,0.5940419260774427,2.988992214202881,5.0316182797731,2.667788286202333
jacquelinehe/tinycomma-1.8b-llama3-tokenizer,bookmia100.19.015,attack_train,hound of the baskervilles,53,247,162.31585775632993,0.6571492216855462,7.939964771270752,12.082438066205487,3.0625633538930175
jacquelinehe/tinycomma-1.8b-llama3-tokenizer,bookmia100.19.016,attack_train,hound of the baskervilles,64,248,159.6110506784171,0.6435929462839398,5.103335698445638,7.92944628730308,2.493922666850267
jacquelinehe/tinycomma-1.8b-llama3-tokenizer,bookmia100.19.017,attack_train,hound of the baskervilles,62,247,203.81104568764567,0.8251459339580797,6.9815778732299805,8.461021967036281,3.287274930445898
jacquelinehe/tinycomma-1.8b-llama3-tokenizer,bookmia100.19.018,attack_train,hound of the baskervilles,54,248,182.8595841638744,0.7373370329188483,6.680166244506836,9.05985451193533,3.3862885956273034
jacquelinehe/tinycomma-1.8b-llama3-tokenizer,bookmia100.19.019,attack_train,hound of the baskervilles,63,248,155.2133704344742,0.625860364655138,13.668405532836914,21.839385116468414,2.463704292610702
jacquelinehe/tinycomma-1.8b-llama3-tokenizer,bookmia100.19.020,attack_train,hound of the baskervilles,54,248,180.8134367177263,0.7290864383779286,6.541322708129883,8.971944016244516,3.3483969762541905
jacquelinehe/tinycomma-1.8b-llama3-tokenizer,bookmia100.19.021,attack_train,hound of the baskervilles,65,246,156.30911610275507,0.6354029109868092,7.342634677886963,11.55587195293695,2.404755632350078
jacquelinehe/tinycomma-1.8b-llama3-tokenizer,bookmia100.19.022,attack_train,hound of the baskervilles,61,245,131.07841903914232,0.5350139552618054,2.401472282409668,4.488616154385214,2.148826541625284
jacquelinehe/tinycomma-1.8b-llama3-tokenizer,bookmia100.19.023,attack_train,hound of the baskervilles,58,243,158.50767038296908,0.6522949398476093,3.9250787099202475,6.017337357909343,2.732890868671881
jacquelinehe/tinycomma-1.8b-llama3-tokenizer,bookmia100.19.024,attack_train,hound of the baskervilles,67,241,150.7200071318075,0.6253942204639316,5.151782035827637,8.237655333632485,2.249552345250858
jacquelinehe/tinycomma-1.8b-llama3-tokenizer,bookmia100.19.025,attack_train,hound of the baskervilles,52,240,158.90343712479807,0.6620976546866586,6.139688968658447,9.27308671945695,3.05583532932304
jacquelinehe/tinycomma-1.8b-llama3-tokenizer,bookmia100.19.026,attack_train,hound of the baskervilles,55,247,141.49087965133367,0.5728375694385979,4.313529014587402,7.530108436872989,2.572561448206067
jacquelinehe/tinycomma-1.8b-llama3-tokenizer,bookmia100.19.027,attack_train,hound of the baskervilles,58,249,246.93825828656554,0.991719912797452,6.531358083089192,6.58588982514779,4.257556177354578
jacquelinehe/tinycomma-1.8b-llama3-tokenizer,bookmia100.19.028,attack_train,hound of the baskervilles,57,244,192.2409149557352,0.7878726022776033,4.146066188812256,5.262356092630581,3.372647630802372
jacquelinehe/tinycomma-1.8b-llama3-tokenizer,bookmia100.19.029,attack_train,hound of the baskervilles,56,246,164.167143474333,0.6673461116842805,4.064511617024739,6.090560124440566,2.931556133470232
jacquelinehe/tinycomma-1.8b-llama3-tokenizer,bookmia100.19.030,attack_train,hound of the baskervilles,54,249,135.17504293844104,0.5428716583873134,1.6106974283854167,2.9669948753085573,2.503241535897056
jacquelinehe/tinycomma-1.8b-llama3-tokenizer,bookmia100.19.031,attack_train,hound of the baskervilles,48,248,179.2108933958225,0.7226245701444456,5.596925735473633,7.745274609684061,3.733560279079635
jacquelinehe/tinycomma-1.8b-llama3-tokenizer,bookmia100.19.032,attack_train,hound of the baskervilles,57,248,169.29821178130805,0.6826540797633389,3.3515979766845705,4.909657872178095,2.970144066338738
jacquelinehe/tinycomma-1.8b-llama3-tokenizer,bookmia100.19.033,attack_train,hound of the baskervilles,55,246,189.47673199884593,0.7702306178814875,15.500423431396484,20.124392709848724,3.445031490888108
jacquelinehe/tinycomma-1.8b-llama3-tokenizer,bookmia100.19.034,attack_train,hound of the baskervilles,63,248,150.53459423361346,0.6069943315871511,5.096859614054362,8.396881731543097,2.38943800370815
jacquelinehe/tinycomma-1.8b-llama3-tokenizer,bookmia100.19.035,attack_train,hound of the baskervilles,56,248,149.65288595994934,0.6034390562901183,2.43593692779541,4.036757154519135,2.672372963570524
jacquelinehe/tinycomma-1.8b-llama3-tokenizer,bookmia100.19.036,attack_train,hound of the baskervilles,58,246,151.7590052895248,0.616906525567174,2.9962832927703857,4.856948611486401,2.616534573957324
jacquelinehe/tinycomma-1.8b-llama3-tokenizer,bookmia100.19.037,attack_train,hound of the baskervilles,56,249,163.37231239222456,0.656113704386444,5.500396728515625,8.38329803468935,2.917362721289724
jacquelinehe/tinycomma-1.8b-llama3-tokenizer,bookmia100.19.038,attack_train,hound of the baskervilles,65,246,142.0111466771923,0.5772810840536272,6.417190074920654,11.116231333719783,2.1847868719568044
jacquelinehe/tinycomma-1.8b-llama3-tokenizer,bookmia100.19.039,attack_train,hound of the baskervilles,51,243,146.1776073947549,0.6015539398961106,1.8322741644723075,3.0459016938510026,2.866227595975586
jacquelinehe/tinycomma-1.8b-llama3-tokenizer,bookmia100.19.040,attack_train,hound of the baskervilles,55,243,141.1996474424377,0.5810685079935708,3.790062427520752,6.522574146390819,2.567266317135231
jacquelinehe/tinycomma-1.8b-llama3-tokenizer,bookmia100.19.041,attack_train,hound of the baskervilles,63,245,194.65233244001865,0.7944993160817088,3.240020751953125,4.078066130921516,3.0897195625399787
jacquelinehe/tinycomma-1.8b-llama3-tokenizer,bookmia100.19.042,attack_train,hound of the baskervilles,69,246,224.5297050140798,0.9127223781060155,7.707461833953857,8.444475580786747,3.254053695856229
jacquelinehe/tinycomma-1.8b-llama3-tokenizer,bookmia100.19.043,attack_train,hound of the baskervilles,56,245,183.27033049426973,0.7480421652827336,6.11257791519165,8.17143497904468,3.2726844731119593
jacquelinehe/tinycomma-1.8b-llama3-tokenizer,bookmia100.19.044,attack_train,hound of the baskervilles,57,247,234.30114946351387,0.9485876496498538,4.300778388977051,4.533875589213681,4.110546481816033
jacquelinehe/tinycomma-1.8b-llama3-tokenizer,bookmia100.19.045,attack_train,hound of the baskervilles,56,243,183.23322337819263,0.7540461867415335,3.6349072456359863,4.820536605779473,3.2720218460391544
jacquelinehe/tinycomma-1.8b-llama3-tokenizer,bookmia100.19.046,attack_train,hound of the baskervilles,54,246,158.51986697502434,0.6443897031505055,3.0925405502319334,4.799177477715889,2.9355530921300805
jacquelinehe/tinycomma-1.8b-llama3-tokenizer,bookmia100.19.047,attack_train,hound of the baskervilles,62,246,174.00428931447095,0.7073345094084185,3.937250773111979,5.566320772904056,2.8065207953946927
jacquelinehe/tinycomma-1.8b-llama3-tokenizer,bookmia100.19.048,attack_train,hound of the baskervilles,52,245,148.98338921926916,0.6080954662010986,6.361217498779297,10.460886246232311,2.8650651772936375
jacquelinehe/tinycomma-1.8b-llama3-tokenizer,bookmia100.19.049,attack_train,hound of the baskervilles,63,242,155.02078316989355,0.6405817486359238,7.0895891189575195,11.067422907465485,2.4606473519030723
jacquelinehe/tinycomma-1.8b-llama3-tokenizer,bookmia100.19.050,attack_train,hound of the baskervilles,53,249,193.60772052221,0.7775410462739357,1.8373046451144748,2.362968043833886,3.6529758589096226
jacquelinehe/tinycomma-1.8b-llama3-tokenizer,bookmia100.19.051,attack_train,hound of the baskervilles,54,249,166.77170955576003,0.6697659018303616,13.24569320678711,19.776601302916106,3.088364991773334
jacquelinehe/tinycomma-1.8b-llama3-tokenizer,bookmia100.19.052,attack_train,hound of the baskervilles,53,246,165.8107774509117,0.6740275506134622,4.356459935506185,6.4633262120237935,3.128505234922862
jacquelinehe/tinycomma-1.8b-llama3-tokenizer,bookmia100.19.053,attack_train,hound of the baskervilles,54,249,166.43444425892085,0.6684114227265897,3.2150096893310547,4.809926311875938,3.0821193381281637
jacquelinehe/tinycomma-1.8b-llama3-tokenizer,bookmia100.19.054,attack_train,hound of the baskervilles,57,248,124.76545652095228,0.5030865182296463,0.9616128112140455,1.911426318077348,2.1888676582623208
jacquelinehe/tinycomma-1.8b-llama3-tokenizer,bookmia100.19.055,attack_train,hound of the baskervilles,63,245,154.61814142996445,0.6310944548161814,16.03236961364746,25.40407302155301,2.454256213174039
jacquelinehe/tinycomma-1.8b-llama3-tokenizer,bookmia100.19.056,attack_train,hound of the baskervilles,57,242,178.97432177187875,0.739563313106937,15.721607208251953,21.25795983876595,3.139900381962785
jacquelinehe/tinycomma-1.8b-llama3-tokenizer,bookmia100.19.057,attack_train,hound of the baskervilles,48,246,138.2132146981312,0.561842336171265,4.4369557698567705,7.897154564913856,2.8794419728777334
jacquelinehe/tinycomma-1.8b-llama3-tokenizer,bookmia100.19.058,attack_train,hound of the baskervilles,56,248,206.00070277228951,0.8306479950495544,3.202387237548828,3.8552879879735116,3.6785839780765985
jacquelinehe/tinycomma-1.8b-llama3-tokenizer,bookmia100.19.059,attack_train,hound of the baskervilles,56,246,165.77214036369696,0.6738704892833209,4.2339480717976885,6.283029364144739,2.9602167922088745
jacquelinehe/tinycomma-1.8b-llama3-tokenizer,bookmia100.19.060,attack_train,hound of the baskervilles,47,249,154.46726087108254,0.6203504452653917,3.238049030303955,5.219709367531262,3.2865374653421817
jacquelinehe/tinycomma-1.8b-llama3-tokenizer,bookmia100.19.061,attack_train,hound of the baskervilles,55,247,158.64732271432877,0.6422968530944484,2.1070068904331754,3.2804253676194555,2.8844967766241596
jacquelinehe/tinycomma-1.8b-llama3-tokenizer,bookmia100.19.062,attack_train,hound of the baskervilles,58,247,176.73756147106178,0.7155366861176591,2.5636011123657227,3.5827668407545183,3.047199335707962
jacquelinehe/tinycomma-1.8b-llama3-tokenizer,bookmia100.19.063,attack_train,hound of the baskervilles,61,248,149.53826433827635,0.6029768723317595,7.478120803833008,12.402002708519351,2.451446956365186
jacquelinehe/tinycomma-1.8b-llama3-tokenizer,bookmia100.19.064,attack_train,hound of the baskervilles,52,244,129.40849941037595,0.5303627025015408,3.69638729095459,6.9695460738848825,2.488624988661076
jacquelinehe/tinycomma-1.8b-llama3-tokenizer,bookmia100.19.065,attack_train,hound of the baskervilles,58,245,124.35386443440802,0.5075667936098287,3.0184148788452148,5.9468328441625715,2.144032145420828
jacquelinehe/tinycomma-1.8b-llama3-tokenizer,bookmia100.19.066,attack_train,hound of the baskervilles,60,249,180.59073058981448,0.7252639782723473,2.482085943222046,3.4223207240136584,3.0098455098302415
jacquelinehe/tinycomma-1.8b-llama3-tokenizer,bookmia100.19.067,attack_train,hound of the baskervilles,61,242,163.49161942768842,0.6755852042466464,5.020928064982097,7.431968659794729,2.680190482421122
jacquelinehe/tinycomma-1.8b-llama3-tokenizer,bookmia100.19.068,attack_train,hound of the baskervilles,55,249,147.3983988771215,0.5919614412735803,15.0903902053833,25.49218437761243,2.6799708886749367
jacquelinehe/tinycomma-1.8b-llama3-tokenizer,bookmia100.19.069,attack_train,hound of the baskervilles,54,244,179.25423804018646,0.7346485165581412,2.4962120056152344,3.3978316832518645,3.31952292667012
jacquelinehe/tinycomma-1.8b-llama3-tokenizer,bookmia100.19.070,attack_train,hound of the baskervilles,63,248,172.17607712175231,0.6942583754909367,4.296958923339844,6.189279200702908,2.7329536051071797
jacquelinehe/tinycomma-1.8b-llama3-tokenizer,bookmia100.19.071,attack_train,hound of the baskervilles,55,245,165.09339067491237,0.6738505741833158,3.702945327758789,5.495202452333937,3.001698012271134
jacquelinehe/tinycomma-1.8b-llama3-tokenizer,bookmia100.19.072,attack_train,hound of the baskervilles,53,241,132.74125655181706,0.5507935956506932,12.114013671875,21.993744603300662,2.5045520104116425
jacquelinehe/tinycomma-1.8b-llama3-tokenizer,bookmia100.19.073,attack_train,hound of the baskervilles,56,247,149.26428229175508,0.6043088351892918,2.6831764221191405,4.440074786063108,2.665433612352769
jacquelinehe/tinycomma-1.8b-llama3-tokenizer,bookmia100.19.074,attack_train,hound of the baskervilles,58,246,146.7238036384806,0.5964382261726854,2.8473285675048827,4.773886787532129,2.5297207523875964
jacquelinehe/tinycomma-1.8b-llama3-tokenizer,bookmia100.19.075,attack_train,hound of the baskervilles,60,248,152.37908576149493,0.6144317974253828,3.1597421169281006,5.14254328986257,2.539651429358249
jacquelinehe/tinycomma-1.8b-llama3-tokenizer,bookmia100.19.076,attack_train,hound of the baskervilles,53,241,136.61662823334336,0.5668739760719642,3.3750784397125244,5.953842621422545,2.5776722308177993
jacquelinehe/tinycomma-1.8b-llama3-tokenizer,bookmia100.19.077,attack_train,hound of the baskervilles,60,247,175.3113531351555,0.7097625633002248,4.0899224281311035,5.762381167462468,2.9218558855859253
jacquelinehe/tinycomma-1.8b-llama3-tokenizer,bookmia100.19.078,attack_train,hound of the baskervilles,55,246,154.7275637583807,0.6289738364161818,5.046421051025391,8.023260680888253,2.8132284319705585
jacquelinehe/tinycomma-1.8b-llama3-tokenizer,bookmia100.19.079,attack_train,hound of the baskervilles,58,249,154.39228889869992,0.620049353006827,2.466022332509359,3.9771387883090124,2.661936015494826
jacquelinehe/tinycomma-1.8b-llama3-tokenizer,bookmia100.19.080,attack_train,hound of the baskervilles,63,248,174.22385705355555,0.7025155526353046,2.9108047485351562,4.143402573246996,2.7654580484691356
jacquelinehe/tinycomma-1.8b-llama3-tokenizer,bookmia100.19.081,attack_train,hound of the baskervilles,61,246,182.9624897656031,0.7437499583967605,15.3936185836792,20.697303455131525,2.9993850781246407
jacquelinehe/tinycomma-1.8b-llama3-tokenizer,bookmia100.19.082,attack_train,hound of the baskervilles,58,249,156.47987977904268,0.6284332521246694,3.9853340784708657,6.341698286965009,2.6979289617076323
jacquelinehe/tinycomma-1.8b-llama3-tokenizer,bookmia100.19.083,attack_train,hound of the baskervilles,65,247,213.3388693165034,0.8637201186902972,7.751169204711914,8.97416771588626,3.2821364510231295
jacquelinehe/tinycomma-1.8b-llama3-tokenizer,bookmia100.19.084,attack_train,hound of the baskervilles,62,249,181.5939311987604,0.7292928963805638,6.188335418701172,8.485391054010677,2.9289343741735547
jacquelinehe/tinycomma-1.8b-llama3-tokenizer,bookmia100.19.085,attack_train,hound of the baskervilles,66,248,156.85251040982257,0.6324698000396072,5.327848434448242,8.423878000363963,2.3765531880276147
jacquelinehe/tinycomma-1.8b-llama3-tokenizer,bookmia100.19.086,attack_train,hound of the baskervilles,48,247,147.1771664712578,0.5958589735678453,3.9057254791259766,6.554781672145557,3.0661909681512043
jacquelinehe/tinycomma-1.8b-llama3-tokenizer,bookmia100.19.087,attack_train,hound of the baskervilles,59,246,150.19378091068938,0.6105438248402008,2.4069581985473634,3.942318471859646,2.5456573035710064
jacquelinehe/tinycomma-1.8b-llama3-tokenizer,bookmia100.19.088,attack_train,hound of the baskervilles,54,246,181.37122816755436,0.7372814153152616,4.857206662495931,6.587995521925626,3.358726447547303
jacquelinehe/tinycomma-1.8b-llama3-tokenizer,bookmia100.19.089,attack_train,hound of the baskervilles,61,249,183.0448757596314,0.7351199829704073,8.890583038330078,12.094057084947961,3.0007356681906785
jacquelinehe/tinycomma-1.8b-llama3-tokenizer,bookmia100.19.090,attack_train,hound of the baskervilles,61,246,178.32042985392036,0.7248797961541478,6.571584224700928,9.065757191146021,2.92328573531017
jacquelinehe/tinycomma-1.8b-llama3-tokenizer,bookmia100.19.091,attack_train,hound of the baskervilles,48,244,137.623339779675,0.5640300810642418,2.0346837724958147,3.607402939674185,2.8671529120765626
jacquelinehe/tinycomma-1.8b-llama3-tokenizer,bookmia100.19.092,attack_train,hound of the baskervilles,54,244,137.9983654692769,0.5655670715953971,5.277350107828776,9.331077378571567,2.555525286468091
jacquelinehe/tinycomma-1.8b-llama3-tokenizer,bookmia100.19.093,attack_train,hound of the baskervilles,64,249,141.7147622173652,0.5691355912343984,2.881948709487915,5.063729546833041,2.2142931596463313
jacquelinehe/tinycomma-1.8b-llama3-tokenizer,bookmia100.19.094,attack_train,hound of the baskervilles,59,248,189.67834616987966,0.7648320410075793,4.387640317281087,5.736737063866819,3.2148872232182995
jacquelinehe/tinycomma-1.8b-llama3-tokenizer,bookmia100.19.095,attack_train,hound of the baskervilles,53,247,199.2198069691658,0.8065579229520883,2.432103729248047,3.015411119323318,3.7588642824370906
jacquelinehe/tinycomma-1.8b-llama3-tokenizer,bookmia100.19.096,attack_train,hound of the baskervilles,58,244,181.44323810876813,0.7436198283146235,4.430358250935872,5.957826946300038,3.128331691530485
jacquelinehe/tinycomma-1.8b-llama3-tokenizer,bookmia100.19.097,attack_train,hound of the baskervilles,54,248,192.76938139507547,0.7772958927220786,5.321610768636067,6.846312734266312,3.5698033591680645
jacquelinehe/tinycomma-1.8b-llama3-tokenizer,bookmia100.19.098,attack_train,hound of the baskervilles,55,244,112.53841876483057,0.46122302772471546,4.760576248168945,10.321636089276817,2.046153068451465
jacquelinehe/tinycomma-1.8b-llama3-tokenizer,bookmia100.19.099,attack_train,hound of the baskervilles,57,242,173.61403382010758,0.7174133628930065,16.783021926879883,23.393796094348563,3.0458602424580277
jacquelinehe/tinycomma-1.8b-llama3-tokenizer,bookmia100.20.000,attack_train,jane eyre,243,245,664.1902194712311,2.710980487637678,17.15131378173828,6.3266090847757335,2.7332930842437495
jacquelinehe/tinycomma-1.8b-llama3-tokenizer,bookmia100.20.001,attack_train,jane eyre,235,235,570.043524492532,2.425717125500136,17.943723678588867,7.397286142706857,2.425717125500136
jacquelinehe/tinycomma-1.8b-llama3-tokenizer,bookmia100.20.002,attack_train,jane eyre,247,247,552.0908020809293,2.2351854335260293,18.09720802307129,8.096513046133603,2.2351854335260293
jacquelinehe/tinycomma-1.8b-llama3-tokenizer,bookmia100.20.003,attack_train,jane eyre,242,242,574.3869924750179,2.3734999689050325,17.89581298828125,7.539841256681006,2.3734999689050325
jacquelinehe/tinycomma-1.8b-llama3-tokenizer,bookmia100.20.004,attack_train,jane eyre,235,235,519.4577646963298,2.2104585731758717,18.804187774658203,8.506917072705564,2.2104585731758717
jacquelinehe/tinycomma-1.8b-llama3-tokenizer,bookmia100.20.005,attack_train,jane eyre,249,249,614.8093664171174,2.4691139213538853,16.566268920898438,6.709398370657066,2.4691139213538853
jacquelinehe/tinycomma-1.8b-llama3-tokenizer,bookmia100.20.006,attack_train,jane eyre,238,239,599.5647596567869,2.5086391617438784,17.18720054626465,6.851204752108303,2.5191796624234746
jacquelinehe/tinycomma-1.8b-llama3-tokenizer,bookmia100.20.007,attack_train,jane eyre,238,239,603.0895590577275,2.523387276392165,18.104671478271484,7.174749451917977,2.5339897439400314
jacquelinehe/tinycomma-1.8b-llama3-tokenizer,bookmia100.20.008,attack_train,jane eyre,234,235,530.2011207845062,2.2561749820617285,16.42067527770996,7.278103608215923,2.2658167554893427
jacquelinehe/tinycomma-1.8b-llama3-tokenizer,bookmia100.20.009,attack_train,jane eyre,245,245,643.2643687427044,2.6255688520110385,16.6055965423584,6.324570970454438,2.6255688520110385
jacquelinehe/tinycomma-1.8b-llama3-tokenizer,bookmia100.20.010,attack_train,jane eyre,248,249,690.7915184237063,2.7742631261996236,18.19451141357422,6.558322187159771,2.785449671063332
jacquelinehe/tinycomma-1.8b-llama3-tokenizer,bookmia100.20.011,attack_train,jane eyre,244,245,655.8224292472005,2.676826241825308,18.115680694580078,6.767596794862236,2.687796841177051
jacquelinehe/tinycomma-1.8b-llama3-tokenizer,bookmia100.20.012,attack_train,jane eyre,243,245,603.236373887863,2.4621892811749513,19.122682571411133,7.766536357548365,2.4824542135303003
jacquelinehe/tinycomma-1.8b-llama3-tokenizer,bookmia100.20.013,attack_train,jane eyre,242,242,625.164983484894,2.583326378036752,14.074499130249023,5.448207880316387,2.583326378036752
jacquelinehe/tinycomma-1.8b-llama3-tokenizer,bookmia100.20.014,attack_train,jane eyre,239,239,613.9412809740752,2.5687919706028253,16.91982078552246,6.586683927368335,2.5687919706028253
jacquelinehe/tinycomma-1.8b-llama3-tokenizer,bookmia100.20.015,attack_train,jane eyre,229,229,621.1627340316772,2.7125010219723897,14.17760944366455,5.226766489236318,2.7125010219723897
jacquelinehe/tinycomma-1.8b-llama3-tokenizer,bookmia100.20.016,attack_train,jane eyre,241,241,609.9913404881954,2.5310844003659563,16.883787155151367,6.67057453821383,2.5310844003659563
jacquelinehe/tinycomma-1.8b-llama3-tokenizer,bookmia100.20.017,attack_train,jane eyre,248,249,640.0846539977938,2.570621100392746,17.712310791015625,6.890284526299691,2.58098650805562
jacquelinehe/tinycomma-1.8b-llama3-tokenizer,bookmia100.20.018,attack_train,jane eyre,243,243,603.0925981029868,2.4818625436336905,16.521961212158203,6.65708149491971,2.4818625436336905
jacquelinehe/tinycomma-1.8b-llama3-tokenizer,bookmia100.20.019,attack_train,jane eyre,241,241,695.5681709200144,2.886174983070599,16.85161590576172,5.838736737934475,2.886174983070599
jacquelinehe/tinycomma-1.8b-llama3-tokenizer,bookmia100.20.020,attack_train,jane eyre,245,245,522.3364946627989,2.13198569250122,17.74894142150879,8.325075296676097,2.13198569250122
jacquelinehe/tinycomma-1.8b-llama3-tokenizer,bookmia100.20.021,attack_train,jane eyre,240,241,712.1253051199019,2.9548767847298834,16.596050262451172,5.616494856305246,2.9671887713329244
jacquelinehe/tinycomma-1.8b-llama3-tokenizer,bookmia100.20.022,attack_train,jane eyre,243,243,600.8720005825162,2.472724282232577,18.074813842773438,7.309676203144664,2.472724282232577
jacquelinehe/tinycomma-1.8b-llama3-tokenizer,bookmia100.20.023,attack_train,jane eyre,239,239,644.4424186777323,2.6964117936306793,18.33270263671875,6.798925401536696,2.6964117936306793
jacquelinehe/tinycomma-1.8b-llama3-tokenizer,bookmia100.20.024,attack_train,jane eyre,243,243,562.6991430856287,2.315634333685715,17.8182430267334,7.694756796239378,2.315634333685715
jacquelinehe/tinycomma-1.8b-llama3-tokenizer,bookmia100.20.025,attack_train,jane eyre,246,247,634.1822184226476,2.5675393458406783,18.264772415161133,7.1137263951765375,2.577976497653039
jacquelinehe/tinycomma-1.8b-llama3-tokenizer,bookmia100.20.026,attack_train,jane eyre,245,245,652.2295210510492,2.6621613104124457,18.952301025390625,7.119140733982933,2.6621613104124457
jacquelinehe/tinycomma-1.8b-llama3-tokenizer,bookmia100.20.027,attack_train,jane eyre,236,237,573.4668257646263,2.4196912479520094,17.0732421875,7.0559589790435195,2.4299441769687555
jacquelinehe/tinycomma-1.8b-llama3-tokenizer,bookmia100.20.028,attack_train,jane eyre,239,239,580.4009035974741,2.4284556635877577,14.520033836364746,5.979122474450739,2.4284556635877577
jacquelinehe/tinycomma-1.8b-llama3-tokenizer,bookmia100.20.029,attack_train,jane eyre,242,243,567.154215157032,2.3339679636091852,17.376523971557617,7.445056762770226,2.3436124593265784
jacquelinehe/tinycomma-1.8b-llama3-tokenizer,bookmia100.20.030,attack_train,jane eyre,239,239,579.3883162215352,2.424218896324415,19.015378952026367,7.843919945041828,2.424218896324415
jacquelinehe/tinycomma-1.8b-llama3-tokenizer,bookmia100.20.031,attack_train,jane eyre,240,241,567.1725743412971,2.353413171540652,19.883628845214844,8.44884743812244,2.3632190597554046
jacquelinehe/tinycomma-1.8b-llama3-tokenizer,bookmia100.20.032,attack_train,jane eyre,245,245,596.4281257167459,2.434400513129575,17.899492263793945,7.352731059353509,2.434400513129575
jacquelinehe/tinycomma-1.8b-llama3-tokenizer,bookmia100.20.033,attack_train,jane eyre,245,245,607.001870168373,2.4775586537484613,17.513050079345703,7.068672240251128,2.4775586537484613
jacquelinehe/tinycomma-1.8b-llama3-tokenizer,bookmia100.20.034,attack_train,jane eyre,248,249,588.37586581707,2.3629552844059036,14.22968864440918,6.021988117302364,2.3724833299075403
jacquelinehe/tinycomma-1.8b-llama3-tokenizer,bookmia100.20.035,attack_train,jane eyre,237,237,632.0263627525419,2.6667779019094593,17.175939559936523,6.440708672303852,2.6667779019094593
jacquelinehe/tinycomma-1.8b-llama3-tokenizer,bookmia100.20.036,attack_train,jane eyre,244,245,555.1089359745383,2.265750759079748,17.02085304260254,7.5122353923499015,2.2750366228464687
jacquelinehe/tinycomma-1.8b-llama3-tokenizer,bookmia100.20.037,attack_train,jane eyre,239,239,624.2078998032957,2.6117485347418232,18.01531982421875,6.8978002991392895,2.6117485347418232
jacquelinehe/tinycomma-1.8b-llama3-tokenizer,bookmia100.20.038,attack_train,jane eyre,235,235,685.506405565422,2.9170485343209447,17.716289520263672,6.073361245731833,2.9170485343209447
jacquelinehe/tinycomma-1.8b-llama3-tokenizer,bookmia100.20.039,attack_train,jane eyre,241,241,564.2072878405452,2.341109078176536,17.217639923095703,7.354480012740941,2.341109078176536
jacquelinehe/tinycomma-1.8b-llama3-tokenizer,bookmia100.20.040,attack_train,jane eyre,243,243,634.7464801073074,2.61212543254036,18.40664291381836,7.046615252284199,2.61212543254036
jacquelinehe/tinycomma-1.8b-llama3-tokenizer,bookmia100.20.041,attack_train,jane eyre,239,239,641.8478996064514,2.6855560652989596,16.79642105102539,6.254355017218972,2.6855560652989596
jacquelinehe/tinycomma-1.8b-llama3-tokenizer,bookmia100.20.042,attack_train,jane eyre,241,241,540.7074789740145,2.243599497817488,16.675296783447266,7.432385681877955,2.243599497817488
jacquelinehe/tinycomma-1.8b-llama3-tokenizer,bookmia100.20.043,attack_train,jane eyre,247,247,634.776814064011,2.569946615643769,16.897499084472656,6.575038945017093,2.569946615643769
jacquelinehe/tinycomma-1.8b-llama3-tokenizer,bookmia100.20.044,attack_train,jane eyre,249,249,560.8841604106128,2.2525468289582844,18.61009407043457,8.261801189296925,2.2525468289582844
jacquelinehe/tinycomma-1.8b-llama3-tokenizer,bookmia100.20.045,attack_train,jane eyre,237,239,608.7696811258793,2.547153477514139,16.501911163330078,6.478569630376141,2.568648443569111
jacquelinehe/tinycomma-1.8b-llama3-tokenizer,bookmia100.20.046,attack_train,jane eyre,243,243,563.9865934010595,2.3209324831319322,16.844377517700195,7.2575904900817765,2.3209324831319322
jacquelinehe/tinycomma-1.8b-llama3-tokenizer,bookmia100.20.047,attack_train,jane eyre,242,243,675.2386986743659,2.778760076849242,18.023681640625,6.486231679656758,2.7902425565056443
jacquelinehe/tinycomma-1.8b-llama3-tokenizer,bookmia100.20.048,attack_train,jane eyre,247,247,615.8763478174806,2.4934265093825125,16.59212875366211,6.654348420227186,2.4934265093825125
jacquelinehe/tinycomma-1.8b-llama3-tokenizer,bookmia100.20.049,attack_train,jane eyre,243,243,575.1637662574649,2.366929079248827,14.524409294128418,6.136393955131902,2.366929079248827
jacquelinehe/tinycomma-1.8b-llama3-tokenizer,bookmia100.20.050,attack_train,jane eyre,237,237,591.6507195159793,2.496416538042107,18.408361434936523,7.373914230424807,2.496416538042107
jacquelinehe/tinycomma-1.8b-llama3-tokenizer,bookmia100.20.051,attack_train,jane eyre,247,247,577.1899983733892,2.33680161284773,17.38345718383789,7.438995714597116,2.33680161284773
jacquelinehe/tinycomma-1.8b-llama3-tokenizer,bookmia100.20.052,attack_train,jane eyre,243,243,609.0688360221684,2.5064561153175653,17.718730926513672,7.069236448318477,2.5064561153175653
jacquelinehe/tinycomma-1.8b-llama3-tokenizer,bookmia100.20.053,attack_train,jane eyre,243,243,588.3712150603533,2.4212807204129763,16.462276458740234,6.798995391138459,2.4212807204129763
jacquelinehe/tinycomma-1.8b-llama3-tokenizer,bookmia100.20.054,attack_train,jane eyre,245,245,641.9299573972821,2.6201222750909476,17.543054580688477,6.695509880385081,2.6201222750909476
jacquelinehe/tinycomma-1.8b-llama3-tokenizer,bookmia100.20.055,attack_train,jane eyre,241,241,567.9995678607374,2.3568446799200724,18.733661651611328,7.948619529839633,2.3568446799200724
jacquelinehe/tinycomma-1.8b-llama3-tokenizer,bookmia100.20.056,attack_train,jane eyre,249,249,631.9359988570213,2.5378955777390413,17.555261611938477,6.917251350261659,2.5378955777390413
jacquelinehe/tinycomma-1.8b-llama3-tokenizer,bookmia100.20.057,attack_train,jane eyre,239,239,647.055397670716,2.707344760128519,19.03556251525879,7.031081816988524,2.707344760128519
jacquelinehe/tinycomma-1.8b-llama3-tokenizer,bookmia100.20.058,attack_train,jane eyre,243,243,609.6526974504814,2.5088588372447793,17.23776626586914,6.870759729471109,2.5088588372447793
jacquelinehe/tinycomma-1.8b-llama3-tokenizer,bookmia100.20.059,attack_train,jane eyre,249,249,664.4958575218916,2.668658062336914,15.477901458740234,5.799881849676316,2.668658062336914
jacquelinehe/tinycomma-1.8b-llama3-tokenizer,bookmia100.20.060,attack_train,jane eyre,249,249,662.8408907540143,2.6620116094538724,15.429654121398926,5.796238478676061,2.6620116094538724
jacquelinehe/tinycomma-1.8b-llama3-tokenizer,bookmia100.20.061,attack_train,jane eyre,245,245,586.0400341898203,2.392000139550287,15.098773956298828,6.312196101768416,2.392000139550287
jacquelinehe/tinycomma-1.8b-llama3-tokenizer,bookmia100.20.062,attack_train,jane eyre,244,249,735.1665565259755,2.9524761306264073,18.269229888916016,6.187765482473165,3.0129776906802275
jacquelinehe/tinycomma-1.8b-llama3-tokenizer,bookmia100.20.063,attack_train,jane eyre,247,247,688.858075581491,2.7888990914230405,16.49847984313965,5.915767943658826,2.7888990914230405
jacquelinehe/tinycomma-1.8b-llama3-tokenizer,bookmia100.20.064,attack_train,jane eyre,234,235,668.216048608534,2.8434725472703577,17.87686538696289,6.286983640522258,2.8556241393527095
jacquelinehe/tinycomma-1.8b-llama3-tokenizer,bookmia100.20.065,attack_train,jane eyre,247,247,686.9807302430272,2.781298503008207,17.10129165649414,6.148671794126974,2.781298503008207
jacquelinehe/tinycomma-1.8b-llama3-tokenizer,bookmia100.20.066,attack_train,jane eyre,245,245,653.030720114708,2.6654315106722772,17.07440185546875,6.4058677880499095,2.6654315106722772
jacquelinehe/tinycomma-1.8b-llama3-tokenizer,bookmia100.20.067,attack_train,jane eyre,247,247,596.2858664449304,2.414112819615103,17.09931755065918,7.0830648061367025,2.414112819615103
jacquelinehe/tinycomma-1.8b-llama3-tokenizer,bookmia100.20.068,attack_train,jane eyre,249,249,653.7561491103843,2.6255267032545553,18.502405166625977,7.047121304723632,2.6255267032545553
jacquelinehe/tinycomma-1.8b-llama3-tokenizer,bookmia100.20.069,attack_train,jane eyre,249,249,558.0656528733671,2.241227521579787,18.346593856811523,8.185957775442384,2.241227521579787
jacquelinehe/tinycomma-1.8b-llama3-tokenizer,bookmia100.20.070,attack_train,jane eyre,248,248,675.9790574908257,2.725722006011394,15.970935821533203,5.859341409839446,2.725722006011394
jacquelinehe/tinycomma-1.8b-llama3-tokenizer,bookmia100.20.071,attack_train,jane eyre,249,249,610.9472664520144,2.4536034797269655,18.03419303894043,7.350084554390694,2.4536034797269655
jacquelinehe/tinycomma-1.8b-llama3-tokenizer,bookmia100.20.072,attack_train,jane eyre,249,249,617.5144851431251,2.479977851980422,17.244091033935547,6.953324611413376,2.479977851980422
jacquelinehe/tinycomma-1.8b-llama3-tokenizer,bookmia100.20.073,attack_train,jane eyre,245,245,612.9453248102218,2.5018176522866193,13.636151313781738,5.450497681682966,2.5018176522866193
jacquelinehe/tinycomma-1.8b-llama3-tokenizer,bookmia100.20.074,attack_train,jane eyre,247,249,760.3704199269414,3.0536964655700456,16.75986671447754,5.488386584404324,3.0784227527406536
jacquelinehe/tinycomma-1.8b-llama3-tokenizer,bookmia100.20.075,attack_train,jane eyre,245,245,552.7805641554296,2.2562472006344065,14.266922950744629,6.323297795885614,2.2562472006344065
jacquelinehe/tinycomma-1.8b-llama3-tokenizer,bookmia100.20.076,attack_train,jane eyre,244,245,628.8174506314099,2.5666018393118772,16.91629409790039,6.59093040408471,2.5771206993090567
jacquelinehe/tinycomma-1.8b-llama3-tokenizer,bookmia100.20.077,attack_train,jane eyre,245,245,570.3145295586437,2.327814406361811,17.42314910888672,7.484767282679429,2.327814406361811
jacquelinehe/tinycomma-1.8b-llama3-tokenizer,bookmia100.20.078,attack_train,jane eyre,245,245,663.568577632308,2.7084431740094206,17.800918579101562,6.572380306857288,2.7084431740094206
jacquelinehe/tinycomma-1.8b-llama3-tokenizer,bookmia100.20.079,attack_train,jane eyre,247,247,661.6863450817764,2.6788920853513214,17.60061264038086,6.570108865759943,2.6788920853513214
jacquelinehe/tinycomma-1.8b-llama3-tokenizer,bookmia100.20.080,attack_train,jane eyre,247,247,617.8928976543248,2.5015906787624487,18.189043045043945,7.2709908936989525,2.5015906787624487
jacquelinehe/tinycomma-1.8b-llama3-tokenizer,bookmia100.20.081,attack_train,jane eyre,245,249,674.4652063325047,2.7086956077610633,18.250457763671875,6.737729300915146,2.7529192095204276
jacquelinehe/tinycomma-1.8b-llama3-tokenizer,bookmia100.20.082,attack_train,jane eyre,249,249,638.2402931191027,2.563214028590774,17.033660888671875,6.645430579996002,2.563214028590774
jacquelinehe/tinycomma-1.8b-llama3-tokenizer,bookmia100.20.083,attack_train,jane eyre,249,249,654.010699428618,2.626548993689229,18.084672927856445,6.885336223047134,2.626548993689229
jacquelinehe/tinycomma-1.8b-llama3-tokenizer,bookmia100.20.084,attack_train,jane eyre,245,245,638.416709702462,2.6057824885814775,17.071447372436523,6.551370825171901,2.6057824885814775
jacquelinehe/tinycomma-1.8b-llama3-tokenizer,bookmia100.20.085,attack_train,jane eyre,237,237,518.1878478508443,2.186446615404406,17.89030647277832,8.18236601192722,2.186446615404406
jacquelinehe/tinycomma-1.8b-llama3-tokenizer,bookmia100.20.086,attack_train,jane eyre,247,247,604.5748815611005,2.447671585267613,16.813770294189453,6.86929177729174,2.447671585267613
jacquelinehe/tinycomma-1.8b-llama3-tokenizer,bookmia100.20.087,attack_train,jane eyre,249,249,569.5482393056154,2.287342326528576,17.680980682373047,7.729923272659798,2.287342326528576
jacquelinehe/tinycomma-1.8b-llama3-tokenizer,bookmia100.20.088,attack_train,jane eyre,243,243,587.2183900885284,2.416536584726454,16.951034545898438,7.014598766282386,2.416536584726454
jacquelinehe/tinycomma-1.8b-llama3-tokenizer,bookmia100.20.089,attack_train,jane eyre,249,249,605.8278882727027,2.433043728002822,17.081214904785156,7.0205129107179545,2.433043728002822
jacquelinehe/tinycomma-1.8b-llama3-tokenizer,bookmia100.20.090,attack_train,jane eyre,231,231,586.4643929898739,2.53880689606006,18.02284812927246,7.098944058030516,2.53880689606006
jacquelinehe/tinycomma-1.8b-llama3-tokenizer,bookmia100.20.091,attack_train,jane eyre,244,244,659.3414254188538,2.7022189566346464,15.734928131103516,5.822965638099088,2.7022189566346464
jacquelinehe/tinycomma-1.8b-llama3-tokenizer,bookmia100.20.092,attack_train,jane eyre,247,247,657.3020571321249,2.6611419317090075,17.70858383178711,6.654505579270065,2.6611419317090075
jacquelinehe/tinycomma-1.8b-llama3-tokenizer,bookmia100.20.093,attack_train,jane eyre,241,241,620.7831892315298,2.575863855732489,17.5151424407959,6.799715909603142,2.575863855732489
jacquelinehe/tinycomma-1.8b-llama3-tokenizer,bookmia100.20.094,attack_train,jane eyre,241,241,590.3661847747862,2.4496522189825156,17.8220272064209,7.27532956242394,2.4496522189825156
jacquelinehe/tinycomma-1.8b-llama3-tokenizer,bookmia100.20.095,attack_train,jane eyre,247,247,601.9133180473,2.436896024482996,17.850452423095703,7.325077575635504,2.436896024482996
jacquelinehe/tinycomma-1.8b-llama3-tokenizer,bookmia100.20.096,attack_train,jane eyre,241,241,691.4971487000585,2.8692827746890393,17.08510398864746,5.954485957034706,2.8692827746890393
jacquelinehe/tinycomma-1.8b-llama3-tokenizer,bookmia100.20.097,attack_train,jane eyre,248,249,611.4624778144062,2.455672601664282,17.60267448425293,7.1681682942274465,2.4655745073161537
jacquelinehe/tinycomma-1.8b-llama3-tokenizer,bookmia100.20.098,attack_train,jane eyre,249,249,705.4837713688612,2.8332681581078765,17.779932022094727,6.275414478934668,2.8332681581078765
jacquelinehe/tinycomma-1.8b-llama3-tokenizer,bookmia100.20.099,attack_train,jane eyre,231,233,691.2648289166391,2.9668018408439445,18.673044204711914,6.293997781597752,2.9924884368685674
jacquelinehe/tinycomma-1.8b-llama3-tokenizer,bookmia100.21.000,attack_train,little women,61,244,206.5707791764289,0.8466015540017579,4.636845588684082,5.477010485943963,3.3864062160070314
jacquelinehe/tinycomma-1.8b-llama3-tokenizer,bookmia100.21.001,attack_train,little women,51,243,182.9739637967141,0.7529792748835971,3.9946540196736655,5.305131433121049,3.587724780327727
jacquelinehe/tinycomma-1.8b-llama3-tokenizer,bookmia100.21.002,attack_train,little women,55,249,196.05849063303322,0.7873834965182057,5.23649787902832,6.650504998115925,3.564699829691513
jacquelinehe/tinycomma-1.8b-llama3-tokenizer,bookmia100.21.003,attack_train,little women,49,245,168.95220522210002,0.6896008376412246,4.1591346740722654,6.031220449642376,3.4480041882061228
jacquelinehe/tinycomma-1.8b-llama3-tokenizer,bookmia100.21.004,attack_train,little women,60,249,173.64295655011665,0.697361271285609,2.2459171295166014,3.2205934312586324,2.8940492758352776
jacquelinehe/tinycomma-1.8b-llama3-tokenizer,bookmia100.21.005,attack_train,little women,62,248,192.35042798775248,0.7756065644667439,2.8527421951293945,3.678078971766765,3.1024262578669757
jacquelinehe/tinycomma-1.8b-llama3-tokenizer,bookmia100.21.006,attack_train,little women,60,246,192.00024093757384,0.7804887842990806,2.7922616958618165,3.5775808083769096,3.2000040156262304
jacquelinehe/tinycomma-1.8b-llama3-tokenizer,bookmia100.21.007,attack_train,little women,51,248,147.24306512251496,0.5937220367843346,4.01027234395345,6.754461002784295,2.8871189239708817
jacquelinehe/tinycomma-1.8b-llama3-tokenizer,bookmia100.21.008,attack_train,little women,49,248,207.3430972435999,0.8360608759822578,4.207475185394287,5.032498597008353,4.2314917804816305
jacquelinehe/tinycomma-1.8b-llama3-tokenizer,bookmia100.21.009,attack_train,little women,55,247,134.45932396128774,0.5443697326367924,8.089338302612305,14.86000748687762,2.4447149811143225
jacquelinehe/tinycomma-1.8b-llama3-tokenizer,bookmia100.21.010,attack_train,little women,66,248,190.97469513351098,0.7700592545706088,2.631948471069336,3.4178518801607436,2.8935559868713785
jacquelinehe/tinycomma-1.8b-llama3-tokenizer,bookmia100.21.011,attack_train,little women,56,249,169.81290096318116,0.6819795219404866,3.6302921772003174,5.323168893503986,3.0323732314853777
jacquelinehe/tinycomma-1.8b-llama3-tokenizer,bookmia100.21.012,attack_train,little women,61,246,187.99314181506634,0.7641997634758794,3.6311779022216797,4.7516082518864735,3.0818547838535464
jacquelinehe/tinycomma-1.8b-llama3-tokenizer,bookmia100.21.013,attack_train,little women,65,249,160.12615984957665,0.6430769471870549,2.721876382827759,4.232582733269761,2.463479382301179
jacquelinehe/tinycomma-1.8b-llama3-tokenizer,bookmia100.21.014,attack_train,little women,41,199,135.71203779923962,0.6819700391921589,4.557308197021484,6.682563653998545,3.3100497024204785
jacquelinehe/tinycomma-1.8b-llama3-tokenizer,bookmia100.21.015,attack_train,little women,55,247,171.17884998372756,0.6930317813106379,6.078647613525391,8.7710950312115,3.112342726976865
jacquelinehe/tinycomma-1.8b-llama3-tokenizer,bookmia100.21.016,attack_train,little women,59,243,183.4193591841031,0.7548121777123584,3.8549861907958984,5.107212502160961,3.1088026980356456
jacquelinehe/tinycomma-1.8b-llama3-tokenizer,bookmia100.21.017,attack_train,little women,63,248,177.9207656676881,0.7174224422084198,14.712133407592773,20.506932236890805,2.824139137582351
jacquelinehe/tinycomma-1.8b-llama3-tokenizer,bookmia100.21.018,attack_train,little women,59,247,211.52497199177742,0.8563764048250098,9.035789489746094,10.551189218708622,3.585169016809787
jacquelinehe/tinycomma-1.8b-llama3-tokenizer,bookmia100.21.019,attack_train,little women,48,247,180.58614908531308,0.731118012491146,3.5657784938812256,4.877158588572468,3.762211439277356
jacquelinehe/tinycomma-1.8b-llama3-tokenizer,bookmia100.21.020,attack_train,little women,66,247,211.59007567493245,0.856639982489605,3.7887051105499268,4.422750733089791,3.2059102374989763
jacquelinehe/tinycomma-1.8b-llama3-tokenizer,bookmia100.21.021,attack_train,little women,59,244,161.3542660191888,0.6612879754884787,4.624639828999837,6.993382611537308,2.734818068121844
jacquelinehe/tinycomma-1.8b-llama3-tokenizer,bookmia100.21.022,attack_train,little women,61,247,175.59213529829867,0.7108993331914926,3.8238213857014975,5.3788507136937875,2.8785595950540768
jacquelinehe/tinycomma-1.8b-llama3-tokenizer,bookmia100.21.023,attack_train,little women,60,246,187.52529727027286,0.762297956383223,4.07893435160319,5.350839940534519,3.1254216211712142
jacquelinehe/tinycomma-1.8b-llama3-tokenizer,bookmia100.21.024,attack_train,little women,65,243,244.33194304490462,1.005481247098373,2.084502855936686,2.0731394662527656,3.7589529699216095
jacquelinehe/tinycomma-1.8b-llama3-tokenizer,bookmia100.21.025,attack_train,little women,53,247,179.09404440037906,0.7250771028355427,2.408504009246826,3.3217212346493135,3.379132913214699
jacquelinehe/tinycomma-1.8b-llama3-tokenizer,bookmia100.21.026,attack_train,little women,57,245,164.69827327341773,0.6722378500955826,3.2036097049713135,4.765589596771152,2.8894433907617145
jacquelinehe/tinycomma-1.8b-llama3-tokenizer,bookmia100.21.027,attack_train,little women,66,249,178.06272034719586,0.7151113266955658,2.371403694152832,3.316132195962792,2.6979200052605434
jacquelinehe/tinycomma-1.8b-llama3-tokenizer,bookmia100.21.028,attack_train,little women,59,249,163.32239077752456,0.6559132159739942,8.50971508026123,12.973842991751253,2.7681761148732975
jacquelinehe/tinycomma-1.8b-llama3-tokenizer,bookmia100.21.029,attack_train,little women,57,244,197.19554456195328,0.8081784613194807,7.240551948547363,8.959100365934033,3.4595709572272506
jacquelinehe/tinycomma-1.8b-llama3-tokenizer,bookmia100.21.030,attack_train,little women,60,248,209.95555073022842,0.8465949626218888,2.684807300567627,3.171300821650094,3.4992591788371405
jacquelinehe/tinycomma-1.8b-llama3-tokenizer,bookmia100.21.031,attack_train,little women,51,239,147.53220020560548,0.6172895406092279,3.666813850402832,5.940184644606007,2.8927882393255975
jacquelinehe/tinycomma-1.8b-llama3-tokenizer,bookmia100.21.032,attack_train,little women,59,248,190.0043749191973,0.7661466730612794,3.487459182739258,4.551947173254014,3.220413134223683
jacquelinehe/tinycomma-1.8b-llama3-tokenizer,bookmia100.21.033,attack_train,little women,54,245,172.88536554947495,0.7056545532631631,3.5119298299153647,4.976840032669136,3.2015808435087956
jacquelinehe/tinycomma-1.8b-llama3-tokenizer,bookmia100.21.034,attack_train,little women,68,248,167.71334556583315,0.6762634901848111,7.677722930908203,11.353153086543255,2.466372728909311
jacquelinehe/tinycomma-1.8b-llama3-tokenizer,bookmia100.21.035,attack_train,little women,54,249,161.7813046183437,0.6497241149331072,6.134950160980225,9.442392578597536,2.9959500855248837
jacquelinehe/tinycomma-1.8b-llama3-tokenizer,bookmia100.21.036,attack_train,little women,53,248,197.7007690379396,0.7971805203142727,8.544020652770996,10.717799086965503,3.730203189395087
jacquelinehe/tinycomma-1.8b-llama3-tokenizer,bookmia100.21.037,attack_train,little women,61,248,196.26583216525614,0.7913944845373232,4.223251581192017,5.336468302102303,3.217472658446822
jacquelinehe/tinycomma-1.8b-llama3-tokenizer,bookmia100.21.038,attack_train,little women,63,246,202.5376626639627,0.8233238319673281,4.97523307800293,6.042862947516818,3.214883534348614
jacquelinehe/tinycomma-1.8b-llama3-tokenizer,bookmia100.21.039,attack_train,little women,52,219,158.5927708732779,0.7241679035309494,1.9619358380635579,2.7092278303103625,3.0498609783322674
jacquelinehe/tinycomma-1.8b-llama3-tokenizer,bookmia100.21.040,attack_train,little women,58,244,209.23092655837536,0.8575037973703908,3.680682897567749,4.292322563299288,3.607429768247851
jacquelinehe/tinycomma-1.8b-llama3-tokenizer,bookmia100.21.041,attack_train,little women,56,246,165.3732607671991,0.6722490275089394,5.230745633443196,7.780964225156337,2.9530939422714124
jacquelinehe/tinycomma-1.8b-llama3-tokenizer,bookmia100.21.042,attack_train,little women,56,247,194.02275707013905,0.7855172351017775,10.549450874328613,13.429941957876643,3.4646920905381973
jacquelinehe/tinycomma-1.8b-llama3-tokenizer,bookmia100.21.043,attack_train,little women,64,245,213.00015642493963,0.8693883935711821,5.775822639465332,6.643546983345402,3.3281274441396818
jacquelinehe/tinycomma-1.8b-llama3-tokenizer,bookmia100.21.044,attack_train,little women,59,246,165.78193058085162,0.673910286914031,3.5608905792236327,5.283923763101551,2.8098632301839257
jacquelinehe/tinycomma-1.8b-llama3-tokenizer,bookmia100.21.045,attack_train,little women,57,249,205.04348814301193,0.8234678238675178,6.996634006500244,8.496548139112093,3.5972541779475775
jacquelinehe/tinycomma-1.8b-llama3-tokenizer,bookmia100.21.046,attack_train,little women,55,243,152.76462058536708,0.6286609900632391,4.688257217407227,7.45752844778172,2.7775385560975834
jacquelinehe/tinycomma-1.8b-llama3-tokenizer,bookmia100.21.047,attack_train,little women,60,246,151.36425897991285,0.6153018657720034,4.2335968017578125,6.8805200134506785,2.5227376496652143
jacquelinehe/tinycomma-1.8b-llama3-tokenizer,bookmia100.21.048,attack_train,little women,65,248,149.09020767337643,0.6011701922313566,7.6333699226379395,12.697518974294528,2.2936955026673296
jacquelinehe/tinycomma-1.8b-llama3-tokenizer,bookmia100.21.049,attack_train,little women,58,246,166.0130176320672,0.6748496651710049,3.0197702407836915,4.474730294218181,2.8622934074494344
jacquelinehe/tinycomma-1.8b-llama3-tokenizer,bookmia100.21.050,attack_train,little women,43,249,180.1396440565586,0.7234523857693117,2.6268606185913086,3.6310069194089842,4.1892940478269445
jacquelinehe/tinycomma-1.8b-llama3-tokenizer,bookmia100.21.051,attack_train,little women,63,247,207.16930820047855,0.8387421384634759,7.528080463409424,8.975440863386696,3.2884017174679134
jacquelinehe/tinycomma-1.8b-llama3-tokenizer,bookmia100.21.052,attack_train,little women,52,248,179.3170669991523,0.7230526895127108,9.035055160522461,12.495707839232967,3.4484051345990827
jacquelinehe/tinycomma-1.8b-llama3-tokenizer,bookmia100.21.053,attack_train,little women,57,246,178.38946672528982,0.7251604338426415,3.980910301208496,5.48969595612596,3.1296397671103477
jacquelinehe/tinycomma-1.8b-llama3-tokenizer,bookmia100.21.054,attack_train,little women,61,246,204.9836813751608,0.8332669974600033,4.730286121368408,5.676795235845712,3.3603882192649315
jacquelinehe/tinycomma-1.8b-llama3-tokenizer,bookmia100.21.055,attack_train,little women,55,246,150.02964216237888,0.6098765941560117,3.020449161529541,4.952557928066484,2.727811675679616
jacquelinehe/tinycomma-1.8b-llama3-tokenizer,bookmia100.21.056,attack_train,little women,57,249,159.5806558332406,0.6408861680049823,2.528432982308524,3.945213843792721,2.799660628653344
jacquelinehe/tinycomma-1.8b-llama3-tokenizer,bookmia100.21.057,attack_train,little women,63,243,179.0123276845552,0.7366762456154535,3.5563693046569824,4.8275878662082095,2.8414655188024636
jacquelinehe/tinycomma-1.8b-llama3-tokenizer,bookmia100.21.058,attack_train,little women,62,242,204.69382211007178,0.8458422401242636,5.131911277770996,6.0672203802650735,3.3015132598398673
jacquelinehe/tinycomma-1.8b-llama3-tokenizer,bookmia100.21.059,attack_train,little women,62,244,210.82753215450794,0.8640472629283112,7.503299713134766,8.683899637278643,3.4004440670081926
jacquelinehe/tinycomma-1.8b-llama3-tokenizer,bookmia100.21.060,attack_train,little women,59,247,184.8712421283126,0.7484665673211036,4.577417055765788,6.115726814825125,3.133410883530722
jacquelinehe/tinycomma-1.8b-llama3-tokenizer,bookmia100.21.061,attack_train,little women,52,243,166.27630099642556,0.6842646131540147,3.3939666748046875,4.960020742795261,3.197621173008184
jacquelinehe/tinycomma-1.8b-llama3-tokenizer,bookmia100.21.062,attack_train,little women,62,244,199.19927343912423,0.8163904649144436,2.3838709195454917,2.9200131824118225,3.2128915070826487
jacquelinehe/tinycomma-1.8b-llama3-tokenizer,bookmia100.21.063,attack_train,little women,58,247,150.08562035148498,0.607634090491842,2.673677682876587,4.400144305123518,2.5876831095083617
jacquelinehe/tinycomma-1.8b-llama3-tokenizer,bookmia100.21.064,attack_train,little women,42,246,151.3388043306768,0.6151983915881171,0.6892720512114465,1.120406133429755,3.6033048650161144
jacquelinehe/tinycomma-1.8b-llama3-tokenizer,bookmia100.21.065,attack_train,little women,64,248,179.8331112973392,0.7251335132957226,2.7815754413604736,3.8359493670596585,2.809892364020925
jacquelinehe/tinycomma-1.8b-llama3-tokenizer,bookmia100.21.066,attack_train,little women,53,228,182.3000863097841,0.7995617820604566,4.847532272338867,6.062736340207334,3.4396242699959263
jacquelinehe/tinycomma-1.8b-llama3-tokenizer,bookmia100.21.067,attack_train,little women,60,249,212.2838052175939,0.8525454024802969,14.889768600463867,17.4650740677802,3.538063420293232
jacquelinehe/tinycomma-1.8b-llama3-tokenizer,bookmia100.21.068,attack_train,little women,53,242,158.64189910166897,0.6555450376102023,2.6915063858032227,4.105753581195798,2.993243379276773
jacquelinehe/tinycomma-1.8b-llama3-tokenizer,bookmia100.21.069,attack_train,little women,60,245,134.16676868428476,0.5476194640174888,2.0265762329101564,3.7007016113755875,2.236112811404746
jacquelinehe/tinycomma-1.8b-llama3-tokenizer,bookmia100.21.070,attack_train,little women,57,247,170.44357597618364,0.6900549634663306,5.126784006754558,7.4295299333858145,2.9902381750207656
jacquelinehe/tinycomma-1.8b-llama3-tokenizer,bookmia100.21.071,attack_train,little women,60,244,200.787787434645,0.8229007681747745,4.560329437255859,5.54177321692243,3.34646312391075
jacquelinehe/tinycomma-1.8b-llama3-tokenizer,bookmia100.21.072,attack_train,little women,58,247,202.49261908605695,0.8198081744374776,3.0751326084136963,3.7510392117323543,3.4912520532078783
jacquelinehe/tinycomma-1.8b-llama3-tokenizer,bookmia100.21.073,attack_train,little women,63,246,257.6312123257667,1.0472813509177508,5.64247449239095,5.3877350985447725,4.089384322631217
jacquelinehe/tinycomma-1.8b-llama3-tokenizer,bookmia100.21.074,attack_train,little women,57,249,165.90639552101493,0.666290745064317,2.3581371307373047,3.539201389492021,2.9106385179125427
jacquelinehe/tinycomma-1.8b-llama3-tokenizer,bookmia100.21.075,attack_train,little women,64,247,159.38512856769376,0.6452839213266953,2.17270835240682,3.3670579424011677,2.490392633870215
jacquelinehe/tinycomma-1.8b-llama3-tokenizer,bookmia100.21.076,attack_train,little women,56,248,166.18778889602982,0.6701120520001203,2.592186768849691,3.8682885363912627,2.9676390874291037
jacquelinehe/tinycomma-1.8b-llama3-tokenizer,bookmia100.21.077,attack_train,little women,61,248,178.19155070491252,0.7185143173585182,1.6503299474716187,2.29686438753057,2.921172962375615
jacquelinehe/tinycomma-1.8b-llama3-tokenizer,bookmia100.21.078,attack_train,little women,56,248,156.87244223232847,0.6325501702916471,3.4403393268585205,5.438840250840971,2.80129361129158
jacquelinehe/tinycomma-1.8b-llama3-tokenizer,bookmia100.21.079,attack_train,little women,63,248,170.10228482075036,0.6858963097610902,12.867814064025879,18.76058214762515,2.7000362669960376
jacquelinehe/tinycomma-1.8b-llama3-tokenizer,bookmia100.21.080,attack_train,little women,60,246,201.25529738143086,0.8181109649651661,4.911401748657227,6.003344239331087,3.354254956357181
jacquelinehe/tinycomma-1.8b-llama3-tokenizer,bookmia100.21.081,attack_train,little women,73,243,191.2120429099814,0.7868808350204995,9.084336280822754,11.544742070870353,2.619343053561389
jacquelinehe/tinycomma-1.8b-llama3-tokenizer,bookmia100.21.082,attack_train,little women,64,246,191.16845104796812,0.7771075245852362,6.815548896789551,8.770406515401067,2.987007047624502
jacquelinehe/tinycomma-1.8b-llama3-tokenizer,bookmia100.21.083,attack_train,little women,55,248,190.10646905377507,0.7665583429587705,3.7539504369099936,4.897149018586705,3.456481255523183
jacquelinehe/tinycomma-1.8b-llama3-tokenizer,bookmia100.21.084,attack_train,little women,56,249,175.87791664898396,0.706337014654554,3.1385512351989746,4.443418892232253,3.1406770830175708
jacquelinehe/tinycomma-1.8b-llama3-tokenizer,bookmia100.21.085,attack_train,little women,48,239,157.41273887455463,0.6586307065880947,14.382295608520508,21.8366612194945,3.2794320598865547
jacquelinehe/tinycomma-1.8b-llama3-tokenizer,bookmia100.21.086,attack_train,little women,65,246,225.5499495882541,0.9168697137733907,4.145124435424805,4.520952511742901,3.4699992244346785
jacquelinehe/tinycomma-1.8b-llama3-tokenizer,bookmia100.21.087,attack_train,little women,64,244,178.03487402480096,0.7296511230524629,4.056194305419922,5.559087318951849,2.781794906637515
jacquelinehe/tinycomma-1.8b-llama3-tokenizer,bookmia100.21.088,attack_train,little women,53,249,174.23897712491453,0.6997549282125082,8.975992202758789,12.827336887340756,3.2875278702814064
jacquelinehe/tinycomma-1.8b-llama3-tokenizer,bookmia100.21.089,attack_train,little women,60,247,204.26329265732784,0.8269768933495054,3.2408167521158853,3.9188721936227284,3.404388210955464
jacquelinehe/tinycomma-1.8b-llama3-tokenizer,bookmia100.21.090,attack_train,little women,60,249,188.87628706544638,0.7585393054837204,8.703722953796387,11.474320303344102,3.1479381177574397
jacquelinehe/tinycomma-1.8b-llama3-tokenizer,bookmia100.21.091,attack_train,little women,57,243,175.8110313382931,0.7235021865773379,3.1573932647705076,4.364041081488842,3.0844040585665455
jacquelinehe/tinycomma-1.8b-llama3-tokenizer,bookmia100.21.092,attack_train,little women,56,247,137.6312564611435,0.5572115646200142,2.176483917236328,3.90602789933221,2.457701008234705
jacquelinehe/tinycomma-1.8b-llama3-tokenizer,bookmia100.21.093,attack_train,little women,57,242,165.6998930524569,0.6847103018696566,13.915426254272461,20.32308586021748,2.907015667586963
jacquelinehe/tinycomma-1.8b-llama3-tokenizer,bookmia100.21.094,attack_train,little women,59,249,188.01654268987477,0.7550865168268063,16.61073875427246,21.99845763910317,3.1867210625402502
jacquelinehe/tinycomma-1.8b-llama3-tokenizer,bookmia100.21.095,attack_train,little women,63,249,164.9718916094862,0.6625377173071735,1.9017204840977986,2.8703580708237637,2.6186014541188283
jacquelinehe/tinycomma-1.8b-llama3-tokenizer,bookmia100.21.096,attack_train,little women,62,246,227.05862762220204,0.9230025513097644,3.9806858698527017,4.31275716866005,3.6622359293903552
jacquelinehe/tinycomma-1.8b-llama3-tokenizer,bookmia100.21.097,attack_train,little women,63,248,227.41973493713886,0.9170150602303986,13.13587474822998,14.324600890338282,3.6098370624942677
jacquelinehe/tinycomma-1.8b-llama3-tokenizer,bookmia100.21.098,attack_train,little women,65,245,188.26490618567914,0.7684281885129761,12.384941101074219,16.117239432667013,2.896383172087371
jacquelinehe/tinycomma-1.8b-llama3-tokenizer,bookmia100.21.099,attack_train,little women,65,248,235.2879003068665,0.9487415334954294,6.975532054901123,7.35240506358071,3.6198138508748694
jacquelinehe/tinycomma-1.8b-llama3-tokenizer,bookmia100.22.000,attack_train,lord of the flies,66,245,216.3406996531412,0.8830232638903722,5.523714542388916,6.255457549388741,3.2778893886839575
jacquelinehe/tinycomma-1.8b-llama3-tokenizer,bookmia100.22.001,attack_train,lord of the flies,60,249,186.42759288102388,0.7487051922932686,2.04530668258667,2.7317917701651537,3.1071265480170647
jacquelinehe/tinycomma-1.8b-llama3-tokenizer,bookmia100.22.002,attack_train,lord of the flies,64,243,213.23722522798926,0.8775194453826718,3.6546566486358643,4.164758590668185,3.331831644187332
jacquelinehe/tinycomma-1.8b-llama3-tokenizer,bookmia100.22.003,attack_train,lord of the flies,60,248,179.46720517403446,0.7236580853791712,5.77226193745931,7.97650444883076,2.9911200862339076
jacquelinehe/tinycomma-1.8b-llama3-tokenizer,bookmia100.22.004,attack_train,lord of the flies,56,249,218.3679651604034,0.8769797797606562,5.069279193878174,5.7803832093616485,3.899427949292918
jacquelinehe/tinycomma-1.8b-llama3-tokenizer,bookmia100.22.005,attack_train,lord of the flies,65,246,192.77254837751389,0.7836282454370483,3.1246182918548584,3.9873732347564674,2.965731513500214
jacquelinehe/tinycomma-1.8b-llama3-tokenizer,bookmia100.22.006,attack_train,lord of the flies,56,248,223.21058780769818,0.9000426927729765,4.514935811360677,5.016357387948382,3.985903353708896
jacquelinehe/tinycomma-1.8b-llama3-tokenizer,bookmia100.22.007,attack_train,lord of the flies,54,248,185.89248363836668,0.7495664662837366,2.710426648457845,3.6159924041103726,3.442453400710494
jacquelinehe/tinycomma-1.8b-llama3-tokenizer,bookmia100.22.008,attack_train,lord of the flies,62,246,192.18810005579144,0.7812524392511847,2.1326387405395506,2.72976906489232,3.0998080654159907
jacquelinehe/tinycomma-1.8b-llama3-tokenizer,bookmia100.22.009,attack_train,lord of the flies,66,246,225.28337688930333,0.9157860849158672,6.69713830947876,7.312994180397514,3.4133844983227775
jacquelinehe/tinycomma-1.8b-llama3-tokenizer,bookmia100.22.010,attack_train,lord of the flies,61,246,219.32916866242886,0.8915819864326376,3.451416778564453,3.8711154230180496,3.5955601420070304
jacquelinehe/tinycomma-1.8b-llama3-tokenizer,bookmia100.22.011,attack_train,lord of the flies,67,247,205.42591946478933,0.8316838844728313,4.355069160461426,5.236447695775562,3.0660584994744675
jacquelinehe/tinycomma-1.8b-llama3-tokenizer,bookmia100.22.012,attack_train,lord of the flies,62,245,162.7245072623482,0.6641816622952987,3.0227529525756838,4.551093660324141,2.624588826812068
jacquelinehe/tinycomma-1.8b-llama3-tokenizer,bookmia100.22.013,attack_train,lord of the flies,54,245,187.18067529133987,0.7640027562911831,5.768572489420573,7.550460311719094,3.466308801691479
jacquelinehe/tinycomma-1.8b-llama3-tokenizer,bookmia100.22.014,attack_train,lord of the flies,60,248,223.90706018102355,0.9028510491170304,5.755740642547607,6.3750722205801305,3.7317843363503926
jacquelinehe/tinycomma-1.8b-llama3-tokenizer,bookmia100.22.015,attack_train,lord of the flies,67,248,211.40247493656352,0.852429334421627,1.8595728193010603,2.181497919194416,3.155260819948709
jacquelinehe/tinycomma-1.8b-llama3-tokenizer,bookmia100.22.016,attack_train,lord of the flies,63,246,209.05865001073107,0.8498319106127279,5.2608232498168945,6.190427994194577,3.3183912700116043
jacquelinehe/tinycomma-1.8b-llama3-tokenizer,bookmia100.22.017,attack_train,lord of the flies,59,248,168.5268954470812,0.6795439332543596,3.121634864807129,4.59372045285948,2.8563880584251047
jacquelinehe/tinycomma-1.8b-llama3-tokenizer,bookmia100.22.018,attack_train,lord of the flies,60,247,214.9353030351922,0.8701834130979441,8.691153526306152,9.987726030498255,3.5822550505865367
jacquelinehe/tinycomma-1.8b-llama3-tokenizer,bookmia100.22.019,attack_train,lord of the flies,58,249,204.9040160626173,0.8229076950305916,11.955289840698242,14.52810553710256,3.532827863148574
jacquelinehe/tinycomma-1.8b-llama3-tokenizer,bookmia100.22.020,attack_train,lord of the flies,60,246,201.96250845305622,0.8209858067197408,3.5281565189361572,4.297463476296809,3.366041807550937
jacquelinehe/tinycomma-1.8b-llama3-tokenizer,bookmia100.22.021,attack_train,lord of the flies,52,247,210.11936033709208,0.8506856693809396,2.4914261954171315,2.928727125766901,4.040756929559463
jacquelinehe/tinycomma-1.8b-llama3-tokenizer,bookmia100.22.022,attack_train,lord of the flies,52,245,162.58862171322107,0.6636270274009023,2.305115222930908,3.4735101612104327,3.12670426371579
jacquelinehe/tinycomma-1.8b-llama3-tokenizer,bookmia100.22.023,attack_train,lord of the flies,61,245,173.19938848214224,0.7069362795189479,6.436253547668457,9.104432371257227,2.8393342374121677
jacquelinehe/tinycomma-1.8b-llama3-tokenizer,bookmia100.22.024,attack_train,lord of the flies,64,248,208.126169629395,0.8392184259249799,12.820646286010742,15.276888459497213,3.251971400459297
jacquelinehe/tinycomma-1.8b-llama3-tokenizer,bookmia100.22.025,attack_train,lord of the flies,62,249,213.22055132489186,0.8563074350397263,3.920464197794596,4.578337215550063,3.4390411504014815
jacquelinehe/tinycomma-1.8b-llama3-tokenizer,bookmia100.22.026,attack_train,lord of the flies,53,246,213.16954561322927,0.8665428683464604,6.448581695556641,7.441734195864819,4.022066898362817
jacquelinehe/tinycomma-1.8b-llama3-tokenizer,bookmia100.22.027,attack_train,lord of the flies,66,247,214.61834102979628,0.8689001661125355,5.8832573890686035,6.770924461195964,3.2517930459060045
jacquelinehe/tinycomma-1.8b-llama3-tokenizer,bookmia100.22.028,attack_train,lord of the flies,60,242,200.99033908825368,0.8305385912737755,5.300725936889648,6.382275300127912,3.349838984804228
jacquelinehe/tinycomma-1.8b-llama3-tokenizer,bookmia100.22.029,attack_train,lord of the flies,55,248,217.07399332895875,0.8752983601974144,2.4412460327148438,2.7890444489856536,3.9467998787083407
jacquelinehe/tinycomma-1.8b-llama3-tokenizer,bookmia100.22.030,attack_train,lord of the flies,55,241,199.3792101033032,0.8272996269846605,3.6160377774919783,4.370892551555599,3.6250765473327853
jacquelinehe/tinycomma-1.8b-llama3-tokenizer,bookmia100.22.031,attack_train,lord of the flies,65,245,228.4568064380437,0.932476760971607,5.455121994018555,5.850142569059324,3.5147200990468264
jacquelinehe/tinycomma-1.8b-llama3-tokenizer,bookmia100.22.032,attack_train,lord of the flies,61,248,237.07657582574757,0.9559539347812402,2.9798831939697266,3.1171828323000113,3.8865012430450423
jacquelinehe/tinycomma-1.8b-llama3-tokenizer,bookmia100.22.033,attack_train,lord of the flies,54,246,231.3396073631011,0.9404049079800858,3.314753532409668,3.524815219786009,4.284066803020391
jacquelinehe/tinycomma-1.8b-llama3-tokenizer,bookmia100.22.034,attack_train,lord of the flies,62,248,199.62893191725016,0.8049553706340732,4.2420705159505205,5.269944981681394,3.2198214825362927
jacquelinehe/tinycomma-1.8b-llama3-tokenizer,bookmia100.22.035,attack_train,lord of the flies,48,248,180.2270787768066,0.726722091841962,1.9017895460128784,2.616941974603484,3.7547308078501374
jacquelinehe/tinycomma-1.8b-llama3-tokenizer,bookmia100.22.036,attack_train,lord of the flies,54,239,178.9858865989372,0.7488949230081055,4.612683931986491,6.159320607300428,3.3145534555358744
jacquelinehe/tinycomma-1.8b-llama3-tokenizer,bookmia100.22.037,attack_train,lord of the flies,57,247,222.11526446044445,0.8992520828358075,2.455897331237793,2.731044362436256,3.8967590256218325
jacquelinehe/tinycomma-1.8b-llama3-tokenizer,bookmia100.22.038,attack_train,lord of the flies,66,249,219.29176159901544,0.8806898056185359,3.3977041244506836,3.858003241066666,3.322602448469931
jacquelinehe/tinycomma-1.8b-llama3-tokenizer,bookmia100.22.039,attack_train,lord of the flies,58,248,182.93736241012812,0.7376506548795488,1.9698379516601563,2.6704212063389434,3.1540924553470364
jacquelinehe/tinycomma-1.8b-llama3-tokenizer,bookmia100.22.040,attack_train,lord of the flies,64,246,219.50618484197184,0.8923015643982596,14.11301326751709,15.816416591216521,3.42978413815581
jacquelinehe/tinycomma-1.8b-llama3-tokenizer,bookmia100.22.041,attack_train,lord of the flies,60,246,224.10065667890012,0.9109782791825208,6.677700042724609,7.330251659476379,3.7350109446483355
jacquelinehe/tinycomma-1.8b-llama3-tokenizer,bookmia100.22.042,attack_train,lord of the flies,64,246,195.2027183729224,0.7935069852557821,7.648697376251221,9.639105286244845,3.0500424745769124
jacquelinehe/tinycomma-1.8b-llama3-tokenizer,bookmia100.22.043,attack_train,lord of the flies,53,244,186.68466950953007,0.7651011045472543,7.932002067565918,10.367259987501455,3.5223522548967936
jacquelinehe/tinycomma-1.8b-llama3-tokenizer,bookmia100.22.044,attack_train,lord of the flies,62,248,191.03949401667342,0.7703205403898121,4.559093793233235,5.918437266291973,3.0812821615592485
jacquelinehe/tinycomma-1.8b-llama3-tokenizer,bookmia100.22.045,attack_train,lord of the flies,68,246,228.9993512374349,0.9308916716968898,3.0774295330047607,3.3058943661994764,3.367637518197572
jacquelinehe/tinycomma-1.8b-llama3-tokenizer,bookmia100.22.046,attack_train,lord of the flies,53,244,158.60951705428306,0.6500390043208322,6.0226874351501465,9.265117008544305,2.992632397250624
jacquelinehe/tinycomma-1.8b-llama3-tokenizer,bookmia100.22.047,attack_train,lord of the flies,54,242,186.66303069330752,0.7713348375756509,5.597850799560547,7.257355077018055,3.456722790616806
jacquelinehe/tinycomma-1.8b-llama3-tokenizer,bookmia100.22.048,attack_train,lord of the flies,61,242,200.31543782912195,0.8277497430955453,6.046404520670573,7.304628688930503,3.283859636542983
jacquelinehe/tinycomma-1.8b-llama3-tokenizer,bookmia100.22.049,attack_train,lord of the flies,63,241,167.12740449607372,0.6934747074525881,15.709648132324219,22.653527177699218,2.6528159443821226
jacquelinehe/tinycomma-1.8b-llama3-tokenizer,bookmia100.22.050,attack_train,lord of the flies,59,249,225.4717888077721,0.9055091919990848,15.869526863098145,17.525528181622462,3.821555742504612
jacquelinehe/tinycomma-1.8b-llama3-tokenizer,bookmia100.22.051,attack_train,lord of the flies,58,245,209.57361970690545,0.8554025294159406,2.2449769973754883,2.6244685047966057,3.6133382708087147
jacquelinehe/tinycomma-1.8b-llama3-tokenizer,bookmia100.22.052,attack_train,lord of the flies,62,245,199.73629036033526,0.8152501647360623,4.046626726786296,4.963662568650193,3.221553070327988
jacquelinehe/tinycomma-1.8b-llama3-tokenizer,bookmia100.22.053,attack_train,lord of the flies,56,246,164.52882084355224,0.6688163448924888,5.815268516540527,8.69486602854379,2.9380146579205757
jacquelinehe/tinycomma-1.8b-llama3-tokenizer,bookmia100.22.054,attack_train,lord of the flies,75,246,201.1701684797008,0.817764912519109,3.2496423721313477,3.9738099817964643,2.6822689130626776
jacquelinehe/tinycomma-1.8b-llama3-tokenizer,bookmia100.22.055,attack_train,lord of the flies,55,245,201.8016675710678,0.8236802758002768,6.890850067138672,8.365928224326622,3.6691212285648693
jacquelinehe/tinycomma-1.8b-llama3-tokenizer,bookmia100.22.056,attack_train,lord of the flies,57,247,166.3403618633747,0.6734427605804644,5.005855878194173,7.433231406154618,2.918251962515346
jacquelinehe/tinycomma-1.8b-llama3-tokenizer,bookmia100.22.057,attack_train,lord of the flies,57,249,255.55333085823804,1.026318597824249,3.4246883392333984,3.3368666869075443,4.483391769442773
jacquelinehe/tinycomma-1.8b-llama3-tokenizer,bookmia100.22.058,attack_train,lord of the flies,67,246,219.24893349409103,0.8912558272117521,3.0296106338500977,3.3992603934249477,3.272372141702851
jacquelinehe/tinycomma-1.8b-llama3-tokenizer,bookmia100.22.059,attack_train,lord of the flies,63,243,209.61442042747512,0.862610783652161,6.378551006317139,7.394471675059912,3.327213022658335
jacquelinehe/tinycomma-1.8b-llama3-tokenizer,bookmia100.22.060,attack_train,lord of the flies,57,249,177.914325462305,0.7145153633024297,1.8692596980503626,2.6161224713360984,3.1213039554790347
jacquelinehe/tinycomma-1.8b-llama3-tokenizer,bookmia100.22.061,attack_train,lord of the flies,63,249,184.01236431908183,0.7390054791930997,2.192487907409668,2.9668087303000608,2.9208311796679656
jacquelinehe/tinycomma-1.8b-llama3-tokenizer,bookmia100.22.062,attack_train,lord of the flies,65,244,222.21748870494775,0.9107274127251958,12.381402015686035,13.59506899944607,3.4187305954607345
jacquelinehe/tinycomma-1.8b-llama3-tokenizer,bookmia100.22.063,attack_train,lord of the flies,56,246,176.4816858060076,0.7174052268536893,2.612021636962891,3.6409291976006157,3.1514586751072784
jacquelinehe/tinycomma-1.8b-llama3-tokenizer,bookmia100.22.064,attack_train,lord of the flies,70,249,213.93298205919564,0.859168602647372,5.241054534912109,6.100146721799134,3.056185457988509
jacquelinehe/tinycomma-1.8b-llama3-tokenizer,bookmia100.22.065,attack_train,lord of the flies,51,245,153.88268024101853,0.6280925724123205,4.646490414937337,7.397779593367139,3.017307455706246
jacquelinehe/tinycomma-1.8b-llama3-tokenizer,bookmia100.22.066,attack_train,lord of the flies,59,246,189.97010364127345,0.7722361936637132,3.035590648651123,3.930909576057809,3.2198322651063296
jacquelinehe/tinycomma-1.8b-llama3-tokenizer,bookmia100.22.067,attack_train,lord of the flies,61,247,228.78476570546627,0.9262541121678797,6.587685585021973,7.11217958277521,3.7505699295978077
jacquelinehe/tinycomma-1.8b-llama3-tokenizer,bookmia100.22.068,attack_train,lord of the flies,64,249,229.77683924138546,0.9227985511702227,7.258118629455566,7.865333793872319,3.590263113146648
jacquelinehe/tinycomma-1.8b-llama3-tokenizer,bookmia100.22.069,attack_train,lord of the flies,71,245,253.41669191722758,1.0343538445601126,5.9734954833984375,5.77509864232083,3.5692491819327827
jacquelinehe/tinycomma-1.8b-llama3-tokenizer,bookmia100.22.070,attack_train,lord of the flies,61,242,190.1464409069158,0.785729094656677,4.566037813822429,5.811211325727414,3.117154768965833
jacquelinehe/tinycomma-1.8b-llama3-tokenizer,bookmia100.22.071,attack_train,lord of the flies,60,248,241.8209160012193,0.975084338714594,2.7180856704711913,2.7875390492419463,4.0303486000203215
jacquelinehe/tinycomma-1.8b-llama3-tokenizer,bookmia100.22.072,attack_train,lord of the flies,53,242,167.46158703416586,0.6919900290668011,7.463356971740723,10.785353340720246,3.1596525855502993
jacquelinehe/tinycomma-1.8b-llama3-tokenizer,bookmia100.22.073,attack_train,lord of the flies,56,249,161.63517081427563,0.6491372321858458,2.6226372718811035,4.04018925713115,2.8863423359692075
jacquelinehe/tinycomma-1.8b-llama3-tokenizer,bookmia100.22.074,attack_train,lord of the flies,67,243,169.4399520191364,0.6972837531651703,2.1733656883239747,3.116902808158725,2.5289545077483044
jacquelinehe/tinycomma-1.8b-llama3-tokenizer,bookmia100.22.075,attack_train,lord of the flies,69,248,182.1765884088818,0.7345830177777491,2.6100908279418946,3.5531597719722776,2.6402404117229246
jacquelinehe/tinycomma-1.8b-llama3-tokenizer,bookmia100.22.076,attack_train,lord of the flies,58,247,193.89859498629812,0.7850145546003973,7.12111759185791,9.071319187811536,3.3430792239016918
jacquelinehe/tinycomma-1.8b-llama3-tokenizer,bookmia100.22.077,attack_train,lord of the flies,62,244,186.1886621300946,0.7630682874184205,4.028557141621907,5.279418903976664,3.003042937582171
jacquelinehe/tinycomma-1.8b-llama3-tokenizer,bookmia100.22.078,attack_train,lord of the flies,66,248,204.40223359363154,0.8242025548130304,3.1206966400146485,3.7863224540993756,3.0970035392974475
jacquelinehe/tinycomma-1.8b-llama3-tokenizer,bookmia100.22.079,attack_train,lord of the flies,66,246,178.36289556970587,0.7250524210150645,5.110713958740234,7.0487509738748235,2.7024681146925134
jacquelinehe/tinycomma-1.8b-llama3-tokenizer,bookmia100.22.080,attack_train,lord of the flies,56,246,202.274776680395,0.8222551897577033,6.426987648010254,7.816293199565108,3.6120495835784823
jacquelinehe/tinycomma-1.8b-llama3-tokenizer,bookmia100.22.081,attack_train,lord of the flies,53,244,222.74528117477894,0.9128904966179465,7.133075714111328,7.813725458352087,4.202741154241112
jacquelinehe/tinycomma-1.8b-llama3-tokenizer,bookmia100.22.082,attack_train,lord of the flies,56,245,191.00239737820812,0.7796016219518699,4.328916549682617,5.552729019270654,3.4107570960394304
jacquelinehe/tinycomma-1.8b-llama3-tokenizer,bookmia100.22.083,attack_train,lord of the flies,60,245,192.9598316552583,0.7875911496132992,16.51008415222168,20.962759879066688,3.2159971942543053
jacquelinehe/tinycomma-1.8b-llama3-tokenizer,bookmia100.22.084,attack_train,lord of the flies,68,249,177.37145336112007,0.7123351540607232,15.764863014221191,22.131243873550723,2.6084037258988246
jacquelinehe/tinycomma-1.8b-llama3-tokenizer,bookmia100.22.085,attack_train,lord of the flies,55,245,197.56074220547453,0.8063703763488757,2.103969029017857,2.6091844278113414,3.5920134946449913
jacquelinehe/tinycomma-1.8b-llama3-tokenizer,bookmia100.22.086,attack_train,lord of the flies,54,248,207.6290159416385,0.8372137739582197,3.84931214650472,4.597764951125632,3.844981776697009
jacquelinehe/tinycomma-1.8b-llama3-tokenizer,bookmia100.22.087,attack_train,lord of the flies,58,249,198.85275006201118,0.7986054219357879,15.228102684020996,19.06836876602801,3.428495690724331
jacquelinehe/tinycomma-1.8b-llama3-tokenizer,bookmia100.22.088,attack_train,lord of the flies,48,248,236.7599987462163,0.9546774142992592,4.815690994262695,5.0443122693935845,4.932499973879506
jacquelinehe/tinycomma-1.8b-llama3-tokenizer,bookmia100.22.089,attack_train,lord of the flies,71,248,221.18903599400073,0.8918912741693578,4.623842239379883,5.184311556009101,3.115338535126771
jacquelinehe/tinycomma-1.8b-llama3-tokenizer,bookmia100.22.090,attack_train,lord of the flies,61,248,181.839799313806,0.7332249972330886,8.514883041381836,11.612919736116138,2.9809803166197706
jacquelinehe/tinycomma-1.8b-llama3-tokenizer,bookmia100.22.091,attack_train,lord of the flies,69,247,205.22322550450917,0.830863261151859,3.862442970275879,4.648710745642092,2.9742496449928866
jacquelinehe/tinycomma-1.8b-llama3-tokenizer,bookmia100.22.092,attack_train,lord of the flies,69,243,203.5564638983924,0.8376809213925613,4.112542788187663,4.909438287493726,2.950093679686846
jacquelinehe/tinycomma-1.8b-llama3-tokenizer,bookmia100.22.093,attack_train,lord of the flies,52,248,196.87949420884252,0.7938689282614617,3.28839373588562,4.142237614825231,3.7861441194008174
jacquelinehe/tinycomma-1.8b-llama3-tokenizer,bookmia100.22.094,attack_train,lord of the flies,61,247,192.74853755545337,0.7803584516415116,4.797106107076009,6.147311017116719,3.159812091073006
jacquelinehe/tinycomma-1.8b-llama3-tokenizer,bookmia100.22.095,attack_train,lord of the flies,54,249,228.40308189962525,0.9172814534121496,3.5540210723876955,3.8745153509506483,4.229686701844912
jacquelinehe/tinycomma-1.8b-llama3-tokenizer,bookmia100.22.096,attack_train,lord of the flies,64,248,208.81065085565206,0.8419784308695647,14.641878128051758,17.38984942040636,3.2626664196195634
jacquelinehe/tinycomma-1.8b-llama3-tokenizer,bookmia100.22.097,attack_train,lord of the flies,55,249,166.1216928823851,0.6671553931019482,3.422166188557943,5.129488907593978,3.0203944160433656
jacquelinehe/tinycomma-1.8b-llama3-tokenizer,bookmia100.22.098,attack_train,lord of the flies,55,243,161.62493590055965,0.6651231930064183,4.846767743428548,7.287022606324566,2.9386351981919936
jacquelinehe/tinycomma-1.8b-llama3-tokenizer,bookmia100.22.099,attack_train,lord of the flies,59,249,203.80638508521952,0.8184995384948575,2.8632007598876954,3.4981091927710164,3.454345509918975
jacquelinehe/tinycomma-1.8b-llama3-tokenizer,bookmia100.23.000,attack_train,"moby dick; or, the whale",57,247,192.39723967599275,0.7789361930202136,2.9175479412078857,3.745554472049259,3.375390169754259
jacquelinehe/tinycomma-1.8b-llama3-tokenizer,bookmia100.23.001,attack_train,"moby dick; or, the whale",58,248,157.23069356480846,0.6339947321161632,5.047974904378255,7.962171684816687,2.7108740269794565
jacquelinehe/tinycomma-1.8b-llama3-tokenizer,bookmia100.23.002,attack_train,"moby dick; or, the whale",54,236,190.9193970412016,0.8089804959372949,5.851613521575928,7.233318418630322,3.5355443896518812
jacquelinehe/tinycomma-1.8b-llama3-tokenizer,bookmia100.23.003,attack_train,"moby dick; or, the whale",56,247,220.40803913772106,0.8923402394239719,1.4374321699142456,1.6108566064914256,3.935857841745019
jacquelinehe/tinycomma-1.8b-llama3-tokenizer,bookmia100.23.004,attack_train,"moby dick; or, the whale",59,248,182.4016090221703,0.7354903589603642,3.669316530227661,4.988938992231442,3.091552695291022
jacquelinehe/tinycomma-1.8b-llama3-tokenizer,bookmia100.23.005,attack_train,"moby dick; or, the whale",51,245,174.37492048018612,0.7117343693068822,3.3469598293304443,4.702540686056596,3.4191160878467866
jacquelinehe/tinycomma-1.8b-llama3-tokenizer,bookmia100.23.006,attack_train,"moby dick; or, the whale",64,249,275.19740336202085,1.10521045526916,7.053379535675049,6.381933415529704,4.299959427531576
jacquelinehe/tinycomma-1.8b-llama3-tokenizer,bookmia100.23.007,attack_train,"moby dick; or, the whale",61,247,210.12916188908275,0.850725351777663,1.3911482095718384,1.6352495040437152,3.4447403588374224
jacquelinehe/tinycomma-1.8b-llama3-tokenizer,bookmia100.23.008,attack_train,"moby dick; or, the whale",54,245,189.40785662969574,0.773093292366105,6.662014961242676,8.61734932514176,3.5075529005499213
jacquelinehe/tinycomma-1.8b-llama3-tokenizer,bookmia100.23.009,attack_train,"moby dick; or, the whale",58,249,192.37017388863023,0.7725709794724106,4.853321552276611,6.282039684678486,3.316727136010866
jacquelinehe/tinycomma-1.8b-llama3-tokenizer,bookmia100.23.010,attack_train,"moby dick; or, the whale",65,249,295.5390913784504,1.1869039814395599,4.296621004740397,3.6200240895048275,4.54675525197616
jacquelinehe/tinycomma-1.8b-llama3-tokenizer,bookmia100.23.011,attack_train,"moby dick; or, the whale",59,248,221.7475865688175,0.8941434942291028,3.1613430976867676,3.535610467548455,3.7584336706579236
jacquelinehe/tinycomma-1.8b-llama3-tokenizer,bookmia100.23.012,attack_train,"moby dick; or, the whale",61,249,192.98219608099316,0.7750288999236673,2.828587055206299,3.649653652250757,3.163642558704806
jacquelinehe/tinycomma-1.8b-llama3-tokenizer,bookmia100.23.013,attack_train,"moby dick; or, the whale",53,244,188.75020559347467,0.7735664163666995,5.359479904174805,6.928273760057094,3.5613246338391447
jacquelinehe/tinycomma-1.8b-llama3-tokenizer,bookmia100.23.014,attack_train,"moby dick; or, the whale",61,247,180.2142140492797,0.7296122026286627,6.134777545928955,8.408271577457786,2.954331377857044
jacquelinehe/tinycomma-1.8b-llama3-tokenizer,bookmia100.23.015,attack_train,"moby dick; or, the whale",61,242,185.11438324389746,0.7649354679499896,5.16126823425293,6.747325036561603,3.0346620203917616
jacquelinehe/tinycomma-1.8b-llama3-tokenizer,bookmia100.23.016,attack_train,"moby dick; or, the whale",65,248,262.08349624462426,1.0567882913089688,5.593282699584961,5.292718272509395,4.0320537883788345
jacquelinehe/tinycomma-1.8b-llama3-tokenizer,bookmia100.23.017,attack_train,"moby dick; or, the whale",52,248,255.31493795476854,1.0294957175595505,1.7011642456054688,1.652424790690852,4.909902652976318
jacquelinehe/tinycomma-1.8b-llama3-tokenizer,bookmia100.23.018,attack_train,"moby dick; or, the whale",63,243,183.03319164723507,0.7532230108939715,3.06852650642395,4.073861873632929,2.9052887563053185
jacquelinehe/tinycomma-1.8b-llama3-tokenizer,bookmia100.23.019,attack_train,"moby dick; or, the whale",65,248,237.5623685498722,0.957912776410775,6.339656829833984,6.61819842677972,3.6548056699980336
jacquelinehe/tinycomma-1.8b-llama3-tokenizer,bookmia100.23.020,attack_train,"moby dick; or, the whale",63,246,251.0778289656737,1.0206415811612752,7.133137226104736,6.988875779476599,3.985362364534503
jacquelinehe/tinycomma-1.8b-llama3-tokenizer,bookmia100.23.021,attack_train,"moby dick; or, the whale",66,244,198.4532067818218,0.8133328146795975,15.277410507202148,18.783713421449125,3.006866769421542
jacquelinehe/tinycomma-1.8b-llama3-tokenizer,bookmia100.23.022,attack_train,"moby dick; or, the whale",57,245,161.77189984964207,0.6602934687740493,4.64498241742452,7.034724159923534,2.8381035061340714
jacquelinehe/tinycomma-1.8b-llama3-tokenizer,bookmia100.23.023,attack_train,"moby dick; or, the whale",69,247,231.6165765587939,0.9377189334364125,5.825815200805664,6.212752023099379,3.356761979112955
jacquelinehe/tinycomma-1.8b-llama3-tokenizer,bookmia100.23.024,attack_train,"moby dick; or, the whale",57,244,225.05083307251334,0.9223394798053826,4.96949831644694,5.387927574666461,3.9482602293423392
jacquelinehe/tinycomma-1.8b-llama3-tokenizer,bookmia100.23.025,attack_train,"moby dick; or, the whale",59,243,228.62052903033327,0.9408252223470505,4.8453874588012695,5.1501462160140825,3.8749242208531065
jacquelinehe/tinycomma-1.8b-llama3-tokenizer,bookmia100.23.026,attack_train,"moby dick; or, the whale",62,248,195.78482381126378,0.7894549347228378,4.173458099365234,5.286505810278396,3.157819738891351
jacquelinehe/tinycomma-1.8b-llama3-tokenizer,bookmia100.23.027,attack_train,"moby dick; or, the whale",52,248,201.5386924194172,0.8126560178202307,2.7380709648132324,3.369286518246059,3.8757440849887925
jacquelinehe/tinycomma-1.8b-llama3-tokenizer,bookmia100.23.028,attack_train,"moby dick; or, the whale",59,247,178.28117882600054,0.7217861490931196,3.316267649332682,4.594529354019014,3.021714895355941
jacquelinehe/tinycomma-1.8b-llama3-tokenizer,bookmia100.23.029,attack_train,"moby dick; or, the whale",49,246,156.4367766166106,0.6359218561650837,1.3487635718451605,2.120958037169625,3.192587277890012
jacquelinehe/tinycomma-1.8b-llama3-tokenizer,bookmia100.23.030,attack_train,"moby dick; or, the whale",61,247,205.68006565101678,0.8327128164008777,4.1751627922058105,5.013928823927022,3.371804354934701
jacquelinehe/tinycomma-1.8b-llama3-tokenizer,bookmia100.23.031,attack_train,"moby dick; or, the whale",59,249,195.13821286335588,0.783687601860867,5.09544308980306,6.501880440246758,3.3074273366670486
jacquelinehe/tinycomma-1.8b-llama3-tokenizer,bookmia100.23.032,attack_train,"moby dick; or, the whale",68,243,245.33733979659155,1.0096186822905002,2.712641716003418,2.686798257188849,3.607902055832229
jacquelinehe/tinycomma-1.8b-llama3-tokenizer,bookmia100.23.033,attack_train,"moby dick; or, the whale",57,249,216.24583857972175,0.8684571830510913,15.510303497314453,17.859606437732673,3.7937866417495045
jacquelinehe/tinycomma-1.8b-llama3-tokenizer,bookmia100.23.034,attack_train,"moby dick; or, the whale",55,248,206.49702857621014,0.8326493087750408,3.3876819610595703,4.068557945533382,3.7544914286583664
jacquelinehe/tinycomma-1.8b-llama3-tokenizer,bookmia100.23.035,attack_train,"moby dick; or, the whale",62,246,237.23197309917305,0.9643576142242807,2.7502028147379556,2.8518495360771228,3.8263221467608557
jacquelinehe/tinycomma-1.8b-llama3-tokenizer,bookmia100.23.036,attack_train,"moby dick; or, the whale",57,248,203.68022333737463,0.8212912231345751,4.150350570678711,5.053445664302007,3.5733372515328883
jacquelinehe/tinycomma-1.8b-llama3-tokenizer,bookmia100.23.037,attack_train,"moby dick; or, the whale",57,245,182.23466150462627,0.743814944916842,2.9923408031463623,4.022964076744793,3.1970993246425663
jacquelinehe/tinycomma-1.8b-llama3-tokenizer,bookmia100.23.038,attack_train,"moby dick; or, the whale",60,245,150.76565721537918,0.6153700294505272,3.733778953552246,6.06753461309481,2.512760953589653
jacquelinehe/tinycomma-1.8b-llama3-tokenizer,bookmia100.23.039,attack_train,"moby dick; or, the whale",62,245,184.65662948600948,0.7537005285143245,4.237668991088867,5.62248377275528,2.9783327336453143
jacquelinehe/tinycomma-1.8b-llama3-tokenizer,bookmia100.23.040,attack_train,"moby dick; or, the whale",48,243,173.71083957044175,0.7148594221005833,5.672201156616211,7.9347085332507685,3.618975824384203
jacquelinehe/tinycomma-1.8b-llama3-tokenizer,bookmia100.23.041,attack_train,"moby dick; or, the whale",64,249,219.42189572536154,0.881212432631974,7.590187072753906,8.613345422378806,3.428467120708774
jacquelinehe/tinycomma-1.8b-llama3-tokenizer,bookmia100.23.042,attack_train,"moby dick; or, the whale",59,247,200.09749232116155,0.8101113049439739,16.622167587280273,20.518375050240582,3.3914829206976536
jacquelinehe/tinycomma-1.8b-llama3-tokenizer,bookmia100.23.043,attack_train,"moby dick; or, the whale",60,247,170.15563921176363,0.6888892275779904,6.89650821685791,10.011055392903707,2.8359273201960606
jacquelinehe/tinycomma-1.8b-llama3-tokenizer,bookmia100.23.044,attack_train,"moby dick; or, the whale",53,248,177.45469266176224,0.715543115571622,7.161357879638672,10.008282832709133,3.3482017483351365
jacquelinehe/tinycomma-1.8b-llama3-tokenizer,bookmia100.23.045,attack_train,"moby dick; or, the whale",55,249,173.90297778695822,0.6984055332809567,4.022891044616699,5.760107635055575,3.1618723233992405
jacquelinehe/tinycomma-1.8b-llama3-tokenizer,bookmia100.23.046,attack_train,"moby dick; or, the whale",65,248,219.67630496138008,0.8857915522636294,5.468212763468425,6.173250071638722,3.379635460944309
jacquelinehe/tinycomma-1.8b-llama3-tokenizer,bookmia100.23.047,attack_train,"moby dick; or, the whale",60,249,255.1708699092269,1.0247826100772164,4.950661023457845,4.830937776241946,4.252847831820448
jacquelinehe/tinycomma-1.8b-llama3-tokenizer,bookmia100.23.048,attack_train,"moby dick; or, the whale",68,248,228.88582489266992,0.9229267132768948,3.307381820678711,3.5835801186593637,3.3659680131274987
jacquelinehe/tinycomma-1.8b-llama3-tokenizer,bookmia100.23.049,attack_train,"moby dick; or, the whale",63,247,262.9490600414574,1.0645710932852528,1.534480094909668,1.441406876993327,4.173794603832658
jacquelinehe/tinycomma-1.8b-llama3-tokenizer,bookmia100.23.050,attack_train,"moby dick; or, the whale",69,246,314.1090710526332,1.2768661424903789,3.158079655965169,2.4733051890668056,4.5523053775743945
jacquelinehe/tinycomma-1.8b-llama3-tokenizer,bookmia100.23.051,attack_train,"moby dick; or, the whale",57,247,263.13867038907483,1.065338746514473,3.0848888397216796,2.895688202287469,4.616467901562716
jacquelinehe/tinycomma-1.8b-llama3-tokenizer,bookmia100.23.052,attack_train,"moby dick; or, the whale",59,248,198.49698793701828,0.8003910803912028,12.872350692749023,16.082576390603297,3.3643557277460725
jacquelinehe/tinycomma-1.8b-llama3-tokenizer,bookmia100.23.053,attack_train,"moby dick; or, the whale",60,247,234.54923900487483,0.9495920607484811,2.5121339162190757,2.6454874888475564,3.9091539834145808
jacquelinehe/tinycomma-1.8b-llama3-tokenizer,bookmia100.23.054,attack_train,"moby dick; or, the whale",59,240,209.7590612047352,0.8739960883530633,7.081280708312988,8.102188102073523,3.555238325503986
jacquelinehe/tinycomma-1.8b-llama3-tokenizer,bookmia100.23.055,attack_train,"moby dick; or, the whale",59,244,210.2509780311957,0.861684336193425,5.112851460774739,5.933555068856493,3.5635758988338253
jacquelinehe/tinycomma-1.8b-llama3-tokenizer,bookmia100.23.056,attack_train,"moby dick; or, the whale",56,246,190.98257485032082,0.776351930285857,4.596363067626953,5.920463243949876,3.4104031223271574
jacquelinehe/tinycomma-1.8b-llama3-tokenizer,bookmia100.23.057,attack_train,"moby dick; or, the whale",49,248,157.45937808183953,0.6349168471041916,2.9725584983825684,4.681807565731144,3.2134566955477455
jacquelinehe/tinycomma-1.8b-llama3-tokenizer,bookmia100.23.058,attack_train,"moby dick; or, the whale",50,247,244.3575780466199,0.9893019354114165,6.3062178293863935,6.374411697439827,4.887151560932398
jacquelinehe/tinycomma-1.8b-llama3-tokenizer,bookmia100.23.059,attack_train,"moby dick; or, the whale",63,246,233.0093501971569,0.9471924804762475,3.6427948474884033,3.845886578044633,3.6985611142405856
jacquelinehe/tinycomma-1.8b-llama3-tokenizer,bookmia100.23.060,attack_train,"moby dick; or, the whale",64,247,257.1357405781746,1.0410353869561724,1.5706661224365235,1.5087538253900379,4.017745946533978
jacquelinehe/tinycomma-1.8b-llama3-tokenizer,bookmia100.23.061,attack_train,"moby dick; or, the whale",59,246,224.63719305582345,0.913159321365136,4.272695064544678,4.679024749106402,3.807410051793618
jacquelinehe/tinycomma-1.8b-llama3-tokenizer,bookmia100.23.062,attack_train,"moby dick; or, the whale",60,248,241.03450452443212,0.9719133246952908,3.5572535196940103,3.6600522179375017,4.017241742073868
jacquelinehe/tinycomma-1.8b-llama3-tokenizer,bookmia100.23.063,attack_train,"moby dick; or, the whale",63,249,174.5361681615468,0.7009484665122362,4.063763618469238,5.797521233892732,2.7704153676436003
jacquelinehe/tinycomma-1.8b-llama3-tokenizer,bookmia100.23.064,attack_train,"moby dick; or, the whale",52,238,153.61253804666921,0.6454308321288622,5.493371963500977,8.511170663139637,2.9540872701282543
jacquelinehe/tinycomma-1.8b-llama3-tokenizer,bookmia100.23.065,attack_train,"moby dick; or, the whale",56,246,243.8989271284081,0.9914590533675126,3.8231093883514404,3.8560436513905088,4.355337984435859
jacquelinehe/tinycomma-1.8b-llama3-tokenizer,bookmia100.23.066,attack_train,"moby dick; or, the whale",53,245,208.18211179599166,0.8497229052897619,2.9855434894561768,3.513549500514034,3.9279643735092766
jacquelinehe/tinycomma-1.8b-llama3-tokenizer,bookmia100.23.067,attack_train,"moby dick; or, the whale",68,246,213.41678712549037,0.8675479151442698,6.053530216217041,6.977747408003814,3.1384821636101528
jacquelinehe/tinycomma-1.8b-llama3-tokenizer,bookmia100.23.068,attack_train,"moby dick; or, the whale",57,247,189.65526478365064,0.7678350800957515,5.42071008682251,7.059732261967674,3.32728534708159
jacquelinehe/tinycomma-1.8b-llama3-tokenizer,bookmia100.23.069,attack_train,"moby dick; or, the whale",66,248,213.1978809661232,0.8596688748633999,2.8592467308044434,3.32598610279891,3.2302709237291394
jacquelinehe/tinycomma-1.8b-llama3-tokenizer,bookmia100.23.070,attack_train,"moby dick; or, the whale",56,237,171.66241611982696,0.7243139920667804,2.875645637512207,3.9701644162730436,3.065400287854053
jacquelinehe/tinycomma-1.8b-llama3-tokenizer,bookmia100.23.071,attack_train,"moby dick; or, the whale",50,245,169.29096580296755,0.6909835338896635,3.189931869506836,4.616509240893438,3.385819316059351
jacquelinehe/tinycomma-1.8b-llama3-tokenizer,bookmia100.23.072,attack_train,"moby dick; or, the whale",64,247,247.28645851556212,1.0011597510751502,7.791885852813721,7.782859672940285,3.863850914305658
jacquelinehe/tinycomma-1.8b-llama3-tokenizer,bookmia100.23.073,attack_train,"moby dick; or, the whale",54,243,171.95837055146694,0.7076476154381356,15.702588081359863,22.18984101520317,3.18441426947161
jacquelinehe/tinycomma-1.8b-llama3-tokenizer,bookmia100.23.074,attack_train,"moby dick; or, the whale",55,249,198.83464350178838,0.7985327048264593,5.904092311859131,7.393676271709165,3.6151753363961525
jacquelinehe/tinycomma-1.8b-llama3-tokenizer,bookmia100.23.075,attack_train,"moby dick; or, the whale",51,249,176.79481102526188,0.7100193213865938,5.4099165598551435,7.619393440294187,3.4665649220639585
jacquelinehe/tinycomma-1.8b-llama3-tokenizer,bookmia100.23.076,attack_train,"moby dick; or, the whale",56,248,204.59122594585642,0.824964620749421,4.3479054768880205,5.270414472972503,3.6534147490331503
jacquelinehe/tinycomma-1.8b-llama3-tokenizer,bookmia100.23.077,attack_train,"moby dick; or, the whale",55,242,158.20461339323083,0.6537380718728547,4.839284261067708,7.402481925527046,2.8764475162405607
jacquelinehe/tinycomma-1.8b-llama3-tokenizer,bookmia100.23.078,attack_train,"moby dick; or, the whale",61,245,220.9778557146201,0.9019504314882453,15.085111618041992,16.724989635130065,3.622587798600329
jacquelinehe/tinycomma-1.8b-llama3-tokenizer,bookmia100.23.079,attack_train,"moby dick; or, the whale",65,246,248.05744071863592,1.0083635801570565,13.396519660949707,13.28540610209578,3.8162683187482447
jacquelinehe/tinycomma-1.8b-llama3-tokenizer,bookmia100.23.080,attack_train,"moby dick; or, the whale",49,246,195.85061724949628,0.7961407205264076,4.671349843343099,5.867492671715631,3.9969513724386996
jacquelinehe/tinycomma-1.8b-llama3-tokenizer,bookmia100.23.081,attack_train,"moby dick; or, the whale",48,244,145.6885770484805,0.5970843321659037,2.7071428298950195,4.533937140964574,3.0351786885100105
jacquelinehe/tinycomma-1.8b-llama3-tokenizer,bookmia100.23.082,attack_train,"moby dick; or, the whale",51,245,163.79839644115418,0.6685648834332824,5.47618293762207,8.19095210250981,3.2117332635520426
jacquelinehe/tinycomma-1.8b-llama3-tokenizer,bookmia100.23.083,attack_train,"moby dick; or, the whale",51,246,206.53477756981738,0.8395722665439731,7.113070487976074,8.472255184483899,4.049701520976812
jacquelinehe/tinycomma-1.8b-llama3-tokenizer,bookmia100.23.084,attack_train,"moby dick; or, the whale",58,249,173.9350154963322,0.6985341987804506,3.9930604298909507,5.716342072961226,2.998879577522969
jacquelinehe/tinycomma-1.8b-llama3-tokenizer,bookmia100.23.085,attack_train,"moby dick; or, the whale",70,243,277.50988843664527,1.142016001796894,3.788114865620931,3.317041845000909,3.964426977666361
jacquelinehe/tinycomma-1.8b-llama3-tokenizer,bookmia100.23.086,attack_train,"moby dick; or, the whale",57,245,227.91057120426558,0.9302472294051656,5.069195747375488,5.449299484199399,3.998431073759045
jacquelinehe/tinycomma-1.8b-llama3-tokenizer,bookmia100.23.087,attack_train,"moby dick; or, the whale",60,249,246.50474465615116,0.9899788942014103,5.692684173583984,5.750308624686511,4.108412410935853
jacquelinehe/tinycomma-1.8b-llama3-tokenizer,bookmia100.23.088,attack_train,"moby dick; or, the whale",60,246,197.17072256778556,0.8015070023080714,4.444517771402995,5.545201425070866,3.2861787094630928
jacquelinehe/tinycomma-1.8b-llama3-tokenizer,bookmia100.23.089,attack_train,"moby dick; or, the whale",58,241,235.66288958117366,0.9778543136148284,8.52132797241211,8.714312401927609,4.063153268640925
jacquelinehe/tinycomma-1.8b-llama3-tokenizer,bookmia100.23.090,attack_train,"moby dick; or, the whale",56,244,242.6820211764425,0.9945984474444365,11.863859176635742,11.928290464477646,4.3336075210079015
jacquelinehe/tinycomma-1.8b-llama3-tokenizer,bookmia100.23.091,attack_train,"moby dick; or, the whale",64,245,276.17039112746716,1.1272260862345598,3.1616893768310548,2.8048404977855985,4.315162361366674
jacquelinehe/tinycomma-1.8b-llama3-tokenizer,bookmia100.23.092,attack_train,"moby dick; or, the whale",56,244,190.48958581336774,0.7806950238252777,1.7952666963849748,2.2995749192667607,3.401599746667281
jacquelinehe/tinycomma-1.8b-llama3-tokenizer,bookmia100.23.093,attack_train,"moby dick; or, the whale",58,240,135.65196810651105,0.5652165337771293,1.387243429819743,2.4543574841120046,2.338827036319156
jacquelinehe/tinycomma-1.8b-llama3-tokenizer,bookmia100.23.094,attack_train,"moby dick; or, the whale",56,245,187.0807158340176,0.7635947585061943,2.3111335754394533,3.0266493446873306,3.3407270684646
jacquelinehe/tinycomma-1.8b-llama3-tokenizer,bookmia100.23.095,attack_train,"moby dick; or, the whale",59,247,188.45725635648705,0.7629848435485306,9.031501770019531,11.837065764000425,3.1941907857031704
jacquelinehe/tinycomma-1.8b-llama3-tokenizer,bookmia100.23.096,attack_train,"moby dick; or, the whale",70,245,270.2584132310003,1.1030955642081646,3.4570834636688232,3.133983650954505,3.8608344747285757
jacquelinehe/tinycomma-1.8b-llama3-tokenizer,bookmia100.23.097,attack_train,"moby dick; or, the whale",64,249,192.46684031933546,0.7729591980696203,3.703470230102539,4.791288129246077,3.0072943799896166
jacquelinehe/tinycomma-1.8b-llama3-tokenizer,bookmia100.23.098,attack_train,"moby dick; or, the whale",54,247,172.14793888494023,0.6969552181576527,9.401310920715332,13.489117630207248,3.1879247941655597
jacquelinehe/tinycomma-1.8b-llama3-tokenizer,bookmia100.23.099,attack_train,"moby dick; or, the whale",52,238,220.69530879333615,0.9272912134173787,6.044378757476807,6.518317730199606,4.244140553718003
jacquelinehe/tinycomma-1.8b-llama3-tokenizer,bookmia100.28.000,attack_train,the scarlet letter,73,246,233.17508424329571,0.9478661961109582,6.139451026916504,6.477128366963952,3.1941792362095303
jacquelinehe/tinycomma-1.8b-llama3-tokenizer,bookmia100.28.001,attack_train,the scarlet letter,55,249,191.80558827961795,0.7703035673880239,3.63527512550354,4.7192759834024605,3.48737433235669
jacquelinehe/tinycomma-1.8b-llama3-tokenizer,bookmia100.28.002,attack_train,the scarlet letter,75,243,281.4945018770668,1.1584135879714683,14.321415901184082,12.362955726600832,3.7532600250275574
jacquelinehe/tinycomma-1.8b-llama3-tokenizer,bookmia100.28.003,attack_train,the scarlet letter,85,249,272.4322168419603,1.0941052885219291,4.730950673421224,4.32403601650848,3.2050849040230625
jacquelinehe/tinycomma-1.8b-llama3-tokenizer,bookmia100.28.004,attack_train,the scarlet letter,78,247,280.9414464691654,1.1374147630330582,4.696327845255534,4.128949260982151,3.601813416271351
jacquelinehe/tinycomma-1.8b-llama3-tokenizer,bookmia100.28.005,attack_train,the scarlet letter,75,246,285.6091852058016,1.1610129479910636,9.495443344116211,8.178585226414976,3.808122469410688
jacquelinehe/tinycomma-1.8b-llama3-tokenizer,bookmia100.28.006,attack_train,the scarlet letter,67,240,238.04552079271525,0.9918563366363136,6.222727298736572,6.273819170062201,3.5529182207867946
jacquelinehe/tinycomma-1.8b-llama3-tokenizer,bookmia100.28.007,attack_train,the scarlet letter,81,245,257.54160905152094,1.051190241026616,4.780363082885742,4.5475717870222345,3.179526037673098
jacquelinehe/tinycomma-1.8b-llama3-tokenizer,bookmia100.28.008,attack_train,the scarlet letter,58,248,137.6622308831429,0.5550896406578343,3.9507298469543457,7.117282610917316,2.373486739364533
jacquelinehe/tinycomma-1.8b-llama3-tokenizer,bookmia100.28.009,attack_train,the scarlet letter,53,249,252.79101009201258,1.0152249401285647,16.677427291870117,16.42732229347926,4.769641699849294
jacquelinehe/tinycomma-1.8b-llama3-tokenizer,bookmia100.28.010,attack_train,the scarlet letter,83,247,270.8960361517966,1.096745085634804,4.239378929138184,3.8654186689921666,3.2638076644794767
jacquelinehe/tinycomma-1.8b-llama3-tokenizer,bookmia100.28.011,attack_train,the scarlet letter,70,244,235.3136972701177,0.9644003986480234,5.368483225504558,5.566653884662992,3.361624246715967
jacquelinehe/tinycomma-1.8b-llama3-tokenizer,bookmia100.28.012,attack_train,the scarlet letter,63,248,214.39708144729957,0.864504360674595,2.1668004989624023,2.5064078303452306,3.403128276941263
jacquelinehe/tinycomma-1.8b-llama3-tokenizer,bookmia100.28.014,attack_train,the scarlet letter,82,245,264.49992060288787,1.0795915126648485,4.7079728444417315,4.360883527900879,3.225608787840096
jacquelinehe/tinycomma-1.8b-llama3-tokenizer,bookmia100.28.015,attack_train,the scarlet letter,53,245,123.36266460362822,0.5035210800148091,2.9751941680908205,5.908777777493083,2.3275974453514756
jacquelinehe/tinycomma-1.8b-llama3-tokenizer,bookmia100.28.016,attack_train,the scarlet letter,78,249,241.2392309429124,0.9688322527827807,4.09792963663737,4.229761782668641,3.0928106531142614
jacquelinehe/tinycomma-1.8b-llama3-tokenizer,bookmia100.28.017,attack_train,the scarlet letter,76,249,200.81538856915722,0.8064875042938041,7.094731330871582,8.797075333589998,2.642307744331016
jacquelinehe/tinycomma-1.8b-llama3-tokenizer,bookmia100.28.018,attack_train,the scarlet letter,75,245,247.4821639280999,1.0101312813391834,4.258001327514648,4.215294988062933,3.2997621857079986
jacquelinehe/tinycomma-1.8b-llama3-tokenizer,bookmia100.28.019,attack_train,the scarlet letter,57,248,159.19467153132427,0.6419139981101786,5.936497211456299,9.248119263536225,2.792888974233759
jacquelinehe/tinycomma-1.8b-llama3-tokenizer,bookmia100.28.020,attack_train,the scarlet letter,57,236,178.01803867518902,0.7543137231999535,2.9978235244750975,3.9742396727951803,3.1231234855296317
jacquelinehe/tinycomma-1.8b-llama3-tokenizer,bookmia100.28.021,attack_train,the scarlet letter,90,246,247.52798211757909,1.0062113094210532,4.179686546325684,4.153885478320217,2.7503109124175453
jacquelinehe/tinycomma-1.8b-llama3-tokenizer,bookmia100.28.022,attack_train,the scarlet letter,51,247,186.61830043280497,0.7555396778656072,2.949671745300293,3.9040593521614766,3.6591823614275483
jacquelinehe/tinycomma-1.8b-llama3-tokenizer,bookmia100.28.023,attack_train,the scarlet letter,72,246,268.85107595846057,1.092890552676669,5.576005935668945,5.102071677728743,3.734042721645286
jacquelinehe/tinycomma-1.8b-llama3-tokenizer,bookmia100.28.024,attack_train,the scarlet letter,67,245,217.76985668379348,0.8888565578930346,9.705347061157227,10.918912590534289,3.250296368414828
jacquelinehe/tinycomma-1.8b-llama3-tokenizer,bookmia100.28.025,attack_train,the scarlet letter,81,247,274.777244345285,1.1124584791307084,8.08820629119873,7.270569142966105,3.3923116585837656
jacquelinehe/tinycomma-1.8b-llama3-tokenizer,bookmia100.28.026,attack_train,the scarlet letter,72,246,223.79374692589045,0.9097306785605302,4.0865478515625,4.492041378695349,3.108246485081812
jacquelinehe/tinycomma-1.8b-llama3-tokenizer,bookmia100.28.027,attack_train,the scarlet letter,52,242,150.4733638783364,0.6217907598278363,2.5312068939208983,4.0708338840894776,2.8937185361218534
jacquelinehe/tinycomma-1.8b-llama3-tokenizer,bookmia100.28.028,attack_train,the scarlet letter,58,247,204.19557585698203,0.8267027362630851,2.288580152723524,2.7683229440711803,3.520613376844518
jacquelinehe/tinycomma-1.8b-llama3-tokenizer,bookmia100.28.029,attack_train,the scarlet letter,54,246,206.27907513687387,0.8385328257596499,4.179813385009766,4.98467472781779,3.8199828729050718
jacquelinehe/tinycomma-1.8b-llama3-tokenizer,bookmia100.28.030,attack_train,the scarlet letter,53,248,198.1605559103191,0.7990344996383835,7.029727458953857,8.797777144960923,3.738878413402247
jacquelinehe/tinycomma-1.8b-llama3-tokenizer,bookmia100.28.031,attack_train,the scarlet letter,77,246,248.79840325564146,1.0113756229904125,5.355521202087402,5.295284047139992,3.23114809422911
jacquelinehe/tinycomma-1.8b-llama3-tokenizer,bookmia100.28.032,attack_train,the scarlet letter,67,241,255.22429188201204,1.0590219580166476,4.488895098368327,4.2387176813360865,3.809317789283762
jacquelinehe/tinycomma-1.8b-llama3-tokenizer,bookmia100.28.033,attack_train,the scarlet letter,77,245,260.12386584027445,1.0617300646541814,3.833223342895508,3.6103558432660905,3.378232023899668
jacquelinehe/tinycomma-1.8b-llama3-tokenizer,bookmia100.28.034,attack_train,the scarlet letter,83,240,247.39606368821114,1.030816932034213,5.418361663818359,5.256376273453105,2.9806754661230257
jacquelinehe/tinycomma-1.8b-llama3-tokenizer,bookmia100.28.035,attack_train,the scarlet letter,76,247,259.76979754376225,1.051699585197418,2.913960647583008,2.7707157905135227,3.4180236518916085
jacquelinehe/tinycomma-1.8b-llama3-tokenizer,bookmia100.28.036,attack_train,the scarlet letter,71,246,243.13513321056962,0.9883542000429659,3.905125300089518,3.9511394800768325,3.424438495923516
jacquelinehe/tinycomma-1.8b-llama3-tokenizer,bookmia100.28.037,attack_train,the scarlet letter,50,249,161.8319190684706,0.649927385817151,3.2084337870279946,4.936603468392156,3.2366383813694117
jacquelinehe/tinycomma-1.8b-llama3-tokenizer,bookmia100.28.038,attack_train,the scarlet letter,76,239,274.7508496151231,1.149585144833151,7.978598912556966,6.9404158086219585,3.615142758093725
jacquelinehe/tinycomma-1.8b-llama3-tokenizer,bookmia100.28.039,attack_train,the scarlet letter,82,245,248.20134290639544,1.0130667057403895,7.825798034667969,7.724859567809569,3.0268456451999444
jacquelinehe/tinycomma-1.8b-llama3-tokenizer,bookmia100.28.040,attack_train,the scarlet letter,58,248,172.7950924783945,0.6967544051548166,2.218975830078125,3.184731684021539,2.979225732386112
jacquelinehe/tinycomma-1.8b-llama3-tokenizer,bookmia100.28.041,attack_train,the scarlet letter,54,249,210.55055809020996,0.8455845706434135,6.54621696472168,7.741646657223889,3.8990844090779624
jacquelinehe/tinycomma-1.8b-llama3-tokenizer,bookmia100.28.042,attack_train,the scarlet letter,74,249,243.39271458773874,0.9774807814768623,2.7498735427856444,2.8132251752621653,3.289090737672145
jacquelinehe/tinycomma-1.8b-llama3-tokenizer,bookmia100.28.044,attack_train,the scarlet letter,52,240,122.99050461803563,0.5124604359084818,1.7309373617172241,3.3776995069846625,2.3652020118853008
jacquelinehe/tinycomma-1.8b-llama3-tokenizer,bookmia100.28.046,attack_train,the scarlet letter,68,240,257.17784013163146,1.0715743338817978,2.786776542663574,2.600637636185653,3.7820270607592863
jacquelinehe/tinycomma-1.8b-llama3-tokenizer,bookmia100.28.047,attack_train,the scarlet letter,62,248,260.49454977177083,1.050381249079721,3.009394645690918,2.865049855304979,4.201524996318884
jacquelinehe/tinycomma-1.8b-llama3-tokenizer,bookmia100.28.048,attack_train,the scarlet letter,52,246,162.3860302772373,0.6601058141351109,2.9483005523681642,4.466405974974043,3.1228082745622556
jacquelinehe/tinycomma-1.8b-llama3-tokenizer,bookmia100.28.049,attack_train,the scarlet letter,62,247,153.57355680601904,0.6217552907126277,1.2878153324127197,2.071257537570262,2.4769928517099844
jacquelinehe/tinycomma-1.8b-llama3-tokenizer,bookmia100.28.050,attack_train,the scarlet letter,85,243,329.9111546650529,1.357659072695691,6.228460947672526,4.58764727679803,3.8813077019417985
jacquelinehe/tinycomma-1.8b-llama3-tokenizer,bookmia100.28.051,attack_train,the scarlet letter,54,248,176.58430452726316,0.7120334859970289,4.047225475311279,5.684038117454728,3.2700797134678363
jacquelinehe/tinycomma-1.8b-llama3-tokenizer,bookmia100.28.052,attack_train,the scarlet letter,64,239,212.32636490371078,0.8883948322330996,8.890128135681152,10.006956156346186,3.317599451620481
jacquelinehe/tinycomma-1.8b-llama3-tokenizer,bookmia100.28.053,attack_train,the scarlet letter,56,243,208.48723123967648,0.8579721450192448,3.5458027521769204,4.132771410775097,3.72298627213708
jacquelinehe/tinycomma-1.8b-llama3-tokenizer,bookmia100.28.054,attack_train,the scarlet letter,71,246,223.21577862312552,0.9073812139151444,2.481082725524902,2.7343333622916792,3.1438842059595142
jacquelinehe/tinycomma-1.8b-llama3-tokenizer,bookmia100.28.055,attack_train,the scarlet letter,81,236,254.68036972777918,1.0791541090160135,8.258113861083984,7.652395327126946,3.1442020954046814
jacquelinehe/tinycomma-1.8b-llama3-tokenizer,bookmia100.28.056,attack_train,the scarlet letter,61,247,182.38630163576454,0.7384060794970224,4.156417528788249,5.6289048048188635,2.989939371078107
jacquelinehe/tinycomma-1.8b-llama3-tokenizer,bookmia100.28.057,attack_train,the scarlet letter,92,249,306.68637621356174,1.231672193628762,3.8155436515808105,3.097856451836772,3.3335475675387145
jacquelinehe/tinycomma-1.8b-llama3-tokenizer,bookmia100.28.058,attack_train,the scarlet letter,53,242,182.15062740340363,0.7526885429892712,5.257856686909993,6.9854347271298085,3.436804290630257
jacquelinehe/tinycomma-1.8b-llama3-tokenizer,bookmia100.28.059,attack_train,the scarlet letter,79,247,205.76486656535417,0.8330561399407052,4.503908157348633,5.406488160172747,2.604618564118407
jacquelinehe/tinycomma-1.8b-llama3-tokenizer,bookmia100.28.060,attack_train,the scarlet letter,56,245,192.93667411562637,0.7874966290433729,2.975910758972168,3.778950473206742,3.4452977520647567
jacquelinehe/tinycomma-1.8b-llama3-tokenizer,bookmia100.28.061,attack_train,the scarlet letter,78,248,208.34579442476388,0.8401040097772737,2.615457852681478,3.11325481397819,2.671099928522614
jacquelinehe/tinycomma-1.8b-llama3-tokenizer,bookmia100.28.062,attack_train,the scarlet letter,61,247,197.35091543753515,0.7989915604758508,5.704509099324544,7.139636238369204,3.2352609088120516
jacquelinehe/tinycomma-1.8b-llama3-tokenizer,bookmia100.28.063,attack_train,the scarlet letter,61,248,246.22607324412093,0.9928470695327457,7.946595191955566,8.00384614691505,4.036493004001982
jacquelinehe/tinycomma-1.8b-llama3-tokenizer,bookmia100.28.064,attack_train,the scarlet letter,77,248,321.4792363271117,1.2962872432544827,4.314959208170573,3.328706064666159,4.175055017235217
jacquelinehe/tinycomma-1.8b-llama3-tokenizer,bookmia100.28.065,attack_train,the scarlet letter,83,244,290.06058880873024,1.1887729049538125,5.80778439839681,4.88552891321363,3.49470588926181
jacquelinehe/tinycomma-1.8b-llama3-tokenizer,bookmia100.28.066,attack_train,the scarlet letter,70,242,257.40892757102847,1.0636732544257375,8.501548767089844,7.992631883632077,3.677270393871835
jacquelinehe/tinycomma-1.8b-llama3-tokenizer,bookmia100.28.067,attack_train,the scarlet letter,59,246,171.62452104035765,0.6976606546356002,5.093710263570149,7.301128750381773,2.908890187124706
jacquelinehe/tinycomma-1.8b-llama3-tokenizer,bookmia100.28.068,attack_train,the scarlet letter,63,244,172.28082330565667,0.7060689479740028,5.596344629923503,7.926059694285775,2.7346162429469314
jacquelinehe/tinycomma-1.8b-llama3-tokenizer,bookmia100.28.069,attack_train,the scarlet letter,58,241,191.05235366430134,0.7927483554535325,6.1098504066467285,7.707175126400955,3.294006097660368
jacquelinehe/tinycomma-1.8b-llama3-tokenizer,bookmia100.28.070,attack_train,the scarlet letter,72,245,232.83925750292838,0.9503643163384832,6.22585391998291,6.551018186340975,3.233878576429561
jacquelinehe/tinycomma-1.8b-llama3-tokenizer,bookmia100.28.071,attack_train,the scarlet letter,48,241,192.74862605333328,0.7997868300968186,5.617929458618164,7.024283530572869,4.01559637611111
jacquelinehe/tinycomma-1.8b-llama3-tokenizer,bookmia100.28.072,attack_train,the scarlet letter,75,245,249.49844356032554,1.0183609941237777,4.227889060974121,4.151660447886556,3.326645914137674
jacquelinehe/tinycomma-1.8b-llama3-tokenizer,bookmia100.28.073,attack_train,the scarlet letter,73,247,307.2899634297937,1.2440889207683956,5.25349775950114,4.222767096307219,4.209451553832791
jacquelinehe/tinycomma-1.8b-llama3-tokenizer,bookmia100.28.074,attack_train,the scarlet letter,55,244,193.63992368197069,0.7936062445982405,16.225168228149414,20.444859574364024,3.5207258851267396
jacquelinehe/tinycomma-1.8b-llama3-tokenizer,bookmia100.28.075,attack_train,the scarlet letter,58,245,185.15193836414255,0.7557221974046635,2.6417816480000815,3.4957047140769606,3.192274799381768
jacquelinehe/tinycomma-1.8b-llama3-tokenizer,bookmia100.28.076,attack_train,the scarlet letter,65,249,219.18402614304796,0.8802571331046103,2.697010358174642,3.0638892395707833,3.3720619406622765
jacquelinehe/tinycomma-1.8b-llama3-tokenizer,bookmia100.28.077,attack_train,the scarlet letter,72,240,253.97069879621267,1.0582112449842194,15.627900123596191,14.768223450346385,3.5273708166140647
jacquelinehe/tinycomma-1.8b-llama3-tokenizer,bookmia100.28.078,attack_train,the scarlet letter,84,246,291.19917242979864,1.1837364732918643,8.015485763549805,6.7713430686641445,3.46665681464046
jacquelinehe/tinycomma-1.8b-llama3-tokenizer,bookmia100.28.079,attack_train,the scarlet letter,85,245,247.68384401968797,1.0109544653864815,4.297774314880371,4.251204640791966,2.9139275767022115
jacquelinehe/tinycomma-1.8b-llama3-tokenizer,bookmia100.28.080,attack_train,the scarlet letter,53,249,168.82157098408788,0.6779982770445296,2.5618907610575357,3.7786095448871997,3.18531266007713
jacquelinehe/tinycomma-1.8b-llama3-tokenizer,bookmia100.28.081,attack_train,the scarlet letter,41,243,63.376196973698825,0.2608073949534931,1.3544292449951172,5.193216416415791,1.5457609017975322
jacquelinehe/tinycomma-1.8b-llama3-tokenizer,bookmia100.28.082,attack_train,the scarlet letter,79,242,235.6236273162067,0.9736513525463086,2.581598472595215,2.651460880574733,2.982577560964642
jacquelinehe/tinycomma-1.8b-llama3-tokenizer,bookmia100.28.083,attack_train,the scarlet letter,57,245,187.87625768664293,0.7668418681087467,6.213959376017253,8.103312605169394,3.2960746962568934
jacquelinehe/tinycomma-1.8b-llama3-tokenizer,bookmia100.28.084,attack_train,the scarlet letter,71,245,245.3819740821491,1.0015590778863228,6.417046546936035,6.40705744535658,3.4560841420021
jacquelinehe/tinycomma-1.8b-llama3-tokenizer,bookmia100.28.085,attack_train,the scarlet letter,67,245,232.6429479783401,0.9495630529728167,7.98120641708374,8.405135806513124,3.472282805646867
jacquelinehe/tinycomma-1.8b-llama3-tokenizer,bookmia100.28.086,attack_train,the scarlet letter,60,242,183.41163449943997,0.7578993161133883,3.9206870396931968,5.173097476587019,3.056860574990666
jacquelinehe/tinycomma-1.8b-llama3-tokenizer,bookmia100.28.087,attack_train,the scarlet letter,78,246,294.02897942997515,1.1952397537803867,16.800861358642578,14.056478045934847,3.769602300384297
jacquelinehe/tinycomma-1.8b-llama3-tokenizer,bookmia100.28.088,attack_train,the scarlet letter,78,248,288.7433020584285,1.164287508300115,2.896092414855957,2.4874375050921183,3.701837205877289
jacquelinehe/tinycomma-1.8b-llama3-tokenizer,bookmia100.28.089,attack_train,the scarlet letter,62,249,151.24289134988794,0.6074011700798713,2.8057159423828124,4.619213924158015,2.4394014733852893
jacquelinehe/tinycomma-1.8b-llama3-tokenizer,bookmia100.28.090,attack_train,the scarlet letter,87,246,323.16996389161795,1.313699040209829,2.6396093368530273,2.0092953226421013,3.714597286110551
jacquelinehe/tinycomma-1.8b-llama3-tokenizer,bookmia100.28.091,attack_train,the scarlet letter,77,240,274.1765813548118,1.1424024223117157,2.6195680618286135,2.29303440772453,3.5607348227897635
jacquelinehe/tinycomma-1.8b-llama3-tokenizer,bookmia100.28.092,attack_train,the scarlet letter,76,242,330.47740184143186,1.3656090985183134,2.4730737686157225,1.810967553818299,4.3483868663346295
jacquelinehe/tinycomma-1.8b-llama3-tokenizer,bookmia100.28.093,attack_train,the scarlet letter,51,247,163.80381553294137,0.663173342238629,15.4404296875,23.28264528151689,3.2118395202537524
jacquelinehe/tinycomma-1.8b-llama3-tokenizer,bookmia100.28.094,attack_train,the scarlet letter,54,247,185.2904036110267,0.7501635773725778,1.9342337846755981,2.5784160188770904,3.431303770574569
jacquelinehe/tinycomma-1.8b-llama3-tokenizer,bookmia100.28.095,attack_train,the scarlet letter,67,243,218.9059870634228,0.9008476833885712,4.600535074869792,5.106895604776062,3.2672535382600416
jacquelinehe/tinycomma-1.8b-llama3-tokenizer,bookmia100.28.096,attack_train,the scarlet letter,59,242,176.20995356421918,0.7281403039843768,15.399311065673828,21.14882390304306,2.9866093824443927
jacquelinehe/tinycomma-1.8b-llama3-tokenizer,bookmia100.28.097,attack_train,the scarlet letter,48,244,175.85559929232113,0.7207196692308243,13.86515998840332,19.23793755094914,3.6636583185900236
jacquelinehe/tinycomma-1.8b-llama3-tokenizer,bookmia100.28.098,attack_train,the scarlet letter,77,244,286.7873717946932,1.1753580811257918,3.50903058052063,2.9854991741406836,3.7245113220090023
jacquelinehe/tinycomma-1.8b-llama3-tokenizer,bookmia100.28.099,attack_train,the scarlet letter,52,249,172.9430824983865,0.6945505321220341,4.199105580647786,6.045788443669342,3.3258285095843556
jacquelinehe/tinycomma-1.8b-llama3-tokenizer,bookmia100.29.000,attack_train,tarzan of the apes,53,249,150.94459596415982,0.6062031966432121,8.532503128051758,14.075318598284564,2.848011244606789
jacquelinehe/tinycomma-1.8b-llama3-tokenizer,bookmia100.29.001,attack_train,tarzan of the apes,54,245,165.33000087179244,0.6748163300889487,5.18534501393636,7.684083479800898,3.061666682810971
jacquelinehe/tinycomma-1.8b-llama3-tokenizer,bookmia100.29.002,attack_train,tarzan of the apes,52,248,134.5084632935468,0.5423728358610759,5.200476964314778,9.588380207239648,2.5867012171835926
jacquelinehe/tinycomma-1.8b-llama3-tokenizer,bookmia100.29.003,attack_train,tarzan of the apes,56,243,168.57272151275538,0.6937149033446723,1.4536700248718262,2.0954862262049025,3.0102271698706318
jacquelinehe/tinycomma-1.8b-llama3-tokenizer,bookmia100.29.004,attack_train,tarzan of the apes,66,244,153.32925028869067,0.628398566756929,2.299020767211914,3.6585391642072267,2.323170458919556
jacquelinehe/tinycomma-1.8b-llama3-tokenizer,bookmia100.29.005,attack_train,tarzan of the apes,47,246,130.14097783342004,0.5290283651765042,2.7423794269561768,5.183804135041442,2.7689569751791496
jacquelinehe/tinycomma-1.8b-llama3-tokenizer,bookmia100.29.006,attack_train,tarzan of the apes,55,246,175.13489836727967,0.7119304811678036,4.868377049763997,6.838275897076684,3.184270879405085
jacquelinehe/tinycomma-1.8b-llama3-tokenizer,bookmia100.29.007,attack_train,tarzan of the apes,50,239,157.48173238360323,0.6589193823581725,4.517117182413737,6.855341189460326,3.1496346476720647
jacquelinehe/tinycomma-1.8b-llama3-tokenizer,bookmia100.29.008,attack_train,tarzan of the apes,50,243,176.2548092908255,0.7253284332955782,2.538751874651228,3.5001411196804173,3.52509618581651
jacquelinehe/tinycomma-1.8b-llama3-tokenizer,bookmia100.29.009,attack_train,tarzan of the apes,55,249,153.34980203257874,0.6158626587653765,1.8136093833229758,2.94482764543434,2.788178218774159
jacquelinehe/tinycomma-1.8b-llama3-tokenizer,bookmia100.29.010,attack_train,tarzan of the apes,57,247,160.57022514240816,0.6500818831676444,1.90267699105399,2.9268266664852187,2.817021493726459
jacquelinehe/tinycomma-1.8b-llama3-tokenizer,bookmia100.29.011,attack_train,tarzan of the apes,50,241,141.8031733557582,0.588394910189868,3.0988378524780273,5.266595272685261,2.8360634671151637
jacquelinehe/tinycomma-1.8b-llama3-tokenizer,bookmia100.29.012,attack_train,tarzan of the apes,58,247,189.64689089136664,0.7678011776978406,6.746255397796631,8.786461383172744,3.2697739808856316
jacquelinehe/tinycomma-1.8b-llama3-tokenizer,bookmia100.29.013,attack_train,tarzan of the apes,51,247,178.365087820217,0.7221258616203118,1.8055313428243,2.5003000706456273,3.4973546631415102
jacquelinehe/tinycomma-1.8b-llama3-tokenizer,bookmia100.29.014,attack_train,tarzan of the apes,57,249,176.7347287493467,0.70977802710581,7.9970293045043945,11.266944029125657,3.100609276304328
jacquelinehe/tinycomma-1.8b-llama3-tokenizer,bookmia100.29.015,attack_train,tarzan of the apes,55,247,145.03559089556074,0.5871886271075334,4.870884259541829,8.29526328453533,2.63701074355565
jacquelinehe/tinycomma-1.8b-llama3-tokenizer,bookmia100.29.016,attack_train,tarzan of the apes,57,249,188.38881684347143,0.7565815937488812,4.460099220275879,5.895067045149714,3.3050669621661655
jacquelinehe/tinycomma-1.8b-llama3-tokenizer,bookmia100.29.017,attack_train,tarzan of the apes,52,243,157.56024238280952,0.6483960591885165,4.592517217000325,7.082888848442375,3.0300046612078755
jacquelinehe/tinycomma-1.8b-llama3-tokenizer,bookmia100.29.018,attack_train,tarzan of the apes,50,241,181.0259568914771,0.7511450493422287,7.273600101470947,9.683349584531479,3.6205191378295423
jacquelinehe/tinycomma-1.8b-llama3-tokenizer,bookmia100.29.019,attack_train,tarzan of the apes,54,247,175.16417951625772,0.7091667186893025,8.951921463012695,12.6231550735458,3.2437811021529206
jacquelinehe/tinycomma-1.8b-llama3-tokenizer,bookmia100.29.020,attack_train,tarzan of the apes,47,246,156.3252132460475,0.6354683465286484,2.048817253112793,3.224105912284693,3.326068366937181
jacquelinehe/tinycomma-1.8b-llama3-tokenizer,bookmia100.29.021,attack_train,tarzan of the apes,59,243,153.24171920052322,0.6306243588498898,3.1101951599121094,4.931929945719783,2.5973172745851394
jacquelinehe/tinycomma-1.8b-llama3-tokenizer,bookmia100.29.022,attack_train,tarzan of the apes,56,243,146.4379272840306,0.6026252151606197,3.0820210774739585,5.114324790827906,2.614962987214832
jacquelinehe/tinycomma-1.8b-llama3-tokenizer,bookmia100.29.023,attack_train,tarzan of the apes,62,248,156.6413356361445,0.6316182888554214,16.959257125854492,26.85048458078531,2.5264731554216855
jacquelinehe/tinycomma-1.8b-llama3-tokenizer,bookmia100.29.024,attack_train,tarzan of the apes,52,246,141.9699025331065,0.5771134249313272,6.836729526519775,11.846422611522687,2.7301904333289713
jacquelinehe/tinycomma-1.8b-llama3-tokenizer,bookmia100.29.025,attack_train,tarzan of the apes,65,248,130.29916234721895,0.52539984817427,4.30025053024292,8.18471978091735,2.0046024976495223
jacquelinehe/tinycomma-1.8b-llama3-tokenizer,bookmia100.29.026,attack_train,tarzan of the apes,50,244,147.6737174182199,0.6052201533533602,6.749312400817871,11.151830228094301,2.9534743483643977
jacquelinehe/tinycomma-1.8b-llama3-tokenizer,bookmia100.29.027,attack_train,tarzan of the apes,57,248,191.23850560880965,0.7711230064871357,3.3435150146484376,4.335903593228114,3.355061501908941
jacquelinehe/tinycomma-1.8b-llama3-tokenizer,bookmia100.29.028,attack_train,tarzan of the apes,59,247,200.49358647724148,0.8117149250090748,3.2658843994140625,4.023437661168483,3.3981963809701945
jacquelinehe/tinycomma-1.8b-llama3-tokenizer,bookmia100.29.029,attack_train,tarzan of the apes,51,247,151.3655696309288,0.6128160713802786,3.5711341857910157,5.827416010398615,2.9679523457044863
jacquelinehe/tinycomma-1.8b-llama3-tokenizer,bookmia100.29.030,attack_train,tarzan of the apes,56,248,188.66873374953866,0.7607610231836236,4.646481513977051,6.107675567463368,3.3690845312417617
jacquelinehe/tinycomma-1.8b-llama3-tokenizer,bookmia100.29.031,attack_train,tarzan of the apes,62,247,144.13834752945695,0.5835560628722953,3.3021349906921387,5.658642246708649,2.324812056926725
jacquelinehe/tinycomma-1.8b-llama3-tokenizer,bookmia100.29.032,attack_train,tarzan of the apes,62,243,178.3334828056395,0.7338826452906976,8.03416919708252,10.94748492642187,2.8763464968651533
jacquelinehe/tinycomma-1.8b-llama3-tokenizer,bookmia100.29.033,attack_train,tarzan of the apes,54,248,163.54650405049324,0.6594617098810212,17.68303108215332,26.814340874079953,3.028638963898023
jacquelinehe/tinycomma-1.8b-llama3-tokenizer,bookmia100.29.034,attack_train,tarzan of the apes,54,246,168.17753959301626,0.6836485349309604,2.277644838605608,3.3316020180393138,3.114398881352153
jacquelinehe/tinycomma-1.8b-llama3-tokenizer,bookmia100.29.035,attack_train,tarzan of the apes,57,244,135.9969846032909,0.5573646909970938,4.744385719299316,8.512174875684858,2.3859120105840512
jacquelinehe/tinycomma-1.8b-llama3-tokenizer,bookmia100.29.036,attack_train,tarzan of the apes,61,243,166.3255778675084,0.6844673986317218,3.44604754447937,5.034640877517555,2.7266488175001378
jacquelinehe/tinycomma-1.8b-llama3-tokenizer,bookmia100.29.037,attack_train,tarzan of the apes,56,249,169.92032269435003,0.682410934515462,3.765963554382324,5.518615490908426,3.034291476684822
jacquelinehe/tinycomma-1.8b-llama3-tokenizer,bookmia100.29.038,attack_train,tarzan of the apes,55,244,197.1333299614489,0.8079234834485611,3.374234676361084,4.176428517659141,3.5842423629354347
jacquelinehe/tinycomma-1.8b-llama3-tokenizer,bookmia100.29.039,attack_train,tarzan of the apes,55,249,180.40318982640747,0.7245108025156927,4.716747919718425,6.5102520256987635,3.280057996843772
jacquelinehe/tinycomma-1.8b-llama3-tokenizer,bookmia100.29.040,attack_train,tarzan of the apes,57,247,202.4989000618225,0.8198336034891599,5.998074213663737,7.316209274828835,3.5526122817863595
jacquelinehe/tinycomma-1.8b-llama3-tokenizer,bookmia100.29.041,attack_train,tarzan of the apes,56,246,186.6601352748694,0.7587810377027211,5.751039981842041,7.57931431609551,3.3332167013369536
jacquelinehe/tinycomma-1.8b-llama3-tokenizer,bookmia100.29.042,attack_train,tarzan of the apes,51,247,143.65511408314342,0.5815996521584754,1.2734848658243816,2.1896245314076976,2.8167669428067335
jacquelinehe/tinycomma-1.8b-llama3-tokenizer,bookmia100.29.043,attack_train,tarzan of the apes,57,243,175.32389861159027,0.7214975251505772,15.477396011352539,21.451765906088717,3.0758578703787767
jacquelinehe/tinycomma-1.8b-llama3-tokenizer,bookmia100.29.044,attack_train,tarzan of the apes,49,248,186.01029348338488,0.7500415059813906,7.9998602867126465,10.66589011796786,3.7961284384364262
jacquelinehe/tinycomma-1.8b-llama3-tokenizer,bookmia100.29.045,attack_train,tarzan of the apes,58,249,175.48644745349884,0.7047648492108387,3.146479606628418,4.464580789112414,3.0256284043706696
jacquelinehe/tinycomma-1.8b-llama3-tokenizer,bookmia100.29.046,attack_train,tarzan of the apes,52,248,165.21102169691585,0.6661734745843381,13.303227424621582,19.9696144205114,3.177135032632997
jacquelinehe/tinycomma-1.8b-llama3-tokenizer,bookmia100.29.047,attack_train,tarzan of the apes,53,248,170.465808625333,0.6873621315537621,3.4535441398620605,5.024344492262651,3.216336011798736
jacquelinehe/tinycomma-1.8b-llama3-tokenizer,bookmia100.29.048,attack_train,tarzan of the apes,61,249,167.6139717004262,0.6731484807246032,3.302550792694092,4.906125301120932,2.747770027875839
jacquelinehe/tinycomma-1.8b-llama3-tokenizer,bookmia100.29.049,attack_train,tarzan of the apes,66,244,184.81665131595219,0.7574452922784926,14.755741119384766,19.480933170760892,2.800252292665942
jacquelinehe/tinycomma-1.8b-llama3-tokenizer,bookmia100.29.050,attack_train,tarzan of the apes,53,247,165.03187241125852,0.6681452324342451,2.2446957996913364,3.359592631549977,3.1138089134199722
jacquelinehe/tinycomma-1.8b-llama3-tokenizer,bookmia100.29.051,attack_train,tarzan of the apes,52,247,198.41248930391157,0.8032894303802088,3.437556266784668,4.279349555436851,3.8156247943059918
jacquelinehe/tinycomma-1.8b-llama3-tokenizer,bookmia100.29.052,attack_train,tarzan of the apes,51,248,145.2678012805991,0.5857572632282221,2.5044547489711215,4.275584625564154,2.8483882604039037
jacquelinehe/tinycomma-1.8b-llama3-tokenizer,bookmia100.29.053,attack_train,tarzan of the apes,47,243,142.2418387439102,0.5853573610860502,3.56001615524292,6.08178250058699,3.0264221009342593
jacquelinehe/tinycomma-1.8b-llama3-tokenizer,bookmia100.29.054,attack_train,tarzan of the apes,63,249,185.72225067747058,0.7458724926806047,3.060080718994141,4.102686114615195,2.9479722329757236
jacquelinehe/tinycomma-1.8b-llama3-tokenizer,bookmia100.29.055,attack_train,tarzan of the apes,57,248,146.95640499528963,0.592566149174555,6.091266632080078,10.279471145230312,2.578182543777011
jacquelinehe/tinycomma-1.8b-llama3-tokenizer,bookmia100.29.056,attack_train,tarzan of the apes,55,246,158.8711178895901,0.6458175523967077,3.3583176136016846,5.2001027242733775,2.888565779810729
jacquelinehe/tinycomma-1.8b-llama3-tokenizer,bookmia100.29.057,attack_train,tarzan of the apes,63,248,182.6883031472098,0.7366463836581041,4.3017527262369795,5.839644124600128,2.899814335669997
jacquelinehe/tinycomma-1.8b-llama3-tokenizer,bookmia100.29.058,attack_train,tarzan of the apes,49,247,155.42540119821206,0.6292526364300083,5.419925053914388,8.613273493240653,3.1719469632288173
jacquelinehe/tinycomma-1.8b-llama3-tokenizer,bookmia100.29.059,attack_train,tarzan of the apes,56,248,168.5209487437969,0.6795199546120843,4.246092319488525,6.248664650197772,3.0093026561392304
jacquelinehe/tinycomma-1.8b-llama3-tokenizer,bookmia100.29.060,attack_train,tarzan of the apes,50,244,159.2594426581636,0.6527026338449328,4.557282129923503,6.982172115772722,3.185188853163272
jacquelinehe/tinycomma-1.8b-llama3-tokenizer,bookmia100.29.061,attack_train,tarzan of the apes,58,249,148.76181540754624,0.5974370096688604,5.152092615763347,8.623658280927359,2.564858886337004
jacquelinehe/tinycomma-1.8b-llama3-tokenizer,bookmia100.29.062,attack_train,tarzan of the apes,51,239,143.14315770193934,0.598925346033219,4.89582888285319,8.17435581125272,2.8067285823909676
jacquelinehe/tinycomma-1.8b-llama3-tokenizer,bookmia100.29.063,attack_train,tarzan of the apes,55,249,143.33531295135617,0.5756438271138802,5.0233503977457685,8.726490515726478,2.606096599115567
jacquelinehe/tinycomma-1.8b-llama3-tokenizer,bookmia100.29.064,attack_train,tarzan of the apes,51,242,164.8974862564355,0.6813945713075847,2.070552444458008,3.038698181120892,3.2332840442438338
jacquelinehe/tinycomma-1.8b-llama3-tokenizer,bookmia100.29.065,attack_train,tarzan of the apes,50,248,172.71946499100886,0.6964494556089067,4.761335690816243,6.836584697526113,3.454389299820177
jacquelinehe/tinycomma-1.8b-llama3-tokenizer,bookmia100.29.066,attack_train,tarzan of the apes,62,249,186.19975495059043,0.7477901805244596,2.5599101384480796,3.4233000179979594,3.003221854041781
jacquelinehe/tinycomma-1.8b-llama3-tokenizer,bookmia100.29.067,attack_train,tarzan of the apes,49,247,156.49838455967256,0.6335966986221561,15.585973739624023,24.59920288965818,3.1938445828504602
jacquelinehe/tinycomma-1.8b-llama3-tokenizer,bookmia100.29.068,attack_train,tarzan of the apes,66,247,183.50226337835193,0.742924143232194,5.484234809875488,7.381957982971946,2.780337323914423
jacquelinehe/tinycomma-1.8b-llama3-tokenizer,bookmia100.29.069,attack_train,tarzan of the apes,61,247,132.8869662056677,0.5380039117638369,16.56900405883789,30.79718138947482,2.178474855830618
jacquelinehe/tinycomma-1.8b-llama3-tokenizer,bookmia100.29.070,attack_train,tarzan of the apes,56,247,141.31537960469723,0.5721270429339969,2.85571174621582,4.9913944489865125,2.5234889215124503
jacquelinehe/tinycomma-1.8b-llama3-tokenizer,bookmia100.29.071,attack_train,tarzan of the apes,58,244,163.53502353094518,0.6702255062743655,3.843327760696411,5.734380032864782,2.8195693712231926
jacquelinehe/tinycomma-1.8b-llama3-tokenizer,bookmia100.29.072,attack_train,tarzan of the apes,57,245,191.52827827463625,0.781748074590352,13.305903434753418,17.020705093166896,3.3601452328883554
jacquelinehe/tinycomma-1.8b-llama3-tokenizer,bookmia100.29.073,attack_train,tarzan of the apes,56,249,171.00066800642526,0.6867496707085352,2.8571430842081704,4.16038508072438,3.053583357257594
jacquelinehe/tinycomma-1.8b-llama3-tokenizer,bookmia100.29.074,attack_train,tarzan of the apes,61,248,229.79439470544457,0.9265903012316313,17.785531997680664,19.19460194439764,3.7671212246794195
jacquelinehe/tinycomma-1.8b-llama3-tokenizer,bookmia100.29.075,attack_train,tarzan of the apes,50,245,190.02687486330979,0.7756198974012645,8.405675888061523,10.837364946702591,3.8005374972661956
jacquelinehe/tinycomma-1.8b-llama3-tokenizer,bookmia100.29.076,attack_train,tarzan of the apes,54,247,190.3107003516052,0.7704886653911142,3.3180820465087892,4.306464449836481,3.5242722287334294
jacquelinehe/tinycomma-1.8b-llama3-tokenizer,bookmia100.29.077,attack_train,tarzan of the apes,56,245,152.86626227432862,0.6239439276503209,5.7474589347839355,9.211499110870431,2.729754683470154
jacquelinehe/tinycomma-1.8b-llama3-tokenizer,bookmia100.29.078,attack_train,tarzan of the apes,53,245,139.86432886333205,0.5708748116870695,3.7165778477986655,6.510320251852245,2.6389496011949443
jacquelinehe/tinycomma-1.8b-llama3-tokenizer,bookmia100.29.079,attack_train,tarzan of the apes,51,248,165.03925822128076,0.6654808799245192,3.1348288853963218,4.710622017798443,3.2360638866917797
jacquelinehe/tinycomma-1.8b-llama3-tokenizer,bookmia100.29.080,attack_train,tarzan of the apes,59,247,158.9863795223646,0.6436695527221238,4.142566998799642,6.435859799924409,2.6946843986841453
jacquelinehe/tinycomma-1.8b-llama3-tokenizer,bookmia100.29.081,attack_train,tarzan of the apes,66,248,159.2195031985175,0.6420141258004738,14.921828269958496,23.24221176808799,2.4124167151290528
jacquelinehe/tinycomma-1.8b-llama3-tokenizer,bookmia100.29.082,attack_train,tarzan of the apes,55,246,220.0852211304009,0.8946553704487842,2.9050308227539063,3.2470948241183213,4.001549475098198
jacquelinehe/tinycomma-1.8b-llama3-tokenizer,bookmia100.29.083,attack_train,tarzan of the apes,57,247,166.06103116367012,0.6723118670593932,2.8320297241210937,4.212375034384016,2.9133514239240372
jacquelinehe/tinycomma-1.8b-llama3-tokenizer,bookmia100.29.084,attack_train,tarzan of the apes,59,244,153.46172019914957,0.6289414762260228,2.6480650901794434,4.210352139708159,2.6010461050703317
jacquelinehe/tinycomma-1.8b-llama3-tokenizer,bookmia100.29.085,attack_train,tarzan of the apes,52,249,152.0558327371109,0.6106659949281562,1.978948434193929,3.240639646926384,2.924150629559825
jacquelinehe/tinycomma-1.8b-llama3-tokenizer,bookmia100.29.086,attack_train,tarzan of the apes,56,248,197.90883136747289,0.7980194813204552,4.169450759887695,5.224748088841953,3.534086274419159
jacquelinehe/tinycomma-1.8b-llama3-tokenizer,bookmia100.29.087,attack_train,tarzan of the apes,60,243,148.34537534572883,0.6104747956614355,8.022664070129395,13.141679438930844,2.4724229224288137
jacquelinehe/tinycomma-1.8b-llama3-tokenizer,bookmia100.29.088,attack_train,tarzan of the apes,56,249,143.8115481295099,0.5775564181908028,5.949604670206706,10.301339371907353,2.5680633594555338
jacquelinehe/tinycomma-1.8b-llama3-tokenizer,bookmia100.29.089,attack_train,tarzan of the apes,50,247,167.8754567138967,0.6796577194894604,3.488938570022583,5.13337591845992,3.3575091342779344
jacquelinehe/tinycomma-1.8b-llama3-tokenizer,bookmia100.29.090,attack_train,tarzan of the apes,56,245,195.79580279515358,0.799166542021035,5.726704279581706,7.165845888767166,3.496353621342028
jacquelinehe/tinycomma-1.8b-llama3-tokenizer,bookmia100.29.091,attack_train,tarzan of the apes,54,245,177.43181386590004,0.7242114851669389,2.664923667907715,3.6797589136458115,3.2857743308500007
jacquelinehe/tinycomma-1.8b-llama3-tokenizer,bookmia100.29.092,attack_train,tarzan of the apes,60,241,168.52072870382108,0.6992561357005024,16.465795516967773,23.547588181650536,2.8086788117303514
jacquelinehe/tinycomma-1.8b-llama3-tokenizer,bookmia100.29.093,attack_train,tarzan of the apes,57,246,172.42348603887876,0.7009084798328405,4.84535026550293,6.912957119107042,3.024973439278575
jacquelinehe/tinycomma-1.8b-llama3-tokenizer,bookmia100.29.094,attack_train,tarzan of the apes,52,245,157.84536610235227,0.6442668004177644,6.627542972564697,10.286954051127847,3.0354878096606206
jacquelinehe/tinycomma-1.8b-llama3-tokenizer,bookmia100.29.095,attack_train,tarzan of the apes,62,248,149.189802206698,0.6015717830915243,2.7538862228393555,4.577818142810687,2.406287132366097
jacquelinehe/tinycomma-1.8b-llama3-tokenizer,bookmia100.29.096,attack_train,tarzan of the apes,50,244,150.39426794438623,0.6163699505917468,1.7918157577514648,2.9070459324488964,3.007885358887725
jacquelinehe/tinycomma-1.8b-llama3-tokenizer,bookmia100.29.097,attack_train,tarzan of the apes,56,247,180.77890414651483,0.7318983973543111,3.66021728515625,5.000990982337599,3.2281947169020504
jacquelinehe/tinycomma-1.8b-llama3-tokenizer,bookmia100.29.098,attack_train,tarzan of the apes,47,241,172.93075671605766,0.7175550071205712,2.218387876238142,3.0915927757791883,3.679377802469312
jacquelinehe/tinycomma-1.8b-llama3-tokenizer,bookmia100.29.099,attack_train,tarzan of the apes,56,248,189.62150157417636,0.7646028289281305,2.3375896215438843,3.057259969624842,3.3860982423960064
jacquelinehe/tinycomma-1.8b-llama3-tokenizer,bookmia100.30.000,attack_train,tess of the d'urbervilles,61,246,184.99856143567013,0.752026672502724,6.3751646677653,8.4773119104259,3.0327633022241005
jacquelinehe/tinycomma-1.8b-llama3-tokenizer,bookmia100.30.001,attack_train,tess of the d'urbervilles,52,249,219.26717078697402,0.880591047337245,17.254472732543945,19.594195040613332,4.216676361287962
jacquelinehe/tinycomma-1.8b-llama3-tokenizer,bookmia100.30.002,attack_train,tess of the d'urbervilles,53,249,235.8727245060727,0.9472800180966775,3.401085138320923,3.590369345227564,4.4504287642655225
jacquelinehe/tinycomma-1.8b-llama3-tokenizer,bookmia100.30.003,attack_train,tess of the d'urbervilles,59,245,182.5233233626932,0.7449931565824212,15.296650886535645,20.53260590568032,3.093615650215139
jacquelinehe/tinycomma-1.8b-llama3-tokenizer,bookmia100.30.004,attack_train,tess of the d'urbervilles,71,248,241.55339067953173,0.974005607578757,4.127869288126628,4.238034417879728,3.4021604321060805
jacquelinehe/tinycomma-1.8b-llama3-tokenizer,bookmia100.30.005,attack_train,tess of the d'urbervilles,56,244,183.49846372846514,0.7520428841330539,6.314279079437256,8.396168905602082,3.2767582808654487
jacquelinehe/tinycomma-1.8b-llama3-tokenizer,bookmia100.30.006,attack_train,tess of the d'urbervilles,54,247,260.4661742448807,1.0545189240683428,6.561009883880615,6.221803833133865,4.823447671201494
jacquelinehe/tinycomma-1.8b-llama3-tokenizer,bookmia100.30.007,attack_train,tess of the d'urbervilles,53,246,155.4686466541607,0.6319863685128484,2.391876792907715,3.7846968100532496,2.9333706915879376
jacquelinehe/tinycomma-1.8b-llama3-tokenizer,bookmia100.30.008,attack_train,tess of the d'urbervilles,62,245,164.4693469076883,0.6713034567660747,2.3606204986572266,3.516473027011119,2.6527314017369084
jacquelinehe/tinycomma-1.8b-llama3-tokenizer,bookmia100.30.009,attack_train,tess of the d'urbervilles,52,241,198.5373048922047,0.8238062443659946,6.17646598815918,7.497474109233803,3.8180250940808595
jacquelinehe/tinycomma-1.8b-llama3-tokenizer,bookmia100.30.010,attack_train,tess of the d'urbervilles,55,249,193.96827934705652,0.7789890736829579,4.14722220102946,5.32385156754759,3.5266959881283
jacquelinehe/tinycomma-1.8b-llama3-tokenizer,bookmia100.30.011,attack_train,tess of the d'urbervilles,71,247,189.58287684177049,0.7675420115051437,4.967583974202474,6.472067847414738,2.6701813639685983
jacquelinehe/tinycomma-1.8b-llama3-tokenizer,bookmia100.30.012,attack_train,tess of the d'urbervilles,56,248,164.33625958228367,0.6626462079930794,8.487580299377441,12.808615211250231,2.9345760639693514
jacquelinehe/tinycomma-1.8b-llama3-tokenizer,bookmia100.30.013,attack_train,tess of the d'urbervilles,73,247,155.6465713620055,0.6301480621943542,4.647817929585774,7.375755331851304,2.1321448131781575
jacquelinehe/tinycomma-1.8b-llama3-tokenizer,bookmia100.30.014,attack_train,tess of the d'urbervilles,63,249,209.28289958962705,0.8404935726491046,17.83138084411621,21.21536847440068,3.321950787136937
jacquelinehe/tinycomma-1.8b-llama3-tokenizer,bookmia100.30.015,attack_train,tess of the d'urbervilles,71,247,212.25608189275954,0.8593363639382977,1.2750157250298395,1.4837213674823477,2.989522280179712
jacquelinehe/tinycomma-1.8b-llama3-tokenizer,bookmia100.30.016,attack_train,tess of the d'urbervilles,69,248,213.22245178557932,0.8597679507483037,13.095942497253418,15.231950069615054,3.09018046066057
jacquelinehe/tinycomma-1.8b-llama3-tokenizer,bookmia100.30.017,attack_train,tess of the d'urbervilles,51,249,163.06558807892725,0.6548818798350492,2.4104703267415366,3.680771145093651,3.1973644721358285
jacquelinehe/tinycomma-1.8b-llama3-tokenizer,bookmia100.30.018,attack_train,tess of the d'urbervilles,59,241,176.90546072274446,0.7340475548661596,7.385295867919922,10.061059149316966,2.9983976393685503
jacquelinehe/tinycomma-1.8b-llama3-tokenizer,bookmia100.30.019,attack_train,tess of the d'urbervilles,57,246,201.19003747962415,0.8178456808114803,2.584797223409017,3.160495046992652,3.5296497803442834
jacquelinehe/tinycomma-1.8b-llama3-tokenizer,bookmia100.30.020,attack_train,tess of the d'urbervilles,57,244,166.12019983568462,0.680820491129855,1.7209289073944092,2.5277278369492717,2.9143894708014844
jacquelinehe/tinycomma-1.8b-llama3-tokenizer,bookmia100.30.021,attack_train,tess of the d'urbervilles,59,248,166.9385436833836,0.6731392890459017,2.4208809988839284,3.5964042483915204,2.829466842091248
jacquelinehe/tinycomma-1.8b-llama3-tokenizer,bookmia100.30.022,attack_train,tess of the d'urbervilles,61,247,192.66771941259503,0.780031252682571,4.394827206929524,5.634168107771924,3.1584872034851643
jacquelinehe/tinycomma-1.8b-llama3-tokenizer,bookmia100.30.023,attack_train,tess of the d'urbervilles,73,248,269.3012127925176,1.0858919870666033,17.492177963256836,16.1085800167931,3.689057709486543
jacquelinehe/tinycomma-1.8b-llama3-tokenizer,bookmia100.30.024,attack_train,tess of the d'urbervilles,51,243,147.50413320586085,0.6070128938512792,4.818102836608887,7.937397846757013,2.8922379059972716
jacquelinehe/tinycomma-1.8b-llama3-tokenizer,bookmia100.30.025,attack_train,tess of the d'urbervilles,54,247,174.80838285200298,0.7077262463643845,3.1850969791412354,4.50046468603248,3.237192275037092
jacquelinehe/tinycomma-1.8b-llama3-tokenizer,bookmia100.30.026,attack_train,tess of the d'urbervilles,69,245,225.58834380749613,0.9207687502346781,11.372057914733887,12.35061236801908,3.2693962870651614
jacquelinehe/tinycomma-1.8b-llama3-tokenizer,bookmia100.30.027,attack_train,tess of the d'urbervilles,56,246,173.61637864261866,0.7057576367586125,6.536072254180908,9.261071951271589,3.1002924757610475
jacquelinehe/tinycomma-1.8b-llama3-tokenizer,bookmia100.30.028,attack_train,tess of the d'urbervilles,59,249,207.38796260894742,0.8328833839716764,4.696873029073079,5.63929251016587,3.5150502137109734
jacquelinehe/tinycomma-1.8b-llama3-tokenizer,bookmia100.30.029,attack_train,tess of the d'urbervilles,40,241,126.73741963878274,0.525881409289555,3.6149725914001465,6.874121289596132,3.1684354909695687
jacquelinehe/tinycomma-1.8b-llama3-tokenizer,bookmia100.30.030,attack_train,tess of the d'urbervilles,55,248,227.81277077272534,0.9185998821480861,3.9153525829315186,4.262304686754065,4.142050377685916
jacquelinehe/tinycomma-1.8b-llama3-tokenizer,bookmia100.30.031,attack_train,tess of the d'urbervilles,57,249,191.02679076977074,0.767175866545264,4.434195518493652,5.7798944308058875,3.351347206487206
jacquelinehe/tinycomma-1.8b-llama3-tokenizer,bookmia100.30.032,attack_train,tess of the d'urbervilles,59,248,176.5781283453107,0.7120085820375431,3.678956985473633,5.167012137614441,2.9928496329713674
jacquelinehe/tinycomma-1.8b-llama3-tokenizer,bookmia100.30.033,attack_train,tess of the d'urbervilles,55,242,174.7999143730849,0.7223136957565491,7.4405012130737305,10.30092777803496,3.1781802613288166
jacquelinehe/tinycomma-1.8b-llama3-tokenizer,bookmia100.30.034,attack_train,tess of the d'urbervilles,57,249,209.38813031837344,0.840916186017564,5.306859970092773,6.310807258004106,3.6734759704977797
jacquelinehe/tinycomma-1.8b-llama3-tokenizer,bookmia100.30.035,attack_train,tess of the d'urbervilles,54,239,197.63233695551753,0.8269135437469353,4.039844512939453,4.885449686352928,3.659858091768843
jacquelinehe/tinycomma-1.8b-llama3-tokenizer,bookmia100.30.037,attack_train,tess of the d'urbervilles,54,247,166.79587864875793,0.6752869580921373,14.382804870605469,21.29880445379941,3.088812567569591
jacquelinehe/tinycomma-1.8b-llama3-tokenizer,bookmia100.30.038,attack_train,tess of the d'urbervilles,63,246,180.62906977534294,0.7342645112818819,17.588775634765625,23.95427719100719,2.86712809167211
jacquelinehe/tinycomma-1.8b-llama3-tokenizer,bookmia100.30.039,attack_train,tess of the d'urbervilles,51,238,164.48082783716382,0.6910959152822009,3.9322258631388345,5.68984098471072,3.2251142713169374
jacquelinehe/tinycomma-1.8b-llama3-tokenizer,bookmia100.30.040,attack_train,tess of the d'urbervilles,63,244,208.81530190829653,0.855800417656953,6.845959663391113,7.999481563860735,3.3145286017189926
jacquelinehe/tinycomma-1.8b-llama3-tokenizer,bookmia100.30.041,attack_train,tess of the d'urbervilles,63,249,230.5821254476905,0.9260326323200421,4.230979537963867,4.568931364074886,3.6600337372649285
jacquelinehe/tinycomma-1.8b-llama3-tokenizer,bookmia100.30.042,attack_train,tess of the d'urbervilles,53,248,230.35652049072087,0.9288569374625841,3.1815314292907715,3.4252114625767422,4.346349443221149
jacquelinehe/tinycomma-1.8b-llama3-tokenizer,bookmia100.30.043,attack_train,tess of the d'urbervilles,65,242,188.42273443937302,0.7786063406585662,3.8805030822753905,4.983908914732388,2.898811299067277
jacquelinehe/tinycomma-1.8b-llama3-tokenizer,bookmia100.30.044,attack_train,tess of the d'urbervilles,51,247,182.06083875894547,0.7370884160281193,3.7120590209960938,5.036110920042572,3.56982036782246
jacquelinehe/tinycomma-1.8b-llama3-tokenizer,bookmia100.30.045,attack_train,tess of the d'urbervilles,62,248,179.23602321819635,0.7227259000733723,2.7619606018066407,3.8215879651279163,2.8909036002934894
jacquelinehe/tinycomma-1.8b-llama3-tokenizer,bookmia100.30.046,attack_train,tess of the d'urbervilles,66,247,174.37176573916804,0.7059585657456195,3.3222877979278564,4.706066275177101,2.6419964505934552
jacquelinehe/tinycomma-1.8b-llama3-tokenizer,bookmia100.30.047,attack_train,tess of the d'urbervilles,55,248,237.78269685065607,0.9588011969784519,6.510085423787435,6.789817789447068,4.3233217609210195
jacquelinehe/tinycomma-1.8b-llama3-tokenizer,bookmia100.30.048,attack_train,tess of the d'urbervilles,53,244,191.40637177135795,0.7844523433252375,2.7507235209147134,3.5065527489593475,3.6114409768180744
jacquelinehe/tinycomma-1.8b-llama3-tokenizer,bookmia100.30.049,attack_train,tess of the d'urbervilles,46,237,188.09142472222447,0.7936347034693015,1.7113393942515056,2.1563313534180675,4.088944015700532
jacquelinehe/tinycomma-1.8b-llama3-tokenizer,bookmia100.30.050,attack_train,tess of the d'urbervilles,52,245,186.23894274234772,0.7601589499687662,6.089755058288574,8.011160111367225,3.581518129660533
jacquelinehe/tinycomma-1.8b-llama3-tokenizer,bookmia100.30.051,attack_train,tess of the d'urbervilles,53,248,177.0943306996487,0.7140900431437448,4.601452191670735,6.443798279854286,3.341402466031108
jacquelinehe/tinycomma-1.8b-llama3-tokenizer,bookmia100.30.052,attack_train,tess of the d'urbervilles,53,245,160.72641262505203,0.6560261739798042,2.899052619934082,4.419111210680642,3.0325738231141894
jacquelinehe/tinycomma-1.8b-llama3-tokenizer,bookmia100.30.053,attack_train,tess of the d'urbervilles,69,246,196.79570105986204,0.7999825246335855,3.6604537963867188,4.575667197309478,2.852111609563218
jacquelinehe/tinycomma-1.8b-llama3-tokenizer,bookmia100.30.054,attack_train,tess of the d'urbervilles,60,247,209.02836963161826,0.8462687029620173,4.9328257242838545,5.828911912987585,3.4838061605269712
jacquelinehe/tinycomma-1.8b-llama3-tokenizer,bookmia100.30.055,attack_train,tess of the d'urbervilles,57,246,214.6565231429413,0.8725874924509809,4.483244260152181,5.137873621772128,3.765903914788444
jacquelinehe/tinycomma-1.8b-llama3-tokenizer,bookmia100.30.056,attack_train,tess of the d'urbervilles,53,247,167.44589188043028,0.6779185906090295,2.407794952392578,3.5517464570922295,3.159356450574156
jacquelinehe/tinycomma-1.8b-llama3-tokenizer,bookmia100.30.057,attack_train,tess of the d'urbervilles,58,244,179.7450212314725,0.7366599230798053,2.320732661655971,3.150344669156865,3.0990520901978016
jacquelinehe/tinycomma-1.8b-llama3-tokenizer,bookmia100.30.058,attack_train,tess of the d'urbervilles,66,248,201.43469009175897,0.8122366535958023,4.269375483194987,5.256319650552952,3.052040758966045
jacquelinehe/tinycomma-1.8b-llama3-tokenizer,bookmia100.30.059,attack_train,tess of the d'urbervilles,63,238,218.29970418661833,0.9172256478429341,2.7122596740722655,2.957025548130675,3.4650746696288626
jacquelinehe/tinycomma-1.8b-llama3-tokenizer,bookmia100.30.060,attack_train,tess of the d'urbervilles,61,246,187.9311920159962,0.7639479350243749,15.379962921142578,20.132213487365284,3.080839213376987
jacquelinehe/tinycomma-1.8b-llama3-tokenizer,bookmia100.30.061,attack_train,tess of the d'urbervilles,67,245,178.1197731718421,0.7270194823340493,3.203803777694702,4.406764681751163,2.6585040771916733
jacquelinehe/tinycomma-1.8b-llama3-tokenizer,bookmia100.30.062,attack_train,tess of the d'urbervilles,50,243,163.35116253979504,0.6722270063366051,2.771581840515137,4.122984965479532,3.267023250795901
jacquelinehe/tinycomma-1.8b-llama3-tokenizer,bookmia100.30.063,attack_train,tess of the d'urbervilles,67,246,202.146016695071,0.8217317751832155,2.2293794631958006,2.713025746994793,3.0171047267921045
jacquelinehe/tinycomma-1.8b-llama3-tokenizer,bookmia100.30.064,attack_train,tess of the d'urbervilles,49,247,190.86684062331915,0.772740245438539,2.1647183895111084,2.80135323905979,3.89524164537386
jacquelinehe/tinycomma-1.8b-llama3-tokenizer,bookmia100.30.065,attack_train,tess of the d'urbervilles,60,245,144.54191805128357,0.5899670124542187,3.9288707733154298,6.659475344174958,2.409031967521393
jacquelinehe/tinycomma-1.8b-llama3-tokenizer,bookmia100.30.066,attack_train,tess of the d'urbervilles,60,248,199.9983203993179,0.8064448403198302,2.3609352111816406,2.9275842477277316,3.3333053399886317
jacquelinehe/tinycomma-1.8b-llama3-tokenizer,bookmia100.30.067,attack_train,tess of the d'urbervilles,49,245,167.0712064608815,0.6819232916770674,2.898188908894857,4.250021878219298,3.409616458385337
jacquelinehe/tinycomma-1.8b-llama3-tokenizer,bookmia100.30.068,attack_train,tess of the d'urbervilles,56,247,141.28816255973652,0.5720168524685689,6.880019187927246,12.027651210337877,2.5230029028524377
jacquelinehe/tinycomma-1.8b-llama3-tokenizer,bookmia100.30.069,attack_train,tess of the d'urbervilles,54,248,166.14482274884358,0.6699388014066273,1.1077117052945225,1.6534520809493816,3.076755976830437
jacquelinehe/tinycomma-1.8b-llama3-tokenizer,bookmia100.30.070,attack_train,tess of the d'urbervilles,59,248,223.43184701818973,0.9009348670088295,3.940242052078247,4.373503786306043,3.786980457935419
jacquelinehe/tinycomma-1.8b-llama3-tokenizer,bookmia100.30.072,attack_train,tess of the d'urbervilles,57,246,199.06509226956405,0.8092076921526994,4.207656224568685,5.199723464535097,3.492370039816913
jacquelinehe/tinycomma-1.8b-llama3-tokenizer,bookmia100.30.073,attack_train,tess of the d'urbervilles,61,246,187.85285088326782,0.763629475135235,7.532870292663574,9.86456198712018,3.079554932512587
jacquelinehe/tinycomma-1.8b-llama3-tokenizer,bookmia100.30.074,attack_train,tess of the d'urbervilles,54,246,156.29722306877375,0.6353545653202185,6.330266952514648,9.963361086929778,2.8943930197921066
jacquelinehe/tinycomma-1.8b-llama3-tokenizer,bookmia100.30.075,attack_train,tess of the d'urbervilles,50,248,136.66119396872818,0.5510532014868071,2.2616552352905273,4.1042411679821695,2.7332238793745636
jacquelinehe/tinycomma-1.8b-llama3-tokenizer,bookmia100.30.076,attack_train,tess of the d'urbervilles,56,249,163.26904197363183,0.6556989637495254,5.21315320332845,7.950528354532913,2.915518606671997
jacquelinehe/tinycomma-1.8b-llama3-tokenizer,bookmia100.30.077,attack_train,tess of the d'urbervilles,61,245,228.3558298870921,0.9320646117840494,2.4840683937072754,2.6651246730122726,3.7435381948703625
jacquelinehe/tinycomma-1.8b-llama3-tokenizer,bookmia100.30.078,attack_train,tess of the d'urbervilles,57,246,158.64680296182632,0.644905703096855,2.146945135934012,3.329083811205766,2.7832772449443213
jacquelinehe/tinycomma-1.8b-llama3-tokenizer,bookmia100.30.079,attack_train,tess of the d'urbervilles,59,247,196.46988019626588,0.7954246161792141,3.934114456176758,4.945929980233824,3.329997969428235
jacquelinehe/tinycomma-1.8b-llama3-tokenizer,bookmia100.30.080,attack_train,tess of the d'urbervilles,51,243,183.02715188171715,0.7531981558918401,7.018144130706787,9.317792503616536,3.588767683955238
jacquelinehe/tinycomma-1.8b-llama3-tokenizer,bookmia100.30.081,attack_train,tess of the d'urbervilles,55,249,204.68457331229,0.8220263988445382,3.3733317852020264,4.10367816647211,3.721537696587091
jacquelinehe/tinycomma-1.8b-llama3-tokenizer,bookmia100.30.082,attack_train,tess of the d'urbervilles,56,242,199.43126336485147,0.8240961296068243,3.8578882217407227,4.681357044573573,3.5612725600866333
jacquelinehe/tinycomma-1.8b-llama3-tokenizer,bookmia100.30.083,attack_train,tess of the d'urbervilles,55,240,172.06494831826421,0.7169372846594342,4.660668690999349,6.500803892788614,3.128453605786622
jacquelinehe/tinycomma-1.8b-llama3-tokenizer,bookmia100.30.084,attack_train,tess of the d'urbervilles,51,249,188.51688981987536,0.7570959430517082,2.486617851257324,3.2844157653708264,3.6964096043112815
jacquelinehe/tinycomma-1.8b-llama3-tokenizer,bookmia100.30.085,attack_train,tess of the d'urbervilles,55,231,142.7837238246575,0.6181113585483009,4.904552777608235,7.934739767809946,2.596067705902864
jacquelinehe/tinycomma-1.8b-llama3-tokenizer,bookmia100.30.086,attack_train,tess of the d'urbervilles,54,248,187.41661628623842,0.7557121624445098,6.801122188568115,8.999619863955155,3.470678079374786
jacquelinehe/tinycomma-1.8b-llama3-tokenizer,bookmia100.30.087,attack_train,tess of the d'urbervilles,53,248,176.88076003454626,0.7132288711070414,4.690537134806315,6.5764824235534345,3.3373728308404953
jacquelinehe/tinycomma-1.8b-llama3-tokenizer,bookmia100.30.088,attack_train,tess of the d'urbervilles,53,246,180.96897678636014,0.7356462470990249,3.6854578653971353,5.009823512225487,3.4145089959690593
jacquelinehe/tinycomma-1.8b-llama3-tokenizer,bookmia100.30.089,attack_train,tess of the d'urbervilles,51,248,196.7041355650872,0.7931618369559967,7.446060657501221,9.387820127702785,3.856943834609553
jacquelinehe/tinycomma-1.8b-llama3-tokenizer,bookmia100.30.090,attack_train,tess of the d'urbervilles,56,245,206.36957578361034,0.8423247991167769,8.209756851196289,9.746545346646167,3.685170996135899
jacquelinehe/tinycomma-1.8b-llama3-tokenizer,bookmia100.30.091,attack_train,tess of the d'urbervilles,63,249,185.86718352138996,0.7464545522947388,3.1279702186584473,4.190436255017121,2.950272754307777
jacquelinehe/tinycomma-1.8b-llama3-tokenizer,bookmia100.30.092,attack_train,tess of the d'urbervilles,63,247,165.11057573149446,0.6684638693582772,1.4140603807237413,2.1153878998445106,2.620802789388801
jacquelinehe/tinycomma-1.8b-llama3-tokenizer,bookmia100.30.093,attack_train,tess of the d'urbervilles,61,246,220.6949702091515,0.8971340252404533,8.177852630615234,9.115530567936464,3.617950331297566
jacquelinehe/tinycomma-1.8b-llama3-tokenizer,bookmia100.30.094,attack_train,tess of the d'urbervilles,58,247,194.88423046474054,0.7890049816386256,3.690877676010132,4.677888938476438,3.360072939047251
jacquelinehe/tinycomma-1.8b-llama3-tokenizer,bookmia100.30.095,attack_train,tess of the d'urbervilles,58,247,265.87731860764325,1.0764263911240617,4.841752052307129,4.497987128735402,4.58409170013178
jacquelinehe/tinycomma-1.8b-llama3-tokenizer,bookmia100.30.096,attack_train,tess of the d'urbervilles,54,245,177.29239558707923,0.7236424309676703,3.713536580403646,5.13172862934229,3.2831925108718374
jacquelinehe/tinycomma-1.8b-llama3-tokenizer,bookmia100.30.097,attack_train,tess of the d'urbervilles,51,247,165.17435146216303,0.6687220706970163,1.8953162602015905,2.834236139725554,3.2387127737679027
jacquelinehe/tinycomma-1.8b-llama3-tokenizer,bookmia100.30.098,attack_train,tess of the d'urbervilles,54,246,189.65341896843165,0.7709488575952507,4.5216318766276045,5.8650218261319065,3.512100351267253
jacquelinehe/tinycomma-1.8b-llama3-tokenizer,bookmia100.30.099,attack_train,tess of the d'urbervilles,56,249,166.12657320592552,0.6671749927948816,1.9179418484369914,2.8747208290923605,2.966545950105813
jacquelinehe/tinycomma-1.8b-llama3-tokenizer,bookmia100.32.000,attack_train,the adventures of tom sawyer,67,249,173.06241607991979,0.6950297834534931,5.479136149088542,7.88331130482435,2.5830211355211907
jacquelinehe/tinycomma-1.8b-llama3-tokenizer,bookmia100.32.001,attack_train,the adventures of tom sawyer,54,247,153.73089212167542,0.6223922757962568,4.894713719685872,7.8643548611264915,2.846868372623619
jacquelinehe/tinycomma-1.8b-llama3-tokenizer,bookmia100.32.002,attack_train,the adventures of tom sawyer,53,248,179.94846541323932,0.725598650859836,4.046457290649414,5.576715565628951,3.395254064400742
jacquelinehe/tinycomma-1.8b-llama3-tokenizer,bookmia100.32.003,attack_train,the adventures of tom sawyer,52,249,164.42584262578748,0.6603447495011545,7.886257648468018,11.942637015627895,3.1620354351112976
jacquelinehe/tinycomma-1.8b-llama3-tokenizer,bookmia100.32.004,attack_train,the adventures of tom sawyer,44,242,183.65179223753512,0.758891703460889,3.170905431111654,4.178337194425625,4.173904369034889
jacquelinehe/tinycomma-1.8b-llama3-tokenizer,bookmia100.32.005,attack_train,the adventures of tom sawyer,65,244,183.04191512567922,0.750171783301964,4.718758265177409,6.2902369433401955,2.8160294634719882
jacquelinehe/tinycomma-1.8b-llama3-tokenizer,bookmia100.32.006,attack_train,the adventures of tom sawyer,53,246,166.2421782873571,0.675781212550232,4.318891525268555,6.390961223929444,3.13664487334636
jacquelinehe/tinycomma-1.8b-llama3-tokenizer,bookmia100.32.007,attack_train,the adventures of tom sawyer,56,249,193.6717601842247,0.7777982336715851,3.4636754989624023,4.453179949525179,3.458424289004012
jacquelinehe/tinycomma-1.8b-llama3-tokenizer,bookmia100.32.008,attack_train,the adventures of tom sawyer,43,247,159.22261791230994,0.6446259834506476,3.4081738789876304,5.2870563186793404,3.7028515793560453
jacquelinehe/tinycomma-1.8b-llama3-tokenizer,bookmia100.32.009,attack_train,the adventures of tom sawyer,69,247,212.75450367014855,0.8613542658710468,4.150180816650391,4.818204287237736,3.0833986039151964
jacquelinehe/tinycomma-1.8b-llama3-tokenizer,bookmia100.32.010,attack_train,the adventures of tom sawyer,67,247,203.2482183324173,0.8228672806980458,6.504444599151611,7.904609591031292,3.033555497498766
jacquelinehe/tinycomma-1.8b-llama3-tokenizer,bookmia100.32.011,attack_train,the adventures of tom sawyer,59,247,216.02084856294096,0.8745783342629189,7.086691379547119,8.102980718725068,3.661370314626118
jacquelinehe/tinycomma-1.8b-llama3-tokenizer,bookmia100.32.012,attack_train,the adventures of tom sawyer,63,248,243.40321684628725,0.9814645840576098,13.131162643432617,13.379150767871057,3.863543124544242
jacquelinehe/tinycomma-1.8b-llama3-tokenizer,bookmia100.32.013,attack_train,the adventures of tom sawyer,71,246,197.70218411483802,0.8036674151009675,6.3151350021362305,7.85789604440145,2.7845378044343385
jacquelinehe/tinycomma-1.8b-llama3-tokenizer,bookmia100.32.014,attack_train,the adventures of tom sawyer,58,246,180.29849197197473,0.732920699073068,4.573863983154297,6.240598729083389,3.1085946891719782
jacquelinehe/tinycomma-1.8b-llama3-tokenizer,bookmia100.32.015,attack_train,the adventures of tom sawyer,69,248,198.55266689136624,0.8006155923038961,5.109294255574544,6.3817071572035635,2.877574882483569
jacquelinehe/tinycomma-1.8b-llama3-tokenizer,bookmia100.32.016,attack_train,the adventures of tom sawyer,54,221,178.48803595625213,0.8076381717477472,4.215451240539551,5.21947994535377,3.3053339991898545
jacquelinehe/tinycomma-1.8b-llama3-tokenizer,bookmia100.32.017,attack_train,the adventures of tom sawyer,64,247,168.74750614061486,0.6831882839701007,10.502776145935059,15.373179535371989,2.636679783447107
jacquelinehe/tinycomma-1.8b-llama3-tokenizer,bookmia100.32.018,attack_train,the adventures of tom sawyer,72,249,200.2314876004093,0.8041425204835715,13.695343017578125,17.030989742144744,2.7809928833390183
jacquelinehe/tinycomma-1.8b-llama3-tokenizer,bookmia100.32.019,attack_train,the adventures of tom sawyer,66,249,207.975488789496,0.8352429268654459,2.7601866722106934,3.304651357622748,3.151143769537818
jacquelinehe/tinycomma-1.8b-llama3-tokenizer,bookmia100.32.020,attack_train,the adventures of tom sawyer,73,247,179.08770861150697,0.7250514518684492,7.953877925872803,10.97008757844116,2.4532562823494106
jacquelinehe/tinycomma-1.8b-llama3-tokenizer,bookmia100.32.021,attack_train,the adventures of tom sawyer,50,247,177.12108507938683,0.7170894132768698,15.564075469970703,21.704511573874512,3.5424217015877364
jacquelinehe/tinycomma-1.8b-llama3-tokenizer,bookmia100.32.022,attack_train,the adventures of tom sawyer,67,248,211.84109952673316,0.8541979819626337,4.591902256011963,5.3756884855445985,3.161807455622883
jacquelinehe/tinycomma-1.8b-llama3-tokenizer,bookmia100.32.023,attack_train,the adventures of tom sawyer,58,249,177.85346118733287,0.7142709284631842,3.1413931846618652,4.398041498652122,3.0664389859884977
jacquelinehe/tinycomma-1.8b-llama3-tokenizer,bookmia100.32.024,attack_train,the adventures of tom sawyer,66,248,175.88113798061386,0.7091981370186042,3.5344592730204263,4.983740210992274,2.6648657269789977
jacquelinehe/tinycomma-1.8b-llama3-tokenizer,bookmia100.32.025,attack_train,the adventures of tom sawyer,52,247,217.61631858348846,0.8810377270586578,4.239260355631511,4.811667225402788,4.1849292035286245
jacquelinehe/tinycomma-1.8b-llama3-tokenizer,bookmia100.32.026,attack_train,the adventures of tom sawyer,54,249,235.21044993540272,0.9446202808650712,4.497045516967773,4.760691261942244,4.3557490728778285
jacquelinehe/tinycomma-1.8b-llama3-tokenizer,bookmia100.32.027,attack_train,the adventures of tom sawyer,55,245,203.60959688574076,0.8310595791254725,4.123414357503255,4.961635075360471,3.701992670649832
jacquelinehe/tinycomma-1.8b-llama3-tokenizer,bookmia100.32.028,attack_train,the adventures of tom sawyer,64,247,168.7225850345567,0.6830873888038732,3.419394016265869,5.005792922415728,2.6362903911649482
jacquelinehe/tinycomma-1.8b-llama3-tokenizer,bookmia100.32.029,attack_train,the adventures of tom sawyer,51,248,182.41763904690742,0.7355549961568848,6.638792673746745,9.025555816265264,3.5768164519001457
jacquelinehe/tinycomma-1.8b-llama3-tokenizer,bookmia100.32.030,attack_train,the adventures of tom sawyer,66,249,148.0503696133528,0.5945797976439872,3.586014747619629,6.031174893309787,2.2431874183841334
jacquelinehe/tinycomma-1.8b-llama3-tokenizer,bookmia100.32.031,attack_train,the adventures of tom sawyer,68,245,203.22539262892678,0.8294913984854154,13.679991722106934,16.49202360275887,2.988608715131276
jacquelinehe/tinycomma-1.8b-llama3-tokenizer,bookmia100.32.032,attack_train,the adventures of tom sawyer,57,243,182.14336053282022,0.7495611544560503,3.1170552571614585,4.158506932531044,3.1954975532073724
jacquelinehe/tinycomma-1.8b-llama3-tokenizer,bookmia100.32.033,attack_train,the adventures of tom sawyer,77,248,189.23467950616032,0.76304306252484,4.499673843383789,5.897011668640008,2.4575932403397442
jacquelinehe/tinycomma-1.8b-llama3-tokenizer,bookmia100.32.034,attack_train,the adventures of tom sawyer,54,246,181.05739802122116,0.7360056830130941,1.8199623823165894,2.47275588262572,3.3529147781707622
jacquelinehe/tinycomma-1.8b-llama3-tokenizer,bookmia100.32.035,attack_train,the adventures of tom sawyer,53,248,179.2557311654091,0.722805367602456,7.256697654724121,10.039628895942727,3.382183606894511
jacquelinehe/tinycomma-1.8b-llama3-tokenizer,bookmia100.32.036,attack_train,the adventures of tom sawyer,65,246,182.71730820520315,0.7427532853870047,2.842227554321289,3.8266105451696157,2.8110355108492793
jacquelinehe/tinycomma-1.8b-llama3-tokenizer,bookmia100.32.037,attack_train,the adventures of tom sawyer,53,247,199.64151056855917,0.8082652249739237,2.180429322378976,2.697665636238799,3.766820954123758
jacquelinehe/tinycomma-1.8b-llama3-tokenizer,bookmia100.32.038,attack_train,the adventures of tom sawyer,56,244,166.54932380176615,0.6825791959088776,4.120745023091634,6.037021121929626,2.974095067888681
jacquelinehe/tinycomma-1.8b-llama3-tokenizer,bookmia100.32.039,attack_train,the adventures of tom sawyer,63,249,201.90421105641872,0.8108602853671435,7.017003536224365,8.653776319859084,3.2048287469272814
jacquelinehe/tinycomma-1.8b-llama3-tokenizer,bookmia100.32.040,attack_train,the adventures of tom sawyer,54,249,189.98967045603786,0.7630107247230437,3.252997398376465,4.263370478255378,3.5183272306673676
jacquelinehe/tinycomma-1.8b-llama3-tokenizer,bookmia100.32.041,attack_train,the adventures of tom sawyer,55,249,190.4332263180986,0.764792073566661,4.632432301839192,6.057113380157723,3.462422296692702
jacquelinehe/tinycomma-1.8b-llama3-tokenizer,bookmia100.32.042,attack_train,the adventures of tom sawyer,59,248,164.55503059946932,0.6635283491914086,7.186319828033447,10.830463893201951,2.7890683152452427
jacquelinehe/tinycomma-1.8b-llama3-tokenizer,bookmia100.32.043,attack_train,the adventures of tom sawyer,65,249,169.27566556469537,0.6798219500590176,9.765748977661133,14.365156901470064,2.6042410086876213
jacquelinehe/tinycomma-1.8b-llama3-tokenizer,bookmia100.32.044,attack_train,the adventures of tom sawyer,44,247,151.74126699380577,0.614337113335246,6.262797037760417,10.194397997151095,3.448665158950131
jacquelinehe/tinycomma-1.8b-llama3-tokenizer,bookmia100.32.045,attack_train,the adventures of tom sawyer,60,249,202.22334342449903,0.8121419414638515,3.8585545221964517,4.751083924124852,3.3703890570749837
jacquelinehe/tinycomma-1.8b-llama3-tokenizer,bookmia100.32.046,attack_train,the adventures of tom sawyer,55,247,187.9487443547696,0.76092609050514,4.458385467529297,5.859157049759724,3.417249897359447
jacquelinehe/tinycomma-1.8b-llama3-tokenizer,bookmia100.32.047,attack_train,the adventures of tom sawyer,55,239,188.62213256768882,0.7892139437978611,3.0874338150024414,3.9120365767298404,3.429493319412524
jacquelinehe/tinycomma-1.8b-llama3-tokenizer,bookmia100.32.048,attack_train,the adventures of tom sawyer,52,248,181.04789565317333,0.7300318373111828,3.8439807891845703,5.265497465620856,3.481690301022564
jacquelinehe/tinycomma-1.8b-llama3-tokenizer,bookmia100.32.049,attack_train,the adventures of tom sawyer,61,242,207.87971994280815,0.8590071072016866,3.774782180786133,4.394355004911327,3.4078642613575107
jacquelinehe/tinycomma-1.8b-llama3-tokenizer,bookmia100.32.050,attack_train,the adventures of tom sawyer,65,241,230.90341126918793,0.9581054409509873,5.481678009033203,5.721372382138077,3.552360173372122
jacquelinehe/tinycomma-1.8b-llama3-tokenizer,bookmia100.32.051,attack_train,the adventures of tom sawyer,65,245,209.42347213812172,0.8547896821964152,1.8287037743462458,2.1393610761039143,3.221899571355719
jacquelinehe/tinycomma-1.8b-llama3-tokenizer,bookmia100.32.052,attack_train,the adventures of tom sawyer,54,248,113.81050604418851,0.4589133308233408,3.2744964599609374,7.135326520339106,2.107601963781269
jacquelinehe/tinycomma-1.8b-llama3-tokenizer,bookmia100.32.053,attack_train,the adventures of tom sawyer,75,244,173.7969564134255,0.7122826082517438,4.5588579177856445,6.400349896195129,2.3172927521790068
jacquelinehe/tinycomma-1.8b-llama3-tokenizer,bookmia100.32.054,attack_train,the adventures of tom sawyer,54,241,172.78977917227894,0.7169700380592487,2.9684252738952637,4.140236155377472,3.199810725412573
jacquelinehe/tinycomma-1.8b-llama3-tokenizer,bookmia100.32.055,attack_train,the adventures of tom sawyer,66,249,217.15999712760095,0.8721285025204857,3.5947837829589844,4.1218510489795,3.2903029867818323
jacquelinehe/tinycomma-1.8b-llama3-tokenizer,bookmia100.32.056,attack_train,the adventures of tom sawyer,45,241,173.27061633765697,0.7189652130193236,8.241575241088867,11.463107104275654,3.8504581408368215
jacquelinehe/tinycomma-1.8b-llama3-tokenizer,bookmia100.32.057,attack_train,the adventures of tom sawyer,55,246,154.61320222355425,0.6285089521282693,6.840672969818115,10.88397062071128,2.8111491313373502
jacquelinehe/tinycomma-1.8b-llama3-tokenizer,bookmia100.32.058,attack_train,the adventures of tom sawyer,50,246,188.74098225031048,0.7672397652451646,1.4689985911051433,1.9146538769868608,3.7748196450062097
jacquelinehe/tinycomma-1.8b-llama3-tokenizer,bookmia100.32.059,attack_train,the adventures of tom sawyer,51,247,214.29565678164363,0.8675937521524033,5.85212516784668,6.745236642527923,4.2018756231694825
jacquelinehe/tinycomma-1.8b-llama3-tokenizer,bookmia100.32.060,attack_train,the adventures of tom sawyer,56,245,158.37772050662898,0.6464396755372611,3.3490257263183594,5.180724285734717,2.8281735804755175
jacquelinehe/tinycomma-1.8b-llama3-tokenizer,bookmia100.32.061,attack_train,the adventures of tom sawyer,60,248,187.1777453589748,0.7547489732216726,6.810768763224284,9.02388609308374,3.1196290893162466
jacquelinehe/tinycomma-1.8b-llama3-tokenizer,bookmia100.32.062,attack_train,the adventures of tom sawyer,55,239,202.9807065211935,0.8492916590844917,7.269571781158447,8.55957044131907,3.6905583003853364
jacquelinehe/tinycomma-1.8b-llama3-tokenizer,bookmia100.32.063,attack_train,the adventures of tom sawyer,56,245,199.99322157353163,0.8162988635654352,2.626946449279785,3.218118469264789,3.571307528098779
jacquelinehe/tinycomma-1.8b-llama3-tokenizer,bookmia100.32.064,attack_train,the adventures of tom sawyer,52,242,186.81004865236173,0.7719423498031477,2.543990135192871,3.2955701106975304,3.5925009356223407
jacquelinehe/tinycomma-1.8b-llama3-tokenizer,bookmia100.32.065,attack_train,the adventures of tom sawyer,63,249,151.98504653642885,0.6103817129977063,3.198765516281128,5.2405985437724745,2.4124610561337914
jacquelinehe/tinycomma-1.8b-llama3-tokenizer,bookmia100.32.066,attack_train,the adventures of tom sawyer,57,247,159.53104782104492,0.6458746875345949,2.8708718617757163,4.44493632771751,2.7987903126499107
jacquelinehe/tinycomma-1.8b-llama3-tokenizer,bookmia100.32.067,attack_train,the adventures of tom sawyer,47,245,154.06316156417597,0.6288292308741876,2.541697120666504,4.041951289594284,3.277939607748425
jacquelinehe/tinycomma-1.8b-llama3-tokenizer,bookmia100.32.068,attack_train,the adventures of tom sawyer,55,213,173.0252712504589,0.8123252171383047,5.638090133666992,6.940680917833753,3.1459140227356164
jacquelinehe/tinycomma-1.8b-llama3-tokenizer,bookmia100.32.069,attack_train,the adventures of tom sawyer,50,228,151.18934720009565,0.663111171930244,4.421637535095215,6.668018459445212,3.023786944001913
jacquelinehe/tinycomma-1.8b-llama3-tokenizer,bookmia100.32.070,attack_train,the adventures of tom sawyer,53,246,174.733017668128,0.7102968197891383,2.525087594985962,3.554975222521157,3.2968493899646796
jacquelinehe/tinycomma-1.8b-llama3-tokenizer,bookmia100.32.071,attack_train,the adventures of tom sawyer,53,249,147.73203828395344,0.5933013585700941,3.4398910999298096,5.79788171768262,2.7873969487538384
jacquelinehe/tinycomma-1.8b-llama3-tokenizer,bookmia100.32.072,attack_train,the adventures of tom sawyer,57,246,153.5455140657723,0.6241687563649281,1.8601520538330079,2.9802069310009593,2.693780948522321
jacquelinehe/tinycomma-1.8b-llama3-tokenizer,bookmia100.32.073,attack_train,the adventures of tom sawyer,59,246,171.35641507804394,0.6965707930001787,2.8856351375579834,4.1426301053039465,2.904346018271931
jacquelinehe/tinycomma-1.8b-llama3-tokenizer,bookmia100.32.074,attack_train,the adventures of tom sawyer,57,247,181.801893719472,0.736040055544421,4.888787587483724,6.64201295929156,3.1895069073591578
jacquelinehe/tinycomma-1.8b-llama3-tokenizer,bookmia100.32.075,attack_train,the adventures of tom sawyer,56,247,195.69483988343563,0.7922868011475127,3.9312636057535806,4.96191985031142,3.494550712204208
jacquelinehe/tinycomma-1.8b-llama3-tokenizer,bookmia100.32.076,attack_train,the adventures of tom sawyer,52,248,167.36239141225815,0.6748483524687828,3.4916796684265137,5.17402117920712,3.2185075271588106
jacquelinehe/tinycomma-1.8b-llama3-tokenizer,bookmia100.32.077,attack_train,the adventures of tom sawyer,50,248,192.06881618569605,0.774471033006839,7.772078990936279,10.035338521005276,3.841376323713921
jacquelinehe/tinycomma-1.8b-llama3-tokenizer,bookmia100.32.078,attack_train,the adventures of tom sawyer,72,249,208.11550741177052,0.8358052506496808,3.0241358280181885,3.618230234456524,2.8904931584968128
jacquelinehe/tinycomma-1.8b-llama3-tokenizer,bookmia100.32.079,attack_train,the adventures of tom sawyer,54,249,160.52322503132746,0.6446715864711946,2.587958335876465,4.014382501394919,2.972652315394953
jacquelinehe/tinycomma-1.8b-llama3-tokenizer,bookmia100.32.080,attack_train,the adventures of tom sawyer,60,248,180.6914069056511,0.728594382684077,15.960933685302734,21.90647370420847,3.011523448427518
jacquelinehe/tinycomma-1.8b-llama3-tokenizer,bookmia100.32.081,attack_train,the adventures of tom sawyer,51,240,174.65524507081136,0.7277301877950474,8.798786163330078,12.090725808681313,3.4246126484472814
jacquelinehe/tinycomma-1.8b-llama3-tokenizer,bookmia100.32.082,attack_train,the adventures of tom sawyer,57,249,188.90730686485767,0.7586638829913963,3.4204001426696777,4.508452582694604,3.3141632783308363
jacquelinehe/tinycomma-1.8b-llama3-tokenizer,bookmia100.32.083,attack_train,the adventures of tom sawyer,68,245,196.96301226217474,0.8039306622945908,3.851136843363444,4.79038432539875,2.896514886208452
jacquelinehe/tinycomma-1.8b-llama3-tokenizer,bookmia100.32.084,attack_train,the adventures of tom sawyer,59,248,179.42594600096345,0.7234917177458203,3.0721750259399414,4.246316786475321,3.041117728829889
jacquelinehe/tinycomma-1.8b-llama3-tokenizer,bookmia100.32.085,attack_train,the adventures of tom sawyer,55,241,195.3701921850443,0.8106646978632543,7.6246337890625,9.40540991751518,3.5521853124553506
jacquelinehe/tinycomma-1.8b-llama3-tokenizer,bookmia100.32.086,attack_train,the adventures of tom sawyer,45,247,183.14504171349108,0.7414779016740529,0.8549752398712994,1.1530690772321073,4.069889815855357
jacquelinehe/tinycomma-1.8b-llama3-tokenizer,bookmia100.32.087,attack_train,the adventures of tom sawyer,66,249,164.98822711408138,0.6626033217432987,3.616101026535034,5.457414576523901,2.499821622940627
jacquelinehe/tinycomma-1.8b-llama3-tokenizer,bookmia100.32.088,attack_train,the adventures of tom sawyer,58,249,132.92981111246627,0.5338546631022741,4.010937690734863,7.513164102429992,2.291893295042522
jacquelinehe/tinycomma-1.8b-llama3-tokenizer,bookmia100.32.089,attack_train,the adventures of tom sawyer,70,245,234.52533588837832,0.9572462689321564,2.869928995768229,2.998109356926239,3.3503619412625474
jacquelinehe/tinycomma-1.8b-llama3-tokenizer,bookmia100.32.090,attack_train,the adventures of tom sawyer,63,249,205.86033472022973,0.826748332209758,1.4883663058280945,1.800265265549365,3.267624360638567
jacquelinehe/tinycomma-1.8b-llama3-tokenizer,bookmia100.32.091,attack_train,the adventures of tom sawyer,42,247,147.60827879607677,0.5976043675954525,0.6329581097486507,1.0591591093877863,3.5144828284780183
jacquelinehe/tinycomma-1.8b-llama3-tokenizer,bookmia100.32.092,attack_train,the adventures of tom sawyer,56,248,159.10551637457684,0.6415545015103905,3.4506702423095703,5.378608106070134,2.8411699352603006
jacquelinehe/tinycomma-1.8b-llama3-tokenizer,bookmia100.32.093,attack_train,the adventures of tom sawyer,43,201,142.13876647269353,0.7071580421527042,11.351605415344238,16.05243062892717,3.3055527086672916
jacquelinehe/tinycomma-1.8b-llama3-tokenizer,bookmia100.32.094,attack_train,the adventures of tom sawyer,47,245,184.78797177644446,0.7542366194956917,3.1818933486938477,4.218693797738659,3.9316589739669037
jacquelinehe/tinycomma-1.8b-llama3-tokenizer,bookmia100.32.095,attack_train,the adventures of tom sawyer,57,246,185.85749373678118,0.7555182672226878,1.8312566930597478,2.423841715689434,3.2606577848558103
jacquelinehe/tinycomma-1.8b-llama3-tokenizer,bookmia100.32.096,attack_train,the adventures of tom sawyer,55,248,196.5471814686898,0.7925289575350396,3.759646415710449,4.7438599939665,3.573585117612542
jacquelinehe/tinycomma-1.8b-llama3-tokenizer,bookmia100.32.097,attack_train,the adventures of tom sawyer,55,248,176.86246716603637,0.7131551095404692,3.1972033977508545,4.483180944761111,3.2156812212006614
jacquelinehe/tinycomma-1.8b-llama3-tokenizer,bookmia100.32.098,attack_train,the adventures of tom sawyer,57,245,183.79992063622922,0.7502037576988948,15.165761947631836,20.21552383868335,3.224560011161916
jacquelinehe/tinycomma-1.8b-llama3-tokenizer,bookmia100.32.099,attack_train,the adventures of tom sawyer,55,245,144.70268231863156,0.5906231931372716,5.91226323445638,10.010211761328955,2.630957860338756
jacquelinehe/tinycomma-1.8b-llama3-tokenizer,bookmia100.33.000,attack_train,the age of innocence,67,246,124.2331753858598,0.5050129080726008,3.0829148292541504,6.1046258025764155,1.854226498296415
jacquelinehe/tinycomma-1.8b-llama3-tokenizer,bookmia100.33.001,attack_train,the age of innocence,55,248,184.38992964819772,0.743507780839507,4.842057545979817,6.512450401679145,3.3525441754217766
jacquelinehe/tinycomma-1.8b-llama3-tokenizer,bookmia100.33.002,attack_train,the age of innocence,49,247,138.73788614571095,0.561691846743769,2.3463613510131838,4.177310681320144,2.8313854315451215
jacquelinehe/tinycomma-1.8b-llama3-tokenizer,bookmia100.33.003,attack_train,the age of innocence,54,243,162.9963182747597,0.670766741871439,5.433541615804036,8.100493475040901,3.018450338421476
jacquelinehe/tinycomma-1.8b-llama3-tokenizer,bookmia100.33.004,attack_train,the age of innocence,56,244,178.83585365861654,0.7329338264697399,7.347973823547363,10.025425977321479,3.1934973867610097
jacquelinehe/tinycomma-1.8b-llama3-tokenizer,bookmia100.33.005,attack_train,the age of innocence,59,246,200.89057620754465,0.8166283585672547,7.324458122253418,8.969144954877539,3.4049250204668584
jacquelinehe/tinycomma-1.8b-llama3-tokenizer,bookmia100.33.006,attack_train,the age of innocence,60,243,173.52332093333825,0.7140877404664125,12.701745986938477,17.787374389934524,2.892055348888971
jacquelinehe/tinycomma-1.8b-llama3-tokenizer,bookmia100.33.007,attack_train,the age of innocence,51,243,156.23423764759445,0.642939249578578,3.881656010945638,6.0373604714440985,3.0634164244626363
jacquelinehe/tinycomma-1.8b-llama3-tokenizer,bookmia100.33.008,attack_train,the age of innocence,54,245,187.80698885698803,0.7665591381917879,4.6322816212972,6.042954014251455,3.477907201055334
jacquelinehe/tinycomma-1.8b-llama3-tokenizer,bookmia100.33.009,attack_train,the age of innocence,57,244,210.24112118035555,0.8616439392637523,2.4345784187316895,2.825504025261247,3.688440722462378
jacquelinehe/tinycomma-1.8b-llama3-tokenizer,bookmia100.33.010,attack_train,the age of innocence,60,248,191.95754314633086,0.7740223513964954,4.607316017150879,5.952432780317434,3.199292385772181
jacquelinehe/tinycomma-1.8b-llama3-tokenizer,bookmia100.33.011,attack_train,the age of innocence,63,248,244.46786401513964,0.9857575161900792,9.19135856628418,9.324157731820785,3.8804422859545973
jacquelinehe/tinycomma-1.8b-llama3-tokenizer,bookmia100.33.012,attack_train,the age of innocence,48,246,198.13585863931803,0.8054303196720245,3.0916341145833335,3.8384873763409644,4.127830388319126
jacquelinehe/tinycomma-1.8b-llama3-tokenizer,bookmia100.33.013,attack_train,the age of innocence,58,245,195.35772636369802,0.7973784749538695,1.562361240386963,1.959372229702275,3.368236661443069
jacquelinehe/tinycomma-1.8b-llama3-tokenizer,bookmia100.33.014,attack_train,the age of innocence,51,242,200.4310980408918,0.8282276778549248,2.664195251464844,3.2167425971141155,3.930021530213565
jacquelinehe/tinycomma-1.8b-llama3-tokenizer,bookmia100.33.015,attack_train,the age of innocence,60,244,167.6435592927446,0.6870637675932156,5.419225692749023,7.887514883418421,2.7940593215457437
jacquelinehe/tinycomma-1.8b-llama3-tokenizer,bookmia100.33.016,attack_train,the age of innocence,64,249,179.49069872149266,0.7208461796043882,7.305454254150391,10.13455361331004,2.804542167523323
jacquelinehe/tinycomma-1.8b-llama3-tokenizer,bookmia100.33.017,attack_train,the age of innocence,59,244,207.55891702426015,0.8506512992797547,6.625262260437012,7.788458403633324,3.517947746173901
jacquelinehe/tinycomma-1.8b-llama3-tokenizer,bookmia100.33.018,attack_train,the age of innocence,52,246,186.2550442967331,0.7571343264094842,8.526227951049805,11.261182664221895,3.581827774937175
jacquelinehe/tinycomma-1.8b-llama3-tokenizer,bookmia100.33.019,attack_train,the age of innocence,58,249,147.91653762798524,0.5940423197911053,1.9699271065848214,3.316139340506153,2.5502851315169868
jacquelinehe/tinycomma-1.8b-llama3-tokenizer,bookmia100.33.020,attack_train,the age of innocence,52,247,184.9573036347938,0.7488149944728494,3.1225016117095947,4.169923992918668,3.5568712237460343
jacquelinehe/tinycomma-1.8b-llama3-tokenizer,bookmia100.33.021,attack_train,the age of innocence,51,248,178.41833890299313,0.7194287858991658,5.035940170288086,6.999914750414111,3.498398802019473
jacquelinehe/tinycomma-1.8b-llama3-tokenizer,bookmia100.33.022,attack_train,the age of innocence,56,247,161.81900316290557,0.6551376646271481,3.2375388145446777,4.941768714194177,2.889625056480457
jacquelinehe/tinycomma-1.8b-llama3-tokenizer,bookmia100.33.023,attack_train,the age of innocence,57,245,194.9551484650001,0.7957352998571432,5.531625747680664,6.951590244486761,3.4202657625438615
jacquelinehe/tinycomma-1.8b-llama3-tokenizer,bookmia100.33.024,attack_train,the age of innocence,52,247,149.35479114204645,0.6046752677815646,2.514842224121094,4.158996337567367,2.872207521962432
jacquelinehe/tinycomma-1.8b-llama3-tokenizer,bookmia100.33.025,attack_train,the age of innocence,58,248,202.18338949466124,0.8152556028010534,17.599624633789062,21.58786100128636,3.485920508528642
jacquelinehe/tinycomma-1.8b-llama3-tokenizer,bookmia100.33.026,attack_train,the age of innocence,57,249,187.55982528999448,0.7532523104015842,6.724911212921143,8.92783350287484,3.2905232507016575
jacquelinehe/tinycomma-1.8b-llama3-tokenizer,bookmia100.33.027,attack_train,the age of innocence,59,249,207.36194539451753,0.832778897166737,6.507744471232097,7.814492530217335,3.5146092439748733
jacquelinehe/tinycomma-1.8b-llama3-tokenizer,bookmia100.33.028,attack_train,the age of innocence,57,246,219.02924156747758,0.8903627705995024,8.174487113952637,9.181074707839098,3.842618273113642
jacquelinehe/tinycomma-1.8b-llama3-tokenizer,bookmia100.33.029,attack_train,the age of innocence,56,247,171.64076377730817,0.6949018776409237,4.15913454691569,5.9852112661362495,3.065013638880503
jacquelinehe/tinycomma-1.8b-llama3-tokenizer,bookmia100.33.030,attack_train,the age of innocence,52,246,185.14670274290256,0.7526288729386283,1.9723919459751673,2.6206700498666655,3.560513514286588
jacquelinehe/tinycomma-1.8b-llama3-tokenizer,bookmia100.33.031,attack_train,the age of innocence,55,247,157.7940663768386,0.638842373995298,4.546496391296387,7.116773364394657,2.868983025033429
jacquelinehe/tinycomma-1.8b-llama3-tokenizer,bookmia100.33.032,attack_train,the age of innocence,54,247,195.59446468477836,0.7918804238250136,8.653589248657227,10.927898945724488,3.6221197163847845
jacquelinehe/tinycomma-1.8b-llama3-tokenizer,bookmia100.33.033,attack_train,the age of innocence,55,248,144.01840287898085,0.5807193664475034,3.3104934692382812,5.7006768854462635,2.6185164159814702
jacquelinehe/tinycomma-1.8b-llama3-tokenizer,bookmia100.33.034,attack_train,the age of innocence,59,242,170.15806413342943,0.7031324964191299,15.578838348388672,22.156333874095743,2.8840349853123635
jacquelinehe/tinycomma-1.8b-llama3-tokenizer,bookmia100.33.035,attack_train,the age of innocence,50,246,195.2534042732441,0.7937130255009922,5.543478488922119,6.984235247270979,3.905068085464882
jacquelinehe/tinycomma-1.8b-llama3-tokenizer,bookmia100.33.036,attack_train,the age of innocence,54,239,196.8881365149282,0.8237997343720845,3.4222567876180015,4.154233905193608,3.6460766021283
jacquelinehe/tinycomma-1.8b-llama3-tokenizer,bookmia100.33.037,attack_train,the age of innocence,53,248,162.24234414630337,0.654203000589933,11.290699005126953,17.258708680555532,3.0611763046472333
jacquelinehe/tinycomma-1.8b-llama3-tokenizer,bookmia100.33.038,attack_train,the age of innocence,52,247,178.10171226412058,0.7210595638223505,3.548243522644043,4.920874364157569,3.425032928156165
jacquelinehe/tinycomma-1.8b-llama3-tokenizer,bookmia100.33.039,attack_train,the age of innocence,61,247,177.22541437670588,0.7175117990959753,1.3741204857826232,1.9151190092120272,2.905334661913211
jacquelinehe/tinycomma-1.8b-llama3-tokenizer,bookmia100.33.040,attack_train,the age of innocence,51,240,149.1403836486861,0.6214182652028588,3.0502758026123047,4.908571204640336,2.9243212480134533
jacquelinehe/tinycomma-1.8b-llama3-tokenizer,bookmia100.33.041,attack_train,the age of innocence,50,243,139.05013649025932,0.5722227839105322,5.02489439646403,8.781360228483457,2.7810027298051865
jacquelinehe/tinycomma-1.8b-llama3-tokenizer,bookmia100.33.042,attack_train,the age of innocence,58,248,167.79261726976256,0.6765831341522683,3.270542621612549,4.8339109512542136,2.892976159823492
jacquelinehe/tinycomma-1.8b-llama3-tokenizer,bookmia100.33.043,attack_train,the age of innocence,55,247,175.66171500459313,0.7111810324072596,8.020519256591797,11.277746299621256,3.1938493637198753
jacquelinehe/tinycomma-1.8b-llama3-tokenizer,bookmia100.33.044,attack_train,the age of innocence,52,242,184.968023551628,0.7643306758331735,4.586818218231201,6.001091364325069,3.5570773759928462
jacquelinehe/tinycomma-1.8b-llama3-tokenizer,bookmia100.33.045,attack_train,the age of innocence,56,242,164.7655101699056,0.6808492155781224,16.405086517333984,24.095036231192694,2.942241253034029
jacquelinehe/tinycomma-1.8b-llama3-tokenizer,bookmia100.33.046,attack_train,the age of innocence,53,247,158.51536645833403,0.6417626172402188,4.787640571594238,7.460142493469937,2.9908559709119626
jacquelinehe/tinycomma-1.8b-llama3-tokenizer,bookmia100.33.047,attack_train,the age of innocence,64,247,196.0882184994407,0.7938794271232417,3.438772201538086,4.33160513303521,3.063878414053761
jacquelinehe/tinycomma-1.8b-llama3-tokenizer,bookmia100.33.048,attack_train,the age of innocence,50,240,162.32748354773503,0.6763645147822293,4.932768185933431,7.2930617708731305,3.2465496709547006
jacquelinehe/tinycomma-1.8b-llama3-tokenizer,bookmia100.33.049,attack_train,the age of innocence,57,249,167.86686850746628,0.6741641305520734,8.2046537399292,12.170113134334816,2.945032780832742
jacquelinehe/tinycomma-1.8b-llama3-tokenizer,bookmia100.33.050,attack_train,the age of innocence,58,242,167.244743872423,0.6910939829438967,5.336071014404297,7.7211944338943574,2.8835300667659136
jacquelinehe/tinycomma-1.8b-llama3-tokenizer,bookmia100.33.051,attack_train,the age of innocence,51,247,193.1891668785247,0.7821423760264158,16.59014892578125,21.211162359039527,3.7880228799710727
jacquelinehe/tinycomma-1.8b-llama3-tokenizer,bookmia100.33.052,attack_train,the age of innocence,54,248,142.56686611380428,0.5748663956201786,4.381880442301433,7.622432752525329,2.6401271502556347
jacquelinehe/tinycomma-1.8b-llama3-tokenizer,bookmia100.33.053,attack_train,the age of innocence,61,249,177.3689246037975,0.7123249984088252,6.593274116516113,9.255991480355194,2.9076872885868443
jacquelinehe/tinycomma-1.8b-llama3-tokenizer,bookmia100.33.054,attack_train,the age of innocence,65,247,176.43410926312208,0.7143081346685104,0.8239017154805917,1.1534261973132092,2.71437091174034
jacquelinehe/tinycomma-1.8b-llama3-tokenizer,bookmia100.33.055,attack_train,the age of innocence,63,246,173.10578625742346,0.7036820579570059,7.910355091094971,11.241376700808654,2.7477108929749754
jacquelinehe/tinycomma-1.8b-llama3-tokenizer,bookmia100.33.056,attack_train,the age of innocence,50,247,144.89791653491557,0.5866312410320468,5.8305002848307295,9.938952917974953,2.8979583306983114
jacquelinehe/tinycomma-1.8b-llama3-tokenizer,bookmia100.33.057,attack_train,the age of innocence,57,243,128.94545558653772,0.5306397349240235,8.215269088745117,15.481820429300063,2.262200975202416
jacquelinehe/tinycomma-1.8b-llama3-tokenizer,bookmia100.33.058,attack_train,the age of innocence,59,248,175.5831058844924,0.7079963946955339,16.73843002319336,23.641970705785216,2.975984845499871
jacquelinehe/tinycomma-1.8b-llama3-tokenizer,bookmia100.33.059,attack_train,the age of innocence,49,236,134.81410095165484,0.5712461904731138,2.6701265970865884,4.674213398036237,2.7513081826868335
jacquelinehe/tinycomma-1.8b-llama3-tokenizer,bookmia100.33.060,attack_train,the age of innocence,48,248,129.41020518928417,0.5218153435051781,6.7612223625183105,12.957116816652627,2.6960459414434204
jacquelinehe/tinycomma-1.8b-llama3-tokenizer,bookmia100.33.061,attack_train,the age of innocence,61,247,170.01334907033015,0.6883131541308913,5.615826606750488,8.15882505375245,2.7871040831201666
jacquelinehe/tinycomma-1.8b-llama3-tokenizer,bookmia100.33.062,attack_train,the age of innocence,57,245,168.65601975098252,0.6883919173509491,4.036760965983073,5.864044687679115,2.9588775394909215
jacquelinehe/tinycomma-1.8b-llama3-tokenizer,bookmia100.33.063,attack_train,the age of innocence,54,248,222.80528013408184,0.8984083876374268,4.759002049763997,5.297147839724534,4.126023706186701
jacquelinehe/tinycomma-1.8b-llama3-tokenizer,bookmia100.33.064,attack_train,the age of innocence,53,246,167.53264602576382,0.6810270163648936,4.68552811940511,6.880091401388119,3.1609933212408268
jacquelinehe/tinycomma-1.8b-llama3-tokenizer,bookmia100.33.065,attack_train,the age of innocence,58,245,179.92028641700745,0.7343685159877855,3.4825358390808105,4.742218332163268,3.1020739037415077
jacquelinehe/tinycomma-1.8b-llama3-tokenizer,bookmia100.33.066,attack_train,the age of innocence,58,249,190.93413779034745,0.766803766226295,4.753780047098796,6.199474046004993,3.291967892937025
jacquelinehe/tinycomma-1.8b-llama3-tokenizer,bookmia100.33.067,attack_train,the age of innocence,61,246,176.88473911874462,0.7190436549542464,3.238248586654663,4.50354935245304,2.899749821618764
jacquelinehe/tinycomma-1.8b-llama3-tokenizer,bookmia100.33.068,attack_train,the age of innocence,53,247,163.6796990269795,0.6626708462630749,3.5415658950805664,5.344381626341524,3.0882962080562173
jacquelinehe/tinycomma-1.8b-llama3-tokenizer,bookmia100.33.069,attack_train,the age of innocence,49,241,212.85829081118573,0.8832294224530528,2.558285713195801,2.896513236719969,4.344046751248689
jacquelinehe/tinycomma-1.8b-llama3-tokenizer,bookmia100.33.070,attack_train,the age of innocence,52,246,196.256609819422,0.7977910968269187,7.393625259399414,9.267620670130723,3.774165573450423
jacquelinehe/tinycomma-1.8b-llama3-tokenizer,bookmia100.33.071,attack_train,the age of innocence,54,249,150.40448580903467,0.6040340795543561,7.134369373321533,11.81120339863129,2.785268255722864
jacquelinehe/tinycomma-1.8b-llama3-tokenizer,bookmia100.33.072,attack_train,the age of innocence,54,246,151.4805133737391,0.6157744446086955,1.5280380249023438,2.481489834923828,2.8051946921062796
jacquelinehe/tinycomma-1.8b-llama3-tokenizer,bookmia100.33.073,attack_train,the age of innocence,64,247,189.5279229542939,0.7673195261307445,7.902343273162842,10.298634407247382,2.961373796160842
jacquelinehe/tinycomma-1.8b-llama3-tokenizer,bookmia100.33.074,attack_train,the age of innocence,58,247,163.1183177307248,0.6603980474928131,5.647909164428711,8.552280228372686,2.8123847884607724
jacquelinehe/tinycomma-1.8b-llama3-tokenizer,bookmia100.33.075,attack_train,the age of innocence,50,246,166.8044699798338,0.6780669511375358,4.227113405863444,6.234064938236515,3.336089399596676
jacquelinehe/tinycomma-1.8b-llama3-tokenizer,bookmia100.33.076,attack_train,the age of innocence,56,247,183.80197917111218,0.7441375674943813,2.5591397966657365,3.439068135321712,3.282178199484146
jacquelinehe/tinycomma-1.8b-llama3-tokenizer,bookmia100.33.077,attack_train,the age of innocence,58,242,147.4302124939859,0.6092157541073797,2.343405342102051,3.8465934708723974,2.5419002154135497
jacquelinehe/tinycomma-1.8b-llama3-tokenizer,bookmia100.33.078,attack_train,the age of innocence,59,248,207.21861448325217,0.8355589293679523,7.087807655334473,8.482714272105204,3.5121799064957995
jacquelinehe/tinycomma-1.8b-llama3-tokenizer,bookmia100.33.079,attack_train,the age of innocence,62,247,169.0749543015845,0.684513985026658,5.670399983723958,8.28383365097081,2.7270153919610407
jacquelinehe/tinycomma-1.8b-llama3-tokenizer,bookmia100.33.080,attack_train,the age of innocence,51,246,172.94777888059616,0.7030397515471388,3.7829582691192627,5.380859703586213,3.391132919227376
jacquelinehe/tinycomma-1.8b-llama3-tokenizer,bookmia100.33.081,attack_train,the age of innocence,56,249,163.0336964824237,0.6547538011342316,4.574242909749349,6.986202908368575,2.9113160086147087
jacquelinehe/tinycomma-1.8b-llama3-tokenizer,bookmia100.33.082,attack_train,the age of innocence,57,248,180.94339532451704,0.7296104650182139,10.163339614868164,13.929816117172123,3.174445532009071
jacquelinehe/tinycomma-1.8b-llama3-tokenizer,bookmia100.33.083,attack_train,the age of innocence,54,242,204.1090742275992,0.8434259265603272,2.2786077771868025,2.701609833692754,3.7797976708814667
jacquelinehe/tinycomma-1.8b-llama3-tokenizer,bookmia100.33.084,attack_train,the age of innocence,52,247,144.76231411099434,0.5860822433643496,16.32979393005371,27.862632104863096,2.7838906559806604
jacquelinehe/tinycomma-1.8b-llama3-tokenizer,bookmia100.33.085,attack_train,the age of innocence,58,246,172.5943076738622,0.7016028767230171,3.104311943054199,4.42459979291068,2.9757639254114174
jacquelinehe/tinycomma-1.8b-llama3-tokenizer,bookmia100.33.086,attack_train,the age of innocence,56,249,173.87237800995354,0.6982826426102552,5.245064735412598,7.511377793676762,3.1048638930348846
jacquelinehe/tinycomma-1.8b-llama3-tokenizer,bookmia100.33.087,attack_train,the age of innocence,55,248,170.4401143520954,0.6872585256132879,7.561331748962402,11.002165076402518,3.0989111700380985
jacquelinehe/tinycomma-1.8b-llama3-tokenizer,bookmia100.33.088,attack_train,the age of innocence,59,247,165.33698447607458,0.6693805039517189,4.029467582702637,6.019696658200362,2.802321770780925
jacquelinehe/tinycomma-1.8b-llama3-tokenizer,bookmia100.33.089,attack_train,the age of innocence,61,247,187.8838771916926,0.7606634704117109,6.31855583190918,8.306637662630553,3.0800635605195508
jacquelinehe/tinycomma-1.8b-llama3-tokenizer,bookmia100.33.090,attack_train,the age of innocence,53,243,172.99051194949425,0.7118951109032685,2.4217769304911294,3.4018732442456647,3.263971923575363
jacquelinehe/tinycomma-1.8b-llama3-tokenizer,bookmia100.33.091,attack_train,the age of innocence,55,245,154.07143945805728,0.6288630181961522,2.739171346028646,4.355751994903055,2.801298899237405
jacquelinehe/tinycomma-1.8b-llama3-tokenizer,bookmia100.33.092,attack_train,the age of innocence,57,247,164.76481209194753,0.6670640165665892,3.5361948013305664,5.3011325952365596,2.8906107384552198
jacquelinehe/tinycomma-1.8b-llama3-tokenizer,bookmia100.33.093,attack_train,the age of innocence,57,247,161.1734490673989,0.652524085293113,1.8595775365829468,2.8498220655680884,2.8276043696034896
jacquelinehe/tinycomma-1.8b-llama3-tokenizer,bookmia100.33.094,attack_train,the age of innocence,54,248,197.14692984940484,0.7949472977798583,8.721454620361328,10.971110468226948,3.6508690712852747
jacquelinehe/tinycomma-1.8b-llama3-tokenizer,bookmia100.33.095,attack_train,the age of innocence,59,245,188.38389124276728,0.7689138418072133,3.107320785522461,4.0411820110029275,3.1929473091994454
jacquelinehe/tinycomma-1.8b-llama3-tokenizer,bookmia100.33.096,attack_train,the age of innocence,54,249,193.08083254937083,0.7754250303187583,3.527415466308594,4.549009031677194,3.5755709731364966
jacquelinehe/tinycomma-1.8b-llama3-tokenizer,bookmia100.33.097,attack_train,the age of innocence,61,249,175.53518316944246,0.7049605749776806,16.9140625,23.99291974666173,2.8776259535974176
jacquelinehe/tinycomma-1.8b-llama3-tokenizer,bookmia100.33.098,attack_train,the age of innocence,62,246,160.03592727705836,0.6505525499067413,6.7777814865112305,10.418499608498724,2.5812246335009412
jacquelinehe/tinycomma-1.8b-llama3-tokenizer,bookmia100.33.099,attack_train,the age of innocence,57,243,169.6838317606598,0.6982873735006576,5.906333287556966,8.458313169758902,2.976909329134383
jacquelinehe/tinycomma-1.8b-llama3-tokenizer,bookmia100.34.000,attack_train,the call of the wild,59,249,184.99991122132633,0.7429715310093427,3.7491979598999023,5.046220216280074,3.1355917156157003
jacquelinehe/tinycomma-1.8b-llama3-tokenizer,bookmia100.34.001,attack_train,the call of the wild,55,244,223.8648922862485,0.9174790667469201,2.2016422271728517,2.399664806499785,4.070270768840882
jacquelinehe/tinycomma-1.8b-llama3-tokenizer,bookmia100.34.002,attack_train,the call of the wild,56,249,178.18596239896578,0.7156062746946417,3.446038246154785,4.815550628905894,3.1818921856958178
jacquelinehe/tinycomma-1.8b-llama3-tokenizer,bookmia100.34.003,attack_train,the call of the wild,55,249,178.71492045000196,0.7177306042168753,5.218729019165039,7.271152976483786,3.2493621900000353
jacquelinehe/tinycomma-1.8b-llama3-tokenizer,bookmia100.34.004,attack_train,the call of the wild,54,245,183.35696936398745,0.7483957933223977,8.117400169372559,10.846400049012173,3.3954994326664343
jacquelinehe/tinycomma-1.8b-llama3-tokenizer,bookmia100.34.005,attack_train,the call of the wild,55,244,184.140865014866,0.7546756762904344,3.336659240722656,4.421315467756713,3.348015727543018
jacquelinehe/tinycomma-1.8b-llama3-tokenizer,bookmia100.34.006,attack_train,the call of the wild,51,248,204.6196542615071,0.8250792510544641,3.4267555872599282,4.153244167612361,4.0121500835589625
jacquelinehe/tinycomma-1.8b-llama3-tokenizer,bookmia100.34.007,attack_train,the call of the wild,57,248,188.42353395104874,0.7597723143187449,2.94967041015625,3.8823083633958055,3.305676034228925
jacquelinehe/tinycomma-1.8b-llama3-tokenizer,bookmia100.34.008,attack_train,the call of the wild,60,249,187.57132704311516,0.7532985021811854,14.467035293579102,19.204917110135778,3.1261887840519194
jacquelinehe/tinycomma-1.8b-llama3-tokenizer,bookmia100.34.009,attack_train,the call of the wild,53,243,195.83200140111148,0.8058930098811172,3.370680332183838,4.182540722969008,3.694943422662481
jacquelinehe/tinycomma-1.8b-llama3-tokenizer,bookmia100.34.010,attack_train,the call of the wild,57,249,191.5769912963733,0.7693855072143506,5.970564365386963,7.7601726434958245,3.360999847304795
jacquelinehe/tinycomma-1.8b-llama3-tokenizer,bookmia100.34.011,attack_train,the call of the wild,47,249,169.36343715712428,0.6801744464141537,2.7478097915649413,4.039860371190449,3.603477386321793
jacquelinehe/tinycomma-1.8b-llama3-tokenizer,bookmia100.34.012,attack_train,the call of the wild,57,242,189.39590320922434,0.7826276992116709,3.5722603797912598,4.564444094413658,3.32273514402148
jacquelinehe/tinycomma-1.8b-llama3-tokenizer,bookmia100.34.013,attack_train,the call of the wild,59,248,156.99015338721802,0.633024812045234,2.7757535934448243,4.384904889393937,2.660850057410475
jacquelinehe/tinycomma-1.8b-llama3-tokenizer,bookmia100.34.014,attack_train,the call of the wild,60,244,161.03734442562563,0.6599891164984657,5.780965328216553,8.75918281635784,2.683955740427094
jacquelinehe/tinycomma-1.8b-llama3-tokenizer,bookmia100.34.015,attack_train,the call of the wild,58,245,216.02253858867334,0.8817246473007075,9.272406578063965,10.51621569891497,3.72452652739092
jacquelinehe/tinycomma-1.8b-llama3-tokenizer,bookmia100.34.016,attack_train,the call of the wild,57,248,185.2360697911936,0.7469196362548128,7.1167521476745605,9.528136364655259,3.2497556103718175
jacquelinehe/tinycomma-1.8b-llama3-tokenizer,bookmia100.34.017,attack_train,the call of the wild,56,245,172.45417578163324,0.7038945950270744,3.5176377296447754,4.997392726832167,3.079538853243451
jacquelinehe/tinycomma-1.8b-llama3-tokenizer,bookmia100.34.018,attack_train,the call of the wild,56,247,169.94021216779947,0.688017053310929,3.4306647777557373,4.986307768457811,3.034646645853562
jacquelinehe/tinycomma-1.8b-llama3-tokenizer,bookmia100.34.019,attack_train,the call of the wild,56,249,164.0142123203841,0.6586916157445145,3.0336780548095703,4.605612068373794,2.928825220006859
jacquelinehe/tinycomma-1.8b-llama3-tokenizer,bookmia100.34.020,attack_train,the call of the wild,57,243,189.64560557412915,0.7804345908400376,9.405561447143555,12.051697294733792,3.327115887265424
jacquelinehe/tinycomma-1.8b-llama3-tokenizer,bookmia100.34.021,attack_train,the call of the wild,60,243,195.9163899406558,0.8062402878216288,4.578203519185384,5.67846036515389,3.2652731656775966
jacquelinehe/tinycomma-1.8b-llama3-tokenizer,bookmia100.34.022,attack_train,the call of the wild,57,245,180.6333714069333,0.7372790669670747,4.728350321451823,6.41324368654967,3.1690065159111103
jacquelinehe/tinycomma-1.8b-llama3-tokenizer,bookmia100.34.023,attack_train,the call of the wild,53,247,208.33558457531035,0.8434639051631998,15.897069931030273,18.847362446356716,3.9308600863266103
jacquelinehe/tinycomma-1.8b-llama3-tokenizer,bookmia100.34.024,attack_train,the call of the wild,56,249,178.18596239896578,0.7156062746946417,3.446038246154785,4.815550628905894,3.1818921856958178
jacquelinehe/tinycomma-1.8b-llama3-tokenizer,bookmia100.34.025,attack_train,the call of the wild,52,248,178.7580143008381,0.7207984447614441,4.605275789896647,6.389131141120612,3.4376541211699636
jacquelinehe/tinycomma-1.8b-llama3-tokenizer,bookmia100.34.026,attack_train,the call of the wild,59,249,191.99739332546596,0.7710738687769717,12.81246280670166,16.61638829367149,3.2541931072112877
jacquelinehe/tinycomma-1.8b-llama3-tokenizer,bookmia100.34.027,attack_train,the call of the wild,51,249,190.14794910512865,0.7636463819483078,3.3952372868855796,4.4460857369915585,3.728391158924091
jacquelinehe/tinycomma-1.8b-llama3-tokenizer,bookmia100.34.028,attack_train,the call of the wild,55,246,202.7868276317604,0.8243366976900829,4.336931228637695,5.261116289970394,3.6870332296683705
jacquelinehe/tinycomma-1.8b-llama3-tokenizer,bookmia100.34.029,attack_train,the call of the wild,52,248,189.42218949759263,0.7637991511999702,4.357718467712402,5.705319861728294,3.642734413415243
jacquelinehe/tinycomma-1.8b-llama3-tokenizer,bookmia100.34.030,attack_train,the call of the wild,63,249,176.72035098914057,0.7097202850969501,14.832921981811523,20.89967314346285,2.8050849363355645
jacquelinehe/tinycomma-1.8b-llama3-tokenizer,bookmia100.34.031,attack_train,the call of the wild,54,244,178.41815343825147,0.7312219403207028,3.1761209964752197,4.343580001281446,3.3040398784861384
jacquelinehe/tinycomma-1.8b-llama3-tokenizer,bookmia100.34.032,attack_train,the call of the wild,68,248,214.10519058513455,0.8633273813916715,2.926486015319824,3.3897755108871563,3.1486057438990374
jacquelinehe/tinycomma-1.8b-llama3-tokenizer,bookmia100.34.033,attack_train,the call of the wild,52,247,203.26196425547823,0.822922932208414,2.8227386474609375,3.4301373032414766,3.908883927989966
jacquelinehe/tinycomma-1.8b-llama3-tokenizer,bookmia100.34.034,attack_train,the call of the wild,54,245,179.91024412581464,0.7343275270441414,0.83761237348829,1.140652287487978,3.331671187515086
jacquelinehe/tinycomma-1.8b-llama3-tokenizer,bookmia100.34.035,attack_train,the call of the wild,53,248,196.0148175591603,0.7903823288675819,5.470101038614909,6.920829121334458,3.6983927841350996
jacquelinehe/tinycomma-1.8b-llama3-tokenizer,bookmia100.34.036,attack_train,the call of the wild,57,249,206.20739356428385,0.8281421428284492,16.591447830200195,20.034541139922567,3.6176735713032255
jacquelinehe/tinycomma-1.8b-llama3-tokenizer,bookmia100.34.037,attack_train,the call of the wild,53,248,238.36707830429077,0.9611575738076241,8.058749198913574,8.384420430657226,4.497492043477185
jacquelinehe/tinycomma-1.8b-llama3-tokenizer,bookmia100.34.038,attack_train,the call of the wild,48,249,151.73562167957425,0.6093800067452781,3.8850986480712892,6.375494117080981,3.1611587849911302
jacquelinehe/tinycomma-1.8b-llama3-tokenizer,bookmia100.34.039,attack_train,the call of the wild,59,249,193.0789316734299,0.775417396278835,8.353163719177246,10.772473972422336,3.2725242656513545
jacquelinehe/tinycomma-1.8b-llama3-tokenizer,bookmia100.34.040,attack_train,the call of the wild,55,245,182.96001549763605,0.746775573459739,14.317001342773438,19.171759028544756,3.3265457363206554
jacquelinehe/tinycomma-1.8b-llama3-tokenizer,bookmia100.34.041,attack_train,the call of the wild,51,246,171.84326579235494,0.6985498609445323,3.008889007568359,4.307336062596793,3.369475799850097
jacquelinehe/tinycomma-1.8b-llama3-tokenizer,bookmia100.34.042,attack_train,the call of the wild,53,244,160.19494637404568,0.6565366654674003,2.470891237258911,3.7635236038185913,3.022546158000862
jacquelinehe/tinycomma-1.8b-llama3-tokenizer,bookmia100.34.043,attack_train,the call of the wild,53,248,211.72779936576262,0.8537411264748492,5.861815134684245,6.8660334531241904,3.994864138976653
jacquelinehe/tinycomma-1.8b-llama3-tokenizer,bookmia100.34.044,attack_train,the call of the wild,53,248,202.80040342221037,0.8177435621863322,3.6062180201212564,4.409961981821801,3.8264227060794407
jacquelinehe/tinycomma-1.8b-llama3-tokenizer,bookmia100.34.045,attack_train,the call of the wild,51,242,195.43681573867798,0.8075901476804875,2.39007077898298,2.959509580258748,3.8320944262485876
jacquelinehe/tinycomma-1.8b-llama3-tokenizer,bookmia100.34.046,attack_train,the call of the wild,61,248,210.1957748569548,0.8475636082941727,3.0293807983398438,3.5742223577022734,3.4458323747041772
jacquelinehe/tinycomma-1.8b-llama3-tokenizer,bookmia100.34.047,attack_train,the call of the wild,57,248,180.79030596534722,0.7289931692151097,2.7143863677978515,3.7234729794798618,3.171759753778021
jacquelinehe/tinycomma-1.8b-llama3-tokenizer,bookmia100.34.048,attack_train,the call of the wild,57,246,162.6070945598185,0.6610044494301566,4.118930816650391,6.2313208635755295,2.8527560449090967
jacquelinehe/tinycomma-1.8b-llama3-tokenizer,bookmia100.34.049,attack_train,the call of the wild,61,248,185.51056957058609,0.7480264902039762,8.097646713256836,10.82534752351982,3.0411568782063294
jacquelinehe/tinycomma-1.8b-llama3-tokenizer,bookmia100.34.050,attack_train,the call of the wild,58,246,206.10109608777566,0.837809333690145,2.9665846824645996,3.5408828275978124,3.5534671739271664
jacquelinehe/tinycomma-1.8b-llama3-tokenizer,bookmia100.34.051,attack_train,the call of the wild,58,249,200.49513809062773,0.8052013577936856,7.742399215698242,9.615482066390223,3.456812725700478
jacquelinehe/tinycomma-1.8b-llama3-tokenizer,bookmia100.34.052,attack_train,the call of the wild,53,242,204.0986731350422,0.8433829468390173,8.467653274536133,10.04010492063271,3.850918361038532
jacquelinehe/tinycomma-1.8b-llama3-tokenizer,bookmia100.34.053,attack_train,the call of the wild,55,243,159.28124459274113,0.6554783728096343,17.4932918548584,26.687824618645116,2.8960226289589297
jacquelinehe/tinycomma-1.8b-llama3-tokenizer,bookmia100.34.054,attack_train,the call of the wild,51,248,168.58944085240364,0.6797961324693695,5.4642073313395185,8.038008853464206,3.305675310831444
jacquelinehe/tinycomma-1.8b-llama3-tokenizer,bookmia100.34.055,attack_train,the call of the wild,56,247,171.00204618414864,0.6923159764540431,4.816367785135905,6.956892443541093,3.053607967574083
jacquelinehe/tinycomma-1.8b-llama3-tokenizer,bookmia100.34.056,attack_train,the call of the wild,58,248,136.2543732628692,0.5494127954147952,3.623053789138794,6.594411013677729,2.3492133321184343
jacquelinehe/tinycomma-1.8b-llama3-tokenizer,bookmia100.34.057,attack_train,the call of the wild,55,249,199.81813422388223,0.8024824667625792,5.898266474405925,7.350025350960065,3.633056985888768
jacquelinehe/tinycomma-1.8b-llama3-tokenizer,bookmia100.34.058,attack_train,the call of the wild,57,248,170.09411764889956,0.6858633776165305,1.9649534225463867,2.8649341642571295,2.9841073271736764
jacquelinehe/tinycomma-1.8b-llama3-tokenizer,bookmia100.34.059,attack_train,the call of the wild,61,247,241.44075651094317,0.9774929413398509,4.987205187479655,5.102037034296827,3.9580451887039865
jacquelinehe/tinycomma-1.8b-llama3-tokenizer,bookmia100.34.060,attack_train,the call of the wild,64,247,200.25022570998408,0.8107296587448748,2.8948659896850586,3.5706921024287235,3.1289097767185012
jacquelinehe/tinycomma-1.8b-llama3-tokenizer,bookmia100.34.061,attack_train,the call of the wild,56,245,167.02106946647837,0.6817186508835852,3.648433208465576,5.35181662367135,2.9825190976156852
jacquelinehe/tinycomma-1.8b-llama3-tokenizer,bookmia100.34.062,attack_train,the call of the wild,54,241,158.44554417626932,0.6574503907729018,6.71602725982666,10.215260883686245,2.9341767440049873
jacquelinehe/tinycomma-1.8b-llama3-tokenizer,bookmia100.34.063,attack_train,the call of the wild,56,245,181.23556057363749,0.7397369819332142,7.8476057052612305,10.608643202821158,3.236349295957812
jacquelinehe/tinycomma-1.8b-llama3-tokenizer,bookmia100.34.064,attack_train,the call of the wild,51,247,161.7547192510101,0.6548774058745348,6.022731781005859,9.196731673713796,3.171661161784512
jacquelinehe/tinycomma-1.8b-llama3-tokenizer,bookmia100.34.065,attack_train,the call of the wild,65,247,243.13348239473999,0.9843460825697975,6.106103261311849,6.20320776344318,3.7405151137652304
jacquelinehe/tinycomma-1.8b-llama3-tokenizer,bookmia100.34.066,attack_train,the call of the wild,53,245,173.20367281411745,0.7069537665882345,3.660320520401001,5.177595329982811,3.267993826681461
jacquelinehe/tinycomma-1.8b-llama3-tokenizer,bookmia100.34.067,attack_train,the call of the wild,53,247,179.93205432058312,0.7284698555489195,6.295530796051025,8.642129455455905,3.394944421143078
jacquelinehe/tinycomma-1.8b-llama3-tokenizer,bookmia100.34.068,attack_train,the call of the wild,60,249,224.105336263543,0.9000214307772811,3.4008750915527344,3.7786601243657643,3.7350889377257164
jacquelinehe/tinycomma-1.8b-llama3-tokenizer,bookmia100.34.069,attack_train,the call of the wild,55,247,174.5252690166235,0.7065800365045486,5.393463134765625,7.633194905204351,3.1731867093931543
jacquelinehe/tinycomma-1.8b-llama3-tokenizer,bookmia100.34.070,attack_train,the call of the wild,56,248,191.48726094001904,0.7721260521774961,3.3111713409423826,4.288381840768678,3.4194153739289113
jacquelinehe/tinycomma-1.8b-llama3-tokenizer,bookmia100.34.071,attack_train,the call of the wild,57,245,177.95540225226432,0.726348580621487,16.63870620727539,22.9073294161858,3.1220246009169177
jacquelinehe/tinycomma-1.8b-llama3-tokenizer,bookmia100.34.072,attack_train,the call of the wild,58,249,204.5927394949831,0.8216575883332655,3.428911590576172,4.17316366241043,3.5274610257755707
jacquelinehe/tinycomma-1.8b-llama3-tokenizer,bookmia100.34.073,attack_train,the call of the wild,53,243,198.8101324364543,0.8181486931541329,13.208393096923828,16.144245181157395,3.7511345742727227
jacquelinehe/tinycomma-1.8b-llama3-tokenizer,bookmia100.34.074,attack_train,the call of the wild,56,248,186.12431544531137,0.7505012719569006,3.807143449783325,5.072800796001795,3.323648490094846
jacquelinehe/tinycomma-1.8b-llama3-tokenizer,bookmia100.34.075,attack_train,the call of the wild,57,246,196.7517399592325,0.7998038209724899,4.239680290222168,5.300900269602483,3.4517849115654826
jacquelinehe/tinycomma-1.8b-llama3-tokenizer,bookmia100.34.076,attack_train,the call of the wild,59,246,190.75273391878,0.7754176175560162,7.608860969543457,9.812597492336176,3.2330971850640675
jacquelinehe/tinycomma-1.8b-llama3-tokenizer,bookmia100.34.077,attack_train,the call of the wild,62,245,229.5062828832306,0.9367603382989004,4.776889801025391,5.099372385577223,3.7017142400521066
jacquelinehe/tinycomma-1.8b-llama3-tokenizer,bookmia100.34.078,attack_train,the call of the wild,57,249,171.47778958501294,0.688665821626558,6.25894037882487,9.088501537715194,3.0083822734212795
jacquelinehe/tinycomma-1.8b-llama3-tokenizer,bookmia100.34.079,attack_train,the call of the wild,61,247,188.09110301733017,0.7615024413657092,1.4354526731703017,1.8850270139592762,3.083460705202134
jacquelinehe/tinycomma-1.8b-llama3-tokenizer,bookmia100.34.080,attack_train,the call of the wild,62,245,215.1840922711417,0.8783024174332315,6.451327641805013,7.3452235969684585,3.470711165663576
jacquelinehe/tinycomma-1.8b-llama3-tokenizer,bookmia100.34.081,attack_train,the call of the wild,57,249,176.14072919124737,0.7073924867118369,6.255385875701904,8.842878590326471,3.0901882314253926
jacquelinehe/tinycomma-1.8b-llama3-tokenizer,bookmia100.34.082,attack_train,the call of the wild,56,248,158.4393048856873,0.6388681648616423,8.30920124053955,13.006128177225811,2.8292733015301303
jacquelinehe/tinycomma-1.8b-llama3-tokenizer,bookmia100.34.083,attack_train,the call of the wild,50,249,168.3894202336669,0.676262731862116,6.478415012359619,9.579730934634012,3.367788404673338
jacquelinehe/tinycomma-1.8b-llama3-tokenizer,bookmia100.34.084,attack_train,the call of the wild,58,247,155.7488788375631,0.6305622625002555,7.466461181640625,11.840957865184011,2.6853254971993636
jacquelinehe/tinycomma-1.8b-llama3-tokenizer,bookmia100.34.085,attack_train,the call of the wild,51,249,165.89824888282783,0.6662580276418788,3.138357162475586,4.710423037728092,3.2529068408397612
jacquelinehe/tinycomma-1.8b-llama3-tokenizer,bookmia100.34.086,attack_train,the call of the wild,53,248,169.99797482177382,0.6854757049265073,3.755997085571289,5.479402199927691,3.2075089589013928
jacquelinehe/tinycomma-1.8b-llama3-tokenizer,bookmia100.34.087,attack_train,the call of the wild,57,247,205.42824656132143,0.8316933059162811,15.249539375305176,18.335532180945805,3.6040043256372183
jacquelinehe/tinycomma-1.8b-llama3-tokenizer,bookmia100.34.088,attack_train,the call of the wild,52,246,198.41513995593414,0.806565609576968,4.158657391866048,5.156006334124763,3.8156757683833487
jacquelinehe/tinycomma-1.8b-llama3-tokenizer,bookmia100.34.089,attack_train,the call of the wild,58,248,233.02286734059453,0.9396083360507844,2.482731342315674,2.6423045082280816,4.017635643803354
jacquelinehe/tinycomma-1.8b-llama3-tokenizer,bookmia100.34.090,attack_train,the call of the wild,57,244,188.62022453546524,0.7730337071125625,4.566864013671875,5.907716535065512,3.3091267462362324
jacquelinehe/tinycomma-1.8b-llama3-tokenizer,bookmia100.34.091,attack_train,the call of the wild,64,248,175.5819898989139,0.7079918947536851,4.052672386169434,5.724179070693153,2.7434685921705295
jacquelinehe/tinycomma-1.8b-llama3-tokenizer,bookmia100.34.092,attack_train,the call of the wild,55,245,193.40340499579906,0.7894016530440778,4.1337432861328125,5.236552609425555,3.5164255453781648
jacquelinehe/tinycomma-1.8b-llama3-tokenizer,bookmia100.34.093,attack_train,the call of the wild,63,246,199.9991579267662,0.8130047070193748,1.8394596099853515,2.2625448464242597,3.174589808361368
jacquelinehe/tinycomma-1.8b-llama3-tokenizer,bookmia100.34.094,attack_train,the call of the wild,58,248,200.77845164842438,0.8095905308404209,2.7248137337820872,3.3656689770735198,3.4616974422142133
jacquelinehe/tinycomma-1.8b-llama3-tokenizer,bookmia100.34.095,attack_train,the call of the wild,55,245,168.33824265375733,0.6870948679745197,3.7098312377929688,5.399299879402599,3.060695320977406
jacquelinehe/tinycomma-1.8b-llama3-tokenizer,bookmia100.34.096,attack_train,the call of the wild,53,245,169.49824425962288,0.691829568406624,2.2406463623046875,3.2387259299500535,3.198080080370243
jacquelinehe/tinycomma-1.8b-llama3-tokenizer,bookmia100.34.097,attack_train,the call of the wild,63,246,206.81097166321706,0.8406950067610449,7.507599353790283,8.930229504651033,3.2827138359240804
jacquelinehe/tinycomma-1.8b-llama3-tokenizer,bookmia100.34.098,attack_train,the call of the wild,56,249,213.14654026040807,0.8560102018490284,18.00082015991211,21.028744892326472,3.8061882189358585
jacquelinehe/tinycomma-1.8b-llama3-tokenizer,bookmia100.34.099,attack_train,the call of the wild,51,246,192.94381374074146,0.7843244461005751,2.988525629043579,3.81031809463753,3.7832120341321853
jacquelinehe/tinycomma-1.8b-llama3-tokenizer,bookmia100.35.000,attack_train,the da vinci code,52,244,159.9967040680349,0.655724197000143,5.790067195892334,8.830034368689114,3.0768596936160555
jacquelinehe/tinycomma-1.8b-llama3-tokenizer,bookmia100.35.003,attack_train,the da vinci code,54,248,169.17371521773748,0.6821520774908769,3.404789606730143,4.991247141332174,3.13284657810625
jacquelinehe/tinycomma-1.8b-llama3-tokenizer,bookmia100.35.004,attack_train,the da vinci code,62,249,144.63249160186388,0.5808533799271641,1.7179741859436035,2.957672702462415,2.3327821226107077
jacquelinehe/tinycomma-1.8b-llama3-tokenizer,bookmia100.35.005,attack_train,the da vinci code,57,245,199.7323100520298,0.8152339185797134,2.8359556198120117,3.478701701657317,3.504075614947891
jacquelinehe/tinycomma-1.8b-llama3-tokenizer,bookmia100.35.006,attack_train,the da vinci code,53,245,172.12070170789957,0.7025334763587737,13.770934104919434,19.60181908525426,3.2475604095830106
jacquelinehe/tinycomma-1.8b-llama3-tokenizer,bookmia100.35.007,attack_train,the da vinci code,53,243,147.6171966129914,0.6074781753621045,3.793308893839518,6.244354196886842,2.7852301247734226
jacquelinehe/tinycomma-1.8b-llama3-tokenizer,bookmia100.35.008,attack_train,the da vinci code,62,247,174.1116074230522,0.7049052932107376,2.0732574462890625,2.9411858107146376,2.808251732629874
jacquelinehe/tinycomma-1.8b-llama3-tokenizer,bookmia100.35.009,attack_train,the da vinci code,57,248,195.40355175395962,0.7879175473949984,17.946788787841797,22.777496004724366,3.428132486911572
jacquelinehe/tinycomma-1.8b-llama3-tokenizer,bookmia100.35.010,attack_train,the da vinci code,54,243,197.1907706093043,0.8114846527131865,1.8029049237569172,2.2217363171674687,3.651680937209339
jacquelinehe/tinycomma-1.8b-llama3-tokenizer,bookmia100.35.011,attack_train,the da vinci code,52,248,158.246111223576,0.6380891581595807,2.668344259262085,4.181773385647707,3.043194446607231
jacquelinehe/tinycomma-1.8b-llama3-tokenizer,bookmia100.35.012,attack_train,the da vinci code,54,247,192.1911957404809,0.7781020070464814,6.166374206542969,7.924891788866198,3.559096217416313
jacquelinehe/tinycomma-1.8b-llama3-tokenizer,bookmia100.35.013,attack_train,the da vinci code,62,247,220.61877828621073,0.8931934343571285,6.19600772857666,6.936915891053549,3.5583673917130763
jacquelinehe/tinycomma-1.8b-llama3-tokenizer,bookmia100.35.014,attack_train,the da vinci code,54,241,131.0072319401661,0.5435984727807722,4.165584087371826,7.662979746912873,2.4260598507438167
jacquelinehe/tinycomma-1.8b-llama3-tokenizer,bookmia100.35.015,attack_train,the da vinci code,56,242,201.39547890934045,0.8322127227658697,4.207803249359131,5.056163086974257,3.596347837666794
jacquelinehe/tinycomma-1.8b-llama3-tokenizer,bookmia100.35.016,attack_train,the da vinci code,60,247,173.34002596337814,0.7017814816331098,9.729290008544922,13.863702966205338,2.889000432722969
jacquelinehe/tinycomma-1.8b-llama3-tokenizer,bookmia100.35.017,attack_train,the da vinci code,52,247,157.8181092259474,0.6389397134653741,6.3815460205078125,9.987712277104599,3.034963638960527
jacquelinehe/tinycomma-1.8b-llama3-tokenizer,bookmia100.35.019,attack_train,the da vinci code,57,246,201.08349527424434,0.8174125824156274,2.6911367416381835,3.292262438247897,3.527780618846392
jacquelinehe/tinycomma-1.8b-llama3-tokenizer,bookmia100.35.020,attack_train,the da vinci code,71,249,269.0079816170037,1.080353339827324,5.269814809163411,4.877862283468945,3.788844811507094
jacquelinehe/tinycomma-1.8b-llama3-tokenizer,bookmia100.35.021,attack_train,the da vinci code,55,246,208.36035570129752,0.846993315858933,8.238961219787598,9.72730370538107,3.788370103659955
jacquelinehe/tinycomma-1.8b-llama3-tokenizer,bookmia100.35.022,attack_train,the da vinci code,52,235,180.09834899083944,0.7663759531525083,2.0242102486746654,2.641275786835458,3.463429788285374
jacquelinehe/tinycomma-1.8b-llama3-tokenizer,bookmia100.35.023,attack_train,the da vinci code,59,247,194.33490563556552,0.7867809944759737,2.4067435264587402,3.0589751701637424,3.2938119599248394
jacquelinehe/tinycomma-1.8b-llama3-tokenizer,bookmia100.35.024,attack_train,the da vinci code,44,245,154.28459712537006,0.6297330494913064,6.253999710083008,9.931191820303765,3.5064681164856832
jacquelinehe/tinycomma-1.8b-llama3-tokenizer,bookmia100.35.025,attack_train,the da vinci code,58,249,162.1194272474022,0.6510820371381615,2.6567137241363525,4.080459254895079,2.795162538748314
jacquelinehe/tinycomma-1.8b-llama3-tokenizer,bookmia100.35.026,attack_train,the da vinci code,56,248,202.74072061479092,0.8175029057048021,5.9047425587972,7.222901004500387,3.620370010978409
jacquelinehe/tinycomma-1.8b-llama3-tokenizer,bookmia100.35.027,attack_train,the da vinci code,53,248,171.31030728295445,0.6907673680764292,2.205133597056071,3.192295552693343,3.2322699487349897
jacquelinehe/tinycomma-1.8b-llama3-tokenizer,bookmia100.35.028,attack_train,the da vinci code,57,249,284.23388957232237,1.1415015645474793,4.291526794433594,3.7595452583850517,4.986559466181094
jacquelinehe/tinycomma-1.8b-llama3-tokenizer,bookmia100.35.029,attack_train,the da vinci code,54,241,176.51567916403292,0.7324302040001366,6.582439422607422,8.98712175802924,3.268808873408017
jacquelinehe/tinycomma-1.8b-llama3-tokenizer,bookmia100.35.030,attack_train,the da vinci code,53,242,151.68388953979593,0.6267929319826278,3.264286994934082,5.207919279830927,2.8619601799961494
jacquelinehe/tinycomma-1.8b-llama3-tokenizer,bookmia100.35.031,attack_train,the da vinci code,60,248,221.95813183157588,0.894992467062806,3.2434314727783202,3.623976281524069,3.699302197192931
jacquelinehe/tinycomma-1.8b-llama3-tokenizer,bookmia100.35.032,attack_train,the da vinci code,55,247,148.26710945663217,0.6002716982049885,4.156408945719401,6.92421274924079,2.695765626484221
jacquelinehe/tinycomma-1.8b-llama3-tokenizer,bookmia100.35.033,attack_train,the da vinci code,59,245,179.81932284869254,0.7339564197905818,5.995116710662842,8.16821891465084,3.047785133028687
jacquelinehe/tinycomma-1.8b-llama3-tokenizer,bookmia100.35.034,attack_train,the da vinci code,49,249,155.53148857227643,0.6246244520974957,3.0542104721069334,4.889674846783313,3.1741120116791106
jacquelinehe/tinycomma-1.8b-llama3-tokenizer,bookmia100.35.035,attack_train,the da vinci code,56,249,217.39159976341762,0.8730586335880226,2.410226821899414,2.7606700502966994,3.8819928529181715
jacquelinehe/tinycomma-1.8b-llama3-tokenizer,bookmia100.35.036,attack_train,the da vinci code,54,246,190.5136473403545,0.77444572089575,5.604063034057617,7.236224415541697,3.528030506302861
jacquelinehe/tinycomma-1.8b-llama3-tokenizer,bookmia100.35.037,attack_train,the da vinci code,59,245,169.75543751992518,0.6928793368160211,6.590115070343018,9.51120161935624,2.8772108054224605
jacquelinehe/tinycomma-1.8b-llama3-tokenizer,bookmia100.35.038,attack_train,the da vinci code,59,248,174.19480065559037,0.7023983897402838,3.364150047302246,4.789518450556473,2.9524542483998366
jacquelinehe/tinycomma-1.8b-llama3-tokenizer,bookmia100.35.039,attack_train,the da vinci code,64,235,217.69973415113054,0.9263818474516193,3.6607775688171387,3.951693978986699,3.4015583461114147
jacquelinehe/tinycomma-1.8b-llama3-tokenizer,bookmia100.35.040,attack_train,the da vinci code,48,247,170.37444904702716,0.6897750973563852,2.0643692016601562,2.992814918329186,3.5494676884797323
jacquelinehe/tinycomma-1.8b-llama3-tokenizer,bookmia100.35.041,attack_train,the da vinci code,54,249,185.99817271936627,0.7469806133307882,5.534004847208659,7.40849862559688,3.44441060591419
jacquelinehe/tinycomma-1.8b-llama3-tokenizer,bookmia100.35.042,attack_train,the da vinci code,62,248,181.38677968783304,0.7313983051928752,11.769609451293945,16.09192879957551,2.9255932207715007
jacquelinehe/tinycomma-1.8b-llama3-tokenizer,bookmia100.35.043,attack_train,the da vinci code,53,243,194.19549034535885,0.7991583964829583,3.74425474802653,4.685247335828216,3.6640658555728085
jacquelinehe/tinycomma-1.8b-llama3-tokenizer,bookmia100.35.044,attack_train,the da vinci code,60,245,204.45043017808348,0.8344915517472795,1.7197798093159993,2.0608714440728377,3.4075071696347248
jacquelinehe/tinycomma-1.8b-llama3-tokenizer,bookmia100.35.045,attack_train,the da vinci code,61,246,177.34875555458711,0.7209299006284029,4.814965883890788,6.678826720453395,2.9073566484358544
jacquelinehe/tinycomma-1.8b-llama3-tokenizer,bookmia100.35.046,attack_train,the da vinci code,51,249,192.5553427315317,0.7733146294439025,17.210386276245117,22.255348109244046,3.7755949555202295
jacquelinehe/tinycomma-1.8b-llama3-tokenizer,bookmia100.35.047,attack_train,the da vinci code,49,248,150.57662493980024,0.60716381024113,1.9867676628960504,3.2722102822746013,3.072992345710209
jacquelinehe/tinycomma-1.8b-llama3-tokenizer,bookmia100.35.048,attack_train,the da vinci code,56,248,217.34310566194472,0.8763834905723578,4.023317337036133,4.590818266565636,3.8811268868204416
jacquelinehe/tinycomma-1.8b-llama3-tokenizer,bookmia100.35.049,attack_train,the da vinci code,49,242,152.95957548823208,0.6320643615216202,2.0949399948120115,3.3144409372626096,3.1216239895557565
jacquelinehe/tinycomma-1.8b-llama3-tokenizer,bookmia100.35.050,attack_train,the da vinci code,51,247,192.41779786720872,0.7790194245635981,7.418628692626953,9.523034289912378,3.7728979973962495
jacquelinehe/tinycomma-1.8b-llama3-tokenizer,bookmia100.35.051,attack_train,the da vinci code,52,249,155.8447066474182,0.6258823560137278,1.6187198758125305,2.586300540763329,2.997013589373427
jacquelinehe/tinycomma-1.8b-llama3-tokenizer,bookmia100.35.052,attack_train,the da vinci code,52,241,165.0572852571495,0.6848850010670103,3.5894742012023926,5.24098818868891,3.1741785626374903
jacquelinehe/tinycomma-1.8b-llama3-tokenizer,bookmia100.35.053,attack_train,the da vinci code,53,247,181.63878695626045,0.7353797042763581,4.285531044006348,5.82764389482774,3.4271469237030274
jacquelinehe/tinycomma-1.8b-llama3-tokenizer,bookmia100.35.054,attack_train,the da vinci code,64,247,207.5147496155114,0.8401406867024752,2.812358856201172,3.347485606535244,3.2424179627423655
jacquelinehe/tinycomma-1.8b-llama3-tokenizer,bookmia100.35.055,attack_train,the da vinci code,58,243,204.08168142658542,0.8398423103974708,3.9442431131998696,4.696409152491,3.518649679768714
jacquelinehe/tinycomma-1.8b-llama3-tokenizer,bookmia100.35.056,attack_train,the da vinci code,54,247,183.88862732530106,0.744488369738061,13.851268768310547,18.605084150856438,3.405344950468538
jacquelinehe/tinycomma-1.8b-llama3-tokenizer,bookmia100.35.057,attack_train,the da vinci code,57,249,196.53402153402567,0.7892932591727938,2.774784633091518,3.515530635596187,3.4479652900706257
jacquelinehe/tinycomma-1.8b-llama3-tokenizer,bookmia100.35.058,attack_train,the da vinci code,59,246,180.4002215107903,0.7333342337837003,2.6556713581085205,3.6213655871571118,3.0576308730642423
jacquelinehe/tinycomma-1.8b-llama3-tokenizer,bookmia100.35.059,attack_train,the da vinci code,63,248,223.7230711132579,0.9021091577147496,3.8405965169270835,4.257352321592876,3.5511598589406015
jacquelinehe/tinycomma-1.8b-llama3-tokenizer,bookmia100.35.060,attack_train,the da vinci code,53,242,171.62327620759606,0.7091870917669258,5.820192337036133,8.2068503567024,3.2381750227848314
jacquelinehe/tinycomma-1.8b-llama3-tokenizer,bookmia100.35.061,attack_train,the da vinci code,58,245,158.53428474382963,0.6470787132401209,3.9496002197265625,6.103739991615096,2.73334973696258
jacquelinehe/tinycomma-1.8b-llama3-tokenizer,bookmia100.35.062,attack_train,the da vinci code,56,247,179.78048158434103,0.72785620074632,3.9672975540161133,5.450661201962937,3.2103657425775185
jacquelinehe/tinycomma-1.8b-llama3-tokenizer,bookmia100.35.063,attack_train,the da vinci code,58,248,216.36402292200364,0.8724355762984017,4.443695704142253,5.093437068437891,3.730414188310408
jacquelinehe/tinycomma-1.8b-llama3-tokenizer,bookmia100.35.064,attack_train,the da vinci code,51,249,148.7029526606202,0.5972006130948603,3.7475789388020835,6.275242952918423,2.9157441698160826
jacquelinehe/tinycomma-1.8b-llama3-tokenizer,bookmia100.35.065,attack_train,the da vinci code,57,248,138.18154059920926,0.5571836314484244,4.084705829620361,7.33098676822573,2.4242375543720924
jacquelinehe/tinycomma-1.8b-llama3-tokenizer,bookmia100.35.066,attack_train,the da vinci code,56,245,185.33511297835503,0.756469848891245,2.4703458150227866,3.2656236314554548,3.309555588899197
jacquelinehe/tinycomma-1.8b-llama3-tokenizer,bookmia100.35.067,attack_train,the da vinci code,53,241,153.6872231066227,0.6377063199444926,2.2139667783464705,3.471765464923069,2.8997589265400507
jacquelinehe/tinycomma-1.8b-llama3-tokenizer,bookmia100.35.068,attack_train,the da vinci code,67,243,177.24202779549523,0.7293910608868116,6.7480292320251465,9.251592998439996,2.6454033999327646
jacquelinehe/tinycomma-1.8b-llama3-tokenizer,bookmia100.35.069,attack_train,the da vinci code,51,246,173.7302915987093,0.7062206975557289,4.49484920501709,6.364652325503947,3.406476305857045
jacquelinehe/tinycomma-1.8b-llama3-tokenizer,bookmia100.35.070,attack_train,the da vinci code,67,246,208.69972446335305,0.8483728636721669,6.464676856994629,7.620089153974574,3.1149212606470607
jacquelinehe/tinycomma-1.8b-llama3-tokenizer,bookmia100.35.071,attack_train,the da vinci code,62,247,212.23380954872118,0.859246192504944,6.088549931844075,7.0859201762584965,3.4231259604632447
jacquelinehe/tinycomma-1.8b-llama3-tokenizer,bookmia100.35.072,attack_train,the da vinci code,60,247,155.1802576260743,0.6282601523322846,7.140796184539795,11.365986141300034,2.5863376271012384
jacquelinehe/tinycomma-1.8b-llama3-tokenizer,bookmia100.35.073,attack_train,the da vinci code,57,246,179.71043093595654,0.7305302070567339,10.763326644897461,14.733581912050308,3.152814577823799
jacquelinehe/tinycomma-1.8b-llama3-tokenizer,bookmia100.35.074,attack_train,the da vinci code,58,246,182.1356248104712,0.7403887187417528,6.512765884399414,8.796414261237635,3.1402693932839862
jacquelinehe/tinycomma-1.8b-llama3-tokenizer,bookmia100.35.075,attack_train,the da vinci code,54,248,183.14857963623945,0.738502337242901,2.0052822657993863,2.715336383749085,3.391640363634064
jacquelinehe/tinycomma-1.8b-llama3-tokenizer,bookmia100.35.076,attack_train,the da vinci code,57,243,153.5015095740091,0.6316934550370745,4.053405125935872,6.4167280721595805,2.6930089398948964
jacquelinehe/tinycomma-1.8b-llama3-tokenizer,bookmia100.35.077,attack_train,the da vinci code,56,243,160.84411858033855,0.6619099530055084,13.907079696655273,21.0105311659206,2.8722164032203312
jacquelinehe/tinycomma-1.8b-llama3-tokenizer,bookmia100.35.078,attack_train,the da vinci code,53,241,200.70567809185013,0.8328036435346479,5.152758280436198,6.187242719744205,3.7868995866386816
jacquelinehe/tinycomma-1.8b-llama3-tokenizer,bookmia100.35.079,attack_train,the da vinci code,43,243,139.72898142784834,0.5750163844767421,1.5960111618041992,2.7755924959539198,3.249511195996473
jacquelinehe/tinycomma-1.8b-llama3-tokenizer,bookmia100.35.080,attack_train,the da vinci code,52,248,181.31314827092865,0.7311014043182607,2.767078399658203,3.7848079395203125,3.486791312902474
jacquelinehe/tinycomma-1.8b-llama3-tokenizer,bookmia100.35.081,attack_train,the da vinci code,55,248,234.0894909799099,0.9439092378222174,4.08388074239095,4.326560837367436,4.256172563271089
jacquelinehe/tinycomma-1.8b-llama3-tokenizer,bookmia100.35.082,attack_train,the da vinci code,49,246,199.9212816725485,0.8126881368802784,8.619159698486328,10.605740760008244,4.080026156582623
jacquelinehe/tinycomma-1.8b-llama3-tokenizer,bookmia100.35.083,attack_train,the da vinci code,56,244,185.4929837246891,0.7602171464126602,14.299626350402832,18.80992347762796,3.3123747093694482
jacquelinehe/tinycomma-1.8b-llama3-tokenizer,bookmia100.35.084,attack_train,the da vinci code,47,245,160.5582062136382,0.6553396171985232,4.9872690836588545,7.610205384772354,3.4161320470986847
jacquelinehe/tinycomma-1.8b-llama3-tokenizer,bookmia100.35.085,attack_train,the da vinci code,63,245,185.2496483334544,0.7561210136059363,6.781646728515625,8.968996505167864,2.94047060846753
jacquelinehe/tinycomma-1.8b-llama3-tokenizer,bookmia100.35.086,attack_train,the da vinci code,56,245,133.59207687340677,0.5452737831567623,3.843611240386963,7.048956614299485,2.3855728013108353
jacquelinehe/tinycomma-1.8b-llama3-tokenizer,bookmia100.35.087,attack_train,the da vinci code,66,245,213.39433958381414,0.8709973044237312,4.4478104909261065,5.106572050609117,3.2332475694517293
jacquelinehe/tinycomma-1.8b-llama3-tokenizer,bookmia100.35.088,attack_train,the da vinci code,51,242,129.1991095468984,0.5338806179623901,3.8672380447387695,7.243638211663272,2.533315873468596
jacquelinehe/tinycomma-1.8b-llama3-tokenizer,bookmia100.35.089,attack_train,the da vinci code,56,248,175.54112651525065,0.7078271230453655,2.026447296142578,2.8629127511022214,3.134662973486619
jacquelinehe/tinycomma-1.8b-llama3-tokenizer,bookmia100.35.090,attack_train,the da vinci code,51,245,167.6965362308547,0.6844756580851212,5.3606383005778,7.831744251613915,3.2881673770755824
jacquelinehe/tinycomma-1.8b-llama3-tokenizer,bookmia100.35.091,attack_train,the da vinci code,58,249,182.93368244334124,0.7346734234672339,4.879796028137207,6.64212951260356,3.1540290076438144
jacquelinehe/tinycomma-1.8b-llama3-tokenizer,bookmia100.35.092,attack_train,the da vinci code,54,241,212.36842218780657,0.8811967725635127,4.517022609710693,5.126009025850269,3.932748559033455
jacquelinehe/tinycomma-1.8b-llama3-tokenizer,bookmia100.35.093,attack_train,the da vinci code,58,246,162.44472031318583,0.6603443915170155,3.3985490798950195,5.146631248109036,2.8007710398825143
jacquelinehe/tinycomma-1.8b-llama3-tokenizer,bookmia100.35.094,attack_train,the da vinci code,56,246,172.33503150416072,0.7005489085534988,2.1155049006144204,3.019781880729125,3.077411276860013
jacquelinehe/tinycomma-1.8b-llama3-tokenizer,bookmia100.35.095,attack_train,the da vinci code,51,246,147.84501053160056,0.600995977770734,5.073767979939778,8.442266117586735,2.898921775129423
jacquelinehe/tinycomma-1.8b-llama3-tokenizer,bookmia100.35.096,attack_train,the da vinci code,52,248,177.38780887657776,0.7152734228894265,2.032347043355306,2.841356855040712,3.411304016857265
jacquelinehe/tinycomma-1.8b-llama3-tokenizer,bookmia100.35.097,attack_train,the da vinci code,54,249,190.1673797480762,0.7637244166589405,2.464543342590332,3.227006088625464,3.521618143482893
jacquelinehe/tinycomma-1.8b-llama3-tokenizer,bookmia100.35.098,attack_train,the da vinci code,57,243,212.4750923588872,0.8743830961271079,5.954207102457683,6.809609116222128,3.727633199278723
jacquelinehe/tinycomma-1.8b-llama3-tokenizer,bookmia100.35.099,attack_train,the da vinci code,56,245,196.60247297293972,0.8024590733589376,3.6216236114501954,4.5131567847949965,3.5107584459453522
jacquelinehe/tinycomma-1.8b-llama3-tokenizer,bookmia100.36.000,attack_train,the house of the seven gables,55,247,169.67876008735038,0.6869585428637668,5.7610321044921875,8.386287883510139,3.0850683652245525
jacquelinehe/tinycomma-1.8b-llama3-tokenizer,bookmia100.36.001,attack_train,the house of the seven gables,63,249,188.5413307530107,0.7571940994096815,5.966886043548584,7.880259563829733,2.9927195357620744
jacquelinehe/tinycomma-1.8b-llama3-tokenizer,bookmia100.36.002,attack_train,the house of the seven gables,54,248,177.44916607951745,0.7155208309657962,2.5560062408447264,3.572231764929441,3.286095668139212
jacquelinehe/tinycomma-1.8b-llama3-tokenizer,bookmia100.36.003,attack_train,the house of the seven gables,55,245,159.26809666957706,0.6500738639574574,5.432254791259766,8.356365472363104,2.895783575810492
jacquelinehe/tinycomma-1.8b-llama3-tokenizer,bookmia100.36.004,attack_train,the house of the seven gables,60,247,196.83960130333435,0.7969214627665359,2.8701690673828124,3.601570796473391,3.2806600217222393
jacquelinehe/tinycomma-1.8b-llama3-tokenizer,bookmia100.36.005,attack_train,the house of the seven gables,54,247,172.02488065790385,0.6964570067121614,4.724344889322917,6.783397745721066,3.1856459381093307
jacquelinehe/tinycomma-1.8b-llama3-tokenizer,bookmia100.36.006,attack_train,the house of the seven gables,54,249,130.430340981271,0.5238166304468715,2.8724441528320312,5.483682620732239,2.415376684838352
jacquelinehe/tinycomma-1.8b-llama3-tokenizer,bookmia100.36.007,attack_train,the house of the seven gables,57,245,182.3297580893559,0.7442030942422689,7.323793411254883,9.841121957053682,3.1987676857781735
jacquelinehe/tinycomma-1.8b-llama3-tokenizer,bookmia100.36.008,attack_train,the house of the seven gables,50,248,147.34036590274627,0.594114378640106,3.1498687744140623,5.301788489994019,2.9468073180549252
jacquelinehe/tinycomma-1.8b-llama3-tokenizer,bookmia100.36.009,attack_train,the house of the seven gables,64,248,156.30009430812788,0.6302423157585801,5.3127791086832685,8.429740396419804,2.442188973564498
jacquelinehe/tinycomma-1.8b-llama3-tokenizer,bookmia100.36.010,attack_train,the house of the seven gables,55,247,197.25057440964156,0.7985853214965245,2.3489123980204263,2.9413418138197636,3.5863740801753012
jacquelinehe/tinycomma-1.8b-llama3-tokenizer,bookmia100.36.011,attack_train,the house of the seven gables,56,244,152.68364332988858,0.625752636597904,13.789852142333984,22.037225791499242,2.7264936308908676
jacquelinehe/tinycomma-1.8b-llama3-tokenizer,bookmia100.36.012,attack_train,the house of the seven gables,59,243,187.97065309202299,0.7735417822716996,3.2867414951324463,4.248951472899247,3.1859432727461523
jacquelinehe/tinycomma-1.8b-llama3-tokenizer,bookmia100.36.013,attack_train,the house of the seven gables,53,249,176.27377404272556,0.70792680338444,2.7970178604125975,3.950998672519079,3.325920264957086
jacquelinehe/tinycomma-1.8b-llama3-tokenizer,bookmia100.36.014,attack_train,the house of the seven gables,61,248,200.0323534954805,0.8065820705462923,2.1708878108433316,2.6914654938622733,3.2792189097619753
jacquelinehe/tinycomma-1.8b-llama3-tokenizer,bookmia100.36.015,attack_train,the house of the seven gables,67,247,169.74781759399775,0.6872381279109221,3.626622200012207,5.277096908223753,2.533549516328325
jacquelinehe/tinycomma-1.8b-llama3-tokenizer,bookmia100.36.016,attack_train,the house of the seven gables,55,249,164.10689226491377,0.6590638243570834,2.667044830322266,4.0467170731514015,2.9837616775438867
jacquelinehe/tinycomma-1.8b-llama3-tokenizer,bookmia100.36.017,attack_train,the house of the seven gables,55,249,157.25210344139487,0.6315345519734733,1.5851480695936415,2.50999421114844,2.859129153479907
jacquelinehe/tinycomma-1.8b-llama3-tokenizer,bookmia100.36.018,attack_train,the house of the seven gables,59,246,192.57149286649656,0.7828109466117746,1.6913185119628906,2.160570849556194,3.263923607906721
jacquelinehe/tinycomma-1.8b-llama3-tokenizer,bookmia100.36.019,attack_train,the house of the seven gables,54,247,165.32108428246647,0.6693161306982448,3.404364013671875,5.086331940215411,3.061501560786416
jacquelinehe/tinycomma-1.8b-llama3-tokenizer,bookmia100.36.021,attack_train,the house of the seven gables,57,248,200.5216616783291,0.8085550874126174,3.5123963356018066,4.344040857922868,3.517923889093493
jacquelinehe/tinycomma-1.8b-llama3-tokenizer,bookmia100.36.022,attack_train,the house of the seven gables,55,243,192.2338497042656,0.7910858012521218,3.312604522705078,4.187414964927855,3.49516090371392
jacquelinehe/tinycomma-1.8b-llama3-tokenizer,bookmia100.36.023,attack_train,the house of the seven gables,58,246,181.7758613815531,0.7389262657786712,7.231954097747803,9.787111965937306,3.1340665755440194
jacquelinehe/tinycomma-1.8b-llama3-tokenizer,bookmia100.36.025,attack_train,the house of the seven gables,62,240,170.96660116687417,0.712360838195309,5.4879194895426435,7.703847818818491,2.757525825272164
jacquelinehe/tinycomma-1.8b-llama3-tokenizer,bookmia100.36.026,attack_train,the house of the seven gables,53,248,185.61844753148034,0.7484614819817755,2.6814657747745514,3.5826369684042647,3.5022348590845347
jacquelinehe/tinycomma-1.8b-llama3-tokenizer,bookmia100.36.027,attack_train,the house of the seven gables,53,249,159.63077740371227,0.6410874594526598,3.6496388912200928,5.692887666740571,3.0119014604474015
jacquelinehe/tinycomma-1.8b-llama3-tokenizer,bookmia100.36.028,attack_train,the house of the seven gables,58,249,186.52142769412603,0.749082038932233,4.778121471405029,6.3786357475823685,3.2158866843814833
jacquelinehe/tinycomma-1.8b-llama3-tokenizer,bookmia100.36.029,attack_train,the house of the seven gables,51,249,172.36725119315088,0.6922379565989996,2.65612850189209,3.837016558499313,3.379750023395115
jacquelinehe/tinycomma-1.8b-llama3-tokenizer,bookmia100.36.030,attack_train,the house of the seven gables,58,248,180.66645369981416,0.7284937649186055,2.8023427963256835,3.846762911744054,3.1149388568933474
jacquelinehe/tinycomma-1.8b-llama3-tokenizer,bookmia100.36.031,attack_train,the house of the seven gables,60,245,171.03179595072288,0.698088963064175,7.877095699310303,11.283799223432451,2.850529932512048
jacquelinehe/tinycomma-1.8b-llama3-tokenizer,bookmia100.36.032,attack_train,the house of the seven gables,57,248,169.26442250004038,0.6825178326614532,4.028541564941406,5.902470781213521,2.969551271930533
jacquelinehe/tinycomma-1.8b-llama3-tokenizer,bookmia100.36.033,attack_train,the house of the seven gables,59,247,165.59666100112372,0.6704318259154807,15.194207191467285,22.663314305998913,2.8067230678156565
jacquelinehe/tinycomma-1.8b-llama3-tokenizer,bookmia100.36.034,attack_train,the house of the seven gables,55,239,201.07658038660884,0.8413246041280704,3.3161398569742837,3.94157004407479,3.65593782521107
jacquelinehe/tinycomma-1.8b-llama3-tokenizer,bookmia100.36.035,attack_train,the house of the seven gables,53,242,144.79956125910394,0.5983452944591072,4.526034673055013,7.564252138301617,2.7320671935679988
jacquelinehe/tinycomma-1.8b-llama3-tokenizer,bookmia100.36.036,attack_train,the house of the seven gables,65,247,204.50036968221684,0.8279367193612018,9.474892616271973,11.443981640991074,3.146159533572567
jacquelinehe/tinycomma-1.8b-llama3-tokenizer,bookmia100.36.037,attack_train,the house of the seven gables,56,245,163.87781081337016,0.6688890237280415,3.7322887420654296,5.579832542719243,2.9263894788101816
jacquelinehe/tinycomma-1.8b-llama3-tokenizer,bookmia100.36.038,attack_train,the house of the seven gables,58,248,213.27556202560663,0.8599821049419623,8.849230766296387,10.290017333434626,3.6771648625104594
jacquelinehe/tinycomma-1.8b-llama3-tokenizer,bookmia100.36.039,attack_train,the house of the seven gables,57,248,216.4866939606145,0.872930217583123,3.8720432917277017,4.43568479327959,3.798012174747623
jacquelinehe/tinycomma-1.8b-llama3-tokenizer,bookmia100.36.040,attack_train,the house of the seven gables,62,247,173.02112032954756,0.7004903657066702,4.668332099914551,6.66437731117834,2.790663231121735
jacquelinehe/tinycomma-1.8b-llama3-tokenizer,bookmia100.36.041,attack_train,the house of the seven gables,54,246,182.59859249868896,0.7422707012141827,1.996503644519382,2.689724437800879,3.381455416642388
jacquelinehe/tinycomma-1.8b-llama3-tokenizer,bookmia100.36.042,attack_train,the house of the seven gables,59,247,186.82615394651657,0.7563811900668687,4.653665860493978,6.15254044073011,3.1665449821443485
jacquelinehe/tinycomma-1.8b-llama3-tokenizer,bookmia100.36.043,attack_train,the house of the seven gables,57,239,191.14607022632845,0.7997743524114161,3.952615737915039,4.942163656533153,3.353439828532078
jacquelinehe/tinycomma-1.8b-llama3-tokenizer,bookmia100.36.044,attack_train,the house of the seven gables,54,247,164.7576344292611,0.6670349572034862,7.828282356262207,11.735940180829392,3.0510673042455756
jacquelinehe/tinycomma-1.8b-llama3-tokenizer,bookmia100.36.045,attack_train,the house of the seven gables,61,248,193.74319234701397,0.7812225497863466,4.200499534606934,5.376828326007373,3.176117907328098
jacquelinehe/tinycomma-1.8b-llama3-tokenizer,bookmia100.36.046,attack_train,the house of the seven gables,57,248,153.18571204663021,0.6176843227686702,1.9826947450637817,3.209883547273262,2.6874686323970214
jacquelinehe/tinycomma-1.8b-llama3-tokenizer,bookmia100.36.047,attack_train,the house of the seven gables,66,247,192.89274305989966,0.7809422795947355,4.364454905192058,5.588703569048612,2.922617319089389
jacquelinehe/tinycomma-1.8b-llama3-tokenizer,bookmia100.36.048,attack_train,the house of the seven gables,59,249,249.27193778018773,1.0010921195991476,4.842053095499675,4.836770763352433,4.224948097969284
jacquelinehe/tinycomma-1.8b-llama3-tokenizer,bookmia100.36.049,attack_train,the house of the seven gables,60,249,185.01112863117305,0.7430165808480845,4.11588716506958,5.539428420792005,3.083518810519551
jacquelinehe/tinycomma-1.8b-llama3-tokenizer,bookmia100.36.050,attack_train,the house of the seven gables,58,245,213.2181643481017,0.8702782218289866,3.1108830769856772,3.5745845396979026,3.676175247381064
jacquelinehe/tinycomma-1.8b-llama3-tokenizer,bookmia100.36.051,attack_train,the house of the seven gables,57,247,207.00068208761513,0.8380594416502637,2.4802517890930176,2.9595177451960124,3.6315909138178095
jacquelinehe/tinycomma-1.8b-llama3-tokenizer,bookmia100.36.052,attack_train,the house of the seven gables,58,248,181.64994594185555,0.732459459442966,16.697681427001953,22.796731220729278,3.131895619687165
jacquelinehe/tinycomma-1.8b-llama3-tokenizer,bookmia100.36.053,attack_train,the house of the seven gables,53,244,163.609289820306,0.6705298763127295,5.566536903381348,8.301698552183767,3.086967732458604
jacquelinehe/tinycomma-1.8b-llama3-tokenizer,bookmia100.36.054,attack_train,the house of the seven gables,53,249,163.82654143135005,0.6579379173949801,2.116655077253069,3.2171045645669585,3.091066819459435
jacquelinehe/tinycomma-1.8b-llama3-tokenizer,bookmia100.36.056,attack_train,the house of the seven gables,57,245,173.29927452653646,0.7073439776593325,14.069377899169922,19.890432863692162,3.0403381495883592
jacquelinehe/tinycomma-1.8b-llama3-tokenizer,bookmia100.36.057,attack_train,the house of the seven gables,61,245,190.8581505725124,0.7790128594796424,8.048449516296387,10.331600330285323,3.12882214053299
jacquelinehe/tinycomma-1.8b-llama3-tokenizer,bookmia100.36.058,attack_train,the house of the seven gables,54,243,141.18943366594613,0.5810264759915479,15.220120429992676,26.195226997218764,2.614619141961965
jacquelinehe/tinycomma-1.8b-llama3-tokenizer,bookmia100.36.059,attack_train,the house of the seven gables,56,245,152.69758398341946,0.6232554448302835,4.717719078063965,7.569479123200649,2.7267425711324904
jacquelinehe/tinycomma-1.8b-llama3-tokenizer,bookmia100.36.060,attack_train,the house of the seven gables,54,245,211.72439601144288,0.8641812082099709,5.159130096435547,5.969963298695137,3.9208221483600534
jacquelinehe/tinycomma-1.8b-llama3-tokenizer,bookmia100.36.062,attack_train,the house of the seven gables,48,248,197.23399577103555,0.7952983700444982,3.7516002655029297,4.717223631796229,4.10904157856324
jacquelinehe/tinycomma-1.8b-llama3-tokenizer,bookmia100.36.063,attack_train,the house of the seven gables,58,243,185.2675580944633,0.7624179345451165,3.4543071746826173,4.530726545334443,3.194268243007988
jacquelinehe/tinycomma-1.8b-llama3-tokenizer,bookmia100.36.064,attack_train,the house of the seven gables,54,248,179.98094958625734,0.725729635428457,6.483109951019287,8.933230275475497,3.3329805478936545
jacquelinehe/tinycomma-1.8b-llama3-tokenizer,bookmia100.36.065,attack_train,the house of the seven gables,64,247,199.5750270536846,0.8079960609460916,1.9025409718354542,2.354641394671835,3.118359797713822
jacquelinehe/tinycomma-1.8b-llama3-tokenizer,bookmia100.36.066,attack_train,the house of the seven gables,66,249,199.8413831810467,0.8025758360684606,15.212250709533691,18.954284474914182,3.027899745167374
jacquelinehe/tinycomma-1.8b-llama3-tokenizer,bookmia100.36.067,attack_train,the house of the seven gables,54,247,207.78010492306203,0.8412149996885102,16.263853073120117,19.333764946110552,3.847779720797445
jacquelinehe/tinycomma-1.8b-llama3-tokenizer,bookmia100.36.069,attack_train,the house of the seven gables,54,249,123.50988722551847,0.49602364347597777,4.16707706451416,8.400964589737283,2.2872201338058975
jacquelinehe/tinycomma-1.8b-llama3-tokenizer,bookmia100.36.070,attack_train,the house of the seven gables,62,246,185.0677909644146,0.7523080933512789,4.697269439697266,6.243810855167746,2.984964370393784
jacquelinehe/tinycomma-1.8b-llama3-tokenizer,bookmia100.36.071,attack_train,the house of the seven gables,48,241,159.09967557014897,0.66016462892178,4.775139490763347,7.233255587416714,3.3145765743781035
jacquelinehe/tinycomma-1.8b-llama3-tokenizer,bookmia100.36.072,attack_train,the house of the seven gables,57,241,190.14291350077838,0.7889747448165078,5.327456792195638,6.752379372339284,3.335840587732954
jacquelinehe/tinycomma-1.8b-llama3-tokenizer,bookmia100.36.073,attack_train,the house of the seven gables,47,245,184.5879986025393,0.753420402459344,4.549619038899739,6.038619373790113,3.9274042255859425
jacquelinehe/tinycomma-1.8b-llama3-tokenizer,bookmia100.36.074,attack_train,the house of the seven gables,56,249,141.58792551327497,0.5686262068806224,2.1129889488220215,3.7159542125458582,2.528355812737053
jacquelinehe/tinycomma-1.8b-llama3-tokenizer,bookmia100.36.075,attack_train,the house of the seven gables,50,246,179.1168201556684,0.728117155104343,14.166388511657715,19.456193845106693,3.5823364031133678
jacquelinehe/tinycomma-1.8b-llama3-tokenizer,bookmia100.36.076,attack_train,the house of the seven gables,48,239,179.34246229904238,0.7503868715441104,2.0445100466410318,2.72460796446763,3.7363012978967163
jacquelinehe/tinycomma-1.8b-llama3-tokenizer,bookmia100.36.077,attack_train,the house of the seven gables,60,240,179.0340358435642,0.7459751493481842,5.905033111572266,7.915857675328658,2.983900597392737
jacquelinehe/tinycomma-1.8b-llama3-tokenizer,bookmia100.36.078,attack_train,the house of the seven gables,57,248,171.34971260488965,0.6909262605035873,1.4253243207931519,2.062918146654742,3.006135308857713
jacquelinehe/tinycomma-1.8b-llama3-tokenizer,bookmia100.36.079,attack_train,the house of the seven gables,53,249,198.77681598206982,0.7983004657914451,3.316472625732422,4.154416498359962,3.7505059619258456
jacquelinehe/tinycomma-1.8b-llama3-tokenizer,bookmia100.36.080,attack_train,the house of the seven gables,58,247,189.5841787000536,0.7675472821864519,4.435618082682292,5.778950933220549,3.2686927362078206
jacquelinehe/tinycomma-1.8b-llama3-tokenizer,bookmia100.36.081,attack_train,the house of the seven gables,62,249,198.83496709228348,0.7985340043866807,4.044713497161865,5.065173774620198,3.207015598262637
jacquelinehe/tinycomma-1.8b-llama3-tokenizer,bookmia100.36.082,attack_train,the house of the seven gables,60,247,186.01960472017527,0.7531158085837055,11.348483085632324,15.0687091630357,3.1003267453362544
jacquelinehe/tinycomma-1.8b-llama3-tokenizer,bookmia100.36.083,attack_train,the house of the seven gables,57,245,174.3964892353397,0.7118224050422028,8.05270767211914,11.312804451050832,3.059587530444556
jacquelinehe/tinycomma-1.8b-llama3-tokenizer,bookmia100.36.084,attack_train,the house of the seven gables,53,246,188.75369187025353,0.7672914303668843,11.541037559509277,15.04126998263342,3.561390412646293
jacquelinehe/tinycomma-1.8b-llama3-tokenizer,bookmia100.36.085,attack_train,the house of the seven gables,55,247,183.44974736869335,0.7427115278084752,7.575559139251709,10.19986745271744,3.335449952158061
jacquelinehe/tinycomma-1.8b-llama3-tokenizer,bookmia100.36.086,attack_train,the house of the seven gables,62,244,211.2326104454114,0.8657074198582435,4.905640920003255,5.6666268620021025,3.4069775878292163
jacquelinehe/tinycomma-1.8b-llama3-tokenizer,bookmia100.36.087,attack_train,the house of the seven gables,51,249,172.7013717875816,0.6935798063758297,2.9069116592407225,4.191171127703732,3.386301407599639
jacquelinehe/tinycomma-1.8b-llama3-tokenizer,bookmia100.36.088,attack_train,the house of the seven gables,67,249,189.34604089238564,0.7604258670376933,2.444844055175781,3.2150984877722384,2.8260603118266516
jacquelinehe/tinycomma-1.8b-llama3-tokenizer,bookmia100.36.090,attack_train,the house of the seven gables,49,248,147.86221723863855,0.5962186178977361,4.701221148173015,7.8850626381804325,3.017596270176297
jacquelinehe/tinycomma-1.8b-llama3-tokenizer,bookmia100.36.091,attack_train,the house of the seven gables,57,245,173.2683780098232,0.7072178694278498,6.777287483215332,9.58302635749046,3.039796105435495
jacquelinehe/tinycomma-1.8b-llama3-tokenizer,bookmia100.36.092,attack_train,the house of the seven gables,57,248,213.7188051752746,0.8617693757067525,6.270893096923828,7.276764844168379,3.749452722373239
jacquelinehe/tinycomma-1.8b-llama3-tokenizer,bookmia100.36.093,attack_train,the house of the seven gables,52,244,169.01953501446405,0.6927030123543608,1.1958841747707791,1.7264024458421292,3.250375673355078
jacquelinehe/tinycomma-1.8b-llama3-tokenizer,bookmia100.36.094,attack_train,the house of the seven gables,55,242,148.31248822575435,0.6128615215940263,6.032955169677734,9.843912461637792,2.6965906950137155
jacquelinehe/tinycomma-1.8b-llama3-tokenizer,bookmia100.36.095,attack_train,the house of the seven gables,58,245,165.59350426495075,0.6758918541426562,2.414048194885254,3.571648600422008,2.85506041836122
jacquelinehe/tinycomma-1.8b-llama3-tokenizer,bookmia100.36.096,attack_train,the house of the seven gables,66,241,193.3396873176098,0.8022393664631111,2.6769931316375732,3.3369007350509614,2.9293892017819663
jacquelinehe/tinycomma-1.8b-llama3-tokenizer,bookmia100.36.097,attack_train,the house of the seven gables,51,247,162.1816804036498,0.6566059935370437,2.562702751159668,3.902953637926377,3.1800329490911725
jacquelinehe/tinycomma-1.8b-llama3-tokenizer,bookmia100.36.098,attack_train,the house of the seven gables,56,247,187.66178432945162,0.7597643090261199,6.157595316569011,8.104612500766102,3.3511032915973504
jacquelinehe/tinycomma-1.8b-llama3-tokenizer,bookmia100.36.099,attack_train,the house of the seven gables,54,248,186.2619955962291,0.7510564338557625,4.460160891215007,5.938516322025894,3.4492962147449835
jacquelinehe/tinycomma-1.8b-llama3-tokenizer,bookmia100.37.000,attack_train,the hunger games,61,248,248.30360360443592,1.001224208082403,14.057717323303223,14.040528794471818,4.070550878761245
jacquelinehe/tinycomma-1.8b-llama3-tokenizer,bookmia100.37.001,attack_train,the hunger games,54,249,210.78017802473187,0.8465067390551481,2.927870750427246,3.4587683893636454,3.9033366300876273
jacquelinehe/tinycomma-1.8b-llama3-tokenizer,bookmia100.37.002,attack_train,the hunger games,58,247,219.43774049915373,0.8884119048548734,12.232423782348633,13.768865225130972,3.7834093189509264
jacquelinehe/tinycomma-1.8b-llama3-tokenizer,bookmia100.37.003,attack_train,the hunger games,57,243,226.38250938989222,0.9316152649789803,3.469785690307617,3.7244835080991345,3.971622971752495
jacquelinehe/tinycomma-1.8b-llama3-tokenizer,bookmia100.37.004,attack_train,the hunger games,66,249,234.90760411322117,0.9434040325832176,5.399664560953776,5.723597074488308,3.5592061229275935
jacquelinehe/tinycomma-1.8b-llama3-tokenizer,bookmia100.37.005,attack_train,the hunger games,79,249,220.71784531814046,0.8864170494704436,3.428859233856201,3.8682234687437966,2.7938967761789932
jacquelinehe/tinycomma-1.8b-llama3-tokenizer,bookmia100.37.006,attack_train,the hunger games,62,248,198.83260775357485,0.8017443861031244,4.521650950113933,5.63976627524815,3.2069775444124975
jacquelinehe/tinycomma-1.8b-llama3-tokenizer,bookmia100.37.007,attack_train,the hunger games,64,246,183.31255382718518,0.7451729830373381,6.619804382324219,8.883580769852632,2.8642586535497685
jacquelinehe/tinycomma-1.8b-llama3-tokenizer,bookmia100.37.008,attack_train,the hunger games,68,247,181.92202798556536,0.7365264290913578,12.893773078918457,17.5061919975164,2.6753239409641965
jacquelinehe/tinycomma-1.8b-llama3-tokenizer,bookmia100.37.009,attack_train,the hunger games,59,248,182.6073817415163,0.7363200876674044,5.38801908493042,7.317495713038576,3.095040368500276
jacquelinehe/tinycomma-1.8b-llama3-tokenizer,bookmia100.37.010,attack_train,the hunger games,62,248,244.52552404813468,0.9859900163231238,4.451527913411458,4.514779906202038,3.943960065292495
jacquelinehe/tinycomma-1.8b-llama3-tokenizer,bookmia100.37.011,attack_train,the hunger games,65,249,229.24291776120663,0.920654288197617,2.021676472255162,2.1959127309481583,3.526814119403179
jacquelinehe/tinycomma-1.8b-llama3-tokenizer,bookmia100.37.012,attack_train,the hunger games,63,246,191.34745970816584,0.7778352020657148,6.0153153737386065,7.733405942240202,3.0372612652089814
jacquelinehe/tinycomma-1.8b-llama3-tokenizer,bookmia100.37.013,attack_train,the hunger games,63,246,219.7509215567261,0.8932964290923825,2.8226633071899414,3.159828266701857,3.488109865979779
jacquelinehe/tinycomma-1.8b-llama3-tokenizer,bookmia100.37.014,attack_train,the hunger games,58,247,217.45621420815587,0.8803895312071088,6.094167947769165,6.9221267765569685,3.7492450725544115
jacquelinehe/tinycomma-1.8b-llama3-tokenizer,bookmia100.37.015,attack_train,the hunger games,61,248,205.06242982298136,0.8268646363829893,6.373538970947266,7.7080802473636725,3.361679177425924
jacquelinehe/tinycomma-1.8b-llama3-tokenizer,bookmia100.37.016,attack_train,the hunger games,69,244,195.78545975356246,0.8023994252195183,11.887465476989746,14.81489779698883,2.83747043121105
jacquelinehe/tinycomma-1.8b-llama3-tokenizer,bookmia100.37.018,attack_train,the hunger games,64,244,193.9407517593354,0.7948391465546533,3.163983106613159,3.980658376387106,3.0303242462396156
jacquelinehe/tinycomma-1.8b-llama3-tokenizer,bookmia100.37.019,attack_train,the hunger games,72,243,206.92623127624393,0.8515482768569709,4.8359018961588545,5.678952124720358,2.8739754343922765
jacquelinehe/tinycomma-1.8b-llama3-tokenizer,bookmia100.37.020,attack_train,the hunger games,61,244,207.75762854516506,0.8514656907588732,3.8745293617248535,4.550423350906434,3.405862763035493
jacquelinehe/tinycomma-1.8b-llama3-tokenizer,bookmia100.37.021,attack_train,the hunger games,55,248,189.46411436004564,0.7639682030647001,10.508286476135254,13.754874134788187,3.444802079273557
jacquelinehe/tinycomma-1.8b-llama3-tokenizer,bookmia100.37.022,attack_train,the hunger games,57,247,198.37387252273038,0.8031330871365603,12.723323822021484,15.842111383288186,3.480243377591761
jacquelinehe/tinycomma-1.8b-llama3-tokenizer,bookmia100.37.023,attack_train,the hunger games,68,249,205.29499888629653,0.8244779071738816,5.803563117980957,7.03907656892132,3.0190441012690665
jacquelinehe/tinycomma-1.8b-llama3-tokenizer,bookmia100.37.024,attack_train,the hunger games,62,249,232.28847166337073,0.9328854283669508,2.5493602752685547,2.7327688885990007,3.7465882526350116
jacquelinehe/tinycomma-1.8b-llama3-tokenizer,bookmia100.37.025,attack_train,the hunger games,60,249,204.92179583758116,0.8229790997493219,5.471537272135417,6.64845228001785,3.415363263959686
jacquelinehe/tinycomma-1.8b-llama3-tokenizer,bookmia100.37.026,attack_train,the hunger games,61,246,197.31380746886134,0.8020886482474038,12.456315040588379,15.52984831265962,3.2346525814567433
jacquelinehe/tinycomma-1.8b-llama3-tokenizer,bookmia100.37.027,attack_train,the hunger games,59,246,198.475993424654,0.8068129814010325,4.391236305236816,5.442694163908252,3.3639998885534577
jacquelinehe/tinycomma-1.8b-llama3-tokenizer,bookmia100.37.028,attack_train,the hunger games,59,245,193.3258376941085,0.7890850518126877,2.7457923889160156,3.4797166447499874,3.2767091134594657
jacquelinehe/tinycomma-1.8b-llama3-tokenizer,bookmia100.37.029,attack_train,the hunger games,59,247,249.41235562693328,1.0097666219713899,3.667006174723307,3.6315383128471104,4.227328061473445
jacquelinehe/tinycomma-1.8b-llama3-tokenizer,bookmia100.37.030,attack_train,the hunger games,60,246,227.74123950581998,0.9257773963651219,4.064370632171631,4.390224527115873,3.7956873250969996
jacquelinehe/tinycomma-1.8b-llama3-tokenizer,bookmia100.37.031,attack_train,the hunger games,64,240,189.39733244478703,0.7891555518532792,2.228114128112793,2.8234156407823723,2.9593333194497973
jacquelinehe/tinycomma-1.8b-llama3-tokenizer,bookmia100.37.032,attack_train,the hunger games,56,243,205.9122798006283,0.8473756370396227,4.622888247172038,5.455535945454465,3.6770049964397913
jacquelinehe/tinycomma-1.8b-llama3-tokenizer,bookmia100.37.033,attack_train,the hunger games,63,249,229.08587982691824,0.9200236137627239,5.968625386555989,6.487469774982657,3.63628380677648
jacquelinehe/tinycomma-1.8b-llama3-tokenizer,bookmia100.37.034,attack_train,the hunger games,61,247,190.825895935297,0.7725744774708381,7.219137191772461,9.3442605241188,3.1282933759884757
jacquelinehe/tinycomma-1.8b-llama3-tokenizer,bookmia100.37.035,attack_train,the hunger games,66,248,197.16429332300322,0.7950173117863033,5.250424067179362,6.604163191594311,2.987337777621261
jacquelinehe/tinycomma-1.8b-llama3-tokenizer,bookmia100.37.036,attack_train,the hunger games,57,249,205.61139202862978,0.825748562363975,2.480788469314575,3.0042903886051073,3.607217404011049
jacquelinehe/tinycomma-1.8b-llama3-tokenizer,bookmia100.37.037,attack_train,the hunger games,62,245,203.59060008823872,0.8309820411764846,3.010538864135742,3.62286874439969,3.2837193562619147
jacquelinehe/tinycomma-1.8b-llama3-tokenizer,bookmia100.37.038,attack_train,the hunger games,66,246,214.9213023521006,0.873663830699596,5.543401718139648,6.345005393780246,3.256383368971221
jacquelinehe/tinycomma-1.8b-llama3-tokenizer,bookmia100.37.039,attack_train,the hunger games,62,246,206.0273169875145,0.8375094186484329,6.921874046325684,8.264831286907983,3.323021241734105
jacquelinehe/tinycomma-1.8b-llama3-tokenizer,bookmia100.37.040,attack_train,the hunger games,64,244,220.08477226644754,0.9019867715838014,8.949806213378906,9.922325354798623,3.438824566663243
jacquelinehe/tinycomma-1.8b-llama3-tokenizer,bookmia100.37.041,attack_train,the hunger games,55,249,196.02480260794982,0.7872482032447784,2.6606639862060546,3.379701567103833,3.564087320144542
jacquelinehe/tinycomma-1.8b-llama3-tokenizer,bookmia100.37.042,attack_train,the hunger games,57,249,204.82799320109189,0.8226023823337023,3.428399658203125,4.1677482728372865,3.5934735649314367
jacquelinehe/tinycomma-1.8b-llama3-tokenizer,bookmia100.37.043,attack_train,the hunger games,58,244,194.86750266328454,0.7986373059970678,1.9743618011474608,2.472163253984919,3.3597845286773196
jacquelinehe/tinycomma-1.8b-llama3-tokenizer,bookmia100.37.044,attack_train,the hunger games,60,245,254.19921669457108,1.0375478232431472,6.805944442749023,6.559644086067409,4.236653611576185
jacquelinehe/tinycomma-1.8b-llama3-tokenizer,bookmia100.37.045,attack_train,the hunger games,60,248,209.7159919552505,0.8456289998195585,4.6434645652771,5.491136853475849,3.4952665325875083
jacquelinehe/tinycomma-1.8b-llama3-tokenizer,bookmia100.37.047,attack_train,the hunger games,61,246,182.17249860300217,0.7405386122073259,4.944339275360107,6.676679910886077,2.9864344033279044
jacquelinehe/tinycomma-1.8b-llama3-tokenizer,bookmia100.37.048,attack_train,the hunger games,56,249,212.67867255583405,0.854131215083671,2.277218246459961,2.666122261129262,3.7978334384970367
jacquelinehe/tinycomma-1.8b-llama3-tokenizer,bookmia100.37.049,attack_train,the hunger games,63,246,240.67648827657104,0.9783597084413457,1.5448678074912592,1.5790386645750514,3.820261718675731
jacquelinehe/tinycomma-1.8b-llama3-tokenizer,bookmia100.37.050,attack_train,the hunger games,67,248,264.60551655851305,1.0669577280585203,4.574133555094401,4.287080392039225,3.9493360680375083
jacquelinehe/tinycomma-1.8b-llama3-tokenizer,bookmia100.37.051,attack_train,the hunger games,57,245,183.21241454128176,0.7478057736378847,16.957841873168945,22.67679987368025,3.2142528866891538
jacquelinehe/tinycomma-1.8b-llama3-tokenizer,bookmia100.37.052,attack_train,the hunger games,67,247,205.892844772432,0.8335742703337328,8.534046173095703,10.237895382350251,3.0730275339168953
jacquelinehe/tinycomma-1.8b-llama3-tokenizer,bookmia100.37.053,attack_train,the hunger games,56,244,182.78931868297514,0.7491365519794063,1.6246449606759208,2.1686900157030147,3.2640949764816987
jacquelinehe/tinycomma-1.8b-llama3-tokenizer,bookmia100.37.054,attack_train,the hunger games,58,248,171.06908694002777,0.6897947054033378,8.60602855682373,12.476217183765714,2.9494670162073753
jacquelinehe/tinycomma-1.8b-llama3-tokenizer,bookmia100.37.055,attack_train,the hunger games,57,245,155.8384395367466,0.6360752634152922,3.3578888575236,5.27907474265548,2.734007711170993
jacquelinehe/tinycomma-1.8b-llama3-tokenizer,bookmia100.37.056,attack_train,the hunger games,62,247,177.9806574843824,0.7205694634995239,2.4744300842285156,3.4339924317791337,2.8706557658771352
jacquelinehe/tinycomma-1.8b-llama3-tokenizer,bookmia100.37.057,attack_train,the hunger games,69,249,214.75880657415837,0.8624851669644914,17.883628845214844,20.734998734130247,3.112446472089252
jacquelinehe/tinycomma-1.8b-llama3-tokenizer,bookmia100.37.058,attack_train,the hunger games,54,249,218.64955279044807,0.8781106537768999,4.074840863545735,4.6404639848282985,4.049065792415705
jacquelinehe/tinycomma-1.8b-llama3-tokenizer,bookmia100.37.059,attack_train,the hunger games,64,249,227.6181074520573,0.9141289455905915,7.783738613128662,8.514924126048562,3.5565329289383953
jacquelinehe/tinycomma-1.8b-llama3-tokenizer,bookmia100.37.060,attack_train,the hunger games,63,243,210.29253957420588,0.8654013974247156,9.304465293884277,10.751618060212003,3.3379768186381886
jacquelinehe/tinycomma-1.8b-llama3-tokenizer,bookmia100.37.061,attack_train,the hunger games,60,245,208.23103072075173,0.8499225743704152,2.8466670513153076,3.349325146968819,3.4705171786791955
jacquelinehe/tinycomma-1.8b-llama3-tokenizer,bookmia100.37.062,attack_train,the hunger games,60,245,214.83988413587213,0.8768974862688658,4.111083984375,4.688215040810938,3.580664735597869
jacquelinehe/tinycomma-1.8b-llama3-tokenizer,bookmia100.37.063,attack_train,the hunger games,58,248,233.43732671253383,0.941279543195701,1.5476850509643554,1.644235298803872,4.024781495043687
jacquelinehe/tinycomma-1.8b-llama3-tokenizer,bookmia100.37.064,attack_train,the hunger games,66,249,190.93528113886714,0.7668083579874182,5.29550838470459,6.905908535743267,2.8929588051343504
jacquelinehe/tinycomma-1.8b-llama3-tokenizer,bookmia100.37.066,attack_train,the hunger games,62,246,220.15941906906664,0.8949569880856367,3.8347250620524087,4.284814927536463,3.55095837208172
jacquelinehe/tinycomma-1.8b-llama3-tokenizer,bookmia100.37.067,attack_train,the hunger games,62,246,193.05125581538596,0.7847612025015689,3.913876533508301,4.987347133156058,3.1137299325062253
jacquelinehe/tinycomma-1.8b-llama3-tokenizer,bookmia100.37.068,attack_train,the hunger games,60,248,194.23630922473967,0.7832109242933051,1.6442007448362268,2.099307726484787,3.2372718204123276
jacquelinehe/tinycomma-1.8b-llama3-tokenizer,bookmia100.37.069,attack_train,the hunger games,57,242,240.4288986689644,0.9935078457395223,4.950076421101888,4.982423080330356,4.218050853841481
jacquelinehe/tinycomma-1.8b-llama3-tokenizer,bookmia100.37.071,attack_train,the hunger games,63,247,153.70481187972473,0.6222866877721649,2.7401485443115234,4.403353949481821,2.4397589187257895
jacquelinehe/tinycomma-1.8b-llama3-tokenizer,bookmia100.37.072,attack_train,the hunger games,61,246,239.02019745483994,0.9716268189221136,15.618924140930176,16.075023699178278,3.918363892702294
jacquelinehe/tinycomma-1.8b-llama3-tokenizer,bookmia100.37.073,attack_train,the hunger games,67,247,223.89046684559435,0.9064391370266978,6.6651835441589355,7.353150666047005,3.341648758889468
jacquelinehe/tinycomma-1.8b-llama3-tokenizer,bookmia100.37.074,attack_train,the hunger games,61,249,194.8999628154561,0.7827307743592614,1.3159670299953885,1.681251169755822,3.1950813576304276
jacquelinehe/tinycomma-1.8b-llama3-tokenizer,bookmia100.37.075,attack_train,the hunger games,49,247,168.29363576322794,0.6813507520778459,14.192797660827637,20.83038378917952,3.434563995167917
jacquelinehe/tinycomma-1.8b-llama3-tokenizer,bookmia100.37.076,attack_train,the hunger games,73,249,167.71617849450558,0.6735589497771308,3.599838892618815,5.3445045809426786,2.297481897185008
jacquelinehe/tinycomma-1.8b-llama3-tokenizer,bookmia100.37.077,attack_train,the hunger games,69,249,182.40741932112724,0.7325599169523183,1.903646469116211,2.5986222083184463,2.6435857872627135
jacquelinehe/tinycomma-1.8b-llama3-tokenizer,bookmia100.37.078,attack_train,the hunger games,58,240,179.390922925435,0.7474621788559792,14.155160903930664,18.937628289896494,3.0929469469902586
jacquelinehe/tinycomma-1.8b-llama3-tokenizer,bookmia100.37.079,attack_train,the hunger games,67,246,219.56880649738014,0.89255612397309,8.157791137695312,9.139807479424414,3.2771463656325395
jacquelinehe/tinycomma-1.8b-llama3-tokenizer,bookmia100.37.080,attack_train,the hunger games,64,248,192.81928882561624,0.7774971323613558,2.3954318364461265,3.0809526321607144,3.0128013879002538
jacquelinehe/tinycomma-1.8b-llama3-tokenizer,bookmia100.37.081,attack_train,the hunger games,56,244,233.82138031721115,0.9582843455623408,14.76021957397461,15.402755604144835,4.17538179137877
jacquelinehe/tinycomma-1.8b-llama3-tokenizer,bookmia100.37.082,attack_train,the hunger games,62,249,199.74192422255874,0.8021764025002359,1.642632007598877,2.0477191830613513,3.221643939073528
jacquelinehe/tinycomma-1.8b-llama3-tokenizer,bookmia100.37.083,attack_train,the hunger games,57,246,219.56758048012853,0.8925511401631241,3.182504081726074,3.565626593838012,3.8520628154408514
jacquelinehe/tinycomma-1.8b-llama3-tokenizer,bookmia100.37.084,attack_train,the hunger games,60,243,156.40674839820713,0.6436491703629923,12.862542152404785,19.983778034159243,2.606779139970119
jacquelinehe/tinycomma-1.8b-llama3-tokenizer,bookmia100.37.085,attack_train,the hunger games,60,248,228.5696190111339,0.9216516895610238,3.467645525932312,3.762425182103151,3.809493650185565
jacquelinehe/tinycomma-1.8b-llama3-tokenizer,bookmia100.37.086,attack_train,the hunger games,63,249,174.60039792070165,0.7012064173522154,2.6859790802001955,3.8305112642045747,2.771434887630185
jacquelinehe/tinycomma-1.8b-llama3-tokenizer,bookmia100.37.087,attack_train,the hunger games,54,243,216.50436954014003,0.8909644837042799,15.098617553710938,16.946374215655403,4.00934017666926
jacquelinehe/tinycomma-1.8b-llama3-tokenizer,bookmia100.37.088,attack_train,the hunger games,65,244,232.22341803298332,0.9517353198073086,17.95968246459961,18.870459140085064,3.572667969738205
jacquelinehe/tinycomma-1.8b-llama3-tokenizer,bookmia100.37.089,attack_train,the hunger games,60,246,231.6247191420989,0.9415638989516216,1.9089288711547852,2.0274023603499134,3.8604119857016483
jacquelinehe/tinycomma-1.8b-llama3-tokenizer,bookmia100.37.090,attack_train,the hunger games,69,248,232.0124263826292,0.9355339773493113,3.8202414512634277,4.083487659194893,3.3624989330815827
jacquelinehe/tinycomma-1.8b-llama3-tokenizer,bookmia100.37.091,attack_train,the hunger games,54,239,191.93467921763659,0.8030739716219104,2.345115900039673,2.9201742092368055,3.5543459114377147
jacquelinehe/tinycomma-1.8b-llama3-tokenizer,bookmia100.37.092,attack_train,the hunger games,60,246,212.08084194594994,0.8621172436827234,4.275897979736328,4.959763896463652,3.5346806990991655
jacquelinehe/tinycomma-1.8b-llama3-tokenizer,bookmia100.37.093,attack_train,the hunger games,63,246,182.2358312625438,0.740796062042861,2.8368083953857424,3.829405339389629,2.8926322422626
jacquelinehe/tinycomma-1.8b-llama3-tokenizer,bookmia100.37.094,attack_train,the hunger games,64,249,211.71886284090579,0.8502765575939991,12.155353546142578,14.29576463984636,3.308107231889153
jacquelinehe/tinycomma-1.8b-llama3-tokenizer,bookmia100.37.095,attack_train,the hunger games,61,245,203.93940391088836,0.8324057302485239,5.19825553894043,6.244857946122539,3.3432689165719403
jacquelinehe/tinycomma-1.8b-llama3-tokenizer,bookmia100.37.096,attack_train,the hunger games,65,246,213.9884868711233,0.8698718978500948,4.4455742835998535,5.1106080039913655,3.292130567248051
jacquelinehe/tinycomma-1.8b-llama3-tokenizer,bookmia100.37.097,attack_train,the hunger games,60,244,216.7361509092152,0.8882629135623574,3.161825752258301,3.559560693103659,3.6122691818202535
jacquelinehe/tinycomma-1.8b-llama3-tokenizer,bookmia100.37.098,attack_train,the hunger games,67,249,184.18637685663998,0.7397043247254618,4.357148170471191,5.890391640049325,2.749050400845373
jacquelinehe/tinycomma-1.8b-llama3-tokenizer,bookmia100.37.099,attack_train,the hunger games,64,242,215.72324198111892,0.8914183552938798,11.538105010986328,12.94353536974509,3.370675655954983
jacquelinehe/tinycomma-1.8b-llama3-tokenizer,bookmia100.38.000,attack_train,the invisible man_ a grotesque romance,57,244,162.8454752736725,0.6673994888265266,7.668306350708008,11.48982952353023,2.8569381626960086
jacquelinehe/tinycomma-1.8b-llama3-tokenizer,bookmia100.38.001,attack_train,the invisible man_ a grotesque romance,62,247,211.34734925674275,0.855657284440254,8.370339393615723,9.78235041742367,3.4088282138184316
jacquelinehe/tinycomma-1.8b-llama3-tokenizer,bookmia100.38.002,attack_train,the invisible man_ a grotesque romance,50,248,171.90305052651092,0.6931574618004472,2.7840323448181152,4.0164500827657665,3.4380610105302183
jacquelinehe/tinycomma-1.8b-llama3-tokenizer,bookmia100.38.003,attack_train,the invisible man_ a grotesque romance,65,243,187.60799479209527,0.7720493612843427,7.645961761474609,9.903462323646211,2.886276842955312
jacquelinehe/tinycomma-1.8b-llama3-tokenizer,bookmia100.38.004,attack_train,the invisible man_ a grotesque romance,59,248,159.53484915185254,0.6432856820639216,1.882481575012207,2.926353916307358,2.7039804940991954
jacquelinehe/tinycomma-1.8b-llama3-tokenizer,bookmia100.38.005,attack_train,the invisible man_ a grotesque romance,67,247,211.07938129547983,0.8545723939088252,7.570374488830566,8.858669602236477,3.1504385267982067
jacquelinehe/tinycomma-1.8b-llama3-tokenizer,bookmia100.38.006,attack_train,the invisible man_ a grotesque romance,66,245,196.1995513185393,0.8008144951777114,15.120246887207031,18.881085417730414,2.9727204745233227
jacquelinehe/tinycomma-1.8b-llama3-tokenizer,bookmia100.38.007,attack_train,the invisible man_ a grotesque romance,68,249,197.3591262693517,0.7926069328086414,2.093771743774414,2.6416268355804453,2.9023400921963485
jacquelinehe/tinycomma-1.8b-llama3-tokenizer,bookmia100.38.008,attack_train,the invisible man_ a grotesque romance,56,247,196.25991903059185,0.794574570974056,3.641246795654297,4.582636959034004,3.5046414112605686
jacquelinehe/tinycomma-1.8b-llama3-tokenizer,bookmia100.38.009,attack_train,the invisible man_ a grotesque romance,70,248,214.9406266977312,0.8666960753940774,2.3648526668548584,2.7285835646360637,3.07058038139616
jacquelinehe/tinycomma-1.8b-llama3-tokenizer,bookmia100.38.010,attack_train,the invisible man_ a grotesque romance,54,245,191.2230070065052,0.780502069414307,2.198315075465611,2.8165397141294433,3.5411667964167632
jacquelinehe/tinycomma-1.8b-llama3-tokenizer,bookmia100.38.011,attack_train,the invisible man_ a grotesque romance,68,248,177.92449760180898,0.7174374903298749,2.32708854675293,3.2436115732994995,2.6165367294383675
jacquelinehe/tinycomma-1.8b-llama3-tokenizer,bookmia100.38.012,attack_train,the invisible man_ a grotesque romance,58,242,177.0777116738609,0.7317260812969458,2.4483132362365723,3.3459422847099645,3.0530639943769122
jacquelinehe/tinycomma-1.8b-llama3-tokenizer,bookmia100.38.013,attack_train,the invisible man_ a grotesque romance,60,246,180.50505020504352,0.7337603666871688,4.595678329467773,6.263186917844384,3.008417503417392
jacquelinehe/tinycomma-1.8b-llama3-tokenizer,bookmia100.38.015,attack_train,the invisible man_ a grotesque romance,63,249,198.1102178292349,0.7956233647760438,4.007526874542236,5.036964790080412,3.1446066322100776
jacquelinehe/tinycomma-1.8b-llama3-tokenizer,bookmia100.38.016,attack_train,the invisible man_ a grotesque romance,65,246,222.3351600766182,0.9038014637260903,4.16824467976888,4.6119029975726225,3.4205409242556644
jacquelinehe/tinycomma-1.8b-llama3-tokenizer,bookmia100.38.017,attack_train,the invisible man_ a grotesque romance,51,249,161.68449177986986,0.649335308352891,4.050019900004069,6.2371780001881945,3.170284152546468
jacquelinehe/tinycomma-1.8b-llama3-tokenizer,bookmia100.38.018,attack_train,the invisible man_ a grotesque romance,67,247,173.3223941565957,0.7017100977999826,4.159158706665039,5.9271752247900205,2.586901405322324
jacquelinehe/tinycomma-1.8b-llama3-tokenizer,bookmia100.38.019,attack_train,the invisible man_ a grotesque romance,59,248,182.2526327073574,0.734889648013538,3.2836947441101074,4.468282759168239,3.0890276730060577
jacquelinehe/tinycomma-1.8b-llama3-tokenizer,bookmia100.38.020,attack_train,the invisible man_ a grotesque romance,73,249,188.7911995537579,0.7581975885693089,5.105854670206706,6.734200618919492,2.586180815804903
jacquelinehe/tinycomma-1.8b-llama3-tokenizer,bookmia100.38.021,attack_train,the invisible man_ a grotesque romance,62,246,181.2292769481428,0.7367043778379788,11.448331832885742,15.539926430847869,2.9230528540023033
jacquelinehe/tinycomma-1.8b-llama3-tokenizer,bookmia100.38.022,attack_train,the invisible man_ a grotesque romance,67,249,199.2930017328763,0.8003735009352462,4.119606335957845,5.147104859348834,2.974522413923527
jacquelinehe/tinycomma-1.8b-llama3-tokenizer,bookmia100.38.023,attack_train,the invisible man_ a grotesque romance,65,249,234.87075001653284,0.9432560241627825,3.4562152862548827,3.6641327462738005,3.613396154100505
jacquelinehe/tinycomma-1.8b-llama3-tokenizer,bookmia100.38.024,attack_train,the invisible man_ a grotesque romance,53,248,211.54648325964808,0.8530100131437423,4.042981783548991,4.739665093319017,3.9914430803707184
jacquelinehe/tinycomma-1.8b-llama3-tokenizer,bookmia100.38.025,attack_train,the invisible man_ a grotesque romance,69,247,194.86629859404638,0.7889323829718478,4.400143623352051,5.5773393491303365,2.8241492549861795
jacquelinehe/tinycomma-1.8b-llama3-tokenizer,bookmia100.38.026,attack_train,the invisible man_ a grotesque romance,51,244,177.1441089095315,0.726000446350539,5.401553471883138,7.4401517230956005,3.473413900186892
jacquelinehe/tinycomma-1.8b-llama3-tokenizer,bookmia100.38.027,attack_train,the invisible man_ a grotesque romance,57,244,158.91212757921312,0.6512792113902177,8.11693286895752,12.463061505726785,2.7879320627932125
jacquelinehe/tinycomma-1.8b-llama3-tokenizer,bookmia100.38.028,attack_train,the invisible man_ a grotesque romance,51,245,188.74845213070512,0.7704018454314495,2.9189629554748535,3.788883649207955,3.700950041778532
jacquelinehe/tinycomma-1.8b-llama3-tokenizer,bookmia100.38.029,attack_train,the invisible man_ a grotesque romance,51,248,113.18156500952318,0.4563772782642064,0.9932324409484863,2.176340690593021,2.2192463727357485
jacquelinehe/tinycomma-1.8b-llama3-tokenizer,bookmia100.38.030,attack_train,the invisible man_ a grotesque romance,54,246,200.06244762986898,0.8132619822352398,3.17795352935791,3.907662719734355,3.70486014129387
jacquelinehe/tinycomma-1.8b-llama3-tokenizer,bookmia100.38.031,attack_train,the invisible man_ a grotesque romance,59,248,192.67315056920052,0.7769078651983892,4.15157953898112,5.343721855513695,3.265646619816958
jacquelinehe/tinycomma-1.8b-llama3-tokenizer,bookmia100.38.032,attack_train,the invisible man_ a grotesque romance,55,247,169.347795734182,0.6856186062112631,7.387548446655273,10.775011616850595,3.079050831530582
jacquelinehe/tinycomma-1.8b-llama3-tokenizer,bookmia100.38.033,attack_train,the invisible man_ a grotesque romance,54,247,208.18402501719538,0.8428503037133416,3.9922637939453125,4.736622596392995,3.855259722540655
jacquelinehe/tinycomma-1.8b-llama3-tokenizer,bookmia100.38.034,attack_train,the invisible man_ a grotesque romance,49,247,148.40157959313365,0.6008161117130917,2.2039318084716797,3.6682302047254773,3.028603665165993
jacquelinehe/tinycomma-1.8b-llama3-tokenizer,bookmia100.38.035,attack_train,the invisible man_ a grotesque romance,62,246,225.04775925725698,0.9148282896636463,3.830746650695801,4.187394174380251,3.6298025686654354
jacquelinehe/tinycomma-1.8b-llama3-tokenizer,bookmia100.38.036,attack_train,the invisible man_ a grotesque romance,60,246,178.01666817441583,0.7236449925789261,3.9971437454223633,5.523625239466305,2.966944469573597
jacquelinehe/tinycomma-1.8b-llama3-tokenizer,bookmia100.38.037,attack_train,the invisible man_ a grotesque romance,55,240,198.80085360258818,0.828336890010784,8.937865257263184,10.790133054616005,3.6145609745925125
jacquelinehe/tinycomma-1.8b-llama3-tokenizer,bookmia100.38.038,attack_train,the invisible man_ a grotesque romance,52,247,227.9004877502739,0.9226740394747931,3.760458469390869,4.075608837473532,4.382701687505267
jacquelinehe/tinycomma-1.8b-llama3-tokenizer,bookmia100.38.039,attack_train,the invisible man_ a grotesque romance,52,248,187.7548838010989,0.7570761443592698,2.026293182373047,2.676472105838103,3.610670842328825
jacquelinehe/tinycomma-1.8b-llama3-tokenizer,bookmia100.38.040,attack_train,the invisible man_ a grotesque romance,62,245,212.1187659376301,0.865790881378082,5.145802179972331,5.943470058014173,3.4212704183488722
jacquelinehe/tinycomma-1.8b-llama3-tokenizer,bookmia100.38.041,attack_train,the invisible man_ a grotesque romance,58,247,179.1388321960112,0.7252584299433652,3.8682918548583984,5.333673757036467,3.0886005551036417
jacquelinehe/tinycomma-1.8b-llama3-tokenizer,bookmia100.38.042,attack_train,the invisible man_ a grotesque romance,60,243,210.37812662945362,0.8657536075286157,2.961954116821289,3.4212437477176643,3.5063021104908936
jacquelinehe/tinycomma-1.8b-llama3-tokenizer,bookmia100.38.043,attack_train,the invisible man_ a grotesque romance,57,243,156.60313710570335,0.6444573543444583,1.4743690490722656,2.2877682117104445,2.747423457994796
jacquelinehe/tinycomma-1.8b-llama3-tokenizer,bookmia100.38.044,attack_train,the invisible man_ a grotesque romance,69,249,168.2015236923471,0.6755081272785024,4.050233364105225,5.9958321751403165,2.437703241918074
jacquelinehe/tinycomma-1.8b-llama3-tokenizer,bookmia100.38.045,attack_train,the invisible man_ a grotesque romance,67,245,176.80775101965992,0.7216642898761629,5.872837543487549,8.137907924604837,2.6389216570098495
jacquelinehe/tinycomma-1.8b-llama3-tokenizer,bookmia100.38.046,attack_train,the invisible man_ a grotesque romance,59,241,199.20739358128048,0.8265866953580103,6.313528060913086,7.6380712348371125,3.376396501377635
jacquelinehe/tinycomma-1.8b-llama3-tokenizer,bookmia100.38.047,attack_train,the invisible man_ a grotesque romance,72,247,200.87707240181044,0.8132674996024714,4.807352066040039,5.9111572371819765,2.789959338914034
jacquelinehe/tinycomma-1.8b-llama3-tokenizer,bookmia100.38.048,attack_train,the invisible man_ a grotesque romance,65,247,251.6847774349153,1.018966710262815,2.3037962913513184,2.2609141870367053,3.872073498998697
jacquelinehe/tinycomma-1.8b-llama3-tokenizer,bookmia100.38.049,attack_train,the invisible man_ a grotesque romance,61,247,179.03520904993638,0.7248389030361797,6.172467231750488,8.51564010416035,2.9350034270481373
jacquelinehe/tinycomma-1.8b-llama3-tokenizer,bookmia100.38.050,attack_train,the invisible man_ a grotesque romance,56,247,181.05093717386626,0.7329997456431833,15.61723518371582,21.305921695801146,3.233052449533326
jacquelinehe/tinycomma-1.8b-llama3-tokenizer,bookmia100.38.051,attack_train,the invisible man_ a grotesque romance,57,245,214.90916251763701,0.8771802551740286,4.638832728068034,5.288346039147576,3.7703361845199477
jacquelinehe/tinycomma-1.8b-llama3-tokenizer,bookmia100.38.052,attack_train,the invisible man_ a grotesque romance,50,247,156.31533915922046,0.6328556241263986,2.7282745838165283,4.3110537061002985,3.1263067831844094
jacquelinehe/tinycomma-1.8b-llama3-tokenizer,bookmia100.38.053,attack_train,the invisible man_ a grotesque romance,54,245,184.62766130336786,0.7535822910341545,2.4238169193267822,3.216393150641232,3.4190307648771827
jacquelinehe/tinycomma-1.8b-llama3-tokenizer,bookmia100.38.054,attack_train,the invisible man_ a grotesque romance,56,243,167.12218239717185,0.6877456065727237,2.9528831481933593,4.293568901019385,2.984324685663783
jacquelinehe/tinycomma-1.8b-llama3-tokenizer,bookmia100.38.055,attack_train,the invisible man_ a grotesque romance,70,246,211.29703045808128,0.8589310181222817,16.416404724121094,19.11259970563081,3.0185290065440182
jacquelinehe/tinycomma-1.8b-llama3-tokenizer,bookmia100.38.056,attack_train,the invisible man_ a grotesque romance,52,247,159.6232959185727,0.6462481616136546,2.539259592692057,3.9292329843564,3.0696787676648594
jacquelinehe/tinycomma-1.8b-llama3-tokenizer,bookmia100.38.057,attack_train,the invisible man_ a grotesque romance,62,247,168.75958448043093,0.6832371841312993,16.007137298583984,23.42837549003752,2.7219287819424345
jacquelinehe/tinycomma-1.8b-llama3-tokenizer,bookmia100.38.058,attack_train,the invisible man_ a grotesque romance,70,247,227.11933070207306,0.9195114603322796,2.214975357055664,2.4088610665659878,3.244561867172472
jacquelinehe/tinycomma-1.8b-llama3-tokenizer,bookmia100.38.059,attack_train,the invisible man_ a grotesque romance,64,244,166.94072480557952,0.6841832983835227,13.829939842224121,20.213793401416346,2.60844882508718
jacquelinehe/tinycomma-1.8b-llama3-tokenizer,bookmia100.38.060,attack_train,the invisible man_ a grotesque romance,55,246,180.03686721622944,0.7318571838058108,2.3831919034322104,3.256361973574015,3.2733975857496262
jacquelinehe/tinycomma-1.8b-llama3-tokenizer,bookmia100.38.061,attack_train,the invisible man_ a grotesque romance,50,246,149.0267597521888,0.6057998363910114,15.79780387878418,26.07759680639389,2.9805351950437764
jacquelinehe/tinycomma-1.8b-llama3-tokenizer,bookmia100.38.063,attack_train,the invisible man_ a grotesque romance,52,248,128.08370825072052,0.5164665655270989,2.4033255577087402,4.653400080711784,2.4631482355907792
jacquelinehe/tinycomma-1.8b-llama3-tokenizer,bookmia100.38.064,attack_train,the invisible man_ a grotesque romance,53,247,191.13191420026124,0.7738134178148228,6.460968971252441,8.34951788442441,3.6062625320804007
jacquelinehe/tinycomma-1.8b-llama3-tokenizer,bookmia100.38.065,attack_train,the invisible man_ a grotesque romance,56,245,155.54988381423755,0.6348974849560716,4.646002451578776,7.3177206740710785,2.777676496682813
jacquelinehe/tinycomma-1.8b-llama3-tokenizer,bookmia100.38.066,attack_train,the invisible man_ a grotesque romance,56,245,161.98908487614244,0.6611799382699691,3.171992619832357,4.797472573248566,2.892662229931115
jacquelinehe/tinycomma-1.8b-llama3-tokenizer,bookmia100.38.067,attack_train,the invisible man_ a grotesque romance,54,245,209.4068417083472,0.854721802891213,19.653804779052734,22.99438801323549,3.877904476080504
jacquelinehe/tinycomma-1.8b-llama3-tokenizer,bookmia100.38.068,attack_train,the invisible man_ a grotesque romance,63,241,166.77126012236113,0.6919969299683034,10.757223129272461,15.54518909464698,2.647162859085097
jacquelinehe/tinycomma-1.8b-llama3-tokenizer,bookmia100.38.069,attack_train,the invisible man_ a grotesque romance,64,243,161.3507944400044,0.6639950388477547,4.009215672810872,6.038020524623426,2.5211061631250686
jacquelinehe/tinycomma-1.8b-llama3-tokenizer,bookmia100.38.071,attack_train,the invisible man_ a grotesque romance,62,244,166.62203481583856,0.6828771918681908,2.0149906476338706,2.9507364891208794,2.687452174449009
jacquelinehe/tinycomma-1.8b-llama3-tokenizer,bookmia100.38.072,attack_train,the invisible man_ a grotesque romance,58,249,146.41124300321098,0.587996959852253,4.311875343322754,7.333159246956321,2.524331775917431
jacquelinehe/tinycomma-1.8b-llama3-tokenizer,bookmia100.38.073,attack_train,the invisible man_ a grotesque romance,58,242,167.19780853623524,0.6909000352736994,4.212464968363444,6.097068683307681,2.882720836831642
jacquelinehe/tinycomma-1.8b-llama3-tokenizer,bookmia100.38.074,attack_train,the invisible man_ a grotesque romance,58,248,169.29190341045614,0.6826286427840974,16.509510040283203,24.185199690638896,2.9188259208699336
jacquelinehe/tinycomma-1.8b-llama3-tokenizer,bookmia100.38.075,attack_train,the invisible man_ a grotesque romance,55,246,170.13266571238637,0.6915962020828714,4.7972838083903,6.936538682460056,3.0933211947706614
jacquelinehe/tinycomma-1.8b-llama3-tokenizer,bookmia100.38.076,attack_train,the invisible man_ a grotesque romance,57,249,204.5302967503667,0.8214068142585007,8.028512001037598,9.774099583389852,3.5882508201818717
jacquelinehe/tinycomma-1.8b-llama3-tokenizer,bookmia100.38.077,attack_train,the invisible man_ a grotesque romance,56,249,195.406552195549,0.7847652698616426,4.397966384887695,5.604180707006918,3.489402717777661
jacquelinehe/tinycomma-1.8b-llama3-tokenizer,bookmia100.38.079,attack_train,the invisible man_ a grotesque romance,57,247,183.04840021801647,0.7410866405587712,4.799178123474121,6.47586646529695,3.2113754424213417
jacquelinehe/tinycomma-1.8b-llama3-tokenizer,bookmia100.38.080,attack_train,the invisible man_ a grotesque romance,53,247,151.88387647387572,0.6149144796513187,4.175896962483724,6.791020703971104,2.8657335183750137
jacquelinehe/tinycomma-1.8b-llama3-tokenizer,bookmia100.38.081,attack_train,the invisible man_ a grotesque romance,57,248,203.00514211971313,0.8185691214504561,3.38450288772583,4.134657415037463,3.561493721398476
jacquelinehe/tinycomma-1.8b-llama3-tokenizer,bookmia100.38.082,attack_train,the invisible man_ a grotesque romance,53,245,188.62552053667605,0.7699000838231675,13.288678169250488,17.260263310092927,3.558972085597661
jacquelinehe/tinycomma-1.8b-llama3-tokenizer,bookmia100.38.083,attack_train,the invisible man_ a grotesque romance,53,245,187.4647905677557,0.7651624104806355,2.585313415527344,3.378777342059163,3.537071520146334
jacquelinehe/tinycomma-1.8b-llama3-tokenizer,bookmia100.38.084,attack_train,the invisible man_ a grotesque romance,69,248,197.01012181024998,0.7943956524606854,2.456410598754883,3.0921752795927473,2.8552191566702896
jacquelinehe/tinycomma-1.8b-llama3-tokenizer,bookmia100.38.085,attack_train,the invisible man_ a grotesque romance,82,240,341.8200476760976,1.4242501986504066,13.265645027160645,9.31412545333041,4.168537166781678
jacquelinehe/tinycomma-1.8b-llama3-tokenizer,bookmia100.38.086,attack_train,the invisible man_ a grotesque romance,52,247,159.05242849793285,0.6439369574815095,2.0564285278320313,3.193524620600894,3.0587005480371703
jacquelinehe/tinycomma-1.8b-llama3-tokenizer,bookmia100.38.088,attack_train,the invisible man_ a grotesque romance,56,247,177.99296870827675,0.720619306511242,7.037576675415039,9.766011834301652,3.1784458697906564
jacquelinehe/tinycomma-1.8b-llama3-tokenizer,bookmia100.38.089,attack_train,the invisible man_ a grotesque romance,55,246,148.73067562939832,0.6045962423959281,1.6916807293891907,2.798033812921666,2.7041941023526967
jacquelinehe/tinycomma-1.8b-llama3-tokenizer,bookmia100.38.090,attack_train,the invisible man_ a grotesque romance,69,245,192.3256497294642,0.7850026519569967,2.65120792388916,3.3773235253151683,2.7873282569487565
jacquelinehe/tinycomma-1.8b-llama3-tokenizer,bookmia100.38.091,attack_train,the invisible man_ a grotesque romance,66,248,172.81813071230863,0.6968473012593089,3.7921037673950195,5.441800177086303,2.61845652594407
jacquelinehe/tinycomma-1.8b-llama3-tokenizer,bookmia100.38.092,attack_train,the invisible man_ a grotesque romance,54,243,164.67586237378418,0.6776784459826509,3.9527800877889,5.83282545168936,3.049553006921929
jacquelinehe/tinycomma-1.8b-llama3-tokenizer,bookmia100.38.093,attack_train,the invisible man_ a grotesque romance,59,249,147.80427868769038,0.5935914806734554,3.667180633544922,6.177953614469578,2.5051572658930574
jacquelinehe/tinycomma-1.8b-llama3-tokenizer,bookmia100.38.094,attack_train,the invisible man_ a grotesque romance,58,248,225.5871806439245,0.9096257284029214,2.0285327093941823,2.2300740250122275,3.8894341490331814
jacquelinehe/tinycomma-1.8b-llama3-tokenizer,bookmia100.38.095,attack_train,the invisible man_ a grotesque romance,64,246,287.19076623022556,1.1674421391472585,7.294978141784668,6.248684964475568,4.487355722347274
jacquelinehe/tinycomma-1.8b-llama3-tokenizer,bookmia100.38.096,attack_train,the invisible man_ a grotesque romance,52,243,153.24021513597108,0.6306181692838316,13.872315406799316,21.997963399236596,2.9469272141532903
jacquelinehe/tinycomma-1.8b-llama3-tokenizer,bookmia100.38.097,attack_train,the invisible man_ a grotesque romance,61,248,153.7061260077171,0.6197827661601496,6.722428798675537,10.846427435090193,2.519772557503559
jacquelinehe/tinycomma-1.8b-llama3-tokenizer,bookmia100.38.099,attack_train,the invisible man_ a grotesque romance,53,244,180.949520658648,0.741596396142,7.878694534301758,10.623965509121966,3.4141418992197736
jacquelinehe/tinycomma-1.8b-llama3-tokenizer,bookmia100.39.000,attack_train,the mysteries of udolpho,57,248,154.99227019492537,0.6249688314311507,1.339750051498413,2.14370698844364,2.719162634998691
jacquelinehe/tinycomma-1.8b-llama3-tokenizer,bookmia100.39.001,attack_train,the mysteries of udolpho,57,247,132.2870674392325,0.535575171818755,8.718095779418945,16.278005848951587,2.3208257445479386
jacquelinehe/tinycomma-1.8b-llama3-tokenizer,bookmia100.39.002,attack_train,the mysteries of udolpho,59,246,168.59954786865273,0.6853640157262306,4.536607424418132,6.619267017704479,2.857619455400894
jacquelinehe/tinycomma-1.8b-llama3-tokenizer,bookmia100.39.003,attack_train,the mysteries of udolpho,55,248,173.68871681642486,0.7003577290984874,5.5089766184488935,7.865946772001994,3.157976669389543
jacquelinehe/tinycomma-1.8b-llama3-tokenizer,bookmia100.39.004,attack_train,the mysteries of udolpho,58,245,171.01433319970965,0.6980176865294272,2.5529394149780273,3.6574136504639987,2.9485229862018905
jacquelinehe/tinycomma-1.8b-llama3-tokenizer,bookmia100.39.005,attack_train,the mysteries of udolpho,56,248,154.02448738424573,0.6210664813880876,3.051995277404785,4.914120096424389,2.750437274718674
jacquelinehe/tinycomma-1.8b-llama3-tokenizer,bookmia100.39.006,attack_train,the mysteries of udolpho,56,247,140.55558341467986,0.5690509449987039,3.2499818801879883,5.711231847959396,2.5099211324049975
jacquelinehe/tinycomma-1.8b-llama3-tokenizer,bookmia100.39.007,attack_train,the mysteries of udolpho,61,247,165.39868839998962,0.6696303174088649,2.517710049947103,3.7598507482298356,2.7114539081965514
jacquelinehe/tinycomma-1.8b-llama3-tokenizer,bookmia100.39.008,attack_train,the mysteries of udolpho,67,246,198.0280063013779,0.8049918955340565,4.130387306213379,5.130967565174246,2.9556418850951927
jacquelinehe/tinycomma-1.8b-llama3-tokenizer,bookmia100.39.009,attack_train,the mysteries of udolpho,54,246,172.7780505642295,0.7023497990415832,16.774124145507812,23.882863166469967,3.199593528967213
jacquelinehe/tinycomma-1.8b-llama3-tokenizer,bookmia100.39.010,attack_train,the mysteries of udolpho,61,249,169.1360489226936,0.6792612406533879,6.372767925262451,9.381910145693613,2.7727221134867803
jacquelinehe/tinycomma-1.8b-llama3-tokenizer,bookmia100.39.011,attack_train,the mysteries of udolpho,55,245,171.7252757723909,0.7009194929485343,2.214552307128906,3.1594959612451694,3.1222777413161977
jacquelinehe/tinycomma-1.8b-llama3-tokenizer,bookmia100.39.012,attack_train,the mysteries of udolpho,51,248,169.74860900640488,0.6844701976064713,3.6645641326904297,5.3538695263943845,3.3284040981648015
jacquelinehe/tinycomma-1.8b-llama3-tokenizer,bookmia100.39.013,attack_train,the mysteries of udolpho,57,248,189.6216095686541,0.7646032643897342,15.103623390197754,19.753542907317645,3.32669490471323
jacquelinehe/tinycomma-1.8b-llama3-tokenizer,bookmia100.39.014,attack_train,the mysteries of udolpho,56,242,154.2297260616324,0.6373129176100512,6.3504638671875,9.96443613759155,2.7541022511005786
jacquelinehe/tinycomma-1.8b-llama3-tokenizer,bookmia100.39.015,attack_train,the mysteries of udolpho,56,246,161.12121145403944,0.6549642742034124,5.767484664916992,8.805800395649952,2.877164490250704
jacquelinehe/tinycomma-1.8b-llama3-tokenizer,bookmia100.39.016,attack_train,the mysteries of udolpho,59,245,161.14985933422577,0.657754527894799,1.3763870663113065,2.092554300943475,2.731353548037725
jacquelinehe/tinycomma-1.8b-llama3-tokenizer,bookmia100.39.017,attack_train,the mysteries of udolpho,48,247,164.61010557040572,0.6664376743741123,4.761557261149089,7.144790044501798,3.4293771993834525
jacquelinehe/tinycomma-1.8b-llama3-tokenizer,bookmia100.39.018,attack_train,the mysteries of udolpho,58,248,141.22683908609906,0.5694630608310446,2.441092109680176,4.286655759756873,2.4349455014844668
jacquelinehe/tinycomma-1.8b-llama3-tokenizer,bookmia100.39.019,attack_train,the mysteries of udolpho,50,246,139.11787287591142,0.5655198084386643,3.5799779891967773,6.3304201475819,2.7823574575182284
jacquelinehe/tinycomma-1.8b-llama3-tokenizer,bookmia100.39.020,attack_train,the mysteries of udolpho,58,243,134.00529156858101,0.551462105220498,1.452408790588379,2.633741787221525,2.310436061527259
jacquelinehe/tinycomma-1.8b-llama3-tokenizer,bookmia100.39.021,attack_train,the mysteries of udolpho,50,249,175.98847079277039,0.706781007199881,2.653329372406006,3.7541039521109143,3.5197694158554076
jacquelinehe/tinycomma-1.8b-llama3-tokenizer,bookmia100.39.022,attack_train,the mysteries of udolpho,49,237,161.85018967365613,0.6829121927158487,4.229536533355713,6.193382661005689,3.3030650953807372
jacquelinehe/tinycomma-1.8b-llama3-tokenizer,bookmia100.39.023,attack_train,the mysteries of udolpho,58,245,136.59933734603692,0.5575483156981099,2.3145551681518555,4.151308690178332,2.3551609887247746
jacquelinehe/tinycomma-1.8b-llama3-tokenizer,bookmia100.39.024,attack_train,the mysteries of udolpho,54,245,189.3722678066697,0.772948031863958,4.764266649881999,6.163760632643061,3.506893848271661
jacquelinehe/tinycomma-1.8b-llama3-tokenizer,bookmia100.39.025,attack_train,the mysteries of udolpho,55,248,148.14717124216259,0.5973676259764621,2.9901365280151366,5.005521554884121,2.6935849316756832
jacquelinehe/tinycomma-1.8b-llama3-tokenizer,bookmia100.39.026,attack_train,the mysteries of udolpho,49,245,154.5352049022913,0.6307559383766992,2.6181733267647878,4.15085006334283,3.153779691883496
jacquelinehe/tinycomma-1.8b-llama3-tokenizer,bookmia100.39.027,attack_train,the mysteries of udolpho,54,245,168.84463828755543,0.6891617889287976,3.2235045433044434,4.677427847987502,3.126752560880656
jacquelinehe/tinycomma-1.8b-llama3-tokenizer,bookmia100.39.028,attack_train,the mysteries of udolpho,57,246,139.61878008712665,0.567556016614336,2.849501609802246,5.020652634079168,2.449452282230292
jacquelinehe/tinycomma-1.8b-llama3-tokenizer,bookmia100.39.029,attack_train,the mysteries of udolpho,60,246,173.06706772837788,0.7035246655625117,19.1422119140625,27.209013203193255,2.884451128806298
jacquelinehe/tinycomma-1.8b-llama3-tokenizer,bookmia100.39.030,attack_train,the mysteries of udolpho,54,245,166.23609587037936,0.6785146770219566,3.076396942138672,4.534016796277968,3.07844621982184
jacquelinehe/tinycomma-1.8b-llama3-tokenizer,bookmia100.39.031,attack_train,the mysteries of udolpho,50,247,139.58860207581893,0.5651360407927892,5.811794916788737,10.283886528694547,2.7917720415163787
jacquelinehe/tinycomma-1.8b-llama3-tokenizer,bookmia100.39.032,attack_train,the mysteries of udolpho,56,243,150.16123377130134,0.6179474640794294,1.9467824300130208,3.1504011961812766,2.6814506030589524
jacquelinehe/tinycomma-1.8b-llama3-tokenizer,bookmia100.39.033,attack_train,the mysteries of udolpho,58,248,154.23413132870337,0.621911819873804,14.74560546875,23.710122556831486,2.6592091608397133
jacquelinehe/tinycomma-1.8b-llama3-tokenizer,bookmia100.39.034,attack_train,the mysteries of udolpho,57,249,154.73392803048773,0.6214213977128021,2.908588409423828,4.680541127372105,2.7146303163243464
jacquelinehe/tinycomma-1.8b-llama3-tokenizer,bookmia100.39.035,attack_train,the mysteries of udolpho,51,245,137.44109272770584,0.5609840519498197,3.7375380992889404,6.662467651795679,2.6949233868177616
jacquelinehe/tinycomma-1.8b-llama3-tokenizer,bookmia100.39.036,attack_train,the mysteries of udolpho,57,248,157.11558074352797,0.6335305675142257,3.4429354667663574,5.434521463226868,2.7564136972548767
jacquelinehe/tinycomma-1.8b-llama3-tokenizer,bookmia100.39.037,attack_train,the mysteries of udolpho,56,249,131.91054985299706,0.5297612443895464,4.8457380930582685,9.147022634020919,2.3555455330892334
jacquelinehe/tinycomma-1.8b-llama3-tokenizer,bookmia100.39.038,attack_train,the mysteries of udolpho,52,244,160.69556267140433,0.6585883716041161,2.829033374786377,4.295601770033888,3.090299282142391
jacquelinehe/tinycomma-1.8b-llama3-tokenizer,bookmia100.39.039,attack_train,the mysteries of udolpho,56,249,153.45028988167178,0.6162662244243846,12.157525062561035,19.7277160109117,2.740183747886996
jacquelinehe/tinycomma-1.8b-llama3-tokenizer,bookmia100.39.040,attack_train,the mysteries of udolpho,55,249,148.66802155436017,0.5970603275275509,2.6579163869222007,4.451671404678203,2.703054937352003
jacquelinehe/tinycomma-1.8b-llama3-tokenizer,bookmia100.39.041,attack_train,the mysteries of udolpho,58,246,141.95954487239942,0.5770713206195098,2.435430254255022,4.220328003201558,2.4475783598689556
jacquelinehe/tinycomma-1.8b-llama3-tokenizer,bookmia100.39.042,attack_train,the mysteries of udolpho,54,245,150.08875115273986,0.6126071475622035,5.009127934773763,8.176737660843472,2.779421317643331
jacquelinehe/tinycomma-1.8b-llama3-tokenizer,bookmia100.39.043,attack_train,the mysteries of udolpho,57,245,175.85392425209284,0.7177711193962973,5.654928207397461,7.878456035057116,3.0851565658261904
jacquelinehe/tinycomma-1.8b-llama3-tokenizer,bookmia100.39.044,attack_train,the mysteries of udolpho,53,247,142.98658080387395,0.5788930396917974,5.448678970336914,9.412237834536395,2.697860015167433
jacquelinehe/tinycomma-1.8b-llama3-tokenizer,bookmia100.39.045,attack_train,the mysteries of udolpho,58,248,160.91499303127057,0.6488507783518974,18.882753372192383,29.1018428307279,2.7743964315736305
jacquelinehe/tinycomma-1.8b-llama3-tokenizer,bookmia100.39.046,attack_train,the mysteries of udolpho,55,248,168.10262379795313,0.6778331604756175,6.114562511444092,9.020748567617533,3.056411341780966
jacquelinehe/tinycomma-1.8b-llama3-tokenizer,bookmia100.39.047,attack_train,the mysteries of udolpho,55,249,148.76227836753242,0.5974388689459134,8.696755409240723,14.556728497736975,2.7047686975914984
jacquelinehe/tinycomma-1.8b-llama3-tokenizer,bookmia100.39.048,attack_train,the mysteries of udolpho,57,247,130.3679005632439,0.5278052654382344,12.931751251220703,24.500989470962416,2.287156150232349
jacquelinehe/tinycomma-1.8b-llama3-tokenizer,bookmia100.39.049,attack_train,the mysteries of udolpho,48,237,140.45022289507324,0.5926169742408154,2.175652503967285,3.671262549903251,2.926046310314026
jacquelinehe/tinycomma-1.8b-llama3-tokenizer,bookmia100.39.051,attack_train,the mysteries of udolpho,52,247,150.2325142979971,0.6082288028258992,2.502032470703125,4.113636939057147,2.889086813423021
jacquelinehe/tinycomma-1.8b-llama3-tokenizer,bookmia100.39.052,attack_train,the mysteries of udolpho,48,241,157.31900434126146,0.6527759516234916,4.596686999003093,7.041752974463698,3.2774792571096136
jacquelinehe/tinycomma-1.8b-llama3-tokenizer,bookmia100.39.053,attack_train,the mysteries of udolpho,51,243,182.0124432623852,0.7490224002567293,2.389987754821777,3.190809452431066,3.568871436517357
jacquelinehe/tinycomma-1.8b-llama3-tokenizer,bookmia100.39.054,attack_train,the mysteries of udolpho,64,248,130.12940738818725,0.5247153523717227,2.601255416870117,4.95746008785982,2.0332719904404257
jacquelinehe/tinycomma-1.8b-llama3-tokenizer,bookmia100.39.055,attack_train,the mysteries of udolpho,55,240,147.36020330758765,0.6140008471149485,2.251335859298706,3.666665721842609,2.679276423774321
jacquelinehe/tinycomma-1.8b-llama3-tokenizer,bookmia100.39.056,attack_train,the mysteries of udolpho,59,248,181.61401597200893,0.732314580532294,8.721222877502441,11.909120901516514,3.078203660542524
jacquelinehe/tinycomma-1.8b-llama3-tokenizer,bookmia100.39.057,attack_train,the mysteries of udolpho,57,247,135.73045974876732,0.5495160313715276,12.730114936828613,23.166048322659012,2.3812361359432863
jacquelinehe/tinycomma-1.8b-llama3-tokenizer,bookmia100.39.058,attack_train,the mysteries of udolpho,53,248,142.69204149162397,0.5753711350468709,4.091705799102783,7.111420003315712,2.6923026696532824
jacquelinehe/tinycomma-1.8b-llama3-tokenizer,bookmia100.39.059,attack_train,the mysteries of udolpho,52,243,155.6138982907869,0.6403864127192876,2.479449738155712,3.871802538138133,2.9925749671305173
jacquelinehe/tinycomma-1.8b-llama3-tokenizer,bookmia100.39.060,attack_train,the mysteries of udolpho,56,246,181.0787697765045,0.7360925600670915,4.087790012359619,5.553364120385941,3.233549460294723
jacquelinehe/tinycomma-1.8b-llama3-tokenizer,bookmia100.39.061,attack_train,the mysteries of udolpho,53,246,149.91895602055592,0.6094266504900647,5.1067609786987305,8.379615454283426,2.828659547557659
jacquelinehe/tinycomma-1.8b-llama3-tokenizer,bookmia100.39.062,attack_train,the mysteries of udolpho,54,249,143.82390773963925,0.5776060551792741,3.495375061035156,6.051486181096702,2.6634056988822086
jacquelinehe/tinycomma-1.8b-llama3-tokenizer,bookmia100.39.063,attack_train,the mysteries of udolpho,54,246,137.30465463828295,0.5581490025946462,5.26952584584554,9.441073658376697,2.5426787895978324
jacquelinehe/tinycomma-1.8b-llama3-tokenizer,bookmia100.39.064,attack_train,the mysteries of udolpho,53,249,129.01883837714558,0.5181479452897413,3.5837554931640625,6.916471493793293,2.434317705229162
jacquelinehe/tinycomma-1.8b-llama3-tokenizer,bookmia100.39.065,attack_train,the mysteries of udolpho,62,247,197.00398015603423,0.7975869641944706,3.9308849970499673,4.928471970476594,3.1774835509037778
jacquelinehe/tinycomma-1.8b-llama3-tokenizer,bookmia100.39.066,attack_train,the mysteries of udolpho,52,244,138.85792853237945,0.5690898710343419,1.6983623504638672,2.984348231988439,2.6703447794688353
jacquelinehe/tinycomma-1.8b-llama3-tokenizer,bookmia100.39.067,attack_train,the mysteries of udolpho,58,248,208.73741241847165,0.8416831145906115,3.1376365025838218,3.727812104333286,3.5989209037667527
jacquelinehe/tinycomma-1.8b-llama3-tokenizer,bookmia100.39.068,attack_train,the mysteries of udolpho,51,249,196.80027453415096,0.7903625483299235,15.379054069519043,19.45822724269485,3.8588289124343325
jacquelinehe/tinycomma-1.8b-llama3-tokenizer,bookmia100.39.069,attack_train,the mysteries of udolpho,58,244,148.4632397111127,0.6084559004553799,18.892807006835938,31.050413008890544,2.559711029501943
jacquelinehe/tinycomma-1.8b-llama3-tokenizer,bookmia100.39.070,attack_train,the mysteries of udolpho,50,247,158.83349324390292,0.6430505799348296,1.8891836404800415,2.9378461032901986,3.1766698648780585
jacquelinehe/tinycomma-1.8b-llama3-tokenizer,bookmia100.39.071,attack_train,the mysteries of udolpho,57,242,109.29767340113176,0.45164327851707337,2.8642831802368165,6.341914773184294,1.9175030421251187
jacquelinehe/tinycomma-1.8b-llama3-tokenizer,bookmia100.39.072,attack_train,the mysteries of udolpho,55,248,193.65311690233648,0.7808593423481309,13.96052360534668,17.87841016714461,3.5209657618606633
jacquelinehe/tinycomma-1.8b-llama3-tokenizer,bookmia100.39.073,attack_train,the mysteries of udolpho,52,248,127.89506735326722,0.5157059167470452,3.5078744888305664,6.802083076644601,2.4595205260243698
jacquelinehe/tinycomma-1.8b-llama3-tokenizer,bookmia100.39.074,attack_train,the mysteries of udolpho,52,240,160.2608546098054,0.6677535608741891,1.7664275169372559,2.645328487091463,3.0819395117270267
jacquelinehe/tinycomma-1.8b-llama3-tokenizer,bookmia100.39.075,attack_train,the mysteries of udolpho,64,247,144.78365008928813,0.5861686238432717,4.381470203399658,7.474760717610782,2.262244532645127
jacquelinehe/tinycomma-1.8b-llama3-tokenizer,bookmia100.39.076,attack_train,the mysteries of udolpho,64,249,216.45083126693498,0.8692804468551606,6.858530044555664,7.889893381782728,3.382044238545859
jacquelinehe/tinycomma-1.8b-llama3-tokenizer,bookmia100.39.077,attack_train,the mysteries of udolpho,49,246,144.86687846141285,0.5888897498431417,4.420697530110677,7.506833887477556,2.9564669073757726
jacquelinehe/tinycomma-1.8b-llama3-tokenizer,bookmia100.39.078,attack_train,the mysteries of udolpho,48,243,183.91446233686293,0.7568496392463495,4.267017364501953,5.637866682146977,3.8315512986846443
jacquelinehe/tinycomma-1.8b-llama3-tokenizer,bookmia100.39.079,attack_train,the mysteries of udolpho,58,249,127.54718803754076,0.5122377029620111,2.561546961466471,5.000699766249816,2.1990894489231168
jacquelinehe/tinycomma-1.8b-llama3-tokenizer,bookmia100.39.080,attack_train,the mysteries of udolpho,59,246,137.33401235401107,0.5582683429024841,2.5000350952148436,4.47819606287713,2.327695124644255
jacquelinehe/tinycomma-1.8b-llama3-tokenizer,bookmia100.39.081,attack_train,the mysteries of udolpho,53,243,140.0533508125227,0.576351237911616,5.534903049468994,9.603350674710924,2.642516053066466
jacquelinehe/tinycomma-1.8b-llama3-tokenizer,bookmia100.39.082,attack_train,the mysteries of udolpho,56,244,183.2621985413134,0.7510745841857107,9.759459495544434,12.99399513847923,3.2725392596663108
jacquelinehe/tinycomma-1.8b-llama3-tokenizer,bookmia100.39.083,attack_train,the mysteries of udolpho,50,246,137.1976050719968,0.5577138417560845,2.678691291809082,4.802985135485671,2.743952101439936
jacquelinehe/tinycomma-1.8b-llama3-tokenizer,bookmia100.39.084,attack_train,the mysteries of udolpho,56,245,141.35720308386954,0.5769681758525287,3.7532286643981934,6.505087839294463,2.524235769354813
jacquelinehe/tinycomma-1.8b-llama3-tokenizer,bookmia100.39.085,attack_train,the mysteries of udolpho,56,245,199.70598332118243,0.8151264625354385,3.0864529609680176,3.7864713057746306,3.5661782735925436
jacquelinehe/tinycomma-1.8b-llama3-tokenizer,bookmia100.39.086,attack_train,the mysteries of udolpho,58,249,167.6196191717463,0.6731711613323145,6.147390365600586,9.131987106271616,2.889993433995626
jacquelinehe/tinycomma-1.8b-llama3-tokenizer,bookmia100.39.087,attack_train,the mysteries of udolpho,51,246,151.37246048485395,0.6153352052229836,5.12946097056071,8.336043390694522,2.9680874604873324
jacquelinehe/tinycomma-1.8b-llama3-tokenizer,bookmia100.39.088,attack_train,the mysteries of udolpho,61,249,159.35847780667245,0.639993886773785,3.288506269454956,5.138340127016441,2.6124340624044664
jacquelinehe/tinycomma-1.8b-llama3-tokenizer,bookmia100.39.089,attack_train,the mysteries of udolpho,59,246,132.15231195488013,0.5372045201417892,5.193241119384766,9.66715826965504,2.2398696941505105
jacquelinehe/tinycomma-1.8b-llama3-tokenizer,bookmia100.39.090,attack_train,the mysteries of udolpho,61,246,157.03407313441858,0.6383498907903195,6.070217768351237,9.509232876715785,2.5743290677773536
jacquelinehe/tinycomma-1.8b-llama3-tokenizer,bookmia100.39.091,attack_train,the mysteries of udolpho,64,248,127.46494390064618,0.5139715479864765,4.135994593302409,8.047127529734846,1.9916397484475965
jacquelinehe/tinycomma-1.8b-llama3-tokenizer,bookmia100.39.092,attack_train,the mysteries of udolpho,53,244,155.6164665413089,0.6377724038578234,12.600700378417969,19.757362190959586,2.9361597460624322
jacquelinehe/tinycomma-1.8b-llama3-tokenizer,bookmia100.39.093,attack_train,the mysteries of udolpho,49,249,133.07798944506794,0.5344497568075017,6.249757289886475,11.693816322826981,2.7158773356136314
jacquelinehe/tinycomma-1.8b-llama3-tokenizer,bookmia100.39.094,attack_train,the mysteries of udolpho,50,245,112.36827989516314,0.458646040388421,1.698906489780971,3.704177819440435,2.2473655979032627
jacquelinehe/tinycomma-1.8b-llama3-tokenizer,bookmia100.39.095,attack_train,the mysteries of udolpho,57,247,182.72371269296855,0.7397721161658646,2.741994857788086,3.70653988960744,3.20567917005208
jacquelinehe/tinycomma-1.8b-llama3-tokenizer,bookmia100.39.096,attack_train,the mysteries of udolpho,53,249,143.37571544200182,0.5758060861124571,4.2737728754679365,7.422243318618297,2.705202178150978
jacquelinehe/tinycomma-1.8b-llama3-tokenizer,bookmia100.39.097,attack_train,the mysteries of udolpho,53,242,133.79496518836822,0.5528717569767282,17.090951919555664,30.91304937154724,2.52443330544091
jacquelinehe/tinycomma-1.8b-llama3-tokenizer,bookmia100.39.098,attack_train,the mysteries of udolpho,60,247,208.88679796084762,0.8456955383030268,4.329744656880696,5.119743998612981,3.4814466326807936
jacquelinehe/tinycomma-1.8b-llama3-tokenizer,bookmia100.39.099,attack_train,the mysteries of udolpho,48,245,135.1291292969836,0.5515474665183003,2.2639456590016684,4.104715906489529,2.815190193687158
jacquelinehe/tinycomma-1.8b-llama3-tokenizer,bookmia100.41.000,attack_train,the secret garden,62,248,145.33397869765759,0.5860241076518451,5.4067331949869795,9.226127601902515,2.3440964306073804
jacquelinehe/tinycomma-1.8b-llama3-tokenizer,bookmia100.41.001,attack_train,the secret garden,68,247,163.77960872650146,0.6630753389736901,7.993453025817871,12.055120370168133,2.4085236577426685
jacquelinehe/tinycomma-1.8b-llama3-tokenizer,bookmia100.41.002,attack_train,the secret garden,56,247,169.60400025639683,0.686655871483388,5.5280232429504395,8.050645851186284,3.028642861721372
jacquelinehe/tinycomma-1.8b-llama3-tokenizer,bookmia100.41.003,attack_train,the secret garden,76,245,202.19048635306535,0.8252672912370015,4.42185115814209,5.35808362344536,2.6604011362245443
jacquelinehe/tinycomma-1.8b-llama3-tokenizer,bookmia100.41.004,attack_train,the secret garden,52,246,189.42082921415567,0.7700033707892507,3.72689151763916,4.840097665831137,3.642708254118378
jacquelinehe/tinycomma-1.8b-llama3-tokenizer,bookmia100.41.005,attack_train,the secret garden,50,247,153.32288573123515,0.6207404280616807,4.539761543273926,7.3134620173681135,3.0664577146247027
jacquelinehe/tinycomma-1.8b-llama3-tokenizer,bookmia100.41.006,attack_train,the secret garden,77,245,182.76234009861946,0.7459687350964059,6.77456537882487,9.08156744390816,2.373536884397655
jacquelinehe/tinycomma-1.8b-llama3-tokenizer,bookmia100.41.007,attack_train,the secret garden,58,249,184.68424540385604,0.7417037968026347,4.072323481241862,5.4904983617408885,3.1842111276526905
jacquelinehe/tinycomma-1.8b-llama3-tokenizer,bookmia100.41.008,attack_train,the secret garden,63,246,181.09402091242373,0.736154556554568,1.943000602722168,2.639392211081345,2.8745082684511702
jacquelinehe/tinycomma-1.8b-llama3-tokenizer,bookmia100.41.009,attack_train,the secret garden,61,249,200.46383441146463,0.8050756402066853,4.065051555633545,5.049279039904788,3.2862923674010593
jacquelinehe/tinycomma-1.8b-llama3-tokenizer,bookmia100.41.010,attack_train,the secret garden,49,245,173.9839282380417,0.7101384826042518,2.9621689319610596,4.171255331915066,3.550692413021259
jacquelinehe/tinycomma-1.8b-llama3-tokenizer,bookmia100.41.011,attack_train,the secret garden,55,241,168.28845694102347,0.6982923524523795,4.411123275756836,6.31701501565228,3.0597901262004266
jacquelinehe/tinycomma-1.8b-llama3-tokenizer,bookmia100.41.012,attack_train,the secret garden,63,247,196.4715703614056,0.7954314589530591,4.013171513875325,5.045276332366124,3.1185963549429463
jacquelinehe/tinycomma-1.8b-llama3-tokenizer,bookmia100.41.013,attack_train,the secret garden,53,247,174.02829476934858,0.7045679950176056,1.7528100543551974,2.487779840626168,3.283552731497143
jacquelinehe/tinycomma-1.8b-llama3-tokenizer,bookmia100.41.014,attack_train,the secret garden,60,248,152.888794622384,0.6164870750902581,5.123368581136067,8.310585555075862,2.5481465770397334
jacquelinehe/tinycomma-1.8b-llama3-tokenizer,bookmia100.41.015,attack_train,the secret garden,62,246,179.13899743027287,0.7282073066271255,4.528735160827637,6.2190191166902835,2.8893386682302076
jacquelinehe/tinycomma-1.8b-llama3-tokenizer,bookmia100.41.016,attack_train,the secret garden,57,242,138.65478618070483,0.572953661903739,3.110194444656372,5.428352502927035,2.432540108433418
jacquelinehe/tinycomma-1.8b-llama3-tokenizer,bookmia100.41.017,attack_train,the secret garden,58,244,168.94587924488587,0.6924011444462536,7.225846290588379,10.435924822693982,2.912859986980791
jacquelinehe/tinycomma-1.8b-llama3-tokenizer,bookmia100.41.018,attack_train,the secret garden,65,247,207.45708526019007,0.8399072277740489,2.5901381969451904,3.0838384422642293,3.1916474655413856
jacquelinehe/tinycomma-1.8b-llama3-tokenizer,bookmia100.41.019,attack_train,the secret garden,60,246,163.8849188175518,0.6661988569819179,3.0123612880706787,4.5217148851284215,2.7314153136258637
jacquelinehe/tinycomma-1.8b-llama3-tokenizer,bookmia100.41.020,attack_train,the secret garden,64,248,204.6076934648445,0.8250310220356633,4.009382883707683,4.85967530507522,3.196995210388195
jacquelinehe/tinycomma-1.8b-llama3-tokenizer,bookmia100.41.021,attack_train,the secret garden,63,243,202.2499238885939,0.8323042135333083,2.851146697998047,3.425606468930781,3.2103162521999034
jacquelinehe/tinycomma-1.8b-llama3-tokenizer,bookmia100.41.022,attack_train,the secret garden,62,246,162.38520962337498,0.6601024781438007,15.62502670288086,23.6706075499341,2.6191162842479834
jacquelinehe/tinycomma-1.8b-llama3-tokenizer,bookmia100.41.023,attack_train,the secret garden,65,249,182.61061978619546,0.7333759830770902,5.109035015106201,6.966460769099328,2.8093941505568534
jacquelinehe/tinycomma-1.8b-llama3-tokenizer,bookmia100.41.024,attack_train,the secret garden,55,247,181.99745020689443,0.7368317822141475,4.291524887084961,5.824293944255655,3.3090445492162623
jacquelinehe/tinycomma-1.8b-llama3-tokenizer,bookmia100.41.025,attack_train,the secret garden,69,247,162.98398798611015,0.6598542023729156,4.315694808959961,6.540376333802528,2.3620867824073937
jacquelinehe/tinycomma-1.8b-llama3-tokenizer,bookmia100.41.026,attack_train,the secret garden,59,248,172.6102973241359,0.6960092634037738,3.2485896587371825,4.66745175610197,2.925598259731117
jacquelinehe/tinycomma-1.8b-llama3-tokenizer,bookmia100.41.027,attack_train,the secret garden,62,245,163.19075576374962,0.6660847174030596,12.597171783447266,18.91226664464138,2.6321089639314454
jacquelinehe/tinycomma-1.8b-llama3-tokenizer,bookmia100.41.028,attack_train,the secret garden,71,248,179.0071675865911,0.7218030951072222,2.684699058532715,3.7194341181564328,2.5212277124871987
jacquelinehe/tinycomma-1.8b-llama3-tokenizer,bookmia100.41.029,attack_train,the secret garden,60,249,182.20447372205672,0.73174487438577,6.326608657836914,8.645921385028489,3.0367412287009454
jacquelinehe/tinycomma-1.8b-llama3-tokenizer,bookmia100.41.030,attack_train,the secret garden,64,248,177.5065597416833,0.7157522570229166,4.570201237996419,6.3851719546168235,2.7735399959638016
jacquelinehe/tinycomma-1.8b-llama3-tokenizer,bookmia100.41.031,attack_train,the secret garden,62,244,168.63549230550416,0.6911290668258367,13.772571563720703,19.927640472385697,2.7199272952500673
jacquelinehe/tinycomma-1.8b-llama3-tokenizer,bookmia100.41.032,attack_train,the secret garden,72,248,144.16703091561794,0.5813186730468466,7.905604362487793,13.599433028793667,2.002319873828027
jacquelinehe/tinycomma-1.8b-llama3-tokenizer,bookmia100.41.033,attack_train,the secret garden,62,244,142.58101128507406,0.5843484069060412,7.672948837280273,13.130777369457304,2.29969373040442
jacquelinehe/tinycomma-1.8b-llama3-tokenizer,bookmia100.41.034,attack_train,the secret garden,54,245,152.32131386734545,0.6217196484381448,3.319663683573405,5.339486522442889,2.8207650716175086
jacquelinehe/tinycomma-1.8b-llama3-tokenizer,bookmia100.41.035,attack_train,the secret garden,64,247,156.61681767832488,0.6340761849324894,15.296098709106445,24.12343985247614,2.4471377762238262
jacquelinehe/tinycomma-1.8b-llama3-tokenizer,bookmia100.41.036,attack_train,the secret garden,73,247,212.12055047042668,0.8587876537264238,6.374963283538818,7.423212543725777,2.9057609653483105
jacquelinehe/tinycomma-1.8b-llama3-tokenizer,bookmia100.41.037,attack_train,the secret garden,51,249,179.79716829955578,0.722076981122714,2.5591835021972655,3.544197598181492,3.5254346725403094
jacquelinehe/tinycomma-1.8b-llama3-tokenizer,bookmia100.41.038,attack_train,the secret garden,54,245,167.87113564950414,0.6851883087734862,3.4625240325927735,5.053390415827185,3.108724734250077
jacquelinehe/tinycomma-1.8b-llama3-tokenizer,bookmia100.41.039,attack_train,the secret garden,66,248,186.03222181019373,0.750129926654007,4.574968020121257,6.0989008137938665,2.818670027427178
jacquelinehe/tinycomma-1.8b-llama3-tokenizer,bookmia100.41.040,attack_train,the secret garden,60,243,163.2675574531313,0.6718829524820218,2.0426440920148576,3.0401784782142016,2.7211259575521884
jacquelinehe/tinycomma-1.8b-llama3-tokenizer,bookmia100.41.041,attack_train,the secret garden,57,244,140.3762612772407,0.5753125462181996,6.763283729553223,11.755842583325313,2.4627414259165037
jacquelinehe/tinycomma-1.8b-llama3-tokenizer,bookmia100.41.042,attack_train,the secret garden,50,244,191.96950941253453,0.7867602844776006,6.761508941650391,8.594115736459615,3.839390188250691
jacquelinehe/tinycomma-1.8b-llama3-tokenizer,bookmia100.41.043,attack_train,the secret garden,60,246,167.9079350407701,0.6825525814665451,3.3200623989105225,4.864185542712292,2.798465584012835
jacquelinehe/tinycomma-1.8b-llama3-tokenizer,bookmia100.41.044,attack_train,the secret garden,54,244,145.52199997846037,0.5964016392559851,2.5020174026489257,4.195188674816871,2.69485185145297
jacquelinehe/tinycomma-1.8b-llama3-tokenizer,bookmia100.41.045,attack_train,the secret garden,54,242,180.49548203498125,0.7458490993181044,14.035950660705566,18.81875391890664,3.3425089265737267
jacquelinehe/tinycomma-1.8b-llama3-tokenizer,bookmia100.41.046,attack_train,the secret garden,55,246,181.2221498885192,0.7366754060508911,2.419082005818685,3.2837827704696982,3.294948179791258
jacquelinehe/tinycomma-1.8b-llama3-tokenizer,bookmia100.41.047,attack_train,the secret garden,57,246,175.01458093489055,0.7114413859141893,1.9205493927001953,2.699518794836941,3.070431244471764
jacquelinehe/tinycomma-1.8b-llama3-tokenizer,bookmia100.41.048,attack_train,the secret garden,51,249,172.8004587739706,0.6939777460802032,6.264954566955566,9.027601536709108,3.388244289685698
jacquelinehe/tinycomma-1.8b-llama3-tokenizer,bookmia100.41.049,attack_train,the secret garden,57,249,152.8548233062029,0.6138747923943891,2.8204790115356446,4.594550951562129,2.681663566775489
jacquelinehe/tinycomma-1.8b-llama3-tokenizer,bookmia100.41.050,attack_train,the secret garden,51,248,199.39301709085703,0.8040041011728106,3.079997444152832,3.8308230513501136,3.9096670017815103
jacquelinehe/tinycomma-1.8b-llama3-tokenizer,bookmia100.41.051,attack_train,the secret garden,59,247,139.74732190021314,0.565778631174952,3.8449010848999023,6.795769357558096,2.368598676274799
jacquelinehe/tinycomma-1.8b-llama3-tokenizer,bookmia100.41.052,attack_train,the secret garden,53,243,175.4304755050689,0.721936113189584,4.514279047648112,6.253017358701712,3.310008971793753
jacquelinehe/tinycomma-1.8b-llama3-tokenizer,bookmia100.41.053,attack_train,the secret garden,53,249,140.8793307878077,0.5657804449309546,5.757072448730469,10.175453217427897,2.658100580902032
jacquelinehe/tinycomma-1.8b-llama3-tokenizer,bookmia100.41.054,attack_train,the secret garden,60,246,213.04293888481334,0.8660282068488347,3.8514464696248374,4.447252917591294,3.550715648080222
jacquelinehe/tinycomma-1.8b-llama3-tokenizer,bookmia100.41.055,attack_train,the secret garden,52,245,159.0089710401371,0.6490162083270903,2.597563934326172,4.0023098052076005,3.0578648276949445
jacquelinehe/tinycomma-1.8b-llama3-tokenizer,bookmia100.41.056,attack_train,the secret garden,56,246,166.45334230177104,0.6766396028527278,12.694989204406738,18.761818183393903,2.9723811125316257
jacquelinehe/tinycomma-1.8b-llama3-tokenizer,bookmia100.41.057,attack_train,the secret garden,65,245,188.64705563662574,0.7699879821903092,2.8132832845052085,3.6536716800469247,2.9022623944096266
jacquelinehe/tinycomma-1.8b-llama3-tokenizer,bookmia100.41.058,attack_train,the secret garden,73,246,187.47980339510832,0.7621130219313347,3.617844899495443,4.747123845656328,2.5682164848644975
jacquelinehe/tinycomma-1.8b-llama3-tokenizer,bookmia100.41.059,attack_train,the secret garden,56,242,129.2958749923855,0.5342804751751468,3.0425806045532227,5.694725422177949,2.3088549105783125
jacquelinehe/tinycomma-1.8b-llama3-tokenizer,bookmia100.41.060,attack_train,the secret garden,58,245,176.7429751562304,0.7213998985968587,5.810483932495117,8.054456264544335,3.0472926751074203
jacquelinehe/tinycomma-1.8b-llama3-tokenizer,bookmia100.41.061,attack_train,the secret garden,61,241,142.69307776803907,0.5920874596184194,4.152720133463542,7.013693781219132,2.339230783082608
jacquelinehe/tinycomma-1.8b-llama3-tokenizer,bookmia100.41.062,attack_train,the secret garden,53,247,174.3178471783176,0.7057402719769944,6.862592697143555,9.723963573623669,3.2890159844965585
jacquelinehe/tinycomma-1.8b-llama3-tokenizer,bookmia100.41.063,attack_train,the secret garden,63,245,165.20506189204752,0.6743063750695817,2.8813114166259766,4.273000409240761,2.62230256971504
jacquelinehe/tinycomma-1.8b-llama3-tokenizer,bookmia100.41.064,attack_train,the secret garden,73,249,213.30655192863196,0.8566528189904898,4.3588558832804365,5.08824086800656,2.922007560666191
jacquelinehe/tinycomma-1.8b-llama3-tokenizer,bookmia100.41.065,attack_train,the secret garden,57,245,180.5087457485497,0.736770390810407,4.649374961853027,6.31048019823241,3.166820100851749
jacquelinehe/tinycomma-1.8b-llama3-tokenizer,bookmia100.41.066,attack_train,the secret garden,55,249,138.50485468655825,0.5562443963315592,14.561882019042969,26.178928030698046,2.51827008521015
jacquelinehe/tinycomma-1.8b-llama3-tokenizer,bookmia100.41.067,attack_train,the secret garden,60,249,158.5838111731282,0.6368827757956955,4.687921047210693,7.360728261733558,2.6430635195521366
jacquelinehe/tinycomma-1.8b-llama3-tokenizer,bookmia100.41.068,attack_train,the secret garden,72,248,259.2980516576208,1.0455566599097614,2.4014997482299805,2.296862370363789,3.601361828578067
jacquelinehe/tinycomma-1.8b-llama3-tokenizer,bookmia100.41.069,attack_train,the secret garden,58,241,183.00996290706098,0.7593774394483858,5.286179224650065,6.961201307863403,3.1553441880527755
jacquelinehe/tinycomma-1.8b-llama3-tokenizer,bookmia100.41.070,attack_train,the secret garden,68,249,211.35456675081514,0.848813521087611,3.6121082305908203,4.255479137470047,3.10815539339434
jacquelinehe/tinycomma-1.8b-llama3-tokenizer,bookmia100.41.071,attack_train,the secret garden,69,249,138.6992434814456,0.5570250742226731,3.6111138661702475,6.482856936394733,2.0101339634992117
jacquelinehe/tinycomma-1.8b-llama3-tokenizer,bookmia100.41.072,attack_train,the secret garden,64,247,155.56856599333696,0.6298322509851699,2.980122375488281,4.73161285537036,2.43075884364589
jacquelinehe/tinycomma-1.8b-llama3-tokenizer,bookmia100.41.073,attack_train,the secret garden,72,248,186.7585461017443,0.7530586536360657,6.230224609375,8.273226234494492,2.5938686958575596
jacquelinehe/tinycomma-1.8b-llama3-tokenizer,bookmia100.41.074,attack_train,the secret garden,64,245,169.4409233658589,0.6915956055749343,3.0499837398529053,4.41006813124182,2.6475144275915454
jacquelinehe/tinycomma-1.8b-llama3-tokenizer,bookmia100.41.075,attack_train,the secret garden,63,249,172.59285810776055,0.6931440084649018,3.861536979675293,5.571045745930049,2.7395691763136596
jacquelinehe/tinycomma-1.8b-llama3-tokenizer,bookmia100.41.076,attack_train,the secret garden,57,246,196.45040026056813,0.798578862847838,5.870304107666016,7.350938499338355,3.446498250185406
jacquelinehe/tinycomma-1.8b-llama3-tokenizer,bookmia100.41.077,attack_train,the secret garden,73,249,192.147647541482,0.7716772993633816,5.578680515289307,7.229291984993736,2.632159555362767
jacquelinehe/tinycomma-1.8b-llama3-tokenizer,bookmia100.41.078,attack_train,the secret garden,51,238,168.10244543850422,0.7063127959601018,1.8538222994123186,2.6246477623166795,3.2961263811471415
jacquelinehe/tinycomma-1.8b-llama3-tokenizer,bookmia100.41.079,attack_train,the secret garden,66,249,150.4676650185138,0.6042878113193325,2.8081295013427736,4.647006689100392,2.279813106341118
jacquelinehe/tinycomma-1.8b-llama3-tokenizer,bookmia100.41.080,attack_train,the secret garden,50,247,137.64409947488457,0.5572635606270631,4.4149932861328125,7.922630507483431,2.7528819894976913
jacquelinehe/tinycomma-1.8b-llama3-tokenizer,bookmia100.41.081,attack_train,the secret garden,68,247,186.30597589164972,0.7542752060390677,3.0536853790283205,4.048502926490407,2.739793763112496
jacquelinehe/tinycomma-1.8b-llama3-tokenizer,bookmia100.41.082,attack_train,the secret garden,57,247,256.30558716133237,1.037674441948714,7.149134159088135,6.889573328665903,4.496589248444428
jacquelinehe/tinycomma-1.8b-llama3-tokenizer,bookmia100.41.083,attack_train,the secret garden,51,247,126.47581583634019,0.5120478373940899,4.291452725728353,8.380960551592958,2.4799179575752976
jacquelinehe/tinycomma-1.8b-llama3-tokenizer,bookmia100.41.084,attack_train,the secret garden,52,246,156.6887291520834,0.6369460534637537,4.1375956535339355,6.4959907217156365,3.013244791386219
jacquelinehe/tinycomma-1.8b-llama3-tokenizer,bookmia100.41.085,attack_train,the secret garden,75,244,153.93272747087758,0.6308718338970393,7.13095219930013,11.303329481759569,2.052436366278368
jacquelinehe/tinycomma-1.8b-llama3-tokenizer,bookmia100.41.086,attack_train,the secret garden,55,248,160.15941616130294,0.6458040974246086,6.2403411865234375,9.662901197761348,2.911989384750963
jacquelinehe/tinycomma-1.8b-llama3-tokenizer,bookmia100.41.087,attack_train,the secret garden,64,249,189.15647017778974,0.7596645388666254,5.555412928263347,7.312981775550158,2.9555698465279647
jacquelinehe/tinycomma-1.8b-llama3-tokenizer,bookmia100.41.088,attack_train,the secret garden,60,248,172.74450466688722,0.6965504220439,2.8055984497070314,4.027846887917338,2.8790750777814536
jacquelinehe/tinycomma-1.8b-llama3-tokenizer,bookmia100.41.089,attack_train,the secret garden,64,248,172.3333861466599,0.6948926860752416,3.2836294174194336,4.725376282149973,2.692709158541561
jacquelinehe/tinycomma-1.8b-llama3-tokenizer,bookmia100.41.090,attack_train,the secret garden,67,249,160.6988467858173,0.6453768947221579,2.3300843238830566,3.6104241458569484,2.3984902505345866
jacquelinehe/tinycomma-1.8b-llama3-tokenizer,bookmia100.41.091,attack_train,the secret garden,57,243,196.0273001799942,0.8066967085596469,5.301723003387451,6.572139128785652,3.439075441754284
jacquelinehe/tinycomma-1.8b-llama3-tokenizer,bookmia100.41.092,attack_train,the secret garden,60,243,178.61189695866778,0.7350283825459579,4.757758140563965,6.472890372048298,2.9768649493111297
jacquelinehe/tinycomma-1.8b-llama3-tokenizer,bookmia100.41.093,attack_train,the secret garden,68,241,190.05886502750218,0.7886259959647394,6.947245121002197,8.809302706923217,2.7949833092279732
jacquelinehe/tinycomma-1.8b-llama3-tokenizer,bookmia100.41.094,attack_train,the secret garden,55,235,106.48188957106322,0.453114423706652,4.469359397888184,9.863644068813983,1.936034355837513
jacquelinehe/tinycomma-1.8b-llama3-tokenizer,bookmia100.41.095,attack_train,the secret garden,67,245,139.63222474433132,0.5699274479360462,13.92524528503418,24.43336487032431,2.084063055885542
jacquelinehe/tinycomma-1.8b-llama3-tokenizer,bookmia100.41.096,attack_train,the secret garden,58,248,161.09063892811537,0.6495590279359491,15.945417404174805,24.54806525412057,2.777424809105437
jacquelinehe/tinycomma-1.8b-llama3-tokenizer,bookmia100.41.097,attack_train,the secret garden,71,243,166.71449933946133,0.6860678985163018,2.673773765563965,3.8972436567084663,2.348091539992413
jacquelinehe/tinycomma-1.8b-llama3-tokenizer,bookmia100.41.098,attack_train,the secret garden,58,249,194.8121895572549,0.7823782713142767,1.922305742899577,2.4570029784574605,3.3588308544354293
jacquelinehe/tinycomma-1.8b-llama3-tokenizer,bookmia100.41.099,attack_train,the secret garden,64,246,159.32923388341442,0.6476798125342049,3.971099535624186,6.131269585331512,2.4895192794283503
jacquelinehe/tinycomma-1.8b-llama3-tokenizer,bookmia100.43.000,attack_train,the turn of the screw,54,248,176.23973412252963,0.7106440892037484,3.225759506225586,4.539205426783941,3.263698780046845
jacquelinehe/tinycomma-1.8b-llama3-tokenizer,bookmia100.43.001,attack_train,the turn of the screw,55,248,188.8833446763456,0.7616263898239741,12.68256664276123,16.651952731958783,3.4342426304790106
jacquelinehe/tinycomma-1.8b-llama3-tokenizer,bookmia100.43.002,attack_train,the turn of the screw,60,249,204.86706022545695,0.8227592780138834,2.3218319756644115,2.8220064333631645,3.4144510037576157
jacquelinehe/tinycomma-1.8b-llama3-tokenizer,bookmia100.43.003,attack_train,the turn of the screw,65,249,193.5985825022217,0.7775043473984806,3.7554194927215576,4.830094526528555,2.9784397308034105
jacquelinehe/tinycomma-1.8b-llama3-tokenizer,bookmia100.43.004,attack_train,the turn of the screw,67,247,192.41106031485833,0.778992147023718,5.038420677185059,6.467870948937375,2.87180687037102
jacquelinehe/tinycomma-1.8b-llama3-tokenizer,bookmia100.43.005,attack_train,the turn of the screw,61,248,209.493393342942,0.8447314247699275,12.858972549438477,15.222557338790574,3.434317923654787
jacquelinehe/tinycomma-1.8b-llama3-tokenizer,bookmia100.43.006,attack_train,the turn of the screw,58,246,203.83015839289874,0.8285778796459299,3.8875019550323486,4.691776175214292,3.5143130757396333
jacquelinehe/tinycomma-1.8b-llama3-tokenizer,bookmia100.43.007,attack_train,the turn of the screw,57,248,213.8002641648054,0.8620978393742154,5.850381851196289,6.786215652092341,3.7508818274527265
jacquelinehe/tinycomma-1.8b-llama3-tokenizer,bookmia100.43.008,attack_train,the turn of the screw,56,247,209.7446686923504,0.8491686991593133,2.574783706665039,3.032122720978887,3.7454405123633996
jacquelinehe/tinycomma-1.8b-llama3-tokenizer,bookmia100.43.009,attack_train,the turn of the screw,55,248,193.89942463859916,0.7818525187040288,3.4237991333007813,4.379085634942956,3.5254440843381665
jacquelinehe/tinycomma-1.8b-llama3-tokenizer,bookmia100.43.010,attack_train,the turn of the screw,70,248,233.3950249897316,0.9411089717327887,4.4003472328186035,4.675704264848943,3.3342146427104518
jacquelinehe/tinycomma-1.8b-llama3-tokenizer,bookmia100.43.011,attack_train,the turn of the screw,51,246,192.02482077326567,0.7805887023303483,1.6520601851599557,2.1164285112350973,3.76519256418168
jacquelinehe/tinycomma-1.8b-llama3-tokenizer,bookmia100.43.012,attack_train,the turn of the screw,64,245,193.43396536179353,0.7895263892318103,6.9108842213948565,8.753202319328397,3.022405708778024
jacquelinehe/tinycomma-1.8b-llama3-tokenizer,bookmia100.43.013,attack_train,the turn of the screw,54,249,197.4946953151375,0.7931513868077812,2.7730642318725587,3.496260963538611,3.6573091725025466
jacquelinehe/tinycomma-1.8b-llama3-tokenizer,bookmia100.43.014,attack_train,the turn of the screw,71,249,214.99647789169103,0.8634396702477551,3.090794881184896,3.5796303872603215,3.0281194069252257
jacquelinehe/tinycomma-1.8b-llama3-tokenizer,bookmia100.43.015,attack_train,the turn of the screw,57,248,212.55812683374097,0.8570892211037943,2.179114818572998,2.542459717048647,3.729089944451596
jacquelinehe/tinycomma-1.8b-llama3-tokenizer,bookmia100.43.016,attack_train,the turn of the screw,66,248,199.8907950790599,0.8060112704800803,2.9306217670440673,3.635956312743017,3.0286484102887865
jacquelinehe/tinycomma-1.8b-llama3-tokenizer,bookmia100.43.017,attack_train,the turn of the screw,59,245,213.34975251028663,0.8708153163685168,7.375652313232422,8.469823824402221,3.61609750017435
jacquelinehe/tinycomma-1.8b-llama3-tokenizer,bookmia100.43.018,attack_train,the turn of the screw,64,245,240.10933880507946,0.9800381175717529,4.982669194539388,5.084158570163558,3.7517084188293666
jacquelinehe/tinycomma-1.8b-llama3-tokenizer,bookmia100.43.019,attack_train,the turn of the screw,69,246,177.31852224841714,0.7208070010098258,2.2963083585103354,3.1857464692952298,2.5698336557741612
jacquelinehe/tinycomma-1.8b-llama3-tokenizer,bookmia100.43.020,attack_train,the turn of the screw,58,245,196.78021473437548,0.8031845499362265,3.15307731628418,3.9257195827964284,3.392762323006474
jacquelinehe/tinycomma-1.8b-llama3-tokenizer,bookmia100.43.021,attack_train,the turn of the screw,63,248,174.0700884842081,0.7018955180814843,1.8137798309326172,2.5841165589577852,2.763017277527113
jacquelinehe/tinycomma-1.8b-llama3-tokenizer,bookmia100.43.022,attack_train,the turn of the screw,61,249,200.74719233810902,0.8062136238478274,7.148664951324463,8.866961236906326,3.2909375793132627
jacquelinehe/tinycomma-1.8b-llama3-tokenizer,bookmia100.43.023,attack_train,the turn of the screw,53,248,181.15781923756003,0.7304750775708065,4.754025459289551,6.508128210340938,3.4180720610860384
jacquelinehe/tinycomma-1.8b-llama3-tokenizer,bookmia100.43.024,attack_train,the turn of the screw,52,242,155.86081015039235,0.6440529345057535,5.477958043416341,8.50544691271398,2.9973232721229297
jacquelinehe/tinycomma-1.8b-llama3-tokenizer,bookmia100.43.025,attack_train,the turn of the screw,57,247,182.56522059254348,0.739130447743091,5.741313934326172,7.7676598925901015,3.202898606886728
jacquelinehe/tinycomma-1.8b-llama3-tokenizer,bookmia100.43.026,attack_train,the turn of the screw,69,245,188.2117267381982,0.7682111295436661,2.507355880737305,3.2638890329885326,2.727706184611568
jacquelinehe/tinycomma-1.8b-llama3-tokenizer,bookmia100.43.027,attack_train,the turn of the screw,60,248,186.0097811187734,0.750039439995054,4.619749069213867,6.1593415264193725,3.100163018646223
jacquelinehe/tinycomma-1.8b-llama3-tokenizer,bookmia100.43.028,attack_train,the turn of the screw,52,245,179.90405250201002,0.7343022551102449,6.573970794677734,8.952676842441056,3.4596933173463467
jacquelinehe/tinycomma-1.8b-llama3-tokenizer,bookmia100.43.029,attack_train,the turn of the screw,64,246,189.91274053766392,0.772003010315707,15.233260154724121,19.732125330048326,2.9673865709009988
jacquelinehe/tinycomma-1.8b-llama3-tokenizer,bookmia100.43.030,attack_train,the turn of the screw,55,245,191.40883462317288,0.7812605494823383,5.735507965087891,7.341351062572182,3.480160629512234
jacquelinehe/tinycomma-1.8b-llama3-tokenizer,bookmia100.43.031,attack_train,the turn of the screw,58,247,234.7055915466044,0.9502250669903013,14.873795509338379,15.652918477986429,4.046648130113869
jacquelinehe/tinycomma-1.8b-llama3-tokenizer,bookmia100.43.032,attack_train,the turn of the screw,50,244,223.6336110830307,0.9165311929632406,4.860497792561849,5.303144977365532,4.472672221660614
jacquelinehe/tinycomma-1.8b-llama3-tokenizer,bookmia100.43.033,attack_train,the turn of the screw,56,244,184.6275069899857,0.7566701106146955,1.5950446128845215,2.1079788807684716,3.296919767678316
jacquelinehe/tinycomma-1.8b-llama3-tokenizer,bookmia100.43.034,attack_train,the turn of the screw,71,248,209.35666401335038,0.8441800968280257,2.666234016418457,3.1583710945528436,2.9486854086387377
jacquelinehe/tinycomma-1.8b-llama3-tokenizer,bookmia100.43.035,attack_train,the turn of the screw,61,248,237.85049797222018,0.959074588597662,1.7570568720499675,1.832033600868414,3.899188491347872
jacquelinehe/tinycomma-1.8b-llama3-tokenizer,bookmia100.43.036,attack_train,the turn of the screw,62,243,209.29370708577335,0.8612909756616187,2.439122259616852,2.8319375548352737,3.3757049529963443
jacquelinehe/tinycomma-1.8b-llama3-tokenizer,bookmia100.43.037,attack_train,the turn of the screw,55,248,200.00615173396363,0.8064764182821115,1.7764451503753662,2.2027242335980524,3.636475486072066
jacquelinehe/tinycomma-1.8b-llama3-tokenizer,bookmia100.43.038,attack_train,the turn of the screw,58,245,219.04348743800074,0.8940550507673499,2.0006773812430247,2.2377563658142554,3.776611852379323
jacquelinehe/tinycomma-1.8b-llama3-tokenizer,bookmia100.43.039,attack_train,the turn of the screw,57,248,192.8762644380331,0.7777268727340044,2.513709477015904,3.232123725105786,3.383794112947949
jacquelinehe/tinycomma-1.8b-llama3-tokenizer,bookmia100.43.040,attack_train,the turn of the screw,58,243,198.45250889472663,0.8166769913363235,6.911808490753174,8.463331970995563,3.4215949809435626
jacquelinehe/tinycomma-1.8b-llama3-tokenizer,bookmia100.43.041,attack_train,the turn of the screw,50,246,198.8353204280138,0.8082736602764788,4.854210376739502,6.005652064771065,3.976706408560276
jacquelinehe/tinycomma-1.8b-llama3-tokenizer,bookmia100.43.042,attack_train,the turn of the screw,57,247,177.76994289830327,0.719716368009325,4.084356307983398,5.674952647360771,3.118770928040408
jacquelinehe/tinycomma-1.8b-llama3-tokenizer,bookmia100.43.043,attack_train,the turn of the screw,49,247,168.3397877663374,0.681537602292864,13.842222213745117,20.310283933236256,3.4355058727823957
jacquelinehe/tinycomma-1.8b-llama3-tokenizer,bookmia100.43.044,attack_train,the turn of the screw,56,246,188.08954885601997,0.7645916620163413,2.8623902797698975,3.743684926175301,3.3587419438574995
jacquelinehe/tinycomma-1.8b-llama3-tokenizer,bookmia100.43.045,attack_train,the turn of the screw,56,245,202.77156546805054,0.8276390427267369,2.59555721282959,3.1360980800014886,3.620920811929474
jacquelinehe/tinycomma-1.8b-llama3-tokenizer,bookmia100.43.046,attack_train,the turn of the screw,73,249,224.15107907983474,0.9002051368668063,4.098525047302246,4.552878982192102,3.070562727121024
jacquelinehe/tinycomma-1.8b-llama3-tokenizer,bookmia100.43.047,attack_train,the turn of the screw,57,248,199.30208945681807,0.8036374574871696,1.9395897388458252,2.4135133582630344,3.4965278852073345
jacquelinehe/tinycomma-1.8b-llama3-tokenizer,bookmia100.43.048,attack_train,the turn of the screw,64,246,193.21420614793897,0.7854236022273942,2.284718704223633,2.90889998434522,3.0189719710615464
jacquelinehe/tinycomma-1.8b-llama3-tokenizer,bookmia100.43.049,attack_train,the turn of the screw,58,244,211.7435756336199,0.8678015394820489,5.044999599456787,5.813540734749004,3.6507513040279296
jacquelinehe/tinycomma-1.8b-llama3-tokenizer,bookmia100.43.050,attack_train,the turn of the screw,52,244,208.23666541278362,0.8534289566097689,6.906668186187744,8.092844908408496,4.004551257938147
jacquelinehe/tinycomma-1.8b-llama3-tokenizer,bookmia100.43.051,attack_train,the turn of the screw,64,248,183.27621853619348,0.7390170102265866,1.921618103981018,2.600235281988759,2.863690914628023
jacquelinehe/tinycomma-1.8b-llama3-tokenizer,bookmia100.43.052,attack_train,the turn of the screw,55,244,185.1266718879342,0.758715868393173,2.906180572509766,3.8303938187882456,3.3659394888715313
jacquelinehe/tinycomma-1.8b-llama3-tokenizer,bookmia100.43.053,attack_train,the turn of the screw,64,246,225.7511095077498,0.9176874370233731,2.57499106725057,2.8059565418078027,3.5273610860585904
jacquelinehe/tinycomma-1.8b-llama3-tokenizer,bookmia100.43.054,attack_train,the turn of the screw,56,248,215.4653459135443,0.8688118786836464,2.499807357788086,2.8772711551499413,3.8475954627418623
jacquelinehe/tinycomma-1.8b-llama3-tokenizer,bookmia100.43.055,attack_train,the turn of the screw,64,249,189.07834665104747,0.7593507897632429,3.2040352821350098,4.219440244651609,2.9543491664226167
jacquelinehe/tinycomma-1.8b-llama3-tokenizer,bookmia100.43.056,attack_train,the turn of the screw,62,248,208.69772818870842,0.8415230975351146,2.6900508403778076,3.1966452831267165,3.3660923901404582
jacquelinehe/tinycomma-1.8b-llama3-tokenizer,bookmia100.43.057,attack_train,the turn of the screw,58,248,186.4874948861543,0.7519657051861061,2.8211936950683594,3.751758458678823,3.215301635968178
jacquelinehe/tinycomma-1.8b-llama3-tokenizer,bookmia100.43.058,attack_train,the turn of the screw,55,249,214.04607957601547,0.8596228095422308,3.5407791137695312,4.118991579173055,3.8917469013820996
jacquelinehe/tinycomma-1.8b-llama3-tokenizer,bookmia100.43.059,attack_train,the turn of the screw,58,248,212.3077007867396,0.8560794386562081,4.857311248779297,5.6739024784941,3.6604775997713723
jacquelinehe/tinycomma-1.8b-llama3-tokenizer,bookmia100.43.060,attack_train,the turn of the screw,56,248,158.20913681201637,0.6379400677903886,4.185312906901042,6.560667871823083,2.825163157357435
jacquelinehe/tinycomma-1.8b-llama3-tokenizer,bookmia100.43.061,attack_train,the turn of the screw,51,241,183.01830420456827,0.7594120506413621,6.200885772705078,8.16537710649721,3.588594200089574
jacquelinehe/tinycomma-1.8b-llama3-tokenizer,bookmia100.43.062,attack_train,the turn of the screw,66,246,212.3994136210531,0.8634122504920858,4.908308029174805,5.684779230752639,3.2181729336523195
jacquelinehe/tinycomma-1.8b-llama3-tokenizer,bookmia100.43.063,attack_train,the turn of the screw,63,249,233.63140393432695,0.9382787306599476,6.651840686798096,7.089407943969334,3.7084349830845547
jacquelinehe/tinycomma-1.8b-llama3-tokenizer,bookmia100.43.064,attack_train,the turn of the screw,57,244,207.87611426971853,0.8519512879906497,3.0984403610229494,3.6368750240764416,3.6469493731529568
jacquelinehe/tinycomma-1.8b-llama3-tokenizer,bookmia100.43.065,attack_train,the turn of the screw,61,248,205.09913423890248,0.8270126380600906,2.580321720668248,3.120051135761195,3.362280889162336
jacquelinehe/tinycomma-1.8b-llama3-tokenizer,bookmia100.43.066,attack_train,the turn of the screw,51,244,196.48198390938342,0.8052540324155057,3.7062771320343018,4.602618531343023,3.852587919791832
jacquelinehe/tinycomma-1.8b-llama3-tokenizer,bookmia100.43.067,attack_train,the turn of the screw,56,244,215.9972289701691,0.8852345449597094,5.362977345784505,6.058255833236371,3.857093374467305
jacquelinehe/tinycomma-1.8b-llama3-tokenizer,bookmia100.43.068,attack_train,the turn of the screw,59,242,158.72636051476002,0.6558940517138844,6.257352352142334,9.540187680909067,2.6902772968603395
jacquelinehe/tinycomma-1.8b-llama3-tokenizer,bookmia100.43.069,attack_train,the turn of the screw,54,246,186.35185798630118,0.7575278779930943,4.506723086039226,5.9492504724430875,3.4509603330796517
jacquelinehe/tinycomma-1.8b-llama3-tokenizer,bookmia100.43.070,attack_train,the turn of the screw,63,249,204.01032819971442,0.8193185871474474,3.115933895111084,3.8030797103719673,3.238259177773245
jacquelinehe/tinycomma-1.8b-llama3-tokenizer,bookmia100.43.071,attack_train,the turn of the screw,62,246,181.98554090783,0.7397786215765447,3.365163803100586,4.548879495772768,2.93525065980371
jacquelinehe/tinycomma-1.8b-llama3-tokenizer,bookmia100.43.072,attack_train,the turn of the screw,62,247,218.8309380186256,0.8859552146503061,2.5843425750732423,2.9170126574550426,3.529531258364929
jacquelinehe/tinycomma-1.8b-llama3-tokenizer,bookmia100.43.073,attack_train,the turn of the screw,57,244,200.51245746971108,0.8217723666791438,2.158667428152902,2.626843534391734,3.517762411749317
jacquelinehe/tinycomma-1.8b-llama3-tokenizer,bookmia100.43.074,attack_train,the turn of the screw,64,249,197.0611268952489,0.7914101481736904,7.075832843780518,8.94079114364299,3.079080107738264
jacquelinehe/tinycomma-1.8b-llama3-tokenizer,bookmia100.43.075,attack_train,the turn of the screw,56,248,220.11224466189742,0.8875493736366832,3.2178456783294678,3.625539912382032,3.9305757975338826
jacquelinehe/tinycomma-1.8b-llama3-tokenizer,bookmia100.43.076,attack_train,the turn of the screw,54,248,188.80347828782396,0.7613043479347741,2.07079815864563,2.7200661131953088,3.496360709033777
jacquelinehe/tinycomma-1.8b-llama3-tokenizer,bookmia100.43.077,attack_train,the turn of the screw,54,244,213.69629213871667,0.875804475978347,1.5699616733350252,1.7925937996391792,3.957338743309568
jacquelinehe/tinycomma-1.8b-llama3-tokenizer,bookmia100.43.078,attack_train,the turn of the screw,55,243,182.38027441315353,0.7505361086961051,2.868414306640625,3.8218205272280334,3.316004989330064
jacquelinehe/tinycomma-1.8b-llama3-tokenizer,bookmia100.43.079,attack_train,the turn of the screw,53,247,202.90029242634773,0.8214586737908816,3.303734540939331,4.02179031806092,3.828307404270712
jacquelinehe/tinycomma-1.8b-llama3-tokenizer,bookmia100.43.080,attack_train,the turn of the screw,64,248,227.93956349405926,0.9191111431212067,4.949063301086426,5.384618974675813,3.561555679594676
jacquelinehe/tinycomma-1.8b-llama3-tokenizer,bookmia100.43.081,attack_train,the turn of the screw,65,249,187.11406003506272,0.7514620884942278,2.8482627868652344,3.7902947207523865,2.8786778466932725
jacquelinehe/tinycomma-1.8b-llama3-tokenizer,bookmia100.43.082,attack_train,the turn of the screw,55,244,206.27173129469156,0.8453759479290638,18.40030288696289,21.765822569282367,3.7503951144489376
jacquelinehe/tinycomma-1.8b-llama3-tokenizer,bookmia100.43.083,attack_train,the turn of the screw,60,241,195.77418176084757,0.8123410031570438,6.235231876373291,7.675633572774216,3.2629030293474597
jacquelinehe/tinycomma-1.8b-llama3-tokenizer,bookmia100.43.084,attack_train,the turn of the screw,69,246,207.77066733827814,0.8445962086921875,4.342200597127278,5.141155681779517,3.0111690918591036
jacquelinehe/tinycomma-1.8b-llama3-tokenizer,bookmia100.43.085,attack_train,the turn of the screw,58,247,177.12897377670743,0.7171213513227022,3.328936767578125,4.642082907499591,3.053947823736335
jacquelinehe/tinycomma-1.8b-llama3-tokenizer,bookmia100.43.086,attack_train,the turn of the screw,59,242,199.2361712679267,0.8232899639170524,9.51556396484375,11.557973960438629,3.3768842587784187
jacquelinehe/tinycomma-1.8b-llama3-tokenizer,bookmia100.43.087,attack_train,the turn of the screw,56,247,216.1409141421318,0.87506442972523,3.605615997314453,4.12040059547,3.8596591811094965
jacquelinehe/tinycomma-1.8b-llama3-tokenizer,bookmia100.43.088,attack_train,the turn of the screw,58,245,142.33598034456372,0.5809631850798519,4.171466827392578,7.180260186055026,2.454068626630409
jacquelinehe/tinycomma-1.8b-llama3-tokenizer,bookmia100.43.089,attack_train,the turn of the screw,58,246,190.96880690008402,0.7762959630084716,2.7881759643554687,3.591640427383031,3.2925656362083453
jacquelinehe/tinycomma-1.8b-llama3-tokenizer,bookmia100.43.090,attack_train,the turn of the screw,61,249,179.9394032873097,0.7226482059731313,6.270206451416016,8.676706590549742,2.9498262833985196
jacquelinehe/tinycomma-1.8b-llama3-tokenizer,bookmia100.43.091,attack_train,the turn of the screw,63,249,194.1448675096035,0.779698263090777,2.2153539657592773,2.8412965253731146,3.0816645636445
jacquelinehe/tinycomma-1.8b-llama3-tokenizer,bookmia100.43.092,attack_train,the turn of the screw,56,245,199.65310171432793,0.8149106192421548,2.6876220703125,3.298057488576989,3.5652339591844275
jacquelinehe/tinycomma-1.8b-llama3-tokenizer,bookmia100.43.093,attack_train,the turn of the screw,64,248,202.46940042916685,0.8164088726982535,6.09663724899292,7.467627377496974,3.163584381705732
jacquelinehe/tinycomma-1.8b-llama3-tokenizer,bookmia100.43.094,attack_train,the turn of the screw,60,249,229.8549104332924,0.9231120900935438,2.438034330095564,2.6411032379052743,3.8309151738882066
jacquelinehe/tinycomma-1.8b-llama3-tokenizer,bookmia100.43.095,attack_train,the turn of the screw,68,248,232.82757763564587,0.9388208775630882,4.329538345336914,4.611676677424519,3.423934965230086
jacquelinehe/tinycomma-1.8b-llama3-tokenizer,bookmia100.43.096,attack_train,the turn of the screw,48,248,202.4915713071823,0.8164982713999287,8.831986427307129,10.816907685749571,4.2185744022329645
jacquelinehe/tinycomma-1.8b-llama3-tokenizer,bookmia100.43.097,attack_train,the turn of the screw,58,243,194.0364254280721,0.7985038083459758,5.782135009765625,7.241211562588242,3.3454556108288296
jacquelinehe/tinycomma-1.8b-llama3-tokenizer,bookmia100.43.098,attack_train,the turn of the screw,59,244,198.9202245780034,0.8152468220409975,4.8780256907145185,5.983495499561984,3.3715292301356508
jacquelinehe/tinycomma-1.8b-llama3-tokenizer,bookmia100.43.099,attack_train,the turn of the screw,60,244,207.164657458663,0.849035481387963,3.9311490058898926,4.630135126347648,3.4527442909777166
jacquelinehe/tinycomma-1.8b-llama3-tokenizer,bookmia100.44.000,attack_train,their eyes were watching god,68,248,238.79892718745396,0.9628988999494111,15.643474578857422,16.246227490424282,3.511748929227264
jacquelinehe/tinycomma-1.8b-llama3-tokenizer,bookmia100.44.001,attack_train,their eyes were watching god,77,247,269.33344969758764,1.0904188246865896,4.301858266194661,3.9451430668680083,3.49783700905958
jacquelinehe/tinycomma-1.8b-llama3-tokenizer,bookmia100.44.002,attack_train,their eyes were watching god,52,244,209.95016886410303,0.8604515117381272,4.0957489013671875,4.759999657730512,4.037503247386597
jacquelinehe/tinycomma-1.8b-llama3-tokenizer,bookmia100.44.003,attack_train,their eyes were watching god,54,245,258.8902651858516,1.0566949599422515,2.217222785949707,2.098261910959506,4.794264170108363
jacquelinehe/tinycomma-1.8b-llama3-tokenizer,bookmia100.44.004,attack_train,their eyes were watching god,47,246,167.0755923865363,0.6791690747420175,2.4375822884695872,3.5890654906445842,3.5547998380114105
jacquelinehe/tinycomma-1.8b-llama3-tokenizer,bookmia100.44.005,attack_train,their eyes were watching god,62,249,204.58495897520334,0.8216263412658769,15.575982093811035,18.95750088758495,3.2997574028258603
jacquelinehe/tinycomma-1.8b-llama3-tokenizer,bookmia100.44.006,attack_train,their eyes were watching god,58,249,207.09669269435108,0.8317136252785183,4.530820528666179,5.447572807465947,3.5706326326612254
jacquelinehe/tinycomma-1.8b-llama3-tokenizer,bookmia100.44.008,attack_train,their eyes were watching god,73,246,242.68455720774364,0.9865225902753806,4.397823333740234,4.457904337003185,3.324445989147173
jacquelinehe/tinycomma-1.8b-llama3-tokenizer,bookmia100.44.009,attack_train,their eyes were watching god,59,246,217.19948904542252,0.8829247522171647,2.8517993927001952,3.2299461370166287,3.681347271956314
jacquelinehe/tinycomma-1.8b-llama3-tokenizer,bookmia100.44.010,attack_train,their eyes were watching god,57,244,215.9478985767346,0.8850323712161253,5.037433624267578,5.691807201747465,3.788559624153238
jacquelinehe/tinycomma-1.8b-llama3-tokenizer,bookmia100.44.011,attack_train,their eyes were watching god,61,249,175.47638771962374,0.7047244486731877,6.023266792297363,8.546981453016995,2.8766620937643235
jacquelinehe/tinycomma-1.8b-llama3-tokenizer,bookmia100.44.012,attack_train,their eyes were watching god,54,247,187.80058737588115,0.7603262646796808,4.130043665568034,5.431936074585018,3.47778865510891
jacquelinehe/tinycomma-1.8b-llama3-tokenizer,bookmia100.44.013,attack_train,their eyes were watching god,56,249,207.1893358696252,0.8320856862233944,2.273705005645752,2.7325370971894336,3.69980956910045
jacquelinehe/tinycomma-1.8b-llama3-tokenizer,bookmia100.44.014,attack_train,their eyes were watching god,57,242,251.96529979951447,1.041178924791382,2.26068229675293,2.171271664191528,4.420443856131833
jacquelinehe/tinycomma-1.8b-llama3-tokenizer,bookmia100.44.016,attack_train,their eyes were watching god,76,246,240.89156556478702,0.9792340063609228,2.7967255115509033,2.8560338932102973,3.169625862694566
jacquelinehe/tinycomma-1.8b-llama3-tokenizer,bookmia100.44.017,attack_train,their eyes were watching god,68,249,236.44350621127523,0.949572314101507,3.312717914581299,3.4886420606268618,3.47711038545993
jacquelinehe/tinycomma-1.8b-llama3-tokenizer,bookmia100.44.018,attack_train,their eyes were watching god,58,246,211.9560473188758,0.8616099484507146,2.8827970027923584,3.3458260410943463,3.6544146089461345
jacquelinehe/tinycomma-1.8b-llama3-tokenizer,bookmia100.44.019,attack_train,their eyes were watching god,80,248,282.6045703245327,1.1395345577602125,9.281265258789062,8.144786128322123,3.5325571290566584
jacquelinehe/tinycomma-1.8b-llama3-tokenizer,bookmia100.44.020,attack_train,their eyes were watching god,56,244,224.01887524686754,0.9181101444543751,3.372518539428711,3.6733267351413152,4.0003370579797775
jacquelinehe/tinycomma-1.8b-llama3-tokenizer,bookmia100.44.021,attack_train,their eyes were watching god,55,247,192.1091913813725,0.7777700055926012,2.3914230346679686,3.074717483924939,3.4928943887522275
jacquelinehe/tinycomma-1.8b-llama3-tokenizer,bookmia100.44.022,attack_train,their eyes were watching god,49,242,152.36070390813984,0.6295896855708257,3.0239073435465493,4.802981072990235,3.1094021205742823
jacquelinehe/tinycomma-1.8b-llama3-tokenizer,bookmia100.44.023,attack_train,their eyes were watching god,58,243,233.98168152570724,0.9628875782950915,2.7331771850585938,2.8385215955304077,4.034166922857022
jacquelinehe/tinycomma-1.8b-llama3-tokenizer,bookmia100.44.024,attack_train,their eyes were watching god,64,248,205.14732991345227,0.8272069754574688,3.2696956634521483,3.9526935343405616,3.2054270298976917
jacquelinehe/tinycomma-1.8b-llama3-tokenizer,bookmia100.44.025,attack_train,their eyes were watching god,58,243,176.7478719605133,0.7273574977798901,9.150657653808594,12.580687875960725,3.0473771027674705
jacquelinehe/tinycomma-1.8b-llama3-tokenizer,bookmia100.44.026,attack_train,their eyes were watching god,72,249,251.16745801270008,1.008704650653414,3.5294666290283203,3.4990089782395852,3.4884369168430567
jacquelinehe/tinycomma-1.8b-llama3-tokenizer,bookmia100.44.027,attack_train,their eyes were watching god,65,248,196.59808687877376,0.7927342212853781,2.432469367980957,3.0684551047094097,3.024585951981135
jacquelinehe/tinycomma-1.8b-llama3-tokenizer,bookmia100.44.028,attack_train,their eyes were watching god,65,248,219.63635137910023,0.8856304491092751,6.2434163093566895,7.04968569637146,3.379020790447696
jacquelinehe/tinycomma-1.8b-llama3-tokenizer,bookmia100.44.029,attack_train,their eyes were watching god,74,248,247.34257681970485,0.997349100079455,4.571620941162109,4.583772062157479,3.3424672543203355
jacquelinehe/tinycomma-1.8b-llama3-tokenizer,bookmia100.44.030,attack_train,their eyes were watching god,67,248,257.00652454281226,1.0363166312210172,5.2331899007161455,5.049798240283238,3.8359182767583917
jacquelinehe/tinycomma-1.8b-llama3-tokenizer,bookmia100.44.031,attack_train,their eyes were watching god,65,246,256.957330042962,1.0445419920445609,5.9967498779296875,5.741032838892189,3.953189692968646
jacquelinehe/tinycomma-1.8b-llama3-tokenizer,bookmia100.44.032,attack_train,their eyes were watching god,57,247,203.89072578027844,0.8254685254262285,3.1291866302490234,3.790800659096331,3.5770302768469904
jacquelinehe/tinycomma-1.8b-llama3-tokenizer,bookmia100.44.033,attack_train,their eyes were watching god,58,246,228.87673325603828,0.9303932246180417,5.178558349609375,5.565988887908498,3.9461505733799704
jacquelinehe/tinycomma-1.8b-llama3-tokenizer,bookmia100.44.034,attack_train,their eyes were watching god,54,248,184.74931162968278,0.7449569017325919,3.1309640407562256,4.202879432990487,3.4212835486978292
jacquelinehe/tinycomma-1.8b-llama3-tokenizer,bookmia100.44.035,attack_train,their eyes were watching god,65,247,265.66286756284535,1.075558168270629,8.403003692626953,7.812691066386483,4.08712103942839
jacquelinehe/tinycomma-1.8b-llama3-tokenizer,bookmia100.44.036,attack_train,their eyes were watching god,56,247,151.08306703958078,0.6116723361926347,3.3507139682769775,5.477955712585525,2.697911911421085
jacquelinehe/tinycomma-1.8b-llama3-tokenizer,bookmia100.44.037,attack_train,their eyes were watching god,65,249,230.93502366205212,0.9274498942251089,12.955038070678711,13.968450642288055,3.552846517877725
jacquelinehe/tinycomma-1.8b-llama3-tokenizer,bookmia100.44.038,attack_train,their eyes were watching god,56,249,197.3145611629443,0.7924279564776879,11.637965202331543,14.686464690193231,3.5234743064811482
jacquelinehe/tinycomma-1.8b-llama3-tokenizer,bookmia100.44.039,attack_train,their eyes were watching god,51,238,210.4568026973866,0.8842722802411201,2.1004894574483237,2.375387654213892,4.12660397445856
jacquelinehe/tinycomma-1.8b-llama3-tokenizer,bookmia100.44.040,attack_train,their eyes were watching god,73,249,289.31189244799316,1.1618951503935468,9.7593994140625,8.39955258506491,3.9631766088766187
jacquelinehe/tinycomma-1.8b-llama3-tokenizer,bookmia100.44.041,attack_train,their eyes were watching god,63,245,178.11380868311971,0.7269951374821213,3.8318560123443604,5.2708138126145245,2.8272033124304716
jacquelinehe/tinycomma-1.8b-llama3-tokenizer,bookmia100.44.042,attack_train,their eyes were watching god,64,247,230.14806338933704,0.9317735359892187,1.8849910100301106,2.023014109355346,3.5960634904583912
jacquelinehe/tinycomma-1.8b-llama3-tokenizer,bookmia100.44.043,attack_train,their eyes were watching god,77,246,322.62515799549874,1.3114843820955233,4.046742757161458,3.085620242534241,4.189937116824659
jacquelinehe/tinycomma-1.8b-llama3-tokenizer,bookmia100.44.044,attack_train,their eyes were watching god,64,246,196.34102446772158,0.7981342458037463,4.771989186604817,5.978930501596601,3.0678285073081497
jacquelinehe/tinycomma-1.8b-llama3-tokenizer,bookmia100.44.045,attack_train,their eyes were watching god,75,245,298.30113916820846,1.2175556700743202,4.500782330830892,3.6965721087366474,3.9773485222427793
jacquelinehe/tinycomma-1.8b-llama3-tokenizer,bookmia100.44.046,attack_train,their eyes were watching god,64,248,212.7357603535056,0.8578054852963936,10.339082717895508,12.052945446394636,3.323996255523525
jacquelinehe/tinycomma-1.8b-llama3-tokenizer,bookmia100.44.047,attack_train,their eyes were watching god,72,243,263.2699108150555,1.0834152708438498,3.5318310260772705,3.2599051546748092,3.656526539097993
jacquelinehe/tinycomma-1.8b-llama3-tokenizer,bookmia100.44.048,attack_train,their eyes were watching god,58,242,259.6302567226812,1.0728523005069472,15.907286643981934,14.827098414633008,4.476383736597952
jacquelinehe/tinycomma-1.8b-llama3-tokenizer,bookmia100.44.049,attack_train,their eyes were watching god,48,246,189.29418799490668,0.7694885690849865,1.7387182712554932,2.2595764785993326,3.943628916560556
jacquelinehe/tinycomma-1.8b-llama3-tokenizer,bookmia100.44.050,attack_train,their eyes were watching god,62,247,243.00135989219416,0.983811173652608,12.71033763885498,12.919489002818652,3.9193767724547444
jacquelinehe/tinycomma-1.8b-llama3-tokenizer,bookmia100.44.051,attack_train,their eyes were watching god,74,247,226.09133549267426,0.9153495364075881,5.526315212249756,6.037382434188497,3.055288317468571
jacquelinehe/tinycomma-1.8b-llama3-tokenizer,bookmia100.44.052,attack_train,their eyes were watching god,57,246,245.48441363684833,0.9979041204749932,4.208926836649577,4.217766767659168,4.306744098892076
jacquelinehe/tinycomma-1.8b-llama3-tokenizer,bookmia100.44.053,attack_train,their eyes were watching god,59,246,213.35936254402623,0.8673144818862855,4.541258811950684,5.236000213064692,3.6162603821021393
jacquelinehe/tinycomma-1.8b-llama3-tokenizer,bookmia100.44.054,attack_train,their eyes were watching god,78,248,207.01273025991395,0.8347287510480401,1.0599664449691772,1.2698333963438313,2.654009362306589
jacquelinehe/tinycomma-1.8b-llama3-tokenizer,bookmia100.44.055,attack_train,their eyes were watching god,72,248,220.96055879851338,0.8909699951552958,6.176111698150635,6.931896395763743,3.0688966499793526
jacquelinehe/tinycomma-1.8b-llama3-tokenizer,bookmia100.44.056,attack_train,their eyes were watching god,48,245,161.06386756358552,0.6574035410758593,3.1545848846435547,4.798551707648225,3.3554972409080315
jacquelinehe/tinycomma-1.8b-llama3-tokenizer,bookmia100.44.057,attack_train,their eyes were watching god,62,248,204.70604615146294,0.8254276054494474,5.265449047088623,6.37905615504775,3.3017104217977895
jacquelinehe/tinycomma-1.8b-llama3-tokenizer,bookmia100.44.058,attack_train,their eyes were watching god,56,246,162.00999794376548,0.6585772274136809,5.430566787719727,8.245907331242343,2.893035677567241
jacquelinehe/tinycomma-1.8b-llama3-tokenizer,bookmia100.44.059,attack_train,their eyes were watching god,69,248,235.69480612687767,0.950382282769668,1.99332857131958,2.0973966028811986,3.415866755461995
jacquelinehe/tinycomma-1.8b-llama3-tokenizer,bookmia100.44.060,attack_train,their eyes were watching god,70,249,261.319759005215,1.0494769437960443,2.4141700744628904,2.3003555139864615,3.7331394143602146
jacquelinehe/tinycomma-1.8b-llama3-tokenizer,bookmia100.44.061,attack_train,their eyes were watching god,74,249,273.27940697129816,1.0975076585192698,2.7150494030543735,2.4738318516314055,3.6929649590715967
jacquelinehe/tinycomma-1.8b-llama3-tokenizer,bookmia100.44.062,attack_train,their eyes were watching god,63,246,239.20073853991926,0.9723607257720295,4.918643633524577,5.0584556771555125,3.7968371196812583
jacquelinehe/tinycomma-1.8b-llama3-tokenizer,bookmia100.44.063,attack_train,their eyes were watching god,60,246,221.33701599936467,0.8997439674770922,3.0017763137817384,3.336256115391143,3.688950266656078
jacquelinehe/tinycomma-1.8b-llama3-tokenizer,bookmia100.44.064,attack_train,their eyes were watching god,55,242,183.2477767956443,0.7572222181638195,17.359594345092773,22.925363161144265,3.3317777599208056
jacquelinehe/tinycomma-1.8b-llama3-tokenizer,bookmia100.44.065,attack_train,their eyes were watching god,55,248,181.80925341835245,0.7331018282998083,4.345114390055339,5.927027081807204,3.30562278942459
jacquelinehe/tinycomma-1.8b-llama3-tokenizer,bookmia100.44.066,attack_train,their eyes were watching god,50,248,190.93996115773916,0.7699191982166902,2.744193267822266,3.5642613850628067,3.8187992231547834
jacquelinehe/tinycomma-1.8b-llama3-tokenizer,bookmia100.44.067,attack_train,their eyes were watching god,55,246,209.83272051857784,0.8529785386934059,3.174156427383423,3.721261770836112,3.8151403730650517
jacquelinehe/tinycomma-1.8b-llama3-tokenizer,bookmia100.44.068,attack_train,their eyes were watching god,71,247,219.83035636960994,0.890001442791943,3.421119054158529,3.843947761956931,3.0962022023888727
jacquelinehe/tinycomma-1.8b-llama3-tokenizer,bookmia100.44.069,attack_train,their eyes were watching god,68,244,238.43919154722244,0.9772098014230428,2.202739397684733,2.254111035805245,3.5064586992238596
jacquelinehe/tinycomma-1.8b-llama3-tokenizer,bookmia100.44.070,attack_train,their eyes were watching god,48,245,153.88604640960693,0.6281063118759467,15.556642532348633,24.76753097080981,3.2059593002001443
jacquelinehe/tinycomma-1.8b-llama3-tokenizer,bookmia100.44.071,attack_train,their eyes were watching god,66,249,203.36269478313625,0.8167176497314709,1.2166059017181396,1.489628517417431,3.08125295125964
jacquelinehe/tinycomma-1.8b-llama3-tokenizer,bookmia100.44.072,attack_train,their eyes were watching god,62,246,181.09847201616503,0.7361726504722156,2.021894931793213,2.746495581568094,2.92094309703492
jacquelinehe/tinycomma-1.8b-llama3-tokenizer,bookmia100.44.073,attack_train,their eyes were watching god,59,247,224.76702763541834,0.909987966135297,4.92730172475179,5.414688883939811,3.8096106378884467
jacquelinehe/tinycomma-1.8b-llama3-tokenizer,bookmia100.44.074,attack_train,their eyes were watching god,77,249,253.4606404188089,1.0179142185494334,8.997739791870117,8.839389044680248,3.2916966288157
jacquelinehe/tinycomma-1.8b-llama3-tokenizer,bookmia100.44.075,attack_train,their eyes were watching god,57,248,178.70648260531016,0.7205906556665732,2.636088728904724,3.6582332953877175,3.135201449215968
jacquelinehe/tinycomma-1.8b-llama3-tokenizer,bookmia100.44.076,attack_train,their eyes were watching god,74,242,208.74466982111335,0.8625812802525344,13.516868591308594,15.67025496698852,2.8208739165015317
jacquelinehe/tinycomma-1.8b-llama3-tokenizer,bookmia100.44.077,attack_train,their eyes were watching god,68,249,238.7268044356024,0.958742186488363,8.121341705322266,8.470829613818022,3.5106883005235647
jacquelinehe/tinycomma-1.8b-llama3-tokenizer,bookmia100.44.078,attack_train,their eyes were watching god,76,249,257.9123177524307,1.035792440772814,4.159745693206787,4.016003138720691,3.393583128321456
jacquelinehe/tinycomma-1.8b-llama3-tokenizer,bookmia100.44.079,attack_train,their eyes were watching god,65,247,210.2424354494433,0.8511839491880295,1.7960988283157349,2.110118300549592,3.234499006914512
jacquelinehe/tinycomma-1.8b-llama3-tokenizer,bookmia100.44.080,attack_train,their eyes were watching god,57,247,183.92779780505225,0.7446469546763249,5.621015548706055,7.548564475294654,3.2268034702640747
jacquelinehe/tinycomma-1.8b-llama3-tokenizer,bookmia100.44.081,attack_train,their eyes were watching god,67,246,287.6986967626726,1.1695068974092384,4.2786078453063965,3.658471664241249,4.294010399442875
jacquelinehe/tinycomma-1.8b-llama3-tokenizer,bookmia100.44.082,attack_train,their eyes were watching god,73,248,281.2892362680286,1.1342307914033412,12.305316925048828,10.849041498709378,3.8532772091510767
jacquelinehe/tinycomma-1.8b-llama3-tokenizer,bookmia100.44.083,attack_train,their eyes were watching god,56,247,225.61880660057068,0.9134364639699217,2.590788459777832,2.836309433628154,4.028907260724476
jacquelinehe/tinycomma-1.8b-llama3-tokenizer,bookmia100.44.084,attack_train,their eyes were watching god,71,248,226.13954912591726,0.9118530206690212,3.5425772666931152,3.885031015298877,3.1850640721960177
jacquelinehe/tinycomma-1.8b-llama3-tokenizer,bookmia100.44.085,attack_train,their eyes were watching god,61,248,231.67859484860674,0.9341878824540594,5.3219350179036455,5.696857257367993,3.7980097516165037
jacquelinehe/tinycomma-1.8b-llama3-tokenizer,bookmia100.44.086,attack_train,their eyes were watching god,56,246,220.02856879134197,0.894425076387569,5.306744575500488,5.933134832191343,3.929081585559678
jacquelinehe/tinycomma-1.8b-llama3-tokenizer,bookmia100.44.087,attack_train,their eyes were watching god,68,249,255.08984119072556,1.0244571935370506,3.093572425842285,3.019718584005826,3.7513211939812585
jacquelinehe/tinycomma-1.8b-llama3-tokenizer,bookmia100.44.088,attack_train,their eyes were watching god,57,245,203.76902716676705,0.8317103149663961,3.529783248901367,4.244005617561665,3.5748952134520535
jacquelinehe/tinycomma-1.8b-llama3-tokenizer,bookmia100.44.089,attack_train,their eyes were watching god,74,248,232.57011206104653,0.9377827099235747,3.517958879470825,3.751358222159506,3.1428393521763045
jacquelinehe/tinycomma-1.8b-llama3-tokenizer,bookmia100.44.091,attack_train,their eyes were watching god,63,249,246.299124045996,0.9891531086184578,1.6259839307694208,1.6438142049014226,3.909509905492
jacquelinehe/tinycomma-1.8b-llama3-tokenizer,bookmia100.44.092,attack_train,their eyes were watching god,69,247,252.20417518308386,1.0210695351541856,8.898336410522461,8.714721284068842,3.655132973667882
jacquelinehe/tinycomma-1.8b-llama3-tokenizer,bookmia100.44.093,attack_train,their eyes were watching god,59,248,239.43901953962632,0.9654799174984932,5.339756488800049,5.530675876340413,4.058288466773328
jacquelinehe/tinycomma-1.8b-llama3-tokenizer,bookmia100.44.094,attack_train,their eyes were watching god,60,247,212.56339177116752,0.8605805334865082,2.277741813659668,2.6467503330940465,3.542723196186125
jacquelinehe/tinycomma-1.8b-llama3-tokenizer,bookmia100.44.095,attack_train,their eyes were watching god,63,249,186.95783627964556,0.7508346838539982,2.6392533779144287,3.515092515928098,2.967584702851517
jacquelinehe/tinycomma-1.8b-llama3-tokenizer,bookmia100.44.096,attack_train,their eyes were watching god,60,246,167.22121835092548,0.6797610502070142,10.264059066772461,15.099510428917116,2.787020305848758
jacquelinehe/tinycomma-1.8b-llama3-tokenizer,bookmia100.44.098,attack_train,their eyes were watching god,71,242,256.2948977071792,1.0590698252362776,4.310229301452637,4.069825424863774,3.6097872916504112
jacquelinehe/tinycomma-1.8b-llama3-tokenizer,bookmia100.44.099,attack_train,their eyes were watching god,61,249,222.69135218393058,0.8943427798551429,9.91576099395752,11.087204165234699,3.6506779046545996
jacquelinehe/tinycomma-1.8b-llama3-tokenizer,bookmia100.46.000,attack_train,to kill a mockingbird,56,244,198.1657196963206,0.8121545889193467,4.705234527587891,5.793520829388748,3.5386735660057247
jacquelinehe/tinycomma-1.8b-llama3-tokenizer,bookmia100.46.001,attack_train,to kill a mockingbird,58,249,187.89950688369572,0.7546164935088182,13.641534805297852,18.077440557742648,3.239646670408547
jacquelinehe/tinycomma-1.8b-llama3-tokenizer,bookmia100.46.002,attack_train,to kill a mockingbird,62,249,174.96793438587338,0.7026824674131461,2.9661852518717446,4.221231337664441,2.8220634578366672
jacquelinehe/tinycomma-1.8b-llama3-tokenizer,bookmia100.46.003,attack_train,to kill a mockingbird,63,247,206.7751169996336,0.8371462226705814,6.070817947387695,7.251801158489577,3.2821447142798985
jacquelinehe/tinycomma-1.8b-llama3-tokenizer,bookmia100.46.004,attack_train,to kill a mockingbird,55,248,202.7786740793381,0.8176559438682988,4.387920379638672,5.3664630124005335,3.6868849832606925
jacquelinehe/tinycomma-1.8b-llama3-tokenizer,bookmia100.46.005,attack_train,to kill a mockingbird,65,248,199.87470649182796,0.8059463971444676,1.87200133005778,2.3227367684630518,3.074995484489661
jacquelinehe/tinycomma-1.8b-llama3-tokenizer,bookmia100.46.006,attack_train,to kill a mockingbird,62,245,186.01424639765173,0.7592418220312316,4.411706288655599,5.810673438474154,3.000229780607286
jacquelinehe/tinycomma-1.8b-llama3-tokenizer,bookmia100.46.007,attack_train,to kill a mockingbird,72,246,188.94333337421995,0.768062330789512,3.994078000386556,5.200200348689065,2.6242129635308324
jacquelinehe/tinycomma-1.8b-llama3-tokenizer,bookmia100.46.008,attack_train,to kill a mockingbird,65,246,203.32751467567869,0.8265346125027588,12.449788093566895,15.062633681932272,3.1281156103950565
jacquelinehe/tinycomma-1.8b-llama3-tokenizer,bookmia100.46.009,attack_train,to kill a mockingbird,61,247,204.27345879073255,0.8270180517843423,2.8737869262695312,3.474878111873325,3.348745226077583
jacquelinehe/tinycomma-1.8b-llama3-tokenizer,bookmia100.46.010,attack_train,to kill a mockingbird,47,247,217.11047208542004,0.8789897655280163,4.365899562835693,4.966951532379972,4.619371746498299
jacquelinehe/tinycomma-1.8b-llama3-tokenizer,bookmia100.46.011,attack_train,to kill a mockingbird,65,246,191.09498833981343,0.7768088956902984,2.706435203552246,3.4840424956091898,2.9399228975355913
jacquelinehe/tinycomma-1.8b-llama3-tokenizer,bookmia100.46.012,attack_train,to kill a mockingbird,52,249,207.9385963138193,0.8350947643125273,2.570066213607788,3.07757433460086,3.99881915988114
jacquelinehe/tinycomma-1.8b-llama3-tokenizer,bookmia100.46.013,attack_train,to kill a mockingbird,62,248,209.61549311550334,0.8452237625625135,4.01602840423584,4.751438118658917,3.380895050250054
jacquelinehe/tinycomma-1.8b-llama3-tokenizer,bookmia100.46.014,attack_train,to kill a mockingbird,66,249,217.89919170970097,0.8750971554606465,4.57731294631958,5.230634013328619,3.301502904692439
jacquelinehe/tinycomma-1.8b-llama3-tokenizer,bookmia100.46.015,attack_train,to kill a mockingbird,62,249,205.17721679620445,0.8240048867317448,4.925327301025391,5.977303509158476,3.309309948325878
jacquelinehe/tinycomma-1.8b-llama3-tokenizer,bookmia100.46.016,attack_train,to kill a mockingbird,57,249,166.6352265025489,0.6692177771186703,2.6979551315307617,4.031505473669362,2.923425026360507
jacquelinehe/tinycomma-1.8b-llama3-tokenizer,bookmia100.46.017,attack_train,to kill a mockingbird,63,247,195.85766453575343,0.7929460102662083,2.2208236694335937,2.800724943036182,3.108851818027832
jacquelinehe/tinycomma-1.8b-llama3-tokenizer,bookmia100.46.018,attack_train,to kill a mockingbird,64,248,251.40883918618783,1.0137453192991446,5.192469596862793,5.122065175553777,3.928263112284185
jacquelinehe/tinycomma-1.8b-llama3-tokenizer,bookmia100.46.019,attack_train,to kill a mockingbird,60,248,193.65517853898928,0.7808676553991503,3.9848219553629556,5.103069550660367,3.2275863089831547
jacquelinehe/tinycomma-1.8b-llama3-tokenizer,bookmia100.46.020,attack_train,to kill a mockingbird,53,247,178.37859937397297,0.7221805642670971,14.733535766601562,20.401457053270118,3.3656339504523203
jacquelinehe/tinycomma-1.8b-llama3-tokenizer,bookmia100.46.021,attack_train,to kill a mockingbird,59,244,167.12968337611528,0.6849577187545708,3.819326877593994,5.576003851067643,2.832706497900259
jacquelinehe/tinycomma-1.8b-llama3-tokenizer,bookmia100.46.022,attack_train,to kill a mockingbird,51,249,207.0333604941843,0.8314592790931097,15.686309814453125,18.865998863543282,4.059477656748712
jacquelinehe/tinycomma-1.8b-llama3-tokenizer,bookmia100.46.024,attack_train,to kill a mockingbird,65,247,176.1616309946403,0.7132049837839688,3.7747364044189453,5.292638848920776,2.7101789383790815
jacquelinehe/tinycomma-1.8b-llama3-tokenizer,bookmia100.46.025,attack_train,to kill a mockingbird,63,249,177.11583458795212,0.711308572642378,14.448165893554688,20.312093020167687,2.8113624537770177
jacquelinehe/tinycomma-1.8b-llama3-tokenizer,bookmia100.46.026,attack_train,to kill a mockingbird,63,249,189.67145317653194,0.7617327436808512,16.542354583740234,21.716743465436622,3.0106579869290786
jacquelinehe/tinycomma-1.8b-llama3-tokenizer,bookmia100.46.027,attack_train,to kill a mockingbird,50,247,159.2589143223595,0.6447729324791882,2.913501024246216,4.518646607951795,3.1851782864471896
jacquelinehe/tinycomma-1.8b-llama3-tokenizer,bookmia100.46.028,attack_train,to kill a mockingbird,64,247,175.22655943303835,0.7094192689596694,2.853649616241455,4.022514951456281,2.737914991141224
jacquelinehe/tinycomma-1.8b-llama3-tokenizer,bookmia100.46.029,attack_train,to kill a mockingbird,52,243,196.89050390571356,0.8102489872663109,7.45872163772583,9.205468633648922,3.7863558443406453
jacquelinehe/tinycomma-1.8b-llama3-tokenizer,bookmia100.46.030,attack_train,to kill a mockingbird,65,247,219.55642016301863,0.8888923893239621,3.9593496322631836,4.454250795503408,3.3777910794310557
jacquelinehe/tinycomma-1.8b-llama3-tokenizer,bookmia100.46.031,attack_train,to kill a mockingbird,65,249,194.93034704131423,0.7828527993627078,2.4664392471313477,3.150578562328942,2.998928416020219
jacquelinehe/tinycomma-1.8b-llama3-tokenizer,bookmia100.46.032,attack_train,to kill a mockingbird,64,246,203.56058985064737,0.8274820725636072,15.267544746398926,18.45060485612555,3.1806342164163652
jacquelinehe/tinycomma-1.8b-llama3-tokenizer,bookmia100.46.033,attack_train,to kill a mockingbird,60,247,221.48149478295818,0.896686213696187,3.5073418617248535,3.911448406536116,3.691358246382636
jacquelinehe/tinycomma-1.8b-llama3-tokenizer,bookmia100.46.034,attack_train,to kill a mockingbird,56,247,182.5870734154014,0.7392189207101271,15.620087623596191,21.130530058119763,3.2604834538464535
jacquelinehe/tinycomma-1.8b-llama3-tokenizer,bookmia100.46.035,attack_train,to kill a mockingbird,55,249,205.45877976715565,0.8251356617154846,1.7715552193777901,2.146986612716105,3.7356141775846483
jacquelinehe/tinycomma-1.8b-llama3-tokenizer,bookmia100.46.036,attack_train,to kill a mockingbird,70,245,190.55369366222294,0.7777701782131549,4.298446337381999,5.526627862304038,2.722195623746042
jacquelinehe/tinycomma-1.8b-llama3-tokenizer,bookmia100.46.037,attack_train,to kill a mockingbird,56,245,156.86200276203454,0.6402530724981002,3.3354171752929687,5.2095293541959,2.801107192179188
jacquelinehe/tinycomma-1.8b-llama3-tokenizer,bookmia100.46.038,attack_train,to kill a mockingbird,68,247,178.86537543073064,0.7241513175333224,9.096446990966797,12.561527916502364,2.63037316809898
jacquelinehe/tinycomma-1.8b-llama3-tokenizer,bookmia100.46.039,attack_train,to kill a mockingbird,71,249,246.5789647283964,0.9902769667807084,15.336483001708984,15.48706424180132,3.4729431651886813
jacquelinehe/tinycomma-1.8b-llama3-tokenizer,bookmia100.46.040,attack_train,to kill a mockingbird,53,249,175.38792723126244,0.7043691856677207,4.769373416900635,6.771127292258552,3.309206174174763
jacquelinehe/tinycomma-1.8b-llama3-tokenizer,bookmia100.46.041,attack_train,to kill a mockingbird,67,248,227.67814076232025,0.9180570192029043,8.138402938842773,8.864812063534874,3.398181205407765
jacquelinehe/tinycomma-1.8b-llama3-tokenizer,bookmia100.46.042,attack_train,to kill a mockingbird,67,248,178.78223297023214,0.72089610068642,5.02591609954834,6.971762081613124,2.6683915368691364
jacquelinehe/tinycomma-1.8b-llama3-tokenizer,bookmia100.46.043,attack_train,to kill a mockingbird,58,247,189.9476369842887,0.7690187732157437,5.220083554585774,6.787979352906266,3.274959258349805
jacquelinehe/tinycomma-1.8b-llama3-tokenizer,bookmia100.46.044,attack_train,to kill a mockingbird,61,249,234.6635820188094,0.9424240241719253,2.6496005058288574,2.8114738566400277,3.8469439675214656
jacquelinehe/tinycomma-1.8b-llama3-tokenizer,bookmia100.46.045,attack_train,to kill a mockingbird,54,243,183.1101794455899,0.7535398331094234,4.401785850524902,5.841477327563794,3.390929248992405
jacquelinehe/tinycomma-1.8b-llama3-tokenizer,bookmia100.46.046,attack_train,to kill a mockingbird,60,247,194.45596491266042,0.7872711130067224,7.06822395324707,8.978131975720943,3.24093274854434
jacquelinehe/tinycomma-1.8b-llama3-tokenizer,bookmia100.46.047,attack_train,to kill a mockingbird,53,246,189.38298558164388,0.7698495348847312,5.164633433024089,6.708627074506689,3.573263878898941
jacquelinehe/tinycomma-1.8b-llama3-tokenizer,bookmia100.46.048,attack_train,to kill a mockingbird,61,247,136.15416380087845,0.5512314323922205,3.992613983154297,7.243081124433071,2.232035472145548
jacquelinehe/tinycomma-1.8b-llama3-tokenizer,bookmia100.46.049,attack_train,to kill a mockingbird,56,248,169.58917531638872,0.683827319824148,2.8834646224975584,4.2166560751610005,3.0283781306497985
jacquelinehe/tinycomma-1.8b-llama3-tokenizer,bookmia100.46.050,attack_train,to kill a mockingbird,76,241,243.87462540296838,1.0119279062363833,6.233458518981934,6.159982821469711,3.2088766500390578
jacquelinehe/tinycomma-1.8b-llama3-tokenizer,bookmia100.46.051,attack_train,to kill a mockingbird,64,247,181.95218645955902,0.7366485281763523,4.329541524251302,5.877350403413577,2.8430029134306096
jacquelinehe/tinycomma-1.8b-llama3-tokenizer,bookmia100.46.052,attack_train,to kill a mockingbird,69,246,214.58180213021114,0.8722837484967932,6.483355522155762,7.432622163749502,3.1098811902929153
jacquelinehe/tinycomma-1.8b-llama3-tokenizer,bookmia100.46.053,attack_train,to kill a mockingbird,54,249,208.44526155292988,0.8371295644695979,3.038834639957973,3.6300648895172722,3.860097436165368
jacquelinehe/tinycomma-1.8b-llama3-tokenizer,bookmia100.46.054,attack_train,to kill a mockingbird,63,247,179.99401483591646,0.7287207078377185,2.372002601623535,3.2550229135958153,2.8570478545383566
jacquelinehe/tinycomma-1.8b-llama3-tokenizer,bookmia100.46.055,attack_train,to kill a mockingbird,61,246,182.03217121050693,0.7399681756524672,3.3831494649251304,4.572020224980672,2.9841339542706056
jacquelinehe/tinycomma-1.8b-llama3-tokenizer,bookmia100.46.056,attack_train,to kill a mockingbird,52,246,200.7537169487914,0.8160720201170383,6.6835832595825195,8.189942915361787,3.860648402861373
jacquelinehe/tinycomma-1.8b-llama3-tokenizer,bookmia100.46.057,attack_train,to kill a mockingbird,75,246,209.70991658628918,0.8524793357166227,6.578335444132487,7.71670956528526,2.7961322211505224
jacquelinehe/tinycomma-1.8b-llama3-tokenizer,bookmia100.46.058,attack_train,to kill a mockingbird,67,248,157.499997439445,0.6350806348364718,4.773613929748535,7.516547770312195,2.3507462304394777
jacquelinehe/tinycomma-1.8b-llama3-tokenizer,bookmia100.46.059,attack_train,to kill a mockingbird,66,247,194.7255286902655,0.7883624643330587,10.805444717407227,13.706188721895138,2.9503867983373557
jacquelinehe/tinycomma-1.8b-llama3-tokenizer,bookmia100.46.060,attack_train,to kill a mockingbird,67,246,205.71343601425178,0.8362334797327309,2.746862030029297,3.28480274540936,3.0703497912574895
jacquelinehe/tinycomma-1.8b-llama3-tokenizer,bookmia100.46.061,attack_train,to kill a mockingbird,58,247,247.7364678294398,1.0029816511313352,12.459946632385254,12.422905861070124,4.27131841085241
jacquelinehe/tinycomma-1.8b-llama3-tokenizer,bookmia100.46.062,attack_train,to kill a mockingbird,65,248,190.48899672669359,0.7681007932527967,3.094062614440918,4.028198696863736,2.9305999496414397
jacquelinehe/tinycomma-1.8b-llama3-tokenizer,bookmia100.46.063,attack_train,to kill a mockingbird,57,247,184.67309033870697,0.747664333355089,7.553452491760254,10.102732141661336,3.239878777872052
jacquelinehe/tinycomma-1.8b-llama3-tokenizer,bookmia100.46.064,attack_train,to kill a mockingbird,59,248,165.81922484340612,0.6686259066266376,4.892470359802246,7.317201309901105,2.810495336328917
jacquelinehe/tinycomma-1.8b-llama3-tokenizer,bookmia100.46.065,attack_train,to kill a mockingbird,61,247,265.27118263195734,1.0739723993196653,3.029348850250244,2.8206952545235437,4.348707911999301
jacquelinehe/tinycomma-1.8b-llama3-tokenizer,bookmia100.46.066,attack_train,to kill a mockingbird,56,249,183.81460972502828,0.7382112840362581,2.1443854740687778,2.9048397395717047,3.2824037450897907
jacquelinehe/tinycomma-1.8b-llama3-tokenizer,bookmia100.46.067,attack_train,to kill a mockingbird,54,249,171.0674427933991,0.6870178425437715,3.9428586959838867,5.739092133888325,3.1679156072851686
jacquelinehe/tinycomma-1.8b-llama3-tokenizer,bookmia100.46.068,attack_train,to kill a mockingbird,73,248,218.9507473767735,0.8828659168418287,3.035911798477173,3.4387008724237305,2.999325306531144
jacquelinehe/tinycomma-1.8b-llama3-tokenizer,bookmia100.46.069,attack_train,to kill a mockingbird,60,247,198.02058051526546,0.8017027551225322,4.662256558736165,5.815442854532272,3.300343008587758
jacquelinehe/tinycomma-1.8b-llama3-tokenizer,bookmia100.46.070,attack_train,to kill a mockingbird,61,248,283.6547906175256,1.1437693170061516,16.02225112915039,14.00828898880509,4.6500785347135345
jacquelinehe/tinycomma-1.8b-llama3-tokenizer,bookmia100.46.071,attack_train,to kill a mockingbird,58,247,202.0459571890533,0.8179998266763291,3.184957265853882,3.8935916145543685,3.48355098601816
jacquelinehe/tinycomma-1.8b-llama3-tokenizer,bookmia100.46.072,attack_train,to kill a mockingbird,62,248,183.62377177555754,0.740418434578861,4.8325856526692705,6.5268305420001775,2.961673738315444
jacquelinehe/tinycomma-1.8b-llama3-tokenizer,bookmia100.46.073,attack_train,to kill a mockingbird,54,242,200.86487901769578,0.8300201612301479,3.0552730560302734,3.680962461805922,3.719719981809181
jacquelinehe/tinycomma-1.8b-llama3-tokenizer,bookmia100.46.074,attack_train,to kill a mockingbird,63,247,181.84176940680481,0.7362014955741085,3.967570940653483,5.3892459666350865,2.886377292171505
jacquelinehe/tinycomma-1.8b-llama3-tokenizer,bookmia100.46.075,attack_train,to kill a mockingbird,60,247,163.18876840849407,0.6606832729088828,2.0732129414876304,3.1379830949247514,2.7198128068082346
jacquelinehe/tinycomma-1.8b-llama3-tokenizer,bookmia100.46.076,attack_train,to kill a mockingbird,64,245,169.75381050480064,0.6928726959379617,1.9456492832728796,2.8080905694212674,2.65240328913751
jacquelinehe/tinycomma-1.8b-llama3-tokenizer,bookmia100.46.077,attack_train,to kill a mockingbird,63,248,205.84863877040334,0.8300348337516263,2.2109551429748535,2.6636895863534855,3.267438710641323
jacquelinehe/tinycomma-1.8b-llama3-tokenizer,bookmia100.46.078,attack_train,to kill a mockingbird,67,249,185.30322669748057,0.7441896654517292,4.2715349197387695,5.7398471358049745,2.765719801454934
jacquelinehe/tinycomma-1.8b-llama3-tokenizer,bookmia100.46.079,attack_train,to kill a mockingbird,60,241,214.44057014712598,0.8897948968760414,12.774153709411621,14.356290145358303,3.5740095024520997
jacquelinehe/tinycomma-1.8b-llama3-tokenizer,bookmia100.46.080,attack_train,to kill a mockingbird,55,246,198.90811971016228,0.8085695923177328,3.313585662841797,4.098083448010374,3.616511267457496
jacquelinehe/tinycomma-1.8b-llama3-tokenizer,bookmia100.46.081,attack_train,to kill a mockingbird,64,245,180.0150549399841,0.7347553262856494,5.786703586578369,7.8756878372443175,2.8127352334372517
jacquelinehe/tinycomma-1.8b-llama3-tokenizer,bookmia100.46.082,attack_train,to kill a mockingbird,63,244,219.05441091704415,0.8977639791682137,3.213531732559204,3.5794839257602757,3.4770541415403833
jacquelinehe/tinycomma-1.8b-llama3-tokenizer,bookmia100.46.083,attack_train,to kill a mockingbird,50,241,195.48815976973856,0.8111541899159276,4.814669291178386,5.935578403012878,3.9097631953947714
jacquelinehe/tinycomma-1.8b-llama3-tokenizer,bookmia100.46.084,attack_train,to kill a mockingbird,63,247,196.63055486558005,0.7960751209132796,1.7123897870381672,2.1510404508982344,3.121119918501271
jacquelinehe/tinycomma-1.8b-llama3-tokenizer,bookmia100.46.085,attack_train,to kill a mockingbird,57,244,214.90845008008182,0.8807723363937779,6.026089350382487,6.841824046217918,3.7703236856154705
jacquelinehe/tinycomma-1.8b-llama3-tokenizer,bookmia100.46.087,attack_train,to kill a mockingbird,62,248,170.3799689639127,0.6870160038867447,3.403766949971517,4.95442163023124,2.7480640155469787
jacquelinehe/tinycomma-1.8b-llama3-tokenizer,bookmia100.46.089,attack_train,to kill a mockingbird,61,247,145.07298333896324,0.5873400135180697,7.887491703033447,13.429174790576031,2.378245628507594
jacquelinehe/tinycomma-1.8b-llama3-tokenizer,bookmia100.46.090,attack_train,to kill a mockingbird,71,243,231.5860619386076,0.9530290614757514,14.448309898376465,15.160408514724065,3.261775520262079
jacquelinehe/tinycomma-1.8b-llama3-tokenizer,bookmia100.46.092,attack_train,to kill a mockingbird,63,247,223.97870524320751,0.9067963775028645,12.93460750579834,14.264070552881627,3.5552175435429763
jacquelinehe/tinycomma-1.8b-llama3-tokenizer,bookmia100.46.093,attack_train,to kill a mockingbird,60,245,174.46207553334534,0.7120901042177361,5.547271728515625,7.790126131031633,2.907701258889089
jacquelinehe/tinycomma-1.8b-llama3-tokenizer,bookmia100.46.094,attack_train,to kill a mockingbird,61,245,212.09415210364386,0.8656904167495668,2.7445550918579102,3.1703655703651794,3.4769533131744894
jacquelinehe/tinycomma-1.8b-llama3-tokenizer,bookmia100.46.095,attack_train,to kill a mockingbird,69,246,190.41278165910626,0.7740356978012449,4.375254948933919,5.65252347063893,2.759605531291395
jacquelinehe/tinycomma-1.8b-llama3-tokenizer,bookmia100.46.096,attack_train,to kill a mockingbird,60,249,158.15835948719177,0.635174134486714,3.1782355308532715,5.003723165493212,2.635972658119863
jacquelinehe/tinycomma-1.8b-llama3-tokenizer,bookmia100.46.097,attack_train,to kill a mockingbird,49,246,196.97759386338294,0.8007219262739144,5.392470041910808,6.734510277499418,4.01995089517108
jacquelinehe/tinycomma-1.8b-llama3-tokenizer,bookmia100.46.098,attack_train,to kill a mockingbird,56,249,200.95966679789126,0.8070669349312902,1.8419513702392578,2.2822783223005816,3.5885654785337726
jacquelinehe/tinycomma-1.8b-llama3-tokenizer,bookmia100.46.099,attack_train,to kill a mockingbird,56,244,202.84425965789706,0.8313289330241682,4.364134311676025,5.249587904754366,3.6222189224624475
jacquelinehe/tinycomma-1.8b-llama3-tokenizer,bookmia100.47.000,attack_train,ulysses,70,248,313.23808518983424,1.2630567951202993,4.387306531270345,3.473562351447923,4.474829788426203
jacquelinehe/tinycomma-1.8b-llama3-tokenizer,bookmia100.47.001,attack_train,ulysses,45,249,134.93029491510242,0.5418887345988049,3.7271175384521484,6.878012589081729,2.998450998113387
jacquelinehe/tinycomma-1.8b-llama3-tokenizer,bookmia100.47.002,attack_train,ulysses,74,249,360.76435723900795,1.448852840317301,1.9742134809494019,1.3626045558340114,4.87519401674335
jacquelinehe/tinycomma-1.8b-llama3-tokenizer,bookmia100.47.003,attack_train,ulysses,50,243,223.74278532667086,0.920752202990415,5.283488591512044,5.738230736078993,4.474855706533417
jacquelinehe/tinycomma-1.8b-llama3-tokenizer,bookmia100.47.004,attack_train,ulysses,56,249,273.15269492566586,1.0969987748018708,3.2069497108459473,2.9233849522075857,4.877726695101176
jacquelinehe/tinycomma-1.8b-llama3-tokenizer,bookmia100.47.005,attack_train,ulysses,59,248,230.15321230673726,0.9280371463981341,4.090275287628174,4.407447809070154,3.9009019035040216
jacquelinehe/tinycomma-1.8b-llama3-tokenizer,bookmia100.47.006,attack_train,ulysses,78,239,261.7279659792548,1.0950960919634092,7.372067451477051,6.731890932292155,3.3554867433237794
jacquelinehe/tinycomma-1.8b-llama3-tokenizer,bookmia100.47.007,attack_train,ulysses,65,248,333.234282836318,1.343686624339992,2.0923706690470376,1.5571864980607313,5.126681274404892
jacquelinehe/tinycomma-1.8b-llama3-tokenizer,bookmia100.47.008,attack_train,ulysses,65,249,251.4306448083371,1.0097616257362936,3.3355201721191405,3.3032748394324853,3.868163766282109
jacquelinehe/tinycomma-1.8b-llama3-tokenizer,bookmia100.47.009,attack_train,ulysses,54,244,226.50466693937778,0.9282978153253187,3.5758234659830728,3.852021847891496,4.194530869247736
jacquelinehe/tinycomma-1.8b-llama3-tokenizer,bookmia100.47.010,attack_train,ulysses,94,247,349.5665709741879,1.4152492751991415,2.301331329345703,1.62609610170751,3.718793308236042
jacquelinehe/tinycomma-1.8b-llama3-tokenizer,bookmia100.47.011,attack_train,ulysses,55,248,274.76445123553276,1.1079211743368256,3.069487953186035,2.770493085867192,4.995717295191505
jacquelinehe/tinycomma-1.8b-llama3-tokenizer,bookmia100.47.012,attack_train,ulysses,72,247,240.10934979158628,0.9721026307351671,3.676725387573242,3.782239931593091,3.3348520804386985
jacquelinehe/tinycomma-1.8b-llama3-tokenizer,bookmia100.47.013,attack_train,ulysses,64,249,285.3898482704535,1.1461439689576447,4.572988510131836,3.9898901307230354,4.459216379225836
jacquelinehe/tinycomma-1.8b-llama3-tokenizer,bookmia100.47.014,attack_train,ulysses,63,246,291.3661607950926,1.1844152877849292,8.81311321258545,7.440897887317518,4.6248596951601995
jacquelinehe/tinycomma-1.8b-llama3-tokenizer,bookmia100.47.015,attack_train,ulysses,49,248,220.93330625991803,0.8908601058867662,7.623444557189941,8.557398077222832,4.508842984896286
jacquelinehe/tinycomma-1.8b-llama3-tokenizer,bookmia100.47.016,attack_train,ulysses,59,245,326.1632670164108,1.3312786408833095,2.2908804757254466,1.720812161611364,5.528190966379845
jacquelinehe/tinycomma-1.8b-llama3-tokenizer,bookmia100.47.018,attack_train,ulysses,64,247,270.243849186867,1.094104652578409,17.403432846069336,15.906552270896333,4.222560143544797
jacquelinehe/tinycomma-1.8b-llama3-tokenizer,bookmia100.47.019,attack_train,ulysses,66,244,190.9923583805794,0.7827555671335221,3.27699613571167,4.186487165734436,2.8938236118269605
jacquelinehe/tinycomma-1.8b-llama3-tokenizer,bookmia100.47.020,attack_train,ulysses,57,246,286.7094129920006,1.165485418666669,6.965041637420654,5.976086466520324,5.029989701614046
jacquelinehe/tinycomma-1.8b-llama3-tokenizer,bookmia100.47.021,attack_train,ulysses,64,248,283.7085923999548,1.143986259677237,5.747213999430339,5.023848801341243,4.432946756249294
jacquelinehe/tinycomma-1.8b-llama3-tokenizer,bookmia100.47.022,attack_train,ulysses,62,248,298.4755561966449,1.2035304685348585,15.00173568725586,12.464774328080383,4.814121874139434
jacquelinehe/tinycomma-1.8b-llama3-tokenizer,bookmia100.47.023,attack_train,ulysses,46,248,158.1745300795883,0.6378005245144689,5.058437983194987,7.931065887795822,3.438576740860615
jacquelinehe/tinycomma-1.8b-llama3-tokenizer,bookmia100.47.024,attack_train,ulysses,57,238,261.81460303114727,1.1000613572737281,17.714216232299805,16.10293472738719,4.59323864966925
jacquelinehe/tinycomma-1.8b-llama3-tokenizer,bookmia100.47.025,attack_train,ulysses,59,248,256.5775345917791,1.0345868330313674,5.694846471150716,5.504464477345668,4.348771772742019
jacquelinehe/tinycomma-1.8b-llama3-tokenizer,bookmia100.47.026,attack_train,ulysses,48,249,236.47733372449875,0.949708167568268,5.287517229715983,5.567517907374319,4.92661111926039
jacquelinehe/tinycomma-1.8b-llama3-tokenizer,bookmia100.47.028,attack_train,ulysses,63,245,273.4751855144277,1.1162252469976641,2.4916395459856306,2.2322013882838156,4.340875960546472
jacquelinehe/tinycomma-1.8b-llama3-tokenizer,bookmia100.47.029,attack_train,ulysses,62,245,241.54665669053793,0.9859047211858691,3.4277191162109375,3.476724517647098,3.8959138175893213
jacquelinehe/tinycomma-1.8b-llama3-tokenizer,bookmia100.47.030,attack_train,ulysses,64,249,285.1547785550356,1.145199913875645,2.82696533203125,2.4685343561231043,4.455543414922431
jacquelinehe/tinycomma-1.8b-llama3-tokenizer,bookmia100.47.031,attack_train,ulysses,65,246,243.84862577170134,0.9912545763077291,6.058920383453369,6.112375698704884,3.751517319564636
jacquelinehe/tinycomma-1.8b-llama3-tokenizer,bookmia100.47.032,attack_train,ulysses,55,249,256.7628829239402,1.03117623664233,1.9196401596069337,1.8616024025704667,4.668416053162549
jacquelinehe/tinycomma-1.8b-llama3-tokenizer,bookmia100.47.033,attack_train,ulysses,56,242,247.0567365437746,1.0208956055527876,3.0923495292663574,3.029055578696446,4.411727438281689
jacquelinehe/tinycomma-1.8b-llama3-tokenizer,bookmia100.47.034,attack_train,ulysses,88,248,256.6169559775153,1.0347457902319166,3.7634359995524087,3.6370633590197197,2.916101772471765
jacquelinehe/tinycomma-1.8b-llama3-tokenizer,bookmia100.47.035,attack_train,ulysses,56,247,222.9082561833784,0.9024625756412081,2.0169874827067056,2.2349818564760064,3.9805045747031857
jacquelinehe/tinycomma-1.8b-llama3-tokenizer,bookmia100.47.036,attack_train,ulysses,63,249,200.21196191431955,0.8040641040735724,4.448878288269043,5.532989553606496,3.1779676494336435
jacquelinehe/tinycomma-1.8b-llama3-tokenizer,bookmia100.47.037,attack_train,ulysses,58,243,193.39809399482328,0.7958769300198489,4.188302993774414,5.262500816137439,3.3344498964624703
jacquelinehe/tinycomma-1.8b-llama3-tokenizer,bookmia100.47.038,attack_train,ulysses,63,249,275.97551629994996,1.1083354068271083,8.224824905395508,7.420880768341742,4.380563750792857
jacquelinehe/tinycomma-1.8b-llama3-tokenizer,bookmia100.47.039,attack_train,ulysses,57,247,256.3583015501499,1.0378878605269228,11.703291893005371,11.276065881591249,4.497514062283332
jacquelinehe/tinycomma-1.8b-llama3-tokenizer,bookmia100.47.040,attack_train,ulysses,90,246,263.3020306503604,1.0703334579282944,13.46213436126709,12.577514289167413,2.9255781183373375
jacquelinehe/tinycomma-1.8b-llama3-tokenizer,bookmia100.47.041,attack_train,ulysses,56,246,217.2557535134256,0.8831534695667707,3.3441590070724487,3.786611412751308,3.8795670270254567
jacquelinehe/tinycomma-1.8b-llama3-tokenizer,bookmia100.47.042,attack_train,ulysses,58,244,262.93134981021285,1.0775874992221839,4.305662155151367,3.9956496880849564,4.533299134658842
jacquelinehe/tinycomma-1.8b-llama3-tokenizer,bookmia100.47.043,attack_train,ulysses,67,248,319.4448304474354,1.2880839937396589,3.9591191609700522,3.0736498397714347,4.76783329026023
jacquelinehe/tinycomma-1.8b-llama3-tokenizer,bookmia100.47.044,attack_train,ulysses,58,247,243.0920132973988,0.9841781914874446,4.385598182678223,4.456101771621274,4.191241608575842
jacquelinehe/tinycomma-1.8b-llama3-tokenizer,bookmia100.47.045,attack_train,ulysses,63,248,265.72352052666247,1.071465808575252,2.882396125793457,2.690142889044899,4.2178336591533725
jacquelinehe/tinycomma-1.8b-llama3-tokenizer,bookmia100.47.046,attack_train,ulysses,78,249,385.06806516461074,1.5464580930305651,6.641006946563721,4.294333597847106,4.936770066212958
jacquelinehe/tinycomma-1.8b-llama3-tokenizer,bookmia100.47.047,attack_train,ulysses,58,238,245.6592588033527,1.0321817596779526,2.418066842215402,2.34267542469444,4.235504462126771
jacquelinehe/tinycomma-1.8b-llama3-tokenizer,bookmia100.47.048,attack_train,ulysses,61,243,255.5242673595494,1.0515401948952652,4.185690879821777,3.980533411981154,4.188922415730318
jacquelinehe/tinycomma-1.8b-llama3-tokenizer,bookmia100.47.049,attack_train,ulysses,54,243,210.58758095093071,0.8666155594688507,2.156270299639021,2.4881509177617356,3.899770017609828
jacquelinehe/tinycomma-1.8b-llama3-tokenizer,bookmia100.47.050,attack_train,ulysses,81,244,402.69366723299026,1.650383882102419,5.388503392537435,3.2650000105872556,4.971526755962842
jacquelinehe/tinycomma-1.8b-llama3-tokenizer,bookmia100.47.051,attack_train,ulysses,51,246,165.3154908491415,0.6720141904436646,8.544347763061523,12.714534729423695,3.2414802127282645
jacquelinehe/tinycomma-1.8b-llama3-tokenizer,bookmia100.47.052,attack_train,ulysses,55,242,241.12276462838054,0.9963750604478535,6.502592086791992,6.526249346174109,4.384050265970555
jacquelinehe/tinycomma-1.8b-llama3-tokenizer,bookmia100.47.053,attack_train,ulysses,78,242,354.2238734662533,1.4637350143233607,5.234318256378174,3.57600126058188,4.541331711105811
jacquelinehe/tinycomma-1.8b-llama3-tokenizer,bookmia100.47.054,attack_train,ulysses,51,245,188.74045037478209,0.7703691852031922,6.406373977661133,8.315979014621918,3.7007931446035705
jacquelinehe/tinycomma-1.8b-llama3-tokenizer,bookmia100.47.055,attack_train,ulysses,60,245,200.46465311054635,0.8182230739205973,2.183262825012207,2.6682977962854135,3.341077551842439
jacquelinehe/tinycomma-1.8b-llama3-tokenizer,bookmia100.47.056,attack_train,ulysses,76,243,321.7630500430241,1.3241277779548317,7.118826389312744,5.376238236092332,4.23372434267137
jacquelinehe/tinycomma-1.8b-llama3-tokenizer,bookmia100.47.057,attack_train,ulysses,54,245,223.6831531720236,0.9129924619266269,3.8619632720947266,4.2300056497126866,4.142280614296733
jacquelinehe/tinycomma-1.8b-llama3-tokenizer,bookmia100.47.058,attack_train,ulysses,89,239,347.65872094780207,1.4546389997815985,1.7757597240534695,1.220756300580477,3.90627776345845
jacquelinehe/tinycomma-1.8b-llama3-tokenizer,bookmia100.47.059,attack_train,ulysses,60,243,237.237503727898,0.9762860235715967,7.380664348602295,7.559940601834324,3.9539583954649666
jacquelinehe/tinycomma-1.8b-llama3-tokenizer,bookmia100.47.060,attack_train,ulysses,64,246,243.39330074144527,0.9894036615505906,6.171645482381185,6.2377427153534075,3.8030203240850824
jacquelinehe/tinycomma-1.8b-llama3-tokenizer,bookmia100.47.061,attack_train,ulysses,60,247,243.28577256016433,0.9849626419439852,10.090624809265137,10.24467769594757,4.054762876002739
jacquelinehe/tinycomma-1.8b-llama3-tokenizer,bookmia100.47.062,attack_train,ulysses,68,246,197.56147585492,0.8030954303045528,6.784291744232178,8.447678181482633,2.9053158213958823
jacquelinehe/tinycomma-1.8b-llama3-tokenizer,bookmia100.47.063,attack_train,ulysses,55,247,196.27395080029964,0.7946313797582981,2.071551704406738,2.606934180017959,3.568617287278175
jacquelinehe/tinycomma-1.8b-llama3-tokenizer,bookmia100.47.064,attack_train,ulysses,66,248,198.01841945853084,0.7984613687843986,5.618905385335286,7.037166236219638,3.000279082705013
jacquelinehe/tinycomma-1.8b-llama3-tokenizer,bookmia100.47.065,attack_train,ulysses,60,246,258.61709882318974,1.0512890196064624,3.396670341491699,3.230957689221564,4.310284980386496
jacquelinehe/tinycomma-1.8b-llama3-tokenizer,bookmia100.47.066,attack_train,ulysses,68,248,344.93557649850845,1.3908692600746309,3.866403579711914,2.7798468847492193,5.072582007331007
jacquelinehe/tinycomma-1.8b-llama3-tokenizer,bookmia100.47.067,attack_train,ulysses,62,247,274.7071598023176,1.1121747360417717,1.6975520451863606,1.526335736799728,4.4307606419728645
jacquelinehe/tinycomma-1.8b-llama3-tokenizer,bookmia100.47.068,attack_train,ulysses,55,244,237.7861936558038,0.9745335805565729,2.1839887619018556,2.2410605498627785,4.323385339196433
jacquelinehe/tinycomma-1.8b-llama3-tokenizer,bookmia100.47.069,attack_train,ulysses,81,247,361.4999607503414,1.463562594130937,4.807605107625325,3.2848647040477825,4.462962478399277
jacquelinehe/tinycomma-1.8b-llama3-tokenizer,bookmia100.47.070,attack_train,ulysses,63,245,286.00241223722696,1.1673567846417428,3.4875690937042236,2.987577696543345,4.5397208291623325
jacquelinehe/tinycomma-1.8b-llama3-tokenizer,bookmia100.47.071,attack_train,ulysses,89,247,320.74308294901857,1.2985549916964314,5.544938564300537,4.270083746747323,3.6038548645957142
jacquelinehe/tinycomma-1.8b-llama3-tokenizer,bookmia100.47.072,attack_train,ulysses,67,249,292.0732546756044,1.172984958536564,1.5803929737636022,1.3473258648903115,4.3593023085911105
jacquelinehe/tinycomma-1.8b-llama3-tokenizer,bookmia100.47.073,attack_train,ulysses,50,245,191.15439546480775,0.7802220223053378,10.90832233428955,13.98104901225232,3.823087909296155
jacquelinehe/tinycomma-1.8b-llama3-tokenizer,bookmia100.47.074,attack_train,ulysses,59,245,303.22635756619275,1.2376586023109908,4.005843639373779,3.2366305473043666,5.1394297892575045
jacquelinehe/tinycomma-1.8b-llama3-tokenizer,bookmia100.47.075,attack_train,ulysses,72,249,226.30240234412486,0.9088449893338347,2.8447681427001954,3.130091683495283,3.1430889214461786
jacquelinehe/tinycomma-1.8b-llama3-tokenizer,bookmia100.47.076,attack_train,ulysses,68,248,301.8052682771813,1.2169567269241182,17.07428741455078,14.030315981494573,4.438312768782078
jacquelinehe/tinycomma-1.8b-llama3-tokenizer,bookmia100.47.077,attack_train,ulysses,62,247,215.62585896253586,0.8729791860831412,2.245762062072754,2.5725264678405186,3.4778364348796105
jacquelinehe/tinycomma-1.8b-llama3-tokenizer,bookmia100.47.078,attack_train,ulysses,67,249,335.36007963865995,1.3468276290709236,4.811425844828288,3.5724139756082476,5.005374322965074
jacquelinehe/tinycomma-1.8b-llama3-tokenizer,bookmia100.47.079,attack_train,ulysses,55,239,206.67995471559698,0.8647696850024978,14.579331398010254,16.859207313642294,3.7578173584653998
jacquelinehe/tinycomma-1.8b-llama3-tokenizer,bookmia100.47.080,attack_train,ulysses,60,247,255.01952070742846,1.032467695171775,4.417706489562988,4.278784227556873,4.250325345123808
jacquelinehe/tinycomma-1.8b-llama3-tokenizer,bookmia100.47.081,attack_train,ulysses,48,241,182.72991417901358,0.7582154115311767,1.6436022845181553,2.1677247118981473,3.806873212062783
jacquelinehe/tinycomma-1.8b-llama3-tokenizer,bookmia100.47.082,attack_train,ulysses,50,243,236.8241911046207,0.974585148578686,2.125751495361328,2.181186013824937,4.7364838220924135
jacquelinehe/tinycomma-1.8b-llama3-tokenizer,bookmia100.47.083,attack_train,ulysses,95,240,452.3571020178497,1.884821258407707,11.801048278808594,6.261096762447434,4.7616537054510495
jacquelinehe/tinycomma-1.8b-llama3-tokenizer,bookmia100.47.084,attack_train,ulysses,55,249,240.8804754121229,0.9673914675185659,5.476097106933594,5.660683695071456,4.379645007493144
jacquelinehe/tinycomma-1.8b-llama3-tokenizer,bookmia100.47.085,attack_train,ulysses,70,247,310.4667625799775,1.2569504557893827,4.046273517608642,3.2191193367820734,4.43523946542825
jacquelinehe/tinycomma-1.8b-llama3-tokenizer,bookmia100.47.086,attack_train,ulysses,55,243,242.78810080885887,0.999127986867732,2.861379861831665,2.863877200359582,4.414329105615616
jacquelinehe/tinycomma-1.8b-llama3-tokenizer,bookmia100.47.087,attack_train,ulysses,69,248,337.1154830857413,1.359336625345731,4.044379870096843,2.9752599868838248,4.885731638923787
jacquelinehe/tinycomma-1.8b-llama3-tokenizer,bookmia100.47.088,attack_train,ulysses,57,249,161.32814767956734,0.6479042075484632,5.6501007080078125,8.72058036077067,2.8303183803432868
jacquelinehe/tinycomma-1.8b-llama3-tokenizer,bookmia100.47.089,attack_train,ulysses,66,246,202.17785198352067,0.8218611869248807,18.770212173461914,22.838664816005647,3.063300787629101
jacquelinehe/tinycomma-1.8b-llama3-tokenizer,bookmia100.47.090,attack_train,ulysses,87,248,249.38462350371992,1.0055831592891933,8.288739204406738,8.24271879241267,2.866489925330114
jacquelinehe/tinycomma-1.8b-llama3-tokenizer,bookmia100.47.091,attack_train,ulysses,56,245,225.84898432996124,0.9218325891018826,6.374980926513672,6.915551697651142,4.033017577320736
jacquelinehe/tinycomma-1.8b-llama3-tokenizer,bookmia100.47.092,attack_train,ulysses,68,246,280.1470122478786,1.1388089928775553,9.941629409790039,8.729848000821821,4.1198090036452735
jacquelinehe/tinycomma-1.8b-llama3-tokenizer,bookmia100.47.093,attack_train,ulysses,64,245,289.56460857670754,1.1818963615375817,7.689294815063477,6.505896003487251,4.524447009011055
jacquelinehe/tinycomma-1.8b-llama3-tokenizer,bookmia100.47.094,attack_train,ulysses,53,247,220.68644258379936,0.8934673788817787,4.9496941566467285,5.539871151022358,4.163895143090554
jacquelinehe/tinycomma-1.8b-llama3-tokenizer,bookmia100.47.095,attack_train,ulysses,54,242,225.28918285443797,0.9309470365885867,3.2959954738616943,3.5404758212021608,4.172021904711814
jacquelinehe/tinycomma-1.8b-llama3-tokenizer,bookmia100.47.096,attack_train,ulysses,54,247,263.8964591920376,1.0684067173766705,2.7295284271240234,2.554765318048556,4.886971466519214
jacquelinehe/tinycomma-1.8b-llama3-tokenizer,bookmia100.47.097,attack_train,ulysses,64,246,310.8780537149869,1.2637319256706785,4.194086074829102,3.318809938748083,4.85746958929667
jacquelinehe/tinycomma-1.8b-llama3-tokenizer,bookmia100.47.098,attack_train,ulysses,62,249,264.6276488965377,1.0627616421547699,6.206651210784912,5.840115943779083,4.268187885428028
jacquelinehe/tinycomma-1.8b-llama3-tokenizer,bookmia100.47.099,attack_train,ulysses,60,249,290.07561059715226,1.1649622915548283,2.58651488167899,2.2202563125256805,4.834593509952538
jacquelinehe/tinycomma-1.8b-llama3-tokenizer,bookmia100.48.000,attack_train,wuthering heights,53,247,189.64005469414406,0.7677735007860084,11.884459495544434,15.479121750591437,3.578114239512152
jacquelinehe/tinycomma-1.8b-llama3-tokenizer,bookmia100.48.001,attack_train,wuthering heights,55,244,149.98698941618204,0.6147007762958281,3.5434539318084717,5.764518394073355,2.7270361712033098
jacquelinehe/tinycomma-1.8b-llama3-tokenizer,bookmia100.48.002,attack_train,wuthering heights,52,249,183.72604676987976,0.7378556095175894,4.381175676981608,5.9377141278983085,3.5331932071130723
jacquelinehe/tinycomma-1.8b-llama3-tokenizer,bookmia100.48.003,attack_train,wuthering heights,61,246,182.11866243183613,0.7403197659830737,1.9481334686279297,2.6314756921841673,2.9855518431448544
jacquelinehe/tinycomma-1.8b-llama3-tokenizer,bookmia100.48.004,attack_train,wuthering heights,61,244,189.27987693127943,0.7757372005380304,3.3605812072753904,4.332112995154263,3.1029488021521217
jacquelinehe/tinycomma-1.8b-llama3-tokenizer,bookmia100.48.005,attack_train,wuthering heights,60,247,169.34201030794065,0.6855951834329581,2.1529359817504883,3.1402437382511397,2.8223668384656775
jacquelinehe/tinycomma-1.8b-llama3-tokenizer,bookmia100.48.006,attack_train,wuthering heights,62,245,198.40475162526127,0.8098153127561685,19.106672286987305,23.59386391689562,3.200076639117117
jacquelinehe/tinycomma-1.8b-llama3-tokenizer,bookmia100.48.007,attack_train,wuthering heights,55,248,177.73757775500417,0.7166837812701781,7.436036586761475,10.375617226306689,3.2315923228182575
jacquelinehe/tinycomma-1.8b-llama3-tokenizer,bookmia100.48.008,attack_train,wuthering heights,66,246,221.6152450349182,0.9008749798167406,13.396720886230469,14.870788052028796,3.357806742953306
jacquelinehe/tinycomma-1.8b-llama3-tokenizer,bookmia100.48.009,attack_train,wuthering heights,54,249,189.86839301884174,0.7625236667423363,2.413656711578369,3.1653531776790946,3.5160813522007732
jacquelinehe/tinycomma-1.8b-llama3-tokenizer,bookmia100.48.010,attack_train,wuthering heights,70,249,188.40397565066814,0.7566424724926432,13.883403778076172,18.348697413640313,2.6914853664381164
jacquelinehe/tinycomma-1.8b-llama3-tokenizer,bookmia100.48.011,attack_train,wuthering heights,55,247,170.0437673861161,0.6884363052069478,3.8865268230438232,5.64544140634116,3.091704861565747
jacquelinehe/tinycomma-1.8b-llama3-tokenizer,bookmia100.48.012,attack_train,wuthering heights,59,240,194.74625916033983,0.811442746501416,9.057440757751465,11.162143967400242,3.300784053565082
jacquelinehe/tinycomma-1.8b-llama3-tokenizer,bookmia100.48.013,attack_train,wuthering heights,57,248,209.7675748434849,0.8458369953366327,5.175504048665364,6.118796029494521,3.6801328919909633
jacquelinehe/tinycomma-1.8b-llama3-tokenizer,bookmia100.48.014,attack_train,wuthering heights,57,245,177.2123057898134,0.723315533835973,2.305967330932617,3.1880517188720345,3.1089878208739194
jacquelinehe/tinycomma-1.8b-llama3-tokenizer,bookmia100.48.015,attack_train,wuthering heights,69,243,189.75679557025433,0.7808921628405527,3.33870538075765,4.275501201872565,2.750098486525425
jacquelinehe/tinycomma-1.8b-llama3-tokenizer,bookmia100.48.016,attack_train,wuthering heights,54,246,174.55760927509982,0.7095837775410562,3.4192965030670166,4.818735449274244,3.232548319909256
jacquelinehe/tinycomma-1.8b-llama3-tokenizer,bookmia100.48.017,attack_train,wuthering heights,56,249,180.22887609060854,0.7238107473518415,2.3076536655426025,3.188200332732641,3.2183727873322954
jacquelinehe/tinycomma-1.8b-llama3-tokenizer,bookmia100.48.018,attack_train,wuthering heights,56,248,172.57288575172424,0.6958584102892107,12.064621925354004,17.33775398408958,3.081658674137933
jacquelinehe/tinycomma-1.8b-llama3-tokenizer,bookmia100.48.019,attack_train,wuthering heights,60,249,260.38582151557785,1.045726190825614,3.0108375549316406,2.8791834625032644,4.339763691926297
jacquelinehe/tinycomma-1.8b-llama3-tokenizer,bookmia100.48.020,attack_train,wuthering heights,61,245,179.63954854058102,0.7332226471044123,3.5491813023885093,4.840523293169775,2.9449106318128035
jacquelinehe/tinycomma-1.8b-llama3-tokenizer,bookmia100.48.021,attack_train,wuthering heights,56,249,172.88068689778447,0.6942999473806605,4.142357190450032,5.966235783363702,3.0871551231747225
jacquelinehe/tinycomma-1.8b-llama3-tokenizer,bookmia100.48.022,attack_train,wuthering heights,57,247,204.97697786521167,0.8298663071466059,3.0538087844848634,3.6798804315661546,3.5960873309686257
jacquelinehe/tinycomma-1.8b-llama3-tokenizer,bookmia100.48.023,attack_train,wuthering heights,57,249,218.94724841043353,0.8793062185157973,3.576698064804077,4.0676364951009605,3.8411797966742727
jacquelinehe/tinycomma-1.8b-llama3-tokenizer,bookmia100.48.024,attack_train,wuthering heights,49,241,162.0618831613101,0.6724559467274278,3.2504587173461914,4.833712502900546,3.3073853706389817
jacquelinehe/tinycomma-1.8b-llama3-tokenizer,bookmia100.48.025,attack_train,wuthering heights,57,248,228.00878553488292,0.9193902642535602,3.6252689361572266,3.9431230426401465,4.000154132190929
jacquelinehe/tinycomma-1.8b-llama3-tokenizer,bookmia100.48.026,attack_train,wuthering heights,68,248,177.3081177158747,0.7149520875640109,5.878861427307129,8.222734823165034,2.6074723193510985
jacquelinehe/tinycomma-1.8b-llama3-tokenizer,bookmia100.48.027,attack_train,wuthering heights,60,248,212.52428850112483,0.8569527762142131,3.547642469406128,4.13983426843969,3.542071475018747
jacquelinehe/tinycomma-1.8b-llama3-tokenizer,bookmia100.48.028,attack_train,wuthering heights,58,245,177.12636280665174,0.7229647461495989,12.878632545471191,17.813638374569223,3.053902807011237
jacquelinehe/tinycomma-1.8b-llama3-tokenizer,bookmia100.48.029,attack_train,wuthering heights,52,245,192.87325998814777,0.7872377958699909,5.841762065887451,7.4205812989855415,3.709101153618226
jacquelinehe/tinycomma-1.8b-llama3-tokenizer,bookmia100.48.030,attack_train,wuthering heights,60,237,192.69342315383255,0.8130524183706015,3.868229866027832,4.757663563414474,3.211557052563876
jacquelinehe/tinycomma-1.8b-llama3-tokenizer,bookmia100.48.031,attack_train,wuthering heights,63,245,196.1168162864633,0.8004768011692379,4.899265607198079,6.120434221256425,3.11296533788037
jacquelinehe/tinycomma-1.8b-llama3-tokenizer,bookmia100.48.032,attack_train,wuthering heights,58,245,186.63862895022612,0.7617903222458209,4.080900510152181,5.356986549949005,3.2179073956935538
jacquelinehe/tinycomma-1.8b-llama3-tokenizer,bookmia100.48.033,attack_train,wuthering heights,58,249,171.02056741644628,0.6868295880178565,4.462765057881673,6.497630759852541,2.94863047269735
jacquelinehe/tinycomma-1.8b-llama3-tokenizer,bookmia100.48.034,attack_train,wuthering heights,59,245,165.7381917089224,0.6764824151384587,6.8527679443359375,10.130001594990981,2.809121893371566
jacquelinehe/tinycomma-1.8b-llama3-tokenizer,bookmia100.48.035,attack_train,wuthering heights,57,248,187.9131120457314,0.7577141614747234,2.381179537091936,3.1425828606099904,3.2967212639601997
jacquelinehe/tinycomma-1.8b-llama3-tokenizer,bookmia100.48.036,attack_train,wuthering heights,58,247,169.04510700888932,0.684393145784977,3.029319190979004,4.42628511059162,2.9145708104980916
jacquelinehe/tinycomma-1.8b-llama3-tokenizer,bookmia100.48.037,attack_train,wuthering heights,57,247,195.25728711485863,0.7905153324488203,3.825089454650879,4.8387289880914786,3.4255664406115547
jacquelinehe/tinycomma-1.8b-llama3-tokenizer,bookmia100.48.038,attack_train,wuthering heights,56,246,198.6067882613279,0.8073446677289752,2.7751981735229494,3.437439156351226,3.546549790380855
jacquelinehe/tinycomma-1.8b-llama3-tokenizer,bookmia100.48.039,attack_train,wuthering heights,57,247,198.21766501292586,0.8025006680685257,3.2434127807617186,4.041632499282558,3.4775028949636115
jacquelinehe/tinycomma-1.8b-llama3-tokenizer,bookmia100.48.040,attack_train,wuthering heights,56,247,178.26388559001498,0.7217161359919635,4.793352762858073,6.641603982249675,3.1832836712502677
jacquelinehe/tinycomma-1.8b-llama3-tokenizer,bookmia100.48.041,attack_train,wuthering heights,58,249,189.76686366833746,0.7621159183467368,6.582822799682617,8.637561086458842,3.271842477040301
jacquelinehe/tinycomma-1.8b-llama3-tokenizer,bookmia100.48.042,attack_train,wuthering heights,65,248,202.27120636263862,0.8156097030751558,4.968111673990886,6.091285642212487,3.1118647132713635
jacquelinehe/tinycomma-1.8b-llama3-tokenizer,bookmia100.48.043,attack_train,wuthering heights,65,249,218.9126305351965,0.8791671909044037,5.165841738382976,5.875835440434087,3.367886623618408
jacquelinehe/tinycomma-1.8b-llama3-tokenizer,bookmia100.48.044,attack_train,wuthering heights,63,248,221.05527614802122,0.8913519199516985,3.9013036092122397,4.376838734384111,3.508813907111448
jacquelinehe/tinycomma-1.8b-llama3-tokenizer,bookmia100.48.045,attack_train,wuthering heights,61,249,204.6113365632482,0.8217322753544104,3.086201477050781,3.755726250036501,3.3542842059548885
jacquelinehe/tinycomma-1.8b-llama3-tokenizer,bookmia100.48.046,attack_train,wuthering heights,63,248,209.39157386682928,0.844320862366247,7.128489017486572,8.442867321208507,3.3236757756639568
jacquelinehe/tinycomma-1.8b-llama3-tokenizer,bookmia100.48.047,attack_train,wuthering heights,59,248,182.7377165965736,0.7368456314377967,3.597886562347412,4.882822682041157,3.0972494338402305
jacquelinehe/tinycomma-1.8b-llama3-tokenizer,bookmia100.48.048,attack_train,wuthering heights,56,247,158.61157553782687,0.6421521276835096,7.171397686004639,11.167755079897713,2.83234956317548
jacquelinehe/tinycomma-1.8b-llama3-tokenizer,bookmia100.48.049,attack_train,wuthering heights,60,247,222.3326581486035,0.9001322192251154,3.0721613566080728,3.4130112121225507,3.705544302476725
jacquelinehe/tinycomma-1.8b-llama3-tokenizer,bookmia100.48.050,attack_train,wuthering heights,49,249,164.0228471495211,0.6587262937731772,1.8197879791259766,2.762585912127859,3.3474050438677776
jacquelinehe/tinycomma-1.8b-llama3-tokenizer,bookmia100.48.051,attack_train,wuthering heights,69,249,232.80852562142536,0.9349739984796199,5.797201633453369,6.200388078043149,3.3740366032090634
jacquelinehe/tinycomma-1.8b-llama3-tokenizer,bookmia100.48.052,attack_train,wuthering heights,53,247,222.09226336237043,0.8991589609812568,4.871054013570149,5.417344679804273,4.190420063440952
jacquelinehe/tinycomma-1.8b-llama3-tokenizer,bookmia100.48.053,attack_train,wuthering heights,56,248,174.62607437896077,0.7041373966893579,3.9422308603922525,5.598667076805515,3.1183227567671565
jacquelinehe/tinycomma-1.8b-llama3-tokenizer,bookmia100.48.054,attack_train,wuthering heights,53,249,176.01230138912797,0.7068767124061365,3.6746044158935547,5.198366775141841,3.3209868186627918
jacquelinehe/tinycomma-1.8b-llama3-tokenizer,bookmia100.48.055,attack_train,wuthering heights,55,247,168.32217554189265,0.6814662977404561,2.7576449712117515,4.046634412230362,3.0604031916707752
jacquelinehe/tinycomma-1.8b-llama3-tokenizer,bookmia100.48.056,attack_train,wuthering heights,59,242,186.70824115909636,0.7715216576822164,11.86180591583252,15.374559868438979,3.1645464603236673
jacquelinehe/tinycomma-1.8b-llama3-tokenizer,bookmia100.48.057,attack_train,wuthering heights,54,247,216.67948877390882,0.8772448938214932,8.725457191467285,9.946432578771773,4.012583125442756
jacquelinehe/tinycomma-1.8b-llama3-tokenizer,bookmia100.48.058,attack_train,wuthering heights,55,246,182.06367646250874,0.7400962457825558,2.402408872331892,3.246076285377797,3.3102486629547045
jacquelinehe/tinycomma-1.8b-llama3-tokenizer,bookmia100.48.059,attack_train,wuthering heights,56,249,181.1837118132098,0.7276454289687141,3.068525505065918,4.217061473766027,3.2354234252358895
jacquelinehe/tinycomma-1.8b-llama3-tokenizer,bookmia100.48.060,attack_train,wuthering heights,55,243,170.7425663676113,0.7026443060395526,6.6490888595581055,9.462951314635461,3.1044102975929326
jacquelinehe/tinycomma-1.8b-llama3-tokenizer,bookmia100.48.061,attack_train,wuthering heights,65,247,177.5750653494979,0.7189273900789388,4.65851624806722,6.4798146688439715,2.7319240822999675
jacquelinehe/tinycomma-1.8b-llama3-tokenizer,bookmia100.48.062,attack_train,wuthering heights,61,248,192.79432598361745,0.777396475740393,6.540342330932617,8.413136070244711,3.160562721042909
jacquelinehe/tinycomma-1.8b-llama3-tokenizer,bookmia100.48.063,attack_train,wuthering heights,65,249,206.1405977178365,0.8278738864170141,4.1707963943481445,5.037961050322638,3.1713938110436386
jacquelinehe/tinycomma-1.8b-llama3-tokenizer,bookmia100.48.064,attack_train,wuthering heights,59,249,153.26914970343933,0.6155387538290736,14.3106689453125,23.249013740061557,2.597782198363378
jacquelinehe/tinycomma-1.8b-llama3-tokenizer,bookmia100.48.065,attack_train,wuthering heights,64,246,230.51616644114256,0.9370575871591161,7.661811351776123,8.176457302911862,3.6018151006428525
jacquelinehe/tinycomma-1.8b-llama3-tokenizer,bookmia100.48.066,attack_train,wuthering heights,57,237,190.68304392602295,0.8045698055950335,4.73206901550293,5.8814896887700705,3.345316560105666
jacquelinehe/tinycomma-1.8b-llama3-tokenizer,bookmia100.48.067,attack_train,wuthering heights,74,243,315.55922435224056,1.2985976310791794,4.67585817972819,3.6006982207740448,4.264313842597845
jacquelinehe/tinycomma-1.8b-llama3-tokenizer,bookmia100.48.068,attack_train,wuthering heights,54,241,193.74294132739305,0.8039126196157388,4.940168062845866,6.145155508576555,3.587832246803575
jacquelinehe/tinycomma-1.8b-llama3-tokenizer,bookmia100.48.069,attack_train,wuthering heights,56,244,192.76657750830054,0.7900269570012317,8.613165855407715,10.902369569895937,3.442260312648224
jacquelinehe/tinycomma-1.8b-llama3-tokenizer,bookmia100.48.070,attack_train,wuthering heights,57,246,207.98841851390898,0.8454813760728007,2.2250501087733676,2.631696181302731,3.6489196230510346
jacquelinehe/tinycomma-1.8b-llama3-tokenizer,bookmia100.48.071,attack_train,wuthering heights,63,246,200.401930360822,0.8146419933366749,6.943636417388916,8.523543438938892,3.1809830216003494
jacquelinehe/tinycomma-1.8b-llama3-tokenizer,bookmia100.48.072,attack_train,wuthering heights,58,247,193.53602108359337,0.783546644063131,4.530956268310547,5.782624815818219,3.336827949717127
jacquelinehe/tinycomma-1.8b-llama3-tokenizer,bookmia100.48.073,attack_train,wuthering heights,55,245,182.2657904328662,0.7439420017668008,1.9980340685163225,2.6857390277348996,3.313923462415749
jacquelinehe/tinycomma-1.8b-llama3-tokenizer,bookmia100.48.074,attack_train,wuthering heights,60,248,215.0759565141052,0.867241760137521,6.264555931091309,7.2235404463202055,3.5845992752350866
jacquelinehe/tinycomma-1.8b-llama3-tokenizer,bookmia100.48.075,attack_train,wuthering heights,59,246,187.66895476542413,0.7628819299407485,2.422515296936035,3.175478670892345,3.18082974178685
jacquelinehe/tinycomma-1.8b-llama3-tokenizer,bookmia100.48.076,attack_train,wuthering heights,55,246,195.71616864507087,0.7955941814840279,3.6945159912109373,4.643719219162121,3.558475793546743
jacquelinehe/tinycomma-1.8b-llama3-tokenizer,bookmia100.48.077,attack_train,wuthering heights,55,248,211.90417049825191,0.854452300396177,4.189894994099935,4.903603152753219,3.8528030999682166
jacquelinehe/tinycomma-1.8b-llama3-tokenizer,bookmia100.48.078,attack_train,wuthering heights,68,246,216.32088148407638,0.8793531767645382,4.467207272847493,5.080105912943855,3.1811894335893585
jacquelinehe/tinycomma-1.8b-llama3-tokenizer,bookmia100.48.079,attack_train,wuthering heights,61,247,211.16406696662307,0.8549152508770165,2.9027185440063477,3.395329000188718,3.46170601584628
jacquelinehe/tinycomma-1.8b-llama3-tokenizer,bookmia100.48.080,attack_train,wuthering heights,67,241,185.95876444596797,0.771613130481195,4.178285598754883,5.415000644363338,2.775503946954746
jacquelinehe/tinycomma-1.8b-llama3-tokenizer,bookmia100.48.081,attack_train,wuthering heights,62,248,195.4196310006082,0.7879823830669686,14.515481948852539,18.42107420264357,3.151929532267874
jacquelinehe/tinycomma-1.8b-llama3-tokenizer,bookmia100.48.082,attack_train,wuthering heights,63,245,243.61307189799845,0.9943390689714222,8.841634750366211,8.891971588235284,3.8668741571110865
jacquelinehe/tinycomma-1.8b-llama3-tokenizer,bookmia100.48.083,attack_train,wuthering heights,56,243,205.9912350177765,0.8477005556287098,3.542837460835775,4.179350169480751,3.678414911031723
jacquelinehe/tinycomma-1.8b-llama3-tokenizer,bookmia100.48.084,attack_train,wuthering heights,59,248,172.8791037586052,0.6970931603169565,4.9732160568237305,7.134220130007434,2.9301543009933084
jacquelinehe/tinycomma-1.8b-llama3-tokenizer,bookmia100.48.085,attack_train,wuthering heights,66,242,169.93486356013454,0.702210180000556,3.847750663757324,5.479485734248794,2.5747706600020384
jacquelinehe/tinycomma-1.8b-llama3-tokenizer,bookmia100.48.086,attack_train,wuthering heights,53,245,180.00426522141788,0.7347112866180322,3.6122563680013022,4.916565777325906,3.396306890970149
jacquelinehe/tinycomma-1.8b-llama3-tokenizer,bookmia100.48.087,attack_train,wuthering heights,60,247,210.54566485062242,0.8524115985855159,1.9312443733215332,2.2656242319159228,3.5090944141770404
jacquelinehe/tinycomma-1.8b-llama3-tokenizer,bookmia100.48.088,attack_train,wuthering heights,64,247,188.00643253326416,0.7611596458836606,5.616469701131185,7.378832721236556,2.9376005083322525
jacquelinehe/tinycomma-1.8b-llama3-tokenizer,bookmia100.48.089,attack_train,wuthering heights,62,247,219.68947643134743,0.8894310786694228,5.712354024251302,6.422480798396328,3.543378652118507
jacquelinehe/tinycomma-1.8b-llama3-tokenizer,bookmia100.48.090,attack_train,wuthering heights,58,245,178.23899432457983,0.7275060992839993,4.158076922098796,5.715521734032351,3.07308610904448
jacquelinehe/tinycomma-1.8b-llama3-tokenizer,bookmia100.48.091,attack_train,wuthering heights,55,248,183.77667982541607,0.7410349992960326,5.897928873697917,7.959042257519313,3.3413941786439283
jacquelinehe/tinycomma-1.8b-llama3-tokenizer,bookmia100.48.092,attack_train,wuthering heights,58,245,153.50500310660573,0.6265510330881866,3.4240312576293945,5.464888056688376,2.6466379845966506
jacquelinehe/tinycomma-1.8b-llama3-tokenizer,bookmia100.48.093,attack_train,wuthering heights,58,247,192.5841387384571,0.7796928693864661,6.360166072845459,8.157271051933849,3.3204161851458123
jacquelinehe/tinycomma-1.8b-llama3-tokenizer,bookmia100.48.094,attack_train,wuthering heights,49,243,179.16421273350716,0.7373012869691653,2.3341800689697267,3.1658429331716933,3.656412504765452
jacquelinehe/tinycomma-1.8b-llama3-tokenizer,bookmia100.48.095,attack_train,wuthering heights,61,247,224.56710381619632,0.909178557960309,4.971729755401611,5.468375504318324,3.6814279314130545
jacquelinehe/tinycomma-1.8b-llama3-tokenizer,bookmia100.48.096,attack_train,wuthering heights,54,248,151.87509082676843,0.6123995597853565,3.890017032623291,6.352089857782924,2.812501681977193
jacquelinehe/tinycomma-1.8b-llama3-tokenizer,bookmia100.48.097,attack_train,wuthering heights,56,247,195.55723264347762,0.7917296868156989,1.1668813228607178,1.4738380312021162,3.4920934400621
jacquelinehe/tinycomma-1.8b-llama3-tokenizer,bookmia100.48.098,attack_train,wuthering heights,59,245,181.03970111906528,0.7389375555880215,14.814474105834961,20.04834372512858,3.068469510492632
jacquelinehe/tinycomma-1.8b-llama3-tokenizer,bookmia100.48.099,attack_train,wuthering heights,56,241,184.255148191005,0.7645441833651659,7.585294723510742,9.921329451652909,3.2902705034108033
jacquelinehe/tinycomma-1.8b-llama3-tokenizer,bookmia100.01.000,val,a game of thrones,61,248,168.41037881126977,0.6790741081099587,7.640689373016357,11.251628182794951,2.7608258821519636
jacquelinehe/tinycomma-1.8b-llama3-tokenizer,bookmia100.01.001,val,a game of thrones,58,248,183.5610401823651,0.7401654846063109,16.48232078552246,22.26842662663377,3.1648455203856054
jacquelinehe/tinycomma-1.8b-llama3-tokenizer,bookmia100.01.002,val,a game of thrones,65,249,263.95053138770163,1.0600422947297254,1.9746629397074382,1.8628152381513323,4.06077740596464
jacquelinehe/tinycomma-1.8b-llama3-tokenizer,bookmia100.01.003,val,a game of thrones,67,248,272.40761444717646,1.0984178001902276,13.959725379943848,12.708939510563518,4.065785290256365
jacquelinehe/tinycomma-1.8b-llama3-tokenizer,bookmia100.01.004,val,a game of thrones,64,248,203.51045571174473,0.8206066762570352,1.9895915985107422,2.4245374258782544,3.1798508704960113
jacquelinehe/tinycomma-1.8b-llama3-tokenizer,bookmia100.01.005,val,a game of thrones,62,245,274.64866042276844,1.1210149405010956,14.80263900756836,13.20467593496261,4.42981710359304
jacquelinehe/tinycomma-1.8b-llama3-tokenizer,bookmia100.01.006,val,a game of thrones,65,247,203.55339518981054,0.824102814533646,4.524054527282715,5.4896724625832585,3.1315906952278545
jacquelinehe/tinycomma-1.8b-llama3-tokenizer,bookmia100.01.007,val,a game of thrones,54,248,218.8003217726946,0.8822593619866718,4.877150217692058,5.528023195707088,4.051857810605456
jacquelinehe/tinycomma-1.8b-llama3-tokenizer,bookmia100.01.008,val,a game of thrones,58,244,169.40028596809134,0.6942634670823415,4.596810340881348,6.6211324069802355,2.920694585656747
jacquelinehe/tinycomma-1.8b-llama3-tokenizer,bookmia100.01.009,val,a game of thrones,61,243,167.92186475620838,0.6910364804782237,3.0642387866973877,4.434264866272787,2.7528174550198097
jacquelinehe/tinycomma-1.8b-llama3-tokenizer,bookmia100.01.010,val,a game of thrones,59,238,198.15356296254322,0.8325779956409379,2.939409637451172,3.530491621014252,3.358534965466834
jacquelinehe/tinycomma-1.8b-llama3-tokenizer,bookmia100.01.011,val,a game of thrones,68,248,219.91886355314637,0.8867696111013966,5.1611067454020185,5.820121349210147,3.2341009346050935
jacquelinehe/tinycomma-1.8b-llama3-tokenizer,bookmia100.01.012,val,a game of thrones,71,248,251.43413610284915,1.0138473229953595,4.641306400299072,4.577914539031944,3.5413258606035094
jacquelinehe/tinycomma-1.8b-llama3-tokenizer,bookmia100.01.013,val,a game of thrones,68,248,223.53936960035935,0.9013684258079006,1.1844312879774306,1.3140368067761188,3.2873436705935197
jacquelinehe/tinycomma-1.8b-llama3-tokenizer,bookmia100.01.014,val,a game of thrones,62,249,184.75346197374165,0.7419817749949464,2.829648017883301,3.813635473597142,2.9798945479635752
jacquelinehe/tinycomma-1.8b-llama3-tokenizer,bookmia100.01.015,val,a game of thrones,62,248,238.96595639141742,0.9635724048041026,2.0085247584751675,2.084456495911698,3.8542896192164102
jacquelinehe/tinycomma-1.8b-llama3-tokenizer,bookmia100.01.016,val,a game of thrones,58,246,188.6105098077678,0.7667093894624708,10.604215621948242,13.830814866350742,3.251905341513238
jacquelinehe/tinycomma-1.8b-llama3-tokenizer,bookmia100.01.017,val,a game of thrones,58,247,189.4248808324337,0.7669023515483145,1.6542435559359463,2.1570458776090082,3.265946221248857
jacquelinehe/tinycomma-1.8b-llama3-tokenizer,bookmia100.01.018,val,a game of thrones,71,248,192.11890615371522,0.7746730086843355,6.610413551330566,8.533166222684523,2.7059000866720453
jacquelinehe/tinycomma-1.8b-llama3-tokenizer,bookmia100.01.019,val,a game of thrones,59,243,177.28348574228585,0.729561669721341,3.397091293334961,4.6563456309766025,3.0048048430895906
jacquelinehe/tinycomma-1.8b-llama3-tokenizer,bookmia100.01.020,val,a game of thrones,58,242,184.0266032293439,0.7604405092121649,2.255206298828125,2.965657762189148,3.1728724694714465
jacquelinehe/tinycomma-1.8b-llama3-tokenizer,bookmia100.01.021,val,a game of thrones,63,246,199.41015785187483,0.8106103977718488,15.1166353225708,18.648459684359327,3.16524060082341
jacquelinehe/tinycomma-1.8b-llama3-tokenizer,bookmia100.01.022,val,a game of thrones,64,247,213.1791069522733,0.8630733074990822,4.560277620951335,5.2837662587035625,3.33092354612927
jacquelinehe/tinycomma-1.8b-llama3-tokenizer,bookmia100.01.023,val,a game of thrones,53,243,225.48144993185997,0.9279072013656788,5.560113271077474,5.992100570934452,4.254366979846415
jacquelinehe/tinycomma-1.8b-llama3-tokenizer,bookmia100.01.024,val,a game of thrones,65,248,201.633591765014,0.8130386764718306,4.567015647888184,5.617218196441381,3.102055257923292
jacquelinehe/tinycomma-1.8b-llama3-tokenizer,bookmia100.01.025,val,a game of thrones,61,243,201.99898030608892,0.8312715238933701,3.555489730834961,4.27717012869917,3.3114586935424413
jacquelinehe/tinycomma-1.8b-llama3-tokenizer,bookmia100.01.026,val,a game of thrones,66,245,193.91233079542872,0.7914789012058315,3.743384838104248,4.729607867501127,2.938065618112556
jacquelinehe/tinycomma-1.8b-llama3-tokenizer,bookmia100.01.027,val,a game of thrones,68,245,211.91598252853146,0.8649631939940059,13.613372802734375,15.738672925346133,3.1164115077725216
jacquelinehe/tinycomma-1.8b-llama3-tokenizer,bookmia100.01.028,val,a game of thrones,60,249,177.41527511179447,0.7125111450272871,2.847187042236328,3.995989483262454,2.9569212518632413
jacquelinehe/tinycomma-1.8b-llama3-tokenizer,bookmia100.01.029,val,a game of thrones,56,248,200.70963659137487,0.8093130507716729,2.2634395599365233,2.796741703075656,3.5841006534174085
jacquelinehe/tinycomma-1.8b-llama3-tokenizer,bookmia100.01.030,val,a game of thrones,59,247,156.1404067762196,0.6321473958551401,2.7222274780273437,4.306317633951238,2.6464475724782983
jacquelinehe/tinycomma-1.8b-llama3-tokenizer,bookmia100.01.031,val,a game of thrones,58,243,184.67675649374723,0.759986652237643,5.202503840128581,6.845520016451278,3.1840820085128834
jacquelinehe/tinycomma-1.8b-llama3-tokenizer,bookmia100.01.032,val,a game of thrones,62,246,214.55923089932185,0.8721919955256986,6.7094950675964355,7.6926813156000176,3.460632756440675
jacquelinehe/tinycomma-1.8b-llama3-tokenizer,bookmia100.01.033,val,a game of thrones,54,244,177.82867050095228,0.7288060266432471,2.468092346191406,3.386487290121635,3.2931235277954127
jacquelinehe/tinycomma-1.8b-llama3-tokenizer,bookmia100.01.034,val,a game of thrones,57,245,188.77479783212766,0.7705093789066435,3.977036794026693,5.161568311692879,3.31183855845838
jacquelinehe/tinycomma-1.8b-llama3-tokenizer,bookmia100.01.035,val,a game of thrones,60,249,231.11455663852394,0.9281709101948753,4.952685674031575,5.335963042616503,3.8519092773087324
jacquelinehe/tinycomma-1.8b-llama3-tokenizer,bookmia100.01.036,val,a game of thrones,55,245,229.62502090726048,0.9372449832949408,3.4244585037231445,3.6537496223071324,4.175000380132008
jacquelinehe/tinycomma-1.8b-llama3-tokenizer,bookmia100.01.037,val,a game of thrones,63,248,173.0117684169236,0.697628098455337,4.6185868581136065,6.6204140405753655,2.7462185463003745
jacquelinehe/tinycomma-1.8b-llama3-tokenizer,bookmia100.01.038,val,a game of thrones,57,244,208.46907858829945,0.854381469624178,4.453236897786458,5.212234881153649,3.657352255935078
jacquelinehe/tinycomma-1.8b-llama3-tokenizer,bookmia100.01.039,val,a game of thrones,68,246,214.40104633197188,0.871548968829154,5.449035008748372,6.2521271938037515,3.152956563705469
jacquelinehe/tinycomma-1.8b-llama3-tokenizer,bookmia100.01.040,val,a game of thrones,63,244,210.2481316092526,0.8616726705297237,5.928548812866211,6.880279502449072,3.337271930305597
jacquelinehe/tinycomma-1.8b-llama3-tokenizer,bookmia100.01.041,val,a game of thrones,61,240,194.8563397799153,0.811901415749647,3.901000499725342,4.804771150846509,3.1943662259002505
jacquelinehe/tinycomma-1.8b-llama3-tokenizer,bookmia100.01.042,val,a game of thrones,57,247,199.77739262813702,0.8088153547697855,10.624957084655762,13.136443345193367,3.504866537335737
jacquelinehe/tinycomma-1.8b-llama3-tokenizer,bookmia100.01.043,val,a game of thrones,64,244,202.68121180171147,0.8306607041053748,6.375192642211914,7.674845590628997,3.1668939344017417
jacquelinehe/tinycomma-1.8b-llama3-tokenizer,bookmia100.01.044,val,a game of thrones,60,244,205.20432669084403,0.8410013388969018,1.5719810485839845,1.869177819200468,3.420072111514067
jacquelinehe/tinycomma-1.8b-llama3-tokenizer,bookmia100.01.045,val,a game of thrones,56,247,209.69598185131326,0.8489715864425638,4.4460703531901045,5.237007249936861,3.744571104487737
jacquelinehe/tinycomma-1.8b-llama3-tokenizer,bookmia100.01.046,val,a game of thrones,62,243,222.28234801767394,0.9147421729122385,6.254954655965169,6.837942800922198,3.585199161575386
jacquelinehe/tinycomma-1.8b-llama3-tokenizer,bookmia100.01.047,val,a game of thrones,63,244,189.72165137995034,0.7775477515571736,2.474741554260254,3.1827518622543205,3.0114547838087358
jacquelinehe/tinycomma-1.8b-llama3-tokenizer,bookmia100.01.048,val,a game of thrones,56,246,198.14071761001833,0.8054500715854404,3.3989789485931396,4.219974730280453,3.5382271001788985
jacquelinehe/tinycomma-1.8b-llama3-tokenizer,bookmia100.01.049,val,a game of thrones,62,249,205.98044798104092,0.8272307147832969,3.3325247764587402,4.028531239113547,3.322265290016789
jacquelinehe/tinycomma-1.8b-llama3-tokenizer,bookmia100.01.050,val,a game of thrones,56,244,162.78606967651285,0.6671560232643969,16.741695404052734,25.09412314399195,2.906894101366301
jacquelinehe/tinycomma-1.8b-llama3-tokenizer,bookmia100.01.051,val,a game of thrones,63,248,210.65102464705706,0.8493992929316817,13.54483413696289,15.946368509694908,3.3436670578897947
jacquelinehe/tinycomma-1.8b-llama3-tokenizer,bookmia100.01.052,val,a game of thrones,59,246,196.61338369187433,0.7992413971214404,4.68040116628011,5.856054482584502,3.3324302320656667
jacquelinehe/tinycomma-1.8b-llama3-tokenizer,bookmia100.01.053,val,a game of thrones,52,241,182.86397464945912,0.7587716790433988,3.975707769393921,5.239662838241655,3.5166148971049833
jacquelinehe/tinycomma-1.8b-llama3-tokenizer,bookmia100.01.054,val,a game of thrones,54,248,164.97505505406298,0.6652219961857379,5.810914516448975,8.735301222400498,3.055093612112277
jacquelinehe/tinycomma-1.8b-llama3-tokenizer,bookmia100.01.055,val,a game of thrones,63,248,236.5908843728539,0.9539955015034431,6.660250981648763,6.981428079223207,3.755410863061173
jacquelinehe/tinycomma-1.8b-llama3-tokenizer,bookmia100.01.056,val,a game of thrones,59,246,171.1526242509426,0.6957423750038317,3.6711878776550293,5.27664838243439,2.9008919364566546
jacquelinehe/tinycomma-1.8b-llama3-tokenizer,bookmia100.01.057,val,a game of thrones,66,247,191.03882855019765,0.7734365528348083,4.626454035441081,5.9816852700898995,2.894527705306025
jacquelinehe/tinycomma-1.8b-llama3-tokenizer,bookmia100.01.058,val,a game of thrones,62,249,190.69739501178265,0.7658529920151913,4.313103357950847,5.6317640629721435,3.0757644356739138
jacquelinehe/tinycomma-1.8b-llama3-tokenizer,bookmia100.01.059,val,a game of thrones,56,249,220.2057055309415,0.8843602631764719,14.787109375,16.7206849863281,3.932244741623955
jacquelinehe/tinycomma-1.8b-llama3-tokenizer,bookmia100.01.060,val,a game of thrones,58,246,175.90275085670874,0.7150518327508485,3.585873285929362,5.014843850038516,3.032806049253599
jacquelinehe/tinycomma-1.8b-llama3-tokenizer,bookmia100.01.061,val,a game of thrones,60,247,210.68251337856054,0.8529656412087472,15.327032089233398,17.96910842447685,3.511375222976009
jacquelinehe/tinycomma-1.8b-llama3-tokenizer,bookmia100.01.062,val,a game of thrones,67,247,214.04927513934672,0.8665962556248855,5.124430338541667,5.913284652778174,3.1947653005872643
jacquelinehe/tinycomma-1.8b-llama3-tokenizer,bookmia100.01.063,val,a game of thrones,63,245,180.20080015528947,0.7355134700215897,3.283213424682617,4.463838608674623,2.860330161195071
jacquelinehe/tinycomma-1.8b-llama3-tokenizer,bookmia100.01.064,val,a game of thrones,63,246,220.40564458997687,0.8959579048373043,4.505834579467773,5.029069507775571,3.498502295078998
jacquelinehe/tinycomma-1.8b-llama3-tokenizer,bookmia100.01.065,val,a game of thrones,62,248,169.5050624224823,0.6834881549293641,3.0769985198974608,4.50190467487393,2.7339526197174564
jacquelinehe/tinycomma-1.8b-llama3-tokenizer,bookmia100.01.066,val,a game of thrones,68,248,213.2524145397474,0.859888768305433,5.557528813680013,6.463078735906892,3.136064919702168
jacquelinehe/tinycomma-1.8b-llama3-tokenizer,bookmia100.01.067,val,a game of thrones,59,240,183.55358609638643,0.7648066087349434,12.604331970214844,16.480417175086266,3.1110777304472275
jacquelinehe/tinycomma-1.8b-llama3-tokenizer,bookmia100.01.068,val,a game of thrones,62,249,224.16639462858438,0.9002666450947164,4.384715557098389,4.87046319108832,3.6155870101384577
jacquelinehe/tinycomma-1.8b-llama3-tokenizer,bookmia100.01.069,val,a game of thrones,60,247,220.56228037178516,0.8929646978614784,2.2113316853841147,2.476393177333813,3.6760380061964195
jacquelinehe/tinycomma-1.8b-llama3-tokenizer,bookmia100.01.070,val,a game of thrones,65,249,228.7028683014214,0.9184854148651462,3.8568663597106934,4.199159069147512,3.518505666175714
jacquelinehe/tinycomma-1.8b-llama3-tokenizer,bookmia100.01.071,val,a game of thrones,64,246,200.8730451297015,0.8165570940231768,3.1769386927286782,3.890651022423798,3.138641330151586
jacquelinehe/tinycomma-1.8b-llama3-tokenizer,bookmia100.01.072,val,a game of thrones,65,248,223.34359567787033,0.9005790148301223,2.702911376953125,3.0013039749354804,3.436055318121082
jacquelinehe/tinycomma-1.8b-llama3-tokenizer,bookmia100.01.073,val,a game of thrones,61,247,192.52922777552158,0.7794705577956339,2.135777155558268,2.740035700127417,3.1562168487790423
jacquelinehe/tinycomma-1.8b-llama3-tokenizer,bookmia100.01.074,val,a game of thrones,63,246,237.6772490143776,0.9661676789202341,16.59023094177246,17.17117153030135,3.772654746259962
jacquelinehe/tinycomma-1.8b-llama3-tokenizer,bookmia100.01.075,val,a game of thrones,58,244,214.5510583189316,0.8793076160611951,13.55102825164795,15.411021130863116,3.699156177912614
jacquelinehe/tinycomma-1.8b-llama3-tokenizer,bookmia100.01.076,val,a game of thrones,64,248,192.2617520163767,0.7752490000660351,2.833700656890869,3.6552135593202912,3.004089875255886
jacquelinehe/tinycomma-1.8b-llama3-tokenizer,bookmia100.01.077,val,a game of thrones,54,242,185.66325365478406,0.7672035274991077,2.8171470165252686,3.6719682790151733,3.4382084010145197
jacquelinehe/tinycomma-1.8b-llama3-tokenizer,bookmia100.01.078,val,a game of thrones,59,243,200.25346779078245,0.8240883448180348,6.869243621826172,8.335567011741873,3.3941265727251264
jacquelinehe/tinycomma-1.8b-llama3-tokenizer,bookmia100.01.079,val,a game of thrones,55,241,162.97631323267706,0.6762502623762533,2.8276445388793947,4.181358139431146,2.9632056951395827
jacquelinehe/tinycomma-1.8b-llama3-tokenizer,bookmia100.01.080,val,a game of thrones,57,246,153.7658388663549,0.625064385635589,2.029548406600952,3.2469429601835835,2.697646295900963
jacquelinehe/tinycomma-1.8b-llama3-tokenizer,bookmia100.01.081,val,a game of thrones,58,248,178.9733657966426,0.7216667975671073,4.293253580729167,5.949080095138976,3.0857476861490105
jacquelinehe/tinycomma-1.8b-llama3-tokenizer,bookmia100.01.082,val,a game of thrones,76,248,224.72250121919205,0.9061391178193228,2.06470521291097,2.2785741971716273,2.9568750160420008
jacquelinehe/tinycomma-1.8b-llama3-tokenizer,bookmia100.01.083,val,a game of thrones,66,249,216.94119896023767,0.8712497950210348,4.767764727274577,5.472328090659083,3.2869878630339042
jacquelinehe/tinycomma-1.8b-llama3-tokenizer,bookmia100.01.084,val,a game of thrones,61,245,148.57417967356741,0.606425223157418,6.689960479736328,11.031797861085545,2.4356422897306134
jacquelinehe/tinycomma-1.8b-llama3-tokenizer,bookmia100.01.085,val,a game of thrones,61,247,184.70120716188103,0.7477781666472916,3.1079397201538086,4.1562322340707585,3.0278886419980497
jacquelinehe/tinycomma-1.8b-llama3-tokenizer,bookmia100.01.086,val,a game of thrones,61,249,194.91752583021298,0.7828013085550722,7.739906311035156,9.887446822644948,3.1953692759051306
jacquelinehe/tinycomma-1.8b-llama3-tokenizer,bookmia100.01.087,val,a game of thrones,61,245,216.56296859454596,0.8839304840593712,15.334385871887207,17.347954560256163,3.55021259991059
jacquelinehe/tinycomma-1.8b-llama3-tokenizer,bookmia100.01.088,val,a game of thrones,60,248,157.98681265616324,0.6370435994200131,3.3838448524475098,5.3117947586762995,2.633113544269387
jacquelinehe/tinycomma-1.8b-llama3-tokenizer,bookmia100.01.089,val,a game of thrones,61,248,190.1928335450939,0.7669065868753786,17.337400436401367,22.606925971309558,3.1179153040179326
jacquelinehe/tinycomma-1.8b-llama3-tokenizer,bookmia100.01.090,val,a game of thrones,65,249,239.94663069583476,0.9636410871318665,6.3637261390686035,6.603834377806868,3.6914866260897656
jacquelinehe/tinycomma-1.8b-llama3-tokenizer,bookmia100.01.091,val,a game of thrones,58,247,210.8905111188069,0.8538077373231049,3.932788848876953,4.606176164679889,3.636043295151843
jacquelinehe/tinycomma-1.8b-llama3-tokenizer,bookmia100.01.092,val,a game of thrones,66,249,188.58472064719535,0.7573683560128327,2.528794152396066,3.338922378152829,2.8573442522302326
jacquelinehe/tinycomma-1.8b-llama3-tokenizer,bookmia100.01.093,val,a game of thrones,61,247,159.73599937465042,0.6467044509095159,2.8960115909576416,4.478106787242197,2.6186229405680397
jacquelinehe/tinycomma-1.8b-llama3-tokenizer,bookmia100.01.094,val,a game of thrones,58,244,172.54261964838952,0.7071418838048751,6.185366630554199,8.746995153607612,2.97487275255844
jacquelinehe/tinycomma-1.8b-llama3-tokenizer,bookmia100.01.095,val,a game of thrones,56,248,179.0959592440413,0.7221611259840375,3.6708641052246094,5.083164924202455,3.1981421293578802
jacquelinehe/tinycomma-1.8b-llama3-tokenizer,bookmia100.01.096,val,a game of thrones,61,246,158.9230974104721,0.6460288512620818,4.09550126393636,6.339502107274916,2.6052966788601983
jacquelinehe/tinycomma-1.8b-llama3-tokenizer,bookmia100.01.097,val,a game of thrones,54,247,142.30994755774736,0.5761536338370339,5.569180488586426,9.666137921403232,2.6353693992175438
jacquelinehe/tinycomma-1.8b-llama3-tokenizer,bookmia100.01.098,val,a game of thrones,58,248,197.69630046747625,0.7971625018849848,3.901676559448242,4.894455710375572,3.4085569046116593
jacquelinehe/tinycomma-1.8b-llama3-tokenizer,bookmia100.01.099,val,a game of thrones,55,249,188.88384035322815,0.7585696399728038,4.067741394042969,5.362383596302121,3.4342516427859664
jacquelinehe/tinycomma-1.8b-llama3-tokenizer,bookmia100.08.000,val,david copperfield,63,246,155.24828754365444,0.631090599770953,5.52885627746582,8.760796436315886,2.464258532438959
jacquelinehe/tinycomma-1.8b-llama3-tokenizer,bookmia100.08.001,val,david copperfield,63,249,163.92962633399293,0.6583519129879234,3.872251510620117,5.881735032933896,2.6020575608570304
jacquelinehe/tinycomma-1.8b-llama3-tokenizer,bookmia100.08.002,val,david copperfield,54,244,156.74476143391803,0.6423965632537624,4.536298751831055,7.061524004509821,2.9026807672947785
jacquelinehe/tinycomma-1.8b-llama3-tokenizer,bookmia100.08.003,val,david copperfield,57,247,132.34369583960506,0.5358044365975914,2.4538137912750244,4.579681733986701,2.3218192252562293
jacquelinehe/tinycomma-1.8b-llama3-tokenizer,bookmia100.08.004,val,david copperfield,56,244,149.0339859169908,0.6107950242499622,2.933760643005371,4.803183599290024,2.661321177089121
jacquelinehe/tinycomma-1.8b-llama3-tokenizer,bookmia100.08.005,val,david copperfield,53,247,179.56524320389144,0.7269847902991556,5.355133056640625,7.366224339352378,3.388023456677197
jacquelinehe/tinycomma-1.8b-llama3-tokenizer,bookmia100.08.006,val,david copperfield,58,246,176.70309020206332,0.7183052447238346,2.011344697740343,2.8001253123435577,3.0466050034838505
jacquelinehe/tinycomma-1.8b-llama3-tokenizer,bookmia100.08.007,val,david copperfield,52,249,172.79709746141452,0.6939642468329901,4.337783177693685,6.250730059206665,3.3230211050272023
jacquelinehe/tinycomma-1.8b-llama3-tokenizer,bookmia100.08.008,val,david copperfield,62,249,214.12006414883217,0.8599199363406914,13.850776672363281,16.107053793058878,3.4535494217553575
jacquelinehe/tinycomma-1.8b-llama3-tokenizer,bookmia100.08.009,val,david copperfield,66,247,199.56046146026347,0.8079370909322408,7.536239147186279,9.3277548855822,3.0236433554585376
jacquelinehe/tinycomma-1.8b-llama3-tokenizer,bookmia100.08.010,val,david copperfield,53,249,171.94266409112606,0.6905327875145625,8.927970886230469,12.929104957296744,3.2442012092665293
jacquelinehe/tinycomma-1.8b-llama3-tokenizer,bookmia100.08.011,val,david copperfield,75,248,181.01775187253952,0.729910289808627,4.538754781087239,6.218236466124134,2.4135700249671936
jacquelinehe/tinycomma-1.8b-llama3-tokenizer,bookmia100.08.012,val,david copperfield,65,243,136.27256933304307,0.5607924663911237,3.424412727355957,6.106381473690495,2.096501066662201
jacquelinehe/tinycomma-1.8b-llama3-tokenizer,bookmia100.08.013,val,david copperfield,59,244,165.8028592901428,0.679519915123536,3.5418317317962646,5.212255966261655,2.8102179540702172
jacquelinehe/tinycomma-1.8b-llama3-tokenizer,bookmia100.08.014,val,david copperfield,60,249,180.70365382553427,0.7257174852431095,5.019308090209961,6.9163389228916445,3.0117275637589045
jacquelinehe/tinycomma-1.8b-llama3-tokenizer,bookmia100.08.015,val,david copperfield,55,243,183.75093941483647,0.7561767054108497,2.451573371887207,3.242064129118082,3.340926171178845
jacquelinehe/tinycomma-1.8b-llama3-tokenizer,bookmia100.08.016,val,david copperfield,61,243,183.48257517861202,0.7550723258379095,5.608116149902344,7.4272569103615,3.0079110685018366
jacquelinehe/tinycomma-1.8b-llama3-tokenizer,bookmia100.08.017,val,david copperfield,58,248,162.68154834606685,0.6559739852663986,3.7378809452056885,5.698215217616735,2.8048542818287387
jacquelinehe/tinycomma-1.8b-llama3-tokenizer,bookmia100.08.018,val,david copperfield,62,247,178.9865325789433,0.7246418323034142,3.828611135482788,5.283453100289294,2.886879557724892
jacquelinehe/tinycomma-1.8b-llama3-tokenizer,bookmia100.08.019,val,david copperfield,61,246,171.77239498798735,0.698261768243851,4.289546966552734,6.1431789074476635,2.8159409014424157
jacquelinehe/tinycomma-1.8b-llama3-tokenizer,bookmia100.08.020,val,david copperfield,58,248,181.35220314073376,0.731258883631991,3.4395172595977783,4.7035562050398685,3.1267621231160994
jacquelinehe/tinycomma-1.8b-llama3-tokenizer,bookmia100.08.021,val,david copperfield,61,248,137.71610905707348,0.5553068913591672,4.120461463928223,7.420151862050542,2.257641132083172
jacquelinehe/tinycomma-1.8b-llama3-tokenizer,bookmia100.08.022,val,david copperfield,74,246,153.48855348555662,0.6239372092908806,3.3532168865203857,5.374285804065758,2.0741696416967113
jacquelinehe/tinycomma-1.8b-llama3-tokenizer,bookmia100.08.023,val,david copperfield,53,249,178.90842462191358,0.7185077294052754,1.4761318206787108,2.054441114920973,3.3756306532436526
jacquelinehe/tinycomma-1.8b-llama3-tokenizer,bookmia100.08.024,val,david copperfield,59,249,171.97402919153683,0.6906587517732403,5.68141492207845,8.226081125435147,2.9148140540938448
jacquelinehe/tinycomma-1.8b-llama3-tokenizer,bookmia100.08.025,val,david copperfield,73,248,157.45927664569172,0.6349164380874666,4.151983261108398,6.539416861871228,2.1569763924067358
jacquelinehe/tinycomma-1.8b-llama3-tokenizer,bookmia100.08.026,val,david copperfield,64,249,210.94219221174717,0.8471573984407517,17.293014526367188,20.4129888474044,3.2959717533085495
jacquelinehe/tinycomma-1.8b-llama3-tokenizer,bookmia100.08.027,val,david copperfield,55,247,158.79384139925241,0.6428900461508195,1.9332162857055664,3.007071422680017,2.8871607527136804
jacquelinehe/tinycomma-1.8b-llama3-tokenizer,bookmia100.08.028,val,david copperfield,51,249,140.94087414569367,0.566027607010818,3.174378204345703,5.60816851515342,2.7635465518763467
jacquelinehe/tinycomma-1.8b-llama3-tokenizer,bookmia100.08.029,val,david copperfield,59,248,160.82629144082603,0.648493110648492,7.3570332527160645,11.344813278523565,2.7258693464546786
jacquelinehe/tinycomma-1.8b-llama3-tokenizer,bookmia100.08.030,val,david copperfield,58,244,170.4390443339944,0.698520673499977,5.1317564646403,7.346606420290105,2.9386042126550755
jacquelinehe/tinycomma-1.8b-llama3-tokenizer,bookmia100.08.031,val,david copperfield,52,244,184.76675518928096,0.7572407999560695,3.5978403091430664,4.751249945000047,3.5532068305630955
jacquelinehe/tinycomma-1.8b-llama3-tokenizer,bookmia100.08.032,val,david copperfield,62,248,143.79001828283072,0.5797984608178658,4.775426546732585,8.23635602618943,2.319193843271463
jacquelinehe/tinycomma-1.8b-llama3-tokenizer,bookmia100.08.033,val,david copperfield,50,249,162.42463623452932,0.6523077760422864,2.9507116317749023,4.523496024648984,3.2484927246905864
jacquelinehe/tinycomma-1.8b-llama3-tokenizer,bookmia100.08.034,val,david copperfield,58,244,161.83433154923114,0.66325545716898,4.973512331644694,7.498637633338875,2.7902470956763987
jacquelinehe/tinycomma-1.8b-llama3-tokenizer,bookmia100.08.035,val,david copperfield,61,245,168.98121714745503,0.6897192536630817,3.5941480000813804,5.2110304025774985,2.770183887663197
jacquelinehe/tinycomma-1.8b-llama3-tokenizer,bookmia100.08.036,val,david copperfield,55,241,174.59397459076717,0.7244563261027683,3.859546661376953,5.327507707938013,3.174435901650312
jacquelinehe/tinycomma-1.8b-llama3-tokenizer,bookmia100.08.037,val,david copperfield,56,245,180.0886270198971,0.7350556204893759,4.679595947265625,6.366315441748617,3.2158683396410197
jacquelinehe/tinycomma-1.8b-llama3-tokenizer,bookmia100.08.038,val,david copperfield,57,246,207.057541847229,0.8416973245822317,3.4303319454193115,4.075493464496781,3.632588453460158
jacquelinehe/tinycomma-1.8b-llama3-tokenizer,bookmia100.08.039,val,david copperfield,61,248,213.8656027666293,0.862361301478344,6.4367116292317705,7.464054356564158,3.5059934879775296
jacquelinehe/tinycomma-1.8b-llama3-tokenizer,bookmia100.08.040,val,david copperfield,58,241,196.33725396171212,0.8146774023307557,2.622736167907715,3.219355490166026,3.3851250683053813
jacquelinehe/tinycomma-1.8b-llama3-tokenizer,bookmia100.08.041,val,david copperfield,54,237,159.80159021681175,0.6742683131511045,4.539970874786377,6.733181414931719,2.959288707718736
jacquelinehe/tinycomma-1.8b-llama3-tokenizer,bookmia100.08.042,val,david copperfield,63,248,164.40532520134002,0.6629246983925001,7.188076972961426,10.842976570931071,2.609608336529207
jacquelinehe/tinycomma-1.8b-llama3-tokenizer,bookmia100.08.043,val,david copperfield,60,238,167.0821925784694,0.7020260192372664,3.9588162899017334,5.63913043308977,2.784703209641157
jacquelinehe/tinycomma-1.8b-llama3-tokenizer,bookmia100.08.044,val,david copperfield,62,246,149.05253940445255,0.6059046317254169,8.948774337768555,14.769278644207409,2.4040732162008474
jacquelinehe/tinycomma-1.8b-llama3-tokenizer,bookmia100.08.045,val,david copperfield,60,246,149.5760371852666,0.6080326714848237,6.590356826782227,10.838820240840825,2.492933953087777
jacquelinehe/tinycomma-1.8b-llama3-tokenizer,bookmia100.08.046,val,david copperfield,56,243,153.5894241068745,0.6320552432381666,6.098031997680664,9.647941478088248,2.742668287622759
jacquelinehe/tinycomma-1.8b-llama3-tokenizer,bookmia100.08.047,val,david copperfield,54,248,152.2000478953123,0.6137098705456141,2.2001970609029136,3.5850768685646934,2.8185194054687464
jacquelinehe/tinycomma-1.8b-llama3-tokenizer,bookmia100.08.048,val,david copperfield,64,247,176.39954075362766,0.714168181188776,8.214958190917969,11.502834216505804,2.756242824275432
jacquelinehe/tinycomma-1.8b-llama3-tokenizer,bookmia100.08.049,val,david copperfield,55,248,186.02627353416756,0.7501059416700305,1.669867791235447,2.226175928586388,3.38229588243941
jacquelinehe/tinycomma-1.8b-llama3-tokenizer,bookmia100.08.050,val,david copperfield,59,249,182.65868797618896,0.7335690280168231,1.7822098202175565,2.4295052710113665,3.0959099656981177
jacquelinehe/tinycomma-1.8b-llama3-tokenizer,bookmia100.08.051,val,david copperfield,66,246,212.81488528754562,0.86510115970547,8.234321594238281,9.518333783117013,3.2244679589022063
jacquelinehe/tinycomma-1.8b-llama3-tokenizer,bookmia100.08.052,val,david copperfield,64,243,212.13284895708784,0.8729746870662051,2.347391128540039,2.6889566940696605,3.3145757649544976
jacquelinehe/tinycomma-1.8b-llama3-tokenizer,bookmia100.08.053,val,david copperfield,61,247,213.00358804839198,0.8623627046493603,5.349226633707683,6.202989304694824,3.4918620991539666
jacquelinehe/tinycomma-1.8b-llama3-tokenizer,bookmia100.08.054,val,david copperfield,64,247,186.08152363725821,0.7533664924585353,7.501837253570557,9.957752738762073,2.9075238068321596
jacquelinehe/tinycomma-1.8b-llama3-tokenizer,bookmia100.08.055,val,david copperfield,59,242,160.84857056103647,0.6646635147150267,4.628729502360026,6.964019236627703,2.726246958661635
jacquelinehe/tinycomma-1.8b-llama3-tokenizer,bookmia100.08.056,val,david copperfield,61,248,175.5874263572041,0.7080138159564682,11.876836776733398,16.774865841690918,2.8784823992984276
jacquelinehe/tinycomma-1.8b-llama3-tokenizer,bookmia100.08.057,val,david copperfield,54,247,150.9069442730397,0.6109592885548166,3.0426719188690186,4.980154939728072,2.7945730420933277
jacquelinehe/tinycomma-1.8b-llama3-tokenizer,bookmia100.08.058,val,david copperfield,62,247,177.44369653239846,0.7183955325198318,4.656690915425618,6.48207109402795,2.8619951053612653
jacquelinehe/tinycomma-1.8b-llama3-tokenizer,bookmia100.08.059,val,david copperfield,61,249,213.8102247210918,0.8586756012895252,4.832220713297526,5.62752767871905,3.505085651165439
jacquelinehe/tinycomma-1.8b-llama3-tokenizer,bookmia100.08.060,val,david copperfield,66,248,188.38488800555933,0.7596164838933844,12.860183715820312,16.929837606874916,2.854316484932717
jacquelinehe/tinycomma-1.8b-llama3-tokenizer,bookmia100.08.061,val,david copperfield,67,248,201.8233471137355,0.813803819006998,17.491024017333984,21.492924472480972,3.0122887628915747
jacquelinehe/tinycomma-1.8b-llama3-tokenizer,bookmia100.08.062,val,david copperfield,62,242,174.48408320453018,0.7210086082831826,3.7472667694091797,5.197256629614895,2.8142594065246804
jacquelinehe/tinycomma-1.8b-llama3-tokenizer,bookmia100.08.063,val,david copperfield,59,243,141.34745008763275,0.581676749331822,7.237005233764648,12.441627144419765,2.3957194930107244
jacquelinehe/tinycomma-1.8b-llama3-tokenizer,bookmia100.08.064,val,david copperfield,65,245,208.33545932162087,0.8503488135576363,4.964536348978679,5.838235168704901,3.2051609126403213
jacquelinehe/tinycomma-1.8b-llama3-tokenizer,bookmia100.08.065,val,david copperfield,58,249,140.98641761764884,0.5662105125206781,5.784255504608154,10.215733153483109,2.4308003037525663
jacquelinehe/tinycomma-1.8b-llama3-tokenizer,bookmia100.08.066,val,david copperfield,56,247,172.03871786920354,0.6965130278105406,8.582261085510254,12.32175241931688,3.072119961950063
jacquelinehe/tinycomma-1.8b-llama3-tokenizer,bookmia100.08.067,val,david copperfield,61,245,220.74188241362572,0.900987275157656,3.9702768325805664,4.406584800973845,3.6187193838299296
jacquelinehe/tinycomma-1.8b-llama3-tokenizer,bookmia100.08.068,val,david copperfield,62,248,147.0793393701315,0.5930618522989173,1.7538208961486816,2.957231002719619,2.372247409195669
jacquelinehe/tinycomma-1.8b-llama3-tokenizer,bookmia100.08.069,val,david copperfield,60,248,192.86451578093693,0.7776794991166811,3.5048270225524902,4.506775640264929,3.2144085963489486
jacquelinehe/tinycomma-1.8b-llama3-tokenizer,bookmia100.08.070,val,david copperfield,61,248,157.87436388526112,0.6365901769566981,18.196025848388672,28.583579368719032,2.5881043259878873
jacquelinehe/tinycomma-1.8b-llama3-tokenizer,bookmia100.08.071,val,david copperfield,71,249,160.93414405322983,0.6463218636675897,14.729381561279297,22.78954556433631,2.2666780852567583
jacquelinehe/tinycomma-1.8b-llama3-tokenizer,bookmia100.08.072,val,david copperfield,59,242,150.12814918661024,0.6203642528372324,1.6372006790978568,2.639095775764204,2.54454490146797
jacquelinehe/tinycomma-1.8b-llama3-tokenizer,bookmia100.08.073,val,david copperfield,61,243,173.98832068312913,0.716001319683659,4.137952168782552,5.779252153628385,2.852267552182445
jacquelinehe/tinycomma-1.8b-llama3-tokenizer,bookmia100.08.074,val,david copperfield,60,247,171.43797339394223,0.694080863943086,1.5662527084350586,2.256585348769232,2.857299556565704
jacquelinehe/tinycomma-1.8b-llama3-tokenizer,bookmia100.08.075,val,david copperfield,54,244,165.51781691610813,0.6783517086725743,4.165627797444661,6.140808291905283,3.0651447577057063
jacquelinehe/tinycomma-1.8b-llama3-tokenizer,bookmia100.08.076,val,david copperfield,65,249,159.84011199869565,0.6419281606373319,6.162015438079834,9.599229035164836,2.4590786461337792
jacquelinehe/tinycomma-1.8b-llama3-tokenizer,bookmia100.08.077,val,david copperfield,60,247,186.68939023396524,0.7558274908257702,13.600748062133789,17.994513598962186,3.111489837232754
jacquelinehe/tinycomma-1.8b-llama3-tokenizer,bookmia100.08.078,val,david copperfield,61,248,157.51361368148355,0.6351355390382402,5.652288436889648,8.8993420923173,2.5821903882210417
jacquelinehe/tinycomma-1.8b-llama3-tokenizer,bookmia100.08.079,val,david copperfield,67,249,204.74889400601387,0.8222847148835899,4.069466908772786,4.948975500960025,3.055953641880804
jacquelinehe/tinycomma-1.8b-llama3-tokenizer,bookmia100.08.080,val,david copperfield,59,246,171.56144038774073,0.6974042292184582,14.340314865112305,20.56241454282933,2.9078210235210293
jacquelinehe/tinycomma-1.8b-llama3-tokenizer,bookmia100.08.081,val,david copperfield,62,241,161.02169551164843,0.6681398154010308,14.593576431274414,21.842099654718314,2.5971241211556197
jacquelinehe/tinycomma-1.8b-llama3-tokenizer,bookmia100.08.082,val,david copperfield,64,245,143.53680812301172,0.5858645229510683,2.698634283883231,4.6062428738471715,2.242762626922058
jacquelinehe/tinycomma-1.8b-llama3-tokenizer,bookmia100.08.083,val,david copperfield,67,246,177.92686470225453,0.7232799378140429,2.1037004470825194,2.9085563377307255,2.6556248463023064
jacquelinehe/tinycomma-1.8b-llama3-tokenizer,bookmia100.08.084,val,david copperfield,68,246,199.8728355690837,0.8124912015003402,3.60857892036438,4.4413759973041005,2.9393064054277014
jacquelinehe/tinycomma-1.8b-llama3-tokenizer,bookmia100.08.085,val,david copperfield,65,244,156.45486689708196,0.6412084708896801,3.084676742553711,4.810723629826202,2.4069979522627993
jacquelinehe/tinycomma-1.8b-llama3-tokenizer,bookmia100.08.086,val,david copperfield,56,245,180.10791851161048,0.7351343612718795,4.7449287414550785,6.454505450195152,3.216212830564473
jacquelinehe/tinycomma-1.8b-llama3-tokenizer,bookmia100.08.087,val,david copperfield,60,245,181.5427836314193,0.7409909535976298,3.2778985500335693,4.4236687831596955,3.025713060523655
jacquelinehe/tinycomma-1.8b-llama3-tokenizer,bookmia100.08.088,val,david copperfield,60,245,163.07598584226798,0.665616268743951,3.0036792755126953,4.5126289974564155,2.717933097371133
jacquelinehe/tinycomma-1.8b-llama3-tokenizer,bookmia100.08.089,val,david copperfield,64,248,172.87271021626657,0.6970673799043007,6.807411193847656,9.765786479324618,2.701136097129165
jacquelinehe/tinycomma-1.8b-llama3-tokenizer,bookmia100.08.090,val,david copperfield,67,246,188.5403620414436,0.7664242359408275,5.400260925292969,7.046046656736858,2.8140352543499043
jacquelinehe/tinycomma-1.8b-llama3-tokenizer,bookmia100.08.091,val,david copperfield,66,245,178.67345924215624,0.7292794254781887,7.619115352630615,10.447456882024005,2.7071736248811553
jacquelinehe/tinycomma-1.8b-llama3-tokenizer,bookmia100.08.092,val,david copperfield,59,248,163.48768196813762,0.659224524065071,3.830343008041382,5.810376993291734,2.770977660476909
jacquelinehe/tinycomma-1.8b-llama3-tokenizer,bookmia100.08.093,val,david copperfield,69,246,203.1893990202807,0.8259731667491085,3.391481637954712,4.106043361315251,2.9447738988446477
jacquelinehe/tinycomma-1.8b-llama3-tokenizer,bookmia100.08.094,val,david copperfield,67,249,172.82297306928376,0.6940681649368826,3.798701286315918,5.473095407943635,2.579447359243041
jacquelinehe/tinycomma-1.8b-llama3-tokenizer,bookmia100.08.095,val,david copperfield,56,248,187.5741695370525,0.7563474578106956,7.40031623840332,9.78428123474374,3.3495387417330806
jacquelinehe/tinycomma-1.8b-llama3-tokenizer,bookmia100.08.096,val,david copperfield,68,247,182.43568958062679,0.7386060306907967,3.5996575355529785,4.873582648907326,2.6828777879503938
jacquelinehe/tinycomma-1.8b-llama3-tokenizer,bookmia100.08.097,val,david copperfield,62,244,148.64625264436472,0.6092059534605112,4.145465850830078,6.804703445989531,2.3975202039413666
jacquelinehe/tinycomma-1.8b-llama3-tokenizer,bookmia100.08.098,val,david copperfield,68,247,221.8520574599679,0.8981864674492628,7.60328483581543,8.465151849156454,3.262530256764234
jacquelinehe/tinycomma-1.8b-llama3-tokenizer,bookmia100.08.099,val,david copperfield,55,249,204.10547951236367,0.8197007209331875,3.5121673583984374,4.284694729071378,3.711008718406612
jacquelinehe/tinycomma-1.8b-llama3-tokenizer,bookmia100.10.000,val,dune,58,246,233.11622649873607,0.947626936986732,3.062382221221924,3.2316327255952637,4.0192452844609665
jacquelinehe/tinycomma-1.8b-llama3-tokenizer,bookmia100.10.001,val,dune,59,242,189.6459593665786,0.7836609891180935,6.032613277435303,7.697988494009647,3.21433829434879
jacquelinehe/tinycomma-1.8b-llama3-tokenizer,bookmia100.10.002,val,dune,49,248,194.49362464080332,0.7842484864548521,4.375001907348633,5.578591457824247,3.96925764573068
jacquelinehe/tinycomma-1.8b-llama3-tokenizer,bookmia100.10.003,val,dune,62,249,180.88955387083115,0.7264640717704062,4.602283159891765,6.335183443657326,2.917573449529535
jacquelinehe/tinycomma-1.8b-llama3-tokenizer,bookmia100.10.005,val,dune,55,243,207.54393707495183,0.8540902760286083,3.063897132873535,3.5873223462046626,3.773526128635488
jacquelinehe/tinycomma-1.8b-llama3-tokenizer,bookmia100.10.006,val,dune,65,249,143.25423838966526,0.5753182264645191,6.2114715576171875,10.796583998021935,2.203911359841004
jacquelinehe/tinycomma-1.8b-llama3-tokenizer,bookmia100.10.007,val,dune,65,240,177.6089942868566,0.7400374761952359,4.195546468098958,5.669370272529406,2.73244606595164
jacquelinehe/tinycomma-1.8b-llama3-tokenizer,bookmia100.10.008,val,dune,62,245,220.02408628165722,0.8980574950271724,4.534702301025391,5.049456550538766,3.54877558518802
jacquelinehe/tinycomma-1.8b-llama3-tokenizer,bookmia100.10.009,val,dune,61,247,191.06827269587666,0.7735557599023346,5.586816151936849,7.222253962199458,3.132266765506175
jacquelinehe/tinycomma-1.8b-llama3-tokenizer,bookmia100.10.010,val,dune,54,247,228.0651780962944,0.923340802009289,5.0415143966674805,5.460079729712585,4.223429224005452
jacquelinehe/tinycomma-1.8b-llama3-tokenizer,bookmia100.10.011,val,dune,52,249,251.38376039080322,1.0095733349028242,2.9676183700561523,2.939477764972664,4.834303084438523
jacquelinehe/tinycomma-1.8b-llama3-tokenizer,bookmia100.10.012,val,dune,56,247,251.50594990700483,1.0182427121741087,3.9737361907958983,3.9025432181207025,4.491177676910801
jacquelinehe/tinycomma-1.8b-llama3-tokenizer,bookmia100.10.013,val,dune,57,245,212.87540809810162,0.8688792167269453,2.9618868827819824,3.4088591668003807,3.7346562824228355
jacquelinehe/tinycomma-1.8b-llama3-tokenizer,bookmia100.10.014,val,dune,58,243,213.89435278717428,0.8802236740212933,6.5840582847595215,7.479983189591249,3.6878336687443842
jacquelinehe/tinycomma-1.8b-llama3-tokenizer,bookmia100.10.015,val,dune,73,247,227.26231796795037,0.920090356145548,2.446877288818359,2.6593880399625562,3.1131824379171285
jacquelinehe/tinycomma-1.8b-llama3-tokenizer,bookmia100.10.016,val,dune,54,248,195.6447116304189,0.7888899662516891,7.209176063537598,9.138379713195095,3.623050215378128
jacquelinehe/tinycomma-1.8b-llama3-tokenizer,bookmia100.10.017,val,dune,60,246,207.5065493043512,0.8435225581477691,3.164438247680664,3.751456575896711,3.4584424884058533
jacquelinehe/tinycomma-1.8b-llama3-tokenizer,bookmia100.10.018,val,dune,63,243,186.20436586870346,0.7662731105707962,16.60611343383789,21.671272559033177,2.955624855058785
jacquelinehe/tinycomma-1.8b-llama3-tokenizer,bookmia100.10.019,val,dune,56,242,184.46521187346661,0.7622529416258951,3.060549259185791,4.015136042187782,3.294021640597618
jacquelinehe/tinycomma-1.8b-llama3-tokenizer,bookmia100.10.020,val,dune,62,248,217.0622559239273,0.8752510319513197,4.0815110206604,4.663246167857599,3.501004127805279
jacquelinehe/tinycomma-1.8b-llama3-tokenizer,bookmia100.10.021,val,dune,60,247,223.9488206107635,0.9066753870881114,4.176801681518555,4.606722252528346,3.732480343512725
jacquelinehe/tinycomma-1.8b-llama3-tokenizer,bookmia100.10.022,val,dune,51,245,190.66156949475408,0.7782104877336901,3.686110496520996,4.736649729889548,3.7384621469559622
jacquelinehe/tinycomma-1.8b-llama3-tokenizer,bookmia100.10.024,val,dune,57,247,207.29678374202922,0.8392582337733977,4.577633221944173,5.454379877052416,3.6367856796847233
jacquelinehe/tinycomma-1.8b-llama3-tokenizer,bookmia100.10.025,val,dune,66,249,227.10025813011453,0.912049229438211,6.601572036743164,7.2381751156234095,3.440913001971432
jacquelinehe/tinycomma-1.8b-llama3-tokenizer,bookmia100.10.026,val,dune,64,246,223.97966470872052,0.910486441905368,3.280457019805908,3.602971849795941,3.499682261073758
jacquelinehe/tinycomma-1.8b-llama3-tokenizer,bookmia100.10.027,val,dune,52,244,192.88761293888092,0.7905230038478727,4.887373447418213,6.182455695316785,3.709377171901556
jacquelinehe/tinycomma-1.8b-llama3-tokenizer,bookmia100.10.028,val,dune,61,246,231.05392244970426,0.9392435871939198,3.9758173624674478,4.232999209870129,3.787769220486955
jacquelinehe/tinycomma-1.8b-llama3-tokenizer,bookmia100.10.029,val,dune,72,249,289.68511930457316,1.1633940534320208,6.253249168395996,5.3750052700964615,4.023404434785738
jacquelinehe/tinycomma-1.8b-llama3-tokenizer,bookmia100.10.030,val,dune,62,249,243.17764489306137,0.9766170477632987,1.183853736290565,1.2121985162985747,3.9222200789203447
jacquelinehe/tinycomma-1.8b-llama3-tokenizer,bookmia100.10.032,val,dune,61,247,216.5323711046949,0.8766492757275097,3.5107884407043457,4.004781088526912,3.54971100171631
jacquelinehe/tinycomma-1.8b-llama3-tokenizer,bookmia100.10.033,val,dune,52,245,192.16808585170656,0.7843595340885983,14.129925727844238,18.01460314275746,3.6955401125328184
jacquelinehe/tinycomma-1.8b-llama3-tokenizer,bookmia100.10.034,val,dune,66,246,154.67707276332658,0.6287685884688072,3.094644546508789,4.921754367604374,2.3435920115655544
jacquelinehe/tinycomma-1.8b-llama3-tokenizer,bookmia100.10.035,val,dune,52,244,210.04827497154474,0.8608535859489539,6.223396937052409,7.229332651489284,4.039389903298938
jacquelinehe/tinycomma-1.8b-llama3-tokenizer,bookmia100.10.036,val,dune,62,244,230.76427772641182,0.945755236583655,5.327069918314616,5.632609487373872,3.722004479458255
jacquelinehe/tinycomma-1.8b-llama3-tokenizer,bookmia100.10.037,val,dune,50,248,165.73224902665243,0.6682751976881146,2.5255205154418947,3.779162423173694,3.3146449805330485
jacquelinehe/tinycomma-1.8b-llama3-tokenizer,bookmia100.10.038,val,dune,53,248,192.08997964742593,0.7745563695460723,7.610610485076904,9.825767089795017,3.624339238630678
jacquelinehe/tinycomma-1.8b-llama3-tokenizer,bookmia100.10.039,val,dune,67,245,226.92752065125387,0.9262347781683832,3.941586494445801,4.255493949644425,3.3869779201679684
jacquelinehe/tinycomma-1.8b-llama3-tokenizer,bookmia100.10.040,val,dune,63,248,189.21697080193553,0.7629716564594174,3.3682674407958983,4.414669158781598,3.0034439809831035
jacquelinehe/tinycomma-1.8b-llama3-tokenizer,bookmia100.10.041,val,dune,68,247,211.0538845504634,0.8544691682204997,3.2696383794148765,3.826514169287301,3.1037335963303443
jacquelinehe/tinycomma-1.8b-llama3-tokenizer,bookmia100.10.042,val,dune,59,246,182.74365413369378,0.7428603826572918,14.156265258789062,19.05642781507687,3.0973500700626064
jacquelinehe/tinycomma-1.8b-llama3-tokenizer,bookmia100.10.043,val,dune,67,249,203.32740923017263,0.8165759406834242,3.9464117685953775,4.832877840231824,3.0347374511966065
jacquelinehe/tinycomma-1.8b-llama3-tokenizer,bookmia100.10.044,val,dune,61,248,214.07802551353234,0.8632178448126304,14.098855972290039,16.332906064228002,3.509475828090694
jacquelinehe/tinycomma-1.8b-llama3-tokenizer,bookmia100.10.045,val,dune,60,241,235.21521764993668,0.975996753734177,8.017910957336426,8.215100026367699,3.9202536274989446
jacquelinehe/tinycomma-1.8b-llama3-tokenizer,bookmia100.10.046,val,dune,62,246,146.89339044775988,0.5971276034461784,3.931673288345337,6.584310063133289,2.3692482330283853
jacquelinehe/tinycomma-1.8b-llama3-tokenizer,bookmia100.10.047,val,dune,53,245,185.48826263844967,0.7570949495446925,6.277102947235107,8.291037935215495,3.4997785403481068
jacquelinehe/tinycomma-1.8b-llama3-tokenizer,bookmia100.10.048,val,dune,70,243,224.7684214003384,0.9249729275734091,6.004970073699951,6.492049545118579,3.210977448576263
jacquelinehe/tinycomma-1.8b-llama3-tokenizer,bookmia100.10.049,val,dune,58,246,219.69860426336527,0.8930837571681515,5.067148208618164,5.673765946304308,3.787906970058022
jacquelinehe/tinycomma-1.8b-llama3-tokenizer,bookmia100.10.050,val,dune,52,247,235.55514613445848,0.9536645592488198,7.6046600341796875,7.97414558444922,4.529906656431894
jacquelinehe/tinycomma-1.8b-llama3-tokenizer,bookmia100.10.051,val,dune,58,245,178.92426399327815,0.7303031183399108,5.44362195332845,7.453921278198325,3.0849011033323817
jacquelinehe/tinycomma-1.8b-llama3-tokenizer,bookmia100.10.052,val,dune,63,247,230.8570859306492,0.9346440725937214,4.352694829305013,4.657061395816584,3.664398189375384
jacquelinehe/tinycomma-1.8b-llama3-tokenizer,bookmia100.10.053,val,dune,58,249,184.5380345126614,0.7411166044685197,5.085918426513672,6.86250772934842,3.1816902502183
jacquelinehe/tinycomma-1.8b-llama3-tokenizer,bookmia100.10.054,val,dune,60,245,177.12791829332127,0.7229710950747807,3.847691059112549,5.322053793470902,2.9521319715553545
jacquelinehe/tinycomma-1.8b-llama3-tokenizer,bookmia100.10.055,val,dune,54,241,196.85353891178966,0.816819663534397,3.8385212421417236,4.699349701661633,3.6454359057738825
jacquelinehe/tinycomma-1.8b-llama3-tokenizer,bookmia100.10.056,val,dune,62,248,230.91498502530158,0.9311088105858935,5.510101318359375,5.917784533573669,3.724435242343574
jacquelinehe/tinycomma-1.8b-llama3-tokenizer,bookmia100.10.057,val,dune,61,247,175.96792881563306,0.7124207644357614,4.55685297648112,6.396294442779411,2.8847201445185746
jacquelinehe/tinycomma-1.8b-llama3-tokenizer,bookmia100.10.058,val,dune,56,239,202.5445210132748,0.8474666151183046,4.513090451558431,5.325390252604125,3.6168664466656213
jacquelinehe/tinycomma-1.8b-llama3-tokenizer,bookmia100.10.059,val,dune,58,249,198.69777439162135,0.7979830296852263,2.646196746826172,3.3161065441078303,3.4258236964072646
jacquelinehe/tinycomma-1.8b-llama3-tokenizer,bookmia100.10.060,val,dune,67,247,232.85501700965688,0.9427328623872748,3.468161392211914,3.67883790900162,3.4754480150695057
jacquelinehe/tinycomma-1.8b-llama3-tokenizer,bookmia100.10.061,val,dune,58,248,210.05344287957996,0.8469896890305644,4.619087219238281,5.4535341800029835,3.6216110841306888
jacquelinehe/tinycomma-1.8b-llama3-tokenizer,bookmia100.10.062,val,dune,60,245,184.02640342712402,0.7511281772535674,2.2434667587280273,2.986796164312543,3.0671067237854004
jacquelinehe/tinycomma-1.8b-llama3-tokenizer,bookmia100.10.063,val,dune,55,244,166.41020466201007,0.6820090355000413,2.209667205810547,3.23993831575918,3.0256400847638196
jacquelinehe/tinycomma-1.8b-llama3-tokenizer,bookmia100.10.064,val,dune,65,247,255.14795545703964,1.0329876739151402,7.390537738800049,7.154526549952987,3.925353160877533
jacquelinehe/tinycomma-1.8b-llama3-tokenizer,bookmia100.10.065,val,dune,61,247,184.4218529589707,0.7466471779715413,2.433231830596924,3.2588776900053684,3.023309064901159
jacquelinehe/tinycomma-1.8b-llama3-tokenizer,bookmia100.10.066,val,dune,60,247,211.7819369242061,0.8574167486809964,4.2535756429036455,4.960919703804616,3.529698948736768
jacquelinehe/tinycomma-1.8b-llama3-tokenizer,bookmia100.10.067,val,dune,65,248,234.7858012075303,0.9467169403529448,3.6652169227600098,3.8715024169669796,3.6120892493466203
jacquelinehe/tinycomma-1.8b-llama3-tokenizer,bookmia100.10.068,val,dune,61,248,248.58277199487202,1.002349887076097,2.5177533626556396,2.511850796930848,4.0751274097520005
jacquelinehe/tinycomma-1.8b-llama3-tokenizer,bookmia100.10.069,val,dune,55,248,192.39972504973412,0.7758053429424763,2.630051040649414,3.3900914250914416,3.498176819086075
jacquelinehe/tinycomma-1.8b-llama3-tokenizer,bookmia100.10.070,val,dune,64,244,181.53311183239566,0.7439881632475231,3.7439680894215903,5.032295235826193,2.836454872381182
jacquelinehe/tinycomma-1.8b-llama3-tokenizer,bookmia100.10.071,val,dune,56,246,199.05609675560845,0.8091711250227985,8.196752548217773,10.129813453225767,3.554573156350151
jacquelinehe/tinycomma-1.8b-llama3-tokenizer,bookmia100.10.072,val,dune,55,249,166.8038030259777,0.6698947912689867,4.9405825932820635,7.375161977186121,3.0327964186541396
jacquelinehe/tinycomma-1.8b-llama3-tokenizer,bookmia100.10.073,val,dune,66,247,253.80053398382734,1.027532526250313,2.8245649337768555,2.7488812875678983,3.845462636118596
jacquelinehe/tinycomma-1.8b-llama3-tokenizer,bookmia100.10.074,val,dune,63,248,135.14496899280493,0.5449393911000199,4.190354029337565,7.689578139834738,2.145158237981031
jacquelinehe/tinycomma-1.8b-llama3-tokenizer,bookmia100.10.075,val,dune,50,249,228.22430136799812,0.9165634593092294,2.1298920767647878,2.323780263256389,4.564486027359963
jacquelinehe/tinycomma-1.8b-llama3-tokenizer,bookmia100.10.076,val,dune,59,246,208.0515273436904,0.8457379160312618,2.9857680002848306,3.530370276285999,3.5262970736218713
jacquelinehe/tinycomma-1.8b-llama3-tokenizer,bookmia100.10.077,val,dune,55,246,258.12346121668816,1.049282362669464,5.100383758544922,4.860830544763099,4.693153840303421
jacquelinehe/tinycomma-1.8b-llama3-tokenizer,bookmia100.10.078,val,dune,65,249,227.10015260009095,0.9120488056228552,6.946471214294434,7.616337164709687,3.4938485015398606
jacquelinehe/tinycomma-1.8b-llama3-tokenizer,bookmia100.10.079,val,dune,58,246,165.76322904601693,0.673834264414703,2.517855303628104,3.736609188039926,2.857986707689947
jacquelinehe/tinycomma-1.8b-llama3-tokenizer,bookmia100.10.080,val,dune,57,246,236.15676414733753,0.9599868461273883,3.5457019805908203,3.693490171135442,4.143101125391887
jacquelinehe/tinycomma-1.8b-llama3-tokenizer,bookmia100.10.081,val,dune,63,249,309.6215605100151,1.2434600823695385,2.9658689498901367,2.385174234333582,4.9146279446034145
jacquelinehe/tinycomma-1.8b-llama3-tokenizer,bookmia100.10.082,val,dune,59,247,195.79497667122632,0.7926922132438312,3.347168104989188,4.222531834004029,3.3185589266309545
jacquelinehe/tinycomma-1.8b-llama3-tokenizer,bookmia100.10.083,val,dune,67,249,220.47934909164906,0.8854592332997954,2.8280017375946045,3.1938248890980967,3.290736553606702
jacquelinehe/tinycomma-1.8b-llama3-tokenizer,bookmia100.10.084,val,dune,63,248,261.2368779227836,1.0533745077531598,4.332669893900554,4.113133422169203,4.146617109885454
jacquelinehe/tinycomma-1.8b-llama3-tokenizer,bookmia100.10.085,val,dune,73,249,265.9328697351739,1.068003492912345,7.054144382476807,6.604982501733978,3.642916023769505
jacquelinehe/tinycomma-1.8b-llama3-tokenizer,bookmia100.10.086,val,dune,64,244,197.44884952961002,0.809216596432828,4.50713570912679,5.569751941563054,3.0851382739001565
jacquelinehe/tinycomma-1.8b-llama3-tokenizer,bookmia100.10.087,val,dune,54,247,218.17730291048065,0.8833089186659135,13.472230911254883,15.252003717569584,4.0403204242681605
jacquelinehe/tinycomma-1.8b-llama3-tokenizer,bookmia100.10.088,val,dune,64,249,252.055748520419,1.0122720824113214,3.224148750305176,3.1850614141456606,3.938371070631547
jacquelinehe/tinycomma-1.8b-llama3-tokenizer,bookmia100.10.090,val,dune,56,249,206.99277226626873,0.8312962741617218,3.985605239868164,4.794446172499984,3.6962995047547986
jacquelinehe/tinycomma-1.8b-llama3-tokenizer,bookmia100.10.091,val,dune,58,244,224.8034473164007,0.9213256037557406,2.379556894302368,2.5827534637073106,3.8759215054551848
jacquelinehe/tinycomma-1.8b-llama3-tokenizer,bookmia100.10.092,val,dune,66,242,244.65835487178992,1.0109849374867352,6.937928199768066,6.862543587459824,3.7069447707846956
jacquelinehe/tinycomma-1.8b-llama3-tokenizer,bookmia100.10.093,val,dune,54,248,201.5879016382387,0.8128544420896722,6.418709754943848,7.896505724250875,3.733109289597013
jacquelinehe/tinycomma-1.8b-llama3-tokenizer,bookmia100.10.094,val,dune,56,247,264.56510868668556,1.0711138003509537,3.9052109718322754,3.6459346995181288,4.724376940833671
jacquelinehe/tinycomma-1.8b-llama3-tokenizer,bookmia100.10.096,val,dune,61,245,208.56664046741207,0.8512924100710697,2.4458343505859377,2.873083703849478,3.419125253564132
jacquelinehe/tinycomma-1.8b-llama3-tokenizer,bookmia100.10.098,val,dune,62,246,219.33797914162278,0.8916178013887105,4.157458941141765,4.662826308163036,3.5377093409939158
jacquelinehe/tinycomma-1.8b-llama3-tokenizer,bookmia100.10.099,val,dune,62,244,247.04146167822182,1.0124650068779584,1.9052768434797014,1.881819944923155,3.9845397044874487
jacquelinehe/tinycomma-1.8b-llama3-tokenizer,bookmia100.11.000,val,emma,58,248,167.41972978343256,0.6750795555783571,4.622675895690918,6.847601675228572,2.886547065231596
jacquelinehe/tinycomma-1.8b-llama3-tokenizer,bookmia100.11.001,val,emma,52,246,195.59021603595465,0.7950821790079458,4.115055084228516,5.175634912812442,3.761350308383743
jacquelinehe/tinycomma-1.8b-llama3-tokenizer,bookmia100.11.002,val,emma,57,247,158.14017539750785,0.6402436250911249,4.9254560470581055,7.693096587032902,2.774389042061541
jacquelinehe/tinycomma-1.8b-llama3-tokenizer,bookmia100.11.003,val,emma,55,248,199.33320580422878,0.8037629266299547,2.8785994052886963,3.581403558084208,3.6242401055314324
jacquelinehe/tinycomma-1.8b-llama3-tokenizer,bookmia100.11.004,val,emma,57,248,204.32788683916442,0.8239027695127598,2.5934156576792398,3.1477205243683497,3.584699769108148
jacquelinehe/tinycomma-1.8b-llama3-tokenizer,bookmia100.11.005,val,emma,54,248,168.57702903082827,0.6797460848017269,8.428207397460938,12.399052507848332,3.1217968339042272
jacquelinehe/tinycomma-1.8b-llama3-tokenizer,bookmia100.11.006,val,emma,54,249,175.0886544979876,0.7031672871405125,3.07794451713562,4.377257835261839,3.242382490703474
jacquelinehe/tinycomma-1.8b-llama3-tokenizer,bookmia100.11.007,val,emma,54,248,160.06100526452065,0.6454072792924219,3.8328606287638345,5.938669661373988,2.9640926900837155
jacquelinehe/tinycomma-1.8b-llama3-tokenizer,bookmia100.11.008,val,emma,59,246,185.59317052410915,0.7544437826183299,3.6976990699768066,4.90122545266896,3.1456469580357482
jacquelinehe/tinycomma-1.8b-llama3-tokenizer,bookmia100.11.009,val,emma,64,245,173.25814596257987,0.7071761059697138,14.018375396728516,19.823033157357383,2.7071585306653105
jacquelinehe/tinycomma-1.8b-llama3-tokenizer,bookmia100.11.010,val,emma,51,245,188.86709953378886,0.770886120546077,3.5705275535583496,4.631718561788445,3.7032764614468405
jacquelinehe/tinycomma-1.8b-llama3-tokenizer,bookmia100.11.011,val,emma,58,246,187.30287632485852,0.7613938061986119,2.5349422454833985,3.3293444533513203,3.2293599366354915
jacquelinehe/tinycomma-1.8b-llama3-tokenizer,bookmia100.11.012,val,emma,52,249,172.57824109494686,0.6930853056021963,3.1138715744018555,4.492768132915944,3.318812328748978
jacquelinehe/tinycomma-1.8b-llama3-tokenizer,bookmia100.11.013,val,emma,52,244,159.04937136289664,0.6518416859135108,4.149747848510742,6.3661897331637505,3.0586417569787816
jacquelinehe/tinycomma-1.8b-llama3-tokenizer,bookmia100.11.014,val,emma,49,243,160.92292817682028,0.6622342723325937,3.9753990173339844,6.003010087852145,3.284141391363679
jacquelinehe/tinycomma-1.8b-llama3-tokenizer,bookmia100.11.015,val,emma,55,241,189.34576459042728,0.7856670729893248,6.3169355392456055,8.040219268972006,3.442650265280496
jacquelinehe/tinycomma-1.8b-llama3-tokenizer,bookmia100.11.016,val,emma,50,248,190.24082424864173,0.7671000977767811,9.37727165222168,12.224312940904326,3.8048164849728345
jacquelinehe/tinycomma-1.8b-llama3-tokenizer,bookmia100.11.017,val,emma,61,246,183.49580881785369,0.7459179220237955,1.5990181684494018,2.143691847637885,3.0081280134074375
jacquelinehe/tinycomma-1.8b-llama3-tokenizer,bookmia100.11.018,val,emma,54,248,170.19009525876027,0.6862503841079043,2.130014101664225,3.1038439482014293,3.1516684307177827
jacquelinehe/tinycomma-1.8b-llama3-tokenizer,bookmia100.11.019,val,emma,60,244,177.55428922925785,0.7276815132346633,15.419095039367676,21.189345556996873,2.959238153820964
jacquelinehe/tinycomma-1.8b-llama3-tokenizer,bookmia100.11.020,val,emma,60,249,171.0859294878319,0.6870920862965136,6.198885917663574,9.02191429838191,2.8514321581305313
jacquelinehe/tinycomma-1.8b-llama3-tokenizer,bookmia100.11.021,val,emma,64,247,191.42690500151366,0.7750077125567355,3.0695540428161623,3.960675478557191,2.991045390648651
jacquelinehe/tinycomma-1.8b-llama3-tokenizer,bookmia100.11.022,val,emma,57,249,150.64818158000708,0.6050127774297472,4.339088439941406,7.171895539752054,2.642950554035212
jacquelinehe/tinycomma-1.8b-llama3-tokenizer,bookmia100.11.023,val,emma,55,248,175.36202888563275,0.7071049551840031,3.4274571736653647,4.84716893657388,3.1884005251933227
jacquelinehe/tinycomma-1.8b-llama3-tokenizer,bookmia100.11.024,val,emma,50,246,148.60507763177156,0.6040856814299657,2.722620964050293,4.50701125311466,2.972101552635431
jacquelinehe/tinycomma-1.8b-llama3-tokenizer,bookmia100.11.025,val,emma,61,246,163.58238771092147,0.6649690557354531,8.233550071716309,12.38185446480669,2.6816784870642865
jacquelinehe/tinycomma-1.8b-llama3-tokenizer,bookmia100.11.026,val,emma,55,246,152.17788717336953,0.6186092974527216,1.6155399594988142,2.611567537298912,2.766870675879446
jacquelinehe/tinycomma-1.8b-llama3-tokenizer,bookmia100.11.027,val,emma,55,248,167.5066742056515,0.6754301379260141,1.076589306195577,1.5939314012569354,3.045575894648209
jacquelinehe/tinycomma-1.8b-llama3-tokenizer,bookmia100.11.028,val,emma,59,243,154.74249786496512,0.636800402736482,5.123797416687012,8.046159196302078,2.622754201101104
jacquelinehe/tinycomma-1.8b-llama3-tokenizer,bookmia100.11.029,val,emma,55,246,164.40183372062165,0.6683001370756978,2.850590705871582,4.2654348663536155,2.9891242494658483
jacquelinehe/tinycomma-1.8b-llama3-tokenizer,bookmia100.11.030,val,emma,60,249,190.23725076019764,0.7640050231333239,17.93900489807129,23.480218525920368,3.170620846003294
jacquelinehe/tinycomma-1.8b-llama3-tokenizer,bookmia100.11.031,val,emma,58,246,176.2572161774151,0.7164927486886793,2.8061327934265137,3.9164845681443126,3.0389175203002603
jacquelinehe/tinycomma-1.8b-llama3-tokenizer,bookmia100.11.032,val,emma,53,247,158.8400189470267,0.6430769997855331,7.218867301940918,11.22551001567218,2.9969814895665414
jacquelinehe/tinycomma-1.8b-llama3-tokenizer,bookmia100.11.033,val,emma,50,243,195.19862914457917,0.8032865396896263,4.668847719828288,5.812182190469962,3.9039725828915834
jacquelinehe/tinycomma-1.8b-llama3-tokenizer,bookmia100.11.034,val,emma,52,248,185.2788955704309,0.7470923208485117,2.968417167663574,3.9732936409949815,3.563055684046748
jacquelinehe/tinycomma-1.8b-llama3-tokenizer,bookmia100.11.035,val,emma,55,246,155.23153491411358,0.6310224996508682,6.748990535736084,10.69532471420617,2.8223915438929743
jacquelinehe/tinycomma-1.8b-llama3-tokenizer,bookmia100.11.036,val,emma,55,244,192.42759291047696,0.7886376758626105,3.8338687419891357,4.861381670354079,3.4986835074632174
jacquelinehe/tinycomma-1.8b-llama3-tokenizer,bookmia100.11.037,val,emma,59,246,210.30895771831274,0.854914462269564,3.9251527786254883,4.591281294043478,3.5645586053951313
jacquelinehe/tinycomma-1.8b-llama3-tokenizer,bookmia100.11.038,val,emma,56,245,170.7705680676736,0.697022726806831,8.068610191345215,11.575820817649328,3.0494744297798855
jacquelinehe/tinycomma-1.8b-llama3-tokenizer,bookmia100.11.039,val,emma,56,248,176.6468413628172,0.712285650656521,3.1773679733276365,4.460805816316844,3.1544078814788787
jacquelinehe/tinycomma-1.8b-llama3-tokenizer,bookmia100.11.040,val,emma,54,248,167.31283428892493,0.6746485253585682,2.0088277544294084,2.977591559044376,3.0983858201652765
jacquelinehe/tinycomma-1.8b-llama3-tokenizer,bookmia100.11.041,val,emma,58,249,182.527752969414,0.7330431846161205,3.2436382293701174,4.424893781760952,3.147030223610586
jacquelinehe/tinycomma-1.8b-llama3-tokenizer,bookmia100.11.042,val,emma,56,247,190.13340651616454,0.7697708765836621,2.9647487004597983,3.851469041824131,3.395239402074367
jacquelinehe/tinycomma-1.8b-llama3-tokenizer,bookmia100.11.043,val,emma,55,248,160.52833729283884,0.6472916826324147,3.5976645946502686,5.5580269161179965,2.9186970416879787
jacquelinehe/tinycomma-1.8b-llama3-tokenizer,bookmia100.11.044,val,emma,56,249,151.27120505273342,0.6075148797298531,4.793560981750488,7.8904420972899745,2.701271518798811
jacquelinehe/tinycomma-1.8b-llama3-tokenizer,bookmia100.11.045,val,emma,56,249,176.1872554923175,0.7075793393265762,7.051243782043457,9.965304793600009,3.1462009909342408
jacquelinehe/tinycomma-1.8b-llama3-tokenizer,bookmia100.11.046,val,emma,50,249,191.13918421417475,0.7676272458400593,3.6921878814697267,4.8098708083623976,3.822783684283495
jacquelinehe/tinycomma-1.8b-llama3-tokenizer,bookmia100.11.047,val,emma,54,249,164.84480459417682,0.6620273276874571,2.9413137435913086,4.442888715584717,3.05268156655883
jacquelinehe/tinycomma-1.8b-llama3-tokenizer,bookmia100.11.048,val,emma,55,247,185.02384726156015,0.7490844018686645,5.6340993245442705,7.521314434647761,3.3640699502101845
jacquelinehe/tinycomma-1.8b-llama3-tokenizer,bookmia100.11.049,val,emma,63,248,177.41226912289858,0.7153720529149136,4.032548904418945,5.636995306131392,2.816067763855533
jacquelinehe/tinycomma-1.8b-llama3-tokenizer,bookmia100.11.050,val,emma,55,248,152.99139866093174,0.6169008010521441,3.0776113510131835,4.988826964990512,2.7816617938351227
jacquelinehe/tinycomma-1.8b-llama3-tokenizer,bookmia100.11.051,val,emma,57,249,146.31046072905883,0.5875922117632885,4.674892425537109,7.956014957224093,2.566850188229102
jacquelinehe/tinycomma-1.8b-llama3-tokenizer,bookmia100.11.052,val,emma,58,249,164.25775521993637,0.6596696996784593,4.117534001668294,6.241811627357282,2.832030262412696
jacquelinehe/tinycomma-1.8b-llama3-tokenizer,bookmia100.11.053,val,emma,50,248,169.81100419908762,0.6847217911253533,4.041874408721924,5.90294402939773,3.3962200839817522
jacquelinehe/tinycomma-1.8b-llama3-tokenizer,bookmia100.11.054,val,emma,53,244,148.02484750002623,0.6066592110656812,2.563171863555908,4.225060489979771,2.792921650943891
jacquelinehe/tinycomma-1.8b-llama3-tokenizer,bookmia100.11.055,val,emma,44,242,128.6235613517929,0.5315023196355078,4.528452237447103,8.520098727984127,2.923262757995293
jacquelinehe/tinycomma-1.8b-llama3-tokenizer,bookmia100.11.056,val,emma,55,249,184.60763226356357,0.7413961135082875,4.417588233947754,5.958472338145556,3.356502404792065
jacquelinehe/tinycomma-1.8b-llama3-tokenizer,bookmia100.11.057,val,emma,60,248,184.64617033489048,0.744541009414881,2.6239760716756186,3.5242868270449548,3.077436172248175
jacquelinehe/tinycomma-1.8b-llama3-tokenizer,bookmia100.11.058,val,emma,47,247,196.34726364910603,0.7949281929113604,3.7523977756500244,4.72042356669622,4.177601354236298
jacquelinehe/tinycomma-1.8b-llama3-tokenizer,bookmia100.11.059,val,emma,56,244,199.79775331451674,0.818843251289003,4.025896390279134,4.916565391412417,3.567817023473513
jacquelinehe/tinycomma-1.8b-llama3-tokenizer,bookmia100.11.060,val,emma,60,248,189.91455950948875,0.7657845141511643,4.605218887329102,6.013726841203844,3.1652426584914792
jacquelinehe/tinycomma-1.8b-llama3-tokenizer,bookmia100.11.061,val,emma,56,245,191.47324763401411,0.7815234597306698,3.283814239501953,4.201811472983328,3.4191651363216806
jacquelinehe/tinycomma-1.8b-llama3-tokenizer,bookmia100.11.062,val,emma,59,249,188.01019754784647,0.7550610343287008,3.350639820098877,4.437574802251341,3.18661351776011
jacquelinehe/tinycomma-1.8b-llama3-tokenizer,bookmia100.11.063,val,emma,67,247,197.96429176054698,0.8014748654273157,3.158003044128418,3.940239651114563,2.954690921799209
jacquelinehe/tinycomma-1.8b-llama3-tokenizer,bookmia100.11.064,val,emma,50,242,168.2445242506219,0.6952253068207517,3.9726759592692056,5.714228064332347,3.364890485012438
jacquelinehe/tinycomma-1.8b-llama3-tokenizer,bookmia100.11.065,val,emma,57,244,191.52422958239913,0.78493536714098,5.946046829223633,7.5752056514936985,3.360074203199985
jacquelinehe/tinycomma-1.8b-llama3-tokenizer,bookmia100.11.066,val,emma,57,240,144.99308559601195,0.6041378566500498,3.99320125579834,6.609751750934263,2.543738343789683
jacquelinehe/tinycomma-1.8b-llama3-tokenizer,bookmia100.11.067,val,emma,58,248,181.48095523612574,0.7317780453069587,5.081671396891276,6.944279661683031,3.128981986829754
jacquelinehe/tinycomma-1.8b-llama3-tokenizer,bookmia100.11.068,val,emma,48,243,176.47713370621204,0.7262433485852348,4.895371437072754,6.740676450406367,3.676606952212751
jacquelinehe/tinycomma-1.8b-llama3-tokenizer,bookmia100.11.069,val,emma,62,249,182.6259955931455,0.7334377333058052,3.722487131754557,5.075396264351284,2.945580574082992
jacquelinehe/tinycomma-1.8b-llama3-tokenizer,bookmia100.11.070,val,emma,58,244,187.98263770093035,0.7704206463152883,4.546152114868164,5.9008700462678005,3.241079960360868
jacquelinehe/tinycomma-1.8b-llama3-tokenizer,bookmia100.11.071,val,emma,55,245,144.8172178310342,0.5910906850246295,5.394986470540364,9.127172204237269,2.633040324200622
jacquelinehe/tinycomma-1.8b-llama3-tokenizer,bookmia100.11.072,val,emma,66,249,162.8982493141666,0.6542098366030787,5.315409024556478,8.124929842321272,2.468155292638888
jacquelinehe/tinycomma-1.8b-llama3-tokenizer,bookmia100.11.073,val,emma,57,245,162.35351262113545,0.6626673984536141,2.9848248958587646,4.504257947235801,2.8483072389672888
jacquelinehe/tinycomma-1.8b-llama3-tokenizer,bookmia100.11.074,val,emma,57,245,166.2911784350872,0.6787395038166825,3.921308994293213,5.777340161052863,2.917389095352407
jacquelinehe/tinycomma-1.8b-llama3-tokenizer,bookmia100.11.075,val,emma,49,247,238.1476514302194,0.9641605321061515,2.1064460277557373,2.184746167896264,4.860156151637131
jacquelinehe/tinycomma-1.8b-llama3-tokenizer,bookmia100.11.076,val,emma,58,241,177.72777771111578,0.7374596585523476,16.744230270385742,22.705283029657647,3.0642720295019963
jacquelinehe/tinycomma-1.8b-llama3-tokenizer,bookmia100.11.077,val,emma,51,248,161.85057730972767,0.6526232956037405,3.9498608907063804,6.052283020409763,3.1735407315632878
jacquelinehe/tinycomma-1.8b-llama3-tokenizer,bookmia100.11.078,val,emma,55,247,158.7221758509986,0.6425999022307636,9.216835021972656,14.343038319764334,2.8858577427454293
jacquelinehe/tinycomma-1.8b-llama3-tokenizer,bookmia100.11.079,val,emma,57,244,182.34920009132475,0.7473327872595277,2.14064884185791,2.864385021440954,3.199108773532013
jacquelinehe/tinycomma-1.8b-llama3-tokenizer,bookmia100.11.080,val,emma,44,248,134.36653655511327,0.5418005506254567,1.5398482409390537,2.842094270966404,3.05378492170712
jacquelinehe/tinycomma-1.8b-llama3-tokenizer,bookmia100.11.081,val,emma,63,245,204.3605119031854,0.8341245383803486,2.899029541015625,3.475535615634544,3.243817649256911
jacquelinehe/tinycomma-1.8b-llama3-tokenizer,bookmia100.11.082,val,emma,53,243,151.22563748061657,0.6223277262576814,2.811972141265869,4.518474788477514,2.8533139147286146
jacquelinehe/tinycomma-1.8b-llama3-tokenizer,bookmia100.11.083,val,emma,61,245,189.17305528430734,0.772134919527785,4.841673533121745,6.270501968856388,3.1011976276115956
jacquelinehe/tinycomma-1.8b-llama3-tokenizer,bookmia100.11.084,val,emma,62,247,156.9085405888036,0.6352572493473829,15.169151306152344,23.87875356280629,2.5307829127226387
jacquelinehe/tinycomma-1.8b-llama3-tokenizer,bookmia100.11.085,val,emma,53,243,164.12946162815206,0.6754298832434241,1.3672370910644531,2.0242472608688273,3.0967822948707937
jacquelinehe/tinycomma-1.8b-llama3-tokenizer,bookmia100.11.086,val,emma,64,247,136.98493807157502,0.5545948909780365,3.3960866928100586,6.123544857798831,2.1403896573683596
jacquelinehe/tinycomma-1.8b-llama3-tokenizer,bookmia100.11.087,val,emma,55,249,175.36597406398505,0.7042810203372893,5.487106959025065,7.791076005991498,3.188472255708819
jacquelinehe/tinycomma-1.8b-llama3-tokenizer,bookmia100.11.088,val,emma,59,249,205.65994185046293,0.8259435415681242,5.236213684082031,6.339675075297076,3.4857617262790326
jacquelinehe/tinycomma-1.8b-llama3-tokenizer,bookmia100.11.089,val,emma,59,240,184.18475068290718,0.76743646117878,3.143539619445801,4.096156201149649,3.1217754353035114
jacquelinehe/tinycomma-1.8b-llama3-tokenizer,bookmia100.11.090,val,emma,59,247,168.49228628026322,0.6821550051832519,15.660442352294922,22.957307698838846,2.8558014623773427
jacquelinehe/tinycomma-1.8b-llama3-tokenizer,bookmia100.11.091,val,emma,56,243,214.00321040302515,0.8806716477490747,15.381518363952637,17.465667713121626,3.8214859000540207
jacquelinehe/tinycomma-1.8b-llama3-tokenizer,bookmia100.11.092,val,emma,55,245,171.9115363219753,0.701679740089695,4.920956929524739,7.013109611652316,3.125664296763187
jacquelinehe/tinycomma-1.8b-llama3-tokenizer,bookmia100.11.093,val,emma,50,247,159.7906344793737,0.6469256456654805,2.1593848864237466,3.337918199552017,3.195812689587474
jacquelinehe/tinycomma-1.8b-llama3-tokenizer,bookmia100.11.094,val,emma,54,248,179.17475237860344,0.7224788402363042,2.4701285362243652,3.418963156646152,3.318050969974138
jacquelinehe/tinycomma-1.8b-llama3-tokenizer,bookmia100.11.095,val,emma,51,249,138.6973260106315,0.5570173735366728,3.0936052799224854,5.553875744090789,2.719555411973167
jacquelinehe/tinycomma-1.8b-llama3-tokenizer,bookmia100.11.096,val,emma,58,249,165.18272131308913,0.663384422944133,2.231576374598912,3.3639264013693073,2.8479779536739507
jacquelinehe/tinycomma-1.8b-llama3-tokenizer,bookmia100.11.097,val,emma,64,249,227.3990339343436,0.9132491322664402,5.412394841512044,5.926526125549035,3.553109905224119
jacquelinehe/tinycomma-1.8b-llama3-tokenizer,bookmia100.11.098,val,emma,56,247,182.65849156107288,0.739508063000295,5.597460428873698,7.5691675438452455,3.2617587778763015
jacquelinehe/tinycomma-1.8b-llama3-tokenizer,bookmia100.11.099,val,emma,57,249,177.85796069726348,0.7142889987841907,15.236677169799805,21.33124995027858,3.120315099951991
jacquelinehe/tinycomma-1.8b-llama3-tokenizer,bookmia100.25.000,val,oliver twist,48,241,133.6419467870146,0.554530899531181,2.404451642717634,4.336010211063871,2.784207224729471
jacquelinehe/tinycomma-1.8b-llama3-tokenizer,bookmia100.25.001,val,oliver twist,57,247,146.91849678836297,0.5948117278881092,2.819527816772461,4.74020212544102,2.5775174875151396
jacquelinehe/tinycomma-1.8b-llama3-tokenizer,bookmia100.25.002,val,oliver twist,78,249,146.13349087169627,0.5868814894445633,6.2280659675598145,10.61213563483521,1.8735062932268751
jacquelinehe/tinycomma-1.8b-llama3-tokenizer,bookmia100.25.003,val,oliver twist,58,247,172.48281487473287,0.6983109913956796,2.037400722503662,2.9176122782080376,2.9738416357712563
jacquelinehe/tinycomma-1.8b-llama3-tokenizer,bookmia100.25.004,val,oliver twist,55,246,155.96492497529835,0.6340037600621884,2.489255746205648,3.926247607682139,2.835725908641788
jacquelinehe/tinycomma-1.8b-llama3-tokenizer,bookmia100.25.005,val,oliver twist,59,242,177.06249547749758,0.7316632044524694,8.270359992980957,11.30350678106052,3.001059245381315
jacquelinehe/tinycomma-1.8b-llama3-tokenizer,bookmia100.25.006,val,oliver twist,73,248,193.26757863664534,0.7793047525671183,1.8388338739221746,2.359582522581631,2.64750107721432
jacquelinehe/tinycomma-1.8b-llama3-tokenizer,bookmia100.25.007,val,oliver twist,62,248,169.4408916713437,0.6832294019005795,14.315552711486816,20.95277614175327,2.732917607602318
jacquelinehe/tinycomma-1.8b-llama3-tokenizer,bookmia100.25.008,val,oliver twist,63,245,177.21175156231038,0.7233132716828995,3.508826732635498,4.851047077391064,2.812884945433498
jacquelinehe/tinycomma-1.8b-llama3-tokenizer,bookmia100.25.009,val,oliver twist,53,248,124.67620400059968,0.5027266290346761,2.8303494453430176,5.629997063767615,2.3523812075584845
jacquelinehe/tinycomma-1.8b-llama3-tokenizer,bookmia100.25.010,val,oliver twist,63,249,177.42140214398387,0.7125357515822646,3.0514566898345947,4.282531343948001,2.8162127324441886
jacquelinehe/tinycomma-1.8b-llama3-tokenizer,bookmia100.25.011,val,oliver twist,57,249,142.5906466622837,0.5726531994469224,0.9078068299727007,1.5852645734791582,2.5015902923207665
jacquelinehe/tinycomma-1.8b-llama3-tokenizer,bookmia100.25.012,val,oliver twist,56,248,170.52778449421749,0.6876120342508769,13.739831924438477,19.981953834486653,3.0451390088253123
jacquelinehe/tinycomma-1.8b-llama3-tokenizer,bookmia100.25.013,val,oliver twist,54,238,143.4178938018158,0.6025961924446043,2.5688655376434326,4.262996630002079,2.6558869222558483
jacquelinehe/tinycomma-1.8b-llama3-tokenizer,bookmia100.25.014,val,oliver twist,64,247,162.4658842671779,0.6577566164663072,6.537313938140869,9.938803767967471,2.5385294416746547
jacquelinehe/tinycomma-1.8b-llama3-tokenizer,bookmia100.25.015,val,oliver twist,58,246,167.5687597742508,0.6811738202205316,1.9512545721871513,2.86454721873402,2.88911654783191
jacquelinehe/tinycomma-1.8b-llama3-tokenizer,bookmia100.25.016,val,oliver twist,54,243,152.9616649998352,0.6294718724273053,1.5494141578674316,2.4614509809512835,2.8326234259228737
jacquelinehe/tinycomma-1.8b-llama3-tokenizer,bookmia100.25.017,val,oliver twist,55,246,161.31686410991824,0.6557596102029197,1.036436252295971,1.5805124868475107,2.9330338929076043
jacquelinehe/tinycomma-1.8b-llama3-tokenizer,bookmia100.25.018,val,oliver twist,67,244,151.36223962530494,0.6203370476446923,3.3120391368865967,5.3390961404962205,2.2591379048552978
jacquelinehe/tinycomma-1.8b-llama3-tokenizer,bookmia100.25.019,val,oliver twist,51,249,153.62415140494704,0.616964463473683,5.391859531402588,8.739335651594756,3.0122382628420987
jacquelinehe/tinycomma-1.8b-llama3-tokenizer,bookmia100.25.020,val,oliver twist,49,237,132.83102238879655,0.5604684488978757,2.5471232732137046,4.544632758940231,2.710837191608093
jacquelinehe/tinycomma-1.8b-llama3-tokenizer,bookmia100.25.021,val,oliver twist,61,248,174.12988765456248,0.7021366437683971,4.847057978312175,6.9032972731601205,2.8545883222059425
jacquelinehe/tinycomma-1.8b-llama3-tokenizer,bookmia100.25.022,val,oliver twist,52,243,163.57044397015125,0.6731293990541204,16.607694625854492,24.67236559447794,3.145585460964447
jacquelinehe/tinycomma-1.8b-llama3-tokenizer,bookmia100.25.023,val,oliver twist,49,249,168.27606217074208,0.6758074785973578,8.925994873046875,13.207895969977763,3.4342053504233077
jacquelinehe/tinycomma-1.8b-llama3-tokenizer,bookmia100.25.024,val,oliver twist,56,248,168.05108614820347,0.6776253473717881,6.131115595499675,9.047943113815895,3.0009122526464904
jacquelinehe/tinycomma-1.8b-llama3-tokenizer,bookmia100.25.025,val,oliver twist,76,245,160.73964106781932,0.6560801676237523,5.120944976806641,7.805364694003966,2.114995277208149
jacquelinehe/tinycomma-1.8b-llama3-tokenizer,bookmia100.25.026,val,oliver twist,57,246,181.06108535081148,0.7360206721577702,8.169075012207031,11.098974962561844,3.176510269312482
jacquelinehe/tinycomma-1.8b-llama3-tokenizer,bookmia100.25.027,val,oliver twist,54,249,150.93940810486674,0.6061823618669347,3.5015487670898438,5.776395004806295,2.795174224164199
jacquelinehe/tinycomma-1.8b-llama3-tokenizer,bookmia100.25.028,val,oliver twist,59,247,139.5319251343608,0.5649065794913393,3.3360748291015625,5.905533676215057,2.3649478836332336
jacquelinehe/tinycomma-1.8b-llama3-tokenizer,bookmia100.25.029,val,oliver twist,60,243,156.25054181180894,0.6430063449045635,16.419918060302734,25.536168018279533,2.6041756968634826
jacquelinehe/tinycomma-1.8b-llama3-tokenizer,bookmia100.25.030,val,oliver twist,63,249,174.90664899908006,0.7024363413617674,5.464071909586589,7.7787431940006835,2.7762960158584136
jacquelinehe/tinycomma-1.8b-llama3-tokenizer,bookmia100.25.031,val,oliver twist,54,238,162.3726026415825,0.6822378262251365,3.046922445297241,4.466070816032071,3.0069000489181943
jacquelinehe/tinycomma-1.8b-llama3-tokenizer,bookmia100.25.032,val,oliver twist,59,246,185.2018792780582,0.7528531677969845,4.129656473795573,5.485341166697704,3.1390149030179355
jacquelinehe/tinycomma-1.8b-llama3-tokenizer,bookmia100.25.033,val,oliver twist,57,245,125.9572843498172,0.5141113646931315,2.238392639160156,4.353906162911285,2.2097769184178455
jacquelinehe/tinycomma-1.8b-llama3-tokenizer,bookmia100.25.034,val,oliver twist,55,249,163.72215001110453,0.6575186747433917,3.098647689819336,4.712638300392971,2.9767663638382644
jacquelinehe/tinycomma-1.8b-llama3-tokenizer,bookmia100.25.035,val,oliver twist,67,245,212.99194678265485,0.8693548848271626,3.385737180709839,3.8945397786347757,3.178984280338132
jacquelinehe/tinycomma-1.8b-llama3-tokenizer,bookmia100.25.036,val,oliver twist,49,247,154.10782445129007,0.623918317616559,3.6246471405029297,5.809489861348367,3.1450576418630627
jacquelinehe/tinycomma-1.8b-llama3-tokenizer,bookmia100.25.037,val,oliver twist,64,248,179.16146653145552,0.722425268271998,6.609058856964111,9.14843257458674,2.7993979145539925
jacquelinehe/tinycomma-1.8b-llama3-tokenizer,bookmia100.25.038,val,oliver twist,58,247,163.2653762474656,0.6609934261030996,6.582433700561523,9.958395107449702,2.8149202801287174
jacquelinehe/tinycomma-1.8b-llama3-tokenizer,bookmia100.25.039,val,oliver twist,59,247,174.96570300217718,0.7083631700493003,7.95759391784668,11.233777043056673,2.9655203898674096
jacquelinehe/tinycomma-1.8b-llama3-tokenizer,bookmia100.25.040,val,oliver twist,57,248,155.71108757902402,0.6278672886250969,4.157763799031575,6.622042387550149,2.7317734662986672
jacquelinehe/tinycomma-1.8b-llama3-tokenizer,bookmia100.25.041,val,oliver twist,51,244,115.5416520840954,0.473531361000391,1.4122025966644287,2.9822789216768744,2.2655225898842235
jacquelinehe/tinycomma-1.8b-llama3-tokenizer,bookmia100.25.042,val,oliver twist,64,247,198.89871081337333,0.8052579385156815,11.07975959777832,13.759267767296347,3.1077923564589582
jacquelinehe/tinycomma-1.8b-llama3-tokenizer,bookmia100.25.043,val,oliver twist,59,246,230.15020932536572,0.9355699566071777,5.891330718994141,6.297049918489166,3.9008510055146735
jacquelinehe/tinycomma-1.8b-llama3-tokenizer,bookmia100.25.044,val,oliver twist,72,244,198.84251532214694,0.8149283414842088,6.680747032165527,8.197956423994345,2.761701601696485
jacquelinehe/tinycomma-1.8b-llama3-tokenizer,bookmia100.25.045,val,oliver twist,60,249,174.26220168644795,0.6998481995439677,2.6023176193237303,3.718402963699045,2.904370028107466
jacquelinehe/tinycomma-1.8b-llama3-tokenizer,bookmia100.25.046,val,oliver twist,57,243,186.14943955501076,0.766047076358069,5.313194592793782,6.935859109408396,3.2657796413159783
jacquelinehe/tinycomma-1.8b-llama3-tokenizer,bookmia100.25.047,val,oliver twist,61,244,202.0793256117031,0.8281939574250127,14.97329330444336,18.07945248839743,3.3127758297000507
jacquelinehe/tinycomma-1.8b-llama3-tokenizer,bookmia100.25.048,val,oliver twist,65,246,135.76082695287187,0.5518732802962271,5.478227138519287,9.926603323826003,2.0886281069672594
jacquelinehe/tinycomma-1.8b-llama3-tokenizer,bookmia100.25.049,val,oliver twist,69,245,164.49278663191944,0.6713991291098753,2.2820333753313338,3.3989221558222726,2.3839534294481077
jacquelinehe/tinycomma-1.8b-llama3-tokenizer,bookmia100.25.050,val,oliver twist,63,248,162.34717820584774,0.6546257185719667,2.2471635341644287,3.432745568057582,2.576939336600758
jacquelinehe/tinycomma-1.8b-llama3-tokenizer,bookmia100.25.051,val,oliver twist,57,238,148.51995807222556,0.6240334372782587,4.846200307210286,7.765930505818951,2.6056132995127292
jacquelinehe/tinycomma-1.8b-llama3-tokenizer,bookmia100.25.052,val,oliver twist,54,244,131.85727394354763,0.540398663703064,5.613206386566162,10.387158154873758,2.441801369324956
jacquelinehe/tinycomma-1.8b-llama3-tokenizer,bookmia100.25.053,val,oliver twist,62,245,194.30237147584558,0.7930709039830431,4.093774159749349,5.161927059975559,3.133909217352348
jacquelinehe/tinycomma-1.8b-llama3-tokenizer,bookmia100.25.054,val,oliver twist,56,247,146.2555693842878,0.5921278112724203,2.368907610575358,4.000669391773416,2.6117065961479966
jacquelinehe/tinycomma-1.8b-llama3-tokenizer,bookmia100.25.055,val,oliver twist,69,247,248.65290708391694,1.0066919315138338,8.324469566345215,8.269133094001381,3.603665320056767
jacquelinehe/tinycomma-1.8b-llama3-tokenizer,bookmia100.25.056,val,oliver twist,57,249,154.45185474437312,0.6202885732705747,3.213491757710775,5.180639941127893,2.7096816621819846
jacquelinehe/tinycomma-1.8b-llama3-tokenizer,bookmia100.25.057,val,oliver twist,66,247,208.79627263266593,0.8453290389986475,8.16176700592041,9.655136200678264,3.163579888373726
jacquelinehe/tinycomma-1.8b-llama3-tokenizer,bookmia100.25.058,val,oliver twist,61,248,178.1069654977182,0.7181732479746701,11.915630340576172,16.591582009187338,2.9197863196347247
jacquelinehe/tinycomma-1.8b-llama3-tokenizer,bookmia100.25.059,val,oliver twist,63,247,156.8192652250873,0.6348958106278838,5.610243479410808,8.836478971033886,2.4891946861124965
jacquelinehe/tinycomma-1.8b-llama3-tokenizer,bookmia100.25.060,val,oliver twist,61,248,214.81691782048438,0.8661972492761467,7.323214530944824,8.454442145902219,3.521588816729252
jacquelinehe/tinycomma-1.8b-llama3-tokenizer,bookmia100.25.061,val,oliver twist,82,245,151.82301418737916,0.6196857721933843,11.627809524536133,18.764041464723935,1.851500173016819
jacquelinehe/tinycomma-1.8b-llama3-tokenizer,bookmia100.25.062,val,oliver twist,67,246,144.12205273285508,0.5858620029790857,5.317993640899658,9.07721206334916,2.15107541392321
jacquelinehe/tinycomma-1.8b-llama3-tokenizer,bookmia100.25.063,val,oliver twist,56,241,188.9160441751592,0.7838840007268016,3.041442394256592,3.87996488184046,3.3735007888421285
jacquelinehe/tinycomma-1.8b-llama3-tokenizer,bookmia100.25.064,val,oliver twist,59,245,173.64526972919703,0.7087562029763144,3.9472994804382324,5.569333240206077,2.9431401649016444
jacquelinehe/tinycomma-1.8b-llama3-tokenizer,bookmia100.25.065,val,oliver twist,57,247,178.5909255973529,0.7230401846046677,6.7119903564453125,9.283011510785098,3.133174133286893
jacquelinehe/tinycomma-1.8b-llama3-tokenizer,bookmia100.25.066,val,oliver twist,55,249,160.15756273362786,0.6432030631872605,4.670841217041016,7.261845417675131,2.9119556860659612
jacquelinehe/tinycomma-1.8b-llama3-tokenizer,bookmia100.25.067,val,oliver twist,60,245,194.38888185366523,0.7934240075659805,2.2920557657877603,2.888815745340495,3.239814697561087
jacquelinehe/tinycomma-1.8b-llama3-tokenizer,bookmia100.25.068,val,oliver twist,56,249,204.15519431739813,0.8199003787847314,2.5235745112101235,3.0779038240604346,3.645628469953538
jacquelinehe/tinycomma-1.8b-llama3-tokenizer,bookmia100.25.069,val,oliver twist,57,246,178.23922701564152,0.724549703315616,3.208083152770996,4.427692314399508,3.127003982730553
jacquelinehe/tinycomma-1.8b-llama3-tokenizer,bookmia100.25.070,val,oliver twist,68,244,169.4702301681973,0.6945501236401529,2.3058440685272217,3.319910241239669,2.4922092671793723
jacquelinehe/tinycomma-1.8b-llama3-tokenizer,bookmia100.25.071,val,oliver twist,55,245,148.67702472256497,0.6068449988676121,1.9587550163269043,3.2277682439205893,2.703218631319363
jacquelinehe/tinycomma-1.8b-llama3-tokenizer,bookmia100.25.072,val,oliver twist,67,247,217.316741571296,0.8798248646611174,3.3406076431274414,3.796900698429505,3.243533456288
jacquelinehe/tinycomma-1.8b-llama3-tokenizer,bookmia100.25.073,val,oliver twist,58,247,250.92255652695894,1.0158807956557043,1.0302022556774317,1.0140975792464741,4.326250974602741
jacquelinehe/tinycomma-1.8b-llama3-tokenizer,bookmia100.25.074,val,oliver twist,61,243,187.2382447263226,0.7705277560754016,3.778043508529663,4.9031893773336765,3.0694794217429933
jacquelinehe/tinycomma-1.8b-llama3-tokenizer,bookmia100.25.075,val,oliver twist,53,245,145.89006378687918,0.5954696481097109,4.24932066599528,7.136082719723062,2.7526427129599846
jacquelinehe/tinycomma-1.8b-llama3-tokenizer,bookmia100.25.076,val,oliver twist,56,247,166.4869687561877,0.6740363107537963,6.762434005737305,10.032744375706791,2.972981584931923
jacquelinehe/tinycomma-1.8b-llama3-tokenizer,bookmia100.25.077,val,oliver twist,53,248,193.6709999255836,0.7809314513128371,3.7318245569864907,4.778683904602455,3.6541698099166715
jacquelinehe/tinycomma-1.8b-llama3-tokenizer,bookmia100.25.078,val,oliver twist,60,248,191.65443879552186,0.7728001564335558,12.744579315185547,16.491429522997652,3.1942406465920308
jacquelinehe/tinycomma-1.8b-llama3-tokenizer,bookmia100.25.079,val,oliver twist,55,245,171.41319718776504,0.6996457028072042,4.306304295857747,6.154978553544266,3.1166035852320917
jacquelinehe/tinycomma-1.8b-llama3-tokenizer,bookmia100.25.080,val,oliver twist,54,248,118.80674376245588,0.47905945065506406,3.044606844584147,6.355384160402145,2.2001248844899237
jacquelinehe/tinycomma-1.8b-llama3-tokenizer,bookmia100.25.081,val,oliver twist,63,247,174.96438601939008,0.7083578381351825,5.379500071207683,7.594325610018961,2.777212476498255
jacquelinehe/tinycomma-1.8b-llama3-tokenizer,bookmia100.25.082,val,oliver twist,54,249,155.6877120861318,0.6252518557675976,5.7228922843933105,9.152939302143352,2.883105779372811
jacquelinehe/tinycomma-1.8b-llama3-tokenizer,bookmia100.25.083,val,oliver twist,55,247,162.43246449204162,0.6576213137329621,2.6430816650390625,4.019154504034717,2.9533175362189383
jacquelinehe/tinycomma-1.8b-llama3-tokenizer,bookmia100.25.084,val,oliver twist,62,243,146.94464125789818,0.6047104578514328,14.829760551452637,24.523737532411022,2.370074858998358
jacquelinehe/tinycomma-1.8b-llama3-tokenizer,bookmia100.25.085,val,oliver twist,57,241,162.2067393672187,0.6730570098224842,4.04356066385905,6.007753585280274,2.8457322696003278
jacquelinehe/tinycomma-1.8b-llama3-tokenizer,bookmia100.25.086,val,oliver twist,74,249,172.24635279123686,0.6917524208483408,17.04388427734375,24.638705646222,2.3276534160977955
jacquelinehe/tinycomma-1.8b-llama3-tokenizer,bookmia100.25.087,val,oliver twist,56,247,170.46661808295175,0.6901482513479829,13.360191345214844,19.358436856313123,3.0440467514812815
jacquelinehe/tinycomma-1.8b-llama3-tokenizer,bookmia100.25.088,val,oliver twist,55,248,163.40552989032585,0.6588932656867977,5.033461888631185,7.639267466764216,2.971009634369561
jacquelinehe/tinycomma-1.8b-llama3-tokenizer,bookmia100.25.089,val,oliver twist,62,249,159.78893334046006,0.6417226238572693,5.305334091186523,8.267332168059149,2.577240860330001
jacquelinehe/tinycomma-1.8b-llama3-tokenizer,bookmia100.25.090,val,oliver twist,65,243,169.3135134858312,0.6967634299828445,6.134413719177246,8.804155693602183,2.604823284397403
jacquelinehe/tinycomma-1.8b-llama3-tokenizer,bookmia100.25.091,val,oliver twist,62,245,201.18272880464792,0.821153995121012,5.403331279754639,6.58016804626075,3.244882722655612
jacquelinehe/tinycomma-1.8b-llama3-tokenizer,bookmia100.25.092,val,oliver twist,52,247,146.3411784172058,0.5924744065473919,4.369318962097168,7.3746965502849395,2.814253431100112
jacquelinehe/tinycomma-1.8b-llama3-tokenizer,bookmia100.25.093,val,oliver twist,55,242,149.25739043444628,0.6167660761753978,1.8958508627755302,3.0738572304946006,2.7137707351717504
jacquelinehe/tinycomma-1.8b-llama3-tokenizer,bookmia100.25.094,val,oliver twist,57,246,127.98621504369657,0.520269166844295,3.7443814277648926,7.197008138069236,2.2453721937490627
jacquelinehe/tinycomma-1.8b-llama3-tokenizer,bookmia100.25.095,val,oliver twist,56,243,170.42755937180482,0.7013479809539293,13.874090194702148,19.782034840724126,3.0433492744965145
jacquelinehe/tinycomma-1.8b-llama3-tokenizer,bookmia100.25.096,val,oliver twist,58,247,173.24671870237216,0.7014037194428023,7.920597076416016,11.29249369066387,2.9870123914202096
jacquelinehe/tinycomma-1.8b-llama3-tokenizer,bookmia100.25.097,val,oliver twist,64,249,191.69280578941107,0.7698506256602854,7.867652893066406,10.21971357926543,2.995200090459548
jacquelinehe/tinycomma-1.8b-llama3-tokenizer,bookmia100.25.098,val,oliver twist,63,247,199.97959875361994,0.8096340030510929,6.942713737487793,8.575126182107331,3.1742793452955547
jacquelinehe/tinycomma-1.8b-llama3-tokenizer,bookmia100.25.099,val,oliver twist,64,248,194.7812831448391,0.785408399777577,4.319958209991455,5.500269937544393,3.043457549138111
jacquelinehe/tinycomma-1.8b-llama3-tokenizer,bookmia100.26.000,val,pride and prejudice,53,247,157.55205066502094,0.6378625532996799,5.319591522216797,8.339714401948209,2.9726802012268103
jacquelinehe/tinycomma-1.8b-llama3-tokenizer,bookmia100.26.001,val,pride and prejudice,53,246,153.543476854451,0.6241604750180935,3.5644097328186035,5.710726448539178,2.897046733102849
jacquelinehe/tinycomma-1.8b-llama3-tokenizer,bookmia100.26.002,val,pride and prejudice,54,249,159.12835526927302,0.6390696998765985,6.960268497467041,10.89125098375191,2.9468213938754264
jacquelinehe/tinycomma-1.8b-llama3-tokenizer,bookmia100.26.003,val,pride and prejudice,63,240,150.2464072322473,0.6260266968010304,6.063094139099121,9.68504086180553,2.3848636068610682
jacquelinehe/tinycomma-1.8b-llama3-tokenizer,bookmia100.26.004,val,pride and prejudice,59,244,159.18680634489283,0.652404944036446,17.953550338745117,27.51902863835771,2.69808146347276
jacquelinehe/tinycomma-1.8b-llama3-tokenizer,bookmia100.26.005,val,pride and prejudice,52,247,155.3172137759393,0.6288146306718191,4.707520802815755,7.486341082404982,2.9868694956911406
jacquelinehe/tinycomma-1.8b-llama3-tokenizer,bookmia100.26.006,val,pride and prejudice,58,249,151.85805908963084,0.6098717232515295,6.356948375701904,10.423418783559681,2.6182423980970837
jacquelinehe/tinycomma-1.8b-llama3-tokenizer,bookmia100.26.007,val,pride and prejudice,49,245,150.15349296852946,0.6128713998715488,3.529550552368164,5.759039421823109,3.064356999357744
jacquelinehe/tinycomma-1.8b-llama3-tokenizer,bookmia100.26.008,val,pride and prejudice,50,249,154.08890437323134,0.6188309412579572,7.23851203918457,11.69707517285763,3.081778087464627
jacquelinehe/tinycomma-1.8b-llama3-tokenizer,bookmia100.26.009,val,pride and prejudice,56,247,168.2993752612383,0.681373988911896,6.671414375305176,9.791119831208896,3.005345986807827
jacquelinehe/tinycomma-1.8b-llama3-tokenizer,bookmia100.26.010,val,pride and prejudice,61,249,167.37240063748322,0.6721783158131857,3.315760612487793,4.932858639565698,2.7438098465161183
jacquelinehe/tinycomma-1.8b-llama3-tokenizer,bookmia100.26.011,val,pride and prejudice,62,244,181.0875841987072,0.7421622303225704,14.856391906738281,20.017714860376493,2.9207674870759224
jacquelinehe/tinycomma-1.8b-llama3-tokenizer,bookmia100.26.012,val,pride and prejudice,62,246,160.50634996779263,0.6524648372674497,1.8105077743530273,2.7748740942661527,2.5888120962547196
jacquelinehe/tinycomma-1.8b-llama3-tokenizer,bookmia100.26.013,val,pride and prejudice,59,246,174.7899447712116,0.7105282307772829,7.23354959487915,10.1805238434594,2.9625414368001963
jacquelinehe/tinycomma-1.8b-llama3-tokenizer,bookmia100.26.014,val,pride and prejudice,52,246,144.25162118536537,0.5863887040055503,5.836874008178711,9.95393323286709,2.7740696381801033
jacquelinehe/tinycomma-1.8b-llama3-tokenizer,bookmia100.26.015,val,pride and prejudice,56,249,174.50883131381124,0.7008386799751456,4.822675704956055,6.881292147184406,3.1162291306037724
jacquelinehe/tinycomma-1.8b-llama3-tokenizer,bookmia100.26.016,val,pride and prejudice,49,249,136.0001245639287,0.546185239212565,3.689752197265625,6.755495997264846,2.7755127462026263
jacquelinehe/tinycomma-1.8b-llama3-tokenizer,bookmia100.26.017,val,pride and prejudice,52,248,155.11406455282122,0.6254599377129888,5.326335589090983,8.515870110828958,2.9829627798619467
jacquelinehe/tinycomma-1.8b-llama3-tokenizer,bookmia100.26.018,val,pride and prejudice,54,248,164.67535438388586,0.6640135257414752,4.698827425638835,7.076403180781382,3.04954359970159
jacquelinehe/tinycomma-1.8b-llama3-tokenizer,bookmia100.26.019,val,pride and prejudice,56,245,155.66913035210746,0.6353842055188059,6.261358737945557,9.854445048461681,2.779805899144776
jacquelinehe/tinycomma-1.8b-llama3-tokenizer,bookmia100.26.020,val,pride and prejudice,51,249,162.5792628340423,0.6529287664017763,5.160791714986165,7.904065467090324,3.1878286830204376
jacquelinehe/tinycomma-1.8b-llama3-tokenizer,bookmia100.26.021,val,pride and prejudice,57,247,168.39752530492842,0.6817713575098316,5.315115610758464,7.796038293793848,2.9543425492092705
jacquelinehe/tinycomma-1.8b-llama3-tokenizer,bookmia100.26.022,val,pride and prejudice,59,248,172.23084080591798,0.6944791967980564,5.856218973795573,8.432533329718254,2.9191667933206435
jacquelinehe/tinycomma-1.8b-llama3-tokenizer,bookmia100.26.023,val,pride and prejudice,63,247,158.04722962602682,0.6398673264211612,2.6615718841552733,4.159568357774569,2.508686184540108
jacquelinehe/tinycomma-1.8b-llama3-tokenizer,bookmia100.26.024,val,pride and prejudice,58,246,151.39358672918752,0.6154210842649899,4.221248149871826,6.859121758744015,2.610234253951509
jacquelinehe/tinycomma-1.8b-llama3-tokenizer,bookmia100.26.025,val,pride and prejudice,56,249,168.91943858657032,0.6783913196247804,2.6604840755462646,3.9217543010688636,3.016418546188756
jacquelinehe/tinycomma-1.8b-llama3-tokenizer,bookmia100.26.026,val,pride and prejudice,63,248,164.5970993648516,0.6636979813098854,3.948364734649658,5.949038336469096,2.61265237087066
jacquelinehe/tinycomma-1.8b-llama3-tokenizer,bookmia100.26.027,val,pride and prejudice,65,248,156.2379590459168,0.6299917703464387,2.619152069091797,4.157438545032896,2.40366090839872
jacquelinehe/tinycomma-1.8b-llama3-tokenizer,bookmia100.26.028,val,pride and prejudice,64,249,161.59188669291325,0.6489634003731456,7.6745452880859375,11.825852249407552,2.5248732295767695
jacquelinehe/tinycomma-1.8b-llama3-tokenizer,bookmia100.26.029,val,pride and prejudice,59,246,158.99656122352462,0.6463274846484741,16.546018600463867,25.600054142000396,2.694856969890248
jacquelinehe/tinycomma-1.8b-llama3-tokenizer,bookmia100.26.030,val,pride and prejudice,51,243,152.35071811452508,0.626957687714095,3.3130550384521484,5.284335934266375,2.9872689826377465
jacquelinehe/tinycomma-1.8b-llama3-tokenizer,bookmia100.26.031,val,pride and prejudice,51,246,167.30607519298792,0.680105996719463,5.239834467569987,7.704437974146208,3.2805112782938806
jacquelinehe/tinycomma-1.8b-llama3-tokenizer,bookmia100.26.032,val,pride and prejudice,65,245,168.53285612445325,0.6878892086712377,2.333736260732015,3.392604842922279,2.5928131711454347
jacquelinehe/tinycomma-1.8b-llama3-tokenizer,bookmia100.26.033,val,pride and prejudice,56,241,153.61044444097206,0.6373877362695937,3.131930923461914,4.913698123205201,2.743043650731644
jacquelinehe/tinycomma-1.8b-llama3-tokenizer,bookmia100.26.034,val,pride and prejudice,53,249,163.1761205480434,0.6553257853335076,2.260195732116699,3.448965053261933,3.0787947273215734
jacquelinehe/tinycomma-1.8b-llama3-tokenizer,bookmia100.26.035,val,pride and prejudice,57,249,176.48896264936775,0.7087910146560954,14.540199279785156,20.514085222764916,3.096297590339785
jacquelinehe/tinycomma-1.8b-llama3-tokenizer,bookmia100.26.036,val,pride and prejudice,52,249,173.06093230471015,0.6950238245169083,15.440900802612305,22.21636188276689,3.3280948520136566
jacquelinehe/tinycomma-1.8b-llama3-tokenizer,bookmia100.26.037,val,pride and prejudice,62,248,152.37261810764903,0.6144057181760042,14.713647842407227,23.947771655003248,2.457622872704017
jacquelinehe/tinycomma-1.8b-llama3-tokenizer,bookmia100.26.038,val,pride and prejudice,62,248,178.3566549399402,0.7191800602416943,8.627228736877441,11.995923154457445,2.8767202409667774
jacquelinehe/tinycomma-1.8b-llama3-tokenizer,bookmia100.26.039,val,pride and prejudice,56,249,138.02579524848989,0.5543204628453409,4.058287143707275,7.321193092666984,2.4647463437230335
jacquelinehe/tinycomma-1.8b-llama3-tokenizer,bookmia100.26.040,val,pride and prejudice,52,248,126.87673540366814,0.5115997395309199,4.759469032287598,9.303110741712851,2.4399372193013105
jacquelinehe/tinycomma-1.8b-llama3-tokenizer,bookmia100.26.041,val,pride and prejudice,56,246,124.65232071792707,0.5067167508858824,3.1990084648132324,6.313208432956818,2.225934298534412
jacquelinehe/tinycomma-1.8b-llama3-tokenizer,bookmia100.26.042,val,pride and prejudice,55,249,187.71879343222827,0.7538907366756156,4.116132736206055,5.45985318025886,3.4130689714950595
jacquelinehe/tinycomma-1.8b-llama3-tokenizer,bookmia100.26.043,val,pride and prejudice,55,246,137.9996997982962,0.5609743894239683,15.867476463317871,28.2855630532639,2.509085450878113
jacquelinehe/tinycomma-1.8b-llama3-tokenizer,bookmia100.26.044,val,pride and prejudice,57,249,155.8880647351034,0.6260564848799334,5.7688446044921875,9.214575272067584,2.7348783286860243
jacquelinehe/tinycomma-1.8b-llama3-tokenizer,bookmia100.26.045,val,pride and prejudice,59,240,146.88718598277774,0.6120299415949072,2.5505134582519533,4.167301768938778,2.4896133217419956
jacquelinehe/tinycomma-1.8b-llama3-tokenizer,bookmia100.26.046,val,pride and prejudice,56,241,150.09154119415325,0.6227864779840384,2.5052516937255858,4.022649467013306,2.6802060927527367
jacquelinehe/tinycomma-1.8b-llama3-tokenizer,bookmia100.26.047,val,pride and prejudice,52,248,175.61843853071332,0.7081388650431989,5.246935844421387,7.409473061616673,3.3772776640521793
jacquelinehe/tinycomma-1.8b-llama3-tokenizer,bookmia100.26.048,val,pride and prejudice,52,248,158.00062778947176,0.6370993056027088,3.2190914154052734,5.0527310061340405,3.0384736113359954
jacquelinehe/tinycomma-1.8b-llama3-tokenizer,bookmia100.26.049,val,pride and prejudice,54,243,162.31485086120665,0.6679623492230726,3.692294692993164,5.527698825072678,3.005830571503827
jacquelinehe/tinycomma-1.8b-llama3-tokenizer,bookmia100.26.050,val,pride and prejudice,55,246,148.69873675704002,0.6044664095814635,2.443849245707194,4.042986023655692,2.703613395582546
jacquelinehe/tinycomma-1.8b-llama3-tokenizer,bookmia100.26.051,val,pride and prejudice,61,249,172.38014022260904,0.6922897197695143,8.612380027770996,12.44042744219622,2.825903938075558
jacquelinehe/tinycomma-1.8b-llama3-tokenizer,bookmia100.26.052,val,pride and prejudice,57,246,138.52530085274338,0.5631109790761927,3.1140844345092775,5.530143346908392,2.430268436013042
jacquelinehe/tinycomma-1.8b-llama3-tokenizer,bookmia100.26.053,val,pride and prejudice,62,249,187.66028473974438,0.7536557620070056,4.537308692932129,6.020399394080334,3.0267787861249094
jacquelinehe/tinycomma-1.8b-llama3-tokenizer,bookmia100.26.054,val,pride and prejudice,56,248,167.72737039779895,0.6763200419266087,6.6785993576049805,9.874909722592124,2.99513161424641
jacquelinehe/tinycomma-1.8b-llama3-tokenizer,bookmia100.26.055,val,pride and prejudice,51,243,161.9806062541902,0.6665868570131285,4.172340393066406,6.25925991364728,3.176090318709612
jacquelinehe/tinycomma-1.8b-llama3-tokenizer,bookmia100.26.056,val,pride and prejudice,55,249,171.58300376066472,0.6890883685167258,6.79508113861084,9.860972045192643,3.1196909774666315
jacquelinehe/tinycomma-1.8b-llama3-tokenizer,bookmia100.26.057,val,pride and prejudice,64,247,194.67863042204408,0.7881725928017979,11.295842170715332,14.331686072159455,3.0418536003444387
jacquelinehe/tinycomma-1.8b-llama3-tokenizer,bookmia100.26.058,val,pride and prejudice,53,249,189.9299388192594,0.7627708386315639,2.4555469512939454,3.2192459739274746,3.583583751306781
jacquelinehe/tinycomma-1.8b-llama3-tokenizer,bookmia100.26.059,val,pride and prejudice,59,239,168.63782856240869,0.705597609047735,4.8522154490153,6.876745877248342,2.858268280718791
jacquelinehe/tinycomma-1.8b-llama3-tokenizer,bookmia100.26.060,val,pride and prejudice,51,249,157.80938139557838,0.6337726160464995,2.2065132686070035,3.481553498431862,3.094301595991733
jacquelinehe/tinycomma-1.8b-llama3-tokenizer,bookmia100.26.061,val,pride and prejudice,53,245,143.902840168681,0.5873585313007388,6.228496551513672,10.604249737754404,2.7151479277109623
jacquelinehe/tinycomma-1.8b-llama3-tokenizer,bookmia100.26.062,val,pride and prejudice,58,247,143.41291675670072,0.5806190961809746,3.6796839237213135,6.337517914798971,2.472636495805185
jacquelinehe/tinycomma-1.8b-llama3-tokenizer,bookmia100.26.063,val,pride and prejudice,51,245,154.55891431309283,0.6308527114820115,4.228969891866048,6.703577261214063,3.0305669473155454
jacquelinehe/tinycomma-1.8b-llama3-tokenizer,bookmia100.26.064,val,pride and prejudice,52,244,150.13285477721365,0.615298585152515,6.986696720123291,11.3549695850373,2.8871702841771856
jacquelinehe/tinycomma-1.8b-llama3-tokenizer,bookmia100.26.065,val,pride and prejudice,46,247,167.97190333157778,0.680048191625821,3.035572052001953,4.463760200206809,3.6515631159038646
jacquelinehe/tinycomma-1.8b-llama3-tokenizer,bookmia100.26.066,val,pride and prejudice,57,249,175.52308738604188,0.7049119975343048,6.917675495147705,9.813530652542276,3.0793524102814365
jacquelinehe/tinycomma-1.8b-llama3-tokenizer,bookmia100.26.067,val,pride and prejudice,57,246,167.3402795046568,0.6802450386368162,2.864365471733941,4.210784804067098,2.9357943772746804
jacquelinehe/tinycomma-1.8b-llama3-tokenizer,bookmia100.26.068,val,pride and prejudice,56,245,161.84405970200896,0.6605879987837101,2.266023908342634,3.4303134669641135,2.8900724946787313
jacquelinehe/tinycomma-1.8b-llama3-tokenizer,bookmia100.26.069,val,pride and prejudice,57,245,188.59049604739994,0.7697571267240814,2.930558204650879,3.807120587662106,3.308605193814034
jacquelinehe/tinycomma-1.8b-llama3-tokenizer,bookmia100.26.070,val,pride and prejudice,54,247,131.6172027029097,0.5328631688376911,7.911745071411133,14.847611045568495,2.437355605609439
jacquelinehe/tinycomma-1.8b-llama3-tokenizer,bookmia100.26.071,val,pride and prejudice,56,242,163.7743757814169,0.6767536189314748,1.9807143892560686,2.926788027204665,2.9245424246681586
jacquelinehe/tinycomma-1.8b-llama3-tokenizer,bookmia100.26.072,val,pride and prejudice,56,249,176.65946278721094,0.7094757541655058,2.1688715616861978,3.0570058933687614,3.1546332640573382
jacquelinehe/tinycomma-1.8b-llama3-tokenizer,bookmia100.26.073,val,pride and prejudice,53,242,144.40258425008506,0.5967048935953928,10.199786186218262,17.093518581287892,2.7245770613223597
jacquelinehe/tinycomma-1.8b-llama3-tokenizer,bookmia100.26.074,val,pride and prejudice,58,249,182.86596353002824,0.7344014599599528,3.258789380391439,4.4373405529029615,3.1528614401729005
jacquelinehe/tinycomma-1.8b-llama3-tokenizer,bookmia100.26.075,val,pride and prejudice,52,243,141.9395342580974,0.5841133097041046,5.301424980163574,9.076021539124193,2.7296064280403347
jacquelinehe/tinycomma-1.8b-llama3-tokenizer,bookmia100.26.076,val,pride and prejudice,59,245,167.4632456562831,0.6835234516582984,11.541007041931152,16.884580937100957,2.8383600958692052
jacquelinehe/tinycomma-1.8b-llama3-tokenizer,bookmia100.26.077,val,pride and prejudice,54,249,161.93723918520845,0.6503503581735279,3.4958248138427734,5.375294669877017,2.9988377626890457
jacquelinehe/tinycomma-1.8b-llama3-tokenizer,bookmia100.26.078,val,pride and prejudice,46,246,142.58566935692215,0.5796165421013095,3.642042541503906,6.283537954766177,3.0996884642809164
jacquelinehe/tinycomma-1.8b-llama3-tokenizer,bookmia100.26.079,val,pride and prejudice,50,246,150.36104378616437,0.6112237552283104,3.070364236831665,5.023306457853216,3.0072208757232874
jacquelinehe/tinycomma-1.8b-llama3-tokenizer,bookmia100.26.080,val,pride and prejudice,51,248,142.20288395229727,0.5733987256141019,5.046207745869954,8.800521383205966,2.7882918422019074
jacquelinehe/tinycomma-1.8b-llama3-tokenizer,bookmia100.26.081,val,pride and prejudice,45,245,155.72238650918007,0.6356015775884901,4.087625026702881,6.431112147662646,3.460497477981779
jacquelinehe/tinycomma-1.8b-llama3-tokenizer,bookmia100.26.082,val,pride and prejudice,60,248,180.22682293649996,0.7267210602278225,3.9063520431518555,5.375311459842981,3.003780382274999
jacquelinehe/tinycomma-1.8b-llama3-tokenizer,bookmia100.26.083,val,pride and prejudice,52,247,158.72128154765232,0.6425962815694426,4.668885866800944,7.26565963842478,3.0523323374548523
jacquelinehe/tinycomma-1.8b-llama3-tokenizer,bookmia100.26.084,val,pride and prejudice,60,246,177.8986878246069,0.7231653976610036,7.43463134765625,10.280679042032045,2.964978130410115
jacquelinehe/tinycomma-1.8b-llama3-tokenizer,bookmia100.26.085,val,pride and prejudice,55,247,190.91466797189787,0.7729338784287363,2.691864013671875,3.4826575581653225,3.471175781307234
jacquelinehe/tinycomma-1.8b-llama3-tokenizer,bookmia100.26.086,val,pride and prejudice,58,248,148.72511732578278,0.5996980537329951,3.9186389446258545,6.534353280343575,2.5642261607893584
jacquelinehe/tinycomma-1.8b-llama3-tokenizer,bookmia100.26.087,val,pride and prejudice,59,247,187.18998311756877,0.7578541826622217,2.6038467407226564,3.4358149632106736,3.1727115782638773
jacquelinehe/tinycomma-1.8b-llama3-tokenizer,bookmia100.26.088,val,pride and prejudice,47,243,174.06239446392283,0.7163061500572956,5.691305796305339,7.945353806958247,3.70345520136006
jacquelinehe/tinycomma-1.8b-llama3-tokenizer,bookmia100.26.089,val,pride and prejudice,54,248,158.0602945194114,0.6373398972556912,2.606708526611328,4.089981715934466,2.9270424911002113
jacquelinehe/tinycomma-1.8b-llama3-tokenizer,bookmia100.26.090,val,pride and prejudice,47,247,156.83154167234898,0.6349455128435181,2.381258964538574,3.750335920753934,3.3368413121776377
jacquelinehe/tinycomma-1.8b-llama3-tokenizer,bookmia100.26.091,val,pride and prejudice,60,246,152.39041843265295,0.6194732456611909,3.238403081893921,5.227672227292773,2.5398403072108824
jacquelinehe/tinycomma-1.8b-llama3-tokenizer,bookmia100.26.092,val,pride and prejudice,66,247,185.90694310236722,0.7526596886735515,5.469413757324219,7.266781839961737,2.8167718651873823
jacquelinehe/tinycomma-1.8b-llama3-tokenizer,bookmia100.26.093,val,pride and prejudice,52,247,168.26544589502737,0.681236623056791,3.100755055745443,4.551656430084425,3.235873959519757
jacquelinehe/tinycomma-1.8b-llama3-tokenizer,bookmia100.26.094,val,pride and prejudice,56,247,174.12816151976585,0.7049723138452059,6.2262725830078125,8.831939156655938,3.1094314557101046
jacquelinehe/tinycomma-1.8b-llama3-tokenizer,bookmia100.26.095,val,pride and prejudice,67,246,196.37189643410966,0.7982597416020718,2.3418046633402505,2.9336374381606074,2.930923827374771
jacquelinehe/tinycomma-1.8b-llama3-tokenizer,bookmia100.26.096,val,pride and prejudice,50,239,121.87491119420156,0.5099368669213454,3.021468734741211,5.9251819798454655,2.437498223884031
jacquelinehe/tinycomma-1.8b-llama3-tokenizer,bookmia100.26.097,val,pride and prejudice,53,249,161.3709327345714,0.6480760350786,3.1508611679077148,4.861869591467877,3.0447345798975736
jacquelinehe/tinycomma-1.8b-llama3-tokenizer,bookmia100.26.098,val,pride and prejudice,47,248,165.63912887545303,0.6678997132074719,4.464651743570964,6.684613955185356,3.5242367845841067
jacquelinehe/tinycomma-1.8b-llama3-tokenizer,bookmia100.26.099,val,pride and prejudice,59,246,172.08239638153464,0.6995219365103034,15.715170860290527,22.465586910238457,2.916650786127706
jacquelinehe/tinycomma-1.8b-llama3-tokenizer,bookmia100.31.000,val,the adventures of sherlock holmes,55,247,146.43675517477095,0.5928613569828783,2.4234731992085776,4.08775706269985,2.662486457723108
jacquelinehe/tinycomma-1.8b-llama3-tokenizer,bookmia100.31.001,val,the adventures of sherlock holmes,59,247,171.2275317646563,0.6932288735411186,2.8273587226867676,4.078535719731621,2.9021615553331577
jacquelinehe/tinycomma-1.8b-llama3-tokenizer,bookmia100.31.002,val,the adventures of sherlock holmes,63,248,178.88262053392828,0.7213008892497108,3.566112518310547,4.944001278051906,2.839406675141719
jacquelinehe/tinycomma-1.8b-llama3-tokenizer,bookmia100.31.003,val,the adventures of sherlock holmes,66,247,140.67853690544143,0.569548732410694,2.770014762878418,4.863525463666552,2.131492983415779
jacquelinehe/tinycomma-1.8b-llama3-tokenizer,bookmia100.31.004,val,the adventures of sherlock holmes,55,246,150.93447308515897,0.6135547686388576,4.14375654856364,6.753686484674169,2.7442631470028904
jacquelinehe/tinycomma-1.8b-llama3-tokenizer,bookmia100.31.005,val,the adventures of sherlock holmes,59,248,212.89596470771357,0.8584514705956192,6.8800530433654785,8.014492698803222,3.6084061814866706
jacquelinehe/tinycomma-1.8b-llama3-tokenizer,bookmia100.31.006,val,the adventures of sherlock holmes,63,247,154.56563923461363,0.6257718187636179,11.17436695098877,17.856935413081985,2.453422844993867
jacquelinehe/tinycomma-1.8b-llama3-tokenizer,bookmia100.31.007,val,the adventures of sherlock holmes,57,242,144.47349401272368,0.5969979091434863,7.584494113922119,12.704389743682023,2.534622701977608
jacquelinehe/tinycomma-1.8b-llama3-tokenizer,bookmia100.31.008,val,the adventures of sherlock holmes,59,246,153.65331609081477,0.6246069759789218,3.372872161865234,5.399991180980752,2.6042934930646573
jacquelinehe/tinycomma-1.8b-llama3-tokenizer,bookmia100.31.009,val,the adventures of sherlock holmes,56,248,162.11515628546476,0.6536901463123579,3.629199981689453,5.551865822305487,2.894913505097585
jacquelinehe/tinycomma-1.8b-llama3-tokenizer,bookmia100.31.010,val,the adventures of sherlock holmes,61,248,181.5963954627514,0.7322435300917395,3.6862173080444336,5.034141179209333,2.9769900895533015
jacquelinehe/tinycomma-1.8b-llama3-tokenizer,bookmia100.31.011,val,the adventures of sherlock holmes,56,245,160.039735250175,0.6532234091843877,1.7539928981236048,2.6851347846116442,2.8578524151816964
jacquelinehe/tinycomma-1.8b-llama3-tokenizer,bookmia100.31.012,val,the adventures of sherlock holmes,62,249,173.533467067522,0.6969215544880402,2.621390724182129,3.7613856355867874,2.7989268881858385
jacquelinehe/tinycomma-1.8b-llama3-tokenizer,bookmia100.31.013,val,the adventures of sherlock holmes,45,236,167.86003455519676,0.7112713328610032,5.157141367594401,7.250596402993527,3.7302229901154837
jacquelinehe/tinycomma-1.8b-llama3-tokenizer,bookmia100.31.014,val,the adventures of sherlock holmes,56,248,149.32131408457644,0.6021020729216792,2.010678972516741,3.3394320713097563,2.6664520372245795
jacquelinehe/tinycomma-1.8b-llama3-tokenizer,bookmia100.31.015,val,the adventures of sherlock holmes,57,246,178.31827608402818,0.7248710409919845,2.2796996434529624,3.1449727117435926,3.1283908084917225
jacquelinehe/tinycomma-1.8b-llama3-tokenizer,bookmia100.31.016,val,the adventures of sherlock holmes,53,244,186.17394774389686,0.7630079825569543,16.280094146728516,21.33672847323494,3.5127159951678655
jacquelinehe/tinycomma-1.8b-llama3-tokenizer,bookmia100.31.017,val,the adventures of sherlock holmes,53,247,164.67226857331116,0.6666893464506525,4.181278228759766,6.271703981802353,3.1070239353454934
jacquelinehe/tinycomma-1.8b-llama3-tokenizer,bookmia100.31.018,val,the adventures of sherlock holmes,58,246,165.68083507567644,0.6734993295759205,3.791242218017578,5.629169995469474,2.8565661219944216
jacquelinehe/tinycomma-1.8b-llama3-tokenizer,bookmia100.31.019,val,the adventures of sherlock holmes,48,239,140.03171291947365,0.5859067486170445,2.7666476567586265,4.721993155547248,2.917327352489034
jacquelinehe/tinycomma-1.8b-llama3-tokenizer,bookmia100.31.020,val,the adventures of sherlock holmes,55,245,139.82995387515984,0.5707345056128973,4.50651741027832,7.8959960646481075,2.542362797730179
jacquelinehe/tinycomma-1.8b-llama3-tokenizer,bookmia100.31.021,val,the adventures of sherlock holmes,63,248,175.28172234259546,0.7067811384782074,3.022960344950358,4.27708123544325,2.782249560993579
jacquelinehe/tinycomma-1.8b-llama3-tokenizer,bookmia100.31.022,val,the adventures of sherlock holmes,53,248,147.83645253628492,0.5961147279688909,2.0712182786729603,3.474529619038451,2.789367028986508
jacquelinehe/tinycomma-1.8b-llama3-tokenizer,bookmia100.31.023,val,the adventures of sherlock holmes,57,244,161.72527383943088,0.6628084993419299,4.577947616577148,6.906893350224641,2.837285505954928
jacquelinehe/tinycomma-1.8b-llama3-tokenizer,bookmia100.31.024,val,the adventures of sherlock holmes,56,246,168.01200002385303,0.6829756098530612,11.754781723022461,17.21112958272616,3.0002142861402326
jacquelinehe/tinycomma-1.8b-llama3-tokenizer,bookmia100.31.025,val,the adventures of sherlock holmes,58,241,158.75230243656551,0.6587232466247531,1.3486004727227348,2.047294489199917,2.7371086626994052
jacquelinehe/tinycomma-1.8b-llama3-tokenizer,bookmia100.31.026,val,the adventures of sherlock holmes,43,238,93.36660738126375,0.3922966696691754,4.782963752746582,12.192210952950646,2.1713164507270637
jacquelinehe/tinycomma-1.8b-llama3-tokenizer,bookmia100.31.027,val,the adventures of sherlock holmes,65,248,186.63527348730713,0.7525615866423675,4.507413546244304,5.9894281428243,2.871311899804725
jacquelinehe/tinycomma-1.8b-llama3-tokenizer,bookmia100.31.028,val,the adventures of sherlock holmes,60,242,158.86628529126756,0.6564722532697007,16.352693557739258,24.909953888060254,2.647771421521126
jacquelinehe/tinycomma-1.8b-llama3-tokenizer,bookmia100.31.029,val,the adventures of sherlock holmes,53,247,137.55381177575327,0.5568980233836165,6.919919967651367,12.42582964401117,2.5953549391651562
jacquelinehe/tinycomma-1.8b-llama3-tokenizer,bookmia100.31.030,val,the adventures of sherlock holmes,65,241,226.1750282049179,0.9384855942112776,4.328333218892415,4.612040126764049,3.4796158185371984
jacquelinehe/tinycomma-1.8b-llama3-tokenizer,bookmia100.31.031,val,the adventures of sherlock holmes,69,246,205.37385377753526,0.8348530641363222,4.716550827026367,5.649558023609538,2.97643266344254
jacquelinehe/tinycomma-1.8b-llama3-tokenizer,bookmia100.31.032,val,the adventures of sherlock holmes,62,248,161.5852145536337,0.6515532844904585,2.701142120361328,4.145696422164049,2.606213137961834
jacquelinehe/tinycomma-1.8b-llama3-tokenizer,bookmia100.31.033,val,the adventures of sherlock holmes,61,247,140.83326512307394,0.5701751624415949,1.7408023561750139,3.053100995702054,2.3087420511979335
jacquelinehe/tinycomma-1.8b-llama3-tokenizer,bookmia100.31.034,val,the adventures of sherlock holmes,62,247,173.6351115233265,0.7029761600134675,1.4067516326904297,2.0011370409253697,2.8005663148923627
jacquelinehe/tinycomma-1.8b-llama3-tokenizer,bookmia100.31.035,val,the adventures of sherlock holmes,52,244,130.2911832910031,0.533980259389357,1.607459477015904,3.010335024096479,2.5055996786731365
jacquelinehe/tinycomma-1.8b-llama3-tokenizer,bookmia100.31.036,val,the adventures of sherlock holmes,62,242,150.12166538950987,0.6203374602872309,7.665017604827881,12.35620625147931,2.421317183701772
jacquelinehe/tinycomma-1.8b-llama3-tokenizer,bookmia100.31.037,val,the adventures of sherlock holmes,56,248,165.3596078700648,0.6667726123792935,4.421652475992839,6.631424857440878,2.9528501405368712
jacquelinehe/tinycomma-1.8b-llama3-tokenizer,bookmia100.31.038,val,the adventures of sherlock holmes,59,249,171.0922963959165,0.6871176562085,3.034677028656006,4.4165318722870355,2.8998694304392627
jacquelinehe/tinycomma-1.8b-llama3-tokenizer,bookmia100.31.039,val,the adventures of sherlock holmes,57,241,140.28268754854798,0.5820858404504066,3.5107526779174805,6.031331521826624,2.4610997815534734
jacquelinehe/tinycomma-1.8b-llama3-tokenizer,bookmia100.31.040,val,the adventures of sherlock holmes,55,247,130.43028411711566,0.5280578304336666,3.6131670475006104,6.842369981585734,2.3714597112202846
jacquelinehe/tinycomma-1.8b-llama3-tokenizer,bookmia100.31.041,val,the adventures of sherlock holmes,61,248,161.79256150493165,0.6523893609069825,2.52231502532959,3.866272469285747,2.6523370738513385
jacquelinehe/tinycomma-1.8b-llama3-tokenizer,bookmia100.31.042,val,the adventures of sherlock holmes,51,247,125.78013965203718,0.5092313346236323,3.764751434326172,7.393008203449737,2.46627724807916
jacquelinehe/tinycomma-1.8b-llama3-tokenizer,bookmia100.31.043,val,the adventures of sherlock holmes,63,245,154.50660734297708,0.6306392136448044,4.784600257873535,7.586905720975942,2.452485830840906
jacquelinehe/tinycomma-1.8b-llama3-tokenizer,bookmia100.31.044,val,the adventures of sherlock holmes,60,249,184.79947746545076,0.742166576166469,2.7681482315063475,3.7298206634482662,3.0799912910908462
jacquelinehe/tinycomma-1.8b-llama3-tokenizer,bookmia100.31.045,val,the adventures of sherlock holmes,64,247,147.34712861047592,0.5965470793946394,15.088951110839844,25.29381440631932,2.3022988845386863
jacquelinehe/tinycomma-1.8b-llama3-tokenizer,bookmia100.31.046,val,the adventures of sherlock holmes,61,248,207.69673867989331,0.8374868495156989,3.076160430908203,3.673085055230518,3.404864568522841
jacquelinehe/tinycomma-1.8b-llama3-tokenizer,bookmia100.31.047,val,the adventures of sherlock holmes,55,244,138.40234107756987,0.5672227093343027,2.9259819984436035,5.15843591995384,2.516406201410361
jacquelinehe/tinycomma-1.8b-llama3-tokenizer,bookmia100.31.048,val,the adventures of sherlock holmes,62,247,117.10919440121506,0.4741262931223282,2.818641471862793,5.94491702474632,1.8888579742131462
jacquelinehe/tinycomma-1.8b-llama3-tokenizer,bookmia100.31.049,val,the adventures of sherlock holmes,66,248,175.10787501186132,0.7060801411768601,3.8101329803466797,5.396176380199753,2.6531496213918384
jacquelinehe/tinycomma-1.8b-llama3-tokenizer,bookmia100.31.050,val,the adventures of sherlock holmes,55,244,118.32870593934786,0.4849537128661797,3.1768198013305664,6.550769108570971,2.151431017079052
jacquelinehe/tinycomma-1.8b-llama3-tokenizer,bookmia100.31.051,val,the adventures of sherlock holmes,60,249,186.62449256327818,0.7494959540693903,4.853945414225261,6.476279675521597,3.1104082093879697
jacquelinehe/tinycomma-1.8b-llama3-tokenizer,bookmia100.31.052,val,the adventures of sherlock holmes,60,245,142.24891724414192,0.5806078254862935,2.7827680110931396,4.792853091090197,2.3708152874023654
jacquelinehe/tinycomma-1.8b-llama3-tokenizer,bookmia100.31.053,val,the adventures of sherlock holmes,60,248,164.13341230154037,0.661828275409437,2.0903512954711916,3.158449666082951,2.7355568716923395
jacquelinehe/tinycomma-1.8b-llama3-tokenizer,bookmia100.31.054,val,the adventures of sherlock holmes,53,249,187.85714990645647,0.7544463851664919,4.020176251729329,5.328644063742387,3.5444745265369146
jacquelinehe/tinycomma-1.8b-llama3-tokenizer,bookmia100.31.055,val,the adventures of sherlock holmes,54,244,179.00498959980905,0.7336270065565945,4.059744834899902,5.533799599274594,3.314907214811279
jacquelinehe/tinycomma-1.8b-llama3-tokenizer,bookmia100.31.056,val,the adventures of sherlock holmes,54,245,145.12874859198928,0.5923622391509766,3.292226473490397,5.557792607120084,2.6875694183701717
jacquelinehe/tinycomma-1.8b-llama3-tokenizer,bookmia100.31.057,val,the adventures of sherlock holmes,54,247,154.8148604328744,0.6267808114691271,3.003251075744629,4.791549168050047,2.8669418598680445
jacquelinehe/tinycomma-1.8b-llama3-tokenizer,bookmia100.31.058,val,the adventures of sherlock holmes,50,245,126.57150666136295,0.5166183945361753,2.7465892791748048,5.316475967993199,2.531430133227259
jacquelinehe/tinycomma-1.8b-llama3-tokenizer,bookmia100.31.059,val,the adventures of sherlock holmes,57,248,171.36182793416083,0.6909751126377452,7.0178656578063965,10.156466607047864,3.0063478584940495
jacquelinehe/tinycomma-1.8b-llama3-tokenizer,bookmia100.31.060,val,the adventures of sherlock holmes,54,246,156.4513736309018,0.635981193621552,6.392593860626221,10.05154543049304,2.897247659831515
jacquelinehe/tinycomma-1.8b-llama3-tokenizer,bookmia100.31.061,val,the adventures of sherlock holmes,56,244,165.4771779566072,0.6781851555598656,5.719381968180339,8.433363545769133,2.9549496063679856
jacquelinehe/tinycomma-1.8b-llama3-tokenizer,bookmia100.31.062,val,the adventures of sherlock holmes,62,246,155.30809792061336,0.6313337313846071,4.177048206329346,6.616228467895211,2.5049693213002153
jacquelinehe/tinycomma-1.8b-llama3-tokenizer,bookmia100.31.063,val,the adventures of sherlock holmes,53,246,121.96148248016834,0.495778384065725,1.295072979397244,2.612201380739417,2.301160046795629
jacquelinehe/tinycomma-1.8b-llama3-tokenizer,bookmia100.31.064,val,the adventures of sherlock holmes,61,245,189.6038937708363,0.7738934439625971,2.5585132598876954,3.3060278257265487,3.108260553620267
jacquelinehe/tinycomma-1.8b-llama3-tokenizer,bookmia100.31.065,val,the adventures of sherlock holmes,55,244,149.3068161411211,0.6119131809062339,14.759086608886719,24.119576223262165,2.71466938438402
jacquelinehe/tinycomma-1.8b-llama3-tokenizer,bookmia100.31.066,val,the adventures of sherlock holmes,55,238,154.21639726683497,0.6479680557430041,7.9314117431640625,12.240436350013224,2.803934495760636
jacquelinehe/tinycomma-1.8b-llama3-tokenizer,bookmia100.31.067,val,the adventures of sherlock holmes,49,247,153.97379444167018,0.6233756859986647,2.791309356689453,4.4777321595687525,3.1423223355442893
jacquelinehe/tinycomma-1.8b-llama3-tokenizer,bookmia100.31.068,val,the adventures of sherlock holmes,54,249,164.57640426338185,0.6609494147123769,3.461681365966797,5.23743767512557,3.0477111900626266
jacquelinehe/tinycomma-1.8b-llama3-tokenizer,bookmia100.31.069,val,the adventures of sherlock holmes,56,249,162.98243200872093,0.6545479197137387,5.651387532552083,8.63403176809984,2.910400571584302
jacquelinehe/tinycomma-1.8b-llama3-tokenizer,bookmia100.31.070,val,the adventures of sherlock holmes,60,248,157.0797694734065,0.6333861672314778,13.476093292236328,21.276267132798537,2.6179961578901083
jacquelinehe/tinycomma-1.8b-llama3-tokenizer,bookmia100.31.071,val,the adventures of sherlock holmes,65,248,193.07832657173276,0.7785416394021483,4.9377593994140625,6.34231895831009,2.9704357934112733
jacquelinehe/tinycomma-1.8b-llama3-tokenizer,bookmia100.31.072,val,the adventures of sherlock holmes,56,246,144.62748505361378,0.5879166059089991,3.8581483364105225,6.5624074871049105,2.5826336616716747
jacquelinehe/tinycomma-1.8b-llama3-tokenizer,bookmia100.31.073,val,the adventures of sherlock holmes,60,247,152.21762877139554,0.6162657035279172,2.6208802858988443,4.252841381396323,2.536960479523259
jacquelinehe/tinycomma-1.8b-llama3-tokenizer,bookmia100.31.074,val,the adventures of sherlock holmes,48,240,182.75543250143528,0.7614809687559804,2.572945753733317,3.378870725996867,3.8074048437799015
jacquelinehe/tinycomma-1.8b-llama3-tokenizer,bookmia100.31.075,val,the adventures of sherlock holmes,65,246,171.40990428999066,0.6967882288211003,4.236886660257976,6.080594483386132,2.637075450615241
jacquelinehe/tinycomma-1.8b-llama3-tokenizer,bookmia100.31.076,val,the adventures of sherlock holmes,64,239,163.80603419430554,0.6853808962104835,6.2861456871032715,9.171755037030925,2.559469284286024
jacquelinehe/tinycomma-1.8b-llama3-tokenizer,bookmia100.31.077,val,the adventures of sherlock holmes,60,247,153.9424405794125,0.6232487472850708,7.018699645996094,11.261474133033076,2.5657073429902084
jacquelinehe/tinycomma-1.8b-llama3-tokenizer,bookmia100.31.078,val,the adventures of sherlock holmes,61,246,169.023440001969,0.6870871544795487,5.450195948282878,7.932321122218133,2.770876065606049
jacquelinehe/tinycomma-1.8b-llama3-tokenizer,bookmia100.31.079,val,the adventures of sherlock holmes,59,246,163.92736041825265,0.6663713838140352,6.5711750984191895,9.8611303816927,2.7784298375975025
jacquelinehe/tinycomma-1.8b-llama3-tokenizer,bookmia100.31.080,val,the adventures of sherlock holmes,58,242,174.92821534862742,0.7228438650769728,5.613622665405273,7.766023807655198,3.016003712907369
jacquelinehe/tinycomma-1.8b-llama3-tokenizer,bookmia100.31.081,val,the adventures of sherlock holmes,60,248,147.19509698357433,0.5935286168692513,3.070951223373413,5.174057553571869,2.4532516163929055
jacquelinehe/tinycomma-1.8b-llama3-tokenizer,bookmia100.31.082,val,the adventures of sherlock holmes,59,246,186.73135558853392,0.7590705511729021,4.711262067159017,6.206619476778884,3.1649382303141342
jacquelinehe/tinycomma-1.8b-llama3-tokenizer,bookmia100.31.083,val,the adventures of sherlock holmes,62,248,174.1200644634664,0.7020970341268806,4.1681928634643555,5.9367760592349885,2.8083881365075225
jacquelinehe/tinycomma-1.8b-llama3-tokenizer,bookmia100.31.084,val,the adventures of sherlock holmes,57,246,153.94752618856728,0.6258029519860459,8.200342178344727,13.10371284175019,2.700833792781882
jacquelinehe/tinycomma-1.8b-llama3-tokenizer,bookmia100.31.085,val,the adventures of sherlock holmes,57,242,134.89961663412396,0.557436432372413,4.903659820556641,8.796805403778482,2.366659940949543
jacquelinehe/tinycomma-1.8b-llama3-tokenizer,bookmia100.31.086,val,the adventures of sherlock holmes,59,248,166.47521353466436,0.671271022317195,4.190671602884929,6.24289067092295,2.8216137887231247
jacquelinehe/tinycomma-1.8b-llama3-tokenizer,bookmia100.31.087,val,the adventures of sherlock holmes,63,245,177.99728033598512,0.7265195115754495,3.4691490173339843,4.7750252568044225,2.825353656126748
jacquelinehe/tinycomma-1.8b-llama3-tokenizer,bookmia100.31.088,val,the adventures of sherlock holmes,62,248,179.26816672366112,0.7228555109825046,5.31654675801595,7.354923186225287,2.8914220439300182
jacquelinehe/tinycomma-1.8b-llama3-tokenizer,bookmia100.31.089,val,the adventures of sherlock holmes,57,246,173.31465841829777,0.7045311317816982,2.8377235412597654,4.027818521068626,3.0406080424262765
jacquelinehe/tinycomma-1.8b-llama3-tokenizer,bookmia100.31.090,val,the adventures of sherlock holmes,53,236,136.21702609287604,0.5771907885291357,7.8461151123046875,13.593624964630958,2.570132567790114
jacquelinehe/tinycomma-1.8b-llama3-tokenizer,bookmia100.31.091,val,the adventures of sherlock holmes,59,246,170.55649545625784,0.6933190872205603,5.020063400268555,7.240624833211263,2.8907880585806414
jacquelinehe/tinycomma-1.8b-llama3-tokenizer,bookmia100.31.092,val,the adventures of sherlock holmes,53,238,153.79698080569506,0.6462058017046011,2.011486053466797,3.1127638411180714,2.9018298265225484
jacquelinehe/tinycomma-1.8b-llama3-tokenizer,bookmia100.31.093,val,the adventures of sherlock holmes,62,243,132.82383005600423,0.5466001236872602,13.291435241699219,24.316560984358606,2.1423198396129712
jacquelinehe/tinycomma-1.8b-llama3-tokenizer,bookmia100.31.094,val,the adventures of sherlock holmes,57,246,131.28280624805484,0.5336699440977839,8.293526649475098,15.54055412188527,2.303207127158857
jacquelinehe/tinycomma-1.8b-llama3-tokenizer,bookmia100.31.095,val,the adventures of sherlock holmes,67,242,194.17872101441026,0.8023914091504556,6.490056991577148,8.088392918424436,2.8981898658867205
jacquelinehe/tinycomma-1.8b-llama3-tokenizer,bookmia100.31.096,val,the adventures of sherlock holmes,60,244,142.66368202958256,0.5846872214327155,4.268710136413574,7.300843904119441,2.377728033826376
jacquelinehe/tinycomma-1.8b-llama3-tokenizer,bookmia100.31.097,val,the adventures of sherlock holmes,57,246,184.8641371782869,0.7514802324320606,2.2019686698913574,2.9301751062233454,3.2432304768120512
jacquelinehe/tinycomma-1.8b-llama3-tokenizer,bookmia100.31.098,val,the adventures of sherlock holmes,62,242,162.96974523956305,0.6734286993370374,6.3206562995910645,9.38578398249657,2.628544278057469
jacquelinehe/tinycomma-1.8b-llama3-tokenizer,bookmia100.31.099,val,the adventures of sherlock holmes,61,249,178.32330667274073,0.7161578581234568,4.372646967569987,6.105702699440599,2.923332896274438
jacquelinehe/tinycomma-1.8b-llama3-tokenizer,bookmia100.42.000,val,the silmarillion,60,243,184.3875314615434,0.7587964257676684,7.5300726890563965,9.923706060473705,3.0731255243590567
jacquelinehe/tinycomma-1.8b-llama3-tokenizer,bookmia100.42.001,val,the silmarillion,66,249,195.73923458508216,0.7861013437151894,2.3692854245503745,3.0139694372648025,2.9657459785618507
jacquelinehe/tinycomma-1.8b-llama3-tokenizer,bookmia100.42.002,val,the silmarillion,57,243,171.7460984828649,0.7067740678307198,6.187405109405518,8.754431424452699,3.0130894470678053
jacquelinehe/tinycomma-1.8b-llama3-tokenizer,bookmia100.42.003,val,the silmarillion,60,245,196.6228517347481,0.8025422519785638,3.700217882792155,4.6106206541397015,3.2770475289124685
jacquelinehe/tinycomma-1.8b-llama3-tokenizer,bookmia100.42.004,val,the silmarillion,86,247,257.57709032302955,1.0428222280284598,4.872123718261719,4.672055876170634,2.9950824456166227
jacquelinehe/tinycomma-1.8b-llama3-tokenizer,bookmia100.42.005,val,the silmarillion,91,237,282.20981862489134,1.190758728375069,2.69384765625,2.262295116598535,3.101206798075729
jacquelinehe/tinycomma-1.8b-llama3-tokenizer,bookmia100.42.006,val,the silmarillion,58,249,193.9576390502043,0.7789463415670855,3.5333617528279624,4.536078500246293,3.3440972250035226
jacquelinehe/tinycomma-1.8b-llama3-tokenizer,bookmia100.42.007,val,the silmarillion,61,246,208.16507061570883,0.8461994740475969,2.895151376724243,3.4213580432471375,3.4125421412411283
jacquelinehe/tinycomma-1.8b-llama3-tokenizer,bookmia100.42.008,val,the silmarillion,62,245,196.66921742266277,0.8027314996843379,3.18880033493042,3.9724370305442953,3.172084151978432
jacquelinehe/tinycomma-1.8b-llama3-tokenizer,bookmia100.42.009,val,the silmarillion,64,247,192.5659016436548,0.7796190349945539,3.237558364868164,4.152744121865599,3.008842213182106
jacquelinehe/tinycomma-1.8b-llama3-tokenizer,bookmia100.42.010,val,the silmarillion,74,242,310.6811907715164,1.2838065734360182,7.094196796417236,5.525907830048039,4.198394469885357
jacquelinehe/tinycomma-1.8b-llama3-tokenizer,bookmia100.42.011,val,the silmarillion,62,249,192.47403803654015,0.7729881045644182,2.8373565673828125,3.6706341929824053,3.104419968331293
jacquelinehe/tinycomma-1.8b-llama3-tokenizer,bookmia100.42.012,val,the silmarillion,61,246,187.6043658060953,0.7626193731955093,10.897156715393066,14.289116036656743,3.0754814066573
jacquelinehe/tinycomma-1.8b-llama3-tokenizer,bookmia100.42.013,val,the silmarillion,56,246,175.99838284403086,0.7154405806667921,3.7375669479370117,5.224147258258109,3.1428282650719797
jacquelinehe/tinycomma-1.8b-llama3-tokenizer,bookmia100.42.014,val,the silmarillion,53,243,174.76487465034006,0.7191970150219755,2.5378385543823243,3.528711189526807,3.2974504651007557
jacquelinehe/tinycomma-1.8b-llama3-tokenizer,bookmia100.42.015,val,the silmarillion,60,248,236.67440648842603,0.9543322842275244,15.76614761352539,16.52060595046007,3.944573441473767
jacquelinehe/tinycomma-1.8b-llama3-tokenizer,bookmia100.42.016,val,the silmarillion,53,246,170.05547991022468,0.6912824386594499,4.450092951456706,6.437445395092668,3.208593960570277
jacquelinehe/tinycomma-1.8b-llama3-tokenizer,bookmia100.42.017,val,the silmarillion,53,241,191.87262947298586,0.7961519895144642,3.262445068359375,4.0977666467290845,3.6202382919431293
jacquelinehe/tinycomma-1.8b-llama3-tokenizer,bookmia100.42.018,val,the silmarillion,58,245,212.52552223904058,0.8674511111797575,4.673988342285156,5.3881864718905055,3.664233142052424
jacquelinehe/tinycomma-1.8b-llama3-tokenizer,bookmia100.42.019,val,the silmarillion,63,249,249.29390051832888,1.0011803233667826,7.948936939239502,7.939565684340169,3.9570460399734744
jacquelinehe/tinycomma-1.8b-llama3-tokenizer,bookmia100.42.020,val,the silmarillion,84,247,273.8576466406812,1.1087354115007335,2.839466094970703,2.5609952252966575,3.2602100790557285
jacquelinehe/tinycomma-1.8b-llama3-tokenizer,bookmia100.42.021,val,the silmarillion,58,247,187.0689920661971,0.7573643403489762,7.176458835601807,9.475570017324896,3.2253274494171915
jacquelinehe/tinycomma-1.8b-llama3-tokenizer,bookmia100.42.022,val,the silmarillion,48,246,172.70781678108324,0.702064295858062,8.62746524810791,12.2887110183597,3.5980795162725676
jacquelinehe/tinycomma-1.8b-llama3-tokenizer,bookmia100.42.023,val,the silmarillion,58,248,200.98513178993016,0.810423918507783,2.7613773345947266,3.407324576104805,3.4652608929298303
jacquelinehe/tinycomma-1.8b-llama3-tokenizer,bookmia100.42.024,val,the silmarillion,59,245,161.98998105991632,0.6611835961629238,5.292477289835612,8.004550204435926,2.7455928993206156
jacquelinehe/tinycomma-1.8b-llama3-tokenizer,bookmia100.42.025,val,the silmarillion,54,247,157.35357359913178,0.6370590024256347,8.24152946472168,12.936838555520971,2.9139550666505887
jacquelinehe/tinycomma-1.8b-llama3-tokenizer,bookmia100.42.026,val,the silmarillion,60,248,184.5337904258049,0.7440878646201811,4.702176729838054,6.31938370912456,3.075563173763415
jacquelinehe/tinycomma-1.8b-llama3-tokenizer,bookmia100.42.027,val,the silmarillion,71,247,209.20860135997646,0.8469983860727792,2.6422653198242188,3.1195635827305805,2.946600019154598
jacquelinehe/tinycomma-1.8b-llama3-tokenizer,bookmia100.42.028,val,the silmarillion,61,245,207.3222897068481,0.8462134273748901,4.198131084442139,4.961078315036331,3.3987260607680017
jacquelinehe/tinycomma-1.8b-llama3-tokenizer,bookmia100.42.029,val,the silmarillion,59,247,197.39740088555845,0.7991797606702772,3.63818359375,4.552397061080016,3.345718659077262
jacquelinehe/tinycomma-1.8b-llama3-tokenizer,bookmia100.42.030,val,the silmarillion,58,248,178.83054745197296,0.7210909171450522,7.93733549118042,11.007399070572085,3.0832853008960854
jacquelinehe/tinycomma-1.8b-llama3-tokenizer,bookmia100.42.031,val,the silmarillion,55,242,204.79599233111367,0.8462644311203044,7.135140895843506,8.431337337902578,3.7235634969293394
jacquelinehe/tinycomma-1.8b-llama3-tokenizer,bookmia100.42.032,val,the silmarillion,59,246,277.0054408814758,1.126038377566975,3.962757428487142,3.5192028153156296,4.6950074725673865
jacquelinehe/tinycomma-1.8b-llama3-tokenizer,bookmia100.42.033,val,the silmarillion,56,248,188.97126366267912,0.7619809018656416,3.4087018966674805,4.47347418855457,3.37448685111927
jacquelinehe/tinycomma-1.8b-llama3-tokenizer,bookmia100.42.034,val,the silmarillion,82,247,247.1413049917901,1.0005720849870043,16.26688575744629,16.257585037121604,3.0139183535584158
jacquelinehe/tinycomma-1.8b-llama3-tokenizer,bookmia100.42.035,val,the silmarillion,64,246,164.89090617373586,0.670288236478601,7.663294315338135,11.43283426186577,2.5764204089646228
jacquelinehe/tinycomma-1.8b-llama3-tokenizer,bookmia100.42.036,val,the silmarillion,61,245,257.99450184823945,1.0530387830540386,3.315892537434896,3.1488797856220407,4.229418063085893
jacquelinehe/tinycomma-1.8b-llama3-tokenizer,bookmia100.42.037,val,the silmarillion,62,246,164.9362060710555,0.6704723824026646,4.391520182291667,6.5498897457259595,2.6602613882428305
jacquelinehe/tinycomma-1.8b-llama3-tokenizer,bookmia100.42.038,val,the silmarillion,53,244,186.98848608124536,0.7663462544313334,5.668497721354167,7.396784010591232,3.5280846430423654
jacquelinehe/tinycomma-1.8b-llama3-tokenizer,bookmia100.42.039,val,the silmarillion,58,247,197.84001902421005,0.8009717369401217,3.6397151947021484,4.5441243764812675,3.411034810762242
jacquelinehe/tinycomma-1.8b-llama3-tokenizer,bookmia100.42.040,val,the silmarillion,69,244,209.76723782997578,0.8597017943851466,3.0828301111857095,3.5859295994496914,3.0401048960866057
jacquelinehe/tinycomma-1.8b-llama3-tokenizer,bookmia100.42.041,val,the silmarillion,64,243,236.8820812815684,0.9748233797595407,1.9953949792044503,2.046929752235378,3.701282520024506
jacquelinehe/tinycomma-1.8b-llama3-tokenizer,bookmia100.42.042,val,the silmarillion,61,240,172.80198287544772,0.7200082619810322,2.831244150797526,3.9322384204420584,2.832819391400782
jacquelinehe/tinycomma-1.8b-llama3-tokenizer,bookmia100.42.043,val,the silmarillion,59,246,214.92095805006102,0.8736624310978091,4.231073379516602,4.842915557442484,3.642728102543407
jacquelinehe/tinycomma-1.8b-llama3-tokenizer,bookmia100.42.044,val,the silmarillion,60,245,170.09874276572373,0.6942805827172397,4.89262580871582,7.047043991302929,2.8349790460953956
jacquelinehe/tinycomma-1.8b-llama3-tokenizer,bookmia100.42.045,val,the silmarillion,67,247,209.86604004353285,0.8496600811479063,7.012977123260498,8.253862078333535,3.1323289558736245
jacquelinehe/tinycomma-1.8b-llama3-tokenizer,bookmia100.42.046,val,the silmarillion,57,246,203.8822516869477,0.8287896410038524,16.402711868286133,19.791164195076963,3.5768816085429425
jacquelinehe/tinycomma-1.8b-llama3-tokenizer,bookmia100.42.047,val,the silmarillion,63,244,226.6031927363947,0.9287016095753882,8.377196311950684,9.020331423546066,3.596876075180868
jacquelinehe/tinycomma-1.8b-llama3-tokenizer,bookmia100.42.048,val,the silmarillion,63,246,184.55300718417857,0.7502154763584494,4.579496065775554,6.104240994873174,2.929412812447279
jacquelinehe/tinycomma-1.8b-llama3-tokenizer,bookmia100.42.049,val,the silmarillion,86,245,267.5514576572459,1.0920467659479425,14.61046028137207,13.378969415004473,3.1110634611307666
jacquelinehe/tinycomma-1.8b-llama3-tokenizer,bookmia100.42.050,val,the silmarillion,65,248,170.70815231627785,0.6883393238559591,8.688508987426758,12.622421364444527,2.6262792664042744
jacquelinehe/tinycomma-1.8b-llama3-tokenizer,bookmia100.42.051,val,the silmarillion,64,247,202.82193521782756,0.8211414381288565,5.847784996032715,7.1215319608740275,3.1690927377785556
jacquelinehe/tinycomma-1.8b-llama3-tokenizer,bookmia100.42.052,val,the silmarillion,63,246,206.7802995571983,0.8405703234032451,3.0167630513509116,3.58894784571604,3.282226977098386
jacquelinehe/tinycomma-1.8b-llama3-tokenizer,bookmia100.42.053,val,the silmarillion,56,248,150.51223278511316,0.6069041644561014,2.0893957138061525,3.4427111168015108,2.6877184425913065
jacquelinehe/tinycomma-1.8b-llama3-tokenizer,bookmia100.42.054,val,the silmarillion,60,247,184.62046874230145,0.7474512904546617,3.9217073917388916,5.24677319020131,3.077007812371691
jacquelinehe/tinycomma-1.8b-llama3-tokenizer,bookmia100.42.055,val,the silmarillion,59,247,204.2949920182582,0.8271052308431506,3.83693265914917,4.63898971505452,3.4626269833603085
jacquelinehe/tinycomma-1.8b-llama3-tokenizer,bookmia100.42.056,val,the silmarillion,62,240,216.4675848672632,0.9019482702802634,2.6621038913726807,2.9515039599172157,3.4914126591494066
jacquelinehe/tinycomma-1.8b-llama3-tokenizer,bookmia100.42.057,val,the silmarillion,54,242,163.2486184174195,0.6745810678405764,4.020752906799316,5.960370218616245,3.023122563285546
jacquelinehe/tinycomma-1.8b-llama3-tokenizer,bookmia100.42.058,val,the silmarillion,53,249,171.03375313873403,0.6868825427258395,6.079692840576172,8.851138968315293,3.2270519460138494
jacquelinehe/tinycomma-1.8b-llama3-tokenizer,bookmia100.42.059,val,the silmarillion,79,244,278.07177091483027,1.1396384053886486,2.9656690870012556,2.6022895270801967,3.5198958343649402
jacquelinehe/tinycomma-1.8b-llama3-tokenizer,bookmia100.42.060,val,the silmarillion,54,247,235.32541960151866,0.9527344923138408,8.754356384277344,9.188663216145603,4.3578781407688645
jacquelinehe/tinycomma-1.8b-llama3-tokenizer,bookmia100.42.061,val,the silmarillion,77,247,295.6375074349344,1.196912985566536,6.203699111938477,5.183082802800468,3.839448148505641
jacquelinehe/tinycomma-1.8b-llama3-tokenizer,bookmia100.42.062,val,the silmarillion,57,246,171.1115447547054,0.6955753851817292,4.410842577616374,6.341286180597057,3.001956925521147
jacquelinehe/tinycomma-1.8b-llama3-tokenizer,bookmia100.42.063,val,the silmarillion,63,249,203.1499150817399,0.8158631127780719,6.152105331420898,7.540609735955021,3.224601826694284
jacquelinehe/tinycomma-1.8b-llama3-tokenizer,bookmia100.42.064,val,the silmarillion,66,246,225.09884603280807,0.9150359594829597,3.9627695083618164,4.330725440124753,3.4105885762546677
jacquelinehe/tinycomma-1.8b-llama3-tokenizer,bookmia100.42.065,val,the silmarillion,52,249,202.44533772952855,0.8130334848575443,3.723719596862793,4.580032269538375,3.893179571721703
jacquelinehe/tinycomma-1.8b-llama3-tokenizer,bookmia100.42.066,val,the silmarillion,77,242,230.07393898745067,0.9507187561464904,3.3429057598114014,3.5161878717540667,2.9879732336032556
jacquelinehe/tinycomma-1.8b-llama3-tokenizer,bookmia100.42.067,val,the silmarillion,57,246,214.94759287126362,0.8737707027287139,13.967321395874023,15.985110684365164,3.771010401250239
jacquelinehe/tinycomma-1.8b-llama3-tokenizer,bookmia100.42.068,val,the silmarillion,64,247,199.0227194527106,0.8057599977842534,2.6891788482666015,3.3374439729715193,3.109729991448603
jacquelinehe/tinycomma-1.8b-llama3-tokenizer,bookmia100.42.069,val,the silmarillion,64,249,203.86430800019298,0.8187321606433453,2.174640791756766,2.6561076946677797,3.1853798125030153
jacquelinehe/tinycomma-1.8b-llama3-tokenizer,bookmia100.42.070,val,the silmarillion,57,249,169.24026716779917,0.6796797878224866,2.5040111541748047,3.6841041899995157,2.9691274941719152
jacquelinehe/tinycomma-1.8b-llama3-tokenizer,bookmia100.42.071,val,the silmarillion,55,249,174.16843689605594,0.6994716341207066,3.282191038131714,4.692386192697718,3.1666988526555624
jacquelinehe/tinycomma-1.8b-llama3-tokenizer,bookmia100.42.072,val,the silmarillion,56,246,165.63253705875832,0.6733029961738143,5.596345901489258,8.311779292965676,2.9577238760492555
jacquelinehe/tinycomma-1.8b-llama3-tokenizer,bookmia100.42.073,val,the silmarillion,59,246,217.23511990718544,0.88306959311864,4.603466987609863,5.213028535330159,3.68195118486755
jacquelinehe/tinycomma-1.8b-llama3-tokenizer,bookmia100.42.074,val,the silmarillion,62,246,144.77771070717426,0.5885272792974564,8.19245433807373,13.920262707029183,2.335124366244746
jacquelinehe/tinycomma-1.8b-llama3-tokenizer,bookmia100.42.075,val,the silmarillion,69,248,229.42898787744343,0.9251168866025945,2.549485683441162,2.7558524986003774,3.325057795325267
jacquelinehe/tinycomma-1.8b-llama3-tokenizer,bookmia100.42.076,val,the silmarillion,57,249,212.2934378408827,0.8525840877143883,4.447711944580078,5.21674285114038,3.7244462779102228
jacquelinehe/tinycomma-1.8b-llama3-tokenizer,bookmia100.42.077,val,the silmarillion,56,248,176.9554468570277,0.7135300276493053,7.115944862365723,9.972873721669295,3.1599186938754946
jacquelinehe/tinycomma-1.8b-llama3-tokenizer,bookmia100.42.078,val,the silmarillion,57,244,179.33721593068913,0.7349885898798735,8.979597091674805,12.21732856171608,3.1462669461524406
jacquelinehe/tinycomma-1.8b-llama3-tokenizer,bookmia100.42.079,val,the silmarillion,59,249,240.08921935991384,0.9642137323691319,3.481243371963501,3.610447824062694,4.069308802710404
jacquelinehe/tinycomma-1.8b-llama3-tokenizer,bookmia100.42.080,val,the silmarillion,66,246,223.997067052871,0.9105571831417519,5.4702348709106445,6.007568741631749,3.3938949553465303
jacquelinehe/tinycomma-1.8b-llama3-tokenizer,bookmia100.42.081,val,the silmarillion,65,246,224.7087799338624,0.9134503249343999,6.188138484954834,6.774466345938669,3.457058152828652
jacquelinehe/tinycomma-1.8b-llama3-tokenizer,bookmia100.42.082,val,the silmarillion,55,240,193.68440347723663,0.8070183478218192,2.8302162170410154,3.507003557824804,3.5215346086770296
jacquelinehe/tinycomma-1.8b-llama3-tokenizer,bookmia100.42.083,val,the silmarillion,59,247,175.85259625685285,0.7119538309994042,1.4594093958536785,2.049865219216581,2.980552478929709
jacquelinehe/tinycomma-1.8b-llama3-tokenizer,bookmia100.42.084,val,the silmarillion,57,246,186.0919700646773,0.7564714230271435,4.52437686920166,5.980895948582736,3.2647714046434615
jacquelinehe/tinycomma-1.8b-llama3-tokenizer,bookmia100.42.085,val,the silmarillion,58,246,158.33874654404644,0.6436534412359611,3.500143527984619,5.437931818190154,2.729978388690456
jacquelinehe/tinycomma-1.8b-llama3-tokenizer,bookmia100.42.086,val,the silmarillion,55,243,190.0925933293911,0.7822740466230086,5.252228736877441,6.714052140104529,3.456228969625293
jacquelinehe/tinycomma-1.8b-llama3-tokenizer,bookmia100.42.087,val,the silmarillion,47,243,132.918579760415,0.5469900401663169,3.3852739334106445,6.18891329791183,2.8280548885194685
jacquelinehe/tinycomma-1.8b-llama3-tokenizer,bookmia100.42.088,val,the silmarillion,58,248,168.83717256598175,0.6807950506692813,3.2025413513183594,4.704119614515382,2.910985733896237
jacquelinehe/tinycomma-1.8b-llama3-tokenizer,bookmia100.42.089,val,the silmarillion,64,243,217.80525777314324,0.8963179332228117,3.4574925899505615,3.857439934866369,3.403207152705363
jacquelinehe/tinycomma-1.8b-llama3-tokenizer,bookmia100.42.090,val,the silmarillion,65,247,197.86994826700538,0.8010929079635846,3.052091121673584,3.8099090521624284,3.044153050261621
jacquelinehe/tinycomma-1.8b-llama3-tokenizer,bookmia100.42.091,val,the silmarillion,53,246,201.32848237082362,0.8184084649220472,3.66749636332194,4.481254190926857,3.798650610770257
jacquelinehe/tinycomma-1.8b-llama3-tokenizer,bookmia100.42.092,val,the silmarillion,55,245,205.1565664553782,0.8373737406341967,3.4027328491210938,4.06357721051055,3.7301193900977854
jacquelinehe/tinycomma-1.8b-llama3-tokenizer,bookmia100.42.093,val,the silmarillion,60,248,170.49605265070568,0.6874840832689745,4.505007108052571,6.552889321642682,2.841600877511761
jacquelinehe/tinycomma-1.8b-llama3-tokenizer,bookmia100.42.094,val,the silmarillion,59,247,195.68730242428137,0.7922562851185481,11.850156784057617,14.95747904642301,3.3167339393945996
jacquelinehe/tinycomma-1.8b-llama3-tokenizer,bookmia100.42.095,val,the silmarillion,60,246,176.036147022387,0.715594093586939,5.045140266418457,7.050282152455346,2.9339357837064504
jacquelinehe/tinycomma-1.8b-llama3-tokenizer,bookmia100.42.096,val,the silmarillion,59,247,194.16624143719673,0.7860981434704322,3.4558441638946533,4.396199371032657,3.2909532446982497
jacquelinehe/tinycomma-1.8b-llama3-tokenizer,bookmia100.42.097,val,the silmarillion,81,245,269.3841864586575,1.0995272916679897,4.6399180094401045,4.219920728298904,3.3257306970204628
jacquelinehe/tinycomma-1.8b-llama3-tokenizer,bookmia100.42.098,val,the silmarillion,60,249,170.82540725520812,0.6860458122699121,8.545799255371094,12.456601443416298,2.8470901209201354
jacquelinehe/tinycomma-1.8b-llama3-tokenizer,bookmia100.42.099,val,the silmarillion,57,246,171.69389770831913,0.6979426736110533,12.53213882446289,17.95582831985819,3.012173644005599
jacquelinehe/tinycomma-1.8b-llama3-tokenizer,bookmia100.02.000,test,a portrait of the artist as a young man,54,246,242.38615736365318,0.985309582779078,16.743017196655273,16.992646259900756,4.488632543771355
jacquelinehe/tinycomma-1.8b-llama3-tokenizer,bookmia100.02.001,test,a portrait of the artist as a young man,57,247,147.47090169857256,0.5970481850144638,2.9184017181396484,4.8880505650795145,2.5872088017293433
jacquelinehe/tinycomma-1.8b-llama3-tokenizer,bookmia100.02.002,test,a portrait of the artist as a young man,59,246,172.70648982841522,0.7020589017415253,4.301694679260254,6.127256087187958,2.92722864115958
jacquelinehe/tinycomma-1.8b-llama3-tokenizer,bookmia100.02.003,test,a portrait of the artist as a young man,62,249,203.74781461269595,0.8182643157136383,3.7251460552215576,4.552497259974879,3.286255074398322
jacquelinehe/tinycomma-1.8b-llama3-tokenizer,bookmia100.02.004,test,a portrait of the artist as a young man,66,249,187.62154741106497,0.7535001904058835,7.311240196228027,9.703036959140945,2.8427507183494694
jacquelinehe/tinycomma-1.8b-llama3-tokenizer,bookmia100.02.005,test,a portrait of the artist as a young man,56,248,174.50411794465617,0.7036456368736136,2.9245645999908447,4.156303182643262,3.116144963297432
jacquelinehe/tinycomma-1.8b-llama3-tokenizer,bookmia100.02.006,test,a portrait of the artist as a young man,59,247,183.70778203278314,0.743756202561875,6.8164544105529785,9.164904288627966,3.1136912208946295
jacquelinehe/tinycomma-1.8b-llama3-tokenizer,bookmia100.02.007,test,a portrait of the artist as a young man,60,244,200.5733027383685,0.8220217325342972,7.721746444702148,9.393603768717847,3.3428883789728085
jacquelinehe/tinycomma-1.8b-llama3-tokenizer,bookmia100.02.008,test,a portrait of the artist as a young man,58,247,194.21693736640736,0.7863033901473983,6.481539249420166,8.24305138529945,3.348567885627713
jacquelinehe/tinycomma-1.8b-llama3-tokenizer,bookmia100.02.009,test,a portrait of the artist as a young man,63,241,183.7034739034716,0.7622550784376415,5.646067937215169,7.4070584728509115,2.915928157197962
jacquelinehe/tinycomma-1.8b-llama3-tokenizer,bookmia100.02.010,test,a portrait of the artist as a young man,58,247,217.3053865414695,0.8797788928804433,3.081829309463501,3.50295890751985,3.7466445955425773
jacquelinehe/tinycomma-1.8b-llama3-tokenizer,bookmia100.02.011,test,a portrait of the artist as a young man,62,247,169.12587077147327,0.6847201245808635,1.8018019527196885,2.6314429619293316,2.727836625346343
jacquelinehe/tinycomma-1.8b-llama3-tokenizer,bookmia100.02.012,test,a portrait of the artist as a young man,55,248,211.22978965193033,0.8517330227900417,4.335237820943196,5.089902240425241,3.840541630035097
jacquelinehe/tinycomma-1.8b-llama3-tokenizer,bookmia100.02.013,test,a portrait of the artist as a young man,57,245,164.12228782102466,0.6698868890654067,4.284964243570964,6.396548900291414,2.879338382824994
jacquelinehe/tinycomma-1.8b-llama3-tokenizer,bookmia100.02.014,test,a portrait of the artist as a young man,70,248,165.19168662524316,0.666095510585658,3.0297018686930337,4.548449615024725,2.359881237503474
jacquelinehe/tinycomma-1.8b-llama3-tokenizer,bookmia100.02.015,test,a portrait of the artist as a young man,63,247,224.28529048711061,0.9080376133081401,4.840715726216634,5.330963888798679,3.560083975985883
jacquelinehe/tinycomma-1.8b-llama3-tokenizer,bookmia100.02.016,test,a portrait of the artist as a young man,62,249,209.59172686655074,0.8417338428375531,16.615449905395508,19.739553122140695,3.380511723654044
jacquelinehe/tinycomma-1.8b-llama3-tokenizer,bookmia100.02.017,test,a portrait of the artist as a young man,57,247,205.66258216637652,0.8326420330622532,1.8009830474853517,2.1629739743762126,3.6081154766030967
jacquelinehe/tinycomma-1.8b-llama3-tokenizer,bookmia100.02.018,test,a portrait of the artist as a young man,65,246,226.77531742770225,0.9218508838524482,4.380307197570801,4.751643974419527,3.4888510373492654
jacquelinehe/tinycomma-1.8b-llama3-tokenizer,bookmia100.02.019,test,a portrait of the artist as a young man,58,244,181.7199885022128,0.7447540512385771,3.9898524284362793,5.357275226366182,3.1331032500381517
jacquelinehe/tinycomma-1.8b-llama3-tokenizer,bookmia100.02.020,test,a portrait of the artist as a young man,55,249,174.45602356107702,0.7006266006468956,8.971355438232422,12.804759953374706,3.171927701110491
jacquelinehe/tinycomma-1.8b-llama3-tokenizer,bookmia100.02.021,test,a portrait of the artist as a young man,57,247,159.12259332835674,0.6442210256208775,2.480797358921596,3.850848172070589,2.7916244443571356
jacquelinehe/tinycomma-1.8b-llama3-tokenizer,bookmia100.02.022,test,a portrait of the artist as a young man,55,248,217.0923600755632,0.875372419659529,2.3331426892961775,2.6653143700867794,3.9471338195556944
jacquelinehe/tinycomma-1.8b-llama3-tokenizer,bookmia100.02.023,test,a portrait of the artist as a young man,56,248,165.58136753554572,0.6676668045788134,2.3934113638741628,3.584739195449453,2.9568101345633164
jacquelinehe/tinycomma-1.8b-llama3-tokenizer,bookmia100.02.024,test,a portrait of the artist as a young man,59,248,203.76793469116092,0.8216448979482295,6.840124607086182,8.324915817242946,3.4536938083247612
jacquelinehe/tinycomma-1.8b-llama3-tokenizer,bookmia100.02.025,test,a portrait of the artist as a young man,63,249,190.71063044667244,0.7659061463721785,3.1290829181671143,4.085465213967081,3.027152864232896
jacquelinehe/tinycomma-1.8b-llama3-tokenizer,bookmia100.02.026,test,a portrait of the artist as a young man,58,248,185.44347211963031,0.7477559359662512,2.410904139280319,3.22418589183775,3.197301243441902
jacquelinehe/tinycomma-1.8b-llama3-tokenizer,bookmia100.02.027,test,a portrait of the artist as a young man,60,249,207.47765545209404,0.8332435961931488,2.465816688537598,2.959298697047547,3.457960924201567
jacquelinehe/tinycomma-1.8b-llama3-tokenizer,bookmia100.02.028,test,a portrait of the artist as a young man,65,248,200.74907568580238,0.8094720793782354,16.585628509521484,20.48943865026338,3.0884473182431136
jacquelinehe/tinycomma-1.8b-llama3-tokenizer,bookmia100.02.029,test,a portrait of the artist as a young man,57,247,156.9252550266683,0.635324919136309,4.142481803894043,6.520257082825479,2.753074649590672
jacquelinehe/tinycomma-1.8b-llama3-tokenizer,bookmia100.02.030,test,a portrait of the artist as a young man,63,246,226.38601831367123,0.9202683671287448,6.337368011474609,6.886434694313487,3.5934288621217654
jacquelinehe/tinycomma-1.8b-llama3-tokenizer,bookmia100.02.031,test,a portrait of the artist as a young man,54,249,203.51797381788492,0.8173412603127909,2.4635276794433594,3.0140747800992993,3.7688513669978687
jacquelinehe/tinycomma-1.8b-llama3-tokenizer,bookmia100.02.032,test,a portrait of the artist as a young man,63,245,241.0367947393097,0.9838236519971825,3.2235639095306396,3.2765667942488856,3.8259808688779318
jacquelinehe/tinycomma-1.8b-llama3-tokenizer,bookmia100.02.033,test,a portrait of the artist as a young man,51,249,177.09041241183877,0.7112064755495533,4.698096593221028,6.6058124535364815,3.472361027683113
jacquelinehe/tinycomma-1.8b-llama3-tokenizer,bookmia100.02.034,test,a portrait of the artist as a young man,60,248,237.76440263353288,0.9587274299739229,1.845359444618225,1.9248009256065808,3.962740043892215
jacquelinehe/tinycomma-1.8b-llama3-tokenizer,bookmia100.02.035,test,a portrait of the artist as a young man,64,248,222.81582197919488,0.8984508950773987,3.344449996948242,3.7224627581456504,3.48149721842492
jacquelinehe/tinycomma-1.8b-llama3-tokenizer,bookmia100.02.036,test,a portrait of the artist as a young man,58,244,167.04058527131565,0.6845925625873592,3.8770014444986978,5.663224604494535,2.8800100908847526
jacquelinehe/tinycomma-1.8b-llama3-tokenizer,bookmia100.02.037,test,a portrait of the artist as a young man,53,249,199.4986673090607,0.8011994671046614,8.446511268615723,10.542332609305577,3.764125798284164
jacquelinehe/tinycomma-1.8b-llama3-tokenizer,bookmia100.02.038,test,a portrait of the artist as a young man,53,249,199.13558755256236,0.799741315472138,4.070696830749512,5.090016924217953,3.7572752368407993
jacquelinehe/tinycomma-1.8b-llama3-tokenizer,bookmia100.02.039,test,a portrait of the artist as a young man,65,248,196.13777107815258,0.7908781091860991,4.17962646484375,5.284792202865555,3.0175041704331167
jacquelinehe/tinycomma-1.8b-llama3-tokenizer,bookmia100.02.040,test,a portrait of the artist as a young man,56,243,198.47782158351038,0.8167811587798781,4.170099258422852,5.105528223315311,3.544246813991257
jacquelinehe/tinycomma-1.8b-llama3-tokenizer,bookmia100.02.041,test,a portrait of the artist as a young man,53,245,124.50681795086712,0.5081910936770087,3.753657102584839,7.386310286206143,2.3491852443559833
jacquelinehe/tinycomma-1.8b-llama3-tokenizer,bookmia100.02.042,test,a portrait of the artist as a young man,53,247,170.93900327384472,0.6920607419993713,7.274948596954346,10.512008781103429,3.2252642127140514
jacquelinehe/tinycomma-1.8b-llama3-tokenizer,bookmia100.02.043,test,a portrait of the artist as a young man,59,248,242.5780888805166,0.9781374551633734,3.0153767267862954,3.0827740118413645,4.111493031873162
jacquelinehe/tinycomma-1.8b-llama3-tokenizer,bookmia100.02.044,test,a portrait of the artist as a young man,57,249,193.67185088898987,0.7777985979477504,9.4877347946167,12.198189633730928,3.3977517699822783
jacquelinehe/tinycomma-1.8b-llama3-tokenizer,bookmia100.02.045,test,a portrait of the artist as a young man,49,247,182.37095744069666,0.7383439572497841,2.2217580250331332,3.009109783072966,3.721856274299932
jacquelinehe/tinycomma-1.8b-llama3-tokenizer,bookmia100.02.046,test,a portrait of the artist as a young man,54,247,216.20807379297912,0.8753363311456644,7.185720920562744,8.209097080613429,4.003853218388502
jacquelinehe/tinycomma-1.8b-llama3-tokenizer,bookmia100.02.047,test,a portrait of the artist as a young man,57,248,211.84170477895532,0.8542004224957875,4.461869875590007,5.223446111807572,3.7165211364729003
jacquelinehe/tinycomma-1.8b-llama3-tokenizer,bookmia100.02.048,test,a portrait of the artist as a young man,54,249,161.21852783224313,0.6474639671977636,3.430625152587891,5.298557643965427,2.9855282931896876
jacquelinehe/tinycomma-1.8b-llama3-tokenizer,bookmia100.02.049,test,a portrait of the artist as a young man,57,247,195.74439823627472,0.7924874422521244,5.306977907816569,6.6966082045855195,3.4341122497592056
jacquelinehe/tinycomma-1.8b-llama3-tokenizer,bookmia100.02.050,test,a portrait of the artist as a young man,51,246,221.36099154502153,0.899841429044803,9.951790809631348,11.059493915717287,4.340411598921991
jacquelinehe/tinycomma-1.8b-llama3-tokenizer,bookmia100.02.051,test,a portrait of the artist as a young man,67,246,166.3375356644392,0.676168844164387,2.2720225197928294,3.3601407982655673,2.482649786036406
jacquelinehe/tinycomma-1.8b-llama3-tokenizer,bookmia100.02.052,test,a portrait of the artist as a young man,51,249,141.3689055587165,0.5677466086695442,2.1379892031351724,3.765745440814398,2.771939324680716
jacquelinehe/tinycomma-1.8b-llama3-tokenizer,bookmia100.02.053,test,a portrait of the artist as a young man,67,248,235.87602845858783,0.9511130179781767,8.910575866699219,9.368577338622519,3.520537738187878
jacquelinehe/tinycomma-1.8b-llama3-tokenizer,bookmia100.02.054,test,a portrait of the artist as a young man,63,249,168.1487039923668,0.6752959999693445,8.107378959655762,12.005667085283788,2.6690270474978854
jacquelinehe/tinycomma-1.8b-llama3-tokenizer,bookmia100.02.055,test,a portrait of the artist as a young man,57,245,176.24459251377266,0.7193656837296843,4.383837699890137,6.094032282943106,3.092010394978468
jacquelinehe/tinycomma-1.8b-llama3-tokenizer,bookmia100.02.056,test,a portrait of the artist as a young man,55,248,170.8043469277909,0.6887272053539956,4.450726826985677,6.4622491929850066,3.105533580505289
jacquelinehe/tinycomma-1.8b-llama3-tokenizer,bookmia100.02.057,test,a portrait of the artist as a young man,62,244,168.6584686184069,0.6912232320426512,3.88460693359375,5.61990215825682,2.720297880942047
jacquelinehe/tinycomma-1.8b-llama3-tokenizer,bookmia100.02.058,test,a portrait of the artist as a young man,53,246,195.36090011894703,0.7941500004835245,6.383856296539307,8.038602647676694,3.6860547192254156
jacquelinehe/tinycomma-1.8b-llama3-tokenizer,bookmia100.02.059,test,a portrait of the artist as a young man,50,248,138.62707315871376,0.558980133704491,1.1507693214996442,2.0586944903984854,2.7725414631742753
jacquelinehe/tinycomma-1.8b-llama3-tokenizer,bookmia100.02.060,test,a portrait of the artist as a young man,56,247,183.20194744318724,0.741708289243673,7.765378952026367,10.46958631127717,3.2714633471997723
jacquelinehe/tinycomma-1.8b-llama3-tokenizer,bookmia100.02.061,test,a portrait of the artist as a young man,62,246,123.28334273770452,0.5011517997467663,4.215211232503255,8.411046781899648,1.98844101189846
jacquelinehe/tinycomma-1.8b-llama3-tokenizer,bookmia100.02.062,test,a portrait of the artist as a young man,61,248,213.757618162781,0.8619258796886331,2.513173484802246,2.9157651997989884,3.5042232485701805
jacquelinehe/tinycomma-1.8b-llama3-tokenizer,bookmia100.02.063,test,a portrait of the artist as a young man,60,249,199.30597159222816,0.8004255887238079,2.8059675693511963,3.505594534808674,3.3217661932038025
jacquelinehe/tinycomma-1.8b-llama3-tokenizer,bookmia100.02.064,test,a portrait of the artist as a young man,56,242,173.82014578243252,0.7182650652166633,2.275141171046666,3.1675509240594537,3.103931174686295
jacquelinehe/tinycomma-1.8b-llama3-tokenizer,bookmia100.02.065,test,a portrait of the artist as a young man,61,249,193.6210847684415,0.7775947179455482,2.541886806488037,3.268909558958752,3.1741161437449428
jacquelinehe/tinycomma-1.8b-llama3-tokenizer,bookmia100.02.066,test,a portrait of the artist as a young man,63,248,198.2807802974712,0.799519275393029,6.1239399909973145,7.659527643016358,3.1473139729757333
jacquelinehe/tinycomma-1.8b-llama3-tokenizer,bookmia100.02.067,test,a portrait of the artist as a young man,59,248,170.03602611389942,0.685629137556046,3.1856043338775635,4.6462499321904325,2.88196654430338
jacquelinehe/tinycomma-1.8b-llama3-tokenizer,bookmia100.02.068,test,a portrait of the artist as a young man,52,245,212.72623120062053,0.8682703314311042,2.7859083811442056,3.2085725842462036,4.090889061550395
jacquelinehe/tinycomma-1.8b-llama3-tokenizer,bookmia100.02.069,test,a portrait of the artist as a young man,58,247,188.80251908116043,0.7643826683447791,2.0794595082600913,2.720443037730075,3.255215846226904
jacquelinehe/tinycomma-1.8b-llama3-tokenizer,bookmia100.02.070,test,a portrait of the artist as a young man,58,244,196.6452722279355,0.8059232468358012,1.6223435401916504,2.0130248712408547,3.390435728067853
jacquelinehe/tinycomma-1.8b-llama3-tokenizer,bookmia100.02.071,test,a portrait of the artist as a young man,58,249,204.8162489202805,0.8225552165473112,4.408536911010742,5.359563494734915,3.53131463655656
jacquelinehe/tinycomma-1.8b-llama3-tokenizer,bookmia100.02.072,test,a portrait of the artist as a young man,52,246,202.39539166772738,0.8227454945842576,2.9165849685668945,3.5449418900077685,3.8922190705332187
jacquelinehe/tinycomma-1.8b-llama3-tokenizer,bookmia100.02.073,test,a portrait of the artist as a young man,62,246,191.34177199285477,0.7778120812717674,4.769762992858887,6.132281958207759,3.0861576127879804
jacquelinehe/tinycomma-1.8b-llama3-tokenizer,bookmia100.02.074,test,a portrait of the artist as a young man,56,246,167.944912802428,0.6827028975708456,2.0806049619402205,3.047599430650302,2.9990163000433574
jacquelinehe/tinycomma-1.8b-llama3-tokenizer,bookmia100.02.075,test,a portrait of the artist as a young man,52,248,185.04921301826835,0.7461661815252756,12.146028518676758,16.27791344529774,3.5586387118897758
jacquelinehe/tinycomma-1.8b-llama3-tokenizer,bookmia100.02.076,test,a portrait of the artist as a young man,55,244,190.7496806597337,0.781760986310384,3.2980918884277344,4.218798259546667,3.4681760119951583
jacquelinehe/tinycomma-1.8b-llama3-tokenizer,bookmia100.02.077,test,a portrait of the artist as a young man,58,241,170.44680921653344,0.7072481710229603,5.542874813079834,7.83724163621752,2.9387380899402316
jacquelinehe/tinycomma-1.8b-llama3-tokenizer,bookmia100.02.078,test,a portrait of the artist as a young man,55,249,165.844965755241,0.6660440391776746,5.286840120951335,7.937673502008494,3.0153630137316543
jacquelinehe/tinycomma-1.8b-llama3-tokenizer,bookmia100.02.079,test,a portrait of the artist as a young man,49,247,201.27748733758926,0.8148886127027906,7.679998874664307,9.42459957710243,4.107703823216108
jacquelinehe/tinycomma-1.8b-llama3-tokenizer,bookmia100.02.080,test,a portrait of the artist as a young man,50,245,150.74257928319275,0.61527583380895,5.444749196370442,8.849281732168759,3.014851585663855
jacquelinehe/tinycomma-1.8b-llama3-tokenizer,bookmia100.02.081,test,a portrait of the artist as a young man,58,246,178.73733472457388,0.7265745314007068,4.365983327229817,6.008995827052974,3.0816781849064463
jacquelinehe/tinycomma-1.8b-llama3-tokenizer,bookmia100.02.082,test,a portrait of the artist as a young man,55,247,163.60628127725795,0.6623736084099512,1.8976451873779296,2.864916662264499,2.974659659586508
jacquelinehe/tinycomma-1.8b-llama3-tokenizer,bookmia100.02.083,test,a portrait of the artist as a young man,51,243,166.2946036887588,0.6843399328755506,3.4803857803344727,5.085755796406801,3.2606785037011528
jacquelinehe/tinycomma-1.8b-llama3-tokenizer,bookmia100.02.084,test,a portrait of the artist as a young man,60,249,208.37320708483458,0.8368401890957212,2.5886007944742837,3.0933036297784557,3.472886784747243
jacquelinehe/tinycomma-1.8b-llama3-tokenizer,bookmia100.02.085,test,a portrait of the artist as a young man,52,246,238.5874744951725,0.9698677825007013,3.467890977859497,3.5756327206971528,4.588220663368702
jacquelinehe/tinycomma-1.8b-llama3-tokenizer,bookmia100.02.086,test,a portrait of the artist as a young man,59,247,168.08703396614874,0.6805143075552581,5.641827901204427,8.290535318019463,2.8489327790872667
jacquelinehe/tinycomma-1.8b-llama3-tokenizer,bookmia100.02.087,test,a portrait of the artist as a young man,56,246,167.83440432837233,0.6822536761315948,2.1501808166503906,3.1515855346386705,2.9970429344352203
jacquelinehe/tinycomma-1.8b-llama3-tokenizer,bookmia100.02.088,test,a portrait of the artist as a young man,49,249,135.30628585070372,0.5433987383562399,1.8568052564348494,3.41702165531634,2.7613527724633413
jacquelinehe/tinycomma-1.8b-llama3-tokenizer,bookmia100.02.089,test,a portrait of the artist as a young man,60,246,209.0411078184843,0.8497606008881475,4.3435564041137695,5.1115059930691045,3.484018463641405
jacquelinehe/tinycomma-1.8b-llama3-tokenizer,bookmia100.02.090,test,a portrait of the artist as a young man,63,246,192.98220181895886,0.7844804951990197,4.6176533699035645,5.886256443803721,3.0632095526818865
jacquelinehe/tinycomma-1.8b-llama3-tokenizer,bookmia100.02.091,test,a portrait of the artist as a young man,57,246,271.7020424157381,1.1044798472184476,3.9137516021728516,3.5435246845194603,4.766702498521721
jacquelinehe/tinycomma-1.8b-llama3-tokenizer,bookmia100.02.092,test,a portrait of the artist as a young man,62,248,193.04542239103466,0.778408961254172,3.6591644287109375,4.700825158558419,3.113635845016688
jacquelinehe/tinycomma-1.8b-llama3-tokenizer,bookmia100.02.093,test,a portrait of the artist as a young man,55,247,167.87414560071193,0.6796524113389146,6.039220809936523,8.885749111136477,3.0522571927402167
jacquelinehe/tinycomma-1.8b-llama3-tokenizer,bookmia100.02.094,test,a portrait of the artist as a young man,57,249,193.40048260055482,0.7767087654640756,1.9432175500052316,2.501861233462685,3.392990922816751
jacquelinehe/tinycomma-1.8b-llama3-tokenizer,bookmia100.02.095,test,a portrait of the artist as a young man,55,246,209.63246457651258,0.8521644901484251,4.7579037348429365,5.583316120123983,3.811499355936592
jacquelinehe/tinycomma-1.8b-llama3-tokenizer,bookmia100.02.096,test,a portrait of the artist as a young man,60,247,163.42174500226974,0.6616264979848977,4.21315860748291,6.367880700538508,2.723695750037829
jacquelinehe/tinycomma-1.8b-llama3-tokenizer,bookmia100.02.097,test,a portrait of the artist as a young man,56,243,217.96970616281033,0.8969946755671206,2.915689468383789,3.2505092257547217,3.8923161814787557
jacquelinehe/tinycomma-1.8b-llama3-tokenizer,bookmia100.02.098,test,a portrait of the artist as a young man,53,246,228.59302677214146,0.9292399462282173,8.068309783935547,8.682697958352735,4.313075976832858
jacquelinehe/tinycomma-1.8b-llama3-tokenizer,bookmia100.02.099,test,a portrait of the artist as a young man,60,247,211.94614046998322,0.8580815403643045,7.945194244384766,9.259253195228483,3.5324356744997205
jacquelinehe/tinycomma-1.8b-llama3-tokenizer,bookmia100.03.000,test,adventures of huckleberry finn,70,247,135.60444483766332,0.5490058495451956,6.087876319885254,11.088909753745865,1.9372063548237617
jacquelinehe/tinycomma-1.8b-llama3-tokenizer,bookmia100.03.001,test,adventures of huckleberry finn,73,249,225.11003027111292,0.9040563464703331,4.919146537780762,5.441194630164775,3.083699044809766
jacquelinehe/tinycomma-1.8b-llama3-tokenizer,bookmia100.03.002,test,adventures of huckleberry finn,55,248,178.03103052824736,0.7178670585816426,3.4810631275177,4.849175186274133,3.2369278277863156
jacquelinehe/tinycomma-1.8b-llama3-tokenizer,bookmia100.03.003,test,adventures of huckleberry finn,59,247,213.49977073614718,0.8643715414418914,10.988463401794434,12.712662177035762,3.6186401819685963
jacquelinehe/tinycomma-1.8b-llama3-tokenizer,bookmia100.03.004,test,adventures of huckleberry finn,64,248,194.05963347898796,0.7824985220926934,2.379779577255249,3.0412575999387568,3.032181773109187
jacquelinehe/tinycomma-1.8b-llama3-tokenizer,bookmia100.03.005,test,adventures of huckleberry finn,58,244,151.7990490811644,0.622127250332641,2.1245667139689126,3.415003462447501,2.6172249841580073
jacquelinehe/tinycomma-1.8b-llama3-tokenizer,bookmia100.03.006,test,adventures of huckleberry finn,67,247,202.96302870754153,0.8217126668321519,2.856477737426758,3.476248879598006,3.0292989359334554
jacquelinehe/tinycomma-1.8b-llama3-tokenizer,bookmia100.03.007,test,adventures of huckleberry finn,57,249,194.1819210958747,0.7798470726741956,4.384496370951335,5.622251495945653,3.4067003701030654
jacquelinehe/tinycomma-1.8b-llama3-tokenizer,bookmia100.03.008,test,adventures of huckleberry finn,62,247,193.10750234872103,0.7818117503996803,6.766480763753255,8.654872173888501,3.1146371346567907
jacquelinehe/tinycomma-1.8b-llama3-tokenizer,bookmia100.03.009,test,adventures of huckleberry finn,63,247,181.91982318856753,0.7365175027877228,2.547596740722656,3.4589765091528557,2.8876162410883737
jacquelinehe/tinycomma-1.8b-llama3-tokenizer,bookmia100.03.010,test,adventures of huckleberry finn,55,244,187.31622966751456,0.7676894658504695,3.9824399948120117,5.187566290752922,3.4057496303184465
jacquelinehe/tinycomma-1.8b-llama3-tokenizer,bookmia100.03.011,test,adventures of huckleberry finn,56,239,174.46891568414867,0.7299954631135928,6.326444625854492,8.666416362193267,3.115516351502655
jacquelinehe/tinycomma-1.8b-llama3-tokenizer,bookmia100.03.012,test,adventures of huckleberry finn,64,244,199.0433550667949,0.8157514551917824,1.7498613463507757,2.145091296146551,3.1100524229186703
jacquelinehe/tinycomma-1.8b-llama3-tokenizer,bookmia100.03.013,test,adventures of huckleberry finn,71,245,214.02542448835447,0.873573161176957,3.5609991550445557,4.076360530864815,3.014442598427528
jacquelinehe/tinycomma-1.8b-llama3-tokenizer,bookmia100.03.014,test,adventures of huckleberry finn,61,247,193.8035277808085,0.7846296671287794,3.444385528564453,4.389823215796318,3.1771070128001395
jacquelinehe/tinycomma-1.8b-llama3-tokenizer,bookmia100.03.015,test,adventures of huckleberry finn,68,247,215.68883944675326,0.8732341678006205,4.981155077616374,5.704260393477511,3.1718946977463713
jacquelinehe/tinycomma-1.8b-llama3-tokenizer,bookmia100.03.016,test,adventures of huckleberry finn,55,249,185.66345804929733,0.7456363777080214,3.5219202041625977,4.723374971307693,3.3756992372599517
jacquelinehe/tinycomma-1.8b-llama3-tokenizer,bookmia100.03.017,test,adventures of huckleberry finn,63,244,194.44795632455498,0.7969178537891598,2.2048795372247696,2.766758865723836,3.0864754972151585
jacquelinehe/tinycomma-1.8b-llama3-tokenizer,bookmia100.03.018,test,adventures of huckleberry finn,60,247,173.6213848356856,0.7029205863792939,6.1160888671875,8.700967059011807,2.8936897472614267
jacquelinehe/tinycomma-1.8b-llama3-tokenizer,bookmia100.03.019,test,adventures of huckleberry finn,78,249,219.87674288777635,0.8830391280633588,2.171356964111328,2.4589589465570447,2.8189326011253377
jacquelinehe/tinycomma-1.8b-llama3-tokenizer,bookmia100.03.020,test,adventures of huckleberry finn,59,249,177.4936974758166,0.7128260942803879,2.157832940419515,3.027152004862968,3.0083677538274
jacquelinehe/tinycomma-1.8b-llama3-tokenizer,bookmia100.03.021,test,adventures of huckleberry finn,59,247,178.00422949064523,0.7206648967232601,4.904329299926758,6.805284012341803,3.0170208388244952
jacquelinehe/tinycomma-1.8b-llama3-tokenizer,bookmia100.03.022,test,adventures of huckleberry finn,62,245,195.39724644459784,0.7975397814065218,2.8453707695007324,3.5676850683018038,3.1515684910419006
jacquelinehe/tinycomma-1.8b-llama3-tokenizer,bookmia100.03.023,test,adventures of huckleberry finn,61,246,169.45698582194746,0.688849535861575,3.4012389183044434,4.937564360917165,2.777983374130286
jacquelinehe/tinycomma-1.8b-llama3-tokenizer,bookmia100.03.024,test,adventures of huckleberry finn,64,248,193.78943360073026,0.7814090064545575,7.199837684631348,9.213916943827869,3.0279599000114104
jacquelinehe/tinycomma-1.8b-llama3-tokenizer,bookmia100.03.025,test,adventures of huckleberry finn,70,247,205.4505886345869,0.8317837596541979,5.168459892272949,6.213706185393258,2.935008409065527
jacquelinehe/tinycomma-1.8b-llama3-tokenizer,bookmia100.03.026,test,adventures of huckleberry finn,69,248,185.464714986505,0.7478415926875202,2.7247223059336343,3.6434484690023634,2.6878944200942754
jacquelinehe/tinycomma-1.8b-llama3-tokenizer,bookmia100.03.027,test,adventures of huckleberry finn,64,248,175.5622090054676,0.7079121330865629,3.3177645206451416,4.686689725431572,2.743159515710431
jacquelinehe/tinycomma-1.8b-llama3-tokenizer,bookmia100.03.028,test,adventures of huckleberry finn,63,249,172.58748844685033,0.6931224435616479,5.922667503356934,8.544907986131541,2.7394839436007987
jacquelinehe/tinycomma-1.8b-llama3-tokenizer,bookmia100.03.029,test,adventures of huckleberry finn,61,249,199.6755736125633,0.8019099341870013,4.741634368896484,5.912926335927844,3.2733700592223496
jacquelinehe/tinycomma-1.8b-llama3-tokenizer,bookmia100.03.030,test,adventures of huckleberry finn,68,248,193.93806331511587,0.7820083198190156,2.273225466410319,2.9069070095525626,2.852030342869351
jacquelinehe/tinycomma-1.8b-llama3-tokenizer,bookmia100.03.031,test,adventures of huckleberry finn,62,247,203.7421519756317,0.824867012047092,3.2814781188964846,3.9781905094649894,3.286163741542447
jacquelinehe/tinycomma-1.8b-llama3-tokenizer,bookmia100.03.032,test,adventures of huckleberry finn,62,249,197.7079916112125,0.7940079984386044,4.767368634541829,6.004182129042444,3.188838574374395
jacquelinehe/tinycomma-1.8b-llama3-tokenizer,bookmia100.03.033,test,adventures of huckleberry finn,66,248,194.93832707079127,0.786041641414481,7.275213241577148,9.255506144032536,2.95361101622411
jacquelinehe/tinycomma-1.8b-llama3-tokenizer,bookmia100.03.034,test,adventures of huckleberry finn,67,247,220.58078072592616,0.8930395980806727,7.321671485900879,8.198596682203869,3.292250458595913
jacquelinehe/tinycomma-1.8b-llama3-tokenizer,bookmia100.03.035,test,adventures of huckleberry finn,58,246,190.997593883425,0.7764129832659553,4.5576826731363935,5.87017833468556,3.2930619635073275
jacquelinehe/tinycomma-1.8b-llama3-tokenizer,bookmia100.03.036,test,adventures of huckleberry finn,59,244,179.38659249502234,0.7351909528484523,2.446319580078125,3.3274614854821185,3.040450720254616
jacquelinehe/tinycomma-1.8b-llama3-tokenizer,bookmia100.03.037,test,adventures of huckleberry finn,60,246,176.71254062047228,0.7183436610588304,12.650890350341797,17.61119508132713,2.9452090103412045
jacquelinehe/tinycomma-1.8b-llama3-tokenizer,bookmia100.03.038,test,adventures of huckleberry finn,61,249,180.48061404097825,0.7248217431364589,3.4372520446777344,4.742203275806833,2.958698590835709
jacquelinehe/tinycomma-1.8b-llama3-tokenizer,bookmia100.03.039,test,adventures of huckleberry finn,56,249,197.4433206890244,0.7929450630081302,1.5521670579910278,1.9574711167286922,3.5257735837325788
jacquelinehe/tinycomma-1.8b-llama3-tokenizer,bookmia100.03.040,test,adventures of huckleberry finn,60,242,184.1192991770804,0.760823550318514,4.207129955291748,5.529705216840961,3.068654986284673
jacquelinehe/tinycomma-1.8b-llama3-tokenizer,bookmia100.03.041,test,adventures of huckleberry finn,61,249,208.3239538948983,0.8366423851200735,5.425821304321289,6.485233596601234,3.415146785162267
jacquelinehe/tinycomma-1.8b-llama3-tokenizer,bookmia100.03.042,test,adventures of huckleberry finn,60,244,165.7461201744154,0.6792873777639976,4.467665036519368,6.576988153711216,2.762435336240257
jacquelinehe/tinycomma-1.8b-llama3-tokenizer,bookmia100.03.043,test,adventures of huckleberry finn,55,248,157.9660918880254,0.6369600479355862,4.167066256205241,6.542115584346106,2.872110761600462
jacquelinehe/tinycomma-1.8b-llama3-tokenizer,bookmia100.03.044,test,adventures of huckleberry finn,66,243,188.7760466253385,0.7768561589520102,2.3525068759918213,3.0282399758088885,2.8602431306869467
jacquelinehe/tinycomma-1.8b-llama3-tokenizer,bookmia100.03.045,test,adventures of huckleberry finn,68,247,157.97241249470972,0.6395644230555049,2.8866382598876954,4.513444081359068,2.323123713157496
jacquelinehe/tinycomma-1.8b-llama3-tokenizer,bookmia100.03.046,test,adventures of huckleberry finn,55,247,212.45771134458482,0.8601526775084406,5.208542823791504,6.055370122056491,3.8628674789924515
jacquelinehe/tinycomma-1.8b-llama3-tokenizer,bookmia100.03.047,test,adventures of huckleberry finn,57,248,166.0861001489684,0.6697020167297113,2.750058650970459,4.106391473030863,2.913791230683656
jacquelinehe/tinycomma-1.8b-llama3-tokenizer,bookmia100.03.048,test,adventures of huckleberry finn,61,249,172.22748762741685,0.6916766571382202,5.090719699859619,7.35997036667716,2.8234014365150304
jacquelinehe/tinycomma-1.8b-llama3-tokenizer,bookmia100.03.049,test,adventures of huckleberry finn,62,248,173.38562616705894,0.6991355893833022,2.8700499534606934,4.105140686647528,2.796542357533209
jacquelinehe/tinycomma-1.8b-llama3-tokenizer,bookmia100.03.050,test,adventures of huckleberry finn,64,247,189.86158114043064,0.7686703689895977,12.468412399291992,16.22075326733549,2.966587205319229
jacquelinehe/tinycomma-1.8b-llama3-tokenizer,bookmia100.03.051,test,adventures of huckleberry finn,59,247,177.3331011137925,0.7179477777886336,4.388524532318115,6.11259574594033,3.0056457815897035
jacquelinehe/tinycomma-1.8b-llama3-tokenizer,bookmia100.03.052,test,adventures of huckleberry finn,68,245,130.77296414313605,0.5337672005842288,4.168027877807617,7.808699884978976,1.9231318256343537
jacquelinehe/tinycomma-1.8b-llama3-tokenizer,bookmia100.03.053,test,adventures of huckleberry finn,57,249,173.31227172957733,0.6960332197974993,4.484750111897786,6.443298946568324,3.040566170694339
jacquelinehe/tinycomma-1.8b-llama3-tokenizer,bookmia100.03.054,test,adventures of huckleberry finn,67,246,204.97291573695838,0.8332232347030829,2.8461217880249023,3.415797435172473,3.0592972498053492
jacquelinehe/tinycomma-1.8b-llama3-tokenizer,bookmia100.03.055,test,adventures of huckleberry finn,63,242,201.60719945887104,0.833087601069715,4.387093226114909,5.266064721743212,3.200114277124937
jacquelinehe/tinycomma-1.8b-llama3-tokenizer,bookmia100.03.056,test,adventures of huckleberry finn,72,249,192.81316016614437,0.774350040827889,3.0144832134246826,3.892920584341645,2.6779605578631163
jacquelinehe/tinycomma-1.8b-llama3-tokenizer,bookmia100.03.057,test,adventures of huckleberry finn,71,244,192.33068317594007,0.7882405048194265,3.3717384338378906,4.277550332953649,2.7088828616329588
jacquelinehe/tinycomma-1.8b-llama3-tokenizer,bookmia100.03.058,test,adventures of huckleberry finn,82,244,229.9322628066875,0.9423453393716701,6.548891067504883,6.9495659328792385,2.8040519854474084
jacquelinehe/tinycomma-1.8b-llama3-tokenizer,bookmia100.03.059,test,adventures of huckleberry finn,62,248,168.12253308482468,0.677913439858164,3.722386042277018,5.490945928223272,2.711653759432656
jacquelinehe/tinycomma-1.8b-llama3-tokenizer,bookmia100.03.060,test,adventures of huckleberry finn,64,248,207.3161389119923,0.835952173032227,5.227634429931641,6.25350899079499,3.23931467049988
jacquelinehe/tinycomma-1.8b-llama3-tokenizer,bookmia100.03.061,test,adventures of huckleberry finn,66,246,176.44473261968233,0.7172550106491151,3.850297212600708,5.368100822490167,2.6734050396921565
jacquelinehe/tinycomma-1.8b-llama3-tokenizer,bookmia100.03.062,test,adventures of huckleberry finn,58,247,186.41251527750865,0.7547065395850553,14.22071361541748,18.842706230207256,3.2140088840949765
jacquelinehe/tinycomma-1.8b-llama3-tokenizer,bookmia100.03.063,test,adventures of huckleberry finn,63,247,205.64201471721753,0.832558764037318,2.939499855041504,3.5306815350630867,3.264158963765358
jacquelinehe/tinycomma-1.8b-llama3-tokenizer,bookmia100.03.064,test,adventures of huckleberry finn,60,246,161.3015215168707,0.6556972419384988,7.287856101989746,11.114666397625799,2.6883586919478453
jacquelinehe/tinycomma-1.8b-llama3-tokenizer,bookmia100.03.065,test,adventures of huckleberry finn,57,238,179.0783062344417,0.7524298581279063,1.8203651110331218,2.4193153572644057,3.141724670779679
jacquelinehe/tinycomma-1.8b-llama3-tokenizer,bookmia100.03.066,test,adventures of huckleberry finn,64,245,167.05529977101833,0.6818583664123197,4.574682235717773,6.709138526506638,2.6102390589221613
jacquelinehe/tinycomma-1.8b-llama3-tokenizer,bookmia100.03.067,test,adventures of huckleberry finn,66,249,214.05775950476527,0.8596697168866075,3.9964269002278647,4.648793393236397,3.2432993864358375
jacquelinehe/tinycomma-1.8b-llama3-tokenizer,bookmia100.03.068,test,adventures of huckleberry finn,82,248,226.6526866625063,0.9139221236391384,4.989799499511719,5.459764426801357,2.764057154420809
jacquelinehe/tinycomma-1.8b-llama3-tokenizer,bookmia100.03.069,test,adventures of huckleberry finn,72,247,215.5968266800046,0.8728616464777514,13.809581756591797,15.82104313131118,2.9944003705556193
jacquelinehe/tinycomma-1.8b-llama3-tokenizer,bookmia100.03.070,test,adventures of huckleberry finn,57,246,173.80962497368455,0.7065431909499372,4.62918758392334,6.551881956005355,3.0492916662049923
jacquelinehe/tinycomma-1.8b-llama3-tokenizer,bookmia100.03.071,test,adventures of huckleberry finn,82,244,281.9001182699576,1.1553283535654,10.574106216430664,9.152468372994097,3.4378063203653366
jacquelinehe/tinycomma-1.8b-llama3-tokenizer,bookmia100.03.072,test,adventures of huckleberry finn,57,246,184.08576949313283,0.7483161361509465,1.9865045547485352,2.65463279325548,3.2295749033882952
jacquelinehe/tinycomma-1.8b-llama3-tokenizer,bookmia100.03.073,test,adventures of huckleberry finn,76,247,294.75867358688265,1.1933549537930472,4.297184467315674,3.6009273298419604,3.8784035998274033
jacquelinehe/tinycomma-1.8b-llama3-tokenizer,bookmia100.03.074,test,adventures of huckleberry finn,62,249,189.3239570420701,0.7603371768757835,2.4951845169067384,3.2816815917898716,3.0536122103559693
jacquelinehe/tinycomma-1.8b-llama3-tokenizer,bookmia100.03.075,test,adventures of huckleberry finn,56,246,151.64204480336048,0.6164310764364247,2.009574317932129,3.260014614366032,2.707893657202866
jacquelinehe/tinycomma-1.8b-llama3-tokenizer,bookmia100.03.076,test,adventures of huckleberry finn,62,248,233.02048243349418,0.9395987194898959,3.6290762424468994,3.8623682292980446,3.7583948779595837
jacquelinehe/tinycomma-1.8b-llama3-tokenizer,bookmia100.03.077,test,adventures of huckleberry finn,56,247,170.03563943505287,0.6884033985224812,5.111033757527669,7.424474905988945,3.0363507041973725
jacquelinehe/tinycomma-1.8b-llama3-tokenizer,bookmia100.03.078,test,adventures of huckleberry finn,70,244,214.04040521383286,0.877214775466528,2.8906312942504884,3.2952378084525167,3.0577200744833264
jacquelinehe/tinycomma-1.8b-llama3-tokenizer,bookmia100.03.079,test,adventures of huckleberry finn,66,249,211.22733259398956,0.8483025405381107,3.468606472015381,4.088879033434359,3.200414130211963
jacquelinehe/tinycomma-1.8b-llama3-tokenizer,bookmia100.03.080,test,adventures of huckleberry finn,73,246,192.3083113420289,0.7817411030163777,14.708517074584961,18.81507447648792,2.6343604293428617
jacquelinehe/tinycomma-1.8b-llama3-tokenizer,bookmia100.03.081,test,adventures of huckleberry finn,54,245,193.21006085944828,0.7886124933038705,3.689491033554077,4.678458767622429,3.577964089989783
jacquelinehe/tinycomma-1.8b-llama3-tokenizer,bookmia100.03.082,test,adventures of huckleberry finn,56,249,162.11458678543568,0.6510625975318702,3.587576150894165,5.510339811401237,2.8949033354542086
jacquelinehe/tinycomma-1.8b-llama3-tokenizer,bookmia100.03.083,test,adventures of huckleberry finn,73,246,246.09258000645787,1.000376341489666,4.944464365641276,4.942604258591769,3.371131232965176
jacquelinehe/tinycomma-1.8b-llama3-tokenizer,bookmia100.03.084,test,adventures of huckleberry finn,57,248,166.35758991283365,0.6707967335194905,4.590269565582275,6.843011207729593,2.9185542089970813
jacquelinehe/tinycomma-1.8b-llama3-tokenizer,bookmia100.03.085,test,adventures of huckleberry finn,74,248,192.2216303497553,0.7750872191522391,2.461453437805176,3.175711554755631,2.5975895993210174
jacquelinehe/tinycomma-1.8b-llama3-tokenizer,bookmia100.03.086,test,adventures of huckleberry finn,61,247,240.21934346668422,0.9725479492578308,14.215173721313477,14.616424549721518,3.938022024044004
jacquelinehe/tinycomma-1.8b-llama3-tokenizer,bookmia100.03.087,test,adventures of huckleberry finn,64,248,185.01759024104103,0.7460386703267784,12.494383811950684,16.747635623871773,2.890899847516266
jacquelinehe/tinycomma-1.8b-llama3-tokenizer,bookmia100.03.088,test,adventures of huckleberry finn,63,244,194.1629823539406,0.7957499276800845,11.009525299072266,13.835408482121066,3.0819521008562
jacquelinehe/tinycomma-1.8b-llama3-tokenizer,bookmia100.03.089,test,adventures of huckleberry finn,61,248,158.39798703417182,0.6387015606216606,12.59522533416748,19.72004784505036,2.5966883120356035
jacquelinehe/tinycomma-1.8b-llama3-tokenizer,bookmia100.03.090,test,adventures of huckleberry finn,69,248,192.61578625580296,0.7766765574830764,4.132680416107178,5.320979983610781,2.791533134142072
jacquelinehe/tinycomma-1.8b-llama3-tokenizer,bookmia100.03.091,test,adventures of huckleberry finn,59,249,175.28725325281266,0.7039648725012557,5.263669013977051,7.47717566542024,2.970970394115469
jacquelinehe/tinycomma-1.8b-llama3-tokenizer,bookmia100.03.092,test,adventures of huckleberry finn,59,247,147.09039507852867,0.5955076723827072,3.301852226257324,5.544600648126269,2.493057543703876
jacquelinehe/tinycomma-1.8b-llama3-tokenizer,bookmia100.03.093,test,adventures of huckleberry finn,72,248,248.66815282963216,1.0026941646356136,7.449208736419678,7.429193266649532,3.453724344856002
jacquelinehe/tinycomma-1.8b-llama3-tokenizer,bookmia100.03.094,test,adventures of huckleberry finn,79,245,214.2563807927072,0.8745158399702335,2.4726980527242026,2.8275051630950077,2.7121060859836357
jacquelinehe/tinycomma-1.8b-llama3-tokenizer,bookmia100.03.095,test,adventures of huckleberry finn,66,247,198.06137376313563,0.801867909972209,3.3388471603393555,4.163836859932545,3.000929905502055
jacquelinehe/tinycomma-1.8b-llama3-tokenizer,bookmia100.03.096,test,adventures of huckleberry finn,60,245,214.83930646441877,0.8768951284261991,4.942807515462239,5.636714534306178,3.580655107740313
jacquelinehe/tinycomma-1.8b-llama3-tokenizer,bookmia100.03.097,test,adventures of huckleberry finn,63,248,166.78968701290432,0.6725390605359045,2.219714959462484,3.3004996879939306,2.64745534941118
jacquelinehe/tinycomma-1.8b-llama3-tokenizer,bookmia100.03.098,test,adventures of huckleberry finn,60,244,124.98872326058336,0.512248865822063,2.93440580368042,5.728476917115768,2.0831453876763892
jacquelinehe/tinycomma-1.8b-llama3-tokenizer,bookmia100.03.099,test,adventures of huckleberry finn,62,248,162.85708348779008,0.656681788257218,2.471678098042806,3.7638901249301373,2.626727153028872
jacquelinehe/tinycomma-1.8b-llama3-tokenizer,bookmia100.04.000,test,alice's adventures in wonderland,59,246,115.11634191131452,0.46795260939558747,1.9006265640258788,4.061579155378038,1.9511244391748224
jacquelinehe/tinycomma-1.8b-llama3-tokenizer,bookmia100.04.001,test,alice's adventures in wonderland,62,246,126.57198804989457,0.5145202766255876,15.196086883544922,29.53447623717849,2.041483678224106
jacquelinehe/tinycomma-1.8b-llama3-tokenizer,bookmia100.04.002,test,alice's adventures in wonderland,58,247,146.75700791469717,0.5941579267801504,2.9611740112304688,4.983816385784176,2.530293239908572
jacquelinehe/tinycomma-1.8b-llama3-tokenizer,bookmia100.04.003,test,alice's adventures in wonderland,65,249,185.40511504129972,0.7445988555875491,4.259074783325195,5.71995880918248,2.852386385250765
jacquelinehe/tinycomma-1.8b-llama3-tokenizer,bookmia100.04.004,test,alice's adventures in wonderland,65,247,144.09315219381824,0.5833730858049322,5.8878068923950195,10.092695456238069,2.2168177260587423
jacquelinehe/tinycomma-1.8b-llama3-tokenizer,bookmia100.04.005,test,alice's adventures in wonderland,64,242,155.42905727843754,0.6422688317290808,1.5070665147569444,2.3464730659585378,2.4285790199755866
jacquelinehe/tinycomma-1.8b-llama3-tokenizer,bookmia100.04.006,test,alice's adventures in wonderland,62,245,170.61025632207748,0.6963683931513366,4.251652240753174,6.105464122966295,2.751778327775443
jacquelinehe/tinycomma-1.8b-llama3-tokenizer,bookmia100.04.007,test,alice's adventures in wonderland,55,248,161.87460935115814,0.6527201989966054,6.087338765462239,9.326107534009221,2.9431747154756027
jacquelinehe/tinycomma-1.8b-llama3-tokenizer,bookmia100.04.008,test,alice's adventures in wonderland,59,247,171.47355926829914,0.6942249363089034,2.165417807442801,3.119187592073578,2.9063315130220193
jacquelinehe/tinycomma-1.8b-llama3-tokenizer,bookmia100.04.009,test,alice's adventures in wonderland,63,248,148.01356371227803,0.596828885936605,4.730440457661946,7.925957622239505,2.3494216462266353
jacquelinehe/tinycomma-1.8b-llama3-tokenizer,bookmia100.04.010,test,alice's adventures in wonderland,64,248,164.64248876739293,0.6638810030943263,3.8290748596191406,5.767712649965816,2.5725388869905146
jacquelinehe/tinycomma-1.8b-llama3-tokenizer,bookmia100.04.011,test,alice's adventures in wonderland,59,245,135.50926444865763,0.5530990385659496,4.132376670837402,7.471314145748009,2.2967671940450445
jacquelinehe/tinycomma-1.8b-llama3-tokenizer,bookmia100.04.012,test,alice's adventures in wonderland,63,247,185.99239966960158,0.753005666678549,3.4795372009277346,4.620864563045999,2.952260312215898
jacquelinehe/tinycomma-1.8b-llama3-tokenizer,bookmia100.04.013,test,alice's adventures in wonderland,58,247,134.31663420127006,0.5437920413006885,2.4223876953125,4.454621456979078,2.3158040379529323
jacquelinehe/tinycomma-1.8b-llama3-tokenizer,bookmia100.04.014,test,alice's adventures in wonderland,62,242,181.94355444423854,0.7518328696042915,2.5000530242919923,3.3252776319926434,2.934573458778041
jacquelinehe/tinycomma-1.8b-llama3-tokenizer,bookmia100.04.015,test,alice's adventures in wonderland,55,247,171.08249203674495,0.6926416681649593,2.2362332344055176,3.228557185030539,3.1105907643044537
jacquelinehe/tinycomma-1.8b-llama3-tokenizer,bookmia100.04.016,test,alice's adventures in wonderland,58,249,156.45717755146325,0.6283420785199327,2.208156108856201,3.514257892862339,2.6975375439907454
jacquelinehe/tinycomma-1.8b-llama3-tokenizer,bookmia100.04.017,test,alice's adventures in wonderland,63,249,158.53556136088446,0.6366890014493352,2.0318781534830728,3.1913197006038754,2.516437481918801
jacquelinehe/tinycomma-1.8b-llama3-tokenizer,bookmia100.04.018,test,alice's adventures in wonderland,57,249,147.64939774223603,0.5929694688443214,3.512129306793213,5.922951334472988,2.590340311267299
jacquelinehe/tinycomma-1.8b-llama3-tokenizer,bookmia100.04.019,test,alice's adventures in wonderland,63,248,181.04649575427175,0.7300261925575474,2.2513526916503905,3.0839341308605417,2.8737539008614563
jacquelinehe/tinycomma-1.8b-llama3-tokenizer,bookmia100.04.020,test,alice's adventures in wonderland,62,248,132.40949130727677,0.533909239142245,5.691496133804321,10.66004428570674,2.13563695656898
jacquelinehe/tinycomma-1.8b-llama3-tokenizer,bookmia100.04.021,test,alice's adventures in wonderland,55,249,160.5701186658116,0.6448599143205286,4.308244228363037,6.680899421237118,2.9194567030147565
jacquelinehe/tinycomma-1.8b-llama3-tokenizer,bookmia100.04.022,test,alice's adventures in wonderland,57,249,202.46988271921873,0.8131320591133282,5.061096827189128,6.224200325723168,3.5521032056003286
jacquelinehe/tinycomma-1.8b-llama3-tokenizer,bookmia100.04.023,test,alice's adventures in wonderland,57,243,142.4096471266821,0.5860479305624778,19.89732551574707,33.95170339847458,2.4984148618716158
jacquelinehe/tinycomma-1.8b-llama3-tokenizer,bookmia100.04.024,test,alice's adventures in wonderland,59,249,146.33353313803673,0.5876848720403082,3.873199939727783,6.590606843904139,2.4802293752209614
jacquelinehe/tinycomma-1.8b-llama3-tokenizer,bookmia100.04.025,test,alice's adventures in wonderland,61,249,147.46834086999297,0.5922423328112167,4.585971832275391,7.743404309697016,2.417513784753983
jacquelinehe/tinycomma-1.8b-llama3-tokenizer,bookmia100.04.026,test,alice's adventures in wonderland,62,243,156.96576262963936,0.6459496404511907,3.8660996754964194,5.985140997672789,2.5317058488651507
jacquelinehe/tinycomma-1.8b-llama3-tokenizer,bookmia100.04.027,test,alice's adventures in wonderland,60,249,161.93849374743877,0.6503553965760593,3.6623827616373696,5.6313559953815995,2.6989748957906463
jacquelinehe/tinycomma-1.8b-llama3-tokenizer,bookmia100.04.028,test,alice's adventures in wonderland,61,243,163.07221139967442,0.6710790592579194,7.2784647941589355,10.845912554934252,2.673314940978269
jacquelinehe/tinycomma-1.8b-llama3-tokenizer,bookmia100.04.029,test,alice's adventures in wonderland,69,243,178.93130530812778,0.7363428201980566,4.209015528361003,5.716108601736471,2.5932073233061996
jacquelinehe/tinycomma-1.8b-llama3-tokenizer,bookmia100.04.030,test,alice's adventures in wonderland,58,248,111.35800764447777,0.44902422437289424,3.130081367492676,6.97085189972576,1.9199656490427202
jacquelinehe/tinycomma-1.8b-llama3-tokenizer,bookmia100.04.031,test,alice's adventures in wonderland,66,249,138.48396273320395,0.5561604929044336,9.075989723205566,16.319011938097365,2.0982418595939993
jacquelinehe/tinycomma-1.8b-llama3-tokenizer,bookmia100.04.032,test,alice's adventures in wonderland,69,247,146.8690035710024,0.5946113504898882,3.1478431224823,5.29395061141846,2.128536283637716
jacquelinehe/tinycomma-1.8b-llama3-tokenizer,bookmia100.04.033,test,alice's adventures in wonderland,61,243,208.4007830969058,0.8576163913452913,2.032892417907715,2.3703982787908693,3.4164062802771444
jacquelinehe/tinycomma-1.8b-llama3-tokenizer,bookmia100.04.034,test,alice's adventures in wonderland,56,246,138.02392933977535,0.5610728834950217,4.538732210795085,8.089380799375872,2.46471302392456
jacquelinehe/tinycomma-1.8b-llama3-tokenizer,bookmia100.04.035,test,alice's adventures in wonderland,60,246,142.49327418208122,0.5792409519596797,1.4304264068603516,2.46948424834424,2.374887903034687
jacquelinehe/tinycomma-1.8b-llama3-tokenizer,bookmia100.04.036,test,alice's adventures in wonderland,59,244,154.60365113033913,0.63362152102598,8.954556465148926,14.132342680926342,2.6204008666159173
jacquelinehe/tinycomma-1.8b-llama3-tokenizer,bookmia100.04.037,test,alice's adventures in wonderland,61,247,153.32723666587844,0.6207580431816941,2.2716754913330077,3.6595184166918555,2.5135612568176793
jacquelinehe/tinycomma-1.8b-llama3-tokenizer,bookmia100.04.038,test,alice's adventures in wonderland,57,249,138.20803916733712,0.555052366133884,4.890439033508301,8.810770536069889,2.4247024415322302
jacquelinehe/tinycomma-1.8b-llama3-tokenizer,bookmia100.04.039,test,alice's adventures in wonderland,56,248,151.5535221733153,0.6111029119891745,6.0233964920043945,9.856599230394597,2.706312895952059
jacquelinehe/tinycomma-1.8b-llama3-tokenizer,bookmia100.04.040,test,alice's adventures in wonderland,60,248,139.67796811962035,0.5632176133855659,10.124852180480957,17.976803174920803,2.3279661353270056
jacquelinehe/tinycomma-1.8b-llama3-tokenizer,bookmia100.04.041,test,alice's adventures in wonderland,58,239,145.37507576867938,0.6082639153501229,5.589407602945964,9.18911587863739,2.50646682359792
jacquelinehe/tinycomma-1.8b-llama3-tokenizer,bookmia100.04.042,test,alice's adventures in wonderland,74,246,147.94265646697022,0.6013929124673586,4.0406341552734375,6.718792442524418,1.9992250873914894
jacquelinehe/tinycomma-1.8b-llama3-tokenizer,bookmia100.04.043,test,alice's adventures in wonderland,55,248,144.71652423666092,0.5835343719220198,1.832796233040946,3.1408539431947466,2.631209531575653
jacquelinehe/tinycomma-1.8b-llama3-tokenizer,bookmia100.04.044,test,alice's adventures in wonderland,64,249,197.88634763879236,0.7947242877059935,17.404638290405273,21.90022195074033,3.0919741818561306
jacquelinehe/tinycomma-1.8b-llama3-tokenizer,bookmia100.04.045,test,alice's adventures in wonderland,61,245,159.57632743567228,0.6513319487170297,3.997307777404785,6.1371283648507315,2.6160053677979063
jacquelinehe/tinycomma-1.8b-llama3-tokenizer,bookmia100.04.046,test,alice's adventures in wonderland,59,245,156.01291936065536,0.6367874259618587,8.626961708068848,13.547631998288818,2.644286768824667
jacquelinehe/tinycomma-1.8b-llama3-tokenizer,bookmia100.04.047,test,alice's adventures in wonderland,59,242,159.5278917630203,0.6592061643100012,7.642321586608887,11.593219239095244,2.7038625722545815
jacquelinehe/tinycomma-1.8b-llama3-tokenizer,bookmia100.04.048,test,alice's adventures in wonderland,58,242,120.52533012279673,0.4980385542264328,4.107985496520996,8.248328290370276,2.0780229331516678
jacquelinehe/tinycomma-1.8b-llama3-tokenizer,bookmia100.04.049,test,alice's adventures in wonderland,62,242,165.92833882197738,0.6856542926527991,1.7073123931884766,2.490048427441296,2.676263529386732
jacquelinehe/tinycomma-1.8b-llama3-tokenizer,bookmia100.04.050,test,alice's adventures in wonderland,58,247,147.28905193926767,0.5963119511711241,2.0722756385803223,3.4751536247269335,2.5394664127459943
jacquelinehe/tinycomma-1.8b-llama3-tokenizer,bookmia100.04.051,test,alice's adventures in wonderland,59,245,118.13432572639431,0.4821809213322217,2.348116874694824,4.869783873254861,2.002276707227022
jacquelinehe/tinycomma-1.8b-llama3-tokenizer,bookmia100.04.052,test,alice's adventures in wonderland,59,248,151.55236751302073,0.6110982561008901,2.0563557545344033,3.3650165648564814,2.5686841951359445
jacquelinehe/tinycomma-1.8b-llama3-tokenizer,bookmia100.04.053,test,alice's adventures in wonderland,72,245,173.38004894387268,0.707673669158664,4.071394920349121,5.753209562240041,2.408056235331565
jacquelinehe/tinycomma-1.8b-llama3-tokenizer,bookmia100.04.054,test,alice's adventures in wonderland,62,249,136.35564369987696,0.5476130269071364,1.8309354782104492,3.3434841544062412,2.1992845758044672
jacquelinehe/tinycomma-1.8b-llama3-tokenizer,bookmia100.04.055,test,alice's adventures in wonderland,66,243,181.68030855990946,0.7476555907815204,3.68605899810791,4.9301564029701055,2.752731947877416
jacquelinehe/tinycomma-1.8b-llama3-tokenizer,bookmia100.04.056,test,alice's adventures in wonderland,57,246,129.9914676854387,0.5284206003473118,3.8633508682250977,7.311128418698773,2.280552064656819
jacquelinehe/tinycomma-1.8b-llama3-tokenizer,bookmia100.04.057,test,alice's adventures in wonderland,65,247,190.36016024649143,0.7706889078805321,6.653500556945801,8.63318582752613,2.928617849946022
jacquelinehe/tinycomma-1.8b-llama3-tokenizer,bookmia100.04.058,test,alice's adventures in wonderland,63,245,133.25172571573057,0.5438845947580839,2.5560441970825196,4.6996076405132055,2.1151067573925486
jacquelinehe/tinycomma-1.8b-llama3-tokenizer,bookmia100.04.059,test,alice's adventures in wonderland,66,249,162.21647242744802,0.6514717768170604,15.003643035888672,23.03038070074652,2.4578253398098187
jacquelinehe/tinycomma-1.8b-llama3-tokenizer,bookmia100.04.060,test,alice's adventures in wonderland,56,246,172.26061222841963,0.7002463911724375,1.7165301186697823,2.4513230490138755,3.076082361221779
jacquelinehe/tinycomma-1.8b-llama3-tokenizer,bookmia100.04.061,test,alice's adventures in wonderland,62,248,159.25370544195175,0.6421520380723861,2.5654001235961914,3.995004253660889,2.5686081522895443
jacquelinehe/tinycomma-1.8b-llama3-tokenizer,bookmia100.04.062,test,alice's adventures in wonderland,57,243,124.8912149053067,0.5139556168942663,2.2366310119628907,4.351797973292745,2.191073945707135
jacquelinehe/tinycomma-1.8b-llama3-tokenizer,bookmia100.04.063,test,alice's adventures in wonderland,57,249,159.51182069443166,0.6406097216643842,14.579446792602539,22.75870362179848,2.798452994639152
jacquelinehe/tinycomma-1.8b-llama3-tokenizer,bookmia100.04.064,test,alice's adventures in wonderland,64,245,185.38805058971047,0.7566859207743285,5.2973809242248535,7.0007658115324265,2.896688290464226
jacquelinehe/tinycomma-1.8b-llama3-tokenizer,bookmia100.04.065,test,alice's adventures in wonderland,63,249,151.9484879684751,0.610234891439659,2.021193345387777,3.3121563085640697,2.4118807614043667
jacquelinehe/tinycomma-1.8b-llama3-tokenizer,bookmia100.04.066,test,alice's adventures in wonderland,67,248,168.9077312417794,0.6810795614587879,6.0276234944661455,8.850101861162482,2.521010914056409
jacquelinehe/tinycomma-1.8b-llama3-tokenizer,bookmia100.04.067,test,alice's adventures in wonderland,74,245,182.33829682180658,0.7442379462114554,6.7430243492126465,9.060307101429084,2.4640310381325214
jacquelinehe/tinycomma-1.8b-llama3-tokenizer,bookmia100.04.068,test,alice's adventures in wonderland,50,249,129.73337700217962,0.5210175783220066,2.00506862004598,3.8483703880078677,2.5946675400435923
jacquelinehe/tinycomma-1.8b-llama3-tokenizer,bookmia100.04.069,test,alice's adventures in wonderland,56,245,136.73313268495258,0.5580944191222554,2.5298611323038735,4.533034278111434,2.4416630836598676
jacquelinehe/tinycomma-1.8b-llama3-tokenizer,bookmia100.04.070,test,alice's adventures in wonderland,64,247,141.45278775319457,0.5726833512275084,3.174513816833496,5.543227003245578,2.210199808643665
jacquelinehe/tinycomma-1.8b-llama3-tokenizer,bookmia100.04.071,test,alice's adventures in wonderland,62,245,141.91972465539584,0.5792641822669218,4.371105829874675,7.54596255678811,2.2890278170225136
jacquelinehe/tinycomma-1.8b-llama3-tokenizer,bookmia100.04.072,test,alice's adventures in wonderland,69,245,95.62397584349674,0.390301942218354,1.8299920558929443,4.688657313596347,1.385854722369518
jacquelinehe/tinycomma-1.8b-llama3-tokenizer,bookmia100.04.073,test,alice's adventures in wonderland,58,246,136.3165067577138,0.5541321412915194,3.7456789016723633,6.7595409516262395,2.3502845992709274
jacquelinehe/tinycomma-1.8b-llama3-tokenizer,bookmia100.04.074,test,alice's adventures in wonderland,66,246,205.6013441979885,0.8357778219430427,7.25874662399292,8.685019431501013,3.1151718817877048
jacquelinehe/tinycomma-1.8b-llama3-tokenizer,bookmia100.04.075,test,alice's adventures in wonderland,59,246,133.69413331226679,0.5434720866352308,3.6940598487854004,6.79714734137724,2.2660022595299454
jacquelinehe/tinycomma-1.8b-llama3-tokenizer,bookmia100.04.076,test,alice's adventures in wonderland,65,246,154.16924836878025,0.6267042616617083,6.396946907043457,10.207281645224388,2.371834590288927
jacquelinehe/tinycomma-1.8b-llama3-tokenizer,bookmia100.04.077,test,alice's adventures in wonderland,58,244,180.4654974238947,0.7396126943602241,10.692737579345703,14.45721207989146,3.111474093515426
jacquelinehe/tinycomma-1.8b-llama3-tokenizer,bookmia100.04.078,test,alice's adventures in wonderland,63,248,154.43354622153856,0.6227159121836232,3.2797670364379883,5.26687526730627,2.451326130500612
jacquelinehe/tinycomma-1.8b-llama3-tokenizer,bookmia100.04.079,test,alice's adventures in wonderland,66,247,129.02572559469263,0.5223713586829661,1.8126734324863978,3.4700857969254253,1.9549352362832217
jacquelinehe/tinycomma-1.8b-llama3-tokenizer,bookmia100.04.080,test,alice's adventures in wonderland,54,241,131.37461071275175,0.5451228660280155,4.016905466715495,7.36880750569919,2.4328631613472544
jacquelinehe/tinycomma-1.8b-llama3-tokenizer,bookmia100.04.081,test,alice's adventures in wonderland,66,248,171.28688382543623,0.6906729186509526,5.042585849761963,7.300975199101949,2.5952558155369125
jacquelinehe/tinycomma-1.8b-llama3-tokenizer,bookmia100.04.082,test,alice's adventures in wonderland,66,247,161.64405123936012,0.654429357244373,2.1455955505371094,3.278574725882773,2.4491522915054564
jacquelinehe/tinycomma-1.8b-llama3-tokenizer,bookmia100.04.083,test,alice's adventures in wonderland,59,245,137.06226337887347,0.5594378097096876,15.260041236877441,27.277457783549572,2.323089209811415
jacquelinehe/tinycomma-1.8b-llama3-tokenizer,bookmia100.04.084,test,alice's adventures in wonderland,58,249,132.8762161959894,0.533639422473853,3.9750146865844727,7.448877498886879,2.290969244758438
jacquelinehe/tinycomma-1.8b-llama3-tokenizer,bookmia100.04.085,test,alice's adventures in wonderland,64,247,140.75494242704008,0.5698580665062352,1.9445246458053589,3.4122964297533245,2.199295975422501
jacquelinehe/tinycomma-1.8b-llama3-tokenizer,bookmia100.04.086,test,alice's adventures in wonderland,53,247,147.64215146412607,0.5977415039033445,2.0687097549438476,3.4608768864715818,2.785700971021247
jacquelinehe/tinycomma-1.8b-llama3-tokenizer,bookmia100.04.087,test,alice's adventures in wonderland,56,249,132.79405085975304,0.5333094412038275,13.897123336791992,26.058273608324512,2.3713223367813043
jacquelinehe/tinycomma-1.8b-llama3-tokenizer,bookmia100.04.088,test,alice's adventures in wonderland,62,241,155.48899825196713,0.6451825653608595,5.803558826446533,8.995219551849674,2.507887068580115
jacquelinehe/tinycomma-1.8b-llama3-tokenizer,bookmia100.04.089,test,alice's adventures in wonderland,63,240,137.13103786483407,0.5713793244368086,4.991374969482422,8.735659055220925,2.176683140711652
jacquelinehe/tinycomma-1.8b-llama3-tokenizer,bookmia100.04.090,test,alice's adventures in wonderland,58,247,174.09784829779528,0.7048495882501833,2.396720818110875,3.4003294576092866,3.00168703961716
jacquelinehe/tinycomma-1.8b-llama3-tokenizer,bookmia100.04.091,test,alice's adventures in wonderland,52,242,134.88495637872256,0.5573758528046386,1.5211013158162434,2.7290405713887154,2.593941468821588
jacquelinehe/tinycomma-1.8b-llama3-tokenizer,bookmia100.04.092,test,alice's adventures in wonderland,68,249,135.22778537677368,0.5430834754087297,10.243499755859375,18.861740818296894,1.988643902599613
jacquelinehe/tinycomma-1.8b-llama3-tokenizer,bookmia100.04.093,test,alice's adventures in wonderland,56,249,132.69050993118435,0.5328936141814633,2.1276626586914062,3.9926593264952976,2.369473391628292
jacquelinehe/tinycomma-1.8b-llama3-tokenizer,bookmia100.04.094,test,alice's adventures in wonderland,56,243,137.93338170740753,0.5676270852156688,4.168623288472493,7.3439471037373645,2.4630961019179916
jacquelinehe/tinycomma-1.8b-llama3-tokenizer,bookmia100.04.095,test,alice's adventures in wonderland,68,249,163.86434810165701,0.6580897514122772,7.779780387878418,11.821761957518428,2.4097698250243678
jacquelinehe/tinycomma-1.8b-llama3-tokenizer,bookmia100.04.096,test,alice's adventures in wonderland,63,249,147.80644018901512,0.5936001614016672,6.122934818267822,10.314914342020638,2.346133971254208
jacquelinehe/tinycomma-1.8b-llama3-tokenizer,bookmia100.04.097,test,alice's adventures in wonderland,51,243,168.57433985173702,0.6937215631758725,9.905156135559082,14.278287804999257,3.3053792127791572
jacquelinehe/tinycomma-1.8b-llama3-tokenizer,bookmia100.04.098,test,alice's adventures in wonderland,56,243,179.13651632517576,0.7371873099801471,3.607482592264811,4.893576630289475,3.198866362949567
jacquelinehe/tinycomma-1.8b-llama3-tokenizer,bookmia100.04.099,test,alice's adventures in wonderland,58,246,175.4899554773947,0.7133738027536369,5.767551898956299,8.084894450417767,3.0256888875412877
jacquelinehe/tinycomma-1.8b-llama3-tokenizer,bookmia100.05.000,test,anne of green gables,58,249,167.67495466634864,0.6733933922343319,1.353994369506836,2.0107033795123193,2.8909474942473903
jacquelinehe/tinycomma-1.8b-llama3-tokenizer,bookmia100.05.001,test,anne of green gables,62,243,152.5857471502968,0.627924885392168,4.271181742350261,6.80205840175089,2.461060437908013
jacquelinehe/tinycomma-1.8b-llama3-tokenizer,bookmia100.05.002,test,anne of green gables,55,249,221.76650970429182,0.8906285530292845,3.3249286651611327,3.7332383448207356,4.032118358259852
jacquelinehe/tinycomma-1.8b-llama3-tokenizer,bookmia100.05.003,test,anne of green gables,64,244,175.40739744878374,0.7188827764294415,4.27979056040446,5.953391430048431,2.740740585137246
jacquelinehe/tinycomma-1.8b-llama3-tokenizer,bookmia100.05.004,test,anne of green gables,52,245,179.43364930409007,0.7323822420575105,2.0605308214823403,2.813463657575325,3.450647102001732
jacquelinehe/tinycomma-1.8b-llama3-tokenizer,bookmia100.05.005,test,anne of green gables,61,249,185.3302921555005,0.7442983620702831,6.99975061416626,9.40449552340313,3.03820151074591
jacquelinehe/tinycomma-1.8b-llama3-tokenizer,bookmia100.05.006,test,anne of green gables,56,248,152.512785363695,0.6149709087245766,5.244625727335612,8.528250121965511,2.7234425957802677
jacquelinehe/tinycomma-1.8b-llama3-tokenizer,bookmia100.05.007,test,anne of green gables,51,247,196.64908918738365,0.7961501586533751,7.07165002822876,8.88230687561489,3.8558644938702678
jacquelinehe/tinycomma-1.8b-llama3-tokenizer,bookmia100.05.008,test,anne of green gables,57,247,144.54927362961462,0.5852197312939863,2.8826920986175537,4.9258286152512305,2.5359521689406073
jacquelinehe/tinycomma-1.8b-llama3-tokenizer,bookmia100.05.009,test,anne of green gables,54,248,152.20869347147527,0.6137447317398197,8.441444396972656,13.753998951719192,2.8186795087310235
jacquelinehe/tinycomma-1.8b-llama3-tokenizer,bookmia100.05.010,test,anne of green gables,59,245,121.27248177834554,0.4949897215442675,7.673362731933594,15.50206478630356,2.055465792853314
jacquelinehe/tinycomma-1.8b-llama3-tokenizer,bookmia100.05.011,test,anne of green gables,58,238,159.56930633750744,0.6704592703256615,13.728891372680664,20.476846216194673,2.7511949368535764
jacquelinehe/tinycomma-1.8b-llama3-tokenizer,bookmia100.05.012,test,anne of green gables,65,248,166.5138394931564,0.6714267721498243,3.5797643661499023,5.331578237024934,2.561751376817791
jacquelinehe/tinycomma-1.8b-llama3-tokenizer,bookmia100.05.013,test,anne of green gables,58,242,166.69903443707153,0.688838985277155,2.3731371561686196,3.445126084456131,2.874121283397785
jacquelinehe/tinycomma-1.8b-llama3-tokenizer,bookmia100.05.014,test,anne of green gables,58,239,190.6896203980432,0.7978645204939045,2.3715829849243164,2.972413140336442,3.287752075828331
jacquelinehe/tinycomma-1.8b-llama3-tokenizer,bookmia100.05.015,test,anne of green gables,54,244,156.6715741555672,0.642096615391669,4.237428665161133,6.59936302977764,2.901325447325319
jacquelinehe/tinycomma-1.8b-llama3-tokenizer,bookmia100.05.016,test,anne of green gables,62,247,185.39616526663303,0.7505917622130892,1.49086295068264,1.9862500839163109,2.9902607301069843
jacquelinehe/tinycomma-1.8b-llama3-tokenizer,bookmia100.05.017,test,anne of green gables,57,245,172.67285224422812,0.7047871520172576,5.630588531494141,7.989062393345486,3.029348284986458
jacquelinehe/tinycomma-1.8b-llama3-tokenizer,bookmia100.05.018,test,anne of green gables,49,248,160.01184285018826,0.6452090437507592,4.104618072509766,6.361687134217167,3.2655478132691482
jacquelinehe/tinycomma-1.8b-llama3-tokenizer,bookmia100.05.019,test,anne of green gables,54,244,199.4233171606902,0.8173086768880746,4.825140635172526,5.903694371072118,3.6930243918646335
jacquelinehe/tinycomma-1.8b-llama3-tokenizer,bookmia100.05.020,test,anne of green gables,57,248,164.3154410168063,0.6625622621645415,7.2948689460754395,11.010088202493826,2.8827270353825667
jacquelinehe/tinycomma-1.8b-llama3-tokenizer,bookmia100.05.021,test,anne of green gables,54,244,174.04430432931986,0.713296329218524,1.677604807747735,2.3519044456399936,3.2230426727651826
jacquelinehe/tinycomma-1.8b-llama3-tokenizer,bookmia100.05.022,test,anne of green gables,57,248,167.15974208898842,0.6740312181007597,2.3835226694742837,3.53621999317838,2.9326270541927792
jacquelinehe/tinycomma-1.8b-llama3-tokenizer,bookmia100.05.023,test,anne of green gables,63,249,182.65746935922652,0.7335641339727973,7.058421611785889,9.622092036533012,2.899324910463913
jacquelinehe/tinycomma-1.8b-llama3-tokenizer,bookmia100.05.024,test,anne of green gables,55,248,181.03288736753166,0.7299713200303696,5.523745854695638,7.567072435757927,3.29150704304603
jacquelinehe/tinycomma-1.8b-llama3-tokenizer,bookmia100.05.025,test,anne of green gables,62,247,154.48182340629864,0.6254324834263103,1.3287464380264282,2.124524186443194,2.491642313004817
jacquelinehe/tinycomma-1.8b-llama3-tokenizer,bookmia100.05.026,test,anne of green gables,58,245,217.31320325448178,0.8869926663448235,3.1944150924682617,3.60139966616862,3.7467793664565825
jacquelinehe/tinycomma-1.8b-llama3-tokenizer,bookmia100.05.027,test,anne of green gables,61,247,173.05142962152604,0.7006130753907936,10.595877647399902,15.123722379131516,2.836908682320099
jacquelinehe/tinycomma-1.8b-llama3-tokenizer,bookmia100.05.028,test,anne of green gables,58,249,234.04462626576424,0.9399382580954387,2.134685516357422,2.2710912104831804,4.035252176995935
jacquelinehe/tinycomma-1.8b-llama3-tokenizer,bookmia100.05.029,test,anne of green gables,70,246,157.9900385287474,0.6422359289786479,2.8578060150146483,4.44977598739989,2.257000550410677
jacquelinehe/tinycomma-1.8b-llama3-tokenizer,bookmia100.05.030,test,anne of green gables,62,244,219.79416245408356,0.9007957477626376,3.830653667449951,4.252521925158265,3.5450671363561863
jacquelinehe/tinycomma-1.8b-llama3-tokenizer,bookmia100.05.031,test,anne of green gables,51,242,163.4568612576113,0.6754415754446749,8.665475845336914,12.829349214448378,3.2050364952472807
jacquelinehe/tinycomma-1.8b-llama3-tokenizer,bookmia100.05.032,test,anne of green gables,63,249,166.8739055301994,0.6701763274305197,2.972992420196533,4.4361346387675225,2.6487921512730064
jacquelinehe/tinycomma-1.8b-llama3-tokenizer,bookmia100.05.033,test,anne of green gables,67,249,290.3212478897767,1.1659487867059306,2.9227682749430337,2.506772431403712,4.3331529535787565
jacquelinehe/tinycomma-1.8b-llama3-tokenizer,bookmia100.05.034,test,anne of green gables,67,247,170.9023349719355,0.6919122873357713,15.122732162475586,21.856429549337985,2.5507811189841116
jacquelinehe/tinycomma-1.8b-llama3-tokenizer,bookmia100.05.035,test,anne of green gables,49,243,151.2469266662374,0.6224153360750511,4.028896013895671,6.473002479826213,3.0866719727803553
jacquelinehe/tinycomma-1.8b-llama3-tokenizer,bookmia100.05.036,test,anne of green gables,58,242,165.84246740693925,0.6852994520947903,6.46631383895874,9.435749319794178,2.8593528863265387
jacquelinehe/tinycomma-1.8b-llama3-tokenizer,bookmia100.05.037,test,anne of green gables,53,242,205.55305754719302,0.8493927997817894,1.991618315378825,2.3447553545196937,3.8783595763621324
jacquelinehe/tinycomma-1.8b-llama3-tokenizer,bookmia100.05.038,test,anne of green gables,52,249,162.08394010714255,0.6509395185025806,2.3355381011962892,3.587949471202723,3.11699884821428
jacquelinehe/tinycomma-1.8b-llama3-tokenizer,bookmia100.05.039,test,anne of green gables,64,249,169.87231547711417,0.6822181344462417,3.539961814880371,5.188900200892149,2.654254929329909
jacquelinehe/tinycomma-1.8b-llama3-tokenizer,bookmia100.05.040,test,anne of green gables,72,247,153.57043461757712,0.6217426502735915,2.2984068989753723,3.6967174408318004,2.1329227030219045
jacquelinehe/tinycomma-1.8b-llama3-tokenizer,bookmia100.05.041,test,anne of green gables,58,244,179.90678546449635,0.7373228912479358,4.111559232076009,5.576334711536083,3.101841128698213
jacquelinehe/tinycomma-1.8b-llama3-tokenizer,bookmia100.05.042,test,anne of green gables,59,247,161.51123306248337,0.6538916318319165,3.191143274307251,4.880232624123163,2.737478526482769
jacquelinehe/tinycomma-1.8b-llama3-tokenizer,bookmia100.05.043,test,anne of green gables,57,248,171.99097591033205,0.6935119996384357,15.372295379638672,22.16586791238372,3.0173855422865272
jacquelinehe/tinycomma-1.8b-llama3-tokenizer,bookmia100.05.044,test,anne of green gables,55,248,158.52240802906454,0.6392032581817119,5.744622707366943,8.98716117891544,2.882225600528446
jacquelinehe/tinycomma-1.8b-llama3-tokenizer,bookmia100.05.045,test,anne of green gables,60,246,189.3055898961611,0.7695349182770777,2.7127559661865233,3.5251889183406386,3.1550931649360185
jacquelinehe/tinycomma-1.8b-llama3-tokenizer,bookmia100.05.046,test,anne of green gables,58,244,144.11226411699317,0.5906240332663655,7.95416784286499,13.46739616888861,2.4846942089136754
jacquelinehe/tinycomma-1.8b-llama3-tokenizer,bookmia100.05.047,test,anne of green gables,61,246,158.93413274083287,0.6460737103285888,3.3775923252105713,5.227874577179049,2.6054775859152928
jacquelinehe/tinycomma-1.8b-llama3-tokenizer,bookmia100.05.048,test,anne of green gables,56,249,188.68964802008122,0.7577897510846635,3.8703250885009766,5.107386426064989,3.3694580003585934
jacquelinehe/tinycomma-1.8b-llama3-tokenizer,bookmia100.05.049,test,anne of green gables,58,248,187.1504736013012,0.7546390064568597,3.689016342163086,4.888451710816748,3.2267323034707105
jacquelinehe/tinycomma-1.8b-llama3-tokenizer,bookmia100.05.050,test,anne of green gables,61,246,158.80017203115858,0.6455291545982056,2.7643054326375327,4.282231736470694,2.603281508707518
jacquelinehe/tinycomma-1.8b-llama3-tokenizer,bookmia100.05.051,test,anne of green gables,63,249,162.08854805771261,0.6509580243281631,14.375274658203125,22.083259013573837,2.5728340961541685
jacquelinehe/tinycomma-1.8b-llama3-tokenizer,bookmia100.05.052,test,anne of green gables,60,247,147.54613219911698,0.5973527619397448,4.329363822937012,7.247583168241408,2.4591022033186163
jacquelinehe/tinycomma-1.8b-llama3-tokenizer,bookmia100.05.053,test,anne of green gables,64,242,166.77493642357877,0.689152629849499,6.187880992889404,8.978970296087745,2.605858381618418
jacquelinehe/tinycomma-1.8b-llama3-tokenizer,bookmia100.05.054,test,anne of green gables,58,248,175.25066642230377,0.7066559129931603,10.69869613647461,15.13989473484836,3.021563214177651
jacquelinehe/tinycomma-1.8b-llama3-tokenizer,bookmia100.05.055,test,anne of green gables,54,248,141.681826523185,0.571297687593488,5.187575658162435,9.080337223163593,2.62373752820713
jacquelinehe/tinycomma-1.8b-llama3-tokenizer,bookmia100.05.056,test,anne of green gables,63,249,154.61182807942168,0.6209310364635409,7.65052604675293,12.3210559586872,2.4541560012606616
jacquelinehe/tinycomma-1.8b-llama3-tokenizer,bookmia100.05.057,test,anne of green gables,56,249,200.86795672716107,0.8066986213942212,3.9809691111246743,4.934890187669276,3.5869277986993047
jacquelinehe/tinycomma-1.8b-llama3-tokenizer,bookmia100.05.058,test,anne of green gables,65,245,155.38081871438771,0.6342074233240315,5.0356340408325195,7.940042729931428,2.390474134067503
jacquelinehe/tinycomma-1.8b-llama3-tokenizer,bookmia100.05.059,test,anne of green gables,61,249,175.76831880118698,0.7058968626553694,3.831130027770996,5.42732264506666,2.8814478491997866
jacquelinehe/tinycomma-1.8b-llama3-tokenizer,bookmia100.05.060,test,anne of green gables,53,249,157.79745625704527,0.6337247239238766,5.923593521118164,9.347265930293277,2.9773104954159484
jacquelinehe/tinycomma-1.8b-llama3-tokenizer,bookmia100.05.061,test,anne of green gables,62,246,163.42034032335505,0.6643103265177035,7.320703983306885,11.020006299889713,2.635811940699275
jacquelinehe/tinycomma-1.8b-llama3-tokenizer,bookmia100.05.062,test,anne of green gables,57,245,181.32334273378365,0.7400952764644231,13.625540733337402,18.410522491684073,3.181111276031292
jacquelinehe/tinycomma-1.8b-llama3-tokenizer,bookmia100.05.063,test,anne of green gables,57,241,167.13527336064726,0.6935073583429346,3.2790579795837402,4.728223774609567,2.9321977782569695
jacquelinehe/tinycomma-1.8b-llama3-tokenizer,bookmia100.05.064,test,anne of green gables,65,249,152.2228198647499,0.611336625962851,6.462079048156738,10.570410431370782,2.341889536380768
jacquelinehe/tinycomma-1.8b-llama3-tokenizer,bookmia100.05.065,test,anne of green gables,57,242,197.47476612613536,0.8160114302732866,4.809077898661296,5.893395264145638,3.4644695811602695
jacquelinehe/tinycomma-1.8b-llama3-tokenizer,bookmia100.05.066,test,anne of green gables,55,246,166.40444972505793,0.6764408525408859,4.152502377827962,6.138751617721039,3.0255354495465077
jacquelinehe/tinycomma-1.8b-llama3-tokenizer,bookmia100.05.067,test,anne of green gables,60,247,135.57122774561867,0.5488713673911687,2.866847610473633,5.2231684522003725,2.259520462426978
jacquelinehe/tinycomma-1.8b-llama3-tokenizer,bookmia100.05.068,test,anne of green gables,57,247,156.98265799845103,0.6355573198317855,3.5376049677530923,5.566146211154328,2.754081719271071
jacquelinehe/tinycomma-1.8b-llama3-tokenizer,bookmia100.05.069,test,anne of green gables,62,247,164.3185240686871,0.6652571824643203,3.596961339314779,5.406873362855717,2.650298775301405
jacquelinehe/tinycomma-1.8b-llama3-tokenizer,bookmia100.05.070,test,anne of green gables,60,246,151.22506237588823,0.6147360259182448,6.120787143707275,9.956773128050402,2.5204177062648037
jacquelinehe/tinycomma-1.8b-llama3-tokenizer,bookmia100.05.071,test,anne of green gables,59,243,197.09699782030657,0.811098756462167,2.1815333366394043,2.6896026152903616,3.340627081700111
jacquelinehe/tinycomma-1.8b-llama3-tokenizer,bookmia100.05.072,test,anne of green gables,61,248,196.16286644310458,0.7909793001738088,5.486732482910156,6.936632199735832,3.2157846957886
jacquelinehe/tinycomma-1.8b-llama3-tokenizer,bookmia100.05.073,test,anne of green gables,55,248,189.7498065410182,0.7651201876653959,3.9018850326538086,5.099702106357426,3.449996482563967
jacquelinehe/tinycomma-1.8b-llama3-tokenizer,bookmia100.05.074,test,anne of green gables,62,245,204.3524782512104,0.8340917479641241,6.629026412963867,7.947598605482181,3.2960077137292
jacquelinehe/tinycomma-1.8b-llama3-tokenizer,bookmia100.05.075,test,anne of green gables,52,249,182.77138209878467,0.7340216148545569,2.041236639022827,2.780894455577155,3.5148342711304745
jacquelinehe/tinycomma-1.8b-llama3-tokenizer,bookmia100.05.076,test,anne of green gables,62,247,248.16447890538257,1.004714489495476,5.583993434906006,5.557791286268843,4.002652885570686
jacquelinehe/tinycomma-1.8b-llama3-tokenizer,bookmia100.05.077,test,anne of green gables,55,244,143.07762148580514,0.5863836946139555,1.3287248611450195,2.2659648850225667,2.6014112997419114
jacquelinehe/tinycomma-1.8b-llama3-tokenizer,bookmia100.05.078,test,anne of green gables,54,247,145.89387845282909,0.5906634755175266,4.556766510009766,7.714657666985799,2.701738489867205
jacquelinehe/tinycomma-1.8b-llama3-tokenizer,bookmia100.05.079,test,anne of green gables,54,244,172.31267820775975,0.7061995008514743,1.4260104043143136,2.019274160623101,3.190975522365921
jacquelinehe/tinycomma-1.8b-llama3-tokenizer,bookmia100.05.080,test,anne of green gables,57,242,193.94584892690182,0.801429127797115,3.178664207458496,3.9662449207401256,3.402558753103541
jacquelinehe/tinycomma-1.8b-llama3-tokenizer,bookmia100.05.081,test,anne of green gables,57,249,162.13710948452353,0.6511530501386488,4.680582364400228,7.188144727884788,2.8445106927109394
jacquelinehe/tinycomma-1.8b-llama3-tokenizer,bookmia100.05.082,test,anne of green gables,65,246,172.38204323058017,0.7007400131324397,2.5249223709106445,3.603222769631445,2.652031434316618
jacquelinehe/tinycomma-1.8b-llama3-tokenizer,bookmia100.05.083,test,anne of green gables,55,248,167.5492121297866,0.6756016618136557,4.435624122619629,6.565442883476894,3.0463493114506655
jacquelinehe/tinycomma-1.8b-llama3-tokenizer,bookmia100.05.084,test,anne of green gables,48,246,146.34214060613886,0.5948867504314588,2.4424102783203123,4.105672678957606,3.048794595961226
jacquelinehe/tinycomma-1.8b-llama3-tokenizer,bookmia100.05.085,test,anne of green gables,61,248,168.18438987183617,0.6781628623864362,6.907681465148926,10.1858739961681,2.757121145439937
jacquelinehe/tinycomma-1.8b-llama3-tokenizer,bookmia100.05.086,test,anne of green gables,61,243,173.32558748446172,0.7132740225698013,5.128175099690755,7.1896283019180185,2.841403073515766
jacquelinehe/tinycomma-1.8b-llama3-tokenizer,bookmia100.05.087,test,anne of green gables,52,249,178.02523713291157,0.7149607916984401,5.394830067952474,7.545630656384208,3.4235622525559917
jacquelinehe/tinycomma-1.8b-llama3-tokenizer,bookmia100.05.088,test,anne of green gables,62,249,207.66236561210826,0.8339854040646918,2.506643295288086,3.0056201020679336,3.3493929937436815
jacquelinehe/tinycomma-1.8b-llama3-tokenizer,bookmia100.05.089,test,anne of green gables,59,248,158.96280509544886,0.6409790528042293,15.471260070800781,24.136919924473855,2.694284832126252
jacquelinehe/tinycomma-1.8b-llama3-tokenizer,bookmia100.05.090,test,anne of green gables,59,249,172.96260697767138,0.6946289436854273,8.075695037841797,11.625912094873765,2.9315696097910404
jacquelinehe/tinycomma-1.8b-llama3-tokenizer,bookmia100.05.091,test,anne of green gables,70,249,178.21901731274556,0.7157390253523919,4.321887334187825,6.038356413582392,2.545985961610651
jacquelinehe/tinycomma-1.8b-llama3-tokenizer,bookmia100.05.092,test,anne of green gables,62,249,180.2548186853528,0.7239149344793285,2.6342251300811768,3.638860043653924,2.907335785247626
jacquelinehe/tinycomma-1.8b-llama3-tokenizer,bookmia100.05.093,test,anne of green gables,60,249,157.49496536771767,0.6325099010751714,6.735714276631673,10.649183934009532,2.624916089461961
jacquelinehe/tinycomma-1.8b-llama3-tokenizer,bookmia100.05.094,test,anne of green gables,58,245,207.7034989473177,0.8477693834584397,3.7439608573913574,4.416249195173841,3.5810948094365123
jacquelinehe/tinycomma-1.8b-llama3-tokenizer,bookmia100.05.095,test,anne of green gables,58,247,219.43855677358806,0.8884152096096682,4.724211692810059,5.317571830952416,3.78342339264807
jacquelinehe/tinycomma-1.8b-llama3-tokenizer,bookmia100.05.096,test,anne of green gables,58,247,161.69499214366078,0.654635595723323,4.376574516296387,6.685512588817603,2.7878446921320825
jacquelinehe/tinycomma-1.8b-llama3-tokenizer,bookmia100.05.097,test,anne of green gables,58,247,177.21122363122413,0.717454346685118,6.965738932291667,9.708964709010043,3.055365924676278
jacquelinehe/tinycomma-1.8b-llama3-tokenizer,bookmia100.05.098,test,anne of green gables,53,246,200.54004871100187,0.815203450044723,4.425803820292155,5.429078863747878,3.783774503981167
jacquelinehe/tinycomma-1.8b-llama3-tokenizer,bookmia100.05.099,test,anne of green gables,64,247,205.31660660542548,0.831241322289172,3.241063117980957,3.89906400352587,3.208071978209773
jacquelinehe/tinycomma-1.8b-llama3-tokenizer,bookmia100.09.000,test,dracula,55,241,164.61777093913406,0.6830612902038757,14.161090850830078,20.73180116326511,2.9930503807115283
jacquelinehe/tinycomma-1.8b-llama3-tokenizer,bookmia100.09.001,test,dracula,66,245,238.530827262206,0.9735952133151266,5.2963714599609375,5.440013865646076,3.6141034433667576
jacquelinehe/tinycomma-1.8b-llama3-tokenizer,bookmia100.09.002,test,dracula,58,249,162.26388373970985,0.6516621836936138,10.61232852935791,16.285015142673085,2.797653167926032
jacquelinehe/tinycomma-1.8b-llama3-tokenizer,bookmia100.09.003,test,dracula,57,244,192.14415756054223,0.7874760555759928,3.4136247634887695,4.3348934095423415,3.3709501326410916
jacquelinehe/tinycomma-1.8b-llama3-tokenizer,bookmia100.09.004,test,dracula,64,244,245.0847172717331,1.00444556258907,3.2947936058044434,3.280211221513834,3.8294487073708297
jacquelinehe/tinycomma-1.8b-llama3-tokenizer,bookmia100.09.005,test,dracula,66,247,181.18397843185812,0.7335383742180491,13.152867317199707,17.930714710352603,2.745211794422093
jacquelinehe/tinycomma-1.8b-llama3-tokenizer,bookmia100.09.006,test,dracula,68,244,212.8471150919795,0.8723242421802438,4.061090469360352,4.655482758578695,3.130104633705581
jacquelinehe/tinycomma-1.8b-llama3-tokenizer,bookmia100.09.007,test,dracula,55,244,173.24213508307002,0.710008750340451,3.506854772567749,4.9391712016030835,3.149857001510364
jacquelinehe/tinycomma-1.8b-llama3-tokenizer,bookmia100.09.008,test,dracula,55,248,179.3627459493,0.7232368788278226,9.34579086303711,12.922171333663442,3.261140835441818
jacquelinehe/tinycomma-1.8b-llama3-tokenizer,bookmia100.09.009,test,dracula,63,245,186.78392499685287,0.7623833673340934,3.7994937896728516,4.983704986847947,2.964824206299252
jacquelinehe/tinycomma-1.8b-llama3-tokenizer,bookmia100.09.010,test,dracula,53,244,137.19778700731695,0.5622860123250695,5.892589092254639,10.479700656056883,2.588637490704093
jacquelinehe/tinycomma-1.8b-llama3-tokenizer,bookmia100.09.011,test,dracula,54,247,179.2394279167056,0.7256657000676341,2.117283503214518,2.9177119753864367,3.319248665124178
jacquelinehe/tinycomma-1.8b-llama3-tokenizer,bookmia100.09.012,test,dracula,62,246,181.6836371794343,0.7385513706481069,4.044615109761556,5.476416767343147,2.9303812448295856
jacquelinehe/tinycomma-1.8b-llama3-tokenizer,bookmia100.09.013,test,dracula,55,246,163.02713452279568,0.662711928954454,7.614899635314941,11.490512397036222,2.964129718596285
jacquelinehe/tinycomma-1.8b-llama3-tokenizer,bookmia100.09.014,test,dracula,66,249,197.4342134743929,0.7929084878489674,5.564815521240234,7.018231746183825,2.991427476884741
jacquelinehe/tinycomma-1.8b-llama3-tokenizer,bookmia100.09.015,test,dracula,50,247,157.96855629247148,0.6395488109006943,3.240388870239258,5.066679532521886,3.1593711258494297
jacquelinehe/tinycomma-1.8b-llama3-tokenizer,bookmia100.09.016,test,dracula,52,249,173.09566646814346,0.6951633191491705,2.2073912620544434,3.175356353318714,3.3287628166950665
jacquelinehe/tinycomma-1.8b-llama3-tokenizer,bookmia100.09.017,test,dracula,59,249,196.34330767393112,0.7885273400559483,3.89566707611084,4.940433740489494,3.3278526724395103
jacquelinehe/tinycomma-1.8b-llama3-tokenizer,bookmia100.09.018,test,dracula,66,249,146.66151297453325,0.5890020601386877,3.9416840076446533,6.692139594072957,2.2221441359777767
jacquelinehe/tinycomma-1.8b-llama3-tokenizer,bookmia100.09.019,test,dracula,66,248,254.2034954689443,1.0250140946328399,4.196779251098633,4.09436248054903,3.851568113165823
jacquelinehe/tinycomma-1.8b-llama3-tokenizer,bookmia100.09.020,test,dracula,67,246,166.9221321856603,0.678545252787237,5.360942840576172,7.9006415836750925,2.491375107248661
jacquelinehe/tinycomma-1.8b-llama3-tokenizer,bookmia100.09.021,test,dracula,58,248,138.68653866118984,0.5592199139564107,4.097370783487956,7.326940048503588,2.3911472182963767
jacquelinehe/tinycomma-1.8b-llama3-tokenizer,bookmia100.09.022,test,dracula,62,248,148.2923715354409,0.5979531110300037,4.2456159591674805,7.1002489674385965,2.391812444120015
jacquelinehe/tinycomma-1.8b-llama3-tokenizer,bookmia100.09.023,test,dracula,68,247,164.76145488396287,0.6670504246314286,3.9384756088256836,5.904314671566014,2.4229625718229832
jacquelinehe/tinycomma-1.8b-llama3-tokenizer,bookmia100.09.024,test,dracula,60,249,155.57152165845037,0.6247852275439774,3.021573305130005,4.836179173134055,2.5928586943075063
jacquelinehe/tinycomma-1.8b-llama3-tokenizer,bookmia100.09.025,test,dracula,56,239,186.84529166016728,0.7817794630132522,4.336588382720947,5.547073807754191,3.33652306536013
jacquelinehe/tinycomma-1.8b-llama3-tokenizer,bookmia100.09.026,test,dracula,62,245,170.80113646769314,0.6971474957865026,1.844256809779576,2.64543273973743,2.7548570398015024
jacquelinehe/tinycomma-1.8b-llama3-tokenizer,bookmia100.09.027,test,dracula,56,245,206.95372198324185,0.8447090693193545,3.8648006916046143,4.575303890981985,3.6956021782721757
jacquelinehe/tinycomma-1.8b-llama3-tokenizer,bookmia100.09.028,test,dracula,58,245,184.91147189959884,0.7547407016310157,6.639626979827881,8.797229254337896,3.1881288258551526
jacquelinehe/tinycomma-1.8b-llama3-tokenizer,bookmia100.09.029,test,dracula,56,239,179.28006114438176,0.7501257788467857,14.728103637695312,19.63417876444365,3.2014296632925316
jacquelinehe/tinycomma-1.8b-llama3-tokenizer,bookmia100.09.030,test,dracula,63,247,161.03055323159788,0.6519455596420967,2.9243974685668945,4.48564673125824,2.556040527485681
jacquelinehe/tinycomma-1.8b-llama3-tokenizer,bookmia100.09.031,test,dracula,67,249,158.60603172890842,0.6369720149755358,2.4858428955078127,3.9025935787827137,2.367254204909081
jacquelinehe/tinycomma-1.8b-llama3-tokenizer,bookmia100.09.032,test,dracula,60,247,156.28738832473755,0.6327424628531885,2.554911422729492,4.037837781913323,2.6047898054122927
jacquelinehe/tinycomma-1.8b-llama3-tokenizer,bookmia100.09.033,test,dracula,65,248,196.67006377875805,0.7930244507207986,6.660251617431641,8.398545103341998,3.02569328890397
jacquelinehe/tinycomma-1.8b-llama3-tokenizer,bookmia100.09.034,test,dracula,57,247,206.72874184139073,0.8369584689934847,6.207791805267334,7.417084640690407,3.6268200323051003
jacquelinehe/tinycomma-1.8b-llama3-tokenizer,bookmia100.09.035,test,dracula,58,243,140.18448588252068,0.5768908884054349,2.701163673400879,4.682278274262706,2.4169738945262185
jacquelinehe/tinycomma-1.8b-llama3-tokenizer,bookmia100.09.036,test,dracula,55,248,178.18870604317635,0.7185028469482917,3.710134506225586,5.163701886476439,3.239794655330479
jacquelinehe/tinycomma-1.8b-llama3-tokenizer,bookmia100.09.037,test,dracula,69,243,241.34172933874652,0.9931758409001914,5.451408386230469,5.488865276152347,3.4977062223006743
jacquelinehe/tinycomma-1.8b-llama3-tokenizer,bookmia100.09.038,test,dracula,58,248,184.61429579550168,0.7444124830463777,9.040095329284668,12.143933014515905,3.183005099922443
jacquelinehe/tinycomma-1.8b-llama3-tokenizer,bookmia100.09.039,test,dracula,50,245,168.38089827261865,0.6872689725413006,4.075908184051514,5.930586636233715,3.3676179654523732
jacquelinehe/tinycomma-1.8b-llama3-tokenizer,bookmia100.09.040,test,dracula,55,249,136.6240610256791,0.5486910081352575,3.7540013790130615,6.8417402934506715,2.4840738368305293
jacquelinehe/tinycomma-1.8b-llama3-tokenizer,bookmia100.09.041,test,dracula,60,247,192.81296338979155,0.7806192849789132,16.765945434570312,21.477749470438987,3.213549389829859
jacquelinehe/tinycomma-1.8b-llama3-tokenizer,bookmia100.09.042,test,dracula,61,248,156.31699113119066,0.6303104481096398,3.992877244949341,6.334778769611633,2.562573625101486
jacquelinehe/tinycomma-1.8b-llama3-tokenizer,bookmia100.09.043,test,dracula,64,246,216.14856825163588,0.8786527164700646,4.048384666442871,4.607491208479975,3.3773213789318106
jacquelinehe/tinycomma-1.8b-llama3-tokenizer,bookmia100.09.044,test,dracula,59,248,185.17118954658508,0.7466580223652625,2.744019317626953,3.675068418784883,3.1384947380777133
jacquelinehe/tinycomma-1.8b-llama3-tokenizer,bookmia100.09.045,test,dracula,54,244,165.29739522654563,0.6774483410924002,1.5345128377278645,2.2651363132034974,3.06106287456566
jacquelinehe/tinycomma-1.8b-llama3-tokenizer,bookmia100.09.046,test,dracula,64,248,148.92696485598572,0.6005119550644585,6.056135654449463,10.084954351657165,2.326983825874777
jacquelinehe/tinycomma-1.8b-llama3-tokenizer,bookmia100.09.047,test,dracula,60,249,139.07647392898798,0.5585400559397108,4.945706049601237,8.854702535667522,2.3179412321497996
jacquelinehe/tinycomma-1.8b-llama3-tokenizer,bookmia100.09.048,test,dracula,45,246,152.37978414073586,0.6194300168322596,2.0393017133076987,3.292222943499907,3.386217425349686
jacquelinehe/tinycomma-1.8b-llama3-tokenizer,bookmia100.09.049,test,dracula,65,249,226.83929225988686,0.9110011737344854,1.8623756170272827,2.044317472603036,3.489835265536721
jacquelinehe/tinycomma-1.8b-llama3-tokenizer,bookmia100.09.050,test,dracula,59,245,137.52984439209104,0.5613463036411879,4.663498560587565,8.307703338095676,2.3310143117303563
jacquelinehe/tinycomma-1.8b-llama3-tokenizer,bookmia100.09.051,test,dracula,72,249,214.89717130549252,0.8630408486164358,8.857352256774902,10.26295831880306,2.9846829347985073
jacquelinehe/tinycomma-1.8b-llama3-tokenizer,bookmia100.09.052,test,dracula,50,241,173.9098184176837,0.7216175038078162,3.1141536712646483,4.315518477353926,3.4781963683536743
jacquelinehe/tinycomma-1.8b-llama3-tokenizer,bookmia100.09.053,test,dracula,59,249,150.87676480505615,0.6059307823496232,2.5355579376220705,4.184566969497597,2.5572333017806126
jacquelinehe/tinycomma-1.8b-llama3-tokenizer,bookmia100.09.054,test,dracula,73,248,198.46527496678755,0.8002632055112401,2.568472385406494,3.209534522789476,2.718702396805309
jacquelinehe/tinycomma-1.8b-llama3-tokenizer,bookmia100.09.055,test,dracula,56,246,184.4423809479922,0.7497657762113504,5.279410362243652,7.041412838181409,3.2936139454998608
jacquelinehe/tinycomma-1.8b-llama3-tokenizer,bookmia100.09.056,test,dracula,58,249,185.6249718319159,0.7454818145860076,2.410561752319336,3.2335621139973836,3.2004305488261364
jacquelinehe/tinycomma-1.8b-llama3-tokenizer,bookmia100.09.057,test,dracula,55,249,163.620567647391,0.6571107134433374,13.900732040405273,21.1543226369934,2.9749194117707454
jacquelinehe/tinycomma-1.8b-llama3-tokenizer,bookmia100.09.058,test,dracula,55,248,140.1874549118802,0.5652719956124201,6.986109256744385,12.358845495566394,2.54886281657964
jacquelinehe/tinycomma-1.8b-llama3-tokenizer,bookmia100.09.059,test,dracula,58,249,178.82819029153325,0.7181855031788483,3.410586357116699,4.7488933458287415,3.083244660198849
jacquelinehe/tinycomma-1.8b-llama3-tokenizer,bookmia100.09.060,test,dracula,55,246,152.36698434129357,0.6193779851272097,2.4454097747802734,3.948170315220403,2.7703088062053376
jacquelinehe/tinycomma-1.8b-llama3-tokenizer,bookmia100.09.061,test,dracula,54,245,154.2565726709454,0.6296186639630424,3.207127571105957,5.0937619144247765,2.8566031976100996
jacquelinehe/tinycomma-1.8b-llama3-tokenizer,bookmia100.09.062,test,dracula,73,249,240.39813690260053,0.9654543650706848,3.8298638661702475,3.9669030507618532,3.2931251630493223
jacquelinehe/tinycomma-1.8b-llama3-tokenizer,bookmia100.09.063,test,dracula,68,245,197.1875266925781,0.8048470477248086,3.4658168156941733,4.3061806904697715,2.8998165690085016
jacquelinehe/tinycomma-1.8b-llama3-tokenizer,bookmia100.09.064,test,dracula,60,247,184.48790682997787,0.7469146025505177,3.3923749923706055,4.541851211352053,3.0747984471662977
jacquelinehe/tinycomma-1.8b-llama3-tokenizer,bookmia100.09.065,test,dracula,62,246,233.5810883489903,0.9495166193048387,13.753439903259277,14.484675279647515,3.767436908854682
jacquelinehe/tinycomma-1.8b-llama3-tokenizer,bookmia100.09.066,test,dracula,60,247,177.1205754065886,0.7170873498242454,5.021782239278157,7.003027233026732,2.9520095901098102
jacquelinehe/tinycomma-1.8b-llama3-tokenizer,bookmia100.09.067,test,dracula,56,248,144.1433841921389,0.5812233233553988,1.6095843315124512,2.769304442602768,2.573989003431052
jacquelinehe/tinycomma-1.8b-llama3-tokenizer,bookmia100.09.068,test,dracula,56,249,141.10791151109152,0.5666984398035804,4.716830571492513,8.32335196321942,2.5197841341266343
jacquelinehe/tinycomma-1.8b-llama3-tokenizer,bookmia100.09.069,test,dracula,66,246,232.18773573148064,0.9438525842743115,14.880370140075684,15.765565924170852,3.517995995931525
jacquelinehe/tinycomma-1.8b-llama3-tokenizer,bookmia100.09.070,test,dracula,58,249,174.8534604664892,0.7022227327971453,6.541154861450195,9.31492894767873,3.0147148356291242
jacquelinehe/tinycomma-1.8b-llama3-tokenizer,bookmia100.09.071,test,dracula,54,249,185.23493992118165,0.7439154213702074,15.457074165344238,20.777999381803472,3.4302766652070678
jacquelinehe/tinycomma-1.8b-llama3-tokenizer,bookmia100.09.072,test,dracula,57,245,199.62150645209476,0.8147816589881419,5.143018086751302,6.3121426826645735,3.5021316921420134
jacquelinehe/tinycomma-1.8b-llama3-tokenizer,bookmia100.09.073,test,dracula,66,244,198.9544909526012,0.8153872580024639,3.353466351826986,4.112728423108192,3.014461984130321
jacquelinehe/tinycomma-1.8b-llama3-tokenizer,bookmia100.09.074,test,dracula,55,249,192.71119843423367,0.7739405559607778,1.894205093383789,2.447481371527692,3.503839971531521
jacquelinehe/tinycomma-1.8b-llama3-tokenizer,bookmia100.09.075,test,dracula,57,246,165.4809812847525,0.6726869157916768,4.5597100257873535,6.778353969351533,2.9031751102588155
jacquelinehe/tinycomma-1.8b-llama3-tokenizer,bookmia100.09.076,test,dracula,56,245,170.91661168122664,0.6976188231886802,2.815462112426758,4.035817295694269,3.052082351450476
jacquelinehe/tinycomma-1.8b-llama3-tokenizer,bookmia100.09.077,test,dracula,57,248,173.10347024351358,0.6979978638851354,2.7223018646240233,3.9001578736521942,3.0369029867283084
jacquelinehe/tinycomma-1.8b-llama3-tokenizer,bookmia100.09.078,test,dracula,64,249,202.79513154458255,0.8144382792955123,4.096153259277344,5.02942133665489,3.1686739303841023
jacquelinehe/tinycomma-1.8b-llama3-tokenizer,bookmia100.09.079,test,dracula,54,244,143.21122784540057,0.5869312616614778,5.387537479400635,9.179162589073309,2.6520597749148256
jacquelinehe/tinycomma-1.8b-llama3-tokenizer,bookmia100.09.080,test,dracula,54,244,188.5385653823614,0.7726990384523009,4.299751281738281,5.5645873331880775,3.491454914488174
jacquelinehe/tinycomma-1.8b-llama3-tokenizer,bookmia100.09.081,test,dracula,61,248,162.77572190202773,0.656353717346886,7.0145368576049805,10.68712901628584,2.6684544574102906
jacquelinehe/tinycomma-1.8b-llama3-tokenizer,bookmia100.09.082,test,dracula,51,247,136.6685286576394,0.5533138812050178,2.2439443588256838,4.055463697998644,2.6797750717184194
jacquelinehe/tinycomma-1.8b-llama3-tokenizer,bookmia100.09.083,test,dracula,60,249,186.7674708366394,0.7500701640025679,5.709946155548096,7.612549371485929,3.1127911806106567
jacquelinehe/tinycomma-1.8b-llama3-tokenizer,bookmia100.09.084,test,dracula,53,249,195.13896208349615,0.783690610777093,4.666937351226807,5.955076259748932,3.681867209122569
jacquelinehe/tinycomma-1.8b-llama3-tokenizer,bookmia100.09.085,test,dracula,60,249,189.7912926170975,0.7622140265746887,2.839186668395996,3.7249205202310542,3.1631882102849582
jacquelinehe/tinycomma-1.8b-llama3-tokenizer,bookmia100.09.086,test,dracula,58,247,181.60530543187633,0.735244151546058,4.389039993286133,5.969500041662268,3.131125955722006
jacquelinehe/tinycomma-1.8b-llama3-tokenizer,bookmia100.09.087,test,dracula,60,249,141.29303415957838,0.5674419042553349,2.7217483520507812,4.796523365017578,2.3548839026596395
jacquelinehe/tinycomma-1.8b-llama3-tokenizer,bookmia100.09.088,test,dracula,58,249,158.94710282655433,0.6383417784198969,3.8072388966878257,5.964264012473032,2.740467290113006
jacquelinehe/tinycomma-1.8b-llama3-tokenizer,bookmia100.09.089,test,dracula,53,246,163.2438469827175,0.6635928739134859,2.763015365600586,4.163720670033607,3.080072584579576
jacquelinehe/tinycomma-1.8b-llama3-tokenizer,bookmia100.09.090,test,dracula,61,249,197.21288596093655,0.7920196223330785,1.6002031803131103,2.0204085040208204,3.2329981305071565
jacquelinehe/tinycomma-1.8b-llama3-tokenizer,bookmia100.09.091,test,dracula,68,247,193.54110417654738,0.7835672233868315,4.4309736887613935,5.654873706443832,2.846192708478638
jacquelinehe/tinycomma-1.8b-llama3-tokenizer,bookmia100.09.092,test,dracula,62,249,156.10895556304604,0.6269435966387391,3.948846181233724,6.298566892468239,2.51788638004913
jacquelinehe/tinycomma-1.8b-llama3-tokenizer,bookmia100.09.093,test,dracula,56,246,113.06696008145809,0.4596217889490166,1.565637731552124,3.4063609889604076,2.019052858597466
jacquelinehe/tinycomma-1.8b-llama3-tokenizer,bookmia100.09.094,test,dracula,58,246,226.87146075069904,0.9222417103686953,2.413313102722168,2.6167902357803463,3.911576909494811
jacquelinehe/tinycomma-1.8b-llama3-tokenizer,bookmia100.09.095,test,dracula,57,248,158.02549452707171,0.6371995747059344,6.9912004470825195,10.971759437078935,2.7723770969661703
jacquelinehe/tinycomma-1.8b-llama3-tokenizer,bookmia100.09.096,test,dracula,70,247,274.6527713537216,1.1119545398936097,3.2840957641601562,2.9534442698299284,3.9236110193388805
jacquelinehe/tinycomma-1.8b-llama3-tokenizer,bookmia100.09.097,test,dracula,56,246,143.70362950861454,0.5841610955634737,4.340810298919678,7.430844559637427,2.5661362412252595
jacquelinehe/tinycomma-1.8b-llama3-tokenizer,bookmia100.09.098,test,dracula,73,246,193.63650587480515,0.7871402677837608,4.004522959391276,5.087432473333176,2.652554874997331
jacquelinehe/tinycomma-1.8b-llama3-tokenizer,bookmia100.09.099,test,dracula,60,249,142.18213852494955,0.5710126045178697,6.557137489318848,11.48334982001898,2.3697023087491593
jacquelinehe/tinycomma-1.8b-llama3-tokenizer,bookmia100.18.000,test,hitchhiker's guide to the galaxy,51,248,166.5289749368094,0.671487802164554,12.844136238098145,19.127877225311945,3.2652740183688116
jacquelinehe/tinycomma-1.8b-llama3-tokenizer,bookmia100.18.001,test,hitchhiker's guide to the galaxy,57,249,209.54736104798212,0.841555666859366,13.256640434265137,15.75254134255682,3.6762694920698618
jacquelinehe/tinycomma-1.8b-llama3-tokenizer,bookmia100.18.002,test,hitchhiker's guide to the galaxy,62,249,192.1874357232591,0.7718370912580688,3.0994620323181152,4.01569459076668,3.099797350375147
jacquelinehe/tinycomma-1.8b-llama3-tokenizer,bookmia100.18.003,test,hitchhiker's guide to the galaxy,60,246,195.27049535672995,0.7937825014501217,1.7923962275187175,2.2580445200596864,3.2545082559454994
jacquelinehe/tinycomma-1.8b-llama3-tokenizer,bookmia100.18.004,test,hitchhiker's guide to the galaxy,64,248,171.73916261969134,0.6924966234664973,2.6650236447652182,3.848428359729253,2.683424415932677
jacquelinehe/tinycomma-1.8b-llama3-tokenizer,bookmia100.18.005,test,hitchhiker's guide to the galaxy,66,249,188.8831302827457,0.7585667882841193,11.657315254211426,15.367552909323006,2.8618656103446316
jacquelinehe/tinycomma-1.8b-llama3-tokenizer,bookmia100.18.006,test,hitchhiker's guide to the galaxy,50,249,162.1977389035019,0.651396541781132,3.86350949605306,5.931117603862244,3.2439547780700377
jacquelinehe/tinycomma-1.8b-llama3-tokenizer,bookmia100.18.007,test,hitchhiker's guide to the galaxy,57,247,206.70207808818668,0.8368505185756546,2.2806015014648438,2.725219678834038,3.62635224716117
jacquelinehe/tinycomma-1.8b-llama3-tokenizer,bookmia100.18.008,test,hitchhiker's guide to the galaxy,55,246,201.23708494449966,0.8180369306686978,2.7736218770345054,3.3905827146058436,3.658856089899994
jacquelinehe/tinycomma-1.8b-llama3-tokenizer,bookmia100.18.009,test,hitchhiker's guide to the galaxy,52,246,166.389434710145,0.6763798158948984,5.21143118540446,7.704888677834609,3.1997968213489423
jacquelinehe/tinycomma-1.8b-llama3-tokenizer,bookmia100.18.010,test,hitchhiker's guide to the galaxy,63,245,190.77125981543213,0.7786582033282944,5.535348256429036,7.108829307607317,3.0281152351655893
jacquelinehe/tinycomma-1.8b-llama3-tokenizer,bookmia100.18.011,test,hitchhiker's guide to the galaxy,56,240,191.5997096663341,0.7983321236097254,12.346796035766602,15.465738720295423,3.421423386898823
jacquelinehe/tinycomma-1.8b-llama3-tokenizer,bookmia100.18.012,test,hitchhiker's guide to the galaxy,46,242,152.19932418316603,0.6289228272031654,5.529971440633138,8.792766300477677,3.3086809605036094
jacquelinehe/tinycomma-1.8b-llama3-tokenizer,bookmia100.18.013,test,hitchhiker's guide to the galaxy,63,248,178.82158490043366,0.7210547778243293,2.1046669823782787,2.9188725282825034,2.838437855562439
jacquelinehe/tinycomma-1.8b-llama3-tokenizer,bookmia100.18.014,test,hitchhiker's guide to the galaxy,53,249,195.51928701042198,0.7852180201221766,0.876969873152663,1.1168488886898065,3.6890431511400372
jacquelinehe/tinycomma-1.8b-llama3-tokenizer,bookmia100.18.015,test,hitchhiker's guide to the galaxy,60,243,168.4758558953181,0.6933162794046012,3.048338254292806,4.396749859833994,2.807930931588635
jacquelinehe/tinycomma-1.8b-llama3-tokenizer,bookmia100.18.016,test,hitchhiker's guide to the galaxy,54,245,167.15925912559032,0.682282690308532,1.555008888244629,2.2791269811365806,3.09554183565908
jacquelinehe/tinycomma-1.8b-llama3-tokenizer,bookmia100.18.017,test,hitchhiker's guide to the galaxy,57,241,162.66258343413938,0.6749484789798315,6.5803117752075195,9.749354180564277,2.85372953393227
jacquelinehe/tinycomma-1.8b-llama3-tokenizer,bookmia100.18.018,test,hitchhiker's guide to the galaxy,56,249,154.69972220435739,0.6212840249170979,3.9618406295776367,6.376859006001791,2.762495039363525
jacquelinehe/tinycomma-1.8b-llama3-tokenizer,bookmia100.18.019,test,hitchhiker's guide to the galaxy,51,245,178.56905719265342,0.7288532946638915,14.147347450256348,19.410418466696175,3.5013540626010475
jacquelinehe/tinycomma-1.8b-llama3-tokenizer,bookmia100.18.020,test,hitchhiker's guide to the galaxy,50,244,149.49324014456943,0.6126772137072517,12.488580703735352,20.383621953504903,2.9898648028913883
jacquelinehe/tinycomma-1.8b-llama3-tokenizer,bookmia100.18.021,test,hitchhiker's guide to the galaxy,52,245,243.28907015523873,0.9930166128785254,7.330175876617432,7.3817253221665124,4.678635964523822
jacquelinehe/tinycomma-1.8b-llama3-tokenizer,bookmia100.18.022,test,hitchhiker's guide to the galaxy,54,242,222.26722124079242,0.9184595919041009,15.002936363220215,16.334889956472594,4.116059652607267
jacquelinehe/tinycomma-1.8b-llama3-tokenizer,bookmia100.18.023,test,hitchhiker's guide to the galaxy,59,249,235.6269053183496,0.9462927924431711,4.584187825520833,4.844365150119362,3.9936763613279593
jacquelinehe/tinycomma-1.8b-llama3-tokenizer,bookmia100.18.024,test,hitchhiker's guide to the galaxy,53,245,177.52978978678584,0.7246113868848402,1.4241891437106662,1.9654523369186405,3.3496186752223744
jacquelinehe/tinycomma-1.8b-llama3-tokenizer,bookmia100.18.025,test,hitchhiker's guide to the galaxy,64,247,216.5746547416784,0.876820464541208,5.378662109375,6.13427985190715,3.383978980338725
jacquelinehe/tinycomma-1.8b-llama3-tokenizer,bookmia100.18.026,test,hitchhiker's guide to the galaxy,68,249,206.9318031190196,0.8310514181486731,13.521259307861328,16.27006345525832,3.0431147517502883
jacquelinehe/tinycomma-1.8b-llama3-tokenizer,bookmia100.18.027,test,hitchhiker's guide to the galaxy,54,249,159.86107523500687,0.642012350341393,4.640604337056478,7.228216613884164,2.9603902821297567
jacquelinehe/tinycomma-1.8b-llama3-tokenizer,bookmia100.18.028,test,hitchhiker's guide to the galaxy,42,246,170.02358448319137,0.6911527824519974,11.114048957824707,16.080451732242878,4.048180582933128
jacquelinehe/tinycomma-1.8b-llama3-tokenizer,bookmia100.18.029,test,hitchhiker's guide to the galaxy,60,247,196.8677926240489,0.7970355976682141,1.7338005701700847,2.175311335205661,3.2811298770674813
jacquelinehe/tinycomma-1.8b-llama3-tokenizer,bookmia100.18.030,test,hitchhiker's guide to the galaxy,49,249,200.87531118653715,0.8067281573756512,2.72204852104187,3.3741831075995954,4.099496146664023
jacquelinehe/tinycomma-1.8b-llama3-tokenizer,bookmia100.18.031,test,hitchhiker's guide to the galaxy,59,242,239.27491640811786,0.988739324000487,4.219138781229655,4.267190227813349,4.05550705776471
jacquelinehe/tinycomma-1.8b-llama3-tokenizer,bookmia100.18.032,test,hitchhiker's guide to the galaxy,55,249,221.92209202004597,0.8912533816066103,4.781288782755534,5.364679541677121,4.034947127637199
jacquelinehe/tinycomma-1.8b-llama3-tokenizer,bookmia100.18.033,test,hitchhiker's guide to the galaxy,48,243,163.6240192167461,0.6733498733199428,6.515439033508301,9.67615691584527,3.40883373368221
jacquelinehe/tinycomma-1.8b-llama3-tokenizer,bookmia100.18.034,test,hitchhiker's guide to the galaxy,53,248,178.89200211316347,0.7213387181982398,4.536003748575847,6.288313151837848,3.37532079458799
jacquelinehe/tinycomma-1.8b-llama3-tokenizer,bookmia100.18.035,test,hitchhiker's guide to the galaxy,70,246,173.19297174265375,0.7040364704985925,3.0377213954925537,4.314721641254274,2.4741853106093394
jacquelinehe/tinycomma-1.8b-llama3-tokenizer,bookmia100.18.036,test,hitchhiker's guide to the galaxy,56,246,215.91161508858204,0.8776894922300083,2.7024969100952148,3.079103639749393,3.8555645551532507
jacquelinehe/tinycomma-1.8b-llama3-tokenizer,bookmia100.18.037,test,hitchhiker's guide to the galaxy,55,244,191.7285143949557,0.7857725999793267,8.534906387329102,10.861801986419037,3.485972988999195
jacquelinehe/tinycomma-1.8b-llama3-tokenizer,bookmia100.18.038,test,hitchhiker's guide to the galaxy,50,245,159.8340845075436,0.6523840183981371,2.872100830078125,4.402469633039567,3.196681690150872
jacquelinehe/tinycomma-1.8b-llama3-tokenizer,bookmia100.18.039,test,hitchhiker's guide to the galaxy,49,242,191.56814175914042,0.791603891566696,2.6150612831115723,3.3034972553457216,3.909553913451845
jacquelinehe/tinycomma-1.8b-llama3-tokenizer,bookmia100.18.040,test,hitchhiker's guide to the galaxy,57,249,149.12756361439824,0.5989058779694708,2.5479047298431396,4.254265692768871,2.616273045866636
jacquelinehe/tinycomma-1.8b-llama3-tokenizer,bookmia100.18.041,test,hitchhiker's guide to the galaxy,60,247,181.35583245253656,0.7342341394839537,4.141687711079915,5.64082693565685,3.022597207542276
jacquelinehe/tinycomma-1.8b-llama3-tokenizer,bookmia100.18.042,test,hitchhiker's guide to the galaxy,54,246,192.93147708196193,0.784274297081146,6.292229334513347,8.02299572730013,3.5728051311474434
jacquelinehe/tinycomma-1.8b-llama3-tokenizer,bookmia100.18.043,test,hitchhiker's guide to the galaxy,61,248,171.62451436719857,0.6920343321258007,3.9589754740397134,5.720778999328657,2.8135166289704685
jacquelinehe/tinycomma-1.8b-llama3-tokenizer,bookmia100.18.044,test,hitchhiker's guide to the galaxy,37,247,178.85908459872007,0.724125848577814,6.330247402191162,8.741916083542375,4.834029313478921
jacquelinehe/tinycomma-1.8b-llama3-tokenizer,bookmia100.18.045,test,hitchhiker's guide to the galaxy,61,247,211.81308505032212,0.8575428544547454,6.0076904296875,7.005702861937309,3.472345656562658
jacquelinehe/tinycomma-1.8b-llama3-tokenizer,bookmia100.18.046,test,hitchhiker's guide to the galaxy,57,248,177.33151781535707,0.7150464428038592,3.7977375030517577,5.311175996009389,3.111079259918545
jacquelinehe/tinycomma-1.8b-llama3-tokenizer,bookmia100.18.047,test,hitchhiker's guide to the galaxy,60,238,205.99074454139918,0.8655073300058789,6.505908966064453,7.516873330258523,3.4331790756899863
jacquelinehe/tinycomma-1.8b-llama3-tokenizer,bookmia100.18.048,test,hitchhiker's guide to the galaxy,62,245,164.02174963668222,0.6694765291293152,3.119471549987793,4.659568206289186,2.645512090914229
jacquelinehe/tinycomma-1.8b-llama3-tokenizer,bookmia100.18.049,test,hitchhiker's guide to the galaxy,58,249,182.07404201384634,0.7312210522644431,1.4321956634521484,1.9586357080624652,3.139207620928385
jacquelinehe/tinycomma-1.8b-llama3-tokenizer,bookmia100.18.050,test,hitchhiker's guide to the galaxy,46,245,218.12301143608056,0.8902980058615533,1.9602108001708984,2.201746816532489,4.741804596436534
jacquelinehe/tinycomma-1.8b-llama3-tokenizer,bookmia100.18.051,test,hitchhiker's guide to the galaxy,52,247,172.85792668210343,0.6998296626805807,4.0486501057942705,5.785193628813321,3.324190897732758
jacquelinehe/tinycomma-1.8b-llama3-tokenizer,bookmia100.18.052,test,hitchhiker's guide to the galaxy,62,246,212.26930794754298,0.8628833656404187,3.098457098007202,3.5908179730728444,3.4236985152829513
jacquelinehe/tinycomma-1.8b-llama3-tokenizer,bookmia100.18.053,test,hitchhiker's guide to the galaxy,62,249,157.06185853481293,0.630770516204068,2.5754448572794595,4.083014014000374,2.5332557828195634
jacquelinehe/tinycomma-1.8b-llama3-tokenizer,bookmia100.18.054,test,hitchhiker's guide to the galaxy,59,249,160.74135805497644,0.6455476227107487,8.923347473144531,13.822911214007872,2.7244297975419736
jacquelinehe/tinycomma-1.8b-llama3-tokenizer,bookmia100.18.055,test,hitchhiker's guide to the galaxy,57,246,216.69019231945276,0.8808544403229787,3.195223808288574,3.627414090251957,3.801582321393908
jacquelinehe/tinycomma-1.8b-llama3-tokenizer,bookmia100.18.056,test,hitchhiker's guide to the galaxy,55,246,202.87540996749885,0.8246967884857677,6.610757191975911,8.015985128442145,3.688643817590888
jacquelinehe/tinycomma-1.8b-llama3-tokenizer,bookmia100.18.057,test,hitchhiker's guide to the galaxy,66,249,165.64739514207758,0.66525058289991,9.494569778442383,14.27217055121451,2.509809017304206
jacquelinehe/tinycomma-1.8b-llama3-tokenizer,bookmia100.18.058,test,hitchhiker's guide to the galaxy,68,249,181.1530446074903,0.7275222674999611,3.2411746978759766,4.455086590014442,2.664015361874857
jacquelinehe/tinycomma-1.8b-llama3-tokenizer,bookmia100.18.059,test,hitchhiker's guide to the galaxy,59,244,181.11997076193802,0.7422949621390903,7.268616199493408,9.79208612509945,3.0698300129142035
jacquelinehe/tinycomma-1.8b-llama3-tokenizer,bookmia100.18.060,test,hitchhiker's guide to the galaxy,58,249,209.15209216345102,0.8399682416202852,3.7099854946136475,4.416816387554302,3.606070554542259
jacquelinehe/tinycomma-1.8b-llama3-tokenizer,bookmia100.18.061,test,hitchhiker's guide to the galaxy,58,248,187.25400541350245,0.7550564734415421,3.5343923568725586,4.680964247300368,3.2285173347155594
jacquelinehe/tinycomma-1.8b-llama3-tokenizer,bookmia100.18.062,test,hitchhiker's guide to the galaxy,68,249,178.29857735167025,0.716058543581005,4.8505754470825195,6.773992839782091,2.6220379022304448
jacquelinehe/tinycomma-1.8b-llama3-tokenizer,bookmia100.18.063,test,hitchhiker's guide to the galaxy,56,249,292.6937899272889,1.17547706798108,16.65139389038086,14.165647585945823,5.2266748201301585
jacquelinehe/tinycomma-1.8b-llama3-tokenizer,bookmia100.18.064,test,hitchhiker's guide to the galaxy,64,248,207.437889683526,0.8364431035626049,5.521851221720378,6.6015861667118,3.241217026305094
jacquelinehe/tinycomma-1.8b-llama3-tokenizer,bookmia100.18.065,test,hitchhiker's guide to the galaxy,60,244,193.0601993985474,0.7912303254038828,2.1207923889160156,2.6803729847354614,3.21766998997579
jacquelinehe/tinycomma-1.8b-llama3-tokenizer,bookmia100.18.066,test,hitchhiker's guide to the galaxy,57,248,174.02754022506997,0.7017239525204434,3.3726134300231934,4.80618257066683,3.053114740790701
jacquelinehe/tinycomma-1.8b-llama3-tokenizer,bookmia100.18.067,test,hitchhiker's guide to the galaxy,37,247,188.29789219237864,0.7623396445035573,4.229764302571614,5.548398713182595,5.089132221415639
jacquelinehe/tinycomma-1.8b-llama3-tokenizer,bookmia100.18.068,test,hitchhiker's guide to the galaxy,53,243,219.58871219528373,0.9036572518324434,2.2715877532958983,2.5137713980489336,4.143183248967618
jacquelinehe/tinycomma-1.8b-llama3-tokenizer,bookmia100.18.069,test,hitchhiker's guide to the galaxy,59,249,186.19692350458354,0.7477788092553556,3.3934152126312256,4.537993281743859,3.155880059399721
jacquelinehe/tinycomma-1.8b-llama3-tokenizer,bookmia100.18.070,test,hitchhiker's guide to the galaxy,64,247,267.0330212225672,1.0811053490792193,7.277917861938477,6.73192290477251,4.172390956602612
jacquelinehe/tinycomma-1.8b-llama3-tokenizer,bookmia100.18.071,test,hitchhiker's guide to the galaxy,61,240,157.37521808739984,0.655730075364166,7.554772853851318,11.521162651653125,2.5799216079901615
jacquelinehe/tinycomma-1.8b-llama3-tokenizer,bookmia100.18.072,test,hitchhiker's guide to the galaxy,57,244,168.10054273175774,0.6889366505399908,3.741122245788574,5.430284835124203,2.949132328627329
jacquelinehe/tinycomma-1.8b-llama3-tokenizer,bookmia100.18.073,test,hitchhiker's guide to the galaxy,49,247,189.62146041356027,0.7676982202978149,2.4016308784484863,3.128352801855938,3.86982572272572
jacquelinehe/tinycomma-1.8b-llama3-tokenizer,bookmia100.18.074,test,hitchhiker's guide to the galaxy,51,247,182.73551748902537,0.7398199088624509,4.106747627258301,5.551009885058172,3.583049362529909
jacquelinehe/tinycomma-1.8b-llama3-tokenizer,bookmia100.18.075,test,hitchhiker's guide to the galaxy,55,244,163.89912848407403,0.671717739688828,6.617736339569092,9.85196005488071,2.9799841542558916
jacquelinehe/tinycomma-1.8b-llama3-tokenizer,bookmia100.18.076,test,hitchhiker's guide to the galaxy,46,247,195.91666861996055,0.7931848931982208,5.9787858327229815,7.537695036797497,4.259058013477403
jacquelinehe/tinycomma-1.8b-llama3-tokenizer,bookmia100.18.077,test,hitchhiker's guide to the galaxy,58,249,220.23797069117427,0.88448984213323,5.398236592610677,6.103220563382733,3.7972063912271428
jacquelinehe/tinycomma-1.8b-llama3-tokenizer,bookmia100.18.078,test,hitchhiker's guide to the galaxy,56,247,186.42221393168438,0.7547458053914348,3.8412084579467773,5.089406831422676,3.3289681059229355
jacquelinehe/tinycomma-1.8b-llama3-tokenizer,bookmia100.18.079,test,hitchhiker's guide to the galaxy,59,242,179.44259351753863,0.7414983203204075,5.647693634033203,7.616596665509355,3.0413998901277735
jacquelinehe/tinycomma-1.8b-llama3-tokenizer,bookmia100.18.080,test,hitchhiker's guide to the galaxy,57,248,178.11337302075117,0.7181990847610934,2.8518567085266113,3.9708442534081927,3.124796017907915
jacquelinehe/tinycomma-1.8b-llama3-tokenizer,bookmia100.18.081,test,hitchhiker's guide to the galaxy,57,246,193.37757695675828,0.7860877112063345,2.11891633272171,2.6955215079879697,3.392589069416812
jacquelinehe/tinycomma-1.8b-llama3-tokenizer,bookmia100.18.082,test,hitchhiker's guide to the galaxy,65,245,190.79182137176394,0.7787421280480161,3.2216888427734376,4.137041938194453,2.9352587903348297
jacquelinehe/tinycomma-1.8b-llama3-tokenizer,bookmia100.18.083,test,hitchhiker's guide to the galaxy,52,244,222.40041254612152,0.9114771005988587,3.5068466663360596,3.8474325510009972,4.276931010502337
jacquelinehe/tinycomma-1.8b-llama3-tokenizer,bookmia100.18.084,test,hitchhiker's guide to the galaxy,75,248,220.15808009251487,0.8877341939214309,11.601619720458984,13.068798971469818,2.9354410679001983
jacquelinehe/tinycomma-1.8b-llama3-tokenizer,bookmia100.18.085,test,hitchhiker's guide to the galaxy,55,249,240.1612879782915,0.9645031645714518,3.982116381327311,4.128671141371159,4.366568872332573
jacquelinehe/tinycomma-1.8b-llama3-tokenizer,bookmia100.18.086,test,hitchhiker's guide to the galaxy,58,249,188.16093051061034,0.7556663875928126,2.685016949971517,3.5531776906535195,3.244153974320868
jacquelinehe/tinycomma-1.8b-llama3-tokenizer,bookmia100.18.087,test,hitchhiker's guide to the galaxy,57,249,241.4996598958969,0.9698781521923571,4.25551176071167,4.387676690203111,4.236836138524507
jacquelinehe/tinycomma-1.8b-llama3-tokenizer,bookmia100.18.088,test,hitchhiker's guide to the galaxy,63,243,205.06290337309474,0.8438802607946285,5.4540589650472,6.463072094981175,3.254966720207853
jacquelinehe/tinycomma-1.8b-llama3-tokenizer,bookmia100.18.089,test,hitchhiker's guide to the galaxy,57,248,142.8034657659009,0.5758204264754069,1.3845706419511274,2.404518107191986,2.505323960805279
jacquelinehe/tinycomma-1.8b-llama3-tokenizer,bookmia100.18.090,test,hitchhiker's guide to the galaxy,70,245,199.78866497566923,0.8154639386762009,8.794805526733398,10.78503304635471,2.854123785366703
jacquelinehe/tinycomma-1.8b-llama3-tokenizer,bookmia100.18.091,test,hitchhiker's guide to the galaxy,59,249,223.4945528805256,0.8975684854639582,3.488698959350586,3.8868331674404297,3.7880432691614505
jacquelinehe/tinycomma-1.8b-llama3-tokenizer,bookmia100.18.092,test,hitchhiker's guide to the galaxy,56,243,151.20545098558068,0.6222446542616489,2.66345329284668,4.2803956202839775,2.7000973390282264
jacquelinehe/tinycomma-1.8b-llama3-tokenizer,bookmia100.18.093,test,hitchhiker's guide to the galaxy,57,248,196.39381577074528,0.7919105474626825,8.615774154663086,10.879731533149064,3.4455055398376366
jacquelinehe/tinycomma-1.8b-llama3-tokenizer,bookmia100.18.094,test,hitchhiker's guide to the galaxy,73,249,157.0845942182932,0.6308618241698523,3.4513163566589355,5.470796019715577,2.1518437564149755
jacquelinehe/tinycomma-1.8b-llama3-tokenizer,bookmia100.18.095,test,hitchhiker's guide to the galaxy,56,249,159.03776024177205,0.6387058644247874,2.127443313598633,3.3308654767317485,2.839960004317358
jacquelinehe/tinycomma-1.8b-llama3-tokenizer,bookmia100.18.096,test,hitchhiker's guide to the galaxy,49,245,160.59529055282474,0.6554909818482643,4.712623596191406,7.18945603630334,3.277454909241321
jacquelinehe/tinycomma-1.8b-llama3-tokenizer,bookmia100.18.097,test,hitchhiker's guide to the galaxy,61,249,186.16578270110767,0.747653745787581,3.6055245399475098,4.8224523186858885,3.0518980770673387
jacquelinehe/tinycomma-1.8b-llama3-tokenizer,bookmia100.18.098,test,hitchhiker's guide to the galaxy,61,245,178.18906634580344,0.7273023116155243,4.605806032816569,6.33272568952228,2.9211322351771054
jacquelinehe/tinycomma-1.8b-llama3-tokenizer,bookmia100.18.099,test,hitchhiker's guide to the galaxy,58,244,153.53257264662534,0.6292318551091203,11.18687629699707,17.77862358074205,2.6471133214935403
jacquelinehe/tinycomma-1.8b-llama3-tokenizer,bookmia100.24.000,test,of human bondage,59,242,212.43169808737002,0.8778169342453307,3.9842147827148438,4.5387763977692215,3.600537255718136
jacquelinehe/tinycomma-1.8b-llama3-tokenizer,bookmia100.24.001,test,of human bondage,59,248,163.61225219839253,0.6597268233806151,3.2733888626098633,4.96173377616534,2.7730890203117378
jacquelinehe/tinycomma-1.8b-llama3-tokenizer,bookmia100.24.002,test,of human bondage,51,244,179.81432113819756,0.7369439390909736,7.58907413482666,10.29803453460496,3.525771002709756
jacquelinehe/tinycomma-1.8b-llama3-tokenizer,bookmia100.24.003,test,of human bondage,57,248,140.18570980243385,0.5652649588807817,3.685112714767456,6.519266154519711,2.459398417586559
jacquelinehe/tinycomma-1.8b-llama3-tokenizer,bookmia100.24.004,test,of human bondage,55,247,161.35159160010517,0.6532453101218832,5.157690366109212,7.8954877841325555,2.9336653018200938
jacquelinehe/tinycomma-1.8b-llama3-tokenizer,bookmia100.24.005,test,of human bondage,54,248,160.47031229594722,0.6470577108707549,5.707702159881592,8.821009415374487,2.9716724499249487
jacquelinehe/tinycomma-1.8b-llama3-tokenizer,bookmia100.24.006,test,of human bondage,60,246,181.30251675704494,0.7370021006383941,7.095825672149658,9.627958544491564,3.0217086126174157
jacquelinehe/tinycomma-1.8b-llama3-tokenizer,bookmia100.24.007,test,of human bondage,52,240,175.05970646860078,0.7294154436191699,4.707435290018718,6.453709379474676,3.3665328167038613
jacquelinehe/tinycomma-1.8b-llama3-tokenizer,bookmia100.24.008,test,of human bondage,57,247,142.38806804805063,0.576469911125711,2.6513668060302735,4.599315167816433,2.498036281544748
jacquelinehe/tinycomma-1.8b-llama3-tokenizer,bookmia100.24.009,test,of human bondage,46,248,156.62273588799872,0.6315432898709625,18.060508728027344,28.5974200307274,3.4048420845217113
jacquelinehe/tinycomma-1.8b-llama3-tokenizer,bookmia100.24.010,test,of human bondage,49,248,139.76278193481266,0.5635596045758575,5.572536945343018,9.888105712503974,2.852301672139034
jacquelinehe/tinycomma-1.8b-llama3-tokenizer,bookmia100.24.011,test,of human bondage,53,246,188.23054514080286,0.7651648176455401,3.0732545852661133,4.016460917169074,3.5515197196377897
jacquelinehe/tinycomma-1.8b-llama3-tokenizer,bookmia100.24.012,test,of human bondage,55,248,235.9603836191818,0.9514531597547654,4.939503033955892,5.191535687609715,4.290188793076033
jacquelinehe/tinycomma-1.8b-llama3-tokenizer,bookmia100.24.013,test,of human bondage,62,249,145.7085903445477,0.5851750616246896,12.360681533813477,21.12304905731129,2.350138553944318
jacquelinehe/tinycomma-1.8b-llama3-tokenizer,bookmia100.24.014,test,of human bondage,64,246,126.03960288381495,0.5123561092838006,3.279758071899414,6.401325196422542,1.9693687950596086
jacquelinehe/tinycomma-1.8b-llama3-tokenizer,bookmia100.24.015,test,of human bondage,61,248,153.99246503785253,0.6209373590235989,3.597111940383911,5.793035139712381,2.5244666399647957
jacquelinehe/tinycomma-1.8b-llama3-tokenizer,bookmia100.24.016,test,of human bondage,61,245,182.71946653988562,0.745793740979125,2.4956984519958496,3.3463655094763056,2.995401090817797
jacquelinehe/tinycomma-1.8b-llama3-tokenizer,bookmia100.24.017,test,of human bondage,56,244,165.12180185411125,0.6767286961234068,8.365973472595215,12.362374346646021,2.948603604537701
jacquelinehe/tinycomma-1.8b-llama3-tokenizer,bookmia100.24.018,test,of human bondage,56,246,152.28614322724752,0.6190493627123883,3.3306875228881836,5.380326228420056,2.719395414772277
jacquelinehe/tinycomma-1.8b-llama3-tokenizer,bookmia100.24.019,test,of human bondage,61,244,183.5125005930895,0.7521004122667603,5.23317019144694,6.958073823779268,3.008401649067041
jacquelinehe/tinycomma-1.8b-llama3-tokenizer,bookmia100.24.020,test,of human bondage,53,247,166.1959079876542,0.6728579270755232,3.368771553039551,5.00666101636257,3.1357718488236643
jacquelinehe/tinycomma-1.8b-llama3-tokenizer,bookmia100.24.021,test,of human bondage,53,247,192.55651395767927,0.779581028168742,4.694020907084147,6.021209774833203,3.6331417727864013
jacquelinehe/tinycomma-1.8b-llama3-tokenizer,bookmia100.24.022,test,of human bondage,61,249,181.76821116858628,0.7299928159380975,5.182638168334961,7.099574208377473,2.9798067404686277
jacquelinehe/tinycomma-1.8b-llama3-tokenizer,bookmia100.24.023,test,of human bondage,56,249,175.2496354430914,0.7038137969602064,8.556910514831543,12.157918119521248,3.129457775769489
jacquelinehe/tinycomma-1.8b-llama3-tokenizer,bookmia100.24.024,test,of human bondage,54,248,162.3027021829039,0.6544463797697737,3.76583194732666,5.754225347921451,3.0056055959797017
jacquelinehe/tinycomma-1.8b-llama3-tokenizer,bookmia100.24.025,test,of human bondage,62,246,209.9754892513156,0.8535588993955918,2.1921483993530275,2.568245027853726,3.3867014395373483
jacquelinehe/tinycomma-1.8b-llama3-tokenizer,bookmia100.24.026,test,of human bondage,53,249,163.59289998933673,0.65699959835075,2.3620573043823243,3.5952187951282455,3.0866584903648437
jacquelinehe/tinycomma-1.8b-llama3-tokenizer,bookmia100.24.027,test,of human bondage,55,248,171.1913159256792,0.6902875642164483,3.7490107218424478,5.431085414522836,3.1125693804668946
jacquelinehe/tinycomma-1.8b-llama3-tokenizer,bookmia100.24.028,test,of human bondage,61,243,149.47176407260122,0.6151101402164659,2.8043365478515625,4.559080341066523,2.45035678807543
jacquelinehe/tinycomma-1.8b-llama3-tokenizer,bookmia100.24.029,test,of human bondage,61,245,169.35385499613767,0.6912402244740313,2.1446388363838196,3.1025955383538157,2.7762927048547157
jacquelinehe/tinycomma-1.8b-llama3-tokenizer,bookmia100.24.030,test,of human bondage,57,247,159.31422998942435,0.6449968825482767,2.3254110336303713,3.605305849608225,2.7949864910425326
jacquelinehe/tinycomma-1.8b-llama3-tokenizer,bookmia100.24.031,test,of human bondage,62,244,133.6054658984649,0.5475633848297742,6.11956787109375,11.175999054422153,2.154926869330079
jacquelinehe/tinycomma-1.8b-llama3-tokenizer,bookmia100.24.032,test,of human bondage,52,246,170.91322361919447,0.6947692017040425,3.6784963607788086,5.294558756716123,3.286792761907586
jacquelinehe/tinycomma-1.8b-llama3-tokenizer,bookmia100.24.033,test,of human bondage,59,247,172.43162448704243,0.69810374286252,8.241109848022461,11.804993071990179,2.922569906560041
jacquelinehe/tinycomma-1.8b-llama3-tokenizer,bookmia100.24.034,test,of human bondage,56,245,158.5626441501081,0.6471944659188086,4.750199794769287,7.339679253940354,2.8314757883947874
jacquelinehe/tinycomma-1.8b-llama3-tokenizer,bookmia100.24.035,test,of human bondage,54,247,150.62871546996757,0.6098328561537149,2.57632201058524,4.224636282856906,2.7894206568512514
jacquelinehe/tinycomma-1.8b-llama3-tokenizer,bookmia100.24.036,test,of human bondage,66,246,143.53719365550205,0.5834845270548864,2.946043014526367,5.049050793851202,2.174805964477304
jacquelinehe/tinycomma-1.8b-llama3-tokenizer,bookmia100.24.037,test,of human bondage,55,247,201.6744608473382,0.8164957929042033,3.3533623218536377,4.1070172694044444,3.6668083790425126
jacquelinehe/tinycomma-1.8b-llama3-tokenizer,bookmia100.24.038,test,of human bondage,57,247,183.49781099241227,0.7429061173781873,4.143134117126465,5.576928255414192,3.219259841972145
jacquelinehe/tinycomma-1.8b-llama3-tokenizer,bookmia100.24.039,test,of human bondage,54,248,140.68950363993645,0.567296385644905,3.2131056785583496,5.663892384764054,2.6053611785173416
jacquelinehe/tinycomma-1.8b-llama3-tokenizer,bookmia100.24.040,test,of human bondage,64,249,178.5002521915594,0.7168684826970257,3.014220952987671,4.204705640911247,2.789066440493116
jacquelinehe/tinycomma-1.8b-llama3-tokenizer,bookmia100.24.041,test,of human bondage,63,243,166.79494868568145,0.6863989657846973,2.8209650039672853,4.109803692291893,2.6475388680266896
jacquelinehe/tinycomma-1.8b-llama3-tokenizer,bookmia100.24.042,test,of human bondage,55,247,166.36119756392145,0.6735271156434067,2.1351943697248186,3.1701683868883452,3.0247490466167535
jacquelinehe/tinycomma-1.8b-llama3-tokenizer,bookmia100.24.043,test,of human bondage,60,245,146.38487425804487,0.5974892826858974,1.809715815952846,3.028867409667365,2.4397479043007477
jacquelinehe/tinycomma-1.8b-llama3-tokenizer,bookmia100.24.044,test,of human bondage,63,247,158.7522645027202,0.6427217186344948,5.113272190093994,7.955654899849164,2.519877214328892
jacquelinehe/tinycomma-1.8b-llama3-tokenizer,bookmia100.24.045,test,of human bondage,62,248,156.2104534729733,0.6298808607781182,6.080664157867432,9.653673474624602,2.519523443112473
jacquelinehe/tinycomma-1.8b-llama3-tokenizer,bookmia100.24.046,test,of human bondage,55,246,163.47195160016418,0.664520128455952,4.834876696268718,7.275741530211902,2.972217301821167
jacquelinehe/tinycomma-1.8b-llama3-tokenizer,bookmia100.24.047,test,of human bondage,64,247,159.28861408535158,0.6448931744346218,3.2374699115753174,5.020164641087431,2.4888845950836185
jacquelinehe/tinycomma-1.8b-llama3-tokenizer,bookmia100.24.048,test,of human bondage,57,248,184.16021743323654,0.7425815219082118,3.494997024536133,4.706549949633865,3.230881007600641
jacquelinehe/tinycomma-1.8b-llama3-tokenizer,bookmia100.24.049,test,of human bondage,54,247,153.72409867239185,0.6223647719530034,8.471516609191895,13.611818970100067,2.8467425680072562
jacquelinehe/tinycomma-1.8b-llama3-tokenizer,bookmia100.24.050,test,of human bondage,56,247,188.62927788682282,0.7636812869911855,5.299584706624349,6.939524114181308,3.3683799622646933
jacquelinehe/tinycomma-1.8b-llama3-tokenizer,bookmia100.24.051,test,of human bondage,57,245,159.20469953492284,0.6498151001425422,5.384840647379558,8.286727480168357,2.7930649041214535
jacquelinehe/tinycomma-1.8b-llama3-tokenizer,bookmia100.24.052,test,of human bondage,58,244,131.1397935084533,0.5374581701166119,2.562734842300415,4.768249856066715,2.2610309225595397
jacquelinehe/tinycomma-1.8b-llama3-tokenizer,bookmia100.24.053,test,of human bondage,63,243,205.90589829953387,0.8473493757182464,6.516682942708333,7.690668252613674,3.2683475920560934
jacquelinehe/tinycomma-1.8b-llama3-tokenizer,bookmia100.24.054,test,of human bondage,57,246,161.64004954136908,0.6570733721193865,4.910261472066243,7.472927195677131,2.8357903428310367
jacquelinehe/tinycomma-1.8b-llama3-tokenizer,bookmia100.24.055,test,of human bondage,59,248,172.76666220510378,0.6966397669560637,7.131016731262207,10.236304428070287,2.9282485119509114
jacquelinehe/tinycomma-1.8b-llama3-tokenizer,bookmia100.24.056,test,of human bondage,53,247,164.16093557782006,0.6646191723798383,3.4679858684539795,5.218004554451796,3.097376142977737
jacquelinehe/tinycomma-1.8b-llama3-tokenizer,bookmia100.24.057,test,of human bondage,65,247,171.34084961749613,0.6936876502732637,2.5828628540039062,3.723380188455772,2.636013071038402
jacquelinehe/tinycomma-1.8b-llama3-tokenizer,bookmia100.24.058,test,of human bondage,59,246,153.8130246277433,0.6252561976737532,5.270503997802734,8.429351068268472,2.607000417419378
jacquelinehe/tinycomma-1.8b-llama3-tokenizer,bookmia100.24.059,test,of human bondage,65,248,151.1360248827841,0.6094194551725166,3.7324185371398926,6.1245477240028485,2.325169613581294
jacquelinehe/tinycomma-1.8b-llama3-tokenizer,bookmia100.24.060,test,of human bondage,45,241,161.3433915246278,0.669474653629161,4.763333320617676,7.115031606941473,3.5854087005472843
jacquelinehe/tinycomma-1.8b-llama3-tokenizer,bookmia100.24.061,test,of human bondage,61,244,199.38349487353116,0.8171454707931605,3.7963985443115233,4.64592741440096,3.268581883172642
jacquelinehe/tinycomma-1.8b-llama3-tokenizer,bookmia100.24.062,test,of human bondage,55,244,198.69615993983462,0.8143285243435845,3.1866392135620116,3.9132108458692443,3.6126574534515385
jacquelinehe/tinycomma-1.8b-llama3-tokenizer,bookmia100.24.063,test,of human bondage,51,246,141.68781459203456,0.5759667259838803,2.6041484832763673,4.521352303517009,2.77819244298107
jacquelinehe/tinycomma-1.8b-llama3-tokenizer,bookmia100.24.064,test,of human bondage,57,246,136.00016736378893,0.55284620879589,5.625329335530599,10.175215541013978,2.385967848487525
jacquelinehe/tinycomma-1.8b-llama3-tokenizer,bookmia100.24.065,test,of human bondage,61,248,178.0690130465664,0.7180202138974452,12.942036628723145,18.02461320479155,2.9191641483043673
jacquelinehe/tinycomma-1.8b-llama3-tokenizer,bookmia100.24.066,test,of human bondage,52,247,153.29277149723202,0.6206185080859596,2.401524543762207,3.8695664284468623,2.947937913408308
jacquelinehe/tinycomma-1.8b-llama3-tokenizer,bookmia100.24.067,test,of human bondage,60,248,147.79361163638532,0.5959419824047795,3.0089077949523926,5.048994505825339,2.463226860606422
jacquelinehe/tinycomma-1.8b-llama3-tokenizer,bookmia100.24.068,test,of human bondage,57,241,149.4757561595179,0.6202313533589955,2.5108776773725237,4.048292082904756,2.6223816870090864
jacquelinehe/tinycomma-1.8b-llama3-tokenizer,bookmia100.24.069,test,of human bondage,58,247,145.6339613320306,0.5896111794819052,2.762018013000488,4.684473614335959,2.5109303677936308
jacquelinehe/tinycomma-1.8b-llama3-tokenizer,bookmia100.24.070,test,of human bondage,58,247,177.1562886585889,0.7172319378890238,5.009116172790527,6.983955828199022,3.0544187699756704
jacquelinehe/tinycomma-1.8b-llama3-tokenizer,bookmia100.24.071,test,of human bondage,55,244,144.54174769681413,0.592384211872189,6.197945594787598,10.462712325163803,2.6280317763057113
jacquelinehe/tinycomma-1.8b-llama3-tokenizer,bookmia100.24.072,test,of human bondage,66,246,205.13932755589485,0.8338997055117677,3.712909460067749,4.4524652491502215,3.1081716296347706
jacquelinehe/tinycomma-1.8b-llama3-tokenizer,bookmia100.24.073,test,of human bondage,59,246,171.9703783262521,0.6990665785620004,6.059163570404053,8.667505722942616,2.914752175021222
jacquelinehe/tinycomma-1.8b-llama3-tokenizer,bookmia100.24.074,test,of human bondage,67,249,155.79582287208177,0.6256860356308505,2.061539649963379,3.2948468282256345,2.325310789135549
jacquelinehe/tinycomma-1.8b-llama3-tokenizer,bookmia100.24.075,test,of human bondage,56,246,170.66754566319287,0.6937705108259873,2.6803106307983398,3.863396597251191,3.047634743985587
jacquelinehe/tinycomma-1.8b-llama3-tokenizer,bookmia100.24.076,test,of human bondage,62,247,142.7562504108064,0.5779605279789732,7.4530839920043945,12.895489624640154,2.302520167916232
jacquelinehe/tinycomma-1.8b-llama3-tokenizer,bookmia100.24.077,test,of human bondage,52,249,124.92064424674027,0.5016893343242581,3.170278310775757,6.319206117957259,2.402320081668082
jacquelinehe/tinycomma-1.8b-llama3-tokenizer,bookmia100.24.078,test,of human bondage,56,249,226.2501386476215,0.9086350949703674,4.713651180267334,5.187617346456397,4.040181047278955
jacquelinehe/tinycomma-1.8b-llama3-tokenizer,bookmia100.24.079,test,of human bondage,61,245,175.40120600908995,0.7159232898330202,6.726224899291992,9.39517542565321,2.8754296067063927
jacquelinehe/tinycomma-1.8b-llama3-tokenizer,bookmia100.24.080,test,of human bondage,57,244,145.8567092177691,0.5977733984334799,2.4553424290248325,4.107480251645996,2.5588896353994577
jacquelinehe/tinycomma-1.8b-llama3-tokenizer,bookmia100.24.081,test,of human bondage,55,247,163.2906134876248,0.6610956011644729,3.0853312810262046,4.666997141701764,2.968920245229542
jacquelinehe/tinycomma-1.8b-llama3-tokenizer,bookmia100.24.082,test,of human bondage,50,248,182.18930311314762,0.734634286746563,5.550713857014974,7.555751150136396,3.6437860622629525
jacquelinehe/tinycomma-1.8b-llama3-tokenizer,bookmia100.24.083,test,of human bondage,55,246,153.24134453758597,0.6229322948682356,2.480682945251465,3.9822673598519818,2.786206264319745
jacquelinehe/tinycomma-1.8b-llama3-tokenizer,bookmia100.24.084,test,of human bondage,54,245,123.77650625724345,0.5052102296214018,5.515441417694092,10.917121416617581,2.2921575232822864
jacquelinehe/tinycomma-1.8b-llama3-tokenizer,bookmia100.24.085,test,of human bondage,54,233,191.81981315091252,0.8232610006476933,7.854355335235596,9.540541005897586,3.552218762053936
jacquelinehe/tinycomma-1.8b-llama3-tokenizer,bookmia100.24.086,test,of human bondage,51,246,163.81112876534462,0.6658988974201001,17.811107635498047,26.74746527513986,3.2119829169675413
jacquelinehe/tinycomma-1.8b-llama3-tokenizer,bookmia100.24.087,test,of human bondage,56,246,151.15720316651277,0.6144601754736292,2.44633150100708,3.9812694111891545,2.6992357708305854
jacquelinehe/tinycomma-1.8b-llama3-tokenizer,bookmia100.24.088,test,of human bondage,62,247,156.91051176167093,0.6352652298043358,2.0725669860839844,3.262522311700175,2.5308147058334023
jacquelinehe/tinycomma-1.8b-llama3-tokenizer,bookmia100.24.089,test,of human bondage,61,246,153.62626018142328,0.6244969926074116,4.187524159749349,6.705435269216459,2.518463281662677
jacquelinehe/tinycomma-1.8b-llama3-tokenizer,bookmia100.24.090,test,of human bondage,58,249,146.30939857976045,0.5875879461034557,3.174319839477539,5.402288900798251,2.522575837582077
jacquelinehe/tinycomma-1.8b-llama3-tokenizer,bookmia100.24.091,test,of human bondage,56,245,169.92265538472566,0.693561858713166,14.816337585449219,21.362676449566354,3.0343331318701012
jacquelinehe/tinycomma-1.8b-llama3-tokenizer,bookmia100.24.092,test,of human bondage,49,247,164.34361378103495,0.665358760247105,1.5099939902623494,2.2694433146135453,3.3539513016537743
jacquelinehe/tinycomma-1.8b-llama3-tokenizer,bookmia100.24.093,test,of human bondage,59,247,177.49067782703787,0.7185857401904368,6.063817977905273,8.438544823194327,3.008316573339625
jacquelinehe/tinycomma-1.8b-llama3-tokenizer,bookmia100.24.094,test,of human bondage,63,248,183.00641591963358,0.7379290964501354,3.580703099568685,4.852367411440926,2.9048637447560886
jacquelinehe/tinycomma-1.8b-llama3-tokenizer,bookmia100.24.095,test,of human bondage,63,247,151.54415358786355,0.6135390833516743,5.9456221262613935,9.690698258016962,2.4054627553629135
jacquelinehe/tinycomma-1.8b-llama3-tokenizer,bookmia100.24.096,test,of human bondage,56,249,152.9582617757842,0.6142902079348763,2.6126963615417482,4.253195521909951,2.731397531710432
jacquelinehe/tinycomma-1.8b-llama3-tokenizer,bookmia100.24.097,test,of human bondage,57,242,134.7941357390955,0.5570005609053533,2.2682845251900807,4.072320001802498,2.3648093989315
jacquelinehe/tinycomma-1.8b-llama3-tokenizer,bookmia100.24.098,test,of human bondage,61,243,155.2061787089333,0.6387085543577502,5.006490707397461,7.8384588295231294,2.544363585392349
jacquelinehe/tinycomma-1.8b-llama3-tokenizer,bookmia100.24.099,test,of human bondage,47,243,181.84409756213427,0.7483296195972603,20.660959243774414,27.609436674301133,3.8690233523858355
jacquelinehe/tinycomma-1.8b-llama3-tokenizer,bookmia100.27.000,test,silas marner,58,247,214.94306870292348,0.8702148530482732,16.37653160095215,18.818952059467662,3.7059149776366116
jacquelinehe/tinycomma-1.8b-llama3-tokenizer,bookmia100.27.001,test,silas marner,50,245,137.44452574491152,0.5609980642649449,3.8316259384155273,6.830016327125773,2.74889051489823
jacquelinehe/tinycomma-1.8b-llama3-tokenizer,bookmia100.27.002,test,silas marner,49,248,130.25140394526534,0.5252072739728441,4.450846989949544,8.474458010228693,2.658191917250313
jacquelinehe/tinycomma-1.8b-llama3-tokenizer,bookmia100.27.003,test,silas marner,60,249,211.01748131401837,0.8474597643133268,9.085589408874512,10.720968465371701,3.5169580219003063
jacquelinehe/tinycomma-1.8b-llama3-tokenizer,bookmia100.27.004,test,silas marner,61,248,176.92936167522566,0.7134248454646196,5.679404258728027,7.960760400809005,2.9004813389381257
jacquelinehe/tinycomma-1.8b-llama3-tokenizer,bookmia100.27.005,test,silas marner,56,245,183.18740890522895,0.747703709817261,14.545249938964844,19.453226923963914,3.271203730450517
jacquelinehe/tinycomma-1.8b-llama3-tokenizer,bookmia100.27.006,test,silas marner,58,246,192.15223519923165,0.7811066471513481,3.462892770767212,4.433316223074258,3.312969572400546
jacquelinehe/tinycomma-1.8b-llama3-tokenizer,bookmia100.27.007,test,silas marner,56,243,197.5699635290075,0.8130451174033231,4.203367869059245,5.169907277081774,3.5280350630179913
jacquelinehe/tinycomma-1.8b-llama3-tokenizer,bookmia100.27.008,test,silas marner,56,249,177.4797277822945,0.7127699910935522,6.952627182006836,9.754376964355522,3.169280853255259
jacquelinehe/tinycomma-1.8b-llama3-tokenizer,bookmia100.27.009,test,silas marner,63,248,138.13917024503462,0.5570127832461074,7.579798221588135,13.607943030347151,2.1926852419846763
jacquelinehe/tinycomma-1.8b-llama3-tokenizer,bookmia100.27.010,test,silas marner,55,246,184.5656299147522,0.7502667882713504,4.545438448588054,6.058429507536853,3.3557387257227673
jacquelinehe/tinycomma-1.8b-llama3-tokenizer,bookmia100.27.011,test,silas marner,57,246,178.73699503950775,0.7265731505671047,3.636119524637858,5.004478243931523,3.1357367550790833
jacquelinehe/tinycomma-1.8b-llama3-tokenizer,bookmia100.27.012,test,silas marner,59,242,171.27744413586333,0.7077580336192699,5.905038833618164,8.34330174031583,2.9030075277264973
jacquelinehe/tinycomma-1.8b-llama3-tokenizer,bookmia100.27.013,test,silas marner,60,242,219.70227116625756,0.9078606246539569,2.732437491416931,3.0097543799285664,3.661704519437626
jacquelinehe/tinycomma-1.8b-llama3-tokenizer,bookmia100.27.014,test,silas marner,56,247,159.89250324718887,0.6473380698266756,3.5863609313964844,5.540166875025179,2.8552232722712296
jacquelinehe/tinycomma-1.8b-llama3-tokenizer,bookmia100.27.015,test,silas marner,57,246,198.41065545586753,0.8065473799019005,2.8444862365722656,3.5267441286812407,3.480888692208202
jacquelinehe/tinycomma-1.8b-llama3-tokenizer,bookmia100.27.017,test,silas marner,50,245,178.18298871975276,0.7272775049785827,5.112224578857422,7.029262618273846,3.563659774395055
jacquelinehe/tinycomma-1.8b-llama3-tokenizer,bookmia100.27.018,test,silas marner,57,248,181.56311203973019,0.7321093227408475,2.48248781476702,3.390870376398379,3.185317755082986
jacquelinehe/tinycomma-1.8b-llama3-tokenizer,bookmia100.27.019,test,silas marner,54,248,148.56578777590767,0.5990555958705954,4.301227887471517,7.180014538084113,2.7512182921464383
jacquelinehe/tinycomma-1.8b-llama3-tokenizer,bookmia100.27.021,test,silas marner,54,249,199.68846161512192,0.8019616932334214,3.013263130187988,3.7573654148477376,3.69793447435411
jacquelinehe/tinycomma-1.8b-llama3-tokenizer,bookmia100.27.022,test,silas marner,55,241,179.90006818808615,0.74647331198376,13.900795936584473,18.621959704953113,3.2709103306924754
jacquelinehe/tinycomma-1.8b-llama3-tokenizer,bookmia100.27.023,test,silas marner,56,245,226.86782318458427,0.9259911150391195,3.709840774536133,4.006345972746625,4.051211128296147
jacquelinehe/tinycomma-1.8b-llama3-tokenizer,bookmia100.27.024,test,silas marner,60,246,184.29900114799966,0.7491829314959336,15.846935272216797,21.15229085715337,3.071650019133328
jacquelinehe/tinycomma-1.8b-llama3-tokenizer,bookmia100.27.025,test,silas marner,61,249,175.41282671393128,0.7044691835900855,4.958060582478841,7.038009181908833,2.8756201100644474
jacquelinehe/tinycomma-1.8b-llama3-tokenizer,bookmia100.27.026,test,silas marner,53,248,165.45791314454982,0.6671690046151203,6.33237361907959,9.491408586543436,3.121847417821695
jacquelinehe/tinycomma-1.8b-llama3-tokenizer,bookmia100.27.027,test,silas marner,63,247,169.81757432244194,0.6875205438155544,1.602496017109264,2.3308336478439484,2.695517052737174
jacquelinehe/tinycomma-1.8b-llama3-tokenizer,bookmia100.27.028,test,silas marner,54,249,170.69957435247488,0.6855404592468871,4.481442769368489,6.537094505394561,3.161103228749535
jacquelinehe/tinycomma-1.8b-llama3-tokenizer,bookmia100.27.029,test,silas marner,56,249,195.634303835046,0.785679935080506,3.1852047443389893,4.054074187363092,3.4934697113401074
jacquelinehe/tinycomma-1.8b-llama3-tokenizer,bookmia100.27.030,test,silas marner,56,246,167.22289796728728,0.679767877915802,3.5740885734558105,5.2578073921558675,2.986123177987273
jacquelinehe/tinycomma-1.8b-llama3-tokenizer,bookmia100.27.031,test,silas marner,47,244,181.80564539134502,0.7451051040628894,3.3534011840820312,4.500574705228422,3.868205221092447
jacquelinehe/tinycomma-1.8b-llama3-tokenizer,bookmia100.27.032,test,silas marner,62,247,186.5364618964959,0.7552083477590927,3.6008543968200684,4.768027799884332,3.0086526112338046
jacquelinehe/tinycomma-1.8b-llama3-tokenizer,bookmia100.27.033,test,silas marner,55,249,171.56394371649367,0.689011822154593,15.093241691589355,21.905635297216858,3.119344431208976
jacquelinehe/tinycomma-1.8b-llama3-tokenizer,bookmia100.27.034,test,silas marner,55,245,172.744008050533,0.7050775838797266,2.8526061375935874,4.04580460762484,3.1408001463733273
jacquelinehe/tinycomma-1.8b-llama3-tokenizer,bookmia100.27.035,test,silas marner,49,247,160.29165548738092,0.648954070799113,3.6791276931762695,5.6693190762265235,3.2712582752526718
jacquelinehe/tinycomma-1.8b-llama3-tokenizer,bookmia100.27.036,test,silas marner,56,246,191.0827147839591,0.7767590031868256,4.643259684244792,5.977735263054297,3.412191335427841
jacquelinehe/tinycomma-1.8b-llama3-tokenizer,bookmia100.27.038,test,silas marner,57,239,194.42632322774443,0.8134992603671315,4.320067087809245,5.310474512121378,3.410988126802534
jacquelinehe/tinycomma-1.8b-llama3-tokenizer,bookmia100.27.039,test,silas marner,52,247,186.31815309278318,0.7543245064485149,4.034824848175049,5.34892451946401,3.583041405630446
jacquelinehe/tinycomma-1.8b-llama3-tokenizer,bookmia100.27.040,test,silas marner,57,248,193.24028939340496,0.7791947152959877,15.132222175598145,19.42033471036821,3.390180515673771
jacquelinehe/tinycomma-1.8b-llama3-tokenizer,bookmia100.27.041,test,silas marner,56,245,189.79553632088937,0.7746756584526097,5.907116572062175,7.625277117731381,3.389206005730167
jacquelinehe/tinycomma-1.8b-llama3-tokenizer,bookmia100.27.042,test,silas marner,59,246,175.9279173008399,0.715154135369268,14.237993240356445,19.908985400755174,2.9818291067938967
jacquelinehe/tinycomma-1.8b-llama3-tokenizer,bookmia100.27.043,test,silas marner,52,249,160.1475675565307,0.6431629219137779,3.0878374576568604,4.801019076890777,3.0797609145486673
jacquelinehe/tinycomma-1.8b-llama3-tokenizer,bookmia100.27.044,test,silas marner,60,243,205.1768432528479,0.8443491491886745,3.53686785697937,4.188868858786565,3.4196140542141316
jacquelinehe/tinycomma-1.8b-llama3-tokenizer,bookmia100.27.045,test,silas marner,58,244,171.52830401388928,0.7029848525159397,3.1004815101623535,4.410452798614252,2.9573845519636084
jacquelinehe/tinycomma-1.8b-llama3-tokenizer,bookmia100.27.046,test,silas marner,58,246,151.31446623860393,0.6150994562544875,3.251575231552124,5.286259317073493,2.6088701075621366
jacquelinehe/tinycomma-1.8b-llama3-tokenizer,bookmia100.27.047,test,silas marner,50,249,190.98268102027941,0.7669987189569455,5.681256612141927,7.407126598422438,3.8196536204055884
jacquelinehe/tinycomma-1.8b-llama3-tokenizer,bookmia100.27.048,test,silas marner,54,249,181.0131283183582,0.7269603546922017,3.7618494033813477,5.174765555095686,3.3520949688584856
jacquelinehe/tinycomma-1.8b-llama3-tokenizer,bookmia100.27.049,test,silas marner,55,244,185.34667776303831,0.7596175318157308,4.630818684895833,6.0962504035770255,3.369939595691606
jacquelinehe/tinycomma-1.8b-llama3-tokenizer,bookmia100.27.050,test,silas marner,60,240,198.31610355863813,0.8263170981609922,2.701772451400757,3.269655750091193,3.3052683926439688
jacquelinehe/tinycomma-1.8b-llama3-tokenizer,bookmia100.27.051,test,silas marner,63,241,221.78021406781045,0.9202498509037778,2.103328159877232,2.2856055426812105,3.5203208582192134
jacquelinehe/tinycomma-1.8b-llama3-tokenizer,bookmia100.27.052,test,silas marner,50,248,119.68368663452566,0.4825955106230873,3.157273610432943,6.5422772092441,2.3936737326905133
jacquelinehe/tinycomma-1.8b-llama3-tokenizer,bookmia100.27.053,test,silas marner,52,249,186.74272008612752,0.7499707633981025,17.535818099975586,23.382002280357096,3.5912061555024524
jacquelinehe/tinycomma-1.8b-llama3-tokenizer,bookmia100.27.054,test,silas marner,54,240,175.5876016560942,0.7316150069003925,4.208900133768718,5.75288928476251,3.251622252890633
jacquelinehe/tinycomma-1.8b-llama3-tokenizer,bookmia100.27.055,test,silas marner,54,245,169.76029824916623,0.6928991765272091,4.683139165242513,6.758759894497598,3.1437092268364117
jacquelinehe/tinycomma-1.8b-llama3-tokenizer,bookmia100.27.056,test,silas marner,54,248,181.30709107522853,0.7310769801420505,3.0910120010375977,4.228025344796118,3.357538723615343
jacquelinehe/tinycomma-1.8b-llama3-tokenizer,bookmia100.27.057,test,silas marner,45,239,174.01978425309062,0.7281162521049817,5.09097957611084,6.991987284163532,3.867106316735347
jacquelinehe/tinycomma-1.8b-llama3-tokenizer,bookmia100.27.058,test,silas marner,58,246,201.33774969159276,0.8184461369576942,1.5612307957240514,1.9075547250151565,3.471340511924013
jacquelinehe/tinycomma-1.8b-llama3-tokenizer,bookmia100.27.059,test,silas marner,60,244,191.68854017741978,0.7856087712189336,2.529861640930176,3.2202563586515174,3.194809002956996
jacquelinehe/tinycomma-1.8b-llama3-tokenizer,bookmia100.27.060,test,silas marner,62,248,218.9325694856234,0.8827926188936427,4.371472358703613,4.9518678171348425,3.5311704755745708
jacquelinehe/tinycomma-1.8b-llama3-tokenizer,bookmia100.27.062,test,silas marner,55,249,178.33635200059507,0.7162102489983738,4.277292569478353,5.972118627819391,3.2424791272835467
jacquelinehe/tinycomma-1.8b-llama3-tokenizer,bookmia100.27.063,test,silas marner,59,245,186.3203248460777,0.7604911218207253,7.2021331787109375,9.470371148407352,3.157971607560639
jacquelinehe/tinycomma-1.8b-llama3-tokenizer,bookmia100.27.065,test,silas marner,52,241,164.03858643193962,0.6806580349873014,5.845827738444011,8.588494424447767,3.1545882006142234
jacquelinehe/tinycomma-1.8b-llama3-tokenizer,bookmia100.27.066,test,silas marner,54,243,166.78569426988543,0.6863608817690758,1.507783677842882,2.1967797377330305,3.0886239679608414
jacquelinehe/tinycomma-1.8b-llama3-tokenizer,bookmia100.27.067,test,silas marner,51,242,174.78612427785993,0.7222567118919831,2.4436629159109935,3.383371695514897,3.427178907409018
jacquelinehe/tinycomma-1.8b-llama3-tokenizer,bookmia100.27.069,test,silas marner,53,246,147.27736603692756,0.5986884798249088,5.444897174835205,9.09470844741761,2.7788182271118407
jacquelinehe/tinycomma-1.8b-llama3-tokenizer,bookmia100.27.070,test,silas marner,59,249,159.48532808345044,0.6405033256363472,5.548789978027344,8.663171221655343,2.7031411539567873
jacquelinehe/tinycomma-1.8b-llama3-tokenizer,bookmia100.27.071,test,silas marner,53,249,150.7265859839972,0.6053276545542057,9.696396827697754,16.018426970495305,2.8438978487546644
jacquelinehe/tinycomma-1.8b-llama3-tokenizer,bookmia100.27.072,test,silas marner,51,249,202.23501578962896,0.8121888184322448,5.482619603474935,6.750424875410066,3.965392466463313
jacquelinehe/tinycomma-1.8b-llama3-tokenizer,bookmia100.27.073,test,silas marner,54,246,219.1672089609383,0.8909236136623508,4.690539677937825,5.264805653378363,4.058652017795153
jacquelinehe/tinycomma-1.8b-llama3-tokenizer,bookmia100.27.074,test,silas marner,59,248,210.70302888192236,0.8496089874271063,3.0136892318725588,3.5471484841503322,3.571237777659701
jacquelinehe/tinycomma-1.8b-llama3-tokenizer,bookmia100.27.075,test,silas marner,56,243,152.0736714687664,0.6258175780607671,4.513802846272786,7.212649507640538,2.7156012762279715
jacquelinehe/tinycomma-1.8b-llama3-tokenizer,bookmia100.27.076,test,silas marner,54,243,184.9100864156353,0.7609468576775116,5.187236785888672,6.816818722033566,3.4242608595488018
jacquelinehe/tinycomma-1.8b-llama3-tokenizer,bookmia100.27.077,test,silas marner,60,236,174.67278797405015,0.7401389320934328,5.254128774007161,7.098841239368687,2.9112131329008357
jacquelinehe/tinycomma-1.8b-llama3-tokenizer,bookmia100.27.078,test,silas marner,49,243,181.4873539218679,0.746861538773119,4.799911022186279,6.42677494153892,3.7038235494258758
jacquelinehe/tinycomma-1.8b-llama3-tokenizer,bookmia100.27.079,test,silas marner,58,248,238.4480383694172,0.9614840256831338,3.2517874240875244,3.382050390048999,4.111173075334779
jacquelinehe/tinycomma-1.8b-llama3-tokenizer,bookmia100.27.081,test,silas marner,60,248,194.0941957984469,0.7826378862840601,11.363083839416504,14.518954472505882,3.2349032633074484
jacquelinehe/tinycomma-1.8b-llama3-tokenizer,bookmia100.27.082,test,silas marner,49,247,168.7242557494319,0.6830941528317082,3.944152069091797,5.773950856908456,3.4433521581516717
jacquelinehe/tinycomma-1.8b-llama3-tokenizer,bookmia100.27.083,test,silas marner,57,239,194.42632322774443,0.8134992603671315,4.320067087809245,5.310474512121378,3.410988126802534
jacquelinehe/tinycomma-1.8b-llama3-tokenizer,bookmia100.27.084,test,silas marner,47,244,181.80564539134502,0.7451051040628894,3.3534011840820312,4.500574705228422,3.868205221092447
jacquelinehe/tinycomma-1.8b-llama3-tokenizer,bookmia100.27.085,test,silas marner,55,244,216.04574057692662,0.885433363020191,8.234410285949707,9.299864484281843,3.9281043741259385
jacquelinehe/tinycomma-1.8b-llama3-tokenizer,bookmia100.27.086,test,silas marner,54,246,170.02090183232212,0.6911418773671631,1.346388339996338,1.9480636090599395,3.1485352191170763
jacquelinehe/tinycomma-1.8b-llama3-tokenizer,bookmia100.27.087,test,silas marner,55,244,175.22320290070638,0.7181278807406,6.756633281707764,9.408677009921545,3.18587641637648
jacquelinehe/tinycomma-1.8b-llama3-tokenizer,bookmia100.27.088,test,silas marner,50,247,162.3902854025364,0.6574505481884064,4.3526763916015625,6.620538082438728,3.247805708050728
jacquelinehe/tinycomma-1.8b-llama3-tokenizer,bookmia100.27.089,test,silas marner,60,249,180.97300300974166,0.7267992088744645,3.9498300552368164,5.434554698200072,3.0162167168290277
jacquelinehe/tinycomma-1.8b-llama3-tokenizer,bookmia100.27.090,test,silas marner,56,242,173.0587327191315,0.7151187302443451,4.434903780619304,6.201632810126459,3.090334512841634
jacquelinehe/tinycomma-1.8b-llama3-tokenizer,bookmia100.27.091,test,silas marner,51,247,150.3682445420418,0.6087783179839749,2.2255494594573975,3.6557633439172212,2.948396951804741
jacquelinehe/tinycomma-1.8b-llama3-tokenizer,bookmia100.27.092,test,silas marner,55,245,187.30536856036633,0.7645117084096585,5.186320622762044,6.783834133228197,3.4055521556430244
jacquelinehe/tinycomma-1.8b-llama3-tokenizer,bookmia100.27.094,test,silas marner,57,246,182.9676710772328,0.7437710206391578,15.809327125549316,21.25563740297869,3.2099591417058386
jacquelinehe/tinycomma-1.8b-llama3-tokenizer,bookmia100.27.095,test,silas marner,55,249,152.8931076906738,0.6140285449424651,16.256568908691406,26.475265755299144,2.779874685284978
jacquelinehe/tinycomma-1.8b-llama3-tokenizer,bookmia100.27.096,test,silas marner,55,247,190.6522421161062,0.7718714255712802,3.586212396621704,4.646126644690162,3.466404402111022
jacquelinehe/tinycomma-1.8b-llama3-tokenizer,bookmia100.27.097,test,silas marner,50,245,155.8462275522761,0.63610705123378,4.515768686930339,7.0990703187013064,3.116924551045522
jacquelinehe/tinycomma-1.8b-llama3-tokenizer,bookmia100.27.098,test,silas marner,54,247,176.25895485724322,0.7135990075192034,4.79257329305013,6.71605935903878,3.2640547195785783
jacquelinehe/tinycomma-1.8b-llama3-tokenizer,bookmia100.27.099,test,silas marner,61,243,170.16056966781616,0.7002492578922476,6.384154637654622,9.116974514005124,2.78951753553797
jacquelinehe/tinycomma-1.8b-llama3-tokenizer,bookmia100.40.000,test,the picture of dorian gray,48,248,140.59106776391855,0.5668994667899941,2.5329198837280273,4.468023048372946,2.92898057841497
jacquelinehe/tinycomma-1.8b-llama3-tokenizer,bookmia100.40.001,test,the picture of dorian gray,61,249,180.78595030872384,0.7260479932077263,5.840895334879558,8.044778567700615,2.963704103421702
jacquelinehe/tinycomma-1.8b-llama3-tokenizer,bookmia100.40.002,test,the picture of dorian gray,64,238,170.24597121286206,0.7153192067767313,3.7690375645955405,5.269028887926883,2.6600933002009697
jacquelinehe/tinycomma-1.8b-llama3-tokenizer,bookmia100.40.003,test,the picture of dorian gray,61,247,171.2498568817973,0.6933192586307584,7.7754950523376465,11.214883988212778,2.807374702980284
jacquelinehe/tinycomma-1.8b-llama3-tokenizer,bookmia100.40.004,test,the picture of dorian gray,64,247,169.74430974267307,0.6872239260836966,4.172733624776204,6.0718689591549655,2.6522548397292667
jacquelinehe/tinycomma-1.8b-llama3-tokenizer,bookmia100.40.005,test,the picture of dorian gray,60,248,172.52504091965966,0.6956654875792728,3.7933759689331055,5.452873596091456,2.8754173486609944
jacquelinehe/tinycomma-1.8b-llama3-tokenizer,bookmia100.40.006,test,the picture of dorian gray,61,246,161.95278599858284,0.6583446585308246,4.94574769337972,7.512398907309056,2.6549637048948007
jacquelinehe/tinycomma-1.8b-llama3-tokenizer,bookmia100.40.007,test,the picture of dorian gray,51,247,157.43086782842875,0.6373719345280516,3.449270009994507,5.4117067651379305,3.08687976134174
jacquelinehe/tinycomma-1.8b-llama3-tokenizer,bookmia100.40.008,test,the picture of dorian gray,61,244,182.40136710193474,0.747546586483339,4.897332509358724,6.551207105897036,2.990186345933356
jacquelinehe/tinycomma-1.8b-llama3-tokenizer,bookmia100.40.009,test,the picture of dorian gray,55,246,187.54814935906325,0.7623908510531027,4.8008880615234375,6.297148050625075,3.409966351982968
jacquelinehe/tinycomma-1.8b-llama3-tokenizer,bookmia100.40.010,test,the picture of dorian gray,56,247,150.84046988934278,0.610690161495315,4.402634143829346,7.209276358815421,2.6935798194525495
jacquelinehe/tinycomma-1.8b-llama3-tokenizer,bookmia100.40.011,test,the picture of dorian gray,60,249,197.36283525824547,0.7926218283463673,3.3239383697509766,4.193599331834766,3.2893805876374245
jacquelinehe/tinycomma-1.8b-llama3-tokenizer,bookmia100.40.012,test,the picture of dorian gray,58,241,136.83480207328103,0.567779261714859,4.24785836537679,7.481531383423583,2.359220725401397
jacquelinehe/tinycomma-1.8b-llama3-tokenizer,bookmia100.40.013,test,the picture of dorian gray,68,244,157.7107564897742,0.6463555593843205,8.04782485961914,12.451080125751552,2.3192758307319736
jacquelinehe/tinycomma-1.8b-llama3-tokenizer,bookmia100.40.014,test,the picture of dorian gray,50,245,156.50263643916696,0.6387862711802733,4.897173563639323,7.666372595314092,3.130052728783339
jacquelinehe/tinycomma-1.8b-llama3-tokenizer,bookmia100.40.015,test,the picture of dorian gray,66,247,170.72359469160438,0.6911886424761311,7.07352352142334,10.233853808828478,2.5867211316909753
jacquelinehe/tinycomma-1.8b-llama3-tokenizer,bookmia100.40.016,test,the picture of dorian gray,58,249,147.0129198699724,0.5904133328111341,4.6387589772542315,7.856799159950734,2.534705514999524
jacquelinehe/tinycomma-1.8b-llama3-tokenizer,bookmia100.40.017,test,the picture of dorian gray,54,243,192.9987473145011,0.7942335280432143,1.645372920566135,2.0716487814609232,3.5740508761944647
jacquelinehe/tinycomma-1.8b-llama3-tokenizer,bookmia100.40.018,test,the picture of dorian gray,55,244,180.45990340039134,0.7395897680343907,6.522854487101237,8.819557502042032,3.281089152734388
jacquelinehe/tinycomma-1.8b-llama3-tokenizer,bookmia100.40.019,test,the picture of dorian gray,61,248,145.23004561197013,0.5856050226289118,6.669551372528076,11.389163539935108,2.3808204198683627
jacquelinehe/tinycomma-1.8b-llama3-tokenizer,bookmia100.40.020,test,the picture of dorian gray,60,249,176.21910142875277,0.7077072346536256,3.5571703910827637,5.026330404582844,2.936985023812546
jacquelinehe/tinycomma-1.8b-llama3-tokenizer,bookmia100.40.021,test,the picture of dorian gray,65,249,160.76665400364436,0.6456492128660416,14.068150520324707,21.789154605913765,2.4733331385176056
jacquelinehe/tinycomma-1.8b-llama3-tokenizer,bookmia100.40.022,test,the picture of dorian gray,55,244,171.1756751439534,0.7015396522293172,3.7934975624084473,5.407388663425741,3.1122850026173348
jacquelinehe/tinycomma-1.8b-llama3-tokenizer,bookmia100.40.023,test,the picture of dorian gray,58,243,170.41842612065375,0.7013103955582459,3.137329578399658,4.4735249873236675,2.938248726218168
jacquelinehe/tinycomma-1.8b-llama3-tokenizer,bookmia100.40.024,test,the picture of dorian gray,56,247,129.2066665594466,0.5231039131961401,1.3746717770894368,2.6279133885469474,2.307261902847261
jacquelinehe/tinycomma-1.8b-llama3-tokenizer,bookmia100.40.025,test,the picture of dorian gray,63,248,237.9125572750345,0.9593248277219133,6.245124181111653,6.509916141690825,3.7763897980164205
jacquelinehe/tinycomma-1.8b-llama3-tokenizer,bookmia100.40.026,test,the picture of dorian gray,57,248,193.23216121271253,0.7791619403738408,6.975419044494629,8.952463772996706,3.3900379160125005
jacquelinehe/tinycomma-1.8b-llama3-tokenizer,bookmia100.40.027,test,the picture of dorian gray,62,249,200.42408759891987,0.8049160144534935,5.213895320892334,6.477564400842944,3.232646574176127
jacquelinehe/tinycomma-1.8b-llama3-tokenizer,bookmia100.40.028,test,the picture of dorian gray,53,246,156.2636617422104,0.6352181371634569,6.3400224049886065,9.980858596544083,2.9483709762681207
jacquelinehe/tinycomma-1.8b-llama3-tokenizer,bookmia100.40.029,test,the picture of dorian gray,58,248,150.60369270309457,0.6072729544479619,1.614518165588379,2.6586367032532308,2.596615391432665
jacquelinehe/tinycomma-1.8b-llama3-tokenizer,bookmia100.40.030,test,the picture of dorian gray,60,247,161.8944883653894,0.6554432727343701,6.986422061920166,10.659079667984534,2.6982414727564903
jacquelinehe/tinycomma-1.8b-llama3-tokenizer,bookmia100.40.031,test,the picture of dorian gray,48,242,144.4161561029032,0.5967609756318314,4.887437184651692,8.189941005235857,3.008669918810483
jacquelinehe/tinycomma-1.8b-llama3-tokenizer,bookmia100.40.032,test,the picture of dorian gray,69,244,167.29186046961695,0.6856223789738399,17.697994232177734,25.81303466007927,2.4245197169509702
jacquelinehe/tinycomma-1.8b-llama3-tokenizer,bookmia100.40.033,test,the picture of dorian gray,65,248,179.1603115517646,0.722420611095825,3.1657583713531494,4.382154001048054,2.756312485411763
jacquelinehe/tinycomma-1.8b-llama3-tokenizer,bookmia100.40.034,test,the picture of dorian gray,54,246,156.15215783310123,0.6347648692402489,1.8598706987169054,2.9300151738753084,2.8917066265389115
jacquelinehe/tinycomma-1.8b-llama3-tokenizer,bookmia100.40.035,test,the picture of dorian gray,55,248,169.88215235620737,0.6850086788556748,4.243297576904297,6.1945165191086895,3.0887664064764975
jacquelinehe/tinycomma-1.8b-llama3-tokenizer,bookmia100.40.036,test,the picture of dorian gray,67,245,187.0286091438029,0.763382078137971,1.743331991136074,2.283695204619397,2.791471778265715
jacquelinehe/tinycomma-1.8b-llama3-tokenizer,bookmia100.40.037,test,the picture of dorian gray,60,246,159.3645861640107,0.6478235209919133,5.738358497619629,8.857903906967373,2.656076436066845
jacquelinehe/tinycomma-1.8b-llama3-tokenizer,bookmia100.40.038,test,the picture of dorian gray,61,243,127.52871741179843,0.5248095366740676,12.668086051940918,24.138444838910043,2.0906347116688266
jacquelinehe/tinycomma-1.8b-llama3-tokenizer,bookmia100.40.039,test,the picture of dorian gray,57,244,154.09158611297607,0.6315228939056396,4.57363764444987,7.242235694994852,2.7033611598767733
jacquelinehe/tinycomma-1.8b-llama3-tokenizer,bookmia100.40.040,test,the picture of dorian gray,51,247,167.2734949309379,0.6772206272507607,4.008130073547363,5.9184996916274315,3.2798724496262333
jacquelinehe/tinycomma-1.8b-llama3-tokenizer,bookmia100.40.041,test,the picture of dorian gray,53,247,154.03504086192697,0.6236236472142792,4.505123138427734,7.224105690270207,2.906321525696735
jacquelinehe/tinycomma-1.8b-llama3-tokenizer,bookmia100.40.042,test,the picture of dorian gray,60,249,171.34793132543564,0.6881443025117897,3.3850738525390627,4.91913373428107,2.8557988554239273
jacquelinehe/tinycomma-1.8b-llama3-tokenizer,bookmia100.40.043,test,the picture of dorian gray,50,249,165.05619303882122,0.6628762772643423,3.273272705078125,4.937984383129172,3.3011238607764244
jacquelinehe/tinycomma-1.8b-llama3-tokenizer,bookmia100.40.044,test,the picture of dorian gray,59,246,144.2917240750976,0.5865517238825105,3.3926401138305664,5.784042524628451,2.445622441950807
jacquelinehe/tinycomma-1.8b-llama3-tokenizer,bookmia100.40.045,test,the picture of dorian gray,56,246,161.7848845627159,0.6576621323687638,7.603034496307373,11.560699821537247,2.889015795762784
jacquelinehe/tinycomma-1.8b-llama3-tokenizer,bookmia100.40.046,test,the picture of dorian gray,59,245,178.75991391018033,0.7296323016742055,3.201406955718994,4.387699048374207,3.0298290493250906
jacquelinehe/tinycomma-1.8b-llama3-tokenizer,bookmia100.40.047,test,the picture of dorian gray,62,247,179.19445362314582,0.725483617907473,2.856389284133911,3.937220929085418,2.8902331229539646
jacquelinehe/tinycomma-1.8b-llama3-tokenizer,bookmia100.40.048,test,the picture of dorian gray,56,246,168.90113228932023,0.6865899686557733,1.9356250762939453,2.819186362544112,3.0160916480235755
jacquelinehe/tinycomma-1.8b-llama3-tokenizer,bookmia100.40.049,test,the picture of dorian gray,53,246,173.5422453484498,0.7054562819042675,4.572144508361816,6.481116726354802,3.2743819877066
jacquelinehe/tinycomma-1.8b-llama3-tokenizer,bookmia100.40.050,test,the picture of dorian gray,60,247,186.32939694076777,0.7543700281002743,2.864943822224935,3.797796459967672,3.1054899490127963
jacquelinehe/tinycomma-1.8b-llama3-tokenizer,bookmia100.40.051,test,the picture of dorian gray,71,247,178.64648252236657,0.7232651114265853,6.928030014038086,9.578825114864278,2.5161476411600927
jacquelinehe/tinycomma-1.8b-llama3-tokenizer,bookmia100.40.052,test,the picture of dorian gray,61,247,166.02081662416458,0.672149055158561,6.66270383199056,9.91253916204467,2.721652731543682
jacquelinehe/tinycomma-1.8b-llama3-tokenizer,bookmia100.40.053,test,the picture of dorian gray,63,249,183.94618426883244,0.7387396958587649,4.056853771209717,5.491587624100441,2.91978070267988
jacquelinehe/tinycomma-1.8b-llama3-tokenizer,bookmia100.40.054,test,the picture of dorian gray,62,242,149.48170648142695,0.6176930019893676,2.223778452192034,3.6001354152144205,2.410995265829467
jacquelinehe/tinycomma-1.8b-llama3-tokenizer,bookmia100.40.055,test,the picture of dorian gray,60,243,171.97177141532302,0.7077027630260206,1.6888902187347412,2.3864400521955353,2.866196190255384
jacquelinehe/tinycomma-1.8b-llama3-tokenizer,bookmia100.40.056,test,the picture of dorian gray,63,245,153.39835073956056,0.6261157173043288,6.943312644958496,11.089503829822627,2.434894456183501
jacquelinehe/tinycomma-1.8b-llama3-tokenizer,bookmia100.40.057,test,the picture of dorian gray,56,246,194.4844280332327,0.7905871058261491,5.925634384155273,7.4952327712998725,3.472936214879155
jacquelinehe/tinycomma-1.8b-llama3-tokenizer,bookmia100.40.058,test,the picture of dorian gray,56,249,200.72542259539478,0.806126195162228,7.365910053253174,9.137415577682386,3.5843825463463355
jacquelinehe/tinycomma-1.8b-llama3-tokenizer,bookmia100.40.059,test,the picture of dorian gray,48,246,155.81212387233973,0.6333826173672347,4.974994659423828,7.854643501432454,3.2460859140070775
jacquelinehe/tinycomma-1.8b-llama3-tokenizer,bookmia100.40.060,test,the picture of dorian gray,64,247,153.07040338771185,0.6197182323389143,1.8218239148457844,2.9397616848707737,2.3917250529329976
jacquelinehe/tinycomma-1.8b-llama3-tokenizer,bookmia100.40.061,test,the picture of dorian gray,59,245,167.6096913102083,0.6841211890212583,4.701698303222656,6.872610260689581,2.8408422255967505
jacquelinehe/tinycomma-1.8b-llama3-tokenizer,bookmia100.40.062,test,the picture of dorian gray,61,247,166.15417965504457,0.6726889864576703,3.9563658237457275,5.881419056047956,2.723839010738436
jacquelinehe/tinycomma-1.8b-llama3-tokenizer,bookmia100.40.063,test,the picture of dorian gray,61,243,123.66722900024615,0.5089186378610953,4.513477007548015,8.868759506465407,2.027331622954855
jacquelinehe/tinycomma-1.8b-llama3-tokenizer,bookmia100.40.064,test,the picture of dorian gray,57,245,156.82698749005795,0.6401101530206447,6.278330485026042,9.808203252829134,2.7513506577203146
jacquelinehe/tinycomma-1.8b-llama3-tokenizer,bookmia100.40.065,test,the picture of dorian gray,65,244,164.96782653965056,0.6760976497526662,2.448676109313965,3.621778762594062,2.53796656214847
jacquelinehe/tinycomma-1.8b-llama3-tokenizer,bookmia100.40.066,test,the picture of dorian gray,63,248,164.6716493871063,0.6639985862383319,2.4605348110198975,3.7056326052729385,2.6138357045572427
jacquelinehe/tinycomma-1.8b-llama3-tokenizer,bookmia100.40.067,test,the picture of dorian gray,53,245,184.9457031415077,0.7548804209857457,3.2058205604553223,4.246792566522079,3.4895415687076925
jacquelinehe/tinycomma-1.8b-llama3-tokenizer,bookmia100.40.068,test,the picture of dorian gray,56,245,155.9459824450314,0.6365142140613527,1.697886996799045,2.6674769538381247,2.784749686518418
jacquelinehe/tinycomma-1.8b-llama3-tokenizer,bookmia100.40.069,test,the picture of dorian gray,61,242,121.41641627065837,0.5017207283911503,2.3684513092041017,4.720656682451468,1.9904330536173505
jacquelinehe/tinycomma-1.8b-llama3-tokenizer,bookmia100.40.070,test,the picture of dorian gray,63,248,155.2567844390869,0.6260354211253505,4.9086605707804365,7.840867154060888,2.4643934037950306
jacquelinehe/tinycomma-1.8b-llama3-tokenizer,bookmia100.40.071,test,the picture of dorian gray,60,249,165.37803076114506,0.6641687982375304,6.540360450744629,9.847437079399752,2.7563005126857507
jacquelinehe/tinycomma-1.8b-llama3-tokenizer,bookmia100.40.072,test,the picture of dorian gray,66,246,184.2294310843572,0.7489001263591756,2.412774085998535,3.2217568151956204,2.791355016429655
jacquelinehe/tinycomma-1.8b-llama3-tokenizer,bookmia100.40.073,test,the picture of dorian gray,61,247,177.12274785735644,0.7170961451714836,4.578773180643718,6.385159384100117,2.903651604218958
jacquelinehe/tinycomma-1.8b-llama3-tokenizer,bookmia100.40.074,test,the picture of dorian gray,57,247,136.35359811705712,0.5520388587735106,6.5817999839782715,11.922711380502001,2.392168388018546
jacquelinehe/tinycomma-1.8b-llama3-tokenizer,bookmia100.40.075,test,the picture of dorian gray,58,247,178.6891563477693,0.723437879950483,7.868217945098877,10.876148682783144,3.0808475232374017
jacquelinehe/tinycomma-1.8b-llama3-tokenizer,bookmia100.40.076,test,the picture of dorian gray,57,248,194.94067339971662,0.7860511024182122,4.411350568135579,5.612040431677374,3.420011814030116
jacquelinehe/tinycomma-1.8b-llama3-tokenizer,bookmia100.40.077,test,the picture of dorian gray,55,248,186.1858266973868,0.7507493011991403,3.681898355484009,4.904298078736893,3.3851968490433966
jacquelinehe/tinycomma-1.8b-llama3-tokenizer,bookmia100.40.078,test,the picture of dorian gray,59,244,175.2313734679483,0.7181613666719192,5.687095006306966,7.918965388881781,2.9700232791177674
jacquelinehe/tinycomma-1.8b-llama3-tokenizer,bookmia100.40.079,test,the picture of dorian gray,54,247,157.9618157846853,0.6395215213954871,2.3380233446756997,3.6558947063641356,2.9252188108275057
jacquelinehe/tinycomma-1.8b-llama3-tokenizer,bookmia100.40.080,test,the picture of dorian gray,63,247,158.136112971697,0.6402271780230648,5.471355438232422,8.54595935012823,2.5100970312967776
jacquelinehe/tinycomma-1.8b-llama3-tokenizer,bookmia100.40.081,test,the picture of dorian gray,60,247,205.49365973006934,0.8319581365589852,2.6024778683980307,3.1281356044692243,3.424894328834489
jacquelinehe/tinycomma-1.8b-llama3-tokenizer,bookmia100.40.082,test,the picture of dorian gray,58,247,148.71881899307482,0.6021004817533393,6.617815971374512,10.991215207307562,2.5641175688461177
jacquelinehe/tinycomma-1.8b-llama3-tokenizer,bookmia100.40.083,test,the picture of dorian gray,52,245,156.3213340837974,0.63804626156652,3.69865083694458,5.796838034696289,3.0061795016114887
jacquelinehe/tinycomma-1.8b-llama3-tokenizer,bookmia100.40.084,test,the picture of dorian gray,59,249,171.08927091374062,0.6871055056776731,4.660120010375977,6.782248099991324,2.8998181510803493
jacquelinehe/tinycomma-1.8b-llama3-tokenizer,bookmia100.40.085,test,the picture of dorian gray,58,244,176.53285820118617,0.7234953204966647,4.066493988037109,5.620622376998299,3.0436699689859683
jacquelinehe/tinycomma-1.8b-llama3-tokenizer,bookmia100.40.086,test,the picture of dorian gray,57,248,181.49900338659063,0.7318508201072202,9.88303279876709,13.504163044210527,3.184193041870011
jacquelinehe/tinycomma-1.8b-llama3-tokenizer,bookmia100.40.087,test,the picture of dorian gray,59,246,179.3730412106961,0.7291587041085207,4.690624872843425,6.432927216549168,3.0402210374694256
jacquelinehe/tinycomma-1.8b-llama3-tokenizer,bookmia100.40.088,test,the picture of dorian gray,59,247,168.2168909215834,0.6810400442169369,8.769554138183594,12.876708517583381,2.851133744433617
jacquelinehe/tinycomma-1.8b-llama3-tokenizer,bookmia100.40.089,test,the picture of dorian gray,67,245,153.0183209146162,0.6245645751616987,3.9513069788614907,6.326498709662654,2.283855536039048
jacquelinehe/tinycomma-1.8b-llama3-tokenizer,bookmia100.40.090,test,the picture of dorian gray,60,248,204.51604162482545,0.8246614581646188,3.396963357925415,4.119221680961976,3.4086006937470907
jacquelinehe/tinycomma-1.8b-llama3-tokenizer,bookmia100.40.091,test,the picture of dorian gray,54,242,163.28149170731194,0.6747169078814543,5.3306013743082685,7.900500657447344,3.0237313279131843
jacquelinehe/tinycomma-1.8b-llama3-tokenizer,bookmia100.40.092,test,the picture of dorian gray,52,242,159.81135357514722,0.6603774941121786,4.780407428741455,7.238901191156289,3.0732952610605233
jacquelinehe/tinycomma-1.8b-llama3-tokenizer,bookmia100.40.093,test,the picture of dorian gray,62,246,191.98017950216308,0.7804072337486304,14.076457977294922,18.037323808083713,3.0964545080994044
jacquelinehe/tinycomma-1.8b-llama3-tokenizer,bookmia100.40.094,test,the picture of dorian gray,60,247,165.920455140993,0.6717427333643441,14.853435516357422,22.111791878961974,2.76534091901655
jacquelinehe/tinycomma-1.8b-llama3-tokenizer,bookmia100.40.095,test,the picture of dorian gray,62,243,142.7575107095763,0.5874794679406432,3.0597851276397705,5.208326919688911,2.302540495315747
jacquelinehe/tinycomma-1.8b-llama3-tokenizer,bookmia100.40.096,test,the picture of dorian gray,47,241,154.26228690100834,0.6400924767676694,8.26123332977295,12.906312180843644,3.2821763170427305
jacquelinehe/tinycomma-1.8b-llama3-tokenizer,bookmia100.40.097,test,the picture of dorian gray,63,244,167.86030424199998,0.6879520665655737,2.2852980295817056,3.3218855508211154,2.6644492736825396
jacquelinehe/tinycomma-1.8b-llama3-tokenizer,bookmia100.40.098,test,the picture of dorian gray,56,248,201.19540137331933,0.8112717797311263,11.324058532714844,13.958403109335187,3.5927750245235592
jacquelinehe/tinycomma-1.8b-llama3-tokenizer,bookmia100.40.099,test,the picture of dorian gray,57,242,157.99585519754328,0.6528754347005921,4.0922056833903,6.2679731322208205,2.7718571087288293
jacquelinehe/tinycomma-1.8b-llama3-tokenizer,bookmia100.45.000,test,things fall apart,73,247,273.38076801318675,1.106804728798327,12.08486557006836,10.918697088680732,3.744942027577901
jacquelinehe/tinycomma-1.8b-llama3-tokenizer,bookmia100.45.001,test,things fall apart,48,244,148.54602144612,0.6087951698611476,3.886219024658203,6.383459030308276,3.0947087801274997
jacquelinehe/tinycomma-1.8b-llama3-tokenizer,bookmia100.45.002,test,things fall apart,61,248,168.55065838556038,0.6796397515546789,2.4400625228881836,3.590229260879061,2.7631255473042686
jacquelinehe/tinycomma-1.8b-llama3-tokenizer,bookmia100.45.003,test,things fall apart,65,248,187.75540174427442,0.7570782328398162,7.081872940063477,9.354215499631026,2.8885446422196064
jacquelinehe/tinycomma-1.8b-llama3-tokenizer,bookmia100.45.004,test,things fall apart,50,246,150.6860897189472,0.6125450801583219,2.314100646972656,3.7778454548594866,3.013721794378944
jacquelinehe/tinycomma-1.8b-llama3-tokenizer,bookmia100.45.005,test,things fall apart,59,248,199.9747441029176,0.8063497746085387,4.121602376302083,5.111432415669752,3.3894024424223326
jacquelinehe/tinycomma-1.8b-llama3-tokenizer,bookmia100.45.006,test,things fall apart,63,247,143.89604201697512,0.5825750688946361,5.406910419464111,9.28105356400344,2.284064158999605
jacquelinehe/tinycomma-1.8b-llama3-tokenizer,bookmia100.45.007,test,things fall apart,55,246,157.85827807243913,0.6417003173676388,3.6075706481933594,5.621893196176392,2.870150510407984
jacquelinehe/tinycomma-1.8b-llama3-tokenizer,bookmia100.45.008,test,things fall apart,65,247,172.74018527916633,0.6993529768387301,2.480461756388346,3.5467951642970377,2.657541311987174
jacquelinehe/tinycomma-1.8b-llama3-tokenizer,bookmia100.45.009,test,things fall apart,59,244,159.87031493289396,0.6552062087413687,12.915448188781738,19.712035717109462,2.709666354794813
jacquelinehe/tinycomma-1.8b-llama3-tokenizer,bookmia100.45.010,test,things fall apart,56,248,189.59183830721304,0.7644832189806977,8.317425727844238,10.879801572275248,3.3855685412002328
jacquelinehe/tinycomma-1.8b-llama3-tokenizer,bookmia100.45.011,test,things fall apart,58,249,161.68962157797068,0.6493559099516895,2.8025436401367188,4.3158822414432505,2.7877520961719084
jacquelinehe/tinycomma-1.8b-llama3-tokenizer,bookmia100.45.012,test,things fall apart,61,245,208.86637846147642,0.8525158304550058,2.223969650268555,2.6087136107274103,3.4240389911717446
jacquelinehe/tinycomma-1.8b-llama3-tokenizer,bookmia100.45.013,test,things fall apart,62,247,178.14862507930957,0.7212494942482168,2.7955000400543213,3.875912652068016,2.8733649206340255
jacquelinehe/tinycomma-1.8b-llama3-tokenizer,bookmia100.45.014,test,things fall apart,60,242,176.66024464720977,0.7300010109388834,11.66639232635498,15.98133721945175,2.9443374107868294
jacquelinehe/tinycomma-1.8b-llama3-tokenizer,bookmia100.45.015,test,things fall apart,65,243,163.11991480039433,0.6712753695489478,2.323374938964844,3.461135391465348,2.5095371507752975
jacquelinehe/tinycomma-1.8b-llama3-tokenizer,bookmia100.45.016,test,things fall apart,59,249,142.21752449986525,0.5711547168669288,2.870571517944336,5.025908800492564,2.4104665169468684
jacquelinehe/tinycomma-1.8b-llama3-tokenizer,bookmia100.45.017,test,things fall apart,53,249,194.88841765839607,0.7826844082666509,4.355768203735352,5.565165420097899,3.677139955818794
jacquelinehe/tinycomma-1.8b-llama3-tokenizer,bookmia100.45.018,test,things fall apart,54,247,161.15455697104335,0.6524475990730499,4.841346740722656,7.420284399238942,2.984343647611914
jacquelinehe/tinycomma-1.8b-llama3-tokenizer,bookmia100.45.019,test,things fall apart,63,249,159.55749811211717,0.6407931651089043,2.900106906890869,4.525808115319066,2.532658700192336
jacquelinehe/tinycomma-1.8b-llama3-tokenizer,bookmia100.45.020,test,things fall apart,56,242,165.609918643313,0.6843385067905495,6.40861447652181,9.36468489341233,2.9573199757734465
jacquelinehe/tinycomma-1.8b-llama3-tokenizer,bookmia100.45.021,test,things fall apart,62,245,176.19401948474115,0.7191592632030251,5.29314645131429,7.360186709880406,2.841839023947438
jacquelinehe/tinycomma-1.8b-llama3-tokenizer,bookmia100.45.022,test,things fall apart,66,249,187.27399376116227,0.7521043926151095,4.2310919761657715,5.625671140483604,2.8374847539570043
jacquelinehe/tinycomma-1.8b-llama3-tokenizer,bookmia100.45.023,test,things fall apart,57,247,167.2661959467805,0.6771910767076134,8.278092384338379,12.224160460862894,2.9344946657329913
jacquelinehe/tinycomma-1.8b-llama3-tokenizer,bookmia100.45.024,test,things fall apart,61,246,140.76846607029438,0.5722295368711153,7.08986234664917,12.38989232435591,2.30767977164417
jacquelinehe/tinycomma-1.8b-llama3-tokenizer,bookmia100.45.025,test,things fall apart,51,248,147.73019299376756,0.5956862620716434,2.4666820526123048,4.140908074720104,2.8966704508581875
jacquelinehe/tinycomma-1.8b-llama3-tokenizer,bookmia100.45.026,test,things fall apart,55,249,198.23011302947998,0.7961048716043373,5.15446662902832,6.474607571036295,3.6041838732632723
jacquelinehe/tinycomma-1.8b-llama3-tokenizer,bookmia100.45.027,test,things fall apart,59,249,182.4718166999519,0.7328185409636622,2.8518959045410157,3.8916808802227494,3.0927426559313878
jacquelinehe/tinycomma-1.8b-llama3-tokenizer,bookmia100.45.028,test,things fall apart,68,248,195.6082966531394,0.7887431316658847,6.427384853363037,8.148894862371629,2.8765925978402853
jacquelinehe/tinycomma-1.8b-llama3-tokenizer,bookmia100.45.029,test,things fall apart,60,248,169.0862592330668,0.6817994323913984,2.5514259338378906,3.74219427682539,2.8181043205511136
jacquelinehe/tinycomma-1.8b-llama3-tokenizer,bookmia100.45.031,test,things fall apart,58,248,172.6063997372985,0.6959935473278165,4.9262440999348955,7.078002545926779,2.975972409263767
jacquelinehe/tinycomma-1.8b-llama3-tokenizer,bookmia100.45.032,test,things fall apart,60,244,214.0615675970912,0.8773015065454557,3.0567819595336916,3.484300365071025,3.5676927932848534
jacquelinehe/tinycomma-1.8b-llama3-tokenizer,bookmia100.45.033,test,things fall apart,64,248,180.2289182304812,0.7267295089938759,5.451744079589844,7.501751356068556,2.816076847351269
jacquelinehe/tinycomma-1.8b-llama3-tokenizer,bookmia100.45.034,test,things fall apart,60,249,207.84862642397638,0.8347334394537205,3.59195868174235,4.303120627458099,3.46414377373294
jacquelinehe/tinycomma-1.8b-llama3-tokenizer,bookmia100.45.035,test,things fall apart,65,247,173.22301364969462,0.7013077475696139,2.048333009084066,2.9207334671299097,2.6649694407645326
jacquelinehe/tinycomma-1.8b-llama3-tokenizer,bookmia100.45.036,test,things fall apart,68,249,133.66016121197026,0.5367877960320091,4.210751851399739,7.84435093816598,1.9655906060583863
jacquelinehe/tinycomma-1.8b-llama3-tokenizer,bookmia100.45.037,test,things fall apart,54,247,147.11473807448056,0.5956062270221885,4.33886194229126,7.284782706158009,2.7243470013792694
jacquelinehe/tinycomma-1.8b-llama3-tokenizer,bookmia100.45.038,test,things fall apart,50,242,170.0949478126131,0.7028716851760872,3.6268699169158936,5.160074012666011,3.401898956252262
jacquelinehe/tinycomma-1.8b-llama3-tokenizer,bookmia100.45.039,test,things fall apart,61,248,192.4418163076043,0.775975065756469,15.903312683105469,20.494618171270652,3.154783873895153
jacquelinehe/tinycomma-1.8b-llama3-tokenizer,bookmia100.45.040,test,things fall apart,58,244,182.66914828890003,0.7486440503643444,12.860186576843262,17.177972055724698,3.149468073946552
jacquelinehe/tinycomma-1.8b-llama3-tokenizer,bookmia100.45.041,test,things fall apart,54,246,192.81178957223892,0.7837877624887761,2.2954619271414622,2.9286779368086058,3.5705886957822024
jacquelinehe/tinycomma-1.8b-llama3-tokenizer,bookmia100.45.042,test,things fall apart,75,248,153.7319186264649,0.6198867686551004,4.064469814300537,6.5567939498350105,2.049758915019532
jacquelinehe/tinycomma-1.8b-llama3-tokenizer,bookmia100.45.043,test,things fall apart,60,248,145.90007221861742,0.5883067428170058,4.0389353434244795,6.865356198510884,2.4316678703102905
jacquelinehe/tinycomma-1.8b-llama3-tokenizer,bookmia100.45.044,test,things fall apart,57,243,214.78587032668293,0.8838924704801766,3.4333653450012207,3.8843699428008898,3.7681731636260163
jacquelinehe/tinycomma-1.8b-llama3-tokenizer,bookmia100.45.045,test,things fall apart,65,248,149.01413902174681,0.6008634637973662,3.646264394124349,6.068374287696758,2.2925252157191816
jacquelinehe/tinycomma-1.8b-llama3-tokenizer,bookmia100.45.046,test,things fall apart,60,248,212.84660804271698,0.8582524517851491,3.5974740982055664,4.191626939978892,3.547443467378616
jacquelinehe/tinycomma-1.8b-llama3-tokenizer,bookmia100.45.047,test,things fall apart,67,244,145.09641074377578,0.5946574210810482,2.4000001907348634,4.035937508980919,2.1656180708026236
jacquelinehe/tinycomma-1.8b-llama3-tokenizer,bookmia100.45.048,test,things fall apart,60,244,218.523740850389,0.8955891018458566,4.193944931030273,4.682889644800646,3.6420623475064833
jacquelinehe/tinycomma-1.8b-llama3-tokenizer,bookmia100.45.049,test,things fall apart,48,244,134.17345118627418,0.5498911933863696,3.7854833602905273,6.8840588935032025,2.7952802330473787
jacquelinehe/tinycomma-1.8b-llama3-tokenizer,bookmia100.45.050,test,things fall apart,61,249,154.18979147658683,0.6192361103477383,4.302999496459961,6.948883349266515,2.5277014996161777
jacquelinehe/tinycomma-1.8b-llama3-tokenizer,bookmia100.45.051,test,things fall apart,68,247,169.23297435912536,0.6851537423446371,4.838142077128093,7.061396264977961,2.488720211163608
jacquelinehe/tinycomma-1.8b-llama3-tokenizer,bookmia100.45.052,test,things fall apart,58,245,199.3636369315209,0.8137291303327383,3.9769814809163413,4.8873529687822925,3.437304085026222
jacquelinehe/tinycomma-1.8b-llama3-tokenizer,bookmia100.45.053,test,things fall apart,56,249,196.61452562361956,0.7896165687695564,1.5676634046766493,1.9853476569260795,3.510973671850349
jacquelinehe/tinycomma-1.8b-llama3-tokenizer,bookmia100.45.054,test,things fall apart,63,247,157.4993910845078,0.6376493566174405,2.352253532409668,3.6889451984829793,2.499990334674727
jacquelinehe/tinycomma-1.8b-llama3-tokenizer,bookmia100.45.055,test,things fall apart,54,247,168.55064070853405,0.6823912579292877,2.9602487564086912,4.33805199291613,3.121308161269149
jacquelinehe/tinycomma-1.8b-llama3-tokenizer,bookmia100.45.056,test,things fall apart,61,247,200.08802736212965,0.81007298527178,2.480649709701538,3.062254580516938,3.280131596100486
jacquelinehe/tinycomma-1.8b-llama3-tokenizer,bookmia100.45.057,test,things fall apart,60,246,206.0272732503945,0.8375092408552622,3.9734959602355957,4.744420439084197,3.433787887506575
jacquelinehe/tinycomma-1.8b-llama3-tokenizer,bookmia100.45.058,test,things fall apart,69,248,246.3303042910993,0.9932673560124973,5.845690727233887,5.885314454208577,3.570004410015932
jacquelinehe/tinycomma-1.8b-llama3-tokenizer,bookmia100.45.059,test,things fall apart,55,240,149.43614186509512,0.622650591104563,2.2930073738098145,3.6826550983306543,2.7170207611835475
jacquelinehe/tinycomma-1.8b-llama3-tokenizer,bookmia100.45.060,test,things fall apart,53,245,145.54289946364588,0.594052650872024,2.4510498046875,4.1259807545502,2.7460924427102995
jacquelinehe/tinycomma-1.8b-llama3-tokenizer,bookmia100.45.061,test,things fall apart,59,243,163.2826327350922,0.6719449906793917,4.586057662963867,6.825049262331706,2.7675022497473254
jacquelinehe/tinycomma-1.8b-llama3-tokenizer,bookmia100.45.062,test,things fall apart,64,249,163.77656710520387,0.6577372172899754,16.551301956176758,25.164003983797404,2.5590088610188104
jacquelinehe/tinycomma-1.8b-llama3-tokenizer,bookmia100.45.063,test,things fall apart,61,248,162.90488505514804,0.6568745365126937,8.804964065551758,13.404331536881864,2.670571886149968
jacquelinehe/tinycomma-1.8b-llama3-tokenizer,bookmia100.45.064,test,things fall apart,48,244,134.17345118627418,0.5498911933863696,3.7854833602905273,6.8840588935032025,2.7952802330473787
jacquelinehe/tinycomma-1.8b-llama3-tokenizer,bookmia100.45.065,test,things fall apart,48,243,186.01367293298244,0.7654883659793517,4.540676116943359,5.931737592293911,3.8752848527704677
jacquelinehe/tinycomma-1.8b-llama3-tokenizer,bookmia100.45.066,test,things fall apart,58,248,151.60707425430883,0.6113188477996324,2.2091596126556396,3.6137600216437624,2.613915073350152
jacquelinehe/tinycomma-1.8b-llama3-tokenizer,bookmia100.45.067,test,things fall apart,59,246,151.51799268368632,0.6159267995271801,3.646190643310547,5.9198441212650055,2.5681015709099375
jacquelinehe/tinycomma-1.8b-llama3-tokenizer,bookmia100.45.068,test,things fall apart,54,247,179.6358631774783,0.727270701123394,3.5361289978027344,4.862190917825479,3.326590058842191
jacquelinehe/tinycomma-1.8b-llama3-tokenizer,bookmia100.45.069,test,things fall apart,66,247,129.7498036324978,0.5253028487145659,2.4339530944824217,4.633428317471319,1.965906115643906
jacquelinehe/tinycomma-1.8b-llama3-tokenizer,bookmia100.45.071,test,things fall apart,58,249,191.9325665300712,0.7708135202010892,3.977232297261556,5.159785334621504,3.3091821815529516
jacquelinehe/tinycomma-1.8b-llama3-tokenizer,bookmia100.45.072,test,things fall apart,57,247,179.4379558020737,0.7264694566885574,4.637693723042806,6.383879845661588,3.1480343123170824
jacquelinehe/tinycomma-1.8b-llama3-tokenizer,bookmia100.45.073,test,things fall apart,59,248,139.58063567057252,0.5628251438329537,2.6567445755004884,4.720372933958703,2.365773485941907
jacquelinehe/tinycomma-1.8b-llama3-tokenizer,bookmia100.45.074,test,things fall apart,59,237,172.09906776738353,0.726156404081787,2.880646069844564,3.9669774357868453,2.9169333519895515
jacquelinehe/tinycomma-1.8b-llama3-tokenizer,bookmia100.45.075,test,things fall apart,60,247,176.86456490424462,0.7160508700576705,2.978728771209717,4.1599401603545445,2.947742748404077
jacquelinehe/tinycomma-1.8b-llama3-tokenizer,bookmia100.45.076,test,things fall apart,61,248,145.9095867659198,0.588345107927096,4.91599702835083,8.355635089193244,2.3919604387855706
jacquelinehe/tinycomma-1.8b-llama3-tokenizer,bookmia100.45.077,test,things fall apart,58,248,182.19990538200364,0.7346770378306599,3.8243367671966553,5.205466579558663,3.1413776790000627
jacquelinehe/tinycomma-1.8b-llama3-tokenizer,bookmia100.45.078,test,things fall apart,62,246,165.3968003951013,0.6723447170532574,12.915696144104004,19.209931775340973,2.6676903289532468
jacquelinehe/tinycomma-1.8b-llama3-tokenizer,bookmia100.45.079,test,things fall apart,59,247,235.0895657443907,0.9517796183983429,13.968528747558594,14.676221761362013,3.9845689109218765
jacquelinehe/tinycomma-1.8b-llama3-tokenizer,bookmia100.45.080,test,things fall apart,64,247,142.86536992079346,0.5784023073716335,4.521974245707194,7.8180432340525705,2.2322714050123977
jacquelinehe/tinycomma-1.8b-llama3-tokenizer,bookmia100.45.081,test,things fall apart,57,249,171.92626681551337,0.6904669350020617,5.889656702677409,8.529961978063183,3.0162502950090064
jacquelinehe/tinycomma-1.8b-llama3-tokenizer,bookmia100.45.082,test,things fall apart,57,249,201.35142703389283,0.808640269212421,15.555246353149414,19.236299434233615,3.5324811760332078
jacquelinehe/tinycomma-1.8b-llama3-tokenizer,bookmia100.45.083,test,things fall apart,59,246,181.50405149854487,0.7378213475550605,4.364674091339111,5.915624569284225,3.0763398559075403
jacquelinehe/tinycomma-1.8b-llama3-tokenizer,bookmia100.45.084,test,things fall apart,68,247,166.78634539461927,0.6752483619215355,3.2159029245376587,4.762548279845142,2.4527403734502835
jacquelinehe/tinycomma-1.8b-llama3-tokenizer,bookmia100.45.085,test,things fall apart,57,245,159.44776663882658,0.6508072107707207,6.105569362640381,9.381533058630128,2.7973292392776594
jacquelinehe/tinycomma-1.8b-llama3-tokenizer,bookmia100.45.086,test,things fall apart,56,243,175.8220923077315,0.7235477049700885,1.9669294357299805,2.718451626919739,3.13968021978092
jacquelinehe/tinycomma-1.8b-llama3-tokenizer,bookmia100.45.087,test,things fall apart,61,247,142.63258848967962,0.5774598724278527,4.565519332885742,7.90621054531569,2.3382391555685182
jacquelinehe/tinycomma-1.8b-llama3-tokenizer,bookmia100.45.088,test,things fall apart,47,249,133.7037827372551,0.5369629828805426,20.355531692504883,37.9086312119831,2.8447613348352148
jacquelinehe/tinycomma-1.8b-llama3-tokenizer,bookmia100.45.089,test,things fall apart,56,249,200.52639766427455,0.8053268982500986,15.77590560913086,19.589443297387003,3.5808285297191884
jacquelinehe/tinycomma-1.8b-llama3-tokenizer,bookmia100.45.090,test,things fall apart,51,248,175.76377146597952,0.7087248849434657,7.129337310791016,10.059386176851566,3.4463484601172456
jacquelinehe/tinycomma-1.8b-llama3-tokenizer,bookmia100.45.091,test,things fall apart,60,249,151.0295301967708,0.6065442979789991,17.675662994384766,29.14158628360688,2.5171588366128463
jacquelinehe/tinycomma-1.8b-llama3-tokenizer,bookmia100.45.092,test,things fall apart,59,247,147.72192341386108,0.5980644672625954,13.278989791870117,22.203274928954503,2.5037614137942557
jacquelinehe/tinycomma-1.8b-llama3-tokenizer,bookmia100.45.093,test,things fall apart,57,248,148.47805642525054,0.5987018404243973,1.7901411056518555,2.990037752987182,2.6048781828991325
jacquelinehe/tinycomma-1.8b-llama3-tokenizer,bookmia100.45.094,test,things fall apart,54,246,180.66143831796944,0.734396090723453,5.267702738444011,7.1728360281095735,3.345582191073508
jacquelinehe/tinycomma-1.8b-llama3-tokenizer,bookmia100.45.095,test,things fall apart,50,248,145.48039756028447,0.5866145062914696,6.851578235626221,11.679864991647333,2.9096079512056896
jacquelinehe/tinycomma-1.8b-llama3-tokenizer,bookmia100.45.096,test,things fall apart,59,249,150.9295147259836,0.6061426294216209,4.157600402832031,6.859112362381109,2.5581273682370105
jacquelinehe/tinycomma-1.8b-llama3-tokenizer,bookmia100.45.098,test,things fall apart,67,246,183.88626070768805,0.7475051248280002,2.9025493621826173,3.882982558615219,2.7445710553386276
jacquelinehe/tinycomma-1.8b-llama3-tokenizer,bookmia100.45.099,test,things fall apart,57,244,178.6806322466582,0.7322976731420419,4.260041236877441,5.81736279264557,3.1347479341518985
jacquelinehe/tinycomma-1.8b-llama3-tokenizer,bookmia100.49.000,test,treasure island,70,246,281.08110082894564,1.1426061009306734,7.255385398864746,6.349857044308711,4.015444297556367
jacquelinehe/tinycomma-1.8b-llama3-tokenizer,bookmia100.49.001,test,treasure island,55,248,208.9963096678257,0.8427270551122004,4.109442075093587,4.876361866116257,3.7999329030513764
jacquelinehe/tinycomma-1.8b-llama3-tokenizer,bookmia100.49.002,test,treasure island,73,246,232.55985918443184,0.9453652812375278,16.501495361328125,17.455152721207284,3.1857514956771484
jacquelinehe/tinycomma-1.8b-llama3-tokenizer,bookmia100.49.003,test,treasure island,62,248,236.5771114192903,0.9539399654003641,1.8564144770304363,1.9460495884049767,3.8157598616014563
jacquelinehe/tinycomma-1.8b-llama3-tokenizer,bookmia100.49.004,test,treasure island,64,246,239.68154229223728,0.9743152125700703,2.2096667289733887,2.267917713349339,3.7450240983162075
jacquelinehe/tinycomma-1.8b-llama3-tokenizer,bookmia100.49.005,test,treasure island,57,242,186.46978469192982,0.7705363003798753,4.597497622172038,5.966620417370948,3.271399731437365
jacquelinehe/tinycomma-1.8b-llama3-tokenizer,bookmia100.49.006,test,treasure island,55,249,287.9422921985388,1.1563947477852963,2.7274864741734097,2.3586119527064926,5.235314403609796
jacquelinehe/tinycomma-1.8b-llama3-tokenizer,bookmia100.49.007,test,treasure island,53,245,227.69379305839539,0.9293624206465118,5.452486673990886,5.866911070277469,4.296109302988592
jacquelinehe/tinycomma-1.8b-llama3-tokenizer,bookmia100.49.008,test,treasure island,65,249,262.354126595892,1.0536310305055905,4.506007830301921,4.276646852494169,4.036217332244492
jacquelinehe/tinycomma-1.8b-llama3-tokenizer,bookmia100.49.009,test,treasure island,66,249,233.24054133240134,0.9367090013349452,13.488839149475098,14.400245039015916,3.5339475959454747
jacquelinehe/tinycomma-1.8b-llama3-tokenizer,bookmia100.49.010,test,treasure island,66,249,248.2727204777766,0.9970791987059301,5.249539375305176,5.264917152136307,3.7617078860269184
jacquelinehe/tinycomma-1.8b-llama3-tokenizer,bookmia100.49.011,test,treasure island,62,249,250.91063731908798,1.0076732422453332,1.7891203165054321,1.7754965017418256,4.046945763211096
jacquelinehe/tinycomma-1.8b-llama3-tokenizer,bookmia100.49.012,test,treasure island,67,245,242.09713740833104,0.988151581258494,3.2856664657592773,3.325063206977522,3.613390110572105
jacquelinehe/tinycomma-1.8b-llama3-tokenizer,bookmia100.49.013,test,treasure island,63,243,260.56305815279484,1.0722759594765219,4.44434118270874,4.144773687622763,4.13592155798087
jacquelinehe/tinycomma-1.8b-llama3-tokenizer,bookmia100.49.014,test,treasure island,50,247,199.91981959342957,0.8093919821596338,3.9604152043660483,4.893074420874296,3.9983963918685914
jacquelinehe/tinycomma-1.8b-llama3-tokenizer,bookmia100.49.015,test,treasure island,68,248,268.4300208184868,1.0823791162035759,5.812437057495117,5.370056545327786,3.9475003061542178
jacquelinehe/tinycomma-1.8b-llama3-tokenizer,bookmia100.49.016,test,treasure island,56,247,244.7598369717598,0.9909305140557076,7.1360883712768555,7.201401379870801,4.370711374495711
jacquelinehe/tinycomma-1.8b-llama3-tokenizer,bookmia100.49.017,test,treasure island,61,244,228.07341079297476,0.934727093413831,6.888158798217773,7.369165659958232,3.738908373655324
jacquelinehe/tinycomma-1.8b-llama3-tokenizer,bookmia100.49.018,test,treasure island,56,248,216.87692093360238,0.8745037134419451,13.690483093261719,15.655145750470934,3.872802159528614
jacquelinehe/tinycomma-1.8b-llama3-tokenizer,bookmia100.49.019,test,treasure island,64,248,226.9926935019903,0.9152931189596383,1.584606409072876,1.7312556778248351,3.5467608359685983
jacquelinehe/tinycomma-1.8b-llama3-tokenizer,bookmia100.49.020,test,treasure island,63,249,231.87793155759573,0.9312366729220712,14.932429313659668,16.035052901003244,3.6806020882158053
jacquelinehe/tinycomma-1.8b-llama3-tokenizer,bookmia100.49.021,test,treasure island,57,248,190.18708672374487,0.7668834142086487,14.391022682189941,18.765593851107237,3.3366155565569273
jacquelinehe/tinycomma-1.8b-llama3-tokenizer,bookmia100.49.022,test,treasure island,60,249,235.26349525200203,0.9448333142650684,2.813014793395996,2.9772603811965275,3.921058254200034
jacquelinehe/tinycomma-1.8b-llama3-tokenizer,bookmia100.49.023,test,treasure island,61,247,252.75015731155872,1.0232799891156223,7.615390777587891,7.442137888545589,4.143445201828832
jacquelinehe/tinycomma-1.8b-llama3-tokenizer,bookmia100.49.024,test,treasure island,61,246,216.15520805120468,0.8786797075252223,3.844970146814982,4.375849486321059,3.543528000839421
jacquelinehe/tinycomma-1.8b-llama3-tokenizer,bookmia100.49.025,test,treasure island,54,247,180.0891535691917,0.729105884895513,2.303949737548828,3.1599659051977116,3.3349843253554017
jacquelinehe/tinycomma-1.8b-llama3-tokenizer,bookmia100.49.026,test,treasure island,61,249,212.11284062312916,0.8518587976832497,3.227777099609375,3.7890987431106784,3.4772596823463795
jacquelinehe/tinycomma-1.8b-llama3-tokenizer,bookmia100.49.027,test,treasure island,59,245,209.74268744816072,0.8560926018292274,2.720810651779175,3.178173302707643,3.554960804206114
jacquelinehe/tinycomma-1.8b-llama3-tokenizer,bookmia100.49.028,test,treasure island,62,246,237.83094514906406,0.966792459955545,2.9565725326538086,3.0581253527667744,3.835982986275227
jacquelinehe/tinycomma-1.8b-llama3-tokenizer,bookmia100.49.029,test,treasure island,66,249,258.2316610272974,1.0370749438847284,3.1197734832763673,3.0082430413275247,3.912600924656021
jacquelinehe/tinycomma-1.8b-llama3-tokenizer,bookmia100.49.030,test,treasure island,64,244,260.2862893640995,1.066747087557785,3.541755199432373,3.3201451784985716,4.066973271314055
jacquelinehe/tinycomma-1.8b-llama3-tokenizer,bookmia100.49.031,test,treasure island,59,246,224.21828575222753,0.9114564461472664,3.9125614166259766,4.292647699365564,3.8003099280038564
jacquelinehe/tinycomma-1.8b-llama3-tokenizer,bookmia100.49.032,test,treasure island,52,248,187.8054042775184,0.7572798559577355,2.931706428527832,3.8713646024825112,3.611642389952277
jacquelinehe/tinycomma-1.8b-llama3-tokenizer,bookmia100.49.033,test,treasure island,56,246,186.64972814917564,0.7587387323137221,3.137904167175293,4.135684700854098,3.333030859806708
jacquelinehe/tinycomma-1.8b-llama3-tokenizer,bookmia100.49.034,test,treasure island,62,248,276.0520699135959,1.1131131851354674,4.401594479878743,3.954309892882154,4.45245274054187
jacquelinehe/tinycomma-1.8b-llama3-tokenizer,bookmia100.49.035,test,treasure island,54,245,175.03294944984373,0.7144202018360969,4.336463928222656,6.069906641886273,3.2413509157378466
jacquelinehe/tinycomma-1.8b-llama3-tokenizer,bookmia100.49.036,test,treasure island,62,245,235.75379118323326,0.9622603721764623,2.1490726470947266,2.2333587761012184,3.802480502955375
jacquelinehe/tinycomma-1.8b-llama3-tokenizer,bookmia100.49.037,test,treasure island,58,249,208.56684747338295,0.8376178613388874,1.9804965257644653,2.36443922363206,3.5959801288514304
jacquelinehe/tinycomma-1.8b-llama3-tokenizer,bookmia100.49.038,test,treasure island,61,243,243.93252881616354,1.003837567144706,2.4348225593566895,2.4255144846613446,3.9988939150190745
jacquelinehe/tinycomma-1.8b-llama3-tokenizer,bookmia100.49.039,test,treasure island,55,242,250.24532455333974,1.0340715890633874,3.6148853302001953,3.4957785983409386,4.549914991878905
jacquelinehe/tinycomma-1.8b-llama3-tokenizer,bookmia100.49.040,test,treasure island,67,239,223.4769198745489,0.9350498739520875,3.7219441731770835,3.9804766321671075,3.3354764160380435
jacquelinehe/tinycomma-1.8b-llama3-tokenizer,bookmia100.49.041,test,treasure island,51,246,226.56889782845974,0.9210117797904868,3.367873191833496,3.6567102242705576,4.442527408401172
jacquelinehe/tinycomma-1.8b-llama3-tokenizer,bookmia100.49.042,test,treasure island,58,241,242.18125446513295,1.0049014708096804,3.2580455780029296,3.242154253568582,4.175538870088499
jacquelinehe/tinycomma-1.8b-llama3-tokenizer,bookmia100.49.043,test,treasure island,56,248,229.9854847472161,0.9273608255936133,2.6363089879353843,2.84280823081766,4.106883656200288
jacquelinehe/tinycomma-1.8b-llama3-tokenizer,bookmia100.49.044,test,treasure island,61,243,258.50652623176575,1.0638128651512995,1.7025260584695,1.6003999521357173,4.237811905438782
jacquelinehe/tinycomma-1.8b-llama3-tokenizer,bookmia100.49.045,test,treasure island,54,247,218.35502814609208,0.8840284540327614,6.405968983968099,7.246338005010299,4.043611632335039
jacquelinehe/tinycomma-1.8b-llama3-tokenizer,bookmia100.49.047,test,treasure island,60,247,236.7897971123457,0.9586631462038288,11.046492576599121,11.522809258227646,3.946496618539095
jacquelinehe/tinycomma-1.8b-llama3-tokenizer,bookmia100.49.048,test,treasure island,52,245,187.26878021284938,0.7643623682157118,4.646117210388184,6.078422229542567,3.6013226964009495
jacquelinehe/tinycomma-1.8b-llama3-tokenizer,bookmia100.49.049,test,treasure island,54,249,195.93573006801307,0.7868904822008557,3.4293365478515625,4.358086195502128,3.628439445703946
jacquelinehe/tinycomma-1.8b-llama3-tokenizer,bookmia100.49.050,test,treasure island,59,242,202.1617519063875,0.8353791401090392,2.7531188329060874,3.2956518791536165,3.4264703712947036
jacquelinehe/tinycomma-1.8b-llama3-tokenizer,bookmia100.49.051,test,treasure island,62,248,220.18039283063263,0.8878241646396476,4.491469701131185,5.058963114564689,3.5512966585585906
jacquelinehe/tinycomma-1.8b-llama3-tokenizer,bookmia100.49.052,test,treasure island,66,247,262.11441431567073,1.0611919607921891,3.091970920562744,2.9136772938371682,3.971430519934405
jacquelinehe/tinycomma-1.8b-llama3-tokenizer,bookmia100.49.053,test,treasure island,56,248,223.73347301408648,0.902151100863252,3.860851764678955,4.279606554805039,3.9952405895372585
jacquelinehe/tinycomma-1.8b-llama3-tokenizer,bookmia100.49.054,test,treasure island,69,249,279.2768805027008,1.121593897601208,11.568143844604492,10.314021741153981,4.0474910217782725
jacquelinehe/tinycomma-1.8b-llama3-tokenizer,bookmia100.49.055,test,treasure island,65,244,258.3979283128865,1.059007902921666,5.636019706726074,5.321980781424789,3.975352743275177
jacquelinehe/tinycomma-1.8b-llama3-tokenizer,bookmia100.49.056,test,treasure island,58,247,218.7600194932893,0.8856680951145316,2.6649911403656006,3.0090178872492555,3.7717244740222293
jacquelinehe/tinycomma-1.8b-llama3-tokenizer,bookmia100.49.057,test,treasure island,76,246,320.14705467037857,1.3014107913430022,3.350313663482666,2.5743705874954985,4.212461245662876
jacquelinehe/tinycomma-1.8b-llama3-tokenizer,bookmia100.49.058,test,treasure island,61,245,286.85692297667265,1.1708445835782557,3.6113131046295166,3.0843658973019856,4.702572507814306
jacquelinehe/tinycomma-1.8b-llama3-tokenizer,bookmia100.49.059,test,treasure island,56,243,205.96871859580278,0.8476078954559786,6.317721366882324,7.453589567477597,3.678012832067907
jacquelinehe/tinycomma-1.8b-llama3-tokenizer,bookmia100.49.060,test,treasure island,60,246,244.07692108070478,0.9921826060191251,5.574090003967285,5.618008187355625,4.067948684678413
jacquelinehe/tinycomma-1.8b-llama3-tokenizer,bookmia100.49.061,test,treasure island,57,246,229.4473040867597,0.9327126182388605,3.1724812984466553,3.4013491791682906,4.025391299767714
jacquelinehe/tinycomma-1.8b-llama3-tokenizer,bookmia100.49.062,test,treasure island,67,243,231.06861984578427,0.9508996701472604,4.622674083709716,4.86136890024773,3.448785370832601
jacquelinehe/tinycomma-1.8b-llama3-tokenizer,bookmia100.49.063,test,treasure island,64,247,232.3772233449854,0.9407984750809125,4.275109767913818,4.54412914258406,3.630894114765397
jacquelinehe/tinycomma-1.8b-llama3-tokenizer,bookmia100.49.064,test,treasure island,51,241,211.08536152727902,0.8758728694077967,2.055519421895345,2.3468239440789413,4.138928657397628
jacquelinehe/tinycomma-1.8b-llama3-tokenizer,bookmia100.49.065,test,treasure island,59,248,228.36235594376922,0.9208159513861662,1.9769748051961262,2.146981492034378,3.870548405826597
jacquelinehe/tinycomma-1.8b-llama3-tokenizer,bookmia100.49.066,test,treasure island,61,248,274.54232347011566,1.1070254978633696,3.735752582550049,3.37458585169022,4.500693827378945
jacquelinehe/tinycomma-1.8b-llama3-tokenizer,bookmia100.49.067,test,treasure island,58,246,237.76918365992606,0.9665413969915694,3.2152159214019775,3.3265165169433732,4.099468683791828
jacquelinehe/tinycomma-1.8b-llama3-tokenizer,bookmia100.49.068,test,treasure island,63,244,216.56279714033008,0.8875524472964348,5.817573070526123,6.554624561339421,3.437504716513176
jacquelinehe/tinycomma-1.8b-llama3-tokenizer,bookmia100.49.069,test,treasure island,64,247,226.99367258697748,0.9190027230242004,4.107581774393718,4.46960783845855,3.546776134171523
jacquelinehe/tinycomma-1.8b-llama3-tokenizer,bookmia100.49.070,test,treasure island,46,238,160.92979436879978,0.6761756065915957,3.1487889289855957,4.656762087082265,3.498473790626082
jacquelinehe/tinycomma-1.8b-llama3-tokenizer,bookmia100.49.071,test,treasure island,63,246,245.04854889959097,0.9961323125999633,4.264766613642375,4.2813254421102815,3.889659506342714
jacquelinehe/tinycomma-1.8b-llama3-tokenizer,bookmia100.49.072,test,treasure island,55,249,202.56825106218457,0.8135271126995365,4.72073221206665,5.8027964137566235,3.6830591102215378
jacquelinehe/tinycomma-1.8b-llama3-tokenizer,bookmia100.49.073,test,treasure island,65,246,246.10941376537085,1.0004447714039466,4.2640031178792315,4.262107454362983,3.7862986733133974
jacquelinehe/tinycomma-1.8b-llama3-tokenizer,bookmia100.49.074,test,treasure island,60,246,254.79558832757175,1.03575442409582,1.6311486562093098,1.5748411189585307,4.246593138792862
jacquelinehe/tinycomma-1.8b-llama3-tokenizer,bookmia100.49.075,test,treasure island,60,248,258.85538747906685,1.0437717237059148,4.415193557739258,4.230037523974207,4.314256457984447
jacquelinehe/tinycomma-1.8b-llama3-tokenizer,bookmia100.49.076,test,treasure island,61,249,246.63402278674766,0.9904980834809143,3.671827697753906,3.7070517944365693,4.043180701422093
jacquelinehe/tinycomma-1.8b-llama3-tokenizer,bookmia100.49.077,test,treasure island,66,247,219.06923414458288,0.8869199762938578,5.459983825683594,6.156117768932257,3.319230820372468
jacquelinehe/tinycomma-1.8b-llama3-tokenizer,bookmia100.49.078,test,treasure island,61,248,233.82700181007385,0.9428508137502978,4.545953750610352,4.821498464352273,3.8332295378700634
jacquelinehe/tinycomma-1.8b-llama3-tokenizer,bookmia100.49.079,test,treasure island,61,249,218.5279799848795,0.8776224095778293,1.8416242599487305,2.09842437915256,3.582425901391467
jacquelinehe/tinycomma-1.8b-llama3-tokenizer,bookmia100.49.080,test,treasure island,55,249,210.13480590609834,0.8439148831570215,3.426268768310547,4.05996959728111,3.820632834656333
jacquelinehe/tinycomma-1.8b-llama3-tokenizer,bookmia100.49.081,test,treasure island,59,244,215.25459910323843,0.882190979931305,3.3447794914245605,3.7914460332444273,3.648383035648109
jacquelinehe/tinycomma-1.8b-llama3-tokenizer,bookmia100.49.082,test,treasure island,70,247,217.27874207869172,0.8796710205615049,2.4840315146879717,2.8238187420365213,3.103982029695596
jacquelinehe/tinycomma-1.8b-llama3-tokenizer,bookmia100.49.083,test,treasure island,65,249,217.3358266641735,0.8728346452376446,8.849383354187012,10.138671055819067,3.3436281025257464
jacquelinehe/tinycomma-1.8b-llama3-tokenizer,bookmia100.49.084,test,treasure island,60,245,291.6516379173845,1.1904148486423858,3.615787887573242,3.0374183350425144,4.860860631956409
jacquelinehe/tinycomma-1.8b-llama3-tokenizer,bookmia100.49.085,test,treasure island,61,249,204.99693367257714,0.8232808581227997,2.4338955879211426,2.956336909703912,3.3606054700422483
jacquelinehe/tinycomma-1.8b-llama3-tokenizer,bookmia100.49.086,test,treasure island,62,246,303.6595267727971,1.2343883202146224,12.224364280700684,9.903175589489733,4.89773430278705
jacquelinehe/tinycomma-1.8b-llama3-tokenizer,bookmia100.49.087,test,treasure island,54,245,233.30412162840366,0.9522617209322598,6.128048419952393,6.435256490151743,4.32044669682229
jacquelinehe/tinycomma-1.8b-llama3-tokenizer,bookmia100.49.088,test,treasure island,75,248,239.7423147475347,0.9667028820465109,8.236404418945312,8.520099165845908,3.196564196633796
jacquelinehe/tinycomma-1.8b-llama3-tokenizer,bookmia100.49.089,test,treasure island,58,248,222.71003835834563,0.8980243482191356,4.285931587219238,4.772622920212166,3.839828247557683
jacquelinehe/tinycomma-1.8b-llama3-tokenizer,bookmia100.49.090,test,treasure island,60,241,182.89303327152447,0.7588922542386908,1.7472117741902669,2.302318628805934,3.0482172211920746
jacquelinehe/tinycomma-1.8b-llama3-tokenizer,bookmia100.49.091,test,treasure island,69,249,244.63329877564684,0.9824630472917544,5.044020056724548,5.134055749606901,3.5454101271832874
jacquelinehe/tinycomma-1.8b-llama3-tokenizer,bookmia100.49.092,test,treasure island,61,249,257.6905812921468,1.034901932900188,4.1035943031311035,3.965201119715058,4.224435758887653
jacquelinehe/tinycomma-1.8b-llama3-tokenizer,bookmia100.49.093,test,treasure island,62,248,278.7589151922148,1.1240278838395756,4.30264949798584,3.8278850194430993,4.4961115353583025
jacquelinehe/tinycomma-1.8b-llama3-tokenizer,bookmia100.49.094,test,treasure island,63,248,289.3371281474829,1.1666819683366245,12.288060188293457,10.532484877445166,4.592652827737823
jacquelinehe/tinycomma-1.8b-llama3-tokenizer,bookmia100.49.095,test,treasure island,60,247,217.43196391011588,0.8802913518628174,1.9560108184814453,2.222003901710789,3.623866065168598
jacquelinehe/tinycomma-1.8b-llama3-tokenizer,bookmia100.49.096,test,treasure island,68,246,241.59835072234273,0.9821071167574907,5.620456695556641,5.722855073195123,3.552916922387393
jacquelinehe/tinycomma-1.8b-llama3-tokenizer,bookmia100.49.097,test,treasure island,55,248,206.16533125611022,0.8313118195810896,3.3215095520019533,3.9955038215091316,3.7484605682929133
jacquelinehe/tinycomma-1.8b-llama3-tokenizer,bookmia100.49.098,test,treasure island,62,247,238.53627833537757,0.965733920386144,2.747166395187378,2.8446410933654858,3.847359327989961
jacquelinehe/tinycomma-1.8b-llama3-tokenizer,bookmia100.49.099,test,treasure island,59,244,278.62031650543213,1.1418865430550498,3.215458393096924,2.815917581876528,4.722378245854782
