model,id,split,novel,n_tok,n_char,total_nats,s_rate,k_crit,uncertified_width,nats_per_tok
jacquelinehe/tinycomma-1.8b-llama3-tokenizer,bookmia.00.11,attack_train,1984,57,225,131.95352869923227,0.5864601275521434,6.907685279846191,11.778610267467867,2.3149741877058294
jacquelinehe/tinycomma-1.8b-llama3-tokenizer,bookmia.00.26,attack_train,1984,57,273,176.00464893132448,0.6447056737411153,2.5907320022583007,4.018472471670261,3.087800858444289
jacquelinehe/tinycomma-1.8b-llama3-tokenizer,bookmia.00.31,attack_train,1984,57,252,174.90281285345554,0.6940587811645061,3.1770002841949463,4.577422504279118,3.0684704009378168
jacquelinehe/tinycomma-1.8b-llama3-tokenizer,bookmia.00.40,attack_train,1984,59,290,178.45183833455667,0.6153511666708851,3.6832916736602783,5.985674315996305,3.0246074293992655
jacquelinehe/tinycomma-1.8b-llama3-tokenizer,bookmia.00.46,attack_train,1984,59,312,198.52387940417975,0.6362944852698069,8.776728630065918,13.793501017605607,3.3648115153250804
jacquelinehe/tinycomma-1.8b-llama3-tokenizer,bookmia.00.48,attack_train,1984,66,264,198.7580888736993,0.7528715487640125,5.776664733886719,7.6728423904054495,3.01148619505605
jacquelinehe/tinycomma-1.8b-llama3-tokenizer,bookmia.00.64,attack_train,1984,60,273,175.3566252971068,0.642331960795263,2.90944242477417,4.5294997016371825,2.9226104216184465
jacquelinehe/tinycomma-1.8b-llama3-tokenizer,bookmia.00.71,attack_train,1984,62,271,184.08317272737622,0.6792737001010193,2.3607707023620605,3.47543369044168,2.9690834310867134
jacquelinehe/tinycomma-1.8b-llama3-tokenizer,bookmia.01.00,attack_train,a_game_of_thrones,60,255,145.0146937952668,0.5686850737069286,4.99556318918864,8.784410599394596,2.4169115632544464
jacquelinehe/tinycomma-1.8b-llama3-tokenizer,bookmia.01.01,attack_train,a_game_of_thrones,63,276,184.3757537577767,0.6680280933252779,1.0781052348332758,1.6138621198799226,2.9265992659964555
jacquelinehe/tinycomma-1.8b-llama3-tokenizer,bookmia.01.02,attack_train,a_game_of_thrones,62,238,257.4719102438539,1.081814748923756,7.005788803100586,6.475959779685292,4.152772745868612
jacquelinehe/tinycomma-1.8b-llama3-tokenizer,bookmia.01.03,attack_train,a_game_of_thrones,61,237,210.87983867526054,0.8897883488407617,5.082722028096517,5.712282066536848,3.457046535660009
jacquelinehe/tinycomma-1.8b-llama3-tokenizer,bookmia.01.04,attack_train,a_game_of_thrones,67,232,206.24840322008822,0.8890017380176216,1.5914786031778045,1.7901861550086853,3.0783343764192272
jacquelinehe/tinycomma-1.8b-llama3-tokenizer,bookmia.01.07,attack_train,a_game_of_thrones,58,268,235.8890701532364,0.880183097586703,6.696311950683594,7.607862465257087,4.067052933676489
jacquelinehe/tinycomma-1.8b-llama3-tokenizer,bookmia.01.10,attack_train,a_game_of_thrones,71,270,257.2159134635003,0.9526515313462975,16.785259246826172,17.61951636513412,3.622759344556343
jacquelinehe/tinycomma-1.8b-llama3-tokenizer,bookmia.01.11,attack_train,a_game_of_thrones,66,261,202.27352936993702,0.7749943654020576,3.924257278442383,5.063594593241366,3.0647504449990457
jacquelinehe/tinycomma-1.8b-llama3-tokenizer,bookmia.01.12,attack_train,a_game_of_thrones,90,293,279.5215779015707,0.9539985593910263,3.4898860454559326,3.6581669973208975,3.1057953100174522
jacquelinehe/tinycomma-1.8b-llama3-tokenizer,bookmia.01.14,attack_train,a_game_of_thrones,61,253,188.37770618498325,0.7445759137746374,2.7666056156158447,3.7156797103340358,3.088159117786611
jacquelinehe/tinycomma-1.8b-llama3-tokenizer,bookmia.01.20,attack_train,a_game_of_thrones,64,270,198.60848776623607,0.7355869917268002,2.4948795636494956,3.391685268648828,3.1032576213474385
jacquelinehe/tinycomma-1.8b-llama3-tokenizer,bookmia.01.22,attack_train,a_game_of_thrones,66,253,212.6163719406468,0.8403809167614498,3.810969034830729,4.534811487053923,3.2214601809188905
jacquelinehe/tinycomma-1.8b-llama3-tokenizer,bookmia.01.23,attack_train,a_game_of_thrones,62,273,224.8942967057228,0.8237886326216952,5.129109064737956,6.226244040797992,3.6273273662213357
jacquelinehe/tinycomma-1.8b-llama3-tokenizer,bookmia.01.26,attack_train,a_game_of_thrones,66,262,203.33217311580665,0.7760769966252162,7.158057689666748,9.223385979475852,3.080790501754646
jacquelinehe/tinycomma-1.8b-llama3-tokenizer,bookmia.01.27,attack_train,a_game_of_thrones,70,261,214.96181970322505,0.8236085046100576,0.8997546984551691,1.0924543559456847,3.070883138617501
jacquelinehe/tinycomma-1.8b-llama3-tokenizer,bookmia.01.31,attack_train,a_game_of_thrones,64,249,179.98520167032257,0.722832135222179,3.493796984354655,4.833483203234671,2.81226877609879
jacquelinehe/tinycomma-1.8b-llama3-tokenizer,bookmia.01.32,attack_train,a_game_of_thrones,64,250,190.96374232247035,0.7638549692898814,1.134207010269165,1.4848460190336679,2.9838084737885993
jacquelinehe/tinycomma-1.8b-llama3-tokenizer,bookmia.01.33,attack_train,a_game_of_thrones,66,284,192.821039929142,0.6789473236941619,1.2295385201772053,1.8109483273124476,2.921530908017303
jacquelinehe/tinycomma-1.8b-llama3-tokenizer,bookmia.01.36,attack_train,a_game_of_thrones,62,281,254.6786813128274,0.9063298267360406,3.6362454891204834,4.012055414986914,4.107720666335926
jacquelinehe/tinycomma-1.8b-llama3-tokenizer,bookmia.01.37,attack_train,a_game_of_thrones,67,259,202.86262775748037,0.7832533890250207,3.093059539794922,3.9489896668626034,3.027800414290752
jacquelinehe/tinycomma-1.8b-llama3-tokenizer,bookmia.01.39,attack_train,a_game_of_thrones,69,248,213.683151881718,0.8616256124262823,12.837745666503906,14.899447603877094,3.096857273648087
jacquelinehe/tinycomma-1.8b-llama3-tokenizer,bookmia.01.41,attack_train,a_game_of_thrones,65,253,199.9481467421574,0.7903088804037842,1.0570855871416056,1.3375600519654036,3.0761253344947295
jacquelinehe/tinycomma-1.8b-llama3-tokenizer,bookmia.01.42,attack_train,a_game_of_thrones,59,261,219.88457971811295,0.8424696540923867,1.6224370002746582,1.9258106121609204,3.7268572833578464
jacquelinehe/tinycomma-1.8b-llama3-tokenizer,bookmia.01.43,attack_train,a_game_of_thrones,76,281,224.95898335659876,0.8005657770697465,2.4309493700663247,3.0365392072643353,2.9599866231131418
jacquelinehe/tinycomma-1.8b-llama3-tokenizer,bookmia.01.44,attack_train,a_game_of_thrones,68,264,214.47605022229254,0.8124092811450475,16.272872924804688,20.030387764488538,3.1540595620925376
jacquelinehe/tinycomma-1.8b-llama3-tokenizer,bookmia.01.46,attack_train,a_game_of_thrones,68,284,254.21935921761906,0.8951385887944333,3.133144760131836,3.5001784074034106,3.738519988494398
jacquelinehe/tinycomma-1.8b-llama3-tokenizer,bookmia.01.49,attack_train,a_game_of_thrones,62,253,206.4961082842201,0.816190151321028,6.491447925567627,7.953352432715619,3.330582391680969
jacquelinehe/tinycomma-1.8b-llama3-tokenizer,bookmia.01.51,attack_train,a_game_of_thrones,64,245,189.09061880409718,0.7717984440983559,8.086424827575684,10.477379022216805,2.9545409188140184
jacquelinehe/tinycomma-1.8b-llama3-tokenizer,bookmia.01.52,attack_train,a_game_of_thrones,68,279,221.7780187956232,0.7949032931742768,13.165000915527344,16.56176421531193,3.261441452876812
jacquelinehe/tinycomma-1.8b-llama3-tokenizer,bookmia.01.58,attack_train,a_game_of_thrones,64,255,172.92250614776276,0.6781274750892657,3.920659065246582,5.781595952487375,2.701914158558793
jacquelinehe/tinycomma-1.8b-llama3-tokenizer,bookmia.01.59,attack_train,a_game_of_thrones,64,285,232.91765640676022,0.8172549347605622,14.604228973388672,17.869857191706515,3.6393383813556284
jacquelinehe/tinycomma-1.8b-llama3-tokenizer,bookmia.01.60,attack_train,a_game_of_thrones,63,268,198.8237488414161,0.7418796598560302,10.68408203125,14.401368051151803,3.155932521292319
jacquelinehe/tinycomma-1.8b-llama3-tokenizer,bookmia.01.62,attack_train,a_game_of_thrones,67,255,190.0495501831174,0.7452923536592839,12.565682411193848,16.860071553797727,2.8365604504942894
jacquelinehe/tinycomma-1.8b-llama3-tokenizer,bookmia.01.69,attack_train,a_game_of_thrones,63,265,228.97950220108032,0.8640735932116238,4.505880355834961,5.214695126936262,3.634595273033021
jacquelinehe/tinycomma-1.8b-llama3-tokenizer,bookmia.01.71,attack_train,a_game_of_thrones,65,244,194.59940664551686,0.7975385518258888,2.9758877754211426,3.731340345376571,2.993837025315644
jacquelinehe/tinycomma-1.8b-llama3-tokenizer,bookmia.01.73,attack_train,a_game_of_thrones,67,278,218.5491619950626,0.7861480647304411,2.3078981127057756,2.93570412018647,3.2619277909710838
jacquelinehe/tinycomma-1.8b-llama3-tokenizer,bookmia.01.74,attack_train,a_game_of_thrones,71,263,238.2736036449205,0.9059832838209906,3.9150936603546143,4.321375162511476,3.3559662485200072
jacquelinehe/tinycomma-1.8b-llama3-tokenizer,bookmia.01.75,attack_train,a_game_of_thrones,65,268,231.22310388553888,0.8627727756923093,3.061271905899048,3.548178607562821,3.5572785213159825
jacquelinehe/tinycomma-1.8b-llama3-tokenizer,bookmia.01.76,attack_train,a_game_of_thrones,69,264,202.29158019740134,0.7662559855962172,5.190652847290039,6.774045416756173,2.931762031846396
jacquelinehe/tinycomma-1.8b-llama3-tokenizer,bookmia.01.77,attack_train,a_game_of_thrones,60,268,203.86753632087493,0.7606997623913244,2.216092586517334,2.913228971639032,3.3977922720145823
jacquelinehe/tinycomma-1.8b-llama3-tokenizer,bookmia.01.78,attack_train,a_game_of_thrones,63,269,199.91162176709622,0.7431658801750789,4.264468510945638,5.738245827352827,3.1732003455094637
jacquelinehe/tinycomma-1.8b-llama3-tokenizer,bookmia.01.79,attack_train,a_game_of_thrones,67,298,221.45390920498176,0.7431339235066502,4.1678040822347,5.608415859375586,3.3052822269400264
jacquelinehe/tinycomma-1.8b-llama3-tokenizer,bookmia.01.81,attack_train,a_game_of_thrones,58,253,149.53950188774616,0.5910652248527516,1.5779763460159302,2.66971609843743,2.5782672739266577
jacquelinehe/tinycomma-1.8b-llama3-tokenizer,bookmia.01.82,attack_train,a_game_of_thrones,68,252,206.38919095610618,0.8190047260162944,3.920335292816162,4.786706557708149,3.0351351611192086
jacquelinehe/tinycomma-1.8b-llama3-tokenizer,bookmia.01.83,attack_train,a_game_of_thrones,70,269,234.0049765594449,0.8699069760574161,13.261544227600098,15.244784319012982,3.3429282365634987
jacquelinehe/tinycomma-1.8b-llama3-tokenizer,bookmia.01.87,attack_train,a_game_of_thrones,66,281,233.9861595428083,0.8326909592270758,3.4000535011291504,4.083211740746127,3.5452448415577016
jacquelinehe/tinycomma-1.8b-llama3-tokenizer,bookmia.01.88,attack_train,a_game_of_thrones,60,251,171.97532870038413,0.6851606721130842,4.19471804300944,6.122239955881636,2.8662554783397356
jacquelinehe/tinycomma-1.8b-llama3-tokenizer,bookmia.01.89,attack_train,a_game_of_thrones,64,272,200.10483331314754,0.735679534239513,4.4474436442057295,6.045354583369161,3.1266380205179303
jacquelinehe/tinycomma-1.8b-llama3-tokenizer,bookmia.01.90,attack_train,a_game_of_thrones,65,270,206.45215762709267,0.764637620841084,3.636387252807617,4.755700156117971,3.1761870404168104
jacquelinehe/tinycomma-1.8b-llama3-tokenizer,bookmia.01.97,attack_train,a_game_of_thrones,60,266,172.54411363601685,0.6486620813384092,4.2748762766520185,6.590297783140805,2.8757352272669476
jacquelinehe/tinycomma-1.8b-llama3-tokenizer,bookmia.07.02,attack_train,casino_royale,53,218,139.05235806340352,0.637854853501851,2.6284799575805664,4.1208120360770115,2.623629397422708
jacquelinehe/tinycomma-1.8b-llama3-tokenizer,bookmia.07.03,attack_train,casino_royale,61,258,230.5161106651649,0.8934732971518019,4.268332481384277,4.777235643181269,3.778952633855162
jacquelinehe/tinycomma-1.8b-llama3-tokenizer,bookmia.07.04,attack_train,casino_royale,63,292,232.33051033876836,0.7956524326670149,3.9436124165852866,4.956451152127264,3.6877858783931488
jacquelinehe/tinycomma-1.8b-llama3-tokenizer,bookmia.07.05,attack_train,casino_royale,57,266,245.4406222049147,0.9227091060335139,3.175980885823568,3.4420174950654627,4.305975828156398
jacquelinehe/tinycomma-1.8b-llama3-tokenizer,bookmia.07.06,attack_train,casino_royale,60,230,157.37484786126151,0.6842384689620066,1.4721112251281738,2.1514593111980016,2.6229141310210253
jacquelinehe/tinycomma-1.8b-llama3-tokenizer,bookmia.07.07,attack_train,casino_royale,62,270,205.13935223571025,0.7597753786507787,4.915731906890869,6.469980529798563,3.3086992296082296
jacquelinehe/tinycomma-1.8b-llama3-tokenizer,bookmia.07.08,attack_train,casino_royale,69,250,164.55306772064068,0.6582122708825627,1.2475677728652954,1.8953882023385806,2.3848270684150825
jacquelinehe/tinycomma-1.8b-llama3-tokenizer,bookmia.07.09,attack_train,casino_royale,64,251,224.33246194601816,0.8937548284701918,4.549961090087891,5.090838052171305,3.5051947179065337
jacquelinehe/tinycomma-1.8b-llama3-tokenizer,bookmia.07.15,attack_train,casino_royale,69,268,203.0836557621369,0.7577748349333467,1.753774881362915,2.3143746671360175,2.9432413878570567
jacquelinehe/tinycomma-1.8b-llama3-tokenizer,bookmia.07.16,attack_train,casino_royale,61,256,210.0601986006368,0.8205476507837375,13.711243629455566,16.70986884961454,3.4436098131251933
jacquelinehe/tinycomma-1.8b-llama3-tokenizer,bookmia.07.17,attack_train,casino_royale,58,260,208.79495798051357,0.803057530694283,8.133378982543945,10.128015330996568,3.599913068629544
jacquelinehe/tinycomma-1.8b-llama3-tokenizer,bookmia.07.20,attack_train,casino_royale,58,277,234.28674363484606,0.8458005185373504,6.932248592376709,8.196079856234544,4.039426614393897
jacquelinehe/tinycomma-1.8b-llama3-tokenizer,bookmia.07.24,attack_train,casino_royale,56,227,148.01534582709428,0.6520499816171554,4.345108350118001,6.663765773509656,2.6431311754838265
jacquelinehe/tinycomma-1.8b-llama3-tokenizer,bookmia.07.25,attack_train,casino_royale,60,262,216.8253698758781,0.8275777476178553,1.428964912891388,1.7266835859284497,3.613756164597968
jacquelinehe/tinycomma-1.8b-llama3-tokenizer,bookmia.07.26,attack_train,casino_royale,60,246,197.08467581588775,0.8011572187637713,6.775129318237305,8.456678863471634,3.2847445969314624
jacquelinehe/tinycomma-1.8b-llama3-tokenizer,bookmia.07.28,attack_train,casino_royale,68,271,214.3352502695634,0.7909049825445144,0.9992888407273726,1.2634752122972368,3.151988974552403
jacquelinehe/tinycomma-1.8b-llama3-tokenizer,bookmia.07.29,attack_train,casino_royale,62,288,217.44358287286013,0.7550124405307643,3.327390670776367,4.407067343734433,3.507154562465486
jacquelinehe/tinycomma-1.8b-llama3-tokenizer,bookmia.07.30,attack_train,casino_royale,57,257,215.8031353354454,0.8397009157021222,1.1026088164912329,1.3130970752476532,3.786019918165709
jacquelinehe/tinycomma-1.8b-llama3-tokenizer,bookmia.07.31,attack_train,casino_royale,72,242,190.0565819949843,0.785357776838778,2.686387538909912,3.42059073983218,2.6396747499303377
jacquelinehe/tinycomma-1.8b-llama3-tokenizer,bookmia.07.32,attack_train,casino_royale,68,300,218.90379969682544,0.7296793323227515,4.209754308064778,5.7693210175819,3.2191735249533155
jacquelinehe/tinycomma-1.8b-llama3-tokenizer,bookmia.07.37,attack_train,casino_royale,58,274,205.47074623947265,0.74989323445063,0.9486445188522339,1.2650394419776416,3.542599073094356
jacquelinehe/tinycomma-1.8b-llama3-tokenizer,bookmia.07.40,attack_train,casino_royale,62,256,148.27451615873724,0.5791973287450674,5.700045903523763,9.841284862058863,2.3915244541731813
jacquelinehe/tinycomma-1.8b-llama3-tokenizer,bookmia.07.41,attack_train,casino_royale,63,283,235.3454869382549,0.8316094944814661,7.421267986297607,8.923981791387549,3.73564264981357
jacquelinehe/tinycomma-1.8b-llama3-tokenizer,bookmia.07.43,attack_train,casino_royale,67,238,246.86437267716974,1.0372452633494527,14.501384735107422,13.980670963278083,3.6845428757786527
jacquelinehe/tinycomma-1.8b-llama3-tokenizer,bookmia.07.44,attack_train,casino_royale,57,250,205.82716368860565,0.8233086547544226,7.274665832519531,8.835891364083166,3.611002871729924
jacquelinehe/tinycomma-1.8b-llama3-tokenizer,bookmia.07.47,attack_train,casino_royale,60,279,159.93818190158345,0.5732551322637399,1.8738912642002106,3.268860859213523,2.665636365026391
jacquelinehe/tinycomma-1.8b-llama3-tokenizer,bookmia.07.49,attack_train,casino_royale,61,266,146.98438690140028,0.552572883087971,3.0759470462799072,5.566590653327823,2.4095801131377095
jacquelinehe/tinycomma-1.8b-llama3-tokenizer,bookmia.07.53,attack_train,casino_royale,64,280,203.43895683219307,0.7265677029721181,4.479053179423015,6.1646742087500925,3.1787337005030167
jacquelinehe/tinycomma-1.8b-llama3-tokenizer,bookmia.07.54,attack_train,casino_royale,60,258,198.32312182203168,0.7686942706280298,6.416361331939697,8.347091395253246,3.305385363700528
jacquelinehe/tinycomma-1.8b-llama3-tokenizer,bookmia.07.55,attack_train,casino_royale,60,257,201.0544377192855,0.7823129872345739,4.4974589347839355,5.748925312721911,3.350907295321425
jacquelinehe/tinycomma-1.8b-llama3-tokenizer,bookmia.07.56,attack_train,casino_royale,59,251,186.08830327633768,0.7413876624555287,2.620660591125488,3.5348046964332718,3.1540390385819945
jacquelinehe/tinycomma-1.8b-llama3-tokenizer,bookmia.07.57,attack_train,casino_royale,58,257,192.65871336637065,0.7496447990909364,2.994546413421631,3.994620408296029,3.3217019545925974
jacquelinehe/tinycomma-1.8b-llama3-tokenizer,bookmia.07.59,attack_train,casino_royale,57,259,173.11549177393317,0.6683995821387381,4.228914896647136,6.326926302250964,3.0371138907707573
jacquelinehe/tinycomma-1.8b-llama3-tokenizer,bookmia.07.61,attack_train,casino_royale,59,271,249.7658914923668,0.9216453560603941,4.266420364379883,4.629134554116183,4.233320194785878
jacquelinehe/tinycomma-1.8b-llama3-tokenizer,bookmia.07.62,attack_train,casino_royale,64,257,207.99613950401545,0.8093235000156243,5.468629360198975,6.757037649460816,3.2499396797502413
jacquelinehe/tinycomma-1.8b-llama3-tokenizer,bookmia.07.63,attack_train,casino_royale,62,266,192.37966128403787,0.7232318093384882,2.8446341923304965,3.9332260495184412,3.102897762645772
jacquelinehe/tinycomma-1.8b-llama3-tokenizer,bookmia.07.66,attack_train,casino_royale,62,262,166.4818439345836,0.6354268852465023,15.581480979919434,24.52128064092674,2.685191031202961
jacquelinehe/tinycomma-1.8b-llama3-tokenizer,bookmia.07.70,attack_train,casino_royale,60,266,212.82139357901178,0.8000804269887661,3.0202035903930664,3.774874985706247,3.547023226316863
jacquelinehe/tinycomma-1.8b-llama3-tokenizer,bookmia.07.72,attack_train,casino_royale,62,267,169.8442771260161,0.6361208881124198,3.0480215549468994,4.7915759597069405,2.739423824613163
jacquelinehe/tinycomma-1.8b-llama3-tokenizer,bookmia.07.73,attack_train,casino_royale,58,263,190.85973598901182,0.7257024182091705,12.522592544555664,17.25582308993527,3.2906851032588245
jacquelinehe/tinycomma-1.8b-llama3-tokenizer,bookmia.07.77,attack_train,casino_royale,56,261,175.4887178838253,0.6723705666046946,3.0285885334014893,4.504344306287995,3.133727105068309
jacquelinehe/tinycomma-1.8b-llama3-tokenizer,bookmia.07.80,attack_train,casino_royale,69,288,219.85743290092796,0.7633938642393332,11.786798477172852,15.439996349613766,3.1863396072598253
jacquelinehe/tinycomma-1.8b-llama3-tokenizer,bookmia.07.82,attack_train,casino_royale,66,272,131.9600153847132,0.48514711538497496,0.9772158265113831,2.014267003805517,1.9993941724956543
jacquelinehe/tinycomma-1.8b-llama3-tokenizer,bookmia.07.83,attack_train,casino_royale,57,255,206.16651022434235,0.8084961185268328,11.223946571350098,13.882499017807705,3.6169563197253045
jacquelinehe/tinycomma-1.8b-llama3-tokenizer,bookmia.07.84,attack_train,casino_royale,63,251,137.81574989669025,0.5490667326561365,3.127636432647705,5.6962774224503,2.18755158566175
jacquelinehe/tinycomma-1.8b-llama3-tokenizer,bookmia.07.86,attack_train,casino_royale,61,260,174.05617340886965,0.6694468208033448,13.59022045135498,20.300672180422847,2.853379891948683
jacquelinehe/tinycomma-1.8b-llama3-tokenizer,bookmia.07.90,attack_train,casino_royale,56,271,184.89776318520308,0.6822795689490888,6.877767562866211,10.08057089187061,3.3017457711643408
jacquelinehe/tinycomma-1.8b-llama3-tokenizer,bookmia.07.95,attack_train,casino_royale,55,269,187.1443376392126,0.6957038573948424,2.559124529361725,3.6784682191424296,3.4026243207129565
jacquelinehe/tinycomma-1.8b-llama3-tokenizer,bookmia.07.98,attack_train,casino_royale,56,247,174.79193824902177,0.7076596690243796,1.0838165163993836,1.53155049501916,3.1212846115896746
jacquelinehe/tinycomma-1.8b-llama3-tokenizer,bookmia.07.99,attack_train,casino_royale,53,270,146.46179049718194,0.5424510759154887,1.3664531707763672,2.519034861291812,2.7634300093807913
jacquelinehe/tinycomma-1.8b-llama3-tokenizer,bookmia.10.01,attack_train,dune,62,262,201.05927658104338,0.767401819011616,1.5602668523788452,2.0331810711478493,3.2428915577587643
jacquelinehe/tinycomma-1.8b-llama3-tokenizer,bookmia.10.02,attack_train,dune,60,297,212.92792832228588,0.7169290515901882,0.8940171568558134,1.2470092471114598,3.5487988053714314
jacquelinehe/tinycomma-1.8b-llama3-tokenizer,bookmia.10.03,attack_train,dune,63,251,173.1603784864419,0.6898819860017606,2.013975143432617,2.919303858192751,2.7485774362927287
jacquelinehe/tinycomma-1.8b-llama3-tokenizer,bookmia.10.07,attack_train,dune,74,269,196.37077685480472,0.730002887936077,3.027132987976074,4.146741112949058,2.6536591466865502
jacquelinehe/tinycomma-1.8b-llama3-tokenizer,bookmia.10.11,attack_train,dune,59,276,265.3969757007435,0.9615832452925489,4.138152122497559,4.303477772471567,4.49825382543633
jacquelinehe/tinycomma-1.8b-llama3-tokenizer,bookmia.10.12,attack_train,dune,64,267,264.8916639853269,0.992103610431936,2.730522394180298,2.7522552740146766,4.138932249770733
jacquelinehe/tinycomma-1.8b-llama3-tokenizer,bookmia.10.13,attack_train,dune,63,267,213.39495216310024,0.7992320305734092,3.250856876373291,4.067475716708905,3.387221462906353
jacquelinehe/tinycomma-1.8b-llama3-tokenizer,bookmia.10.14,attack_train,dune,66,271,241.43043749313802,0.8908872232219115,7.347845554351807,8.247784189538802,3.6580369317142125
jacquelinehe/tinycomma-1.8b-llama3-tokenizer,bookmia.10.16,attack_train,dune,58,263,204.0612683147192,0.7758983586110996,6.333754062652588,8.16312341991592,3.5182977295641242
jacquelinehe/tinycomma-1.8b-llama3-tokenizer,bookmia.10.19,attack_train,dune,62,253,227.69407702365424,0.8999765890263014,3.0161871910095215,3.3514062785486245,3.672485113284746
jacquelinehe/tinycomma-1.8b-llama3-tokenizer,bookmia.10.21,attack_train,dune,64,264,231.52270551922265,0.8769799451485707,11.70035171508789,13.341641139930188,3.617542273737854
jacquelinehe/tinycomma-1.8b-llama3-tokenizer,bookmia.10.25,attack_train,dune,71,274,219.7507912197616,0.8020101869334365,2.181363582611084,2.719870168921094,3.0950815664755154
jacquelinehe/tinycomma-1.8b-llama3-tokenizer,bookmia.10.32,attack_train,dune,73,261,229.3035199418664,0.8785575476699862,6.3540849685668945,7.23240610181826,3.1411441087926906
jacquelinehe/tinycomma-1.8b-llama3-tokenizer,bookmia.10.35,attack_train,dune,55,271,215.72847462259233,0.7960460318176839,4.963725725809733,6.2354757481494,3.9223359022289515
jacquelinehe/tinycomma-1.8b-llama3-tokenizer,bookmia.10.36,attack_train,dune,59,224,207.52361829951406,0.926444724551402,5.475099563598633,5.909796254978683,3.517349462703628
jacquelinehe/tinycomma-1.8b-llama3-tokenizer,bookmia.10.37,attack_train,dune,68,303,227.6926760552451,0.7514609770800168,4.232895215352376,5.632887594243833,3.348421706694781
jacquelinehe/tinycomma-1.8b-llama3-tokenizer,bookmia.10.38,attack_train,dune,61,289,218.61710286024027,0.7564605635302432,7.610610485076904,10.060815926159822,3.583886932135086
jacquelinehe/tinycomma-1.8b-llama3-tokenizer,bookmia.10.40,attack_train,dune,67,280,206.2494874667609,0.736605312381289,1.8138302564620972,2.462418103663097,3.078350559205387
jacquelinehe/tinycomma-1.8b-llama3-tokenizer,bookmia.10.41,attack_train,dune,65,245,233.44403129839338,0.952832780809769,8.039178848266602,8.437135046334648,3.5914466353598984
jacquelinehe/tinycomma-1.8b-llama3-tokenizer,bookmia.10.42,attack_train,dune,62,275,200.11145528871566,0.7276780192316933,3.0639255046844482,4.21055112798301,3.22760411755993
jacquelinehe/tinycomma-1.8b-llama3-tokenizer,bookmia.10.44,attack_train,dune,73,272,217.9560195458398,0.801308895389117,7.203545570373535,8.989723703086412,2.9856988978882164
jacquelinehe/tinycomma-1.8b-llama3-tokenizer,bookmia.10.48,attack_train,dune,74,257,242.00097260810435,0.9416380257124682,6.8870062828063965,7.313857442827359,3.270283413623032
jacquelinehe/tinycomma-1.8b-llama3-tokenizer,bookmia.10.49,attack_train,dune,67,286,239.85435351729393,0.8386515857248039,2.3530685901641846,2.805776117540572,3.5799157241387154
jacquelinehe/tinycomma-1.8b-llama3-tokenizer,bookmia.10.52,attack_train,dune,72,275,231.60687653790228,0.8422068237741901,2.896710157394409,3.4394285057123524,3.2167621741375316
jacquelinehe/tinycomma-1.8b-llama3-tokenizer,bookmia.10.54,attack_train,dune,66,264,163.4690459605772,0.619200931668853,1.1379696130752563,1.837803457446733,2.476803726675412
jacquelinehe/tinycomma-1.8b-llama3-tokenizer,bookmia.10.57,attack_train,dune,63,261,185.51446038857102,0.7107833731362875,6.998603343963623,9.846323941263174,2.9446739744217623
jacquelinehe/tinycomma-1.8b-llama3-tokenizer,bookmia.10.58,attack_train,dune,60,276,186.83429965283722,0.6769358683073812,3.0041608810424805,4.437881078091078,3.1139049942139536
jacquelinehe/tinycomma-1.8b-llama3-tokenizer,bookmia.10.59,attack_train,dune,64,253,175.30084988777526,0.6928887347342896,1.3020439624786377,1.8791530258865419,2.7390757794964884
jacquelinehe/tinycomma-1.8b-llama3-tokenizer,bookmia.10.61,attack_train,dune,64,276,227.10890508443117,0.8228583517551854,11.668414115905762,14.18034354396067,3.548576641944237
jacquelinehe/tinycomma-1.8b-llama3-tokenizer,bookmia.10.62,attack_train,dune,65,260,208.64202273637056,0.8024693182168099,14.54334545135498,18.12324175044121,3.2098772728672396
jacquelinehe/tinycomma-1.8b-llama3-tokenizer,bookmia.10.63,attack_train,dune,61,270,205.70194223197177,0.7618590453035992,2.152169840676444,2.824892418017835,3.3721629874093733
jacquelinehe/tinycomma-1.8b-llama3-tokenizer,bookmia.10.65,attack_train,dune,66,261,198.5491305992473,0.7607246383112923,15.634803771972656,20.55251399071265,3.008320160594656
jacquelinehe/tinycomma-1.8b-llama3-tokenizer,bookmia.10.68,attack_train,dune,71,294,297.614604187198,1.0122945720652992,7.472571849822998,7.381815586126616,4.191754988552084
jacquelinehe/tinycomma-1.8b-llama3-tokenizer,bookmia.10.70,attack_train,dune,75,285,205.626867784129,0.7214977816986982,3.438591718673706,4.765907541084697,2.7416915704550533
jacquelinehe/tinycomma-1.8b-llama3-tokenizer,bookmia.10.71,attack_train,dune,65,259,209.52531710476615,0.8089780583195604,2.823712110519409,3.4904681053833895,3.223466416996402
jacquelinehe/tinycomma-1.8b-llama3-tokenizer,bookmia.10.72,attack_train,dune,60,275,192.9025393316697,0.7014637793878897,1.7219001054763794,2.4547241868695506,3.2150423221944946
jacquelinehe/tinycomma-1.8b-llama3-tokenizer,bookmia.10.74,attack_train,dune,69,279,146.49520771297102,0.5250724290787492,0.962859557225154,1.833765217713891,2.123118952361899
jacquelinehe/tinycomma-1.8b-llama3-tokenizer,bookmia.10.76,attack_train,dune,67,288,247.64240153844003,0.8598694497862501,4.864566167195638,5.657331084858162,3.6961552468423884
jacquelinehe/tinycomma-1.8b-llama3-tokenizer,bookmia.10.77,attack_train,dune,69,295,273.7502070963383,0.927966803716401,1.551452398300171,1.6718835114432773,3.967394305744033
jacquelinehe/tinycomma-1.8b-llama3-tokenizer,bookmia.10.78,attack_train,dune,67,264,246.81358009204268,0.9348999245910707,15.151037216186523,16.206052452954953,3.6837847774931745
jacquelinehe/tinycomma-1.8b-llama3-tokenizer,bookmia.10.79,attack_train,dune,63,272,188.77582356566563,0.6940287631090648,3.026022434234619,4.360082168178219,2.9964416438994546
jacquelinehe/tinycomma-1.8b-llama3-tokenizer,bookmia.10.80,attack_train,dune,74,297,316.4813569423277,1.0655937944186118,5.303847630818685,4.977363474336358,4.276775093815239
jacquelinehe/tinycomma-1.8b-llama3-tokenizer,bookmia.10.82,attack_train,dune,66,269,247.61353384703398,0.9204964083532862,3.7387245178222654,4.06163944138644,3.751720209803545
jacquelinehe/tinycomma-1.8b-llama3-tokenizer,bookmia.10.85,attack_train,dune,76,283,270.0517291845754,0.9542463928783582,4.81324831644694,5.044030925732308,3.553312226112834
jacquelinehe/tinycomma-1.8b-llama3-tokenizer,bookmia.10.90,attack_train,dune,60,259,219.74731015902944,0.8484452129692256,4.12854528427124,4.866012821055293,3.662455169317157
jacquelinehe/tinycomma-1.8b-llama3-tokenizer,bookmia.10.91,attack_train,dune,62,278,278.0432855905965,1.0001557035632969,12.856931686401367,12.854930127974509,4.484569122428976
jacquelinehe/tinycomma-1.8b-llama3-tokenizer,bookmia.10.92,attack_train,dune,75,281,272.0402617994696,0.968114810674269,3.458333969116211,3.5722353702114766,3.6272034906595945
jacquelinehe/tinycomma-1.8b-llama3-tokenizer,bookmia.10.94,attack_train,dune,68,279,308.96474872448016,1.1074005330626528,6.793854236602783,6.134956624784658,4.543599245948237
jacquelinehe/tinycomma-1.8b-llama3-tokenizer,bookmia.10.98,attack_train,dune,71,281,250.1234961184673,0.8901192032685669,2.608306312561035,2.93028877815824,3.522866142513624
jacquelinehe/tinycomma-1.8b-llama3-tokenizer,bookmia.10.99,attack_train,dune,62,243,222.3660357699555,0.9150865669545494,5.435627460479736,5.9400144825311525,3.58654896403154
jacquelinehe/tinycomma-1.8b-llama3-tokenizer,bookmia.12.01,attack_train,fahrenheit_451,55,262,176.15475268661976,0.6723463843000754,3.0043758392333983,4.468494081902452,3.2028136852112685
jacquelinehe/tinycomma-1.8b-llama3-tokenizer,bookmia.12.04,attack_train,fahrenheit_451,59,241,183.81616399766062,0.7627226721894632,3.9402217864990234,5.1659953613130005,3.11552820335018
jacquelinehe/tinycomma-1.8b-llama3-tokenizer,bookmia.12.06,attack_train,fahrenheit_451,58,271,181.40824852883816,0.6694031311027239,1.7224836349487305,2.573163397236045,3.1277284229110025
jacquelinehe/tinycomma-1.8b-llama3-tokenizer,bookmia.12.08,attack_train,fahrenheit_451,58,245,218.4414041619748,0.8915975680080603,7.589573383331299,8.512330737159084,3.766231106240945
jacquelinehe/tinycomma-1.8b-llama3-tokenizer,bookmia.12.09,attack_train,fahrenheit_451,70,280,275.4155127541162,0.9836268312647007,4.777366002400716,4.856888659958782,3.934507325058803
jacquelinehe/tinycomma-1.8b-llama3-tokenizer,bookmia.12.12,attack_train,fahrenheit_451,65,244,215.59194265212864,0.8835735354595436,1.4495220184326172,1.6405222205741208,3.316799117725056
jacquelinehe/tinycomma-1.8b-llama3-tokenizer,bookmia.12.18,attack_train,fahrenheit_451,63,297,266.3254511989653,0.8967186909056071,3.277759313583374,3.655281580305999,4.22738811426929
jacquelinehe/tinycomma-1.8b-llama3-tokenizer,bookmia.12.19,attack_train,fahrenheit_451,57,252,194.63865594309755,0.7723756188218157,1.0814681127667427,1.4001841674086213,3.414713262159606
jacquelinehe/tinycomma-1.8b-llama3-tokenizer,bookmia.12.23,attack_train,fahrenheit_451,60,277,276.06806726485956,0.9966356218947998,4.018227577209473,4.031792050107574,4.601134454414326
jacquelinehe/tinycomma-1.8b-llama3-tokenizer,bookmia.12.26,attack_train,fahrenheit_451,63,265,247.92849977500737,0.9355792444339901,12.791963577270508,13.67277400965584,3.9353730123017043
jacquelinehe/tinycomma-1.8b-llama3-tokenizer,bookmia.12.27,attack_train,fahrenheit_451,69,275,274.57486247085035,0.9984540453485468,3.6076629161834717,3.6132488350268392,3.9793458329108744
jacquelinehe/tinycomma-1.8b-llama3-tokenizer,bookmia.12.29,attack_train,fahrenheit_451,68,285,243.22044786415063,0.8534050802250899,6.949989318847656,8.143834012582351,3.576771292119862
jacquelinehe/tinycomma-1.8b-llama3-tokenizer,bookmia.12.30,attack_train,fahrenheit_451,71,253,145.96228409803007,0.5769260241028856,0.626869797706604,1.0865687653480018,2.0558068182821136
jacquelinehe/tinycomma-1.8b-llama3-tokenizer,bookmia.12.32,attack_train,fahrenheit_451,62,269,209.2166145911906,0.7777569315657643,8.130576133728027,10.453878073911495,3.374461525664364
jacquelinehe/tinycomma-1.8b-llama3-tokenizer,bookmia.12.33,attack_train,fahrenheit_451,72,294,294.1343178530806,1.0004568634458524,1.027445625973122,1.0269764379788577,4.085198859070563
jacquelinehe/tinycomma-1.8b-llama3-tokenizer,bookmia.12.35,attack_train,fahrenheit_451,61,268,261.93774118460715,0.9773796312858476,4.121167182922363,4.2165470314748905,4.294061330895199
jacquelinehe/tinycomma-1.8b-llama3-tokenizer,bookmia.12.36,attack_train,fahrenheit_451,58,261,229.03953161742538,0.8775460981510551,4.814963340759277,5.4868494668304715,3.948957441679748
jacquelinehe/tinycomma-1.8b-llama3-tokenizer,bookmia.12.38,attack_train,fahrenheit_451,69,296,284.6186971095158,0.9615496523970127,7.8323845863342285,8.145585167452515,4.124908653761098
jacquelinehe/tinycomma-1.8b-llama3-tokenizer,bookmia.12.39,attack_train,fahrenheit_451,62,250,191.8332098359242,0.7673328393436968,4.089339892069499,5.3292908662258345,3.0940840296116807
jacquelinehe/tinycomma-1.8b-llama3-tokenizer,bookmia.12.41,attack_train,fahrenheit_451,69,273,271.9704281166196,0.996228674419852,4.571767807006836,4.589074701819016,3.9416004074872406
jacquelinehe/tinycomma-1.8b-llama3-tokenizer,bookmia.12.45,attack_train,fahrenheit_451,72,265,213.44779053668026,0.8054633605157746,5.607419967651367,6.961731895614324,2.9645526463427814
jacquelinehe/tinycomma-1.8b-llama3-tokenizer,bookmia.12.47,attack_train,fahrenheit_451,65,257,162.36954377451912,0.6317881080720588,5.007936954498291,7.92660844753841,2.497992981146448
jacquelinehe/tinycomma-1.8b-llama3-tokenizer,bookmia.12.49,attack_train,fahrenheit_451,68,267,204.92705820588162,0.7675170719321409,6.395753860473633,8.333044429061385,3.013633208910024
jacquelinehe/tinycomma-1.8b-llama3-tokenizer,bookmia.12.50,attack_train,fahrenheit_451,66,241,157.06989406072535,0.6517422990071591,2.342411313738142,3.5940759366186414,2.37984687970796
jacquelinehe/tinycomma-1.8b-llama3-tokenizer,bookmia.12.52,attack_train,fahrenheit_451,68,249,177.68859608541243,0.7136088196201302,1.919605385173451,2.6899967214464913,2.6130675894913593
jacquelinehe/tinycomma-1.8b-llama3-tokenizer,bookmia.12.53,attack_train,fahrenheit_451,61,257,205.4695948585868,0.7994925869983922,1.662204106648763,2.0790738196702074,3.368354014075193
jacquelinehe/tinycomma-1.8b-llama3-tokenizer,bookmia.12.54,attack_train,fahrenheit_451,63,261,243.3593016155064,0.9324111173007908,5.693364143371582,6.106066345340381,3.8628460573889907
jacquelinehe/tinycomma-1.8b-llama3-tokenizer,bookmia.12.56,attack_train,fahrenheit_451,61,249,230.11124511109665,0.9241415466309102,2.569100856781006,2.7799863193544643,3.7723154936245353
jacquelinehe/tinycomma-1.8b-llama3-tokenizer,bookmia.12.57,attack_train,fahrenheit_451,60,278,213.83412367105484,0.7691874952196217,3.8850879669189453,5.0508985014241015,3.563902061184247
jacquelinehe/tinycomma-1.8b-llama3-tokenizer,bookmia.12.59,attack_train,fahrenheit_451,69,268,257.68246779666515,0.9615017455099446,4.831079165140788,5.024514191160999,3.7345285187922483
jacquelinehe/tinycomma-1.8b-llama3-tokenizer,bookmia.12.60,attack_train,fahrenheit_451,59,263,211.10499851033092,0.802680602700878,2.349452154976981,2.927007513413792,3.5780508222089984
jacquelinehe/tinycomma-1.8b-llama3-tokenizer,bookmia.12.61,attack_train,fahrenheit_451,63,247,220.73795546940528,0.8936759330745153,5.555378595987956,6.216323378963305,3.5037770709429408
jacquelinehe/tinycomma-1.8b-llama3-tokenizer,bookmia.12.62,attack_train,fahrenheit_451,62,292,216.9217144859722,0.7428825838560691,6.0996479988098145,8.210783414989306,3.498737330418906
jacquelinehe/tinycomma-1.8b-llama3-tokenizer,bookmia.12.66,attack_train,fahrenheit_451,68,260,153.67604166337696,0.591061698705296,1.397714614868164,2.364752474961275,2.2599417891673084
jacquelinehe/tinycomma-1.8b-llama3-tokenizer,bookmia.12.68,attack_train,fahrenheit_451,73,282,187.2013291901676,0.6638345006743532,2.1416991097586497,3.226254597468216,2.5644017697283235
jacquelinehe/tinycomma-1.8b-llama3-tokenizer,bookmia.12.72,attack_train,fahrenheit_451,54,230,170.23134219273925,0.7401362704032142,3.8323837916056314,5.177943501563315,3.1524322628285044
jacquelinehe/tinycomma-1.8b-llama3-tokenizer,bookmia.12.73,attack_train,fahrenheit_451,65,264,205.49198507837718,0.7783787313574894,3.7558326721191406,4.825199508687736,3.1614151550519565
jacquelinehe/tinycomma-1.8b-llama3-tokenizer,bookmia.12.74,attack_train,fahrenheit_451,85,299,207.45989165233914,0.6938457914793951,1.125515341758728,1.6221404749878807,2.440704607674578
jacquelinehe/tinycomma-1.8b-llama3-tokenizer,bookmia.12.75,attack_train,fahrenheit_451,60,236,170.4046402052045,0.7220535601915444,3.3648242950439453,4.6600757624563665,2.8400773367534082
jacquelinehe/tinycomma-1.8b-llama3-tokenizer,bookmia.12.76,attack_train,fahrenheit_451,62,271,240.2741085399757,0.8866203267157775,3.3036489486694336,3.726114605229978,3.875388847418963
jacquelinehe/tinycomma-1.8b-llama3-tokenizer,bookmia.12.77,attack_train,fahrenheit_451,68,280,260.60063735349104,0.9307165619767537,11.577590942382812,12.439437972171794,3.832362314021927
jacquelinehe/tinycomma-1.8b-llama3-tokenizer,bookmia.12.80,attack_train,fahrenheit_451,81,290,303.8651163028553,1.0478107458719148,6.5175981521606445,6.220205488288971,3.7514211889241396
jacquelinehe/tinycomma-1.8b-llama3-tokenizer,bookmia.12.86,attack_train,fahrenheit_451,69,262,187.26233139853866,0.7147417228951858,7.938406467437744,11.10667841703972,2.713946831862879
jacquelinehe/tinycomma-1.8b-llama3-tokenizer,bookmia.12.88,attack_train,fahrenheit_451,61,242,232.73925520211924,0.9617324595128894,2.7961676120758057,2.90742772006681,3.8153976262642497
jacquelinehe/tinycomma-1.8b-llama3-tokenizer,bookmia.12.89,attack_train,fahrenheit_451,72,237,202.0351470632595,0.852468974950462,5.012617111206055,5.8801167649501185,2.8060437092119375
jacquelinehe/tinycomma-1.8b-llama3-tokenizer,bookmia.12.92,attack_train,fahrenheit_451,69,294,316.80150342267007,1.0775561340907145,2.7086435317993165,2.5136913485114905,4.591326136560435
jacquelinehe/tinycomma-1.8b-llama3-tokenizer,bookmia.12.93,attack_train,fahrenheit_451,61,242,218.7041341762524,0.9037360916374066,4.66986878712972,5.167292565099133,3.585313675020531
jacquelinehe/tinycomma-1.8b-llama3-tokenizer,bookmia.12.94,attack_train,fahrenheit_451,56,252,203.58265308197588,0.8078676709602217,3.9469993114471436,4.885700286478587,3.6354045193209976
jacquelinehe/tinycomma-1.8b-llama3-tokenizer,bookmia.12.96,attack_train,fahrenheit_451,73,275,251.76025290065445,0.9154918287296525,12.154776573181152,13.276772322531013,3.448770587680198
jacquelinehe/tinycomma-1.8b-llama3-tokenizer,bookmia.12.98,attack_train,fahrenheit_451,61,262,213.1385164426465,0.8135057879490325,3.329479455947876,4.092754477312304,3.4940740400433854
jacquelinehe/tinycomma-1.8b-llama3-tokenizer,bookmia.18.03,attack_train,hitchhiker's_guide_to_the_galaxy,74,270,214.81705606062314,0.7956187261504561,13.736154556274414,17.264745165986486,2.902933190008421
jacquelinehe/tinycomma-1.8b-llama3-tokenizer,bookmia.18.08,attack_train,hitchhiker's_guide_to_the_galaxy,61,267,184.82730700590764,0.6922371048910398,4.99398946762085,7.214275906817965,3.029955852555863
jacquelinehe/tinycomma-1.8b-llama3-tokenizer,bookmia.18.10,attack_train,hitchhiker's_guide_to_the_galaxy,86,337,251.2395784156397,0.7455180368416608,5.535348256429036,7.42483478988541,2.921390446693485
jacquelinehe/tinycomma-1.8b-llama3-tokenizer,bookmia.18.12,attack_train,hitchhiker's_guide_to_the_galaxy,60,278,193.0221973671578,0.6943244509609993,5.42246691385905,7.80970179914294,3.217036622785963
jacquelinehe/tinycomma-1.8b-llama3-tokenizer,bookmia.18.15,attack_train,hitchhiker's_guide_to_the_galaxy,61,267,187.27371549780946,0.701399683512395,3.1035516262054443,4.424797585684395,3.070060909800155
jacquelinehe/tinycomma-1.8b-llama3-tokenizer,bookmia.18.16,attack_train,hitchhiker's_guide_to_the_galaxy,59,268,186.1107260249555,0.6944430075558041,2.6386152267456056,3.799613788369194,3.1544190851687373
jacquelinehe/tinycomma-1.8b-llama3-tokenizer,bookmia.18.18,attack_train,hitchhiker's_guide_to_the_galaxy,63,273,213.82068823010195,0.7832259642128276,1.137216878158075,1.4519652439012563,3.3939791782555866
jacquelinehe/tinycomma-1.8b-llama3-tokenizer,bookmia.18.23,attack_train,hitchhiker's_guide_to_the_galaxy,69,299,264.1118428823538,0.8833172002754308,3.710310618082682,4.200428359060318,3.8277078678602003
jacquelinehe/tinycomma-1.8b-llama3-tokenizer,bookmia.18.24,attack_train,hitchhiker's_guide_to_the_galaxy,64,296,226.15665283758426,0.7640427460729198,4.351758639017741,5.69570048454123,3.533697700587254
jacquelinehe/tinycomma-1.8b-llama3-tokenizer,bookmia.18.25,attack_train,hitchhiker's_guide_to_the_galaxy,65,252,213.62281040077505,0.8477095650824407,1.547724962234497,1.8257726773249032,3.2865047753965393
jacquelinehe/tinycomma-1.8b-llama3-tokenizer,bookmia.18.26,attack_train,hitchhiker's_guide_to_the_galaxy,84,285,230.3046426087385,0.8080864652938193,9.729578971862793,12.040269686146926,2.7417219358183154
jacquelinehe/tinycomma-1.8b-llama3-tokenizer,bookmia.18.27,attack_train,hitchhiker's_guide_to_the_galaxy,73,320,209.47792128863512,0.6546185040269847,3.6663928985595704,5.600808525889812,2.8695605655977414
jacquelinehe/tinycomma-1.8b-llama3-tokenizer,bookmia.18.29,attack_train,hitchhiker's_guide_to_the_galaxy,69,295,226.19045205879956,0.7667472951145748,7.057657718658447,9.204672469830916,3.2781224936057907
jacquelinehe/tinycomma-1.8b-llama3-tokenizer,bookmia.18.31,attack_train,hitchhiker's_guide_to_the_galaxy,66,303,252.65194432996213,0.8338347997688519,1.9916013181209564,2.3884842881024517,3.828059762575184
jacquelinehe/tinycomma-1.8b-llama3-tokenizer,bookmia.18.34,attack_train,hitchhiker's_guide_to_the_galaxy,56,274,175.46759326569736,0.6403926761521801,2.82082462310791,4.404835857987829,3.133349879744596
jacquelinehe/tinycomma-1.8b-llama3-tokenizer,bookmia.18.35,attack_train,hitchhiker's_guide_to_the_galaxy,79,281,191.5614775241993,0.6817134431466166,2.3544620513916015,3.4537415611521474,2.4248288294202442
jacquelinehe/tinycomma-1.8b-llama3-tokenizer,bookmia.18.38,attack_train,hitchhiker's_guide_to_the_galaxy,59,297,188.38401354267262,0.6342896078877865,4.694870313008626,7.401777129287613,3.1929493820791968
jacquelinehe/tinycomma-1.8b-llama3-tokenizer,bookmia.18.39,attack_train,hitchhiker's_guide_to_the_galaxy,66,312,222.84718516550492,0.7142537986073876,0.9607550501823425,1.345117172713074,3.3764725025076503
jacquelinehe/tinycomma-1.8b-llama3-tokenizer,bookmia.18.40,attack_train,hitchhiker's_guide_to_the_galaxy,68,288,196.57526757614687,0.6825530124171766,7.189337730407715,10.533010036755343,2.890812758472748
jacquelinehe/tinycomma-1.8b-llama3-tokenizer,bookmia.18.41,attack_train,hitchhiker's_guide_to_the_galaxy,67,281,194.30035231559305,0.6914603285252422,6.152261734008789,8.89749054313851,2.9000052584416873
jacquelinehe/tinycomma-1.8b-llama3-tokenizer,bookmia.18.43,attack_train,hitchhiker's_guide_to_the_galaxy,65,285,184.7419272015104,0.6482172884263523,1.7834732055664062,2.751350877876249,2.8421834954078524
jacquelinehe/tinycomma-1.8b-llama3-tokenizer,bookmia.18.44,attack_train,hitchhiker's_guide_to_the_galaxy,64,329,269.7534990068525,0.8199194498688526,0.8822910107183651,1.0760703516174535,4.21489842198207
jacquelinehe/tinycomma-1.8b-llama3-tokenizer,bookmia.18.45,attack_train,hitchhiker's_guide_to_the_galaxy,64,281,235.31519991508685,0.837420640267213,16.954715728759766,20.246355192952585,3.676799998673232
jacquelinehe/tinycomma-1.8b-llama3-tokenizer,bookmia.18.50,attack_train,hitchhiker's_guide_to_the_galaxy,68,262,242.51976778893732,0.925647968660066,7.164246559143066,7.739709697104145,3.5664671733667253
jacquelinehe/tinycomma-1.8b-llama3-tokenizer,bookmia.18.52,attack_train,hitchhiker's_guide_to_the_galaxy,53,269,197.94033358525485,0.73583767132065,4.317897796630859,5.868003181844823,3.734723275193488
jacquelinehe/tinycomma-1.8b-llama3-tokenizer,bookmia.18.53,attack_train,hitchhiker's_guide_to_the_galaxy,61,250,162.3349332474172,0.6493397329896688,2.9555437088012697,4.551613829625752,2.6612284138920854
jacquelinehe/tinycomma-1.8b-llama3-tokenizer,bookmia.18.57,attack_train,hitchhiker's_guide_to_the_galaxy,58,252,194.611229788512,0.7722667848750476,1.3096000264088312,1.6957870674455122,3.3553660308364135
jacquelinehe/tinycomma-1.8b-llama3-tokenizer,bookmia.18.58,attack_train,hitchhiker's_guide_to_the_galaxy,70,269,194.69778734631836,0.7237835960829679,6.7239532470703125,9.290005028380804,2.7813969620902625
jacquelinehe/tinycomma-1.8b-llama3-tokenizer,bookmia.18.61,attack_train,hitchhiker's_guide_to_the_galaxy,67,301,261.73437331430614,0.8695494130043393,3.0140786170959473,3.466253408972063,3.906483183795614
jacquelinehe/tinycomma-1.8b-llama3-tokenizer,bookmia.18.62,attack_train,hitchhiker's_guide_to_the_galaxy,72,275,240.73757972562453,0.8754093808204528,4.268165588378906,4.875622402376689,3.3435774961892295
jacquelinehe/tinycomma-1.8b-llama3-tokenizer,bookmia.18.63,attack_train,hitchhiker's_guide_to_the_galaxy,66,292,318.4830268668011,1.0906952974890447,4.567511558532715,4.187706290700857,4.825500407072743
jacquelinehe/tinycomma-1.8b-llama3-tokenizer,bookmia.18.67,attack_train,hitchhiker's_guide_to_the_galaxy,64,320,269.38346404396,0.8418233251373749,0.9139621339579846,1.0856935257868243,4.209116625686875
jacquelinehe/tinycomma-1.8b-llama3-tokenizer,bookmia.18.68,attack_train,hitchhiker's_guide_to_the_galaxy,62,302,230.72999292355962,0.7640065990846345,3.9145803451538086,5.123752006650092,3.721451498767091
jacquelinehe/tinycomma-1.8b-llama3-tokenizer,bookmia.18.71,attack_train,hitchhiker's_guide_to_the_galaxy,64,259,161.38618700549705,0.6231126911409153,0.8169909715652466,1.3111448108516959,2.5216591719608914
jacquelinehe/tinycomma-1.8b-llama3-tokenizer,bookmia.18.73,attack_train,hitchhiker's_guide_to_the_galaxy,62,293,216.73526030010544,0.7397107860071858,13.32738971710205,18.017027694081218,3.4957300048404103
jacquelinehe/tinycomma-1.8b-llama3-tokenizer,bookmia.18.74,attack_train,hitchhiker's_guide_to_the_galaxy,59,266,200.64039566068095,0.7542872017318832,7.683566093444824,10.186525869460533,3.4006846722149313
jacquelinehe/tinycomma-1.8b-llama3-tokenizer,bookmia.18.78,attack_train,hitchhiker's_guide_to_the_galaxy,61,279,151.55947880086023,0.5432239383543378,2.6102657318115234,4.805137527111115,2.4845816196862334
jacquelinehe/tinycomma-1.8b-llama3-tokenizer,bookmia.18.80,attack_train,hitchhiker's_guide_to_the_galaxy,63,256,186.64221424929565,0.7290711494113111,0.906778093179067,1.2437443093328346,2.9625748293538994
jacquelinehe/tinycomma-1.8b-llama3-tokenizer,bookmia.18.81,attack_train,hitchhiker's_guide_to_the_galaxy,67,267,220.9412332031643,0.827495255442563,3.134762446085612,3.7882542835959474,3.297630346315885
jacquelinehe/tinycomma-1.8b-llama3-tokenizer,bookmia.18.82,attack_train,hitchhiker's_guide_to_the_galaxy,69,260,190.160229253117,0.7313854971273731,0.8596052662172216,1.1753107897182142,2.755945351494449
jacquelinehe/tinycomma-1.8b-llama3-tokenizer,bookmia.18.83,attack_train,hitchhiker's_guide_to_the_galaxy,64,291,265.1414125673473,0.9111388748018807,3.124600092569987,3.4293346261286506,4.142834571364801
jacquelinehe/tinycomma-1.8b-llama3-tokenizer,bookmia.18.84,attack_train,hitchhiker's_guide_to_the_galaxy,84,280,233.7398095546523,0.8347850341237583,1.3224985599517822,1.5842384636662277,2.7826167804125275
jacquelinehe/tinycomma-1.8b-llama3-tokenizer,bookmia.18.85,attack_train,hitchhiker's_guide_to_the_galaxy,57,273,258.15327464044094,0.9456163906243258,2.4594850540161133,2.600933188554699,4.52900481825335
jacquelinehe/tinycomma-1.8b-llama3-tokenizer,bookmia.18.89,attack_train,hitchhiker's_guide_to_the_galaxy,65,277,164.72094578668475,0.5946604541035551,2.4528818130493164,4.124844347934675,2.534168396718227
jacquelinehe/tinycomma-1.8b-llama3-tokenizer,bookmia.18.90,attack_train,hitchhiker's_guide_to_the_galaxy,67,232,211.70980702713132,0.9125422716686695,8.682334899902344,9.514446803681627,3.159847866076587
jacquelinehe/tinycomma-1.8b-llama3-tokenizer,bookmia.18.93,attack_train,hitchhiker's_guide_to_the_galaxy,68,305,241.706890194444,0.7924816071948984,4.936376889546712,6.229011304148398,3.5545130910947647
jacquelinehe/tinycomma-1.8b-llama3-tokenizer,bookmia.18.94,attack_train,hitchhiker's_guide_to_the_galaxy,78,270,172.96818614099175,0.6406229116333028,3.743894338607788,5.844146799343356,2.2175408479614327
jacquelinehe/tinycomma-1.8b-llama3-tokenizer,bookmia.18.96,attack_train,hitchhiker's_guide_to_the_galaxy,62,246,187.99750250391662,0.7642174898533196,8.357926368713379,10.936580855166715,3.032217782321236
jacquelinehe/tinycomma-1.8b-llama3-tokenizer,bookmia.18.98,attack_train,hitchhiker's_guide_to_the_galaxy,64,255,193.93846800830215,0.7605430117972634,3.2892704010009766,4.324897277312426,3.030288562629721
jacquelinehe/tinycomma-1.8b-llama3-tokenizer,bookmia.18.99,attack_train,hitchhiker's_guide_to_the_galaxy,63,273,170.10635203588754,0.6231001906076467,1.9746824900309246,3.1691251580347237,2.700100825966469
jacquelinehe/tinycomma-1.8b-llama3-tokenizer,bookmia.37.01,attack_train,the_hunger_games,58,262,204.1617018549805,0.7792431368510706,1.5822947820027669,2.0305533756727536,3.5200293423272497
jacquelinehe/tinycomma-1.8b-llama3-tokenizer,bookmia.37.02,attack_train,the_hunger_games,63,272,249.05878214165568,0.9156572872854989,9.20118522644043,10.04872167153029,3.953314002248503
jacquelinehe/tinycomma-1.8b-llama3-tokenizer,bookmia.37.03,attack_train,the_hunger_games,58,243,200.0925727216527,0.8234262251919864,2.859553098678589,3.472749605481497,3.4498719434767704
jacquelinehe/tinycomma-1.8b-llama3-tokenizer,bookmia.37.04,attack_train,the_hunger_games,65,250,232.03033259510994,0.9281213303804398,4.026637713114421,4.338482029568149,3.569697424540153
jacquelinehe/tinycomma-1.8b-llama3-tokenizer,bookmia.37.06,attack_train,the_hunger_games,57,235,202.93078990466893,0.8635352761900805,13.29126262664795,15.391684616856683,3.560189296573139
jacquelinehe/tinycomma-1.8b-llama3-tokenizer,bookmia.37.08,attack_train,the_hunger_games,62,239,170.51573627861217,0.7134549635088375,5.8552985191345215,8.206963044082869,2.7502538109453574
jacquelinehe/tinycomma-1.8b-llama3-tokenizer,bookmia.37.12,attack_train,the_hunger_games,61,234,192.9285731605487,0.8244810818826868,5.1458282470703125,6.241293293619196,3.1627634944352243
jacquelinehe/tinycomma-1.8b-llama3-tokenizer,bookmia.37.19,attack_train,the_hunger_games,64,250,221.0758729726076,0.8843034918904304,4.1646318435668945,4.709505143606187,3.454310515196994
jacquelinehe/tinycomma-1.8b-llama3-tokenizer,bookmia.37.20,attack_train,the_hunger_games,60,235,196.71891681104898,0.8371017736640383,13.396967887878418,16.00398937065823,3.278648613517483
jacquelinehe/tinycomma-1.8b-llama3-tokenizer,bookmia.37.21,attack_train,the_hunger_games,55,251,185.58146727923304,0.7393683955347929,5.131531238555908,6.940425462524967,3.374208495986055
jacquelinehe/tinycomma-1.8b-llama3-tokenizer,bookmia.37.22,attack_train,the_hunger_games,59,258,203.62409150291933,0.7892406647399974,3.6676225662231445,4.647026857684004,3.4512557881850734
jacquelinehe/tinycomma-1.8b-llama3-tokenizer,bookmia.37.23,attack_train,the_hunger_games,63,225,203.52089019236155,0.9045372897438291,6.965271472930908,7.700369627551252,3.2304903205136752
jacquelinehe/tinycomma-1.8b-llama3-tokenizer,bookmia.37.26,attack_train,the_hunger_games,59,241,206.3068684823811,0.856045097437266,8.624444007873535,10.074754278358057,3.4967265844471376
jacquelinehe/tinycomma-1.8b-llama3-tokenizer,bookmia.37.28,attack_train,the_hunger_games,57,222,176.10837226361036,0.793280956142389,0.898544646302859,1.1326940844166387,3.089620566028252
jacquelinehe/tinycomma-1.8b-llama3-tokenizer,bookmia.37.30,attack_train,the_hunger_games,62,246,244.7129099238664,0.9947679265197821,7.3804168701171875,7.419234852030002,3.9469824181268773
jacquelinehe/tinycomma-1.8b-llama3-tokenizer,bookmia.37.32,attack_train,the_hunger_games,68,305,247.92009293066803,0.8128527637071084,4.294836044311523,5.283658044938459,3.6458837195686478
jacquelinehe/tinycomma-1.8b-llama3-tokenizer,bookmia.37.34,attack_train,the_hunger_games,63,256,235.66081334277987,0.9205500521202339,2.6623340606689454,2.892112226311857,3.740647830837776
jacquelinehe/tinycomma-1.8b-llama3-tokenizer,bookmia.37.35,attack_train,the_hunger_games,64,241,188.3026517204271,0.7813388038191995,4.391623814900716,5.6206395912175,2.9422289331316733
jacquelinehe/tinycomma-1.8b-llama3-tokenizer,bookmia.37.36,attack_train,the_hunger_games,55,227,182.37285099178553,0.80340462991976,3.4147018432617187,4.250288977800341,3.3158700180324643
jacquelinehe/tinycomma-1.8b-llama3-tokenizer,bookmia.37.37,attack_train,the_hunger_games,65,249,201.75907871872187,0.8102774245731802,4.200599988301595,5.184150342722794,3.1039858264418747
jacquelinehe/tinycomma-1.8b-llama3-tokenizer,bookmia.37.39,attack_train,the_hunger_games,62,260,218.8531492240727,0.8417428816310488,5.600949605305989,6.653991055383806,3.5298895036140756
jacquelinehe/tinycomma-1.8b-llama3-tokenizer,bookmia.37.40,attack_train,the_hunger_games,60,236,196.5684931386495,0.8329173438078369,3.960376421610514,4.754825254934559,3.276141552310825
jacquelinehe/tinycomma-1.8b-llama3-tokenizer,bookmia.37.41,attack_train,the_hunger_games,58,259,227.7517260350287,0.8793502935715394,1.5562536239624023,1.769776658220668,3.9267538971556673
jacquelinehe/tinycomma-1.8b-llama3-tokenizer,bookmia.37.42,attack_train,the_hunger_games,55,253,188.61365393921733,0.7455085135937444,2.860802173614502,3.8373836400927552,3.429339162531224
jacquelinehe/tinycomma-1.8b-llama3-tokenizer,bookmia.37.44,attack_train,the_hunger_games,66,263,266.8624897371046,1.0146862727646564,6.8286213874816895,6.729785915873429,4.043371056622798
jacquelinehe/tinycomma-1.8b-llama3-tokenizer,bookmia.37.45,attack_train,the_hunger_games,64,241,219.318240666762,0.9100341936380165,1.5768147751137063,1.7326983822554194,3.426847510418156
jacquelinehe/tinycomma-1.8b-llama3-tokenizer,bookmia.37.47,attack_train,the_hunger_games,77,287,178.30890617135447,0.6212853873566357,2.0711591243743896,3.333667854617486,2.3157000801474608
jacquelinehe/tinycomma-1.8b-llama3-tokenizer,bookmia.37.50,attack_train,the_hunger_games,65,236,225.2153376340866,0.9543022781105365,6.17056941986084,6.466053326497566,3.464851348216717
jacquelinehe/tinycomma-1.8b-llama3-tokenizer,bookmia.37.51,attack_train,the_hunger_games,67,281,207.06056788261048,0.7368703483366921,7.257528781890869,9.849125830986411,3.0904562370538877
jacquelinehe/tinycomma-1.8b-llama3-tokenizer,bookmia.37.52,attack_train,the_hunger_games,74,277,219.46261565794703,0.79228381103952,3.14754056930542,3.9727437635961205,2.9657110224046894
jacquelinehe/tinycomma-1.8b-llama3-tokenizer,bookmia.37.55,attack_train,the_hunger_games,59,257,180.2657638117671,0.7014232054932572,15.273722648620605,21.775331253661285,3.0553519290130016
jacquelinehe/tinycomma-1.8b-llama3-tokenizer,bookmia.37.57,attack_train,the_hunger_games,66,250,199.81357751507312,0.7992543100602925,1.0149211883544922,1.2698351145306064,3.0274784471980776
jacquelinehe/tinycomma-1.8b-llama3-tokenizer,bookmia.37.58,attack_train,the_hunger_games,57,260,228.42012522369623,0.8785389431680625,6.272562662760417,7.139766212458598,4.007370617959583
jacquelinehe/tinycomma-1.8b-llama3-tokenizer,bookmia.37.59,attack_train,the_hunger_games,66,255,259.4935098076239,1.0176216070887212,14.085185050964355,13.841279462668034,3.9317198455700595
jacquelinehe/tinycomma-1.8b-llama3-tokenizer,bookmia.37.68,attack_train,the_hunger_games,60,255,206.83200294873677,0.8111058939166148,3.956275701522827,4.877631553654509,3.447200049145613
jacquelinehe/tinycomma-1.8b-llama3-tokenizer,bookmia.37.72,attack_train,the_hunger_games,60,252,226.87298483029008,0.9002896223424209,4.236008167266846,4.705161608156025,3.781216413838168
jacquelinehe/tinycomma-1.8b-llama3-tokenizer,bookmia.37.74,attack_train,the_hunger_games,58,244,185.20066715963185,0.7590191277034092,2.37709379196167,3.131796953726484,3.1931149510281354
jacquelinehe/tinycomma-1.8b-llama3-tokenizer,bookmia.37.80,attack_train,the_hunger_games,66,247,198.54783814912662,0.803837401413468,4.260470390319824,5.300164414878197,3.00830057801707
jacquelinehe/tinycomma-1.8b-llama3-tokenizer,bookmia.37.82,attack_train,the_hunger_games,68,263,217.39011940918863,0.826578400795394,1.4101896286010742,1.7060567119151515,3.196913520723362
jacquelinehe/tinycomma-1.8b-llama3-tokenizer,bookmia.37.84,attack_train,the_hunger_games,67,234,169.40304504241794,0.72394463693341,4.564284801483154,6.304742888651286,2.5284036573495214
jacquelinehe/tinycomma-1.8b-llama3-tokenizer,bookmia.37.85,attack_train,the_hunger_games,59,252,227.11978019960225,0.9012689690460407,5.959530830383301,6.612377697516026,3.8494877999932586
jacquelinehe/tinycomma-1.8b-llama3-tokenizer,bookmia.37.86,attack_train,the_hunger_games,60,246,165.1351302373223,0.6712810172248874,3.2024803161621094,4.770699951268306,2.752252170622038
jacquelinehe/tinycomma-1.8b-llama3-tokenizer,bookmia.37.89,attack_train,the_hunger_games,70,273,239.88888595280878,0.8787138679590065,9.223174095153809,10.49622002276637,3.426984085040125
jacquelinehe/tinycomma-1.8b-llama3-tokenizer,bookmia.37.91,attack_train,the_hunger_games,63,278,253.89947658777237,0.9133074697401884,4.222341219584147,4.623132252258148,4.030150422028133
jacquelinehe/tinycomma-1.8b-llama3-tokenizer,bookmia.37.92,attack_train,the_hunger_games,73,264,218.79862514790148,0.8287826710147783,0.8334054611892678,1.0055778074713233,2.997241440382212
jacquelinehe/tinycomma-1.8b-llama3-tokenizer,bookmia.37.93,attack_train,the_hunger_games,66,254,191.51582178473473,0.7539992983650974,1.0173101203386175,1.3492189217476183,2.901754875526284
jacquelinehe/tinycomma-1.8b-llama3-tokenizer,bookmia.37.94,attack_train,the_hunger_games,59,231,183.01595284044743,0.792276852123149,1.2572063207626343,1.5868270256710946,3.101965302380465
jacquelinehe/tinycomma-1.8b-llama3-tokenizer,bookmia.37.96,attack_train,the_hunger_games,64,244,198.75835829228163,0.8145834356241051,3.2953665256500244,4.045462234479677,3.1055993483169004
jacquelinehe/tinycomma-1.8b-llama3-tokenizer,bookmia.37.97,attack_train,the_hunger_games,56,237,211.75466974498704,0.8934796191771605,4.449553489685059,4.98002796502826,3.78133338830334
jacquelinehe/tinycomma-1.8b-llama3-tokenizer,bookmia.37.99,attack_train,the_hunger_games,71,237,201.7965029096231,0.8514620375933464,4.291556358337402,5.040220431280139,2.8422042663327196
jacquelinehe/tinycomma-1.8b-llama3-tokenizer,bookmia.42.00,attack_train,the_silmarillion,66,260,184.39143212942872,0.7091978158824181,2.997061093648275,4.225987484069147,2.793809577718617
jacquelinehe/tinycomma-1.8b-llama3-tokenizer,bookmia.42.01,attack_train,the_silmarillion,71,267,212.05100894044153,0.7941985353574589,5.518529415130615,6.948551488636017,2.986633928738613
jacquelinehe/tinycomma-1.8b-llama3-tokenizer,bookmia.42.05,attack_train,the_silmarillion,100,260,251.55264686141163,0.9675101802361986,13.283084869384766,13.729142225813026,2.5155264686141163
jacquelinehe/tinycomma-1.8b-llama3-tokenizer,bookmia.42.07,attack_train,the_silmarillion,69,272,263.49412773549557,0.9687284107922631,2.8339405059814453,2.9254231365669767,3.818755474427472
jacquelinehe/tinycomma-1.8b-llama3-tokenizer,bookmia.42.08,attack_train,the_silmarillion,67,270,210.29276157810818,0.7788620799189192,1.9311981201171875,2.4795123166327833,3.138697934001615
jacquelinehe/tinycomma-1.8b-llama3-tokenizer,bookmia.42.09,attack_train,the_silmarillion,69,260,199.81998061819468,0.7685383869930564,3.341160535812378,4.347421797478236,2.895941748089778
jacquelinehe/tinycomma-1.8b-llama3-tokenizer,bookmia.42.12,attack_train,the_silmarillion,62,250,188.03361339773983,0.7521344535909593,2.9020276069641113,3.8583894051240333,3.032800216092578
jacquelinehe/tinycomma-1.8b-llama3-tokenizer,bookmia.42.15,attack_train,the_silmarillion,66,272,261.7651974384207,0.9623720494059586,3.0248842239379883,3.1431546934526544,3.966139355127587
jacquelinehe/tinycomma-1.8b-llama3-tokenizer,bookmia.42.16,attack_train,the_silmarillion,60,265,188.13203520618845,0.7099322083252394,3.2821059226989746,4.623125819916811,3.135533920103141
jacquelinehe/tinycomma-1.8b-llama3-tokenizer,bookmia.42.18,attack_train,the_silmarillion,70,287,246.05630946403835,0.8573390573659873,3.910183906555176,4.560837247481153,3.515090135200548
jacquelinehe/tinycomma-1.8b-llama3-tokenizer,bookmia.42.19,attack_train,the_silmarillion,72,290,262.126734006335,0.9038852896770173,1.8968464136123657,2.0985477197998876,3.64064908342132
jacquelinehe/tinycomma-1.8b-llama3-tokenizer,bookmia.42.21,attack_train,the_silmarillion,66,273,229.88022943021497,0.8420521224549998,3.135486602783203,3.7236253186343187,3.483033779245681
jacquelinehe/tinycomma-1.8b-llama3-tokenizer,bookmia.42.23,attack_train,the_silmarillion,59,252,209.24819912016392,0.830349996508587,4.008635838826497,4.827645999496361,3.546579646104473
jacquelinehe/tinycomma-1.8b-llama3-tokenizer,bookmia.42.25,attack_train,the_silmarillion,58,272,151.23979617329314,0.556028662401813,1.8842648267745972,3.3887908199468626,2.607582692642985
jacquelinehe/tinycomma-1.8b-llama3-tokenizer,bookmia.42.26,attack_train,the_silmarillion,69,275,191.31226731295465,0.6956809720471078,1.4120286703109741,2.029707189138643,2.772641555260212
jacquelinehe/tinycomma-1.8b-llama3-tokenizer,bookmia.42.27,attack_train,the_silmarillion,78,271,219.7988272733055,0.8110657832963303,3.222721735636393,3.9734406283774177,2.817933682991096
jacquelinehe/tinycomma-1.8b-llama3-tokenizer,bookmia.42.28,attack_train,the_silmarillion,63,257,202.84223149437457,0.7892693832465937,4.407745361328125,5.584589311189587,3.219717960228168
jacquelinehe/tinycomma-1.8b-llama3-tokenizer,bookmia.42.29,attack_train,the_silmarillion,63,268,206.17504674385418,0.7693098759099036,5.135677019755046,6.675693606143828,3.272619789584987
jacquelinehe/tinycomma-1.8b-llama3-tokenizer,bookmia.42.30,attack_train,the_silmarillion,59,252,170.98894468694925,0.6785275582815447,5.17843770980835,7.63187529615361,2.898117706558462
jacquelinehe/tinycomma-1.8b-llama3-tokenizer,bookmia.42.31,attack_train,the_silmarillion,59,275,226.77674435358495,0.8246427067403089,3.979550361633301,4.825787373253899,3.8436736331116093
jacquelinehe/tinycomma-1.8b-llama3-tokenizer,bookmia.42.37,attack_train,the_silmarillion,59,252,197.87152702733874,0.7852044723307093,5.308846791585286,6.761101061774553,3.3537546953786226
jacquelinehe/tinycomma-1.8b-llama3-tokenizer,bookmia.42.39,attack_train,the_silmarillion,61,260,210.96576456713956,0.8114067867966906,3.1200268268585205,3.8452067170597712,3.4584551568383533
jacquelinehe/tinycomma-1.8b-llama3-tokenizer,bookmia.42.45,attack_train,the_silmarillion,69,252,210.32650564052165,0.8346289906369907,3.3382641474405923,3.999698290964973,3.0482102266742266
jacquelinehe/tinycomma-1.8b-llama3-tokenizer,bookmia.42.46,attack_train,the_silmarillion,62,268,219.8544183060294,0.82035230711205,4.4946950276692705,5.478981394581915,3.5460390049359582
jacquelinehe/tinycomma-1.8b-llama3-tokenizer,bookmia.42.47,attack_train,the_silmarillion,74,293,265.79496186599135,0.907150040498264,8.377196311950684,9.234631469948896,3.5918238089998833
jacquelinehe/tinycomma-1.8b-llama3-tokenizer,bookmia.42.48,attack_train,the_silmarillion,70,270,184.25309562645998,0.6824188726905925,1.1945957920768044,1.7505315868050912,2.632187080378
jacquelinehe/tinycomma-1.8b-llama3-tokenizer,bookmia.42.50,attack_train,the_silmarillion,70,261,180.30846083012875,0.6908370146748228,4.517965952555339,6.53984348925187,2.575835154716125
jacquelinehe/tinycomma-1.8b-llama3-tokenizer,bookmia.42.54,attack_train,the_silmarillion,68,270,232.34075561173086,0.8605213170804846,4.697012583414714,5.458333791602517,3.4167758178195715
jacquelinehe/tinycomma-1.8b-llama3-tokenizer,bookmia.42.55,attack_train,the_silmarillion,62,256,203.09697963134386,0.7933475766849369,2.9287266731262207,3.69160599867731,3.275757735989417
jacquelinehe/tinycomma-1.8b-llama3-tokenizer,bookmia.42.58,attack_train,the_silmarillion,67,294,212.97216424834915,0.7243951164909835,5.530566215515137,7.634737023498384,3.1786890186320766
jacquelinehe/tinycomma-1.8b-llama3-tokenizer,bookmia.42.61,attack_train,the_silmarillion,79,275,328.0932028731331,1.1930661922659387,3.226922035217285,2.7047300947221817,4.153078517381432
jacquelinehe/tinycomma-1.8b-llama3-tokenizer,bookmia.42.62,attack_train,the_silmarillion,61,259,189.95222387975082,0.7334062698059877,3.773010571797689,5.1445027498821165,3.1139708832746034
jacquelinehe/tinycomma-1.8b-llama3-tokenizer,bookmia.42.63,attack_train,the_silmarillion,79,287,209.45794209622545,0.7298186135756984,3.8676140308380127,5.2994181826754065,2.6513663556484235
jacquelinehe/tinycomma-1.8b-llama3-tokenizer,bookmia.42.64,attack_train,the_silmarillion,69,257,233.76919536461355,0.9096077640646442,4.526110649108887,4.975892717629908,3.3879593531103414
jacquelinehe/tinycomma-1.8b-llama3-tokenizer,bookmia.42.65,attack_train,the_silmarillion,56,267,209.49695457704365,0.7846327886780661,4.1287078857421875,5.261961958916035,3.7410170460186367
jacquelinehe/tinycomma-1.8b-llama3-tokenizer,bookmia.42.68,attack_train,the_silmarillion,60,239,189.166734536062,0.7914926131215984,13.73639965057373,17.35505729661609,3.1527789089343665
jacquelinehe/tinycomma-1.8b-llama3-tokenizer,bookmia.42.69,attack_train,the_silmarillion,62,249,198.95387369627133,0.7990115409488808,2.820504665374756,3.529992397888538,3.208933446714054
jacquelinehe/tinycomma-1.8b-llama3-tokenizer,bookmia.42.70,attack_train,the_silmarillion,62,261,177.61997465061722,0.680536301343361,3.146733283996582,4.623902175071355,2.8648383008164067
jacquelinehe/tinycomma-1.8b-llama3-tokenizer,bookmia.42.72,attack_train,the_silmarillion,60,259,164.32973468015552,0.6344777400778205,5.314029375712077,8.375438632504737,2.738828911335925
jacquelinehe/tinycomma-1.8b-llama3-tokenizer,bookmia.42.74,attack_train,the_silmarillion,65,245,143.71005856142438,0.5865716675976506,2.898337554931641,4.941148226272172,2.210923977868067
jacquelinehe/tinycomma-1.8b-llama3-tokenizer,bookmia.42.78,attack_train,the_silmarillion,57,249,180.41018984094262,0.7245389150238659,14.500835418701172,20.013880715052444,3.1650910498410987
jacquelinehe/tinycomma-1.8b-llama3-tokenizer,bookmia.42.79,attack_train,the_silmarillion,62,254,245.61443623155355,0.9669859694155651,4.458483378092448,4.61070120881599,3.9615231650250573
jacquelinehe/tinycomma-1.8b-llama3-tokenizer,bookmia.42.80,attack_train,the_silmarillion,71,263,228.98057997366413,0.8706485930557571,4.400060653686523,5.05377334642375,3.225078591178368
jacquelinehe/tinycomma-1.8b-llama3-tokenizer,bookmia.42.86,attack_train,the_silmarillion,63,276,202.67068433159147,0.7343140736651865,8.717585563659668,11.871739731403386,3.216994989390341
jacquelinehe/tinycomma-1.8b-llama3-tokenizer,bookmia.42.87,attack_train,the_silmarillion,63,294,174.91524254810065,0.5949498045853764,2.1486339569091797,3.6114541770571282,2.776432421398423
jacquelinehe/tinycomma-1.8b-llama3-tokenizer,bookmia.42.89,attack_train,the_silmarillion,66,251,215.1369113981491,0.8571191689169286,4.011700630187988,4.680446751946111,3.259650172699229
jacquelinehe/tinycomma-1.8b-llama3-tokenizer,bookmia.42.90,attack_train,the_silmarillion,64,242,194.8261572215706,0.805066765378391,2.5797389348347983,3.2043788736233454,3.044158706587041
jacquelinehe/tinycomma-1.8b-llama3-tokenizer,bookmia.42.91,attack_train,the_silmarillion,60,281,220.04231313616037,0.783068730021923,5.923030376434326,7.56387038500248,3.6673718856026727
jacquelinehe/tinycomma-1.8b-llama3-tokenizer,bookmia.42.98,attack_train,the_silmarillion,64,264,174.459997711936,0.6608333246664243,7.000098705291748,10.592835506328711,2.725937464249
jacquelinehe/tinycomma-1.8b-llama3-tokenizer,bookmia.42.99,attack_train,the_silmarillion,61,271,194.08182385680266,0.7161690917225191,2.947986364364624,4.116327273038511,3.181669243554142
jacquelinehe/tinycomma-1.8b-llama3-tokenizer,bookmia.44.00,attack_train,their_eyes_were_watching_god,59,236,258.94012034265324,1.0972038997570053,6.91389274597168,6.3013745644751,4.388815599028021
jacquelinehe/tinycomma-1.8b-llama3-tokenizer,bookmia.44.01,attack_train,their_eyes_were_watching_god,71,234,248.2127252793871,1.060738142219603,6.7725019454956055,6.384706720665377,3.495953877174466
jacquelinehe/tinycomma-1.8b-llama3-tokenizer,bookmia.44.02,attack_train,their_eyes_were_watching_god,59,282,200.30230301013216,0.7102918546458588,2.6100347518920897,3.67459479483038,3.394954288307325
jacquelinehe/tinycomma-1.8b-llama3-tokenizer,bookmia.44.03,attack_train,their_eyes_were_watching_god,61,258,281.7104539780412,1.0919009844110124,2.306543457508087,2.112410823360756,4.618204163574446
jacquelinehe/tinycomma-1.8b-llama3-tokenizer,bookmia.44.04,attack_train,their_eyes_were_watching_god,60,293,241.84555319487117,0.8254114443510961,5.0237836837768555,6.086399356537083,4.030759219914519
jacquelinehe/tinycomma-1.8b-llama3-tokenizer,bookmia.44.05,attack_train,their_eyes_were_watching_god,66,235,185.57404580595903,0.7896767906636555,2.3807833671569822,3.014883298211333,2.811727966756955
jacquelinehe/tinycomma-1.8b-llama3-tokenizer,bookmia.44.08,attack_train,their_eyes_were_watching_god,64,220,196.68135474040173,0.894006157910917,2.0165815353393555,2.2556685068608857,3.073146167818777
jacquelinehe/tinycomma-1.8b-llama3-tokenizer,bookmia.44.10,attack_train,their_eyes_were_watching_god,57,238,233.66492968902458,0.9817854188614478,7.715096473693848,7.858230857248679,4.0993847313863965
jacquelinehe/tinycomma-1.8b-llama3-tokenizer,bookmia.44.16,attack_train,their_eyes_were_watching_god,72,240,245.8046142666135,1.0241858927775562,3.0369856357574463,2.965267982281271,3.4139529759251874
jacquelinehe/tinycomma-1.8b-llama3-tokenizer,bookmia.44.19,attack_train,their_eyes_were_watching_god,73,235,254.33855240396224,1.0822917123572862,3.724308649698893,3.441132004593438,3.484089758958387
jacquelinehe/tinycomma-1.8b-llama3-tokenizer,bookmia.44.22,attack_train,their_eyes_were_watching_god,63,283,159.80054976051906,0.5646662535707387,2.143935775756836,3.796819381713332,2.536516662865382
jacquelinehe/tinycomma-1.8b-llama3-tokenizer,bookmia.44.23,attack_train,their_eyes_were_watching_god,56,254,219.78392806649208,0.86529105537989,3.5462915897369385,4.098380039511682,3.9247130011873588
jacquelinehe/tinycomma-1.8b-llama3-tokenizer,bookmia.44.25,attack_train,their_eyes_were_watching_god,63,264,202.0443282695487,0.7653194252634421,5.353935877482097,6.995687945120611,3.2070528296753764
jacquelinehe/tinycomma-1.8b-llama3-tokenizer,bookmia.44.27,attack_train,their_eyes_were_watching_god,63,248,190.9988385961624,0.7701566072425903,1.7121478170156479,2.2231164427007784,3.0317275967644823
jacquelinehe/tinycomma-1.8b-llama3-tokenizer,bookmia.44.30,attack_train,their_eyes_were_watching_god,59,230,219.46090480673593,0.9541778469858083,1.737844705581665,1.8213006213374312,3.719676352656541
jacquelinehe/tinycomma-1.8b-llama3-tokenizer,bookmia.44.32,attack_train,their_eyes_were_watching_god,71,296,250.55921499384567,0.8464838344386678,2.996072006225586,3.5394320415018714,3.5290030280823332
jacquelinehe/tinycomma-1.8b-llama3-tokenizer,bookmia.44.33,attack_train,their_eyes_were_watching_god,62,282,234.94772455003113,0.8331479593972735,3.798519770304362,4.559237921019857,3.7894794282263087
jacquelinehe/tinycomma-1.8b-llama3-tokenizer,bookmia.44.34,attack_train,their_eyes_were_watching_god,57,251,193.88131676986814,0.7724355249795544,4.047154426574707,5.2394721574746725,3.4014266099976864
jacquelinehe/tinycomma-1.8b-llama3-tokenizer,bookmia.44.36,attack_train,their_eyes_were_watching_god,61,297,188.1927701550885,0.6336456907578738,3.8394273122151694,6.059265245886879,3.085127379591615
jacquelinehe/tinycomma-1.8b-llama3-tokenizer,bookmia.44.40,attack_train,their_eyes_were_watching_god,69,227,273.52993380092084,1.2049776819423825,4.104191144307454,3.4060308384231974,3.96420193914378
jacquelinehe/tinycomma-1.8b-llama3-tokenizer,bookmia.44.45,attack_train,their_eyes_were_watching_god,64,237,231.5803384031169,0.9771322295490165,0.9771322295490165,1.0,3.6184427875487017
jacquelinehe/tinycomma-1.8b-llama3-tokenizer,bookmia.44.46,attack_train,their_eyes_were_watching_god,64,251,221.42331632226706,0.8821646068616217,11.668920516967773,13.227599958335425,3.4597393175354227
jacquelinehe/tinycomma-1.8b-llama3-tokenizer,bookmia.44.47,attack_train,their_eyes_were_watching_god,67,230,268.4776214901358,1.1672940064788513,5.605135440826416,4.8018197726675025,4.00712867895725
jacquelinehe/tinycomma-1.8b-llama3-tokenizer,bookmia.44.49,attack_train,their_eyes_were_watching_god,61,299,232.72193700214848,0.7783342374653796,4.286474704742432,5.507241617304667,3.8151137213466964
jacquelinehe/tinycomma-1.8b-llama3-tokenizer,bookmia.44.50,attack_train,their_eyes_were_watching_god,66,248,247.75062404270284,0.998994451785092,7.04365348815918,7.050743350549099,3.753797333980346
jacquelinehe/tinycomma-1.8b-llama3-tokenizer,bookmia.44.51,attack_train,their_eyes_were_watching_god,77,247,224.37563739344478,0.9084033902568615,4.1399351755778,4.557375302625396,2.913969316797984
jacquelinehe/tinycomma-1.8b-llama3-tokenizer,bookmia.44.52,attack_train,their_eyes_were_watching_god,57,248,230.13304297812283,0.9279558184601727,2.418841302394867,2.606634124465789,4.037421806633734
jacquelinehe/tinycomma-1.8b-llama3-tokenizer,bookmia.44.53,attack_train,their_eyes_were_watching_god,60,261,218.9453754723072,0.8388711703919817,3.1456170082092285,3.7498213304187904,3.64908959120512
jacquelinehe/tinycomma-1.8b-llama3-tokenizer,bookmia.44.54,attack_train,their_eyes_were_watching_god,75,240,195.91361246840097,0.8163067186183374,0.9414756248394648,1.1533356315295131,2.6121814995786794
jacquelinehe/tinycomma-1.8b-llama3-tokenizer,bookmia.44.58,attack_train,their_eyes_were_watching_god,58,253,159.6660923891468,0.6310912742654023,2.6774161202566966,4.242518046812231,2.7528636618818414
jacquelinehe/tinycomma-1.8b-llama3-tokenizer,bookmia.44.61,attack_train,their_eyes_were_watching_god,61,235,261.83431961108,1.114188594089702,2.0041220982869468,1.7987278894416658,4.292365895263607
jacquelinehe/tinycomma-1.8b-llama3-tokenizer,bookmia.44.62,attack_train,their_eyes_were_watching_god,59,279,210.6522478942352,0.7550259781155383,4.028031349182129,5.334957294099538,3.5703770829531387
jacquelinehe/tinycomma-1.8b-llama3-tokenizer,bookmia.44.67,attack_train,their_eyes_were_watching_god,59,251,209.5216236319393,0.8347475045097182,4.713917096455892,5.647117327082721,3.551213959863378
jacquelinehe/tinycomma-1.8b-llama3-tokenizer,bookmia.44.68,attack_train,their_eyes_were_watching_god,67,230,207.70548678655177,0.9030673338545729,2.3743865966796873,2.629246466645034,3.100081892336594
jacquelinehe/tinycomma-1.8b-llama3-tokenizer,bookmia.44.72,attack_train,their_eyes_were_watching_god,65,260,196.64098506607115,0.7563114810233506,12.345020294189453,16.322666789991928,3.025245924093402
jacquelinehe/tinycomma-1.8b-llama3-tokenizer,bookmia.44.73,attack_train,their_eyes_were_watching_god,57,241,248.34554238291457,1.0304794289747492,2.9399242401123047,2.852967422200084,4.356939340051133
jacquelinehe/tinycomma-1.8b-llama3-tokenizer,bookmia.44.74,attack_train,their_eyes_were_watching_god,69,232,249.2692185768974,1.0744362869693853,7.249264717102051,6.747040103745686,3.6125973706796723
jacquelinehe/tinycomma-1.8b-llama3-tokenizer,bookmia.44.75,attack_train,their_eyes_were_watching_god,64,254,201.7720883373986,0.7943783005409394,4.499965985616048,5.664764486330698,3.152688880271853
jacquelinehe/tinycomma-1.8b-llama3-tokenizer,bookmia.44.76,attack_train,their_eyes_were_watching_god,75,249,215.32521572336555,0.8647599025034761,13.516868591308594,15.630776302390199,2.8710028763115405
jacquelinehe/tinycomma-1.8b-llama3-tokenizer,bookmia.44.81,attack_train,their_eyes_were_watching_god,68,246,269.19790599582484,1.0943004308773367,5.0094906489054365,4.577801952329638,3.958792735232718
jacquelinehe/tinycomma-1.8b-llama3-tokenizer,bookmia.44.82,attack_train,their_eyes_were_watching_god,73,249,313.10126571846195,1.2574348020821764,3.9232781728108725,3.1200648863180396,4.289058434499479
jacquelinehe/tinycomma-1.8b-llama3-tokenizer,bookmia.44.85,attack_train,their_eyes_were_watching_god,60,244,224.2549375742674,0.9190776130092926,6.703434944152832,7.293654909299869,3.7375822929044564
jacquelinehe/tinycomma-1.8b-llama3-tokenizer,bookmia.44.87,attack_train,their_eyes_were_watching_god,67,244,261.24078433960676,1.070658952211503,5.605024337768555,5.235116491755921,3.899116184173235
jacquelinehe/tinycomma-1.8b-llama3-tokenizer,bookmia.44.88,attack_train,their_eyes_were_watching_god,66,267,197.33096961677074,0.739067301935471,1.8286212682724,2.4742283463002663,2.989863176011678
jacquelinehe/tinycomma-1.8b-llama3-tokenizer,bookmia.44.89,attack_train,their_eyes_were_watching_god,67,246,247.08338251989335,1.0044039939833063,3.1516201496124268,3.137801291603395,3.6878116794013933
jacquelinehe/tinycomma-1.8b-llama3-tokenizer,bookmia.44.92,attack_train,their_eyes_were_watching_god,64,233,214.1350384396501,0.9190344997409875,3.0651830037434897,3.335220826429643,3.3458599756195326
jacquelinehe/tinycomma-1.8b-llama3-tokenizer,bookmia.44.93,attack_train,their_eyes_were_watching_god,66,284,291.38725202099886,1.026011450778165,4.352827072143555,4.242474164242719,4.414958363954528
jacquelinehe/tinycomma-1.8b-llama3-tokenizer,bookmia.44.94,attack_train,their_eyes_were_watching_god,64,260,240.1665756739676,0.9237175987460292,5.257336616516113,5.691497730099638,3.7526027449057437
jacquelinehe/tinycomma-1.8b-llama3-tokenizer,bookmia.44.95,attack_train,their_eyes_were_watching_god,72,265,220.14311230089515,0.8307287256637553,6.8426642417907715,8.236941892581669,3.0575432264013216
jacquelinehe/tinycomma-1.8b-llama3-tokenizer,bookmia.44.98,attack_train,their_eyes_were_watching_god,65,217,217.67450229474343,1.0031083055057302,2.359544563293457,2.352233104184958,3.3488384968422067
jacquelinehe/tinycomma-1.8b-llama3-tokenizer,bookmia.46.01,attack_train,to_kill_a_mockingbird,62,270,209.49687582219485,0.775914354897018,2.4659159978230796,3.178077557477802,3.378981868099917
jacquelinehe/tinycomma-1.8b-llama3-tokenizer,bookmia.46.02,attack_train,to_kill_a_mockingbird,68,268,208.55066821258515,0.7781741351215864,6.3407511711120605,8.148242000000868,3.066921591361546
jacquelinehe/tinycomma-1.8b-llama3-tokenizer,bookmia.46.04,attack_train,to_kill_a_mockingbird,64,287,234.38322654209333,0.8166662945717538,4.865749994913737,5.958063932913083,3.662237914720208
jacquelinehe/tinycomma-1.8b-llama3-tokenizer,bookmia.46.05,attack_train,to_kill_a_mockingbird,70,273,215.04999966546893,0.7877289365035492,3.982391357421875,5.055535188409232,3.0721428523638417
jacquelinehe/tinycomma-1.8b-llama3-tokenizer,bookmia.46.07,attack_train,to_kill_a_mockingbird,71,247,202.7330146197928,0.8207814357076632,3.7086970806121826,4.518495325633931,2.855394572109758
jacquelinehe/tinycomma-1.8b-llama3-tokenizer,bookmia.46.08,attack_train,to_kill_a_mockingbird,73,263,228.14704527147114,0.8674792595873427,1.3989408910274506,1.6126505337924997,3.125301990020153
jacquelinehe/tinycomma-1.8b-llama3-tokenizer,bookmia.46.09,attack_train,to_kill_a_mockingbird,64,253,183.9779398345854,0.7271855329430253,3.6658267974853516,5.0411162370753155,2.874655309915397
jacquelinehe/tinycomma-1.8b-llama3-tokenizer,bookmia.46.10,attack_train,to_kill_a_mockingbird,57,295,250.49572702404112,0.849138057708614,3.875112295150757,4.563583341921675,4.394661877614756
jacquelinehe/tinycomma-1.8b-llama3-tokenizer,bookmia.46.13,attack_train,to_kill_a_mockingbird,67,269,204.7915048894938,0.761306709626371,1.24565679497189,1.6362088751105648,3.0565896252163256
jacquelinehe/tinycomma-1.8b-llama3-tokenizer,bookmia.46.15,attack_train,to_kill_a_mockingbird,59,244,188.74123227223754,0.77352964045999,4.090776125590007,5.288454264218461,3.1990039368175855
jacquelinehe/tinycomma-1.8b-llama3-tokenizer,bookmia.46.16,attack_train,to_kill_a_mockingbird,59,266,165.06744928471744,0.6205543206192385,4.719115257263184,7.6046771418077865,2.797753377707075
jacquelinehe/tinycomma-1.8b-llama3-tokenizer,bookmia.46.19,attack_train,to_kill_a_mockingbird,61,244,203.89053991314722,0.8356169668571607,1.7568885485331218,2.1025046381489307,3.3424678674286428
jacquelinehe/tinycomma-1.8b-llama3-tokenizer,bookmia.46.20,attack_train,to_kill_a_mockingbird,60,272,189.7851962663699,0.6977396921557717,10.343050003051758,14.823651455309,3.1630866044394983
jacquelinehe/tinycomma-1.8b-llama3-tokenizer,bookmia.46.21,attack_train,to_kill_a_mockingbird,70,313,180.58656714123208,0.5769538886301344,2.9909032821655273,5.183955496455444,2.5798081020176014
jacquelinehe/tinycomma-1.8b-llama3-tokenizer,bookmia.46.22,attack_train,to_kill_a_mockingbird,60,295,233.26719977526227,0.7907362704246179,3.7834792137145996,4.784754861039708,3.887786662921038
jacquelinehe/tinycomma-1.8b-llama3-tokenizer,bookmia.46.24,attack_train,to_kill_a_mockingbird,62,241,176.62910799542442,0.7329008630515537,2.9284584522247314,3.995708833022261,2.8488565805713617
jacquelinehe/tinycomma-1.8b-llama3-tokenizer,bookmia.46.25,attack_train,to_kill_a_mockingbird,62,273,215.60857240637415,0.789774990499539,1.9002506732940674,2.4060658999750593,3.4775576194576474
jacquelinehe/tinycomma-1.8b-llama3-tokenizer,bookmia.46.27,attack_train,to_kill_a_mockingbird,58,281,180.70362002030015,0.6430733808551606,4.044142723083496,6.288773324290899,3.1155796555224162
jacquelinehe/tinycomma-1.8b-llama3-tokenizer,bookmia.46.30,attack_train,to_kill_a_mockingbird,77,275,261.04257112008054,0.9492457131639293,8.791982650756836,9.262072536996026,3.3901632612997474
jacquelinehe/tinycomma-1.8b-llama3-tokenizer,bookmia.46.31,attack_train,to_kill_a_mockingbird,66,261,200.46116718344274,0.7680504489787078,6.254184722900391,8.142934791870386,3.0372904118703445
jacquelinehe/tinycomma-1.8b-llama3-tokenizer,bookmia.46.32,attack_train,to_kill_a_mockingbird,68,247,190.02474979669205,0.7693309708368099,8.741900444030762,11.362990410384882,2.794481614657236
jacquelinehe/tinycomma-1.8b-llama3-tokenizer,bookmia.46.33,attack_train,to_kill_a_mockingbird,61,246,208.78275335079525,0.8487103794747775,3.0578877925872803,3.6029814958545074,3.422668087717955
jacquelinehe/tinycomma-1.8b-llama3-tokenizer,bookmia.46.34,attack_train,to_kill_a_mockingbird,68,270,201.65440417645732,0.7468681636165085,1.0898191928863525,1.4591854974902072,2.965505943771431
jacquelinehe/tinycomma-1.8b-llama3-tokenizer,bookmia.46.35,attack_train,to_kill_a_mockingbird,60,269,212.6064561456442,0.7903585730321345,8.186798095703125,10.35833402084229,3.5434409357607364
jacquelinehe/tinycomma-1.8b-llama3-tokenizer,bookmia.46.36,attack_train,to_kill_a_mockingbird,68,252,181.20875334070297,0.7190823545265991,10.686552047729492,14.861374334188579,2.6648346079515144
jacquelinehe/tinycomma-1.8b-llama3-tokenizer,bookmia.46.39,attack_train,to_kill_a_mockingbird,62,247,199.2076571881771,0.8065087335553729,7.242375373840332,8.979909420091962,3.2130267288415664
jacquelinehe/tinycomma-1.8b-llama3-tokenizer,bookmia.46.40,attack_train,to_kill_a_mockingbird,66,300,238.05467095720815,0.7935155698573605,0.889715850353241,1.1212330093449496,3.606888953897093
jacquelinehe/tinycomma-1.8b-llama3-tokenizer,bookmia.46.41,attack_train,to_kill_a_mockingbird,63,243,235.63072929598275,0.9696737831110401,6.8772501945495605,7.092333849106475,3.7401703062854406
jacquelinehe/tinycomma-1.8b-llama3-tokenizer,bookmia.46.42,attack_train,to_kill_a_mockingbird,68,261,204.7527476524847,0.7844932860248456,6.593866348266602,8.405255297567669,3.0110698184188927
jacquelinehe/tinycomma-1.8b-llama3-tokenizer,bookmia.46.46,attack_train,to_kill_a_mockingbird,59,258,180.3184654666111,0.6989087808783375,4.098565578460693,5.864235348867581,3.056245177400188
jacquelinehe/tinycomma-1.8b-llama3-tokenizer,bookmia.46.50,attack_train,to_kill_a_mockingbird,65,220,165.86143139662454,0.7539155972573842,4.32829221089681,5.741083254733547,2.551714329178839
jacquelinehe/tinycomma-1.8b-llama3-tokenizer,bookmia.46.52,attack_train,to_kill_a_mockingbird,67,245,203.57264625257812,0.8309087602146046,16.58795928955078,19.963635099076935,3.03839770526236
jacquelinehe/tinycomma-1.8b-llama3-tokenizer,bookmia.46.53,attack_train,to_kill_a_mockingbird,68,285,231.85627319663763,0.813530783146097,4.5262770652771,5.5637440635903435,3.4096510764211416
jacquelinehe/tinycomma-1.8b-llama3-tokenizer,bookmia.46.59,attack_train,to_kill_a_mockingbird,68,241,154.7183574073133,0.6419848855075241,1.4867315292358398,2.315835719497504,2.2752699618722545
jacquelinehe/tinycomma-1.8b-llama3-tokenizer,bookmia.46.61,attack_train,to_kill_a_mockingbird,67,242,236.73324982705526,0.9782365695332862,1.4479770156053395,1.4801910506128033,3.533332086970974
jacquelinehe/tinycomma-1.8b-llama3-tokenizer,bookmia.46.62,attack_train,to_kill_a_mockingbird,66,256,211.42270942917094,0.825869958707699,12.9766206741333,15.71266824433086,3.2033743852904686
jacquelinehe/tinycomma-1.8b-llama3-tokenizer,bookmia.46.65,attack_train,to_kill_a_mockingbird,64,269,261.2966174772009,0.9713628902498176,1.3990657091140748,1.4403120843480643,4.0827596480812645
jacquelinehe/tinycomma-1.8b-llama3-tokenizer,bookmia.46.66,attack_train,to_kill_a_mockingbird,61,249,193.76570105506107,0.7781755062452251,5.493073463439941,7.058913341984473,3.176486902541985
jacquelinehe/tinycomma-1.8b-llama3-tokenizer,bookmia.46.67,attack_train,to_kill_a_mockingbird,56,267,181.38752915337682,0.6793540417729469,2.9578264236450194,4.353880659818878,3.2390630205960145
jacquelinehe/tinycomma-1.8b-llama3-tokenizer,bookmia.46.70,attack_train,to_kill_a_mockingbird,67,267,288.16592758335173,1.0792731370162987,1.241284816038041,1.1501118423734988,4.300983993781369
jacquelinehe/tinycomma-1.8b-llama3-tokenizer,bookmia.46.72,attack_train,to_kill_a_mockingbird,63,271,199.61993479635566,0.7366049254478069,12.648930549621582,17.171933166115977,3.168570393592947
jacquelinehe/tinycomma-1.8b-llama3-tokenizer,bookmia.46.76,attack_train,to_kill_a_mockingbird,66,253,193.38508278108202,0.7643679161307589,4.895097096761067,6.404111153095118,2.9300770118345763
jacquelinehe/tinycomma-1.8b-llama3-tokenizer,bookmia.46.77,attack_train,to_kill_a_mockingbird,72,256,212.5223118957365,0.8301652808427207,3.0336384773254395,3.6542584318220586,2.9516987763296734
jacquelinehe/tinycomma-1.8b-llama3-tokenizer,bookmia.46.79,attack_train,to_kill_a_mockingbird,61,276,242.64603140286636,0.8791522876915447,3.265749454498291,3.7146572900053654,3.9778037934896124
jacquelinehe/tinycomma-1.8b-llama3-tokenizer,bookmia.46.80,attack_train,to_kill_a_mockingbird,64,268,218.46577556757256,0.815170804356614,3.786500930786133,4.645039923595751,3.4135277432433213
jacquelinehe/tinycomma-1.8b-llama3-tokenizer,bookmia.46.82,attack_train,to_kill_a_mockingbird,66,267,206.4820199662936,0.7733408987501633,1.5610392093658447,2.0185654371684234,3.1285154540347513
jacquelinehe/tinycomma-1.8b-llama3-tokenizer,bookmia.46.87,attack_train,to_kill_a_mockingbird,69,262,183.2992539020488,0.6996154729085832,1.6397050221761067,2.343723210350384,2.6565109261166495
jacquelinehe/tinycomma-1.8b-llama3-tokenizer,bookmia.46.90,attack_train,to_kill_a_mockingbird,68,251,240.30865349899977,0.9574049940199194,3.038254165649414,3.173426276890928,3.5339507867499966
jacquelinehe/tinycomma-1.8b-llama3-tokenizer,bookmia.46.93,attack_train,to_kill_a_mockingbird,62,251,177.30696782656014,0.7064022622572117,3.71931529045105,5.265152009234069,2.8597898036541958
jacquelinehe/tinycomma-1.8b-llama3-tokenizer,bookmia.46.99,attack_train,to_kill_a_mockingbird,64,277,217.900618721731,0.7866448329304369,4.364134311676025,5.547782339608842,3.404697167527047
jacquelinehe/tinycomma-1.8b-llama3-tokenizer,bookmia.14.00,val,five_on_a_treasure_island,68,251,155.26547532808036,0.6185875511078899,1.309972856938839,2.1176838340711486,2.2833158136482403
jacquelinehe/tinycomma-1.8b-llama3-tokenizer,bookmia.14.07,val,five_on_a_treasure_island,58,251,158.99233815539628,0.6334356101808617,2.5620199839274087,4.044641543275232,2.741247209575798
jacquelinehe/tinycomma-1.8b-llama3-tokenizer,bookmia.14.08,val,five_on_a_treasure_island,55,254,151.03722385689616,0.5946347395940794,2.6903629302978516,4.524395820086793,2.7461313428526575
jacquelinehe/tinycomma-1.8b-llama3-tokenizer,bookmia.14.09,val,five_on_a_treasure_island,64,252,163.94689092156477,0.6505829004823999,3.2110095024108887,4.935588531499923,2.5616701706494496
jacquelinehe/tinycomma-1.8b-llama3-tokenizer,bookmia.14.10,val,five_on_a_treasure_island,79,286,208.99375460646115,0.7307473937288852,3.756629467010498,5.140804468478537,2.6454905646387488
jacquelinehe/tinycomma-1.8b-llama3-tokenizer,bookmia.14.12,val,five_on_a_treasure_island,61,249,188.19724321365356,0.7558122217415806,3.71024489402771,4.908950645807733,3.08520070842055
jacquelinehe/tinycomma-1.8b-llama3-tokenizer,bookmia.14.13,val,five_on_a_treasure_island,73,293,153.08056247802597,0.5224592576041842,12.447784423828125,23.82536866302134,2.096994006548301
jacquelinehe/tinycomma-1.8b-llama3-tokenizer,bookmia.14.14,val,five_on_a_treasure_island,59,224,170.4652546448633,0.7610056010931397,6.703683217366536,8.808980128053053,2.8892416041502256
jacquelinehe/tinycomma-1.8b-llama3-tokenizer,bookmia.14.15,val,five_on_a_treasure_island,56,234,156.03486113995314,0.6668156458972356,2.7243627548217773,4.085631120961482,2.7863368060705915
jacquelinehe/tinycomma-1.8b-llama3-tokenizer,bookmia.14.17,val,five_on_a_treasure_island,59,236,136.60819701268338,0.5788482924266245,1.396079421043396,2.4118226473309754,2.315393169706498
jacquelinehe/tinycomma-1.8b-llama3-tokenizer,bookmia.14.18,val,five_on_a_treasure_island,57,226,115.70465644309297,0.5119675063853671,4.0905375480651855,7.989838216385093,2.029906253387596
jacquelinehe/tinycomma-1.8b-llama3-tokenizer,bookmia.14.19,val,five_on_a_treasure_island,60,262,179.9298929446377,0.6867553165825866,5.98795223236084,8.719193121296719,2.9988315490772948
jacquelinehe/tinycomma-1.8b-llama3-tokenizer,bookmia.14.23,val,five_on_a_treasure_island,58,262,157.0563492514193,0.5994517147000736,2.8690543174743652,4.786130804396568,2.7078680905417123
jacquelinehe/tinycomma-1.8b-llama3-tokenizer,bookmia.14.24,val,five_on_a_treasure_island,65,265,192.3943497799337,0.7260164142639007,10.1787691116333,14.020026147691759,2.9599130735374413
jacquelinehe/tinycomma-1.8b-llama3-tokenizer,bookmia.14.27,val,five_on_a_treasure_island,56,258,151.94467431446537,0.5889328461800983,3.61325740814209,6.1352621637223805,2.713297755615453
jacquelinehe/tinycomma-1.8b-llama3-tokenizer,bookmia.14.28,val,five_on_a_treasure_island,63,252,176.50952267693356,0.7004346137973554,4.113955179850261,5.873432150285594,2.8017384551894216
jacquelinehe/tinycomma-1.8b-llama3-tokenizer,bookmia.14.29,val,five_on_a_treasure_island,59,258,194.9660970941186,0.7556825468764287,4.394878387451172,5.8157733106542615,3.304510120239298
jacquelinehe/tinycomma-1.8b-llama3-tokenizer,bookmia.14.33,val,five_on_a_treasure_island,61,270,159.93583469837904,0.5923549433273297,1.2742874357435439,2.1512227594248077,2.6218989294816235
jacquelinehe/tinycomma-1.8b-llama3-tokenizer,bookmia.14.34,val,five_on_a_treasure_island,56,263,177.35923650977202,0.6743697205694753,3.7034482955932617,5.491717944373101,3.167129223388786
jacquelinehe/tinycomma-1.8b-llama3-tokenizer,bookmia.14.35,val,five_on_a_treasure_island,60,262,170.17851903941482,0.649536332211507,4.598985036214192,7.080412300503363,2.8363086506569135
jacquelinehe/tinycomma-1.8b-llama3-tokenizer,bookmia.14.36,val,five_on_a_treasure_island,63,254,206.227052311413,0.8119175287850905,2.9234185218811035,3.600634816020722,3.2734452747843332
jacquelinehe/tinycomma-1.8b-llama3-tokenizer,bookmia.14.38,val,five_on_a_treasure_island,65,265,201.7464941367507,0.7613075250443423,2.93821382522583,3.859430950790476,3.1037922174884724
jacquelinehe/tinycomma-1.8b-llama3-tokenizer,bookmia.14.40,val,five_on_a_treasure_island,57,253,160.69283548556268,0.6351495473737655,9.128817558288574,14.372705760453849,2.8191725523782925
jacquelinehe/tinycomma-1.8b-llama3-tokenizer,bookmia.14.42,val,five_on_a_treasure_island,61,264,149.2443037033081,0.5653193322095004,5.788868427276611,10.239997285518847,2.446627929562428
jacquelinehe/tinycomma-1.8b-llama3-tokenizer,bookmia.14.44,val,five_on_a_treasure_island,65,266,169.4101280607283,0.6368801806794298,3.013610363006592,4.73183253997894,2.6063096624727433
jacquelinehe/tinycomma-1.8b-llama3-tokenizer,bookmia.14.46,val,five_on_a_treasure_island,57,234,149.3537079896778,0.6382637093575974,4.198897361755371,6.578624634606747,2.6202404910469785
jacquelinehe/tinycomma-1.8b-llama3-tokenizer,bookmia.14.47,val,five_on_a_treasure_island,67,243,165.0581342629157,0.6792515813288712,0.8639074128407699,1.2718518978647684,2.463554242730085
jacquelinehe/tinycomma-1.8b-llama3-tokenizer,bookmia.14.50,val,five_on_a_treasure_island,66,249,181.721425937023,0.7298049234418595,11.483735084533691,15.73534887977301,2.7533549384397427
jacquelinehe/tinycomma-1.8b-llama3-tokenizer,bookmia.14.51,val,five_on_a_treasure_island,55,264,150.66662696748972,0.5707069203314005,3.5476818084716797,6.216293656315919,2.739393217590722
jacquelinehe/tinycomma-1.8b-llama3-tokenizer,bookmia.14.52,val,five_on_a_treasure_island,56,252,151.07751393364742,0.5995139441811406,3.633075141906738,6.060034428171733,2.6978127488151324
jacquelinehe/tinycomma-1.8b-llama3-tokenizer,bookmia.14.54,val,five_on_a_treasure_island,65,263,145.77497014059918,0.5542774530060806,2.05932126726423,3.7153257021292525,2.2426918483169103
jacquelinehe/tinycomma-1.8b-llama3-tokenizer,bookmia.14.55,val,five_on_a_treasure_island,66,257,138.53890284709632,0.539061878782476,1.673469066619873,3.1044099619872334,2.0990742855620654
jacquelinehe/tinycomma-1.8b-llama3-tokenizer,bookmia.14.59,val,five_on_a_treasure_island,71,266,204.49985933303833,0.7687964636580389,1.7811816533406575,2.316844233212977,2.880279708916033
jacquelinehe/tinycomma-1.8b-llama3-tokenizer,bookmia.14.60,val,five_on_a_treasure_island,65,276,159.14536883647088,0.5766136552046046,0.9282364845275879,1.6098066290126516,2.4483902897918597
jacquelinehe/tinycomma-1.8b-llama3-tokenizer,bookmia.14.71,val,five_on_a_treasure_island,58,264,152.9958587079309,0.5795297678330715,3.8858814239501953,6.705231792458139,2.6378596328953603
jacquelinehe/tinycomma-1.8b-llama3-tokenizer,bookmia.14.72,val,five_on_a_treasure_island,55,270,160.29862216114998,0.5936986005968518,4.438512802124023,7.476037163742575,2.9145204029299996
jacquelinehe/tinycomma-1.8b-llama3-tokenizer,bookmia.14.73,val,five_on_a_treasure_island,60,252,184.12130632810295,0.730640104476599,3.9289848804473877,5.377455817679148,3.0686884388017157
jacquelinehe/tinycomma-1.8b-llama3-tokenizer,bookmia.14.74,val,five_on_a_treasure_island,72,289,216.7936010118574,0.7501508685531397,3.4782535552978517,4.636738689653942,3.0110222362757972
jacquelinehe/tinycomma-1.8b-llama3-tokenizer,bookmia.14.75,val,five_on_a_treasure_island,59,242,200.51485613826662,0.8285737856953166,3.013351058959961,3.6367926562282427,3.398556883699434
jacquelinehe/tinycomma-1.8b-llama3-tokenizer,bookmia.14.76,val,five_on_a_treasure_island,61,242,171.9407499488443,0.7104989667307616,1.8679379224777222,2.629050864173267,2.818700818833513
jacquelinehe/tinycomma-1.8b-llama3-tokenizer,bookmia.14.77,val,five_on_a_treasure_island,59,246,150.7460395488888,0.6127887786540195,6.236128807067871,10.17663675363871,2.5550176194726917
jacquelinehe/tinycomma-1.8b-llama3-tokenizer,bookmia.14.81,val,five_on_a_treasure_island,56,264,171.9107954178471,0.651177255370633,2.9074274698893228,4.4648787191353785,3.0698356324615554
jacquelinehe/tinycomma-1.8b-llama3-tokenizer,bookmia.14.84,val,five_on_a_treasure_island,55,247,132.6383044711547,0.5369971840937438,2.6442770957946777,4.924191735301662,2.4116055358391764
jacquelinehe/tinycomma-1.8b-llama3-tokenizer,bookmia.14.85,val,five_on_a_treasure_island,69,254,197.89756415621378,0.7791242683315504,3.71252179145813,4.764993136984786,2.868080639945127
jacquelinehe/tinycomma-1.8b-llama3-tokenizer,bookmia.14.86,val,five_on_a_treasure_island,62,245,189.58470918238163,0.773815139519925,3.378101030985514,4.3655142662125845,3.057817890038413
jacquelinehe/tinycomma-1.8b-llama3-tokenizer,bookmia.14.88,val,five_on_a_treasure_island,61,240,197.83900411520153,0.8243291838133397,2.9689709345499673,3.6016812128566564,3.2432623625442876
jacquelinehe/tinycomma-1.8b-llama3-tokenizer,bookmia.14.89,val,five_on_a_treasure_island,66,267,187.2444019439281,0.701289894921079,2.669149398803711,3.806057121504779,2.8370363930898197
jacquelinehe/tinycomma-1.8b-llama3-tokenizer,bookmia.14.90,val,five_on_a_treasure_island,58,228,138.31020952900872,0.6066237260044242,2.816667318344116,4.643186867906275,2.384658784982909
jacquelinehe/tinycomma-1.8b-llama3-tokenizer,bookmia.14.92,val,five_on_a_treasure_island,68,243,151.6334797544405,0.6240060895244465,3.3141539096832275,5.311092255860734,2.2299041140358895
jacquelinehe/tinycomma-1.8b-llama3-tokenizer,bookmia.14.97,val,five_on_a_treasure_island,62,268,163.22055648034438,0.6090319271654642,2.637096977233887,4.329981499504262,2.632589620650716
jacquelinehe/tinycomma-1.8b-llama3-tokenizer,bookmia.35.03,val,the_da_vinci_code,62,303,238.73778624553233,0.7879134859588526,15.541239738464355,19.724551001372213,3.8506094555731023
jacquelinehe/tinycomma-1.8b-llama3-tokenizer,bookmia.35.04,val,the_da_vinci_code,63,272,159.2666968611884,0.5855393266955455,11.19253921508789,19.114923122674412,2.5280428073204506
jacquelinehe/tinycomma-1.8b-llama3-tokenizer,bookmia.35.06,val,the_da_vinci_code,57,268,189.52086161077023,0.7071673940700381,2.167561690012614,3.0651323974899465,3.3249273966801796
jacquelinehe/tinycomma-1.8b-llama3-tokenizer,bookmia.35.07,val,the_da_vinci_code,64,296,173.3830789285712,0.5857536450289568,4.256719907124837,7.2670822337168826,2.709110608258925
jacquelinehe/tinycomma-1.8b-llama3-tokenizer,bookmia.35.08,val,the_da_vinci_code,58,220,146.6144802402705,0.6664294556375931,1.665515422821045,2.499162377550668,2.5278358662115603
jacquelinehe/tinycomma-1.8b-llama3-tokenizer,bookmia.35.09,val,the_da_vinci_code,65,266,222.60731927293818,0.8368696213268353,6.365878582000732,7.60677460356106,3.4247279888144337
jacquelinehe/tinycomma-1.8b-llama3-tokenizer,bookmia.35.10,val,the_da_vinci_code,61,271,204.2918433402665,0.7538444403699871,4.842262268066406,6.423423731413105,3.3490466121355165
jacquelinehe/tinycomma-1.8b-llama3-tokenizer,bookmia.35.12,val,the_da_vinci_code,64,279,201.67355970820063,0.7228443000293929,3.7433921813964846,5.178697793209779,3.151149370440635
jacquelinehe/tinycomma-1.8b-llama3-tokenizer,bookmia.35.16,val,the_da_vinci_code,71,298,209.56445945505402,0.7032364411243424,2.022878964742025,2.876527504046609,2.951612105000761
jacquelinehe/tinycomma-1.8b-llama3-tokenizer,bookmia.35.17,val,the_da_vinci_code,58,291,149.26341493194923,0.5129326973606503,2.4855812390645347,4.845823344572021,2.5735071539991248
jacquelinehe/tinycomma-1.8b-llama3-tokenizer,bookmia.35.20,val,the_da_vinci_code,78,274,305.56065431796014,1.1151848697735771,12.19559097290039,10.93593654599756,3.917444286127694
jacquelinehe/tinycomma-1.8b-llama3-tokenizer,bookmia.35.24,val,the_da_vinci_code,62,321,182.39295526733622,0.5682023528577452,5.208662033081055,9.166913876516615,2.941821859150584
jacquelinehe/tinycomma-1.8b-llama3-tokenizer,bookmia.35.25,val,the_da_vinci_code,66,293,169.16500911384355,0.5773549799107288,1.0261079533533617,1.7772566082516852,2.5631061986945993
jacquelinehe/tinycomma-1.8b-llama3-tokenizer,bookmia.35.28,val,the_da_vinci_code,65,299,286.1763465348631,0.9571115268724519,1.1283597264971053,1.1789218861298643,4.402713023613279
jacquelinehe/tinycomma-1.8b-llama3-tokenizer,bookmia.35.29,val,the_da_vinci_code,61,290,194.97677525051404,0.6723337077603933,2.2160284519195557,3.2960246174498,3.196340577877279
jacquelinehe/tinycomma-1.8b-llama3-tokenizer,bookmia.35.30,val,the_da_vinci_code,66,328,212.46709973714314,0.6477655479790949,2.630345106124878,4.060643722610832,3.2191984808658054
jacquelinehe/tinycomma-1.8b-llama3-tokenizer,bookmia.35.31,val,the_da_vinci_code,70,292,244.2844668601756,0.8365906399321082,2.8759304682413735,3.4376794706605414,3.4897780980025086
jacquelinehe/tinycomma-1.8b-llama3-tokenizer,bookmia.35.33,val,the_da_vinci_code,70,293,217.89187663886696,0.7436582820439146,2.0776580174764,2.793834302182504,3.1127410948409566
jacquelinehe/tinycomma-1.8b-llama3-tokenizer,bookmia.35.36,val,the_da_vinci_code,65,292,235.80951347321388,0.8075668269630613,3.735537528991699,4.625669856994468,3.6278386688186752
jacquelinehe/tinycomma-1.8b-llama3-tokenizer,bookmia.35.37,val,the_da_vinci_code,64,249,184.5085323600215,0.7409981219277971,5.967591762542725,8.053450590424312,2.882945818125336
jacquelinehe/tinycomma-1.8b-llama3-tokenizer,bookmia.35.39,val,the_da_vinci_code,73,295,278.65708500077017,0.944600288138204,15.021289825439453,15.902271060118178,3.8172203424763036
jacquelinehe/tinycomma-1.8b-llama3-tokenizer,bookmia.35.40,val,the_da_vinci_code,64,302,237.58703168178909,0.7867120254363877,7.568263053894043,9.620118682812738,3.7122973700279545
jacquelinehe/tinycomma-1.8b-llama3-tokenizer,bookmia.35.43,val,the_da_vinci_code,64,281,161.4711820963421,0.5746305412681213,4.625754992167155,8.049963689641043,2.522987220255345
jacquelinehe/tinycomma-1.8b-llama3-tokenizer,bookmia.35.44,val,the_da_vinci_code,69,308,230.52048259135336,0.7484431252966018,4.002573013305664,5.3478652926626555,3.3408765592949763
jacquelinehe/tinycomma-1.8b-llama3-tokenizer,bookmia.35.45,val,the_da_vinci_code,65,261,178.50728323240764,0.6839359510820217,4.814965883890788,7.04008303156643,2.7462658958831945
jacquelinehe/tinycomma-1.8b-llama3-tokenizer,bookmia.35.46,val,the_da_vinci_code,62,302,196.20682260097965,0.6496914655661578,3.159095525741577,4.862455016226296,3.1646261709835426
jacquelinehe/tinycomma-1.8b-llama3-tokenizer,bookmia.35.48,val,the_da_vinci_code,63,281,233.74710075330222,0.8318402162039225,4.47315788269043,5.377424408624471,3.7102714405286066
jacquelinehe/tinycomma-1.8b-llama3-tokenizer,bookmia.35.51,val,the_da_vinci_code,61,276,167.09694250291795,0.6054237047207173,2.8779924392700194,4.753683109579663,2.7392941393920975
jacquelinehe/tinycomma-1.8b-llama3-tokenizer,bookmia.35.56,val,the_da_vinci_code,66,266,216.8626691455138,0.8152731922763676,9.877823829650879,12.115967902820994,3.2857980173562695
jacquelinehe/tinycomma-1.8b-llama3-tokenizer,bookmia.35.57,val,the_da_vinci_code,67,288,229.78665143763646,0.7978703174917933,15.889165878295898,19.914471725487306,3.4296515139945742
jacquelinehe/tinycomma-1.8b-llama3-tokenizer,bookmia.35.59,val,the_da_vinci_code,57,259,184.42362466454506,0.7120603268901353,2.46378755569458,3.460082611897462,3.2355021870972815
jacquelinehe/tinycomma-1.8b-llama3-tokenizer,bookmia.35.60,val,the_da_vinci_code,61,283,194.56926584243774,0.6875239075704513,1.2836966037750244,1.867130131243447,3.189660095777668
jacquelinehe/tinycomma-1.8b-llama3-tokenizer,bookmia.35.61,val,the_da_vinci_code,69,294,180.0006295904459,0.6122470394232854,2.25926810503006,3.6901249978410817,2.608704776673129
jacquelinehe/tinycomma-1.8b-llama3-tokenizer,bookmia.35.62,val,the_da_vinci_code,69,302,221.77814771849808,0.7343647275446956,6.495754241943359,8.84540610176298,3.2141760538912765
jacquelinehe/tinycomma-1.8b-llama3-tokenizer,bookmia.35.63,val,the_da_vinci_code,65,284,239.38840399862966,0.8429169154881326,9.357279777526855,11.101070112121384,3.6828985230558406
jacquelinehe/tinycomma-1.8b-llama3-tokenizer,bookmia.35.67,val,the_da_vinci_code,62,283,190.68762047588825,0.6738078462045521,5.007870992024739,7.432194534737531,3.0756067818691655
jacquelinehe/tinycomma-1.8b-llama3-tokenizer,bookmia.35.68,val,the_da_vinci_code,67,252,198.24375809461344,0.7866815797405295,6.59127140045166,8.378575995926653,2.9588620611136336
jacquelinehe/tinycomma-1.8b-llama3-tokenizer,bookmia.35.69,val,the_da_vinci_code,59,277,195.2426237538457,0.7048470171618978,3.7114131450653076,5.265558418633168,3.309197012777046
jacquelinehe/tinycomma-1.8b-llama3-tokenizer,bookmia.35.74,val,the_da_vinci_code,67,275,182.26036479725735,0.6627649628991177,1.1951624155044556,1.8032975223622019,2.720303952197871
jacquelinehe/tinycomma-1.8b-llama3-tokenizer,bookmia.35.77,val,the_da_vinci_code,61,264,150.05125250830315,0.5683759564708453,9.767038345336914,17.184115960819874,2.459856598496773
jacquelinehe/tinycomma-1.8b-llama3-tokenizer,bookmia.35.79,val,the_da_vinci_code,55,282,190.67889097658917,0.6761662800588268,2.7478357315063477,4.063846146346258,3.466888926847076
jacquelinehe/tinycomma-1.8b-llama3-tokenizer,bookmia.35.83,val,the_da_vinci_code,70,291,218.92560637561837,0.7523216713938776,4.258453369140625,5.660415658704472,3.1275086625088337
jacquelinehe/tinycomma-1.8b-llama3-tokenizer,bookmia.35.84,val,the_da_vinci_code,66,297,218.22231733478839,0.7347552772215097,5.663017272949219,7.707351615580116,3.3063987474967935
jacquelinehe/tinycomma-1.8b-llama3-tokenizer,bookmia.35.87,val,the_da_vinci_code,67,254,204.51358205033466,0.8051715828753333,6.225938320159912,7.732436728487833,3.0524415231393234
jacquelinehe/tinycomma-1.8b-llama3-tokenizer,bookmia.35.88,val,the_da_vinci_code,60,288,147.5606528854696,0.5123633780745472,5.150719006856282,10.052863313948386,2.459344214757827
jacquelinehe/tinycomma-1.8b-llama3-tokenizer,bookmia.35.90,val,the_da_vinci_code,66,292,197.81459051813,0.677447227801815,7.019343376159668,10.361461510346832,2.997190765426212
jacquelinehe/tinycomma-1.8b-llama3-tokenizer,bookmia.35.94,val,the_da_vinci_code,63,283,205.776942294091,0.7271270045727597,2.0713047981262207,2.8486148707174803,3.2663006713347777
jacquelinehe/tinycomma-1.8b-llama3-tokenizer,bookmia.35.95,val,the_da_vinci_code,64,303,180.94231839780696,0.5971693676495279,5.036086718241374,8.433263645226019,2.8272237249657337
jacquelinehe/tinycomma-1.8b-llama3-tokenizer,bookmia.35.96,val,the_da_vinci_code,66,305,227.1821154995705,0.744859395080559,2.0195232118879045,2.7112811159070986,3.4421532651450075
jacquelinehe/tinycomma-1.8b-llama3-tokenizer,bookmia.35.97,val,the_da_vinci_code,68,298,244.88730008341372,0.8217694633671602,4.655251820882161,5.664912154082113,3.6012838247560843
jacquelinehe/tinycomma-1.8b-llama3-tokenizer,bookmia.45.00,val,things_fall_apart,76,262,276.22168361209333,1.0542812351606616,4.303130149841309,4.081577103272218,3.634495837001228
jacquelinehe/tinycomma-1.8b-llama3-tokenizer,bookmia.45.01,val,things_fall_apart,56,280,164.54376408830285,0.5876563003153673,4.808722813924153,8.18288310929967,2.9382815015768364
jacquelinehe/tinycomma-1.8b-llama3-tokenizer,bookmia.45.03,val,things_fall_apart,58,231,169.16471119225025,0.7323147670660184,4.960001468658447,6.773045815435949,2.9166329515905214
jacquelinehe/tinycomma-1.8b-llama3-tokenizer,bookmia.45.04,val,things_fall_apart,57,290,192.7520385775715,0.664662201991626,10.12612247467041,15.234990713068996,3.3816147118872193
jacquelinehe/tinycomma-1.8b-llama3-tokenizer,bookmia.45.05,val,things_fall_apart,61,247,186.3816645691404,0.7545816379317426,2.500105381011963,3.3132337911966467,3.055437124084269
jacquelinehe/tinycomma-1.8b-llama3-tokenizer,bookmia.45.07,val,things_fall_apart,61,265,159.83390225283802,0.6031468009541057,3.688749631245931,6.115840497555111,2.6202279057842297
jacquelinehe/tinycomma-1.8b-llama3-tokenizer,bookmia.45.08,val,things_fall_apart,64,238,181.15570208162535,0.7611584121076695,6.707920551300049,8.812778581433035,2.830557845025396
jacquelinehe/tinycomma-1.8b-llama3-tokenizer,bookmia.45.09,val,things_fall_apart,65,263,166.62715661665425,0.633563333143172,3.3144924640655518,5.231509291457916,2.563494717179296
jacquelinehe/tinycomma-1.8b-llama3-tokenizer,bookmia.45.11,val,things_fall_apart,61,254,173.28307368420064,0.682216825528349,4.562355677286784,6.687544936689926,2.8407061259705024
jacquelinehe/tinycomma-1.8b-llama3-tokenizer,bookmia.45.12,val,things_fall_apart,64,275,247.3203957771184,0.899346893734976,2.4143873850504556,2.6846007940534893,3.864381184017475
jacquelinehe/tinycomma-1.8b-llama3-tokenizer,bookmia.45.13,val,things_fall_apart,66,283,207.9569763778709,0.7348303052221586,3.950026194254557,5.3754263619549,3.150863278452589
jacquelinehe/tinycomma-1.8b-llama3-tokenizer,bookmia.45.15,val,things_fall_apart,64,252,199.75442023575306,0.7926762707767978,4.7130231857299805,5.945709944251726,3.1211628161836416
jacquelinehe/tinycomma-1.8b-llama3-tokenizer,bookmia.45.16,val,things_fall_apart,62,251,135.05453850049525,0.5380658904402201,2.770197868347168,5.148436125695912,2.178299008072504
jacquelinehe/tinycomma-1.8b-llama3-tokenizer,bookmia.45.17,val,things_fall_apart,60,286,216.57728604972363,0.7572632379360966,4.471126238505046,5.904322320849744,3.6096214341620603
jacquelinehe/tinycomma-1.8b-llama3-tokenizer,bookmia.45.24,val,things_fall_apart,59,255,136.80815447523491,0.5365025665695486,0.7121752970064442,1.3274406151682827,2.31878227924127
jacquelinehe/tinycomma-1.8b-llama3-tokenizer,bookmia.45.27,val,things_fall_apart,63,269,185.86914937349502,0.6909633805706135,0.8154559373855591,1.1801724379548693,2.9503039583094446
jacquelinehe/tinycomma-1.8b-llama3-tokenizer,bookmia.45.28,val,things_fall_apart,73,265,210.22025322692934,0.7932839744412428,4.4322710037231445,5.5872438452384685,2.8797294962593063
jacquelinehe/tinycomma-1.8b-llama3-tokenizer,bookmia.45.31,val,things_fall_apart,65,262,171.23600879206788,0.6535725526414804,8.30069351196289,12.700492819679756,2.6344001352625828
jacquelinehe/tinycomma-1.8b-llama3-tokenizer,bookmia.45.38,val,things_fall_apart,57,269,169.57813857973088,0.6304020021551333,1.3205878999498155,2.0948345586390396,2.975055062802296
jacquelinehe/tinycomma-1.8b-llama3-tokenizer,bookmia.45.39,val,things_fall_apart,66,262,188.9061368815601,0.7210157896242751,2.5959335962931314,3.600383838536858,2.8622141951751527
jacquelinehe/tinycomma-1.8b-llama3-tokenizer,bookmia.45.40,val,things_fall_apart,59,232,183.2524596536532,0.7898812916105742,1.6582489684224129,2.0993647856138358,3.1059738924348
jacquelinehe/tinycomma-1.8b-llama3-tokenizer,bookmia.45.41,val,things_fall_apart,61,261,212.7251491844654,0.8150388857642353,6.7639665603637695,8.298949508429182,3.487297527614187
jacquelinehe/tinycomma-1.8b-llama3-tokenizer,bookmia.45.44,val,things_fall_apart,66,283,231.79828598257154,0.8190752154861185,1.3149424658881292,1.6053989194480938,3.512095242160175
jacquelinehe/tinycomma-1.8b-llama3-tokenizer,bookmia.45.46,val,things_fall_apart,72,279,266.8379542902112,0.9564084383161692,2.0106155607435436,2.102256191176426,3.7060826984751554
jacquelinehe/tinycomma-1.8b-llama3-tokenizer,bookmia.45.47,val,things_fall_apart,70,267,182.95259711245308,0.6852157195222962,4.141859531402588,6.04460670325853,2.6136085301779013
jacquelinehe/tinycomma-1.8b-llama3-tokenizer,bookmia.45.48,val,things_fall_apart,60,254,199.75295634940267,0.7864289620055223,3.2364087104797363,4.115322383634456,3.329215939156711
jacquelinehe/tinycomma-1.8b-llama3-tokenizer,bookmia.45.49,val,things_fall_apart,59,300,191.86398607504088,0.6395466202501363,2.4382232666015624,3.812424597987769,3.2519319673735745
jacquelinehe/tinycomma-1.8b-llama3-tokenizer,bookmia.45.50,val,things_fall_apart,63,263,151.55588465952314,0.5762581165761337,0.8601327955722808,1.4926172331989052,2.4056489628495736
jacquelinehe/tinycomma-1.8b-llama3-tokenizer,bookmia.45.53,val,things_fall_apart,57,253,200.03192855417728,0.7906400338109774,4.315666834513347,5.458447144032573,3.509332079897847
jacquelinehe/tinycomma-1.8b-llama3-tokenizer,bookmia.45.56,val,things_fall_apart,57,263,210.9800249002874,0.8022054178718152,4.657467524210612,5.805829056311399,3.701403945619077
jacquelinehe/tinycomma-1.8b-llama3-tokenizer,bookmia.45.57,val,things_fall_apart,61,254,202.64782333478797,0.7978260761212125,4.147520383199056,5.198526981423115,3.322095464504721
jacquelinehe/tinycomma-1.8b-llama3-tokenizer,bookmia.45.58,val,things_fall_apart,71,253,241.13353325985372,0.9530969694065364,4.999165217081706,5.24518005780097,3.3962469473218833
jacquelinehe/tinycomma-1.8b-llama3-tokenizer,bookmia.45.59,val,things_fall_apart,60,269,152.16429394623265,0.565666520246218,3.5793778896331787,6.327717412151563,2.536071565770544
jacquelinehe/tinycomma-1.8b-llama3-tokenizer,bookmia.45.61,val,things_fall_apart,59,248,170.327492646873,0.6868044058341654,4.11323897043864,5.988952510348071,2.886906655031746
jacquelinehe/tinycomma-1.8b-llama3-tokenizer,bookmia.45.62,val,things_fall_apart,57,233,137.94969115778804,0.5920587603338543,3.0370519161224365,5.129646108791435,2.420170020312071
jacquelinehe/tinycomma-1.8b-llama3-tokenizer,bookmia.45.66,val,things_fall_apart,74,298,224.90252974210307,0.7547064756446412,4.186437606811523,5.547107043484196,3.0392233748932846
jacquelinehe/tinycomma-1.8b-llama3-tokenizer,bookmia.45.67,val,things_fall_apart,57,245,152.31082675699145,0.6216768439060876,4.670074462890625,7.512061143451727,2.6721197676665165
jacquelinehe/tinycomma-1.8b-llama3-tokenizer,bookmia.45.69,val,things_fall_apart,62,238,149.01901355426526,0.6261303090515347,5.4128570556640625,8.644936968254237,2.403532476681698
jacquelinehe/tinycomma-1.8b-llama3-tokenizer,bookmia.45.73,val,things_fall_apart,63,255,153.2609972623177,0.6010235186757557,9.274542808532715,15.431247730483921,2.432714242259011
jacquelinehe/tinycomma-1.8b-llama3-tokenizer,bookmia.45.74,val,things_fall_apart,72,284,191.487266657874,0.674250938936176,5.588289260864258,8.288144573712252,2.65954537024825
jacquelinehe/tinycomma-1.8b-llama3-tokenizer,bookmia.45.77,val,things_fall_apart,56,240,189.27934812556487,0.7886639505231869,4.767741521199544,6.045339739488157,3.379988359385087
jacquelinehe/tinycomma-1.8b-llama3-tokenizer,bookmia.45.79,val,things_fall_apart,65,275,273.93899138993584,0.996141786872494,4.560835202534993,4.578500031460662,4.214446021383628
jacquelinehe/tinycomma-1.8b-llama3-tokenizer,bookmia.45.80,val,things_fall_apart,60,234,165.29131078720093,0.7063731230222262,2.0508041381835938,2.903287329802701,2.754855179786682
jacquelinehe/tinycomma-1.8b-llama3-tokenizer,bookmia.45.85,val,things_fall_apart,61,261,180.20782427536324,0.6904514340052231,4.992737770080566,7.231120864096572,2.954226627464971
jacquelinehe/tinycomma-1.8b-llama3-tokenizer,bookmia.45.87,val,things_fall_apart,63,249,150.03656712951488,0.6025564944960436,2.8936315536499024,4.802257680535052,2.3815328115796013
jacquelinehe/tinycomma-1.8b-llama3-tokenizer,bookmia.45.89,val,things_fall_apart,62,288,196.8775276383967,0.6836025265222108,6.538198947906494,9.564328237885855,3.175443994167689
jacquelinehe/tinycomma-1.8b-llama3-tokenizer,bookmia.45.92,val,things_fall_apart,59,242,146.3655971166445,0.6048165170109276,3.9938027064005532,6.603329429788695,2.4807728324855
jacquelinehe/tinycomma-1.8b-llama3-tokenizer,bookmia.45.93,val,things_fall_apart,62,261,158.3986908921288,0.6068915359851678,4.241760889689128,6.989322866076015,2.5548175950343355
jacquelinehe/tinycomma-1.8b-llama3-tokenizer,bookmia.45.94,val,things_fall_apart,57,256,182.90764509141445,0.7144829886383377,3.7084344228108725,5.190374693004812,3.2089060542353414
jacquelinehe/tinycomma-1.8b-llama3-tokenizer,bookmia.45.95,val,things_fall_apart,58,294,179.41599428013433,0.6102584839460351,2.402579116821289,3.936986014984673,3.093379211726454
jacquelinehe/tinycomma-1.8b-llama3-tokenizer,bookmia.13.01,test,fifty_shades_of_grey,56,246,185.8816348030232,0.7556164016383057,5.641544342041016,7.466148603721653,3.319314907196843
jacquelinehe/tinycomma-1.8b-llama3-tokenizer,bookmia.13.03,test,fifty_shades_of_grey,78,272,240.6758528079081,0.8848376941467209,3.56721568107605,4.031491543221423,3.085587856511642
jacquelinehe/tinycomma-1.8b-llama3-tokenizer,bookmia.13.04,test,fifty_shades_of_grey,76,268,279.0745570496656,1.0413229740659165,3.7699499130249023,3.620346431333284,3.672033645390337
jacquelinehe/tinycomma-1.8b-llama3-tokenizer,bookmia.13.05,test,fifty_shades_of_grey,67,279,240.59444394614547,0.8623456772263278,3.167393207550049,3.6729971416308813,3.59096184994247
jacquelinehe/tinycomma-1.8b-llama3-tokenizer,bookmia.13.08,test,fifty_shades_of_grey,63,254,212.313263815362,0.835878991399063,6.773015022277832,8.102865476905231,3.3700518065930476
jacquelinehe/tinycomma-1.8b-llama3-tokenizer,bookmia.13.09,test,fifty_shades_of_grey,60,270,220.22444066032767,0.8156460765197321,4.217842102050781,5.171167033681849,3.6704073443387943
jacquelinehe/tinycomma-1.8b-llama3-tokenizer,bookmia.13.10,test,fifty_shades_of_grey,64,257,206.88128871656954,0.8049855592084418,5.127342700958252,6.369484076211341,3.232520136196399
jacquelinehe/tinycomma-1.8b-llama3-tokenizer,bookmia.13.12,test,fifty_shades_of_grey,64,251,222.052869156003,0.8846727854820836,6.972378412882487,7.881307673642338,3.469576080562547
jacquelinehe/tinycomma-1.8b-llama3-tokenizer,bookmia.13.13,test,fifty_shades_of_grey,76,257,275.87140741571784,1.0734296008393691,11.540063858032227,10.750648062069898,3.629886939680498
jacquelinehe/tinycomma-1.8b-llama3-tokenizer,bookmia.13.16,test,fifty_shades_of_grey,75,252,217.6526841572486,0.8637011276081293,3.6537506580352783,4.230341423952644,2.9020357887633144
jacquelinehe/tinycomma-1.8b-llama3-tokenizer,bookmia.13.18,test,fifty_shades_of_grey,73,268,206.1809888809221,0.7693320480631421,2.6334469318389893,3.4230303267216184,2.8243971079578367
jacquelinehe/tinycomma-1.8b-llama3-tokenizer,bookmia.13.22,test,fifty_shades_of_grey,71,293,274.90683457348496,0.9382485821620647,4.192096710205078,4.468002179704837,3.871927247513873
jacquelinehe/tinycomma-1.8b-llama3-tokenizer,bookmia.13.23,test,fifty_shades_of_grey,62,238,210.99868478812277,0.886549095748415,15.09460735321045,17.0262509155996,3.403204593356819
jacquelinehe/tinycomma-1.8b-llama3-tokenizer,bookmia.13.25,test,fifty_shades_of_grey,60,259,213.62511686980724,0.8248074010417268,3.95930777490139,4.800281580767593,3.5604186144967875
jacquelinehe/tinycomma-1.8b-llama3-tokenizer,bookmia.13.27,test,fifty_shades_of_grey,72,255,232.73565260320902,0.9126888337380746,18.540380477905273,20.31402137568611,3.232439619489014
jacquelinehe/tinycomma-1.8b-llama3-tokenizer,bookmia.13.29,test,fifty_shades_of_grey,68,254,164.17150198714808,0.646344496012394,1.1099763691425324,1.7173138720767385,2.4142867939286483
jacquelinehe/tinycomma-1.8b-llama3-tokenizer,bookmia.13.31,test,fifty_shades_of_grey,66,264,157.49680154421367,0.5965787937280821,2.2920708656311035,3.8420253782534197,2.3863151749123284
jacquelinehe/tinycomma-1.8b-llama3-tokenizer,bookmia.13.32,test,fifty_shades_of_grey,61,273,165.37050839420408,0.6057527780007476,2.393914985656738,3.951966994782455,2.7109919408885914
jacquelinehe/tinycomma-1.8b-llama3-tokenizer,bookmia.13.34,test,fifty_shades_of_grey,70,257,229.3828495843336,0.8925402707561618,3.740635299682617,4.19099890754906,3.2768978512047657
jacquelinehe/tinycomma-1.8b-llama3-tokenizer,bookmia.13.35,test,fifty_shades_of_grey,63,261,203.66516511514783,0.7803263031231717,6.5460968017578125,8.388922397665908,3.2327803986531403
jacquelinehe/tinycomma-1.8b-llama3-tokenizer,bookmia.13.37,test,fifty_shades_of_grey,58,248,183.25747241312638,0.7389414210206708,11.547898292541504,15.627623467893901,3.1596115933297653
jacquelinehe/tinycomma-1.8b-llama3-tokenizer,bookmia.13.41,test,fifty_shades_of_grey,67,278,228.70148473713198,0.8226672112846474,5.574403762817383,6.776013054066657,3.4134549960765965
jacquelinehe/tinycomma-1.8b-llama3-tokenizer,bookmia.13.42,test,fifty_shades_of_grey,61,244,174.67006477713585,0.7158609212177699,13.896595001220703,19.412422985153093,2.8634436848710796
jacquelinehe/tinycomma-1.8b-llama3-tokenizer,bookmia.13.43,test,fifty_shades_of_grey,66,270,219.12967948021833,0.8115914054822901,3.822646458943685,4.710062764491781,3.3201466587911868
jacquelinehe/tinycomma-1.8b-llama3-tokenizer,bookmia.13.44,test,fifty_shades_of_grey,64,283,222.7769407266751,0.7871976704122795,2.895226001739502,3.6778894432235596,3.4808896988542983
jacquelinehe/tinycomma-1.8b-llama3-tokenizer,bookmia.13.45,test,fifty_shades_of_grey,65,267,215.1717642126605,0.8058867573507884,4.272243976593018,5.301295669179714,3.3103348340409307
jacquelinehe/tinycomma-1.8b-llama3-tokenizer,bookmia.13.46,test,fifty_shades_of_grey,64,260,202.69072905974463,0.7795797271528639,4.131245295206706,5.299323662885131,3.16704264155851
jacquelinehe/tinycomma-1.8b-llama3-tokenizer,bookmia.13.47,test,fifty_shades_of_grey,60,279,226.8565747877583,0.8131060028235064,5.703463872273763,7.014416143120963,3.7809429131293046
jacquelinehe/tinycomma-1.8b-llama3-tokenizer,bookmia.13.51,test,fifty_shades_of_grey,57,272,183.49937983602285,0.6746300729265546,5.4478373527526855,8.07529573818121,3.2192873655442606
jacquelinehe/tinycomma-1.8b-llama3-tokenizer,bookmia.13.52,test,fifty_shades_of_grey,64,270,227.92564987402875,0.8441690736075139,6.967888832092285,8.254138951472557,3.561338279281699
jacquelinehe/tinycomma-1.8b-llama3-tokenizer,bookmia.13.53,test,fifty_shades_of_grey,67,298,254.83548490703106,0.8551526339162117,3.7310142517089844,4.362980482937449,3.803514700104941
jacquelinehe/tinycomma-1.8b-llama3-tokenizer,bookmia.13.54,test,fifty_shades_of_grey,68,265,215.04807024565525,0.8115021518703972,1.827411447252546,2.2518873708968266,3.162471621259636
jacquelinehe/tinycomma-1.8b-llama3-tokenizer,bookmia.13.58,test,fifty_shades_of_grey,65,258,206.6557180294767,0.8009911551530104,3.4482603073120117,4.30499174070568,3.1793187389150264
jacquelinehe/tinycomma-1.8b-llama3-tokenizer,bookmia.13.59,test,fifty_shades_of_grey,66,278,229.28814203618094,0.8247774893387804,3.9656121730804443,4.808099426015681,3.474062758123954
jacquelinehe/tinycomma-1.8b-llama3-tokenizer,bookmia.13.61,test,fifty_shades_of_grey,63,248,185.14890884887427,0.746568180842235,3.811000188191732,5.104691421341293,2.93887156902975
jacquelinehe/tinycomma-1.8b-llama3-tokenizer,bookmia.13.64,test,fifty_shades_of_grey,62,250,203.39332884922624,0.8135733153969049,6.346895217895508,7.801257855660064,3.280537562084294
jacquelinehe/tinycomma-1.8b-llama3-tokenizer,bookmia.13.67,test,fifty_shades_of_grey,78,269,270.20306186378,1.0044723489359852,8.722819328308105,8.68398153274004,3.4641418187664104
jacquelinehe/tinycomma-1.8b-llama3-tokenizer,bookmia.13.72,test,fifty_shades_of_grey,65,278,155.77907118108124,0.5603563711549685,3.880557060241699,6.925159166555666,2.3966010950935575
jacquelinehe/tinycomma-1.8b-llama3-tokenizer,bookmia.13.74,test,fifty_shades_of_grey,60,239,175.03280514478683,0.732354833241786,3.7343077659606934,5.0990416072366065,2.9172134190797805
jacquelinehe/tinycomma-1.8b-llama3-tokenizer,bookmia.13.75,test,fifty_shades_of_grey,63,261,251.18547376291826,0.9623964511989206,4.135860761006673,4.29746052768,3.987071012109814
jacquelinehe/tinycomma-1.8b-llama3-tokenizer,bookmia.13.79,test,fifty_shades_of_grey,63,246,207.424001513049,0.8431869980205244,1.2126092116038005,1.4381260793282344,3.2924444684610954
jacquelinehe/tinycomma-1.8b-llama3-tokenizer,bookmia.13.82,test,fifty_shades_of_grey,65,245,171.7729992866516,0.7011142828026596,14.331510543823242,20.44104776547119,2.642661527486948
jacquelinehe/tinycomma-1.8b-llama3-tokenizer,bookmia.13.83,test,fifty_shades_of_grey,59,224,176.24454653449357,0.7868060113147034,4.494555473327637,5.712406118780812,2.9871957039744674
jacquelinehe/tinycomma-1.8b-llama3-tokenizer,bookmia.13.85,test,fifty_shades_of_grey,65,247,178.04653526144102,0.7208361751475345,11.471075057983398,15.913567400575586,2.739177465560631
jacquelinehe/tinycomma-1.8b-llama3-tokenizer,bookmia.13.87,test,fifty_shades_of_grey,63,241,192.06128216022626,0.7969347807478268,11.052713394165039,13.869031269777693,3.048591780321052
jacquelinehe/tinycomma-1.8b-llama3-tokenizer,bookmia.13.93,test,fifty_shades_of_grey,68,260,198.48632307274966,0.763408934895191,9.379963874816895,12.286945365794908,2.9189165157757304
jacquelinehe/tinycomma-1.8b-llama3-tokenizer,bookmia.13.94,test,fifty_shades_of_grey,63,268,203.67454300960526,0.759979638095542,2.219843183244978,2.920924551094232,3.232929254120718
jacquelinehe/tinycomma-1.8b-llama3-tokenizer,bookmia.13.95,test,fifty_shades_of_grey,72,265,216.7145077236928,0.8177905951837464,4.4058003425598145,5.387443152938059,3.009923718384622
jacquelinehe/tinycomma-1.8b-llama3-tokenizer,bookmia.13.96,test,fifty_shades_of_grey,72,252,216.76071046723519,0.8601615494731555,2.477238972981771,2.8799694365541764,3.010565423156044
jacquelinehe/tinycomma-1.8b-llama3-tokenizer,bookmia.13.99,test,fifty_shades_of_grey,76,281,218.77674308652058,0.7785649220160875,3.184108352661133,4.08971463088256,2.8786413564015865
jacquelinehe/tinycomma-1.8b-llama3-tokenizer,bookmia.17.00,test,harry_potter_and_the_sorcerer's_stone,61,236,193.04618032788858,0.8179922895249516,14.500767707824707,17.727266984687613,3.164691480785059
jacquelinehe/tinycomma-1.8b-llama3-tokenizer,bookmia.17.03,test,harry_potter_and_the_sorcerer's_stone,68,273,184.1985780741088,0.6747200662055268,1.584468126296997,2.348334080543488,2.708802618736894
jacquelinehe/tinycomma-1.8b-llama3-tokenizer,bookmia.17.04,test,harry_potter_and_the_sorcerer's_stone,68,275,239.35147844301537,0.8703690125200558,13.936305046081543,16.011949926538097,3.5198746829855203
jacquelinehe/tinycomma-1.8b-llama3-tokenizer,bookmia.17.06,test,harry_potter_and_the_sorcerer's_stone,71,281,272.2488152589649,0.9688569938041456,15.189130783081055,15.6773712531527,3.834490355760069
jacquelinehe/tinycomma-1.8b-llama3-tokenizer,bookmia.17.08,test,harry_potter_and_the_sorcerer's_stone,64,246,204.80269812582992,0.8325312931944305,2.4288309097290037,2.917404942713392,3.2000421582160925
jacquelinehe/tinycomma-1.8b-llama3-tokenizer,bookmia.17.11,test,harry_potter_and_the_sorcerer's_stone,58,283,186.5926830843091,0.6593381027714103,8.304146766662598,12.594671431481961,3.2171152255915363
jacquelinehe/tinycomma-1.8b-llama3-tokenizer,bookmia.17.12,test,harry_potter_and_the_sorcerer's_stone,70,303,145.15911979552766,0.47907300262550384,2.2420201301574707,4.6799133281782535,2.0737017113646807
jacquelinehe/tinycomma-1.8b-llama3-tokenizer,bookmia.17.13,test,harry_potter_and_the_sorcerer's_stone,58,264,154.80153619591147,0.5863694552875435,6.437248229980469,10.978143851002224,2.668992003377784
jacquelinehe/tinycomma-1.8b-llama3-tokenizer,bookmia.17.14,test,harry_potter_and_the_sorcerer's_stone,64,254,155.8453593001468,0.6135644066934913,2.7438892364501952,4.472047606602637,2.435083739064794
jacquelinehe/tinycomma-1.8b-llama3-tokenizer,bookmia.17.16,test,harry_potter_and_the_sorcerer's_stone,64,274,200.27112611709163,0.7309165186755169,7.46567440032959,10.214127345018866,3.1292363455795567
jacquelinehe/tinycomma-1.8b-llama3-tokenizer,bookmia.17.18,test,harry_potter_and_the_sorcerer's_stone,63,270,165.59721778833773,0.6133230288456953,7.862860202789307,12.820096153225492,2.628527266481551
jacquelinehe/tinycomma-1.8b-llama3-tokenizer,bookmia.17.22,test,harry_potter_and_the_sorcerer's_stone,58,252,192.23405164992437,0.7628335382933507,4.3229217529296875,5.666926709333132,3.314380200860765
jacquelinehe/tinycomma-1.8b-llama3-tokenizer,bookmia.17.24,test,harry_potter_and_the_sorcerer's_stone,60,268,197.12709698919207,0.735548869362657,11.36493968963623,15.450964800590063,3.2854516164865344
jacquelinehe/tinycomma-1.8b-llama3-tokenizer,bookmia.17.26,test,harry_potter_and_the_sorcerer's_stone,67,262,221.31017401162535,0.8446953206550586,3.7665321826934814,4.4590423204576854,3.303136925546647
jacquelinehe/tinycomma-1.8b-llama3-tokenizer,bookmia.17.28,test,harry_potter_and_the_sorcerer's_stone,56,260,187.460345917003,0.7210013304500116,3.9593119621276855,5.491407289992778,3.3475061770893393
jacquelinehe/tinycomma-1.8b-llama3-tokenizer,bookmia.17.31,test,harry_potter_and_the_sorcerer's_stone,79,311,276.938885897398,0.8904787327890611,4.857364972432454,5.454779315412443,3.5055555176885824
jacquelinehe/tinycomma-1.8b-llama3-tokenizer,bookmia.17.32,test,harry_potter_and_the_sorcerer's_stone,63,226,212.304962312337,0.9394024881076859,2.748762607574463,2.926075502643725,3.3699200367037623
jacquelinehe/tinycomma-1.8b-llama3-tokenizer,bookmia.17.33,test,harry_potter_and_the_sorcerer's_stone,67,273,187.47901578930032,0.6867363215725286,4.538785934448242,6.609211995741054,2.798194265511945
jacquelinehe/tinycomma-1.8b-llama3-tokenizer,bookmia.17.35,test,harry_potter_and_the_sorcerer's_stone,72,275,212.35532425588463,0.7722011791123077,1.8210037231445313,2.358198578818393,2.949379503553953
jacquelinehe/tinycomma-1.8b-llama3-tokenizer,bookmia.17.38,test,harry_potter_and_the_sorcerer's_stone,69,279,212.10424970183522,0.7602302856696602,1.3027913969789826,1.7136799487426357,3.0739746333599305
jacquelinehe/tinycomma-1.8b-llama3-tokenizer,bookmia.17.41,test,harry_potter_and_the_sorcerer's_stone,62,291,238.43957059737295,0.8193799676885668,7.418517112731934,9.053818015174608,3.84579952576408
jacquelinehe/tinycomma-1.8b-llama3-tokenizer,bookmia.17.42,test,harry_potter_and_the_sorcerer's_stone,59,262,141.37060061166994,0.5395824450827097,1.4983302354812622,2.7768328068041415,2.396111874774067
jacquelinehe/tinycomma-1.8b-llama3-tokenizer,bookmia.17.45,test,harry_potter_and_the_sorcerer's_stone,65,248,184.85983023437439,0.7454025412676386,4.71177864074707,6.321119636557953,2.8439973882211445
jacquelinehe/tinycomma-1.8b-llama3-tokenizer,bookmia.17.49,test,harry_potter_and_the_sorcerer's_stone,75,290,267.22769216587767,0.9214748005719919,2.9591848373413088,3.2113573105899786,3.5630358955450356
jacquelinehe/tinycomma-1.8b-llama3-tokenizer,bookmia.17.51,test,harry_potter_and_the_sorcerer's_stone,64,244,157.99407410886488,0.6475166971674791,4.494590759277344,6.94127391453942,2.4686574079510137
jacquelinehe/tinycomma-1.8b-llama3-tokenizer,bookmia.17.55,test,harry_potter_and_the_sorcerer's_stone,57,276,150.16704231486074,0.5440834866480462,7.749595642089844,14.243394317723267,2.6345095142958024
jacquelinehe/tinycomma-1.8b-llama3-tokenizer,bookmia.17.58,test,harry_potter_and_the_sorcerer's_stone,56,267,187.03659701161087,0.7005115992944227,3.6239068508148193,5.173228900798976,3.339939232350194
jacquelinehe/tinycomma-1.8b-llama3-tokenizer,bookmia.17.62,test,harry_potter_and_the_sorcerer's_stone,64,251,200.79680289840326,0.7999872625434393,6.778536796569824,8.473305906169662,3.137450045287551
jacquelinehe/tinycomma-1.8b-llama3-tokenizer,bookmia.17.64,test,harry_potter_and_the_sorcerer's_stone,58,259,176.57047351403162,0.681739279976956,2.500678505216326,3.668086288501453,3.044318508862614
jacquelinehe/tinycomma-1.8b-llama3-tokenizer,bookmia.17.65,test,harry_potter_and_the_sorcerer's_stone,64,281,207.29637051722966,0.7377095036200344,2.971921920776367,4.028580228657443,3.2390057893317135
jacquelinehe/tinycomma-1.8b-llama3-tokenizer,bookmia.17.66,test,harry_potter_and_the_sorcerer's_stone,70,269,207.72429833759088,0.7722092875003378,6.729062080383301,8.714039301658046,2.9674899762512985
jacquelinehe/tinycomma-1.8b-llama3-tokenizer,bookmia.17.67,test,harry_potter_and_the_sorcerer's_stone,64,278,202.85133204888552,0.7296810505355594,5.102907498677571,6.9933397543107665,3.1695520632638363
jacquelinehe/tinycomma-1.8b-llama3-tokenizer,bookmia.17.68,test,harry_potter_and_the_sorcerer's_stone,68,279,213.9869638538221,0.7669783650674626,4.128979682922363,5.383436966385855,3.1468671154973835
jacquelinehe/tinycomma-1.8b-llama3-tokenizer,bookmia.17.69,test,harry_potter_and_the_sorcerer's_stone,62,277,218.93905635527335,0.7903937052536945,1.273551921049754,1.6112880360566373,3.531275102504409
jacquelinehe/tinycomma-1.8b-llama3-tokenizer,bookmia.17.73,test,harry_potter_and_the_sorcerer's_stone,65,245,223.95529863983393,0.9141032597544242,4.169277826944987,4.561057826295328,3.445466132920522
jacquelinehe/tinycomma-1.8b-llama3-tokenizer,bookmia.17.76,test,harry_potter_and_the_sorcerer's_stone,80,263,186.5830964313136,0.7094414312977704,0.8856616149346034,1.2483928564962383,2.33228870539142
jacquelinehe/tinycomma-1.8b-llama3-tokenizer,bookmia.17.77,test,harry_potter_and_the_sorcerer's_stone,69,275,220.66250256169587,0.8024091002243486,4.198456764221191,5.232314492753545,3.1980072835028386
jacquelinehe/tinycomma-1.8b-llama3-tokenizer,bookmia.17.79,test,harry_potter_and_the_sorcerer's_stone,70,290,252.80561439180747,0.8717434979027844,4.406768798828125,5.055120926545255,3.6115087770258207
jacquelinehe/tinycomma-1.8b-llama3-tokenizer,bookmia.17.80,test,harry_potter_and_the_sorcerer's_stone,62,286,134.55653864319902,0.47047740784335323,6.7118330001831055,14.266004888417148,2.1702667523096615
jacquelinehe/tinycomma-1.8b-llama3-tokenizer,bookmia.17.82,test,harry_potter_and_the_sorcerer's_stone,67,265,183.14648346730974,0.6911188055370179,13.517186164855957,19.558411747098592,2.7335296039896977
jacquelinehe/tinycomma-1.8b-llama3-tokenizer,bookmia.17.84,test,harry_potter_and_the_sorcerer's_stone,70,263,225.16078850220947,0.8561246711110626,14.318221092224121,16.724457985356505,3.2165826928887067
jacquelinehe/tinycomma-1.8b-llama3-tokenizer,bookmia.17.85,test,harry_potter_and_the_sorcerer's_stone,60,262,236.0145035535097,0.9008187158530905,9.097743034362793,10.09941609144641,3.933575059225162
jacquelinehe/tinycomma-1.8b-llama3-tokenizer,bookmia.17.86,test,harry_potter_and_the_sorcerer's_stone,66,273,188.37643326632679,0.6900235650781201,4.840030034383138,7.014296727438838,2.854188382823133
jacquelinehe/tinycomma-1.8b-llama3-tokenizer,bookmia.17.88,test,harry_potter_and_the_sorcerer's_stone,62,290,221.1409221276699,0.7625549038885169,2.1188997541155135,2.778684843950974,3.5667890665753212
jacquelinehe/tinycomma-1.8b-llama3-tokenizer,bookmia.17.89,test,harry_potter_and_the_sorcerer's_stone,64,275,185.31944707175717,0.6738888984427533,6.1470561027526855,9.121764903617679,2.8956163604962057
jacquelinehe/tinycomma-1.8b-llama3-tokenizer,bookmia.17.91,test,harry_potter_and_the_sorcerer's_stone,62,287,191.8058262016857,0.6683129832811349,1.612489276462131,2.412775625793605,3.0936423580917047
jacquelinehe/tinycomma-1.8b-llama3-tokenizer,bookmia.17.94,test,harry_potter_and_the_sorcerer's_stone,64,251,180.70322575443424,0.7199331703363914,4.545465151468913,6.313732077860822,2.823487902413035
jacquelinehe/tinycomma-1.8b-llama3-tokenizer,bookmia.17.95,test,harry_potter_and_the_sorcerer's_stone,57,241,177.6033121078508,0.7369432037670157,4.327768961588542,5.8725949835297815,3.1158475808394877
jacquelinehe/tinycomma-1.8b-llama3-tokenizer,bookmia.17.97,test,harry_potter_and_the_sorcerer's_stone,77,317,276.99842602945864,0.8738120694935604,3.422010803222656,3.9161862403731367,3.5973821562267356
jacquelinehe/tinycomma-1.8b-llama3-tokenizer,bookmia.17.98,test,harry_potter_and_the_sorcerer's_stone,77,292,229.2424325835891,0.7850768239164011,3.67136549949646,4.676441066215203,2.9771744491375207
jacquelinehe/tinycomma-1.8b-llama3-tokenizer,bookmia.22.01,test,lord_of_the_flies,72,282,218.44856183370575,0.7746402901904459,0.9183336221254789,1.1854968477042498,3.0340078032459132
jacquelinehe/tinycomma-1.8b-llama3-tokenizer,bookmia.22.02,test,lord_of_the_flies,65,260,204.47609991393983,0.7864465381305378,2.9576303482055666,3.7607519453720912,3.145786152522151
jacquelinehe/tinycomma-1.8b-llama3-tokenizer,bookmia.22.06,test,lord_of_the_flies,57,265,210.60340684698895,0.7947298371584488,10.933660507202148,13.75770733145666,3.694796611350683
jacquelinehe/tinycomma-1.8b-llama3-tokenizer,bookmia.22.07,test,lord_of_the_flies,56,252,189.84540660644416,0.7533547881208101,4.393931070963542,5.83248575604582,3.3900965465436457
jacquelinehe/tinycomma-1.8b-llama3-tokenizer,bookmia.22.08,test,lord_of_the_flies,67,261,187.16227743250784,0.7170968484004132,1.0728472736146715,1.4960981574634031,2.7934668273508634
jacquelinehe/tinycomma-1.8b-llama3-tokenizer,bookmia.22.10,test,lord_of_the_flies,72,271,242.1291809361428,0.89346561231049,5.093054294586182,5.700336111890878,3.362905290779761
jacquelinehe/tinycomma-1.8b-llama3-tokenizer,bookmia.22.11,test,lord_of_the_flies,71,264,203.51817775983363,0.7709021884842183,3.6068167686462402,4.678695718503694,2.8664532078849807
jacquelinehe/tinycomma-1.8b-llama3-tokenizer,bookmia.22.15,test,lord_of_the_flies,74,287,263.43757989327423,0.9179009752378893,8.387799263000488,9.138021953649902,3.5599672958550572
jacquelinehe/tinycomma-1.8b-llama3-tokenizer,bookmia.22.17,test,lord_of_the_flies,60,257,176.25664170645177,0.6858235085854154,4.19998041788737,6.123995992132554,2.9376106951075296
jacquelinehe/tinycomma-1.8b-llama3-tokenizer,bookmia.22.18,test,lord_of_the_flies,62,261,220.22459464427084,0.8437723932730683,4.3833802541097,5.194979462537495,3.5520095910366263
jacquelinehe/tinycomma-1.8b-llama3-tokenizer,bookmia.22.20,test,lord_of_the_flies,63,261,232.38754400139442,0.8903737318061089,4.251986980438232,4.775508113669464,3.6886911746253084
jacquelinehe/tinycomma-1.8b-llama3-tokenizer,bookmia.22.21,test,lord_of_the_flies,62,292,241.16384563903557,0.8259035809556012,2.4914261954171315,3.016606602594529,3.8897394457908963
jacquelinehe/tinycomma-1.8b-llama3-tokenizer,bookmia.22.26,test,lord_of_the_flies,60,282,227.04378816485405,0.8051198161874257,2.309898535410563,2.869012150699364,3.784063136080901
jacquelinehe/tinycomma-1.8b-llama3-tokenizer,bookmia.22.27,test,lord_of_the_flies,79,302,254.9639756415272,0.8442515749719444,3.0377485275268556,3.598155594353264,3.2273920967281926
jacquelinehe/tinycomma-1.8b-llama3-tokenizer,bookmia.22.28,test,lord_of_the_flies,68,268,215.99190934817307,0.8059399602543771,4.566876411437988,5.666521870930131,3.1763516080613687
jacquelinehe/tinycomma-1.8b-llama3-tokenizer,bookmia.22.29,test,lord_of_the_flies,60,263,218.15028981119394,0.8294687825520682,6.132005055745442,7.392689375094738,3.635838163519899
jacquelinehe/tinycomma-1.8b-llama3-tokenizer,bookmia.22.32,test,lord_of_the_flies,69,278,264.8535159579478,0.9527104890573662,5.202920277913411,5.461176650906091,3.8384567530137366
jacquelinehe/tinycomma-1.8b-llama3-tokenizer,bookmia.22.38,test,lord_of_the_flies,66,251,224.07045351236593,0.8927109701687885,2.6185216903686523,2.933224501401117,3.3950068713994837
jacquelinehe/tinycomma-1.8b-llama3-tokenizer,bookmia.22.39,test,lord_of_the_flies,54,248,188.40614004433155,0.7597021775981111,6.770983695983887,8.912681700335726,3.4890025934135473
jacquelinehe/tinycomma-1.8b-llama3-tokenizer,bookmia.22.43,test,lord_of_the_flies,60,267,207.47363918923656,0.777054828424107,6.3552727699279785,8.178667112611194,3.457893986487276
jacquelinehe/tinycomma-1.8b-llama3-tokenizer,bookmia.22.44,test,lord_of_the_flies,70,289,220.4944304502569,0.7629565067482939,4.504012743631999,5.903367628160111,3.1499204350036702
jacquelinehe/tinycomma-1.8b-llama3-tokenizer,bookmia.22.45,test,lord_of_the_flies,64,234,212.53212573798373,0.9082569475982211,3.82563845316569,4.212066269663163,3.320814464655996
jacquelinehe/tinycomma-1.8b-llama3-tokenizer,bookmia.22.46,test,lord_of_the_flies,60,251,164.2871148873819,0.6545303381967407,3.013411521911621,4.60392948356481,2.738118581456365
jacquelinehe/tinycomma-1.8b-llama3-tokenizer,bookmia.22.48,test,lord_of_the_flies,61,279,236.93261350691319,0.8492208369423412,4.255695978800456,5.011294817168271,3.8841412050313635
jacquelinehe/tinycomma-1.8b-llama3-tokenizer,bookmia.22.52,test,lord_of_the_flies,63,265,209.15244420943782,0.7892545064507087,6.345523357391357,8.03989499651676,3.319880066816473
jacquelinehe/tinycomma-1.8b-llama3-tokenizer,bookmia.22.53,test,lord_of_the_flies,60,269,183.95654972147895,0.6838533446895129,2.007630157470703,2.935761260891718,3.0659424953579824
jacquelinehe/tinycomma-1.8b-llama3-tokenizer,bookmia.22.57,test,lord_of_the_flies,66,256,271.6797017129138,1.0612488348160696,4.161478042602539,3.92130281426767,4.116359116862331
jacquelinehe/tinycomma-1.8b-llama3-tokenizer,bookmia.22.59,test,lord_of_the_flies,67,254,216.66632409393787,0.8530170239918814,2.6354869842529296,3.0896065496085727,3.2338257327453412
jacquelinehe/tinycomma-1.8b-llama3-tokenizer,bookmia.22.61,test,lord_of_the_flies,67,247,181.89692757843295,0.73642480800985,2.7583135604858398,3.7455467693165305,2.714879516096014
jacquelinehe/tinycomma-1.8b-llama3-tokenizer,bookmia.22.62,test,lord_of_the_flies,67,264,229.45013462097268,0.8691292978067147,4.276127179463704,4.920012695757347,3.4246288749398905
jacquelinehe/tinycomma-1.8b-llama3-tokenizer,bookmia.22.66,test,lord_of_the_flies,60,254,200.2783204872394,0.788497324752911,5.353417714436849,6.789392362383008,3.3379720081206568
jacquelinehe/tinycomma-1.8b-llama3-tokenizer,bookmia.22.67,test,lord_of_the_flies,61,252,190.80433878302574,0.7571600745358165,12.282526016235352,16.22183528861484,3.1279399800496024
jacquelinehe/tinycomma-1.8b-llama3-tokenizer,bookmia.22.68,test,lord_of_the_flies,70,266,248.39448010362685,0.9338138349760408,5.3152468999226885,5.691977031009681,3.548492572908955
jacquelinehe/tinycomma-1.8b-llama3-tokenizer,bookmia.22.70,test,lord_of_the_flies,56,238,164.48530115140602,0.6911147107201934,3.294145965576172,4.766424320708532,2.9372375205608217
jacquelinehe/tinycomma-1.8b-llama3-tokenizer,bookmia.22.77,test,lord_of_the_flies,63,239,156.94070822054346,0.6566556829311442,0.7184727155685864,1.0941391877726645,2.491122352707039
jacquelinehe/tinycomma-1.8b-llama3-tokenizer,bookmia.22.78,test,lord_of_the_flies,74,271,221.08545963093638,0.815813504173197,2.5026880900065103,3.0677208420849946,2.987641346364005
jacquelinehe/tinycomma-1.8b-llama3-tokenizer,bookmia.22.79,test,lord_of_the_flies,62,254,176.8408410141128,0.6962237835201291,4.496225674947103,6.458017926670137,2.852271629259884
jacquelinehe/tinycomma-1.8b-llama3-tokenizer,bookmia.22.85,test,lord_of_the_flies,63,271,210.5477988817729,0.7769291471652137,3.0649452209472656,3.9449481746570467,3.342028553678935
jacquelinehe/tinycomma-1.8b-llama3-tokenizer,bookmia.22.86,test,lord_of_the_flies,57,264,223.8861158322543,0.8480534690615693,6.197388648986816,7.307780552852006,3.9278265935483208
jacquelinehe/tinycomma-1.8b-llama3-tokenizer,bookmia.22.88,test,lord_of_the_flies,59,297,281.79289664234966,0.948797631792423,1.3322975294930595,1.4041956733978633,4.776150790548299
jacquelinehe/tinycomma-1.8b-llama3-tokenizer,bookmia.22.89,test,lord_of_the_flies,69,252,190.83909620228224,0.7572980008027073,3.0219883918762207,3.990487745475397,2.7657840029316265
jacquelinehe/tinycomma-1.8b-llama3-tokenizer,bookmia.22.90,test,lord_of_the_flies,61,250,197.19108841009438,0.7887643536403776,8.257282257080078,10.468630103490748,3.2326407936081045
jacquelinehe/tinycomma-1.8b-llama3-tokenizer,bookmia.22.91,test,lord_of_the_flies,74,257,210.1335580170853,0.8176403035684253,2.593870004018148,3.1723852074044396,2.8396426759065583
jacquelinehe/tinycomma-1.8b-llama3-tokenizer,bookmia.22.92,test,lord_of_the_flies,63,209,152.956878484576,0.7318510932276364,1.0999811887741089,1.5030122916438255,2.427886960072635
jacquelinehe/tinycomma-1.8b-llama3-tokenizer,bookmia.22.94,test,lord_of_the_flies,68,271,192.48710521892644,0.7102845211030496,6.611655235290527,9.308460256212305,2.8306927238077417
jacquelinehe/tinycomma-1.8b-llama3-tokenizer,bookmia.22.95,test,lord_of_the_flies,65,295,279.01887769199675,0.9458267040406669,12.767467498779297,13.498738663473329,4.292598118338412
jacquelinehe/tinycomma-1.8b-llama3-tokenizer,bookmia.22.96,test,lord_of_the_flies,72,302,240.87392174871638,0.7975957673798556,2.017740673489041,2.5297785620370403,3.3454711353988387
jacquelinehe/tinycomma-1.8b-llama3-tokenizer,bookmia.22.97,test,lord_of_the_flies,63,265,187.5370732434094,0.7076870688430543,5.427217483520508,7.668951041302857,2.976778940371578
jacquelinehe/tinycomma-1.8b-llama3-tokenizer,bookmia.22.98,test,lord_of_the_flies,63,294,214.78954829880968,0.7305766948939104,4.038261413574219,5.527498265135091,3.4093579095049154
jacquelinehe/tinycomma-1.8b-llama3-tokenizer,bookmia.22.99,test,lord_of_the_flies,63,258,214.46431781398132,0.8312570457906253,8.89059829711914,10.695365942628628,3.4041955208568466
