prompt_id,rank,reward
tqa0,0,-0.514045
tqa0,1,-0.512854
tqa0,2,-37.187500
tqa0,3,-0.486238
tqa0,4,-0.070446
tqa0,5,-0.299583
tqa0,6,-0.450951
tqa0,7,-36.500000
tqa0,8,-0.388574
tqa0,9,-0.225401
tqa0,10,-34.125000
tqa0,11,-0.415880
tqa0,12,-0.418088
tqa0,13,-36.562500
tqa0,14,-0.418805
tqa0,15,-0.449512
tqa0,16,-0.447395
tqa0,17,-0.391516
tqa0,18,-0.448826
tqa0,19,-36.062500
tqa0,20,-0.194107
tqa0,21,-0.423004
tqa0,22,-0.451335
tqa0,23,-36.437500
tqa0,24,-0.483349
tqa0,25,-0.483357
tqa0,26,-35.500000
tqa0,27,-0.545723
tqa0,28,-0.512851
tqa0,29,-0.509572
tqa0,30,-35.812500
tqa0,31,-0.484015
tqa0,32,-34.625000
tqa0,33,-0.295691
tqa0,34,-0.387847
tqa0,35,-0.481048
tqa0,36,-36.500000
tqa0,37,-0.169668
tqa0,38,-0.041791
tqa0,39,-0.328754
tqa0,40,-0.448829
tqa0,41,-0.424448
tqa0,42,-37.250000
tqa0,43,-0.453043
tqa0,44,-0.514482
tqa0,45,-37.312500
tqa0,46,-0.452105
tqa0,47,-0.105282
tqa0,48,-37.562500
tqa0,49,-0.269149
tqa0,50,-0.482192
tqa0,51,-0.482932
tqa0,52,-0.447100
tqa0,53,-0.324015
tqa0,54,-0.450528
tqa0,55,-35.437500
tqa0,56,-0.422274
tqa0,57,-31.000000
tqa0,58,-0.484546
tqa0,59,-0.454236
tqa0,60,-38.250000
tqa0,61,-0.515120
tqa0,62,-0.511144
tqa0,63,-0.134218
tqa1,0,-0.509702
tqa1,1,-0.389472
tqa1,2,-33.750000
tqa1,3,-0.542591
tqa1,4,-0.543609
tqa1,5,-35.875000
tqa1,6,-0.222822
tqa1,7,-0.575829
tqa1,8,-0.545704
tqa1,9,-0.361768
tqa1,10,-0.541637
tqa1,11,-37.062500
tqa1,12,-0.511179
tqa1,13,-35.625000
tqa1,14,-0.511179
tqa1,15,-0.260530
tqa1,16,-36.687500
tqa1,17,-0.547041
tqa1,18,-0.573357
tqa1,19,-0.575829
tqa1,20,-0.542274
tqa1,21,-36.250000
tqa1,22,-0.416496
tqa1,23,-0.277841
tqa1,24,-0.166469
tqa1,25,-0.515094
tqa1,26,-0.515565
tqa1,27,-33.375000
tqa1,28,-0.396212
tqa1,29,-34.375000
tqa1,30,-0.421613
tqa1,31,-0.395177
tqa1,32,-0.408016
tqa1,33,-18.875000
tqa1,34,-0.325572
tqa1,35,-0.389626
tqa1,36,-26.500000
tqa1,37,-0.389626
tqa1,38,-0.325572
tqa1,39,-0.389626
tqa1,40,-37.750000
tqa1,41,-0.543422
tqa1,42,-0.480253
tqa1,43,-0.450050
tqa1,44,-32.250000
tqa1,45,-0.542259
tqa1,46,-0.575829
tqa1,47,-0.575829
tqa1,48,-0.315515
tqa1,49,-0.574502
tqa1,50,-33.625000
tqa1,51,-0.190699
tqa1,52,24.125000
tqa1,53,-12.999998
tqa1,54,-3.124942
tqa1,55,-0.377526
tqa1,56,-38.875000
tqa1,57,-0.544758
tqa1,58,-0.573336
tqa1,59,-0.573506
tqa1,60,24.000000
tqa1,61,-34.500000
tqa1,62,-13.499998
tqa1,63,24.000000
tqa2,0,-0.455569
tqa2,1,-0.514242
tqa2,2,-0.486168
tqa2,3,-33.250000
tqa2,4,-0.265343
tqa2,5,24.250000
tqa2,6,24.250000
tqa2,7,24.250000
tqa2,8,-0.455569
tqa2,9,-0.485504
tqa2,10,-26.500000
tqa2,11,-0.455569
tqa2,12,24.250000
tqa2,13,-0.076962
tqa2,14,-0.390483
tqa2,15,24.250000
tqa2,16,-30.000000
tqa2,17,-0.484772
tqa2,18,-0.513577
tqa2,19,-0.513787
tqa2,20,-0.263416
tqa2,21,-0.292190
tqa2,22,24.250000
tqa2,23,24.250000
tqa2,24,-0.481926
tqa2,25,-0.451284
tqa2,26,-0.451284
tqa2,27,-9.500000
tqa2,28,25.875000
tqa2,29,25.875000
tqa2,30,26.500000
tqa2,31,26.500000
tqa2,32,-0.481058
tqa2,33,-0.481058
tqa2,34,-0.542343
tqa2,35,-26.000000
tqa2,36,-0.478966
tqa2,37,-0.451284
tqa2,38,-0.446429
tqa2,39,-1.249994
tqa2,40,-0.481061
tqa2,41,-26.000000
tqa2,42,-0.450667
tqa2,43,-0.481613
tqa2,44,-0.480519
tqa2,45,-29.375000
tqa2,46,-0.513587
tqa2,47,-0.134576
tqa2,48,24.125000
tqa2,49,24.125000
tqa2,50,24.125000
tqa2,51,24.125000
tqa2,52,24.250000
tqa2,53,-0.076962
tqa2,54,24.250000
tqa2,55,-0.263416
tqa2,56,-0.389896
tqa2,57,-0.074774
tqa2,58,24.750000
tqa2,59,-0.420299
tqa2,60,24.250000
tqa2,61,24.250000
tqa2,62,24.250000
tqa2,63,-0.076962
tqa3,0,-0.329480
tqa3,1,-0.418902
tqa3,2,-36.562500
tqa3,3,-0.420076
tqa3,4,-35.000000
tqa3,5,-0.356301
tqa3,6,-0.355415
tqa3,7,-0.357178
tqa3,8,-0.387208
tqa3,9,-0.476207
tqa3,10,-35.687500
tqa3,11,-0.416954
tqa3,12,-35.437500
tqa3,13,-0.357973
tqa3,14,-0.386309
tqa3,15,-0.352886
tqa3,16,-0.419166
tqa3,17,-0.068739
tqa3,18,-0.326749
tqa3,19,-35.375000
tqa3,20,-0.478124
tqa3,21,-0.419491
tqa3,22,-0.418729
tqa3,23,-35.375000
tqa3,24,-34.312500
tqa3,25,-0.416459
tqa3,26,-0.419888
tqa3,27,-0.451133
tqa3,28,-34.125000
tqa3,29,-0.295425
tqa3,30,-0.329464
tqa3,31,-0.387372
tqa3,32,-0.138967
tqa3,33,-32.250000
tqa3,34,-0.357562
tqa3,35,-0.355934
tqa3,36,-0.422453
tqa3,37,-29.125000
tqa3,38,-0.477629
tqa3,39,-0.323994
tqa3,40,-0.446847
tqa3,41,-0.357999
tqa3,42,-32.500000
tqa3,43,-0.388829
tqa3,44,-0.421744
tqa3,45,-27.250000
tqa3,46,-0.386503
tqa3,47,-0.448375
tqa3,48,-0.390326
tqa3,49,-0.415241
tqa3,50,-37.062500
tqa3,51,-0.099719
tqa3,52,-0.451133
tqa3,53,-0.449973
tqa3,54,-36.562500
tqa3,55,-0.419283
tqa3,56,-0.356295
tqa3,57,-0.385973
tqa3,58,-0.193722
tqa3,59,-34.937500
tqa3,60,-0.510983
tqa3,61,-0.542560
tqa3,62,-35.750000
tqa3,63,-0.450652
tqa4,0,-0.514616
tqa4,1,-37.375000
tqa4,2,-0.516992
tqa4,3,-0.546815
tqa4,4,-35.312500
tqa4,5,-0.451470
tqa4,6,-0.482520
tqa4,7,-0.482710
tqa4,8,-0.162761
tqa4,9,-35.687500
tqa4,10,-0.576777
tqa4,11,-0.577548
tqa4,12,-36.937500
tqa4,13,-0.417727
tqa4,14,-0.381984
tqa4,15,-0.325069
tqa4,16,-0.604910
tqa4,17,-0.577186
tqa4,18,4.250000
tqa4,19,-0.637204
tqa4,20,-0.512693
tqa4,21,-0.513986
tqa4,22,-37.250000
tqa4,23,-0.512693
tqa4,24,-32.750000
tqa4,25,-32.750000
tqa4,26,-34.375000
tqa4,27,-18.875000
tqa4,28,-0.259554
tqa4,29,-0.196855
tqa4,30,-19.750000
tqa4,31,-0.345579
tqa4,32,-0.456244
tqa4,33,-34.625000
tqa4,34,-0.325001
tqa4,35,-0.455176
tqa4,36,-0.576913
tqa4,37,-0.484552
tqa4,38,-33.125000
tqa4,39,-0.516026
tqa4,40,-0.636848
tqa4,41,-0.574706
tqa4,42,-33.750000
tqa4,43,-0.546971
tqa4,44,-0.385078
tqa4,45,-0.414208
tqa4,46,-0.354359
tqa4,47,-21.500000
tqa4,48,-0.455789
tqa4,49,-0.545941
tqa4,50,-0.545941
tqa4,51,-33.125000
tqa4,52,-19.750000
tqa4,53,-0.196855
tqa4,54,-0.345579
tqa4,55,-0.166704
tqa4,56,-32.500000
tqa4,57,-0.516012
tqa4,58,-0.516025
tqa4,59,-0.546812
tqa4,60,-0.516012
tqa4,61,-0.454484
tqa4,62,-30.250000
tqa4,63,-0.454484
tqa5,0,-0.482523
tqa5,1,-0.509916
tqa5,2,-35.000000
tqa5,3,-0.510375
tqa5,4,-35.000000
tqa5,5,-0.576566
tqa5,6,-0.514638
tqa5,7,-33.625000
tqa5,8,-0.196864
tqa5,9,-24.625000
tqa5,10,-0.414706
tqa5,11,-0.317701
tqa5,12,-0.227219
tqa5,13,-0.539835
tqa5,14,-34.375000
tqa5,15,-0.512869
tqa5,16,-32.625000
tqa5,17,-0.510375
tqa5,18,-0.450874
tqa5,19,-0.542101
tqa5,20,-30.000000
tqa5,21,-0.604931
tqa5,22,-0.484775
tqa5,23,-0.198951
tqa5,24,-33.875000
tqa5,25,-0.514483
tqa5,26,-0.514282
tqa5,27,-0.542952
tqa5,28,-0.415333
tqa5,29,-0.169327
tqa5,30,-30.625000
tqa5,31,-0.476501
tqa5,32,-0.329744
tqa5,33,-0.513867
tqa5,34,-0.485510
tqa5,35,-36.187500
tqa5,36,-0.511178
tqa5,37,-0.542107
tqa5,38,-31.000000
tqa5,39,-0.509915
tqa5,40,-0.299380
tqa5,41,-0.481624
tqa5,42,-31.875000
tqa5,43,-0.510695
tqa5,44,-0.515112
tqa5,45,-0.544709
tqa5,46,-0.544513
tqa5,47,-28.500000
tqa5,48,-0.359548
tqa5,49,-35.437500
tqa5,50,-0.134928
tqa5,51,-0.415610
tqa5,52,-0.444203
tqa5,53,-0.476869
tqa5,54,-34.500000
tqa5,55,0.055584
tqa5,56,-0.292109
tqa5,57,-35.250000
tqa5,58,-0.511956
tqa5,59,-36.812500
tqa5,60,-32.125000
tqa5,61,-0.511704
tqa5,62,-0.455181
tqa5,63,-0.574448
tqa6,0,-0.513843
tqa6,1,-0.570860
tqa6,2,-0.510825
tqa6,3,-33.625000
tqa6,4,-6.124957
tqa6,5,-0.349438
tqa6,6,-6.624967
tqa6,7,-7.499969
tqa6,8,-0.512115
tqa6,9,-0.512115
tqa6,10,-0.513843
tqa6,11,-26.375000
tqa6,12,-0.225824
tqa6,13,-0.225824
tqa6,14,-15.999999
tqa6,15,-0.198942
tqa6,16,-1.499939
tqa6,17,2.750010
tqa6,18,-0.349438
tqa6,19,2.250010
tqa6,20,-1.249943
tqa6,21,-5.999954
tqa6,22,11.500001
tqa6,23,2.500010
tqa6,24,-0.452340
tqa6,25,-35.750000
tqa6,26,-0.422058
tqa6,27,-0.446607
tqa6,28,-14.874999
tqa6,29,-14.874999
tqa6,30,-1.249943
tqa6,31,-6.999974
tqa6,32,-0.476972
tqa6,33,-8.499998
tqa6,34,-0.479244
tqa6,35,-0.476178
tqa6,36,-25.250000
tqa6,37,-24.375000
tqa6,38,-24.375000
tqa6,39,-28.500000
tqa6,40,-0.105186
tqa6,41,-0.258180
tqa6,42,-0.291718
tqa6,43,-18.750000
tqa6,44,-6.999974
tqa6,45,-24.375000
tqa6,46,-3.624928
tqa6,47,-6.999974
tqa6,48,-14.874999
tqa6,49,-3.624928
tqa6,50,-6.999974
tqa6,51,-27.625000
tqa6,52,-6.999974
tqa6,53,-7.124967
tqa6,54,-24.375000
tqa6,55,-33.375000
tqa6,56,-1.249943
tqa6,57,-7.124967
tqa6,58,2.500010
tqa6,59,-7.124967
tqa6,60,-0.511675
tqa6,61,-0.480244
tqa6,62,-27.250000
tqa6,63,-0.447706
tqa7,0,-35.375000
tqa7,1,-0.540345
tqa7,2,-0.449616
tqa7,3,-0.512860
tqa7,4,-0.358648
tqa7,5,-0.417920
tqa7,6,-0.509493
tqa7,7,-35.500000
tqa7,8,-0.513451
tqa7,9,-0.541157
tqa7,10,-35.937500
tqa7,11,-0.481997
tqa7,12,-0.477979
tqa7,13,-0.448836
tqa7,14,-0.447860
tqa7,15,-36.187500
tqa7,16,-0.385813
tqa7,17,-0.354407
tqa7,18,-0.384487
tqa7,19,-38.312500
tqa7,20,-0.452820
tqa7,21,-0.479910
tqa7,22,-0.512860
tqa7,23,-0.999996
tqa7,24,-0.507128
tqa7,25,-27.625000
tqa7,26,-0.477580
tqa7,27,-0.476748
tqa7,28,-0.259789
tqa7,29,-0.374989
tqa7,30,-0.163117
tqa7,31,-0.192640
tqa7,32,-0.259789
tqa7,33,-30.000000
tqa7,34,-0.259791
tqa7,35,-0.223664
tqa7,36,-0.197572
tqa7,37,-0.448628
tqa7,38,-0.387007
tqa7,39,-34.000000
tqa7,40,-30.375000
tqa7,41,-0.196465
tqa7,42,-0.104528
tqa7,43,-0.103465
tqa7,44,-0.513238
tqa7,45,-32.750000
tqa7,46,-0.481061
tqa7,47,-33.000000
tqa7,48,-26.125000
tqa7,49,-0.356411
tqa7,50,-0.326904
tqa7,51,-0.384360
tqa7,52,-0.229690
tqa7,53,-23.000000
tqa7,54,-0.102713
tqa7,55,-0.288753
tqa7,56,-0.163015
tqa7,57,-0.194065
tqa7,58,-0.263042
tqa7,59,-30.750000
tqa7,60,-35.250000
tqa7,61,-0.452820
tqa7,62,-0.511007
tqa7,63,-0.480700
tqa8,0,-0.572303
tqa8,1,-21.875000
tqa8,2,-0.541938
tqa8,3,-28.625000
tqa8,4,-0.479604
tqa8,5,-27.125000
tqa8,6,-0.388072
tqa8,7,-0.479129
tqa8,8,-0.478365
tqa8,9,-0.229609
tqa8,10,-27.625000
tqa8,11,-0.036301
tqa8,12,-0.263414
tqa8,13,26.375000
tqa8,14,-0.453772
tqa8,15,26.375000
tqa8,16,-0.519300
tqa8,17,-27.875000
tqa8,18,-0.519300
tqa8,19,-0.451911
tqa8,20,-0.512302
tqa8,21,-26.750000
tqa8,22,-0.541616
tqa8,23,-0.263434
tqa8,24,-0.519592
tqa8,25,-0.519592
tqa8,26,-0.519592
tqa8,27,-30.375000
tqa8,28,-26.125000
tqa8,29,-0.041103
tqa8,30,-0.484088
tqa8,31,-0.518190
tqa8,32,-0.415341
tqa8,33,-0.415341
tqa8,34,-11.250000
tqa8,35,-0.041399
tqa8,36,-0.479604
tqa8,37,-0.258213
tqa8,38,-31.750000
tqa8,39,-0.355024
tqa8,40,-0.386346
tqa8,41,-0.241039
tqa8,42,-0.134931
tqa8,43,-15.500000
tqa8,44,-0.519300
tqa8,45,-0.519300
tqa8,46,-26.250000
tqa8,47,-0.170934
tqa8,48,-0.266753
tqa8,49,-0.324635
tqa8,50,-0.506600
tqa8,51,-28.875000
tqa8,52,-0.538340
tqa8,53,-30.500000
tqa8,54,-27.500000
tqa8,55,-0.480874
tqa8,56,-0.515970
tqa8,57,-0.545104
tqa8,58,-33.062500
tqa8,59,-0.540003
tqa8,60,-0.512302
tqa8,61,-31.250000
tqa8,62,-0.512302
tqa8,63,-33.125000
tqa9,0,-0.538684
tqa9,1,-0.507757
tqa9,2,-35.312500
tqa9,3,-0.352223
tqa9,4,-0.189379
tqa9,5,-37.500000
tqa9,6,-0.445016
tqa9,7,-37.625000
tqa9,8,-0.540082
tqa9,9,-37.562500
tqa9,10,-0.538897
tqa9,11,-0.541002
tqa9,12,-0.474416
tqa9,13,-0.511118
tqa9,14,-32.250000
tqa9,15,-0.476278
tqa9,16,-38.875000
tqa9,17,-0.223333
tqa9,18,-0.295896
tqa9,19,-0.285874
tqa9,20,-0.263034
tqa9,21,-0.445944
tqa9,22,-0.445026
tqa9,23,-37.375000
tqa9,24,-0.476162
tqa9,25,-36.500000
tqa9,26,-0.384797
tqa9,27,-0.351199
tqa9,28,-0.355594
tqa9,29,-0.358211
tqa9,30,-0.506884
tqa9,31,-37.000000
tqa9,32,-0.129533
tqa9,33,-0.388589
tqa9,34,-16.125000
tqa9,35,-0.446072
tqa9,36,-0.131175
tqa9,37,-37.687500
tqa9,38,-36.250000
tqa9,39,-0.385945
tqa9,40,-0.262462
tqa9,41,-0.158051
tqa9,42,-0.478643
tqa9,43,-16.375000
tqa9,44,-0.999999
tqa9,45,-0.414955
tqa9,46,-0.510047
tqa9,47,-0.072100
tqa9,48,-0.420700
tqa9,49,-0.477672
tqa9,50,-0.412931
tqa9,51,-34.000000
tqa9,52,-0.386300
tqa9,53,-0.292567
tqa9,54,-32.250000
tqa9,55,-0.352808
tqa9,56,-0.129216
tqa9,57,-37.500000
tqa9,58,-0.508958
tqa9,59,-0.292924
tqa9,60,-0.476945
tqa9,61,-0.506575
tqa9,62,-3.749996
tqa9,63,-0.254444
tqa10,0,-10.999994
tqa10,1,1.625021
tqa10,2,-0.385614
tqa10,3,-31.750000
tqa10,4,-30.625000
tqa10,5,23.250000
tqa10,6,-0.322573
tqa10,7,23.250000
tqa10,8,-31.625000
tqa10,9,-31.750000
tqa10,10,23.375000
tqa10,11,1.500021
tqa10,12,-0.352424
tqa10,13,23.250000
tqa10,14,-31.750000
tqa10,15,-34.750000
tqa10,16,1.500021
tqa10,17,-11.374996
tqa10,18,-13.499999
tqa10,19,23.375000
tqa10,20,-10.999994
tqa10,21,-33.000000
tqa10,22,-10.999994
tqa10,23,-0.382730
tqa10,24,-31.750000
tqa10,25,-0.352424
tqa10,26,23.250000
tqa10,27,23.250000
tqa10,28,-0.196183
tqa10,29,0.625033
tqa10,30,-0.197798
tqa10,31,-0.416337
tqa10,32,23.250000
tqa10,33,-0.350551
tqa10,34,-31.750000
tqa10,35,-0.382730
tqa10,36,23.375000
tqa10,37,-31.750000
tqa10,38,-34.750000
tqa10,39,23.375000
tqa10,40,-0.511681
tqa10,41,-22.250000
tqa10,42,-0.513646
tqa10,43,-0.483571
tqa10,44,0.625033
tqa10,45,-0.197798
tqa10,46,-0.197798
tqa10,47,-0.255937
tqa10,48,1.500021
tqa10,49,23.375000
tqa10,50,23.375000
tqa10,51,1.500021
tqa10,52,-30.500000
tqa10,53,-11.374996
tqa10,54,23.375000
tqa10,55,1.500021
tqa10,56,-11.374996
tqa10,57,-31.750000
tqa10,58,-31.750000
tqa10,59,23.375000
tqa10,60,-0.478368
tqa10,61,-0.539242
tqa10,62,-32.375000
tqa10,63,-0.541444
tqa11,0,-0.510221
tqa11,1,-0.451317
tqa11,2,-32.625000
tqa11,3,-0.506685
tqa11,4,-11.874997
tqa11,5,-31.625000
tqa11,6,-14.374999
tqa11,7,9.125000
tqa11,8,-14.374999
tqa11,9,-31.375000
tqa11,10,-11.874997
tqa11,11,-32.500000
tqa11,12,-33.750000
tqa11,13,-0.539030
tqa11,14,-0.541780
tqa11,15,-0.511474
tqa11,16,-0.601767
tqa11,17,-0.571753
tqa11,18,-13.625000
tqa11,19,-0.601767
tqa11,20,-34.625000
tqa11,21,-0.480052
tqa11,22,-0.510226
tqa11,23,-0.540380
tqa11,24,-0.285770
tqa11,25,-0.294418
tqa11,26,12.250000
tqa11,27,-0.288442
tqa11,28,-27.125000
tqa11,29,-0.537832
tqa11,30,-0.512931
tqa11,31,-0.541327
tqa11,32,9.125000
tqa11,33,-18.750000
tqa11,34,14.625000
tqa11,35,-17.000000
tqa11,36,-0.571485
tqa11,37,-0.542721
tqa11,38,-32.625000
tqa11,39,-0.572734
tqa11,40,-0.537832
tqa11,41,-0.541481
tqa11,42,-0.511315
tqa11,43,-33.375000
tqa11,44,14.625000
tqa11,45,-18.750000
tqa11,46,-31.625000
tqa11,47,13.500000
tqa11,48,-0.420070
tqa11,49,-0.449302
tqa11,50,-33.750000
tqa11,51,-0.477872
tqa11,52,-34.937500
tqa11,53,-0.481303
tqa11,54,-0.452162
tqa11,55,-0.480209
tqa11,56,23.375000
tqa11,57,-0.257409
tqa11,58,-0.262858
tqa11,59,-0.285770
tqa11,60,-31.625000
tqa11,61,-18.750000
tqa11,62,-10.999997
tqa11,63,-31.625000
tqa12,0,-0.199836
tqa12,1,-0.199836
tqa12,2,26.375000
tqa12,3,26.375000
tqa12,4,-0.513061
tqa12,5,-31.625000
tqa12,6,-0.481236
tqa12,7,-0.260069
tqa12,8,-34.875000
tqa12,9,-0.482405
tqa12,10,-0.482405
tqa12,11,-0.540499
tqa12,12,26.375000
tqa12,13,26.375000
tqa12,14,-0.199836
tqa12,15,26.375000
tqa12,16,-0.575088
tqa12,17,-0.547454
tqa12,18,-0.547454
tqa12,19,-31.125000
tqa12,20,-0.482405
tqa12,21,-0.540499
tqa12,22,-33.625000
tqa12,23,-0.389488
tqa12,24,-33.250000
tqa12,25,-0.482405
tqa12,26,-0.482405
tqa12,27,-0.482405
tqa12,28,-0.547454
tqa12,29,-0.575088
tqa12,30,-11.875000
tqa12,31,-0.575088
tqa12,32,-0.513061
tqa12,33,-9.500000
tqa12,34,-0.513061
tqa12,35,-0.513061
tqa12,36,26.375000
tqa12,37,26.375000
tqa12,38,26.375000
tqa12,39,-0.199836
tqa12,40,-0.540499
tqa12,41,-0.482405
tqa12,42,-27.125000
tqa12,43,-0.482405
tqa12,44,-0.575088
tqa12,45,-0.575088
tqa12,46,-22.500000
tqa12,47,-0.575088
tqa12,48,26.375000
tqa12,49,26.375000
tqa12,50,26.375000
tqa12,51,-0.199836
tqa12,52,-0.540499
tqa12,53,-0.540499
tqa12,54,-0.540499
tqa12,55,-28.750000
tqa12,56,-0.479917
tqa12,57,-0.296085
tqa12,58,-37.312500
tqa12,59,-0.447413
tqa12,60,-0.355546
tqa12,61,-0.540499
tqa12,62,-32.750000
tqa12,63,-0.540499
tqa13,0,-0.480878
tqa13,1,-0.482336
tqa13,2,-0.482336
tqa13,3,-31.500000
tqa13,4,-0.512880
tqa13,5,-0.482336
tqa13,6,-0.512880
tqa13,7,-32.875000
tqa13,8,-0.513460
tqa13,9,-0.484096
tqa13,10,-33.625000
tqa13,11,-0.545667
tqa13,12,-33.625000
tqa13,13,7.875001
tqa13,14,-33.625000
tqa13,15,-35.250000
tqa13,16,-21.000000
tqa13,17,-0.544707
tqa13,18,-0.573029
tqa13,19,-0.546090
tqa13,20,-0.451751
tqa13,21,-0.481060
tqa13,22,-29.750000
tqa13,23,-0.451751
tqa13,24,-15.999999
tqa13,25,7.875001
tqa13,26,-18.625000
tqa13,27,7.875001
tqa13,28,7.875001
tqa13,29,-15.999999
tqa13,30,7.875001
tqa13,31,7.875001
tqa13,32,-19.250000
tqa13,33,-0.316354
tqa13,34,-19.250000
tqa13,35,-33.500000
tqa13,36,-18.625000
tqa13,37,-4.124961
tqa13,38,7.875001
tqa13,39,-18.625000
tqa13,40,-18.625000
tqa13,41,7.875001
tqa13,42,-18.625000
tqa13,43,7.875001
tqa13,44,-18.625000
tqa13,45,7.875001
tqa13,46,7.875001
tqa13,47,7.875001
tqa13,48,7.875001
tqa13,49,-15.999999
tqa13,50,-33.625000
tqa13,51,-15.999999
tqa13,52,-0.445701
tqa13,53,-27.750000
tqa13,54,-0.416456
tqa13,55,-0.445701
tqa13,56,-0.506143
tqa13,57,-0.451751
tqa13,58,-0.481060
tqa13,59,-32.125000
tqa13,60,7.875001
tqa13,61,7.875001
tqa13,62,-18.625000
tqa13,63,7.875001
tqa14,0,23.625000
tqa14,1,23.625000
tqa14,2,23.625000
tqa14,3,23.625000
tqa14,4,23.625000
tqa14,5,23.625000
tqa14,6,23.625000
tqa14,7,23.625000
tqa14,8,23.625000
tqa14,9,23.625000
tqa14,10,23.625000
tqa14,11,23.625000
tqa14,12,-0.516255
tqa14,13,-0.516255
tqa14,14,-34.000000
tqa14,15,-0.516255
tqa14,16,23.625000
tqa14,17,23.625000
tqa14,18,23.625000
tqa14,19,23.625000
tqa14,20,-30.125000
tqa14,21,-0.516255
tqa14,22,-0.516255
tqa14,23,-0.417292
tqa14,24,23.625000
tqa14,25,23.625000
tqa14,26,23.625000
tqa14,27,23.625000
tqa14,28,23.625000
tqa14,29,23.625000
tqa14,30,23.625000
tqa14,31,23.625000
tqa14,32,23.625000
tqa14,33,23.625000
tqa14,34,23.625000
tqa14,35,23.625000
tqa14,36,23.625000
tqa14,37,23.625000
tqa14,38,23.625000
tqa14,39,23.625000
tqa14,40,-0.509480
tqa14,41,-0.509480
tqa14,42,-30.000000
tqa14,43,-0.509480
tqa14,44,23.625000
tqa14,45,23.625000
tqa14,46,23.625000
tqa14,47,23.625000
tqa14,48,23.625000
tqa14,49,23.625000
tqa14,50,23.625000
tqa14,51,23.625000
tqa14,52,23.625000
tqa14,53,23.625000
tqa14,54,23.625000
tqa14,55,23.625000
tqa14,56,-35.125000
tqa14,57,-0.577784
tqa14,58,-0.135633
tqa14,59,-0.577784
tqa14,60,-0.516255
tqa14,61,-30.250000
tqa14,62,-0.516255
tqa14,63,-0.485275
tqa15,0,-0.539738
tqa15,1,-33.125000
tqa15,2,-0.569936
tqa15,3,-0.539738
tqa15,4,-0.414968
tqa15,5,-25.375000
tqa15,6,-0.449864
tqa15,7,-0.419662
tqa15,8,-0.104357
tqa15,9,23.000000
tqa15,10,-0.104357
tqa15,11,-0.350530
tqa15,12,-0.443917
tqa15,13,-0.541185
tqa15,14,-29.375000
tqa15,15,-0.541185
tqa15,16,-36.000000
tqa15,17,-0.539738
tqa15,18,-0.384247
tqa15,19,-0.539738
tqa15,20,23.000000
tqa15,21,-18.375000
tqa15,22,-0.104357
tqa15,23,-0.104357
tqa15,24,-0.193174
tqa15,25,-0.193174
tqa15,26,22.750000
tqa15,27,22.750000
tqa15,28,-0.067307
tqa15,29,-0.478540
tqa15,30,-28.500000
tqa15,31,-0.226103
tqa15,32,-0.449864
tqa15,33,-0.473843
tqa15,34,-16.875000
tqa15,35,-0.449510
tqa15,36,-0.448654
tqa15,37,-4.499991
tqa15,38,-0.449798
tqa15,39,-0.448661
tqa15,40,-0.418905
tqa15,41,-0.388841
tqa15,42,-29.625000
tqa15,43,-0.448819
tqa15,44,-0.477217
tqa15,45,-35.875000
tqa15,46,-0.544080
tqa15,47,-0.509488
tqa15,48,-33.500000
tqa15,49,-0.475136
tqa15,50,-0.449864
tqa15,51,-0.449864
tqa15,52,-0.225005
tqa15,53,-0.104357
tqa15,54,-0.350530
tqa15,55,-18.375000
tqa15,56,-0.539738
tqa15,57,-0.539738
tqa15,58,-0.539738
tqa15,59,-27.000000
tqa15,60,-0.193174
tqa15,61,-0.254750
tqa15,62,-0.193174
tqa15,63,-31.625000
tqa16,0,-0.257161
tqa16,1,-0.257161
tqa16,2,-37.437500
tqa16,3,-35.000000
tqa16,4,-34.812500
tqa16,5,-0.516932
tqa16,6,-0.545516
tqa16,7,-0.544504
tqa16,8,-0.482398
tqa16,9,-0.480096
tqa16,10,-0.480509
tqa16,11,-38.625000
tqa16,12,-0.482197
tqa16,13,-0.512667
tqa16,14,-38.750000
tqa16,15,-0.484770
tqa16,16,-0.482726
tqa16,17,-32.875000
tqa16,18,-0.482929
tqa16,19,-0.515781
tqa16,20,-0.512667
tqa16,21,-37.812500
tqa16,22,-0.484243
tqa16,23,-0.484078
tqa16,24,-0.328759
tqa16,25,-0.446326
tqa16,26,-0.476510
tqa16,27,-38.562500
tqa16,28,-0.544504
tqa16,29,-0.516764
tqa16,30,-37.687500
tqa16,31,-0.484012
tqa16,32,-0.544107
tqa16,33,-0.544905
tqa16,34,-0.545313
tqa16,35,-36.500000
tqa16,36,-0.515723
tqa16,37,-0.579000
tqa16,38,-36.500000
tqa16,39,-0.226111
tqa16,40,-0.544695
tqa16,41,-0.548497
tqa16,42,-0.512224
tqa16,43,-38.250000
tqa16,44,-0.481421
tqa16,45,-0.416930
tqa16,46,-36.562500
tqa16,47,-0.479421
tqa16,48,-0.447133
tqa16,49,-38.937500
tqa16,50,-0.478377
tqa16,51,-0.478238
tqa16,52,-36.312500
tqa16,53,-0.511759
tqa16,54,-0.418554
tqa16,55,-0.222698
tqa16,56,-0.544872
tqa16,57,-37.812500
tqa16,58,-0.578683
tqa16,59,-0.515944
tqa16,60,-0.517235
tqa16,61,-0.204266
tqa16,62,-37.750000
tqa16,63,-37.000000
tqa17,0,-33.625000
tqa17,1,-0.481606
tqa17,2,-0.510672
tqa17,3,-34.125000
tqa17,4,9.750000
tqa17,5,-0.163474
tqa17,6,-36.750000
tqa17,7,-33.937500
tqa17,8,-0.388865
tqa17,9,-0.514680
tqa17,10,-13.375000
tqa17,11,-0.512206
tqa17,12,-0.388461
tqa17,13,-0.449553
tqa17,14,-37.562500
tqa17,15,-0.098884
tqa17,16,-0.479878
tqa17,17,-0.358580
tqa17,18,-35.937500
tqa17,19,-0.419093
tqa17,20,-34.250000
tqa17,21,-0.007693
tqa17,22,-0.449142
tqa17,23,-0.387000
tqa17,24,-0.135072
tqa17,25,-35.937500
tqa17,26,-0.358243
tqa17,27,-0.330970
tqa17,28,-0.329254
tqa17,29,-0.480775
tqa17,30,-37.312500
tqa17,31,-36.937500
tqa17,32,-0.169691
tqa17,33,-0.481315
tqa17,34,-30.875000
tqa17,35,-0.480777
tqa17,36,0.055282
tqa17,37,-0.483642
tqa17,38,-27.000000
tqa17,39,-0.073598
tqa17,40,-0.512022
tqa17,41,-0.252125
tqa17,42,-37.000000
tqa17,43,-0.162519
tqa17,44,-0.160635
tqa17,45,-0.451745
tqa17,46,-35.062500
tqa17,47,-0.478531
tqa17,48,-32.000000
tqa17,49,-0.480766
tqa17,50,-0.514680
tqa17,51,-0.227035
tqa17,52,-35.625000
tqa17,53,-0.511314
tqa17,54,-0.131753
tqa17,55,-0.480071
tqa17,56,-34.875000
tqa17,57,-36.000000
tqa17,58,-0.237353
tqa17,59,-0.514467
tqa17,60,-0.418838
tqa17,61,-37.937500
tqa17,62,-0.451126
tqa17,63,-36.875000
tqa18,0,-0.418808
tqa18,1,-35.875000
tqa18,2,-0.421136
tqa18,3,-0.327170
tqa18,4,-0.477622
tqa18,5,-0.389689
tqa18,6,-0.447907
tqa18,7,-35.250000
tqa18,8,-33.000000
tqa18,9,-0.389812
tqa18,10,0.021271
tqa18,11,-0.386849
tqa18,12,-36.125000
tqa18,13,-0.223144
tqa18,14,-0.359106
tqa18,15,-0.448647
tqa18,16,-0.451549
tqa18,17,-34.625000
tqa18,18,-0.293298
tqa18,19,-0.480408
tqa18,20,-36.125000
tqa18,21,-0.355423
tqa18,22,-0.386847
tqa18,23,-0.386680
tqa18,24,-31.000000
tqa18,25,-0.384539
tqa18,26,-34.000000
tqa18,27,-0.325449
tqa18,28,-0.162311
tqa18,29,-0.481313
tqa18,30,-0.383374
tqa18,31,-22.000000
tqa18,32,-35.750000
tqa18,33,-0.454404
tqa18,34,-0.447733
tqa18,35,-0.482573
tqa18,36,-0.452836
tqa18,37,-37.000000
tqa18,38,-0.068883
tqa18,39,-0.319625
tqa18,40,-34.125000
tqa18,41,-0.229424
tqa18,42,-0.417094
tqa18,43,-0.419364
tqa18,44,-38.000000
tqa18,45,-0.418987
tqa18,46,-0.326753
tqa18,47,-36.625000
tqa18,48,-0.449353
tqa18,49,-0.420860
tqa18,50,-0.421062
tqa18,51,-10.124999
tqa18,52,-38.437500
tqa18,53,-0.479443
tqa18,54,-0.415391
tqa18,55,-0.448371
tqa18,56,-0.450065
tqa18,57,-0.389073
tqa18,58,-36.000000
tqa18,59,-0.067945
tqa18,60,-0.450749
tqa18,61,-0.482987
tqa18,62,-34.500000
tqa18,63,-0.389466
tqa19,0,25.750000
tqa19,1,-34.875000
tqa19,2,25.750000
tqa19,3,-31.375000
tqa19,4,-0.512476
tqa19,5,-28.750000
tqa19,6,-0.293209
tqa19,7,-0.513444
tqa19,8,-0.225917
tqa19,9,-35.625000
tqa19,10,-0.387871
tqa19,11,-0.317862
tqa19,12,-0.477104
tqa19,13,-35.812500
tqa19,14,-0.196977
tqa19,15,-0.475760
tqa19,16,-0.472829
tqa19,17,-0.131602
tqa19,18,-0.357722
tqa19,19,-33.000000
tqa19,20,-0.447119
tqa19,21,-0.477202
tqa19,22,-0.233644
tqa19,23,-38.625000
tqa19,24,-0.543641
tqa19,25,-30.375000
tqa19,26,-0.515126
tqa19,27,-0.515126
tqa19,28,-34.000000
tqa19,29,-33.500000
tqa19,30,-0.289421
tqa19,31,-0.200878
tqa19,32,-0.450356
tqa19,33,-0.479590
tqa19,34,-0.477446
tqa19,35,-13.749999
tqa19,36,-0.513845
tqa19,37,-35.687500
tqa19,38,-0.513845
tqa19,39,-0.516252
tqa19,40,-0.542397
tqa19,41,-29.500000
tqa19,42,-0.541607
tqa19,43,-0.165460
tqa19,44,-0.511159
tqa19,45,-0.514048
tqa19,46,-34.875000
tqa19,47,-0.168127
tqa19,48,-0.512200
tqa19,49,-36.812500
tqa19,50,-0.451336
tqa19,51,-0.545513
tqa19,52,-0.448668
tqa19,53,-22.250000
tqa19,54,-0.131803
tqa19,55,-1.499988
tqa19,56,-0.479748
tqa19,57,-0.131595
tqa19,58,-0.478364
tqa19,59,-35.125000
tqa19,60,-0.289083
tqa19,61,-0.417251
tqa19,62,-0.358143
tqa19,63,-35.125000
tqa20,0,-0.575564
tqa20,1,-33.500000
tqa20,2,-0.575564
tqa20,3,-25.125000
tqa20,4,-25.250000
tqa20,5,-0.358376
tqa20,6,-0.575564
tqa20,7,-0.575564
tqa20,8,-21.500000
tqa20,9,-0.512872
tqa20,10,-0.290322
tqa20,11,-0.512872
tqa20,12,-32.250000
tqa20,13,-0.547995
tqa20,14,-0.139677
tqa20,15,-30.000000
tqa20,16,-0.039559
tqa20,17,-0.101444
tqa20,18,-0.512872
tqa20,19,-31.375000
tqa20,20,-0.511006
tqa20,21,-0.385869
tqa20,22,-0.511006
tqa20,23,-30.750000
tqa20,24,-0.575564
tqa20,25,-0.575564
tqa20,26,3.125003
tqa20,27,-0.229698
tqa20,28,-0.193828
tqa20,29,-0.264676
tqa20,30,-27.125000
tqa20,31,-0.417460
tqa20,32,-0.547995
tqa20,33,-7.124999
tqa20,34,-0.135617
tqa20,35,-0.547995
tqa20,36,-0.608245
tqa20,37,-31.750000
tqa20,38,-0.608245
tqa20,39,-0.608245
tqa20,40,-0.511006
tqa20,41,-0.324453
tqa20,42,-0.511006
tqa20,43,-30.625000
tqa20,44,-20.500000
tqa20,45,-0.296301
tqa20,46,-0.510498
tqa20,47,-0.510498
tqa20,48,-0.606246
tqa20,49,-0.606246
tqa20,50,-0.606246
tqa20,51,-28.375000
tqa20,52,-33.250000
tqa20,53,-0.171124
tqa20,54,-0.226539
tqa20,55,-0.418588
tqa20,56,-0.040390
tqa20,57,-21.625000
tqa20,58,-0.386360
tqa20,59,-0.511006
tqa20,60,-0.415609
tqa20,61,-0.295495
tqa20,62,-11.874999
tqa20,63,-0.384930
tqa21,0,-0.448024
tqa21,1,-30.750000
tqa21,2,-0.448024
tqa21,3,-0.510681
tqa21,4,-0.514828
tqa21,5,-0.479261
tqa21,6,4.750000
tqa21,7,-0.451566
tqa21,8,-29.125000
tqa21,9,-0.451941
tqa21,10,-0.292762
tqa21,11,-0.451397
tqa21,12,-0.388863
tqa21,13,-0.388863
tqa21,14,-33.000000
tqa21,15,-0.450944
tqa21,16,-0.389254
tqa21,17,-0.451397
tqa21,18,-0.451397
tqa21,19,-11.249999
tqa21,20,-0.388500
tqa21,21,-0.454217
tqa21,22,-33.125000
tqa21,23,-0.453744
tqa21,24,-35.000000
tqa21,25,-0.514451
tqa21,26,-0.515342
tqa21,27,-0.514040
tqa21,28,-0.422503
tqa21,29,-0.421806
tqa21,30,-0.418238
tqa21,31,-13.000000
tqa21,32,-0.484759
tqa21,33,-0.484759
tqa21,34,-0.453513
tqa21,35,-32.500000
tqa21,36,-0.260538
tqa21,37,26.625000
tqa21,38,-0.478456
tqa21,39,26.625000
tqa21,40,-0.419557
tqa21,41,-0.388721
tqa21,42,-37.562500
tqa21,43,-0.263838
tqa21,44,-29.875000
tqa21,45,26.500000
tqa21,46,26.500000
tqa21,47,26.500000
tqa21,48,-0.260538
tqa21,49,26.625000
tqa21,50,-0.260538
tqa21,51,-0.453686
tqa21,52,-0.450808
tqa21,53,-0.453744
tqa21,54,-20.875000
tqa21,55,-0.451397
tqa21,56,-0.355606
tqa21,57,26.625000
tqa21,58,-0.327772
tqa21,59,26.625000
tqa21,60,-0.355606
tqa21,61,26.625000
tqa21,62,26.625000
tqa21,63,26.625000
tqa22,0,-0.417257
tqa22,1,-0.448017
tqa22,2,-0.448017
tqa22,3,-32.250000
tqa22,4,-9.999993
tqa22,5,-0.198709
tqa22,6,-9.999993
tqa22,7,-9.999993
tqa22,8,-0.539289
tqa22,9,-0.539289
tqa22,10,-5.499990
tqa22,11,-0.539289
tqa22,12,-10.124992
tqa22,13,-10.124992
tqa22,14,-10.124992
tqa22,15,-10.124992
tqa22,16,-10.124992
tqa22,17,-10.124992
tqa22,18,-10.124992
tqa22,19,-10.124992
tqa22,20,-0.198709
tqa22,21,-9.999993
tqa22,22,-9.999993
tqa22,23,-9.999993
tqa22,24,-10.124992
tqa22,25,-10.124992
tqa22,26,-10.124992
tqa22,27,-10.124992
tqa22,28,-9.999993
tqa22,29,-0.198709
tqa22,30,-9.999993
tqa22,31,-0.198709
tqa22,32,-0.411950
tqa22,33,-3.499980
tqa22,34,-0.416329
tqa22,35,-0.416329
tqa22,36,-0.447718
tqa22,37,-25.750000
tqa22,38,-0.447718
tqa22,39,-0.447718
tqa22,40,-9.999993
tqa22,41,-0.110346
tqa22,42,-0.137074
tqa22,43,-9.999993
tqa22,44,-0.170434
tqa22,45,-9.999993
tqa22,46,-9.999993
tqa22,47,-9.999993
tqa22,48,-0.110346
tqa22,49,-9.999993
tqa22,50,-9.999993
tqa22,51,-9.999993
tqa22,52,-10.124992
tqa22,53,-10.124992
tqa22,54,-10.124992
tqa22,55,-10.124992
tqa22,56,-0.170434
tqa22,57,-9.999993
tqa22,58,-35.000000
tqa22,59,-9.999993
tqa22,60,-10.124992
tqa22,61,-10.124992
tqa22,62,-10.124992
tqa22,63,-10.124992
tqa23,0,-33.875000
tqa23,1,-0.420366
tqa23,2,-0.422014
tqa23,3,-0.130985
tqa23,4,-34.750000
tqa23,5,-0.421136
tqa23,6,-0.419979
tqa23,7,-0.423659
tqa23,8,-0.420930
tqa23,9,-0.070869
tqa23,10,-37.375000
tqa23,11,-0.426485
tqa23,12,-0.423240
tqa23,13,-0.484296
tqa23,14,-37.625000
tqa23,15,-0.423240
tqa23,16,-0.418447
tqa23,17,-0.418447
tqa23,18,-37.625000
tqa23,19,-0.391037
tqa23,20,-0.394918
tqa23,21,-0.417908
tqa23,22,-37.875000
tqa23,23,-0.420366
tqa23,24,-0.451613
tqa23,25,-0.449169
tqa23,26,-0.423476
tqa23,27,-38.000000
tqa23,28,-0.099038
tqa23,29,-37.437500
tqa23,30,-0.390764
tqa23,31,-0.263845
tqa23,32,-0.191297
tqa23,33,-37.250000
tqa23,34,-0.451357
tqa23,35,-0.419504
tqa23,36,-0.385257
tqa23,37,-36.187500
tqa23,38,-0.419014
tqa23,39,-0.455958
tqa23,40,-0.454223
tqa23,41,-0.422052
tqa23,42,-36.562500
tqa23,43,-0.419979
tqa23,44,-0.417593
tqa23,45,-37.437500
tqa23,46,-0.390767
tqa23,47,-0.450405
tqa23,48,-0.390282
tqa23,49,-0.389488
tqa23,50,-32.875000
tqa23,51,-0.390282
tqa23,52,-0.418447
tqa23,53,-36.937500
tqa23,54,-0.426485
tqa23,55,-0.331067
tqa23,56,-38.437500
tqa23,57,-0.419126
tqa23,58,-0.070127
tqa23,59,-0.191297
tqa23,60,-0.389673
tqa23,61,-0.296971
tqa23,62,-37.437500
tqa23,63,-0.419979
tqa24,0,-36.375000
tqa24,1,-37.375000
tqa24,2,-0.449537
tqa24,3,-0.537376
tqa24,4,-0.387857
tqa24,5,-0.448337
tqa24,6,-0.384798
tqa24,7,-37.125000
tqa24,8,-0.355584
tqa24,9,-0.384640
tqa24,10,-37.250000
tqa24,11,-0.294893
tqa24,12,-36.750000
tqa24,13,-0.158868
tqa24,14,-0.417691
tqa24,15,-0.346557
tqa24,16,-0.476646
tqa24,17,-0.479292
tqa24,18,-0.193396
tqa24,19,-38.312500
tqa24,20,-0.476754
tqa24,21,-0.480262
tqa24,22,-38.000000
tqa24,23,-0.161820
tqa24,24,-0.416188
tqa24,25,-0.387014
tqa24,26,-36.687500
tqa24,27,-0.324166
tqa24,28,-0.417755
tqa24,29,-37.812500
tqa24,30,-0.417586
tqa24,31,-0.446733
tqa24,32,-0.393195
tqa24,33,-37.500000
tqa24,34,-0.482383
tqa24,35,-0.483446
tqa24,36,-37.812500
tqa24,37,-0.510999
tqa24,38,-0.512678
tqa24,39,-0.419311
tqa24,40,-35.500000
tqa24,41,-0.448184
tqa24,42,-37.250000
tqa24,43,-0.476754
tqa24,44,-0.510835
tqa24,45,-0.325375
tqa24,46,-36.812500
tqa24,47,-0.355439
tqa24,48,-37.750000
tqa24,49,-0.540763
tqa24,50,-0.541183
tqa24,51,-0.510825
tqa24,52,-0.329920
tqa24,53,26.250000
tqa24,54,-0.349532
tqa24,55,-0.353671
tqa24,56,-37.125000
tqa24,57,-0.383601
tqa24,58,-0.203057
tqa24,59,-0.291471
tqa24,60,-0.356424
tqa24,61,-38.250000
tqa24,62,-0.418919
tqa24,63,-0.417603
tqa25,0,-0.136949
tqa25,1,-0.136949
tqa25,2,-25.875000
tqa25,3,-37.000000
tqa25,4,-0.477745
tqa25,5,-0.507542
tqa25,6,-25.875000
tqa25,7,-0.477870
tqa25,8,-37.625000
tqa25,9,-0.566750
tqa25,10,-0.511141
tqa25,11,-0.570646
tqa25,12,-0.538809
tqa25,13,-36.437500
tqa25,14,-0.414287
tqa25,15,-0.476192
tqa25,16,-36.375000
tqa25,17,-0.570172
tqa25,18,-0.573644
tqa25,19,-0.573644
tqa25,20,-36.375000
tqa25,21,-0.257608
tqa25,22,-0.224450
tqa25,23,-0.136949
tqa25,24,-0.162048
tqa25,25,-0.253954
tqa25,26,-31.000000
tqa25,27,-0.197815
tqa25,28,-33.875000
tqa25,29,-0.506388
tqa25,30,-0.320731
tqa25,31,-0.445294
tqa25,32,-0.416175
tqa25,33,-30.750000
tqa25,34,-0.414016
tqa25,35,-0.509918
tqa25,36,-35.812500
tqa25,37,-0.315465
tqa25,38,-0.506581
tqa25,39,-0.539978
tqa25,40,-0.381569
tqa25,41,-0.382671
tqa25,42,-38.250000
tqa25,43,-0.385986
tqa25,44,-0.255193
tqa25,45,-0.541480
tqa25,46,-35.187500
tqa25,47,-0.504322
tqa25,48,-0.128881
tqa25,49,-37.250000
tqa25,50,-0.541325
tqa25,51,-0.536575
tqa25,52,-0.447562
tqa25,53,-31.750000
tqa25,54,-0.474689
tqa25,55,-0.444528
tqa25,56,-24.750000
tqa25,57,-34.375000
tqa25,58,-24.750000
tqa25,59,-24.750000
tqa25,60,-0.448037
tqa25,61,-29.875000
tqa25,62,-0.507908
tqa25,63,-0.446356
tqa26,0,-0.452162
tqa26,1,-0.452162
tqa26,2,-27.250000
tqa26,3,-0.452162
tqa26,4,-0.353275
tqa26,5,-0.353275
tqa26,6,-0.353275
tqa26,7,-34.875000
tqa26,8,-8.749983
tqa26,9,-0.074592
tqa26,10,-0.358442
tqa26,11,-0.358442
tqa26,12,-0.450829
tqa26,13,-0.450829
tqa26,14,-15.749999
tqa26,15,-0.423478
tqa26,16,-0.358442
tqa26,17,-0.358442
tqa26,18,-0.358442
tqa26,19,5.875001
tqa26,20,-1.749949
tqa26,21,-19.500000
tqa26,22,0.250021
tqa26,23,-2.999952
tqa26,24,-0.262674
tqa26,25,-0.480597
tqa26,26,-0.605917
tqa26,27,-37.750000
tqa26,28,-32.125000
tqa26,29,-32.125000
tqa26,30,-32.125000
tqa26,31,-32.125000
tqa26,32,-0.353275
tqa26,33,-0.353275
tqa26,34,11.375000
tqa26,35,-0.353275
tqa26,36,-32.125000
tqa26,37,-32.125000
tqa26,38,-32.125000
tqa26,39,-32.125000
tqa26,40,-32.125000
tqa26,41,-32.125000
tqa26,42,-32.125000
tqa26,43,-32.125000
tqa26,44,-36.000000
tqa26,45,-0.448020
tqa26,46,-0.448020
tqa26,47,-0.448020
tqa26,48,-0.448020
tqa26,49,-0.448020
tqa26,50,-0.389234
tqa26,51,-38.750000
tqa26,52,-0.388117
tqa26,53,-0.388117
tqa26,54,-0.388117
tqa26,55,-35.000000
tqa26,56,-0.166945
tqa26,57,-32.125000
tqa26,58,-0.358442
tqa26,59,-0.358442
tqa26,60,-0.542397
tqa26,61,-0.542397
tqa26,62,-0.542397
tqa26,63,-23.625000
tqa27,0,-27.750000
tqa27,1,-0.420645
tqa27,2,-0.419312
tqa27,3,-0.391500
tqa27,4,-35.750000
tqa27,5,-0.510833
tqa27,6,-0.450429
tqa27,7,-0.510374
tqa27,8,-0.479901
tqa27,9,-0.451328
tqa27,10,-0.509402
tqa27,11,-33.875000
tqa27,12,-0.419550
tqa27,13,-35.875000
tqa27,14,-0.451937
tqa27,15,-0.510843
tqa27,16,-0.480561
tqa27,17,-0.480392
tqa27,18,-0.511642
tqa27,19,-35.812500
tqa27,20,-0.319929
tqa27,21,-32.875000
tqa27,22,-0.380531
tqa27,23,-0.415224
tqa27,24,-0.481490
tqa27,25,-37.500000
tqa27,26,-0.511642
tqa27,27,-0.513319
tqa27,28,-0.446380
tqa27,29,-0.450076
tqa27,30,-0.392253
tqa27,31,-34.500000
tqa27,32,-0.449815
tqa27,33,-0.383335
tqa27,34,-24.625000
tqa27,35,-0.419125
tqa27,36,-0.447591
tqa27,37,-0.168394
tqa27,38,-0.451953
tqa27,39,-36.062500
tqa27,40,-0.452124
tqa27,41,-0.321310
tqa27,42,-28.750000
tqa27,43,-25.625000
tqa27,44,-0.510092
tqa27,45,-37.062500
tqa27,46,-0.161001
tqa27,47,-0.418427
tqa27,48,-0.420293
tqa27,49,-0.509287
tqa27,50,-34.625000
tqa27,51,-0.449337
tqa27,52,-34.750000
tqa27,53,-0.509395
tqa27,54,-0.511642
tqa27,55,-0.511642
tqa27,56,-35.437500
tqa27,57,-0.168380
tqa27,58,-0.478994
tqa27,59,-0.421599
tqa27,60,-0.195732
tqa27,61,-35.625000
tqa27,62,-0.451006
tqa27,63,-0.450418
tqa28,0,5.375003
tqa28,1,5.375003
tqa28,2,5.375003
tqa28,3,5.375003
tqa28,4,5.375003
tqa28,5,5.375003
tqa28,6,5.375003
tqa28,7,5.375003
tqa28,8,-0.480099
tqa28,9,-0.480099
tqa28,10,-0.480099
tqa28,11,-31.625000
tqa28,12,-0.418736
tqa28,13,-0.418736
tqa28,14,-10.124998
tqa28,15,-0.418736
tqa28,16,5.375003
tqa28,17,5.375003
tqa28,18,5.375003
tqa28,19,5.375003
tqa28,20,5.375003
tqa28,21,5.375003
tqa28,22,5.375003
tqa28,23,5.375003
tqa28,24,-0.480099
tqa28,25,-0.480099
tqa28,26,-30.375000
tqa28,27,-0.480099
tqa28,28,-0.481299
tqa28,29,-0.481299
tqa28,30,-0.481299
tqa28,31,-30.625000
tqa28,32,-0.390155
tqa28,33,-23.125000
tqa28,34,-0.512866
tqa28,35,-0.512866
tqa28,36,5.375003
tqa28,37,5.375003
tqa28,38,5.375003
tqa28,39,5.375003
tqa28,40,5.375003
tqa28,41,5.375003
tqa28,42,5.375003
tqa28,43,5.375003
tqa28,44,5.375003
tqa28,45,5.375003
tqa28,46,5.375003
tqa28,47,5.375003
tqa28,48,5.375003
tqa28,49,5.375003
tqa28,50,5.375003
tqa28,51,5.375003
tqa28,52,-0.512678
tqa28,53,-0.512678
tqa28,54,-0.512678
tqa28,55,-30.250000
tqa28,56,5.375003
tqa28,57,5.375003
tqa28,58,5.375003
tqa28,59,5.375003
tqa28,60,-0.103244
tqa28,61,-0.480099
tqa28,62,-0.480099
tqa28,63,-31.125000
tqa29,0,-0.509540
tqa29,1,-0.221758
tqa29,2,-0.540119
tqa29,3,-36.062500
tqa29,4,-0.356324
tqa29,5,-33.625000
tqa29,6,-0.513912
tqa29,7,-0.479428
tqa29,8,-38.687500
tqa29,9,-0.387199
tqa29,10,-0.357164
tqa29,11,-0.389238
tqa29,12,-0.419979
tqa29,13,-0.359236
tqa29,14,-0.390729
tqa29,15,-32.125000
tqa29,16,-0.571766
tqa29,17,-0.510392
tqa29,18,-0.130285
tqa29,19,-35.375000
tqa29,20,-0.510074
tqa29,21,-0.543235
tqa29,22,-0.538139
tqa29,23,-37.250000
tqa29,24,-0.196276
tqa29,25,-0.511519
tqa29,26,-0.482793
tqa29,27,-35.562500
tqa29,28,-0.391032
tqa29,29,-0.322127
tqa29,30,-36.500000
tqa29,31,-0.359777
tqa29,32,-0.418623
tqa29,33,-0.357572
tqa29,34,-36.937500
tqa29,35,-0.386135
tqa29,36,-0.384195
tqa29,37,-37.875000
tqa29,38,-38.562500
tqa29,39,-38.062500
tqa29,40,-0.540650
tqa29,41,-0.476773
tqa29,42,-37.250000
tqa29,43,-0.510527
tqa29,44,-0.478816
tqa29,45,-35.687500
tqa29,46,-37.562500
tqa29,47,-0.480394
tqa29,48,-0.288753
tqa29,49,-0.289900
tqa29,50,-38.125000
tqa29,51,-0.317785
tqa29,52,-0.385051
tqa29,53,-35.875000
tqa29,54,-0.447855
tqa29,55,-0.419295
tqa29,56,-38.437500
tqa29,57,-0.419315
tqa29,58,-36.625000
tqa29,59,-0.538066
tqa29,60,-0.252395
tqa29,61,-0.541780
tqa29,62,-36.000000
tqa29,63,-0.353121
tqa30,0,-34.125000
tqa30,1,-0.572162
tqa30,2,-0.571255
tqa30,3,-0.513638
tqa30,4,-0.572162
tqa30,5,-32.875000
tqa30,6,-0.572162
tqa30,7,-0.510244
tqa30,8,2.375007
tqa30,9,-0.164300
tqa30,10,-0.163410
tqa30,11,-7.999982
tqa30,12,-0.162837
tqa30,13,-0.194084
tqa30,14,2.750005
tqa30,15,-0.193794
tqa30,16,-0.544497
tqa30,17,-0.544120
tqa30,18,-33.875000
tqa30,19,-0.541771
tqa30,20,-0.572306
tqa30,21,-0.571255
tqa30,22,-34.125000
tqa30,23,-0.357400
tqa30,24,-0.478794
tqa30,25,-36.812500
tqa30,26,-0.539001
tqa30,27,-0.259782
tqa30,28,-32.625000
tqa30,29,-0.544497
tqa30,30,-0.545521
tqa30,31,-0.513058
tqa30,32,-0.162028
tqa30,33,-0.161062
tqa30,34,-31.250000
tqa30,35,-0.315367
tqa30,36,-0.516265
tqa30,37,-0.542422
tqa30,38,-33.250000
tqa30,39,-0.543282
tqa30,40,-7.999982
tqa30,41,-0.162029
tqa30,42,-0.193195
tqa30,43,-0.315367
tqa30,44,-37.625000
tqa30,45,-0.512678
tqa30,46,-0.541771
tqa30,47,-0.542760
tqa30,48,-0.483566
tqa30,49,-0.541766
tqa30,50,-0.421314
tqa30,51,-28.500000
tqa30,52,9.375000
tqa30,53,15.375000
tqa30,54,-27.125000
tqa30,55,-27.125000
tqa30,56,-28.750000
tqa30,57,-27.125000
tqa30,58,3.250003
tqa30,59,-6.999968
tqa30,60,-0.572162
tqa30,61,-0.545941
tqa30,62,-0.574692
tqa30,63,-36.000000
tqa31,0,-0.477711
tqa31,1,-0.447266
tqa31,2,-33.375000
tqa31,3,-0.036852
tqa31,4,-0.444428
tqa31,5,-36.562500
tqa31,6,-0.101496
tqa31,7,-0.418370
tqa31,8,-35.187500
tqa31,9,-0.508011
tqa31,10,-0.540486
tqa31,11,-0.508372
tqa31,12,-0.486257
tqa31,13,-30.375000
tqa31,14,-0.485025
tqa31,15,-0.514841
tqa31,16,-0.348440
tqa31,17,-0.291259
tqa31,18,-0.163130
tqa31,19,-21.875000
tqa31,20,-0.446877
tqa31,21,-0.416313
tqa31,22,-33.000000
tqa31,23,-0.416313
tqa31,24,-0.508961
tqa31,25,-0.476997
tqa31,26,-35.937500
tqa31,27,-0.477452
tqa31,28,-0.448174
tqa31,29,-0.448835
tqa31,30,-33.500000
tqa31,31,-0.446867
tqa31,32,-0.477574
tqa31,33,-0.447273
tqa31,34,-36.375000
tqa31,35,-0.447273
tqa31,36,-0.478813
tqa31,37,-0.479760
tqa31,38,-0.513459
tqa31,39,-35.000000
tqa31,40,-21.750000
tqa31,41,-0.386649
tqa31,42,-0.414984
tqa31,43,-0.133453
tqa31,44,-33.125000
tqa31,45,-33.625000
tqa31,46,-34.000000
tqa31,47,-34.000000
tqa31,48,-28.500000
tqa31,49,-0.418545
tqa31,50,-0.446121
tqa31,51,-0.415617
tqa31,52,-33.500000
tqa31,53,-0.541462
tqa31,54,-0.511518
tqa31,55,-0.447887
tqa31,56,-26.125000
tqa31,57,-34.000000
tqa31,58,-33.125000
tqa31,59,-25.750000
tqa31,60,-0.386154
tqa31,61,-0.353281
tqa31,62,-34.312500
tqa31,63,-0.447146
tqa32,0,-0.415903
tqa32,1,-36.250000
tqa32,2,-0.445978
tqa32,3,-0.415611
tqa32,4,-0.512031
tqa32,5,-35.875000
tqa32,6,-0.454002
tqa32,7,-0.481619
tqa32,8,-0.479899
tqa32,9,-0.450166
tqa32,10,-17.625000
tqa32,11,-0.448166
tqa32,12,-0.444517
tqa32,13,-34.250000
tqa32,14,-0.006607
tqa32,15,-0.475991
tqa32,16,-0.445375
tqa32,17,-37.687500
tqa32,18,-0.296074
tqa32,19,-0.413159
tqa32,20,-35.375000
tqa32,21,-0.447709
tqa32,22,-0.477850
tqa32,23,-0.479261
tqa32,24,-0.476870
tqa32,25,-0.447163
tqa32,26,-0.477982
tqa32,27,-31.250000
tqa32,28,-35.125000
tqa32,29,-0.508367
tqa32,30,-0.508631
tqa32,31,-0.480425
tqa32,32,-0.384368
tqa32,33,-0.381514
tqa32,34,-0.260098
tqa32,35,-37.437500
tqa32,36,-36.687500
tqa32,37,-0.479265
tqa32,38,-0.475991
tqa32,39,-0.506119
tqa32,40,-35.125000
tqa32,41,-0.478545
tqa32,42,-0.483226
tqa32,43,-0.543116
tqa32,44,-0.511336
tqa32,45,-0.507028
tqa32,46,-0.480101
tqa32,47,-34.125000
tqa32,48,-36.375000
tqa32,49,-0.416051
tqa32,50,-0.480615
tqa32,51,-0.444407
tqa32,52,-0.418741
tqa32,53,-0.320336
tqa32,54,-0.418374
tqa32,55,-19.375000
tqa32,56,-33.750000
tqa32,57,-0.132826
tqa32,58,-0.324997
tqa32,59,-34.500000
tqa32,60,-0.190525
tqa32,61,-0.101851
tqa32,62,-20.250000
tqa32,63,-34.000000
tqa33,0,-0.570183
tqa33,1,-0.599520
tqa33,2,-0.600352
tqa33,3,-36.312500
tqa33,4,-37.062500
tqa33,5,-0.567993
tqa33,6,-36.812500
tqa33,7,-0.508007
tqa33,8,-0.447289
tqa33,9,-35.312500
tqa33,10,-0.510673
tqa33,11,-0.479267
tqa33,12,-0.476211
tqa33,13,-37.187500
tqa33,14,-0.385065
tqa33,15,-0.503964
tqa33,16,-36.375000
tqa33,17,-0.510829
tqa33,18,-0.475782
tqa33,19,-0.506317
tqa33,20,-0.567840
tqa33,21,-0.598204
tqa33,22,-0.445058
tqa33,23,-38.437500
tqa33,24,-0.345367
tqa33,25,-37.187500
tqa33,26,-0.191582
tqa33,27,-0.346265
tqa33,28,-0.542078
tqa33,29,-0.510832
tqa33,30,-38.062500
tqa33,31,-0.479590
tqa33,32,-0.572753
tqa33,33,-0.135298
tqa33,34,-32.750000
tqa33,35,-0.510829
tqa33,36,-0.564580
tqa33,37,-33.125000
tqa33,38,-0.539274
tqa33,39,-0.540256
tqa33,40,-36.687500
tqa33,41,-0.476910
tqa33,42,-0.566879
tqa33,43,-34.250000
tqa33,44,-35.500000
tqa33,45,-0.505110
tqa33,46,-0.537300
tqa33,47,-0.508373
tqa33,48,-0.570412
tqa33,49,-0.568004
tqa33,50,-37.750000
tqa33,51,-0.540412
tqa33,52,-0.413279
tqa33,53,-0.569210
tqa33,54,-36.500000
tqa33,55,-0.190656
tqa33,56,-0.512020
tqa33,57,-0.539495
tqa33,58,-0.512020
tqa33,59,-36.375000
tqa33,60,-0.217140
tqa33,61,-0.218554
tqa33,62,-0.125576
tqa33,63,-36.750000
tqa34,0,-0.448502
tqa34,1,-33.625000
tqa34,2,-0.449883
tqa34,3,-0.417403
tqa34,4,-0.481613
tqa34,5,-0.480268
tqa34,6,-0.448181
tqa34,7,-36.000000
tqa34,8,-36.625000
tqa34,9,-0.297750
tqa34,10,-0.415891
tqa34,11,-0.445053
tqa34,12,-0.098333
tqa34,13,-36.312500
tqa34,14,-0.445270
tqa34,15,-34.625000
tqa34,16,-0.390118
tqa34,17,-0.388230
tqa34,18,-36.187500
tqa34,19,-0.356223
tqa34,20,-0.445168
tqa34,21,-0.414859
tqa34,22,-0.445989
tqa34,23,-37.875000
tqa34,24,-32.625000
tqa34,25,-0.478252
tqa34,26,-0.445872
tqa34,27,-0.416768
tqa34,28,-0.005969
tqa34,29,-36.500000
tqa34,30,-0.416922
tqa34,31,-0.445615
tqa34,32,-0.480254
tqa34,33,-34.625000
tqa34,34,-0.134852
tqa34,35,-0.448850
tqa34,36,-0.388032
tqa34,37,-0.385664
tqa34,38,-36.937500
tqa34,39,-0.420938
tqa34,40,-0.511022
tqa34,41,-0.513261
tqa34,42,-0.512046
tqa34,43,-36.062500
tqa34,44,-0.286217
tqa34,45,-37.125000
tqa34,46,-0.285534
tqa34,47,-37.625000
tqa34,48,-0.413594
tqa34,49,-0.384650
tqa34,50,-0.417397
tqa34,51,-37.125000
tqa34,52,-0.315212
tqa34,53,-37.562500
tqa34,54,-37.437500
tqa34,55,-0.255131
tqa34,56,-0.350441
tqa34,57,-0.350458
tqa34,58,-36.375000
tqa34,59,-0.254544
tqa34,60,-0.480431
tqa34,61,-36.250000
tqa34,62,-0.448021
tqa34,63,-0.480431
tqa35,0,-0.547279
tqa35,1,12.375000
tqa35,2,-0.547279
tqa35,3,-0.547279
tqa35,4,25.000000
tqa35,5,25.000000
tqa35,6,25.000000
tqa35,7,25.000000
tqa35,8,-24.500000
tqa35,9,-0.484825
tqa35,10,-0.578092
tqa35,11,-0.578092
tqa35,12,-0.578092
tqa35,13,-15.250000
tqa35,14,-0.578092
tqa35,15,-0.136633
tqa35,16,-0.573023
tqa35,17,-0.573023
tqa35,18,-4.624993
tqa35,19,-0.573023
tqa35,20,25.000000
tqa35,21,25.000000
tqa35,22,25.000000
tqa35,23,25.000000
tqa35,24,25.000000
tqa35,25,25.000000
tqa35,26,25.000000
tqa35,27,25.000000
tqa35,28,-0.546541
tqa35,29,-32.625000
tqa35,30,-0.546541
tqa35,31,-0.546541
tqa35,32,-31.750000
tqa35,33,-0.572713
tqa35,34,-0.572713
tqa35,35,-0.572713
tqa35,36,25.000000
tqa35,37,25.000000
tqa35,38,25.000000
tqa35,39,25.000000
tqa35,40,25.000000
tqa35,41,25.000000
tqa35,42,25.000000
tqa35,43,25.000000
tqa35,44,-0.360773
tqa35,45,-0.572713
tqa35,46,-31.000000
tqa35,47,-0.572713
tqa35,48,-0.573023
tqa35,49,-0.573023
tqa35,50,-2.999995
tqa35,51,-0.480808
tqa35,52,-29.125000
tqa35,53,-0.546541
tqa35,54,-0.546541
tqa35,55,-0.546541
tqa35,56,-17.875000
tqa35,57,-0.572713
tqa35,58,-0.572713
tqa35,59,-0.572713
tqa35,60,-0.572713
tqa35,61,-0.572713
tqa35,62,-33.500000
tqa35,63,-0.572713
tqa36,0,22.750000
tqa36,1,22.750000
tqa36,2,25.500000
tqa36,3,22.750000
tqa36,4,22.750000
tqa36,5,22.750000
tqa36,6,22.750000
tqa36,7,25.500000
tqa36,8,-0.541632
tqa36,9,-0.541632
tqa36,10,-29.250000
tqa36,11,-0.510385
tqa36,12,25.500000
tqa36,13,25.500000
tqa36,14,22.750000
tqa36,15,22.750000
tqa36,16,22.750000
tqa36,17,-7.874986
tqa36,18,22.750000
tqa36,19,22.750000
tqa36,20,-0.510398
tqa36,21,-0.510398
tqa36,22,-0.511448
tqa36,23,-26.250000
tqa36,24,22.750000
tqa36,25,22.750000
tqa36,26,25.500000
tqa36,27,25.500000
tqa36,28,-0.607627
tqa36,29,-26.750000
tqa36,30,-0.637522
tqa36,31,-0.607627
tqa36,32,-0.637522
tqa36,33,-0.637522
tqa36,34,-0.637522
tqa36,35,0.750002
tqa36,36,25.500000
tqa36,37,25.500000
tqa36,38,25.500000
tqa36,39,25.500000
tqa36,40,-0.510715
tqa36,41,-1.124996
tqa36,42,-0.510398
tqa36,43,-0.415630
tqa36,44,-0.510385
tqa36,45,-32.375000
tqa36,46,-0.541632
tqa36,47,-0.541632
tqa36,48,22.750000
tqa36,49,22.750000
tqa36,50,-7.874986
tqa36,51,-7.874986
tqa36,52,-0.576713
tqa36,53,-13.250000
tqa36,54,-0.576713
tqa36,55,-0.417801
tqa36,56,25.500000
tqa36,57,22.750000
tqa36,58,22.750000
tqa36,59,25.500000
tqa36,60,-0.540876
tqa36,61,-0.540876
tqa36,62,-23.375000
tqa36,63,-0.510530
tqa37,0,-0.483626
tqa37,1,-0.448034
tqa37,2,-0.451939
tqa37,3,-35.687500
tqa37,4,-0.354852
tqa37,5,-0.322139
tqa37,6,-0.223227
tqa37,7,-37.062500
tqa37,8,-0.482480
tqa37,9,-35.687500
tqa37,10,-0.163636
tqa37,11,-0.513142
tqa37,12,-0.453773
tqa37,13,-0.225253
tqa37,14,-3.999927
tqa37,15,-0.420870
tqa37,16,-0.484543
tqa37,17,-0.482784
tqa37,18,-36.812500
tqa37,19,-0.453519
tqa37,20,-0.420665
tqa37,21,-25.625000
tqa37,22,-0.394156
tqa37,23,-0.484317
tqa37,24,-0.390775
tqa37,25,-37.437500
tqa37,26,-0.450344
tqa37,27,-0.419894
tqa37,28,-0.482998
tqa37,29,-0.070966
tqa37,30,-37.125000
tqa37,31,-0.482993
tqa37,32,-0.515577
tqa37,33,-0.513133
tqa37,34,-0.514455
tqa37,35,-35.375000
tqa37,36,-0.511843
tqa37,37,-0.480593
tqa37,38,-0.516191
tqa37,39,-34.250000
tqa37,40,-0.485910
tqa37,41,-0.486763
tqa37,42,-0.482075
tqa37,43,-36.187500
tqa37,44,-34.875000
tqa37,45,-0.480416
tqa37,46,-0.483422
tqa37,47,-0.481700
tqa37,48,-35.125000
tqa37,49,-0.481687
tqa37,50,-0.475652
tqa37,51,-0.450634
tqa37,52,-33.750000
tqa37,53,-0.483004
tqa37,54,-0.450625
tqa37,55,-0.480408
tqa37,56,-36.000000
tqa37,57,-0.513125
tqa37,58,-0.353986
tqa37,59,-0.513515
tqa37,60,-0.483422
tqa37,61,-34.250000
tqa37,62,-0.481699
tqa37,63,-0.485421
tqa38,0,-0.421134
tqa38,1,-0.450377
tqa38,2,-34.000000
tqa38,3,-0.453299
tqa38,4,-0.453299
tqa38,5,-0.484076
tqa38,6,-36.125000
tqa38,7,-0.390069
tqa38,8,-0.291866
tqa38,9,-39.062500
tqa38,10,-0.263377
tqa38,11,-0.263377
tqa38,12,-0.507771
tqa38,13,-35.312500
tqa38,14,-0.414503
tqa38,15,-0.356246
tqa38,16,-0.300012
tqa38,17,-0.571535
tqa38,18,-0.514842
tqa38,19,-15.625000
tqa38,20,-0.487779
tqa38,21,-0.487779
tqa38,22,-0.421088
tqa38,23,-37.750000
tqa38,24,-34.750000
tqa38,25,-0.425977
tqa38,26,-0.425977
tqa38,27,-0.324627
tqa38,28,-31.750000
tqa38,29,-34.750000
tqa38,30,-0.514408
tqa38,31,-0.545530
tqa38,32,-0.481047
tqa38,33,-0.481047
tqa38,34,-31.750000
tqa38,35,-0.415273
tqa38,36,-38.562500
tqa38,37,-0.263377
tqa38,38,-0.263377
tqa38,39,-0.263377
tqa38,40,-0.481820
tqa38,41,-0.104145
tqa38,42,-0.514842
tqa38,43,-27.125000
tqa38,44,-37.062500
tqa38,45,-0.387951
tqa38,46,-0.543642
tqa38,47,-0.543642
tqa38,48,-0.425977
tqa38,49,-0.389894
tqa38,50,-0.393329
tqa38,51,-37.937500
tqa38,52,-0.483862
tqa38,53,-0.514842
tqa38,54,-36.500000
tqa38,55,-0.481820
tqa38,56,-33.250000
tqa38,57,-0.418733
tqa38,58,-0.449444
tqa38,59,-0.509477
tqa38,60,-0.516200
tqa38,61,-35.312500
tqa38,62,-32.375000
tqa38,63,-0.516498
tqa39,0,-0.478258
tqa39,1,-34.875000
tqa39,2,-0.260857
tqa39,3,-0.542085
tqa39,4,-0.510243
tqa39,5,-0.133183
tqa39,6,-36.687500
tqa39,7,-36.750000
tqa39,8,-0.447716
tqa39,9,-0.384100
tqa39,10,-0.446468
tqa39,11,-24.250000
tqa39,12,-0.538602
tqa39,13,-37.187500
tqa39,14,-0.567927
tqa39,15,-0.357613
tqa39,16,-31.750000
tqa39,17,-0.446137
tqa39,18,-31.750000
tqa39,19,-0.191109
tqa39,20,-0.541053
tqa39,21,-35.750000
tqa39,22,-0.477765
tqa39,23,-0.506706
tqa39,24,-3.249964
tqa39,25,-0.189650
tqa39,26,-0.286599
tqa39,27,-0.189627
tqa39,28,-0.415349
tqa39,29,-0.131300
tqa39,30,-0.318907
tqa39,31,-36.875000
tqa39,32,-30.000000
tqa39,33,-36.562500
tqa39,34,-0.160781
tqa39,35,-0.157536
tqa39,36,-34.687500
tqa39,37,-0.507915
tqa39,38,-0.510087
tqa39,39,-0.570180
tqa39,40,-0.476554
tqa39,41,-0.538815
tqa39,42,-0.509019
tqa39,43,-34.625000
tqa39,44,-37.937500
tqa39,45,-0.534499
tqa39,46,-0.477495
tqa39,47,-0.480230
tqa39,48,-0.540769
tqa39,49,-0.162040
tqa39,50,-0.541648
tqa39,51,-37.437500
tqa39,52,-0.322874
tqa39,53,-28.375000
tqa39,54,-0.448679
tqa39,55,-0.418910
tqa39,56,-30.875000
tqa39,57,-0.480440
tqa39,58,-0.538818
tqa39,59,-0.510682
tqa39,60,-37.250000
tqa39,61,-0.480957
tqa39,62,-0.479115
tqa39,63,-0.480090
tqa40,0,-36.375000
tqa40,1,-37.250000
tqa40,2,-0.479425
tqa40,3,-0.297071
tqa40,4,-0.510679
tqa40,5,-0.478566
tqa40,6,-35.500000
tqa40,7,-0.252965
tqa40,8,-35.562500
tqa40,9,0.022683
tqa40,10,-0.448359
tqa40,11,-36.250000
tqa40,12,-0.384529
tqa40,13,-0.449186
tqa40,14,-0.196650
tqa40,15,-29.625000
tqa40,16,-34.562500
tqa40,17,-0.235434
tqa40,18,-0.479931
tqa40,19,-0.449186
tqa40,20,-0.449629
tqa40,21,-0.479277
tqa40,22,-0.417590
tqa40,23,-36.125000
tqa40,24,-36.125000
tqa40,25,-0.445135
tqa40,26,-0.473336
tqa40,27,-0.349446
tqa40,28,-0.106075
tqa40,29,-0.260690
tqa40,30,-34.125000
tqa40,31,-0.137990
tqa40,32,-0.266681
tqa40,33,-0.415874
tqa40,34,-37.125000
tqa40,35,-0.476511
tqa40,36,-0.539253
tqa40,37,-0.447721
tqa40,38,-0.448526
tqa40,39,-37.000000
tqa40,40,-0.419706
tqa40,41,-33.312500
tqa40,42,-0.102572
tqa40,43,-0.072653
tqa40,44,-0.478963
tqa40,45,-33.500000
tqa40,46,-0.479759
tqa40,47,-0.071647
tqa40,48,-0.540006
tqa40,49,-33.562500
tqa40,50,-0.542250
tqa40,51,-0.479754
tqa40,52,-0.385695
tqa40,53,-0.265804
tqa40,54,-0.414275
tqa40,55,-35.750000
tqa40,56,-0.416942
tqa40,57,-37.062500
tqa40,58,-0.419505
tqa40,59,-0.480084
tqa40,60,-32.375000
tqa40,61,-0.161955
tqa40,62,-0.101455
tqa40,63,-0.481061
tqa41,0,-34.625000
tqa41,1,-0.424459
tqa41,2,-0.449005
tqa41,3,-0.424459
tqa41,4,-0.512498
tqa41,5,-0.484322
tqa41,6,-0.512494
tqa41,7,-15.875000
tqa41,8,-0.509478
tqa41,9,-0.480099
tqa41,10,-0.480691
tqa41,11,-29.125000
tqa41,12,-0.545954
tqa41,13,-16.750000
tqa41,14,-19.000000
tqa41,15,-0.513456
tqa41,16,-0.485019
tqa41,17,-0.483158
tqa41,18,-0.452390
tqa41,19,-32.375000
tqa41,20,-32.250000
tqa41,21,-0.484794
tqa41,22,-0.512498
tqa41,23,-0.515058
tqa41,24,-32.500000
tqa41,25,-34.625000
tqa41,26,-0.514483
tqa41,27,-0.545954
tqa41,28,-34.000000
tqa41,29,-0.479759
tqa41,30,-0.385212
tqa41,31,-0.479594
tqa41,32,-29.875000
tqa41,33,-0.512581
tqa41,34,-0.484480
tqa41,35,-0.480274
tqa41,36,-31.625000
tqa41,37,-0.545739
tqa41,38,-0.545954
tqa41,39,-0.514278
tqa41,40,-0.511760
tqa41,41,-0.450545
tqa41,42,-0.511760
tqa41,43,-34.375000
tqa41,44,-0.331537
tqa41,45,-0.451900
tqa41,46,-33.125000
tqa41,47,-0.452332
tqa41,48,-0.480510
tqa41,49,-0.509903
tqa41,50,-35.875000
tqa41,51,-0.510681
tqa41,52,-5.749997
tqa41,53,-0.449438
tqa41,54,-0.482401
tqa41,55,-0.479747
tqa41,56,-0.260705
tqa41,57,-0.482944
tqa41,58,-30.000000
tqa41,59,-0.482006
tqa41,60,-0.103848
tqa41,61,-36.312500
tqa41,62,-0.386521
tqa41,63,-34.375000
tqa42,0,-0.480082
tqa42,1,-36.625000
tqa42,2,-0.483231
tqa42,3,-36.312500
tqa42,4,-0.450068
tqa42,5,-0.480082
tqa42,6,-33.875000
tqa42,7,-0.480082
tqa42,8,-0.509398
tqa42,9,-0.482581
tqa42,10,-0.480228
tqa42,11,-35.187500
tqa42,12,-0.356534
tqa42,13,-35.812500
tqa42,14,-0.314278
tqa42,15,-0.388877
tqa42,16,-37.937500
tqa42,17,-37.937500
tqa42,18,-0.284662
tqa42,19,-37.937500
tqa42,20,-37.875000
tqa42,21,-0.255611
tqa42,22,-0.255611
tqa42,23,-36.875000
tqa42,24,-0.545074
tqa42,25,-0.546377
tqa42,26,-0.510235
tqa42,27,-34.250000
tqa42,28,-0.225253
tqa42,29,-0.450624
tqa42,30,-0.480228
tqa42,31,-34.125000
tqa42,32,-0.259789
tqa42,33,-0.480079
tqa42,34,-0.356456
tqa42,35,-36.750000
tqa42,36,-35.437500
tqa42,37,-33.000000
tqa42,38,-0.506619
tqa42,39,-35.250000
tqa42,40,-38.875000
tqa42,41,-0.421144
tqa42,42,-0.481623
tqa42,43,-0.481623
tqa42,44,-35.562500
tqa42,45,-0.417582
tqa42,46,-0.453291
tqa42,47,-0.481691
tqa42,48,-0.480079
tqa42,49,-0.129016
tqa42,50,-0.480964
tqa42,51,-35.937500
tqa42,52,-0.450839
tqa42,53,-35.500000
tqa42,54,-0.479299
tqa42,55,-0.479299
tqa42,56,-0.511481
tqa42,57,-0.511481
tqa42,58,-0.479750
tqa42,59,-33.125000
tqa42,60,-0.255611
tqa42,61,-23.500000
tqa42,62,-20.125000
tqa42,63,-37.875000
tqa43,0,-0.262747
tqa43,1,-0.326019
tqa43,2,-0.321770
tqa43,3,-36.875000
tqa43,4,-0.326019
tqa43,5,-0.261485
tqa43,6,-0.321364
tqa43,7,-28.625000
tqa43,8,-0.322588
tqa43,9,-36.437500
tqa43,10,-0.294884
tqa43,11,-0.356317
tqa43,12,-37.437500
tqa43,13,-36.125000
tqa43,14,-0.327859
tqa43,15,-0.293563
tqa43,16,-0.289995
tqa43,17,-0.294689
tqa43,18,-0.261487
tqa43,19,-37.125000
tqa43,20,-0.319867
tqa43,21,-0.316586
tqa43,22,-0.353699
tqa43,23,-37.687500
tqa43,24,-0.321133
tqa43,25,-37.312500
tqa43,26,-0.351106
tqa43,27,-0.289503
tqa43,28,-0.386489
tqa43,29,-38.562500
tqa43,30,-37.250000
tqa43,31,-0.288723
tqa43,32,-0.322879
tqa43,33,-0.353153
tqa43,34,-0.353153
tqa43,35,-37.687500
tqa43,36,-0.352243
tqa43,37,-0.354591
tqa43,38,-0.320189
tqa43,39,-35.750000
tqa43,40,-0.322152
tqa43,41,-0.263651
tqa43,42,-37.625000
tqa43,43,-0.292241
tqa43,44,-0.291346
tqa43,45,-35.000000
tqa43,46,-0.292410
tqa43,47,0.089966
tqa43,48,-0.294192
tqa43,49,-36.187500
tqa43,50,-0.293993
tqa43,51,-0.292892
tqa43,52,-0.004335
tqa43,53,-0.290776
tqa43,54,-37.437500
tqa43,55,-0.351329
tqa43,56,-0.384809
tqa43,57,-35.562500
tqa43,58,-0.319867
tqa43,59,-0.354445
tqa43,60,-37.875000
tqa43,61,-0.200754
tqa43,62,-0.293285
tqa43,63,-0.292401
tqa44,0,-0.483666
tqa44,1,-0.481318
tqa44,2,-36.187500
tqa44,3,-0.509811
tqa44,4,-0.511153
tqa44,5,-0.482185
tqa44,6,-34.500000
tqa44,7,-0.543634
tqa44,8,-35.562500
tqa44,9,-0.269732
tqa44,10,-0.105155
tqa44,11,-0.482613
tqa44,12,-0.449110
tqa44,13,-0.383083
tqa44,14,-38.062500
tqa44,15,-0.420927
tqa44,16,-0.455256
tqa44,17,-0.421586
tqa44,18,-0.168576
tqa44,19,-39.312500
tqa44,20,-0.450536
tqa44,21,-0.418815
tqa44,22,-0.509003
tqa44,23,-36.437500
tqa44,24,-0.253281
tqa44,25,-34.375000
tqa44,26,-37.250000
tqa44,27,-0.254013
tqa44,28,-0.330788
tqa44,29,-0.481799
tqa44,30,-36.437500
tqa44,31,-0.421975
tqa44,32,-37.562500
tqa44,33,-35.625000
tqa44,34,-0.283153
tqa44,35,-0.253281
tqa44,36,-0.452997
tqa44,37,-38.875000
tqa44,38,-0.510837
tqa44,39,-0.482817
tqa44,40,-36.312500
tqa44,41,-0.483589
tqa44,42,-37.500000
tqa44,43,-0.514407
tqa44,44,-0.415080
tqa44,45,-0.353513
tqa44,46,-37.437500
tqa44,47,-0.416470
tqa44,48,-38.125000
tqa44,49,-0.165346
tqa44,50,-0.481436
tqa44,51,-0.483807
tqa44,52,-0.450071
tqa44,53,-36.125000
tqa44,54,-0.389690
tqa44,55,-0.356802
tqa44,56,-0.420023
tqa44,57,-0.480876
tqa44,58,-36.937500
tqa44,59,-0.418369
tqa44,60,-0.478991
tqa44,61,-36.125000
tqa44,62,-0.480062
tqa44,63,-0.447435
tqa45,0,-0.447941
tqa45,1,-21.125000
tqa45,2,-0.480633
tqa45,3,-0.480633
tqa45,4,-0.480633
tqa45,5,-0.482018
tqa45,6,-32.625000
tqa45,7,-32.750000
tqa45,8,-0.513266
tqa45,9,-19.625000
tqa45,10,6.125000
tqa45,11,-0.513266
tqa45,12,-0.422696
tqa45,13,-30.750000
tqa45,14,-0.485254
tqa45,15,-0.138642
tqa45,16,-27.625000
tqa45,17,-0.510861
tqa45,18,-0.485254
tqa45,19,-0.485254
tqa45,20,-0.485254
tqa45,21,-33.750000
tqa45,22,-0.296538
tqa45,23,-0.514212
tqa45,24,-33.250000
tqa45,25,-0.513266
tqa45,26,-0.513266
tqa45,27,-0.540644
tqa45,28,-0.169922
tqa45,29,-0.450382
tqa45,30,-0.450963
tqa45,31,-31.750000
tqa45,32,-0.513266
tqa45,33,-2.499998
tqa45,34,-0.513266
tqa45,35,-0.513266
tqa45,36,-0.292363
tqa45,37,-0.292363
tqa45,38,-12.624999
tqa45,39,-0.292363
tqa45,40,-34.875000
tqa45,41,-0.133700
tqa45,42,-0.480633
tqa45,43,-29.250000
tqa45,44,-0.073414
tqa45,45,-0.046846
tqa45,46,-0.483595
tqa45,47,-32.875000
tqa45,48,-0.543029
tqa45,49,-0.543029
tqa45,50,-32.625000
tqa45,51,-0.543029
tqa45,52,-0.511597
tqa45,53,-0.511597
tqa45,54,-0.448197
tqa45,55,-32.125000
tqa45,56,-0.483595
tqa45,57,-25.250000
tqa45,58,-0.483595
tqa45,59,-0.483595
tqa45,60,-0.482605
tqa45,61,-0.420947
tqa45,62,-0.482605
tqa45,63,-8.250000
tqa46,0,-6.249979
tqa46,1,-33.250000
tqa46,2,-32.000000
tqa46,3,-12.374999
tqa46,4,-2.624935
tqa46,5,-2.624935
tqa46,6,-14.500000
tqa46,7,-14.500000
tqa46,8,-34.500000
tqa46,9,-11.124998
tqa46,10,12.875000
tqa46,11,14.125000
tqa46,12,-22.625000
tqa46,13,16.125000
tqa46,14,-34.500000
tqa46,15,-22.625000
tqa46,16,-34.875000
tqa46,17,-0.543564
tqa46,18,-0.543741
tqa46,19,-0.543741
tqa46,20,-13.500000
tqa46,21,-0.513852
tqa46,22,-0.547280
tqa46,23,-0.546089
tqa46,24,-12.374999
tqa46,25,-12.374999
tqa46,26,-14.500000
tqa46,27,-14.500000
tqa46,28,14.875000
tqa46,29,-34.500000
tqa46,30,-22.625000
tqa46,31,14.625000
tqa46,32,-0.546089
tqa46,33,-0.578530
tqa46,34,-0.546301
tqa46,35,-14.000000
tqa46,36,-0.874957
tqa46,37,-32.000000
tqa46,38,-11.124998
tqa46,39,14.625000
tqa46,40,-0.476622
tqa46,41,-0.506795
tqa46,42,-35.250000
tqa46,43,-0.476622
tqa46,44,-0.543923
tqa46,45,-0.511010
tqa46,46,-32.875000
tqa46,47,-0.509906
tqa46,48,-0.477313
tqa46,49,-0.477313
tqa46,50,-0.477192
tqa46,51,-35.375000
tqa46,52,-0.575183
tqa46,53,-0.546527
tqa46,54,-0.575183
tqa46,55,8.625000
tqa46,56,-12.374999
tqa46,57,-14.500000
tqa46,58,15.875000
tqa46,59,-2.624935
tqa46,60,7.500000
tqa46,61,-0.475456
tqa46,62,-0.475456
tqa46,63,-0.476511
tqa47,0,-34.625000
tqa47,1,-0.346678
tqa47,2,-0.508741
tqa47,3,-0.539154
tqa47,4,-35.250000
tqa47,5,-0.384627
tqa47,6,-0.384114
tqa47,7,-0.228842
tqa47,8,-33.875000
tqa47,9,-0.229859
tqa47,10,-0.376644
tqa47,11,-0.319622
tqa47,12,-0.384114
tqa47,13,-29.625000
tqa47,14,-0.383588
tqa47,15,-33.500000
tqa47,16,-0.507456
tqa47,17,-37.812500
tqa47,18,-0.539044
tqa47,19,-0.570171
tqa47,20,-36.875000
tqa47,21,-37.562500
tqa47,22,-35.125000
tqa47,23,-0.258183
tqa47,24,-0.507772
tqa47,25,-0.508009
tqa47,26,-0.507907
tqa47,27,-35.812500
tqa47,28,-0.539283
tqa47,29,-35.125000
tqa47,30,-0.537748
tqa47,31,-0.345533
tqa47,32,-15.000000
tqa47,33,-0.385355
tqa47,34,-0.444950
tqa47,35,-0.472752
tqa47,36,-0.415884
tqa47,37,-0.388428
tqa47,38,-0.476316
tqa47,39,-34.625000
tqa47,40,-36.937500
tqa47,41,-0.413270
tqa47,42,-0.414373
tqa47,43,-0.445734
tqa47,44,-0.567913
tqa47,45,-35.625000
tqa47,46,-0.508879
tqa47,47,-0.510087
tqa47,48,-0.288718
tqa47,49,-35.937500
tqa47,50,-0.481333
tqa47,51,-0.282227
tqa47,52,-35.437500
tqa47,53,-0.537745
tqa47,54,-0.510683
tqa47,55,-0.536736
tqa47,56,-30.250000
tqa47,57,-36.937500
tqa47,58,-0.318569
tqa47,59,-0.384114
tqa47,60,-34.625000
tqa47,61,-0.538821
tqa47,62,-0.568079
tqa47,63,-35.562500
tqa48,0,-0.481715
tqa48,1,-34.937500
tqa48,2,-0.224635
tqa48,3,-0.130552
tqa48,4,-0.392002
tqa48,5,-35.312500
tqa48,6,-0.513860
tqa48,7,-0.604276
tqa48,8,-27.125000
tqa48,9,-0.543125
tqa48,10,-0.545118
tqa48,11,-0.512869
tqa48,12,-0.477345
tqa48,13,-0.476531
tqa48,14,-0.477341
tqa48,15,-23.500000
tqa48,16,-0.601227
tqa48,17,-0.542939
tqa48,18,-0.259271
tqa48,19,-36.500000
tqa48,20,-26.750000
tqa48,21,11.000001
tqa48,22,-33.625000
tqa48,23,-27.500000
tqa48,24,-0.193028
tqa48,25,-5.374981
tqa48,26,-35.750000
tqa48,27,-0.282561
tqa48,28,-27.875000
tqa48,29,-0.540262
tqa48,30,-0.602495
tqa48,31,-0.541932
tqa48,32,-0.540256
tqa48,33,-0.512761
tqa48,34,-0.541491
tqa48,35,-34.375000
tqa48,36,-0.542599
tqa48,37,-34.312500
tqa48,38,-0.574185
tqa48,39,-0.541784
tqa48,40,-0.571377
tqa48,41,-35.437500
tqa48,42,-0.570183
tqa48,43,-0.571122
tqa48,44,-33.625000
tqa48,45,-30.750000
tqa48,46,-27.875000
tqa48,47,-27.875000
tqa48,48,-35.750000
tqa48,49,-35.750000
tqa48,50,-0.314620
tqa48,51,-0.252086
tqa48,52,-0.604918
tqa48,53,-0.353123
tqa48,54,-31.500000
tqa48,55,-0.481334
tqa48,56,-0.601227
tqa48,57,-34.625000
tqa48,58,-0.131907
tqa48,59,-0.449717
tqa48,60,-0.253001
tqa48,61,-35.750000
tqa48,62,-0.313042
tqa48,63,-0.282561
tqa49,0,-0.159016
tqa49,1,-27.750000
tqa49,2,-0.419276
tqa49,3,-0.419276
tqa49,4,0.118054
tqa49,5,-0.201687
tqa49,6,-17.375000
tqa49,7,-0.418255
tqa49,8,27.750000
tqa49,9,27.750000
tqa49,10,27.750000
tqa49,11,27.750000
tqa49,12,-0.480074
tqa49,13,-0.480074
tqa49,14,-0.480074
tqa49,15,-20.250000
tqa49,16,-20.375000
tqa49,17,-0.418255
tqa49,18,1.750003
tqa49,19,-0.098905
tqa49,20,27.750000
tqa49,21,27.750000
tqa49,22,27.750000
tqa49,23,27.750000
tqa49,24,-0.539871
tqa49,25,-0.539871
tqa49,26,-33.875000
tqa49,27,-0.539871
tqa49,28,-0.419276
tqa49,29,-31.000000
tqa49,30,0.027698
tqa49,31,-0.419276
tqa49,32,-0.387285
tqa49,33,-0.419276
tqa49,34,-31.250000
tqa49,35,-0.419276
tqa49,36,27.750000
tqa49,37,27.750000
tqa49,38,27.750000
tqa49,39,27.750000
tqa49,40,-0.418255
tqa49,41,-26.875000
tqa49,42,-0.418255
tqa49,43,-0.418255
tqa49,44,-29.375000
tqa49,45,-0.419276
tqa49,46,-0.419276
tqa49,47,-0.419276
tqa49,48,-0.511851
tqa49,49,-0.511851
tqa49,50,-0.511851
tqa49,51,-30.750000
tqa49,52,27.750000
tqa49,53,27.750000
tqa49,54,27.750000
tqa49,55,27.750000
tqa49,56,-0.418722
tqa49,57,-0.418722
tqa49,58,-17.125000
tqa49,59,-0.418722
tqa49,60,27.750000
tqa49,61,27.750000
tqa49,62,27.750000
tqa49,63,27.750000
tqa50,0,-0.203676
tqa50,1,-0.326692
tqa50,2,-0.573833
tqa50,3,-35.062500
tqa50,4,-0.576349
tqa50,5,-0.514620
tqa50,6,-0.544120
tqa50,7,-35.562500
tqa50,8,-0.388261
tqa50,9,-0.574009
tqa50,10,-0.518833
tqa50,11,-35.312500
tqa50,12,-37.812500
tqa50,13,-0.449442
tqa50,14,-0.163414
tqa50,15,-0.480722
tqa50,16,-0.135698
tqa50,17,-0.165474
tqa50,18,-36.687500
tqa50,19,-0.484550
tqa50,20,-0.417724
tqa50,21,-36.875000
tqa50,22,-0.415525
tqa50,23,-0.447840
tqa50,24,-0.451915
tqa50,25,-36.500000
tqa50,26,-0.540238
tqa50,27,-0.448949
tqa50,28,-0.481618
tqa50,29,-34.937500
tqa50,30,-0.421830
tqa50,31,-0.478516
tqa50,32,-36.687500
tqa50,33,-0.512133
tqa50,34,-0.332896
tqa50,35,-0.387883
tqa50,36,-0.360511
tqa50,37,-0.453724
tqa50,38,-37.562500
tqa50,39,-0.514620
tqa50,40,-0.544120
tqa50,41,-0.578773
tqa50,42,-35.937500
tqa50,43,-0.422534
tqa50,44,-37.187500
tqa50,45,-0.360761
tqa50,46,-0.389295
tqa50,47,-0.478516
tqa50,48,-0.546087
tqa50,49,-0.105472
tqa50,50,-38.062500
tqa50,51,-36.687500
tqa50,52,-0.570301
tqa50,53,-37.500000
tqa50,54,-0.541348
tqa50,55,-0.512575
tqa50,56,-37.937500
tqa50,57,-0.514620
tqa50,58,-0.514620
tqa50,59,-0.262652
tqa50,60,-0.577206
tqa50,61,-36.750000
tqa50,62,-0.196333
tqa50,63,-0.547221
tqa51,0,-0.477630
tqa51,1,-34.875000
tqa51,2,-0.286221
tqa51,3,-0.475354
tqa51,4,-0.195397
tqa51,5,-0.413036
tqa51,6,-0.413036
tqa51,7,-35.937500
tqa51,8,-34.437500
tqa51,9,-0.384439
tqa51,10,-0.412885
tqa51,11,-0.356631
tqa51,12,-35.562500
tqa51,13,-0.130595
tqa51,14,-0.354893
tqa51,15,-0.413036
tqa51,16,-0.355758
tqa51,17,-30.250000
tqa51,18,0.088066
tqa51,19,-0.352890
tqa51,20,-0.194867
tqa51,21,-0.412752
tqa51,22,-34.125000
tqa51,23,-0.446366
tqa51,24,-33.375000
tqa51,25,-0.446241
tqa51,26,-0.416636
tqa51,27,-0.476542
tqa51,28,-0.385989
tqa51,29,-0.417400
tqa51,30,-0.417400
tqa51,31,-35.875000
tqa51,32,-0.476899
tqa51,33,-35.187500
tqa51,34,-0.447884
tqa51,35,-0.445662
tqa51,36,-0.192442
tqa51,37,-0.328453
tqa51,38,-36.875000
tqa51,39,-35.875000
tqa51,40,-0.445878
tqa51,41,-0.413692
tqa51,42,-0.415253
tqa51,43,-35.000000
tqa51,44,-36.562500
tqa51,45,-0.417924
tqa51,46,-0.417762
tqa51,47,-0.385824
tqa51,48,-0.134925
tqa51,49,-37.062500
tqa51,50,-0.164370
tqa51,51,-0.415373
tqa51,52,-29.625000
tqa51,53,-0.007609
tqa51,54,-0.385074
tqa51,55,-0.259763
tqa51,56,-33.500000
tqa51,57,-0.478157
tqa51,58,-0.353305
tqa51,59,-0.384283
tqa51,60,-0.414263
tqa51,61,-0.415248
tqa51,62,-0.416770
tqa51,63,-33.000000
tqa52,0,-0.194975
tqa52,1,-0.419314
tqa52,2,-0.391995
tqa52,3,-32.250000
tqa52,4,-35.875000
tqa52,5,-0.543825
tqa52,6,-34.125000
tqa52,7,-0.540766
tqa52,8,-0.382839
tqa52,9,-0.353529
tqa52,10,-23.625000
tqa52,11,-0.382839
tqa52,12,-0.479759
tqa52,13,-0.541615
tqa52,14,-0.477455
tqa52,15,-36.437500
tqa52,16,-0.508127
tqa52,17,-36.250000
tqa52,18,-0.413193
tqa52,19,-0.476638
tqa52,20,-0.165338
tqa52,21,-35.000000
tqa52,22,-0.255760
tqa52,23,-0.286834
tqa52,24,-0.423250
tqa52,25,-36.250000
tqa52,26,-0.542770
tqa52,27,-0.512866
tqa52,28,-36.062500
tqa52,29,-32.250000
tqa52,30,-0.571129
tqa52,31,-0.572448
tqa52,32,-0.571742
tqa52,33,-37.625000
tqa52,34,-35.750000
tqa52,35,-0.510369
tqa52,36,-0.510065
tqa52,37,-32.500000
tqa52,38,-0.510065
tqa52,39,-0.071385
tqa52,40,-0.509136
tqa52,41,-0.507797
tqa52,42,-33.875000
tqa52,43,-31.750000
tqa52,44,-0.536042
tqa52,45,-0.536042
tqa52,46,-0.508690
tqa52,47,-33.500000
tqa52,48,-0.512681
tqa52,49,-0.069863
tqa52,50,-34.625000
tqa52,51,-0.510065
tqa52,52,-0.510065
tqa52,53,-0.195021
tqa52,54,-36.312500
tqa52,55,-0.541471
tqa52,56,-35.500000
tqa52,57,-35.500000
tqa52,58,-35.250000
tqa52,59,-35.625000
tqa52,60,-30.500000
tqa52,61,-0.513048
tqa52,62,-0.230886
tqa52,63,-0.479924
tqa53,0,-0.450047
tqa53,1,-0.445291
tqa53,2,-0.418653
tqa53,3,-36.937500
tqa53,4,-0.421575
tqa53,5,-0.328302
tqa53,6,-0.129684
tqa53,7,-29.250000
tqa53,8,-35.937500
tqa53,9,-0.449690
tqa53,10,-36.750000
tqa53,11,-0.158567
tqa53,12,-36.875000
tqa53,13,-0.511521
tqa53,14,-0.481901
tqa53,15,-36.937500
tqa53,16,-0.449878
tqa53,17,-0.511360
tqa53,18,-0.509713
tqa53,19,-34.812500
tqa53,20,-0.483845
tqa53,21,-36.312500
tqa53,22,-0.422761
tqa53,23,-0.329004
tqa53,24,-36.375000
tqa53,25,-0.160202
tqa53,26,-0.452160
tqa53,27,-0.449498
tqa53,28,-0.295088
tqa53,29,-0.323832
tqa53,30,-35.687500
tqa53,31,-0.451234
tqa53,32,-0.156769
tqa53,33,-0.263054
tqa53,34,-0.509705
tqa53,35,-37.812500
tqa53,36,-0.134510
tqa53,37,-35.625000
tqa53,38,-0.422273
tqa53,39,-0.195817
tqa53,40,-0.512959
tqa53,41,-37.062500
tqa53,42,-0.388961
tqa53,43,-0.480936
tqa53,44,-36.375000
tqa53,45,-0.448530
tqa53,46,-0.096184
tqa53,47,-0.448530
tqa53,48,-0.450227
tqa53,49,-0.133573
tqa53,50,-0.481465
tqa53,51,-36.687500
tqa53,52,-0.449873
tqa53,53,-36.625000
tqa53,54,-0.451230
tqa53,55,-0.357389
tqa53,56,-36.750000
tqa53,57,-0.194429
tqa53,58,-0.262761
tqa53,59,-0.284656
tqa53,60,-35.937500
tqa53,61,-0.481477
tqa53,62,-37.312500
tqa53,63,-0.452375
tqa54,0,-36.187500
tqa54,1,-0.512300
tqa54,2,-0.479760
tqa54,3,-0.511592
tqa54,4,-36.687500
tqa54,5,-0.421128
tqa54,6,-0.475670
tqa54,7,-0.479591
tqa54,8,-0.453290
tqa54,9,-34.625000
tqa54,10,-0.479760
tqa54,11,-0.480689
tqa54,12,-0.445609
tqa54,13,-0.418108
tqa54,14,-33.375000
tqa54,15,-0.446856
tqa54,16,-0.382970
tqa54,17,-0.259999
tqa54,18,-37.000000
tqa54,19,-0.168507
tqa54,20,-36.562500
tqa54,21,-0.390065
tqa54,22,-0.478815
tqa54,23,-0.479434
tqa54,24,-37.187500
tqa54,25,-0.289557
tqa54,26,-0.259999
tqa54,27,-0.382970
tqa54,28,-0.547510
tqa54,29,-0.514398
tqa54,30,-33.250000
tqa54,31,-36.125000
tqa54,32,-0.518210
tqa54,33,-35.312500
tqa54,34,-0.515049
tqa54,35,-0.232006
tqa54,36,-0.289560
tqa54,37,-36.750000
tqa54,38,-37.062500
tqa54,39,-37.375000
tqa54,40,-0.511592
tqa54,41,-35.500000
tqa54,42,-0.164678
tqa54,43,-0.203075
tqa54,44,-0.512882
tqa54,45,-0.542422
tqa54,46,-0.199045
tqa54,47,-36.875000
tqa54,48,-0.483584
tqa54,49,-0.542422
tqa54,50,-36.750000
tqa54,51,-0.389215
tqa54,52,-36.312500
tqa54,53,-0.478796
tqa54,54,-0.161222
tqa54,55,-0.450349
tqa54,56,-0.510376
tqa54,57,-37.437500
tqa54,58,-0.191768
tqa54,59,-0.478815
tqa54,60,-36.312500
tqa54,61,-0.289560
tqa54,62,-37.500000
tqa54,63,-36.625000
tqa55,0,-0.514050
tqa55,1,-0.483794
tqa55,2,-36.000000
tqa55,3,-0.483794
tqa55,4,-37.312500
tqa55,5,-0.514482
tqa55,6,-0.514482
tqa55,7,-0.515729
tqa55,8,-0.484038
tqa55,9,-36.125000
tqa55,10,-0.485508
tqa55,11,-0.485508
tqa55,12,-35.312500
tqa55,13,-0.512857
tqa55,14,-0.210397
tqa55,15,-0.512857
tqa55,16,-0.540801
tqa55,17,-31.625000
tqa55,18,-0.544188
tqa55,19,-0.540801
tqa55,20,-0.384932
tqa55,21,-0.257521
tqa55,22,-0.414159
tqa55,23,-35.812500
tqa55,24,-0.484017
tqa55,25,-35.812500
tqa55,26,-0.512857
tqa55,27,-0.483794
tqa55,28,-35.187500
tqa55,29,-0.515273
tqa55,30,-0.515277
tqa55,31,-0.514482
tqa55,32,-0.484017
tqa55,33,-0.483794
tqa55,34,-0.512857
tqa55,35,-36.000000
tqa55,36,-0.384400
tqa55,37,-0.512857
tqa55,38,-0.514050
tqa55,39,-36.687500
tqa55,40,-36.187500
tqa55,41,-0.510359
tqa55,42,-0.481235
tqa55,43,-0.509094
tqa55,44,-36.812500
tqa55,45,-36.937500
tqa55,46,-36.250000
tqa55,47,-36.937500
tqa55,48,-36.625000
tqa55,49,-36.062500
tqa55,50,-0.347654
tqa55,51,-0.347654
tqa55,52,-0.545107
tqa55,53,-30.500000
tqa55,54,-0.575087
tqa55,55,-0.575087
tqa55,56,-36.187500
tqa55,57,-0.573517
tqa55,58,-0.574499
tqa55,59,-0.574321
tqa55,60,-0.515277
tqa55,61,-0.516505
tqa55,62,-36.312500
tqa55,63,-0.516505
tqa56,0,-0.484722
tqa56,1,-20.500000
tqa56,2,-0.453470
tqa56,3,-0.424814
tqa56,4,-0.390943
tqa56,5,-0.387202
tqa56,6,-30.625000
tqa56,7,-0.387202
tqa56,8,-0.478969
tqa56,9,-0.479276
tqa56,10,-38.875000
tqa56,11,-0.544501
tqa56,12,-0.452386
tqa56,13,-33.000000
tqa56,14,-0.299246
tqa56,15,-0.480397
tqa56,16,-0.392263
tqa56,17,-37.312500
tqa56,18,-0.389497
tqa56,19,-0.418466
tqa56,20,-35.625000
tqa56,21,-0.102037
tqa56,22,-0.390960
tqa56,23,-0.419491
tqa56,24,-0.451154
tqa56,25,-0.478652
tqa56,26,-0.511691
tqa56,27,-37.625000
tqa56,28,-0.354288
tqa56,29,-0.422459
tqa56,30,-0.388257
tqa56,31,-18.875000
tqa56,32,-0.417772
tqa56,33,-0.419698
tqa56,34,-36.750000
tqa56,35,-0.450562
tqa56,36,-0.419887
tqa56,37,-0.387374
tqa56,38,-37.375000
tqa56,39,-0.416043
tqa56,40,-37.062500
tqa56,41,-0.389043
tqa56,42,-0.385357
tqa56,43,-0.393546
tqa56,44,-0.455001
tqa56,45,-0.480959
tqa56,46,-36.562500
tqa56,47,-0.451353
tqa56,48,-0.450548
tqa56,49,-0.445858
tqa56,50,-38.625000
tqa56,51,-0.415761
tqa56,52,-0.134695
tqa56,53,-31.250000
tqa56,54,-0.225406
tqa56,55,-0.263634
tqa56,56,-33.625000
tqa56,57,-0.490269
tqa56,58,-0.424277
tqa56,59,-0.328998
tqa56,60,-0.448503
tqa56,61,-0.359246
tqa56,62,-0.420517
tqa56,63,-36.937500
tqa57,0,-0.577206
tqa57,1,-36.187500
tqa57,2,-0.543469
tqa57,3,-0.542096
tqa57,4,-0.227095
tqa57,5,-0.296597
tqa57,6,-0.537963
tqa57,7,-37.375000
tqa57,8,-0.387698
tqa57,9,-0.234944
tqa57,10,-35.062500
tqa57,11,-0.477726
tqa57,12,-37.312500
tqa57,13,-0.512024
tqa57,14,-0.200583
tqa57,15,-0.512216
tqa57,16,-0.069678
tqa57,17,-35.312500
tqa57,18,-0.325379
tqa57,19,-0.385531
tqa57,20,-0.390304
tqa57,21,-0.513458
tqa57,22,-36.687500
tqa57,23,-0.255632
tqa57,24,-0.194005
tqa57,25,-0.480613
tqa57,26,-38.250000
tqa57,27,-0.512042
tqa57,28,-0.328322
tqa57,29,-37.437500
tqa57,30,-0.478971
tqa57,31,-0.508979
tqa57,32,-0.573671
tqa57,33,-0.543648
tqa57,34,-37.187500
tqa57,35,-0.421403
tqa57,36,-0.575563
tqa57,37,-0.232743
tqa57,38,-36.750000
tqa57,39,-0.574721
tqa57,40,-10.749993
tqa57,41,-0.285602
tqa57,42,-36.000000
tqa57,43,-36.500000
tqa57,44,-0.602639
tqa57,45,-0.574728
tqa57,46,-35.937500
tqa57,47,-0.605267
tqa57,48,-0.509938
tqa57,49,-36.250000
tqa57,50,-0.481826
tqa57,51,-0.253843
tqa57,52,-0.326797
tqa57,53,-0.166729
tqa57,54,-37.312500
tqa57,55,-0.353295
tqa57,56,-35.000000
tqa57,57,-0.484093
tqa57,58,-0.354138
tqa57,59,-0.384074
tqa57,60,-0.574005
tqa57,61,-37.812500
tqa57,62,-0.605591
tqa57,63,-0.542762
tqa58,0,-0.485431
tqa58,1,-0.485431
tqa58,2,-27.875000
tqa58,3,-0.515126
tqa58,4,-33.125000
tqa58,5,-0.545712
tqa58,6,-0.545712
tqa58,7,-0.545712
tqa58,8,-0.485666
tqa58,9,-0.485666
tqa58,10,-32.375000
tqa58,11,-0.541960
tqa58,12,-0.484112
tqa58,13,-0.484112
tqa58,14,-0.484112
tqa58,15,-31.750000
tqa58,16,-0.486505
tqa58,17,-32.500000
tqa58,18,-0.486505
tqa58,19,-0.486505
tqa58,20,-0.517256
tqa58,21,-0.483890
tqa58,22,-0.517256
tqa58,23,-32.250000
tqa58,24,-0.545712
tqa58,25,-33.750000
tqa58,26,-0.540397
tqa58,27,-0.545712
tqa58,28,-0.545712
tqa58,29,-0.512011
tqa58,30,-0.101648
tqa58,31,-31.750000
tqa58,32,-0.360499
tqa58,33,-0.481609
tqa58,34,-35.250000
tqa58,35,-0.511008
tqa58,36,-0.543634
tqa58,37,-37.125000
tqa58,38,-0.545712
tqa58,39,-0.545712
tqa58,40,-0.486505
tqa58,41,-28.250000
tqa58,42,-0.486505
tqa58,43,-0.486505
tqa58,44,-32.875000
tqa58,45,-0.485431
tqa58,46,-0.485431
tqa58,47,-0.546391
tqa58,48,-0.393484
tqa58,49,-0.427561
tqa58,50,-34.125000
tqa58,51,-0.427245
tqa58,52,-0.544913
tqa58,53,-0.517256
tqa58,54,-0.545953
tqa58,55,-31.750000
tqa58,56,-0.485431
tqa58,57,-0.485431
tqa58,58,-0.485431
tqa58,59,-34.000000
tqa58,60,-36.562500
tqa58,61,-0.485431
tqa58,62,-0.485431
tqa58,63,-0.164820
tqa59,0,-0.479273
tqa59,1,-32.625000
tqa59,2,-0.541289
tqa59,3,-0.570251
tqa59,4,-32.750000
tqa59,5,-0.574714
tqa59,6,-0.515492
tqa59,7,-0.576975
tqa59,8,-0.104140
tqa59,9,-0.544689
tqa59,10,-33.875000
tqa59,11,-0.420942
tqa59,12,5.250002
tqa59,13,5.625001
tqa59,14,5.000000
tqa59,15,-3.624968
tqa59,16,-0.542394
tqa59,17,-0.227910
tqa59,18,-0.546353
tqa59,19,-34.625000
tqa59,20,-0.546075
tqa59,21,-37.312500
tqa59,22,-0.574186
tqa59,23,-0.517229
tqa59,24,7.000000
tqa59,25,-5.624967
tqa59,26,5.625001
tqa59,27,5.625001
tqa59,28,-0.544879
tqa59,29,-0.134067
tqa59,30,-0.545074
tqa59,31,-33.500000
tqa59,32,-33.625000
tqa59,33,-2.124998
tqa59,34,-0.543285
tqa59,35,-0.574530
tqa59,36,-0.161616
tqa59,37,-0.545725
tqa59,38,-5.249996
tqa59,39,-0.574531
tqa59,40,-29.250000
tqa59,41,-0.514474
tqa59,42,-0.545731
tqa59,43,-0.545725
tqa59,44,-3.374972
tqa59,45,-0.412187
tqa59,46,7.250000
tqa59,47,5.125002
tqa59,48,-0.259681
tqa59,49,-6.124996
tqa59,50,-0.198685
tqa59,51,-0.516027
tqa59,52,-0.574969
tqa59,53,-0.515325
tqa59,54,-0.450377
tqa59,55,-34.250000
tqa59,56,-35.500000
tqa59,57,-0.549006
tqa59,58,-0.545310
tqa59,59,-0.544500
tqa59,60,-0.101807
tqa59,61,-34.250000
tqa59,62,-0.515044
tqa59,63,-0.515491
tqa60,0,-0.475566
tqa60,1,-30.250000
tqa60,2,0.088291
tqa60,3,-0.475566
tqa60,4,-15.625000
tqa60,5,-0.539826
tqa60,6,-21.625000
tqa60,7,-0.539826
tqa60,8,-0.479435
tqa60,9,-0.479435
tqa60,10,-29.125000
tqa60,11,-32.250000
tqa60,12,1.625003
tqa60,13,-0.539826
tqa60,14,-0.539826
tqa60,15,-0.539826
tqa60,16,-33.750000
tqa60,17,-0.323858
tqa60,18,-0.475566
tqa60,19,-0.475566
tqa60,20,-27.875000
tqa60,21,-0.543028
tqa60,22,-0.543028
tqa60,23,-0.543028
tqa60,24,26.125000
tqa60,25,26.125000
tqa60,26,26.125000
tqa60,27,26.125000
tqa60,28,-29.500000
tqa60,29,-0.479086
tqa60,30,-0.416924
tqa60,31,-0.045862
tqa60,32,-0.132786
tqa60,33,-28.625000
tqa60,34,0.022830
tqa60,35,-0.417743
tqa60,36,-4.250000
tqa60,37,-0.544130
tqa60,38,-0.544130
tqa60,39,-0.544130
tqa60,40,-0.292607
tqa60,41,-0.479435
tqa60,42,-0.479435
tqa60,43,-30.500000
tqa60,44,-0.539826
tqa60,45,-0.539826
tqa60,46,-30.750000
tqa60,47,-0.197738
tqa60,48,7.500000
tqa60,49,-0.041273
tqa60,50,-0.539826
tqa60,51,-0.539826
tqa60,52,-0.130357
tqa60,53,-0.353855
tqa60,54,-28.875000
tqa60,55,-0.475566
tqa60,56,0.024177
tqa60,57,-0.414978
tqa60,58,-0.479435
tqa60,59,-30.375000
tqa60,60,-32.750000
tqa60,61,-0.417743
tqa60,62,-0.417743
tqa60,63,-0.417743
tqa61,0,-36.562500
tqa61,1,-0.417728
tqa61,2,-0.126974
tqa61,3,-0.356505
tqa61,4,-0.417726
tqa61,5,-0.477750
tqa61,6,-0.450623
tqa61,7,-36.375000
tqa61,8,-0.355066
tqa61,9,-0.261683
tqa61,10,-0.384781
tqa61,11,-35.000000
tqa61,12,-37.062500
tqa61,13,-37.250000
tqa61,14,-0.417895
tqa61,15,-0.386144
tqa61,16,-0.417562
tqa61,17,-36.312500
tqa61,18,-0.358428
tqa61,19,-0.261323
tqa61,20,-0.002081
tqa61,21,-0.384787
tqa61,22,-36.625000
tqa61,23,-0.417728
tqa61,24,-0.418983
tqa61,25,-0.514240
tqa61,26,-36.250000
tqa61,27,-0.480251
tqa61,28,-0.067616
tqa61,29,-0.354884
tqa61,30,-37.687500
tqa61,31,-0.385078
tqa61,32,-0.359465
tqa61,33,-0.544383
tqa61,34,-0.574498
tqa61,35,-31.625000
tqa61,36,-36.750000
tqa61,37,-0.196464
tqa61,38,-0.416479
tqa61,39,-0.356515
tqa61,40,-0.416177
tqa61,41,-28.875000
tqa61,42,-0.386477
tqa61,43,-0.385229
tqa61,44,-0.160996
tqa61,45,-0.387736
tqa61,46,-0.389230
tqa61,47,-36.500000
tqa61,48,-0.125529
tqa61,49,-36.625000
tqa61,50,-0.322908
tqa61,51,-0.416186
tqa61,52,-37.375000
tqa61,53,-0.414039
tqa61,54,-36.562500
tqa61,55,-0.417397
tqa61,56,-0.478019
tqa61,57,-0.480227
tqa61,58,-0.480229
tqa61,59,-36.312500
tqa61,60,-0.226637
tqa61,61,-36.562500
tqa61,62,-0.482067
tqa61,63,-0.418435
tqa62,0,-0.541644
tqa62,1,-36.937500
tqa62,2,-0.515727
tqa62,3,-0.511833
tqa62,4,-0.516663
tqa62,5,-0.515348
tqa62,6,-0.043698
tqa62,7,-37.750000
tqa62,8,-0.395973
tqa62,9,-0.172995
tqa62,10,-33.125000
tqa62,11,-0.485244
tqa62,12,-0.481146
tqa62,13,-0.263435
tqa62,14,-0.322156
tqa62,15,-37.250000
tqa62,16,-38.312500
tqa62,17,-0.547680
tqa62,18,-0.514897
tqa62,19,-0.515572
tqa62,20,-0.513536
tqa62,21,-0.484097
tqa62,22,-0.107979
tqa62,23,-38.500000
tqa62,24,-0.482383
tqa62,25,-0.266502
tqa62,26,-0.455000
tqa62,27,-37.375000
tqa62,28,-35.125000
tqa62,29,-0.291170
tqa62,30,-0.260075
tqa62,31,-0.321985
tqa62,32,-37.312500
tqa62,33,-0.261696
tqa62,34,-0.514470
tqa62,35,-0.098022
tqa62,36,-0.045193
tqa62,37,-36.125000
tqa62,38,-0.135857
tqa62,39,-36.562500
tqa62,40,-0.546376
tqa62,41,-0.198868
tqa62,42,-0.515368
tqa62,43,-37.312500
tqa62,44,-0.444948
tqa62,45,-0.354565
tqa62,46,-0.414358
tqa62,47,-37.562500
tqa62,48,-0.485489
tqa62,49,-0.454173
tqa62,50,-0.519375
tqa62,51,-37.062500
tqa62,52,-32.875000
tqa62,53,-0.512770
tqa62,54,-0.518269
tqa62,55,-0.546522
tqa62,56,-38.062500
tqa62,57,-0.425353
tqa62,58,-0.485252
tqa62,59,-37.562500
tqa62,60,-0.256957
tqa62,61,-0.452394
tqa62,62,-0.453300
tqa62,63,-37.750000
tqa63,0,-36.437500
tqa63,1,-0.252929
tqa63,2,-0.571856
tqa63,3,-0.574523
tqa63,4,-0.223203
tqa63,5,-34.312500
tqa63,6,-0.476200
tqa63,7,-0.505329
tqa63,8,-0.415609
tqa63,9,-0.416745
tqa63,10,-0.388034
tqa63,11,-36.125000
tqa63,12,-0.629122
tqa63,13,-0.444026
tqa63,14,-0.513227
tqa63,15,-31.750000
tqa63,16,-0.417918
tqa63,17,-37.000000
tqa63,18,-0.388637
tqa63,19,-0.388637
tqa63,20,-0.076319
tqa63,21,-0.326478
tqa63,22,-34.375000
tqa63,23,-0.326478
tqa63,24,-0.445055
tqa63,25,-0.416745
tqa63,26,-36.312500
tqa63,27,-0.388034
tqa63,28,-35.562500
tqa63,29,-0.480776
tqa63,30,-0.414629
tqa63,31,-0.482390
tqa63,32,-0.445642
tqa63,33,-0.476193
tqa63,34,-34.500000
tqa63,35,-0.505329
tqa63,36,-0.507230
tqa63,37,-28.750000
tqa63,38,-0.507230
tqa63,39,-0.480776
tqa63,40,-34.500000
tqa63,41,-0.480696
tqa63,42,-0.480696
tqa63,43,-0.476633
tqa63,44,-19.125000
tqa63,45,-0.482390
tqa63,46,-0.482390
tqa63,47,-0.447850
tqa63,48,-33.375000
tqa63,49,-35.937500
tqa63,50,-0.417918
tqa63,51,-0.291915
tqa63,52,-31.875000
tqa63,53,-0.446643
tqa63,54,-0.010847
tqa63,55,-0.446643
tqa63,56,-0.077085
tqa63,57,-0.227889
tqa63,58,-5.999969
tqa63,59,-0.077085
tqa63,60,-0.454745
tqa63,61,-0.454745
tqa63,62,-0.454745
tqa63,63,-35.750000
tqa64,0,-0.575562
tqa64,1,-0.605106
tqa64,2,-32.375000
tqa64,3,-0.575562
tqa64,4,-0.511781
tqa64,5,-0.231939
tqa64,6,-34.875000
tqa64,7,-0.509622
tqa64,8,-19.750000
tqa64,9,-0.542510
tqa64,10,-0.543199
tqa64,11,-0.542510
tqa64,12,-0.197512
tqa64,13,-30.750000
tqa64,14,-0.197512
tqa64,15,-19.750000
tqa64,16,-0.381611
tqa64,17,-0.381409
tqa64,18,-0.481259
tqa64,19,-30.500000
tqa64,20,-34.875000
tqa64,21,-0.542510
tqa64,22,-0.542510
tqa64,23,-0.541162
tqa64,24,-34.750000
tqa64,25,-0.414813
tqa64,26,-35.500000
tqa64,27,-0.477704
tqa64,28,-0.197512
tqa64,29,-0.226233
tqa64,30,-19.750000
tqa64,31,-0.197512
tqa64,32,-0.510848
tqa64,33,-0.539576
tqa64,34,-37.250000
tqa64,35,-0.541022
tqa64,36,-34.625000
tqa64,37,-0.506812
tqa64,38,-0.325332
tqa64,39,-0.387685
tqa64,40,-33.375000
tqa64,41,-0.605106
tqa64,42,-0.574449
tqa64,43,-0.575562
tqa64,44,-6.749976
tqa64,45,-7.999981
tqa64,46,-7.999981
tqa64,47,-7.999981
tqa64,48,-24.750000
tqa64,49,-0.446836
tqa64,50,-0.509621
tqa64,51,-0.478814
tqa64,52,-0.225411
tqa64,53,-0.327841
tqa64,54,-36.687500
tqa64,55,-0.410276
tqa64,56,-30.750000
tqa64,57,-38.812500
tqa64,58,-0.197512
tqa64,59,-0.197512
tqa64,60,-30.750000
tqa64,61,-0.287907
tqa64,62,-0.197512
tqa64,63,-0.197512
tqa65,0,-33.875000
tqa65,1,-0.517756
tqa65,2,-0.169908
tqa65,3,-0.518283
tqa65,4,-0.514831
tqa65,5,-34.250000
tqa65,6,-0.484546
tqa65,7,-0.484546
tqa65,8,-0.544315
tqa65,9,-0.544315
tqa65,10,-35.750000
tqa65,11,-0.483807
tqa65,12,-35.125000
tqa65,13,-21.500000
tqa65,14,-0.254546
tqa65,15,-0.254546
tqa65,16,-0.509365
tqa65,17,-0.509365
tqa65,18,-0.510209
tqa65,19,-36.062500
tqa65,20,-34.375000
tqa65,21,-0.538264
tqa65,22,-0.540071
tqa65,23,-0.296086
tqa65,24,-0.510209
tqa65,25,-35.000000
tqa65,26,-0.511508
tqa65,27,-0.509365
tqa65,28,-29.125000
tqa65,29,-0.580780
tqa65,30,-0.517756
tqa65,31,-0.517756
tqa65,32,-36.937500
tqa65,33,-0.507124
tqa65,34,-0.509092
tqa65,35,-0.538271
tqa65,36,-0.484546
tqa65,37,-34.500000
tqa65,38,-0.484546
tqa65,39,-0.544115
tqa65,40,-0.572886
tqa65,41,-0.574318
tqa65,42,-0.575253
tqa65,43,-37.000000
tqa65,44,-0.517756
tqa65,45,-0.517756
tqa65,46,-0.517756
tqa65,47,-35.937500
tqa65,48,-0.484546
tqa65,49,-0.484546
tqa65,50,-0.482197
tqa65,51,-30.125000
tqa65,52,-26.250000
tqa65,53,-0.483807
tqa65,54,-0.487228
tqa65,55,-0.483807
tqa65,56,-0.575253
tqa65,57,-0.574318
tqa65,58,-33.000000
tqa65,59,-0.574318
tqa65,60,-0.514059
tqa65,61,-0.514831
tqa65,62,-0.484546
tqa65,63,-37.312500
tqa66,0,-0.538939
tqa66,1,-30.125000
tqa66,2,-35.687500
tqa66,3,-0.508753
tqa66,4,-29.000000
tqa66,5,-0.416466
tqa66,6,-0.232522
tqa66,7,-0.390348
tqa66,8,-35.250000
tqa66,9,-0.509814
tqa66,10,-0.511511
tqa66,11,-0.480440
tqa66,12,-0.508753
tqa66,13,-0.422942
tqa66,14,-0.037138
tqa66,15,-32.375000
tqa66,16,-0.291018
tqa66,17,-0.358164
tqa66,18,-0.387878
tqa66,19,2.875011
tqa66,20,-0.506913
tqa66,21,-0.477754
tqa66,22,-37.250000
tqa66,23,-0.476906
tqa66,24,-34.125000
tqa66,25,-0.450556
tqa66,26,-0.511343
tqa66,27,-0.511506
tqa66,28,-0.479756
tqa66,29,-32.875000
tqa66,30,-0.419698
tqa66,31,-0.387311
tqa66,32,-0.289463
tqa66,33,-0.289463
tqa66,34,-0.290596
tqa66,35,-0.499958
tqa66,36,-0.103453
tqa66,37,-0.390348
tqa66,38,9.750001
tqa66,39,-0.390348
tqa66,40,-36.187500
tqa66,41,-0.450175
tqa66,42,-0.542250
tqa66,43,-0.448035
tqa66,44,-0.570418
tqa66,45,-0.420305
tqa66,46,-0.570418
tqa66,47,-34.250000
tqa66,48,-0.419005
tqa66,49,-0.418093
tqa66,50,-33.875000
tqa66,51,-0.419885
tqa66,52,-0.257435
tqa66,53,-27.125000
tqa66,54,-0.255458
tqa66,55,-0.226961
tqa66,56,-0.255458
tqa66,57,13.375000
tqa66,58,-0.193819
tqa66,59,-0.256149
tqa66,60,-0.235272
tqa66,61,-32.500000
tqa66,62,-0.037230
tqa66,63,-0.107172
tqa67,0,-0.543288
tqa67,1,-0.572157
tqa67,2,-0.509949
tqa67,3,-34.000000
tqa67,4,-0.389464
tqa67,5,-0.299520
tqa67,6,-36.500000
tqa67,7,-0.295301
tqa67,8,-0.571096
tqa67,9,-0.541895
tqa67,10,-0.480075
tqa67,11,-31.500000
tqa67,12,-0.542094
tqa67,13,-35.375000
tqa67,14,-0.512690
tqa67,15,-0.482418
tqa67,16,-34.500000
tqa67,17,-0.480450
tqa67,18,-0.573038
tqa67,19,-0.483805
tqa67,20,-0.447687
tqa67,21,-0.390485
tqa67,22,-0.388252
tqa67,23,-32.500000
tqa67,24,-0.209417
tqa67,25,-0.263635
tqa67,26,-0.480042
tqa67,27,-36.125000
tqa67,28,-0.415598
tqa67,29,-0.385654
tqa67,30,0.020170
tqa67,31,-37.875000
tqa67,32,-35.000000
tqa67,33,-34.375000
tqa67,34,-0.539248
tqa67,35,-0.421080
tqa67,36,-0.358208
tqa67,37,-0.418617
tqa67,38,-37.312500
tqa67,39,-0.389464
tqa67,40,-0.387663
tqa67,41,-38.062500
tqa67,42,-0.387659
tqa67,43,-29.500000
tqa67,44,-0.319002
tqa67,45,0.056744
tqa67,46,-0.042336
tqa67,47,-34.750000
tqa67,48,-0.007132
tqa67,49,-32.750000
tqa67,50,-0.449977
tqa67,51,-0.104119
tqa67,52,-31.375000
tqa67,53,-0.016012
tqa67,54,-0.385973
tqa67,55,-0.356689
tqa67,56,-0.483795
tqa67,57,-34.500000
tqa67,58,-0.452103
tqa67,59,-0.227039
tqa67,60,-34.375000
tqa67,61,-0.417065
tqa67,62,-0.354255
tqa67,63,-0.385654
tqa68,0,-0.381516
tqa68,1,-34.625000
tqa68,2,-0.381815
tqa68,3,-0.348545
tqa68,4,-0.414816
tqa68,5,-35.187500
tqa68,6,-0.350466
tqa68,7,-0.382534
tqa68,8,-0.447730
tqa68,9,-37.062500
tqa68,10,-34.125000
tqa68,11,-0.447882
tqa68,12,-0.539952
tqa68,13,-35.062500
tqa68,14,-0.103330
tqa68,15,-0.476401
tqa68,16,-0.288544
tqa68,17,-0.416720
tqa68,18,-38.125000
tqa68,19,-0.414937
tqa68,20,-0.256715
tqa68,21,-37.937500
tqa68,22,-0.318583
tqa68,23,-26.500000
tqa68,24,-0.452120
tqa68,25,-34.875000
tqa68,26,-0.512510
tqa68,27,-0.515061
tqa68,28,-0.378169
tqa68,29,-0.286448
tqa68,30,-33.625000
tqa68,31,-0.255049
tqa68,32,-0.416455
tqa68,33,-0.414824
tqa68,34,-0.416784
tqa68,35,-35.250000
tqa68,36,-35.062500
tqa68,37,-0.480699
tqa68,38,-0.539947
tqa68,39,-0.479443
tqa68,40,-0.476636
tqa68,41,-0.477585
tqa68,42,-0.478102
tqa68,43,-34.750000
tqa68,44,-34.875000
tqa68,45,-0.448678
tqa68,46,-0.387501
tqa68,47,-0.448348
tqa68,48,-0.476636
tqa68,49,-0.100391
tqa68,50,-25.875000
tqa68,51,-0.479279
tqa68,52,-0.383693
tqa68,53,-0.381815
tqa68,54,-33.625000
tqa68,55,-0.352057
tqa68,56,-0.483157
tqa68,57,-0.482407
tqa68,58,-33.500000
tqa68,59,-0.483851
tqa68,60,-33.125000
tqa68,61,-0.478361
tqa68,62,-0.478513
tqa68,63,-0.226719
tqa69,0,-27.750000
tqa69,1,-0.269012
tqa69,2,-0.450228
tqa69,3,-0.325930
tqa69,4,-0.420924
tqa69,5,-0.006802
tqa69,6,-0.046348
tqa69,7,-30.375000
tqa69,8,-33.250000
tqa69,9,-0.387008
tqa69,10,-0.041714
tqa69,11,-0.389672
tqa69,12,-0.229426
tqa69,13,-22.875000
tqa69,14,-0.388229
tqa69,15,-0.386847
tqa69,16,-27.125000
tqa69,17,-12.250000
tqa69,18,-35.250000
tqa69,19,-0.415476
tqa69,20,-0.356786
tqa69,21,-0.385489
tqa69,22,0.024290
tqa69,23,-29.375000
tqa69,24,-0.420274
tqa69,25,-0.418624
tqa69,26,-32.500000
tqa69,27,-0.452162
tqa69,28,-33.625000
tqa69,29,-33.375000
tqa69,30,-0.294890
tqa69,31,0.081107
tqa69,32,-0.388642
tqa69,33,-0.388223
tqa69,34,-0.417749
tqa69,35,-27.500000
tqa69,36,-0.293459
tqa69,37,-0.416761
tqa69,38,-0.387293
tqa69,39,-16.000000
tqa69,40,-13.875000
tqa69,41,-0.388223
tqa69,42,-0.045869
tqa69,43,-0.385818
tqa69,44,-28.125000
tqa69,45,-0.007463
tqa69,46,-0.386497
tqa69,47,-0.446582
tqa69,48,-0.363165
tqa69,49,-36.250000
tqa69,50,-0.384403
tqa69,51,-0.297024
tqa69,52,-0.416610
tqa69,53,-0.352493
tqa69,54,-0.386330
tqa69,55,-6.374998
tqa69,56,-0.386681
tqa69,57,-0.417747
tqa69,58,-0.417752
tqa69,59,-33.375000
tqa69,60,11.000001
tqa69,61,0.750009
tqa69,62,3.625004
tqa69,63,-0.199802
tqa70,0,-0.481243
tqa70,1,-38.375000
tqa70,2,-0.513641
tqa70,3,-0.482398
tqa70,4,-38.250000
tqa70,5,-0.454260
tqa70,6,-0.482813
tqa70,7,-0.485267
tqa70,8,-36.312500
tqa70,9,-0.482784
tqa70,10,-0.512013
tqa70,11,-0.226357
tqa70,12,-0.482797
tqa70,13,-0.454177
tqa70,14,-0.483887
tqa70,15,-38.187500
tqa70,16,-0.511491
tqa70,17,-0.482382
tqa70,18,-0.509936
tqa70,19,-34.500000
tqa70,20,-0.235170
tqa70,21,-0.573990
tqa70,22,-39.250000
tqa70,23,-0.544210
tqa70,24,0.250020
tqa70,25,-0.320786
tqa70,26,-0.134223
tqa70,27,-37.375000
tqa70,28,-38.062500
tqa70,29,-0.388268
tqa70,30,-0.420656
tqa70,31,-0.452345
tqa70,32,-0.419328
tqa70,33,9.125000
tqa70,34,-0.387693
tqa70,35,-0.448695
tqa70,36,-0.391241
tqa70,37,-0.512874
tqa70,38,-0.393219
tqa70,39,-37.187500
tqa70,40,-0.511491
tqa70,41,-38.437500
tqa70,42,-0.484322
tqa70,43,-0.481322
tqa70,44,-0.224682
tqa70,45,-38.625000
tqa70,46,-0.222120
tqa70,47,-0.190731
tqa70,48,-38.125000
tqa70,49,-0.511491
tqa70,50,-0.289507
tqa70,51,-0.508879
tqa70,52,-0.516197
tqa70,53,-0.202622
tqa70,54,-37.000000
tqa70,55,-0.072518
tqa70,56,-38.687500
tqa70,57,-0.451687
tqa70,58,-0.515325
tqa70,59,-0.421093
tqa70,60,-37.750000
tqa70,61,-0.255043
tqa70,62,-35.250000
tqa70,63,-0.254895
tqa71,0,-0.452394
tqa71,1,-29.500000
tqa71,2,-0.517245
tqa71,3,-0.517245
tqa71,4,-0.571980
tqa71,5,-0.479430
tqa71,6,-0.539813
tqa71,7,-34.375000
tqa71,8,-0.486426
tqa71,9,-14.374999
tqa71,10,-0.483158
tqa71,11,-0.073675
tqa71,12,-0.478521
tqa71,13,-0.509762
tqa71,14,-0.481441
tqa71,15,-36.062500
tqa71,16,-0.453071
tqa71,17,-14.374999
tqa71,18,-0.454003
tqa71,19,-0.486426
tqa71,20,-0.040915
tqa71,21,-0.517245
tqa71,22,-0.513265
tqa71,23,-30.375000
tqa71,24,-0.483158
tqa71,25,-14.374999
tqa71,26,-0.450564
tqa71,27,-0.454003
tqa71,28,-0.486426
tqa71,29,-0.450564
tqa71,30,-0.450564
tqa71,31,-14.374999
tqa71,32,-0.509762
tqa71,33,-0.010695
tqa71,34,-33.750000
tqa71,35,-0.509762
tqa71,36,-0.512495
tqa71,37,-29.750000
tqa71,38,-0.512866
tqa71,39,-0.514625
tqa71,40,-31.250000
tqa71,41,-0.603850
tqa71,42,-0.514477
tqa71,43,-0.543633
tqa71,44,-34.625000
tqa71,45,-0.514625
tqa71,46,-0.513455
tqa71,47,-0.512495
tqa71,48,-0.451685
tqa71,49,-0.451694
tqa71,50,-0.167694
tqa71,51,-37.312500
tqa71,52,-0.512857
tqa71,53,-31.875000
tqa71,54,-0.358372
tqa71,55,-0.478227
tqa71,56,0.021547
tqa71,57,-31.500000
tqa71,58,-0.007616
tqa71,59,-0.541162
tqa71,60,-35.625000
tqa71,61,-0.517245
tqa71,62,-37.500000
tqa71,63,-0.514617
tqa72,0,-37.375000
tqa72,1,-0.511345
tqa72,2,-0.540922
tqa72,3,-0.391673
tqa72,4,-36.250000
tqa72,5,-0.513252
tqa72,6,-0.547677
tqa72,7,-0.511663
tqa72,8,-35.687500
tqa72,9,-36.937500
tqa72,10,-0.513251
tqa72,11,-0.512486
tqa72,12,-0.509664
tqa72,13,-0.512037
tqa72,14,-36.562500
tqa72,15,-0.542093
tqa72,16,-0.541050
tqa72,17,-0.541050
tqa72,18,-30.625000
tqa72,19,-0.572749
tqa72,20,-0.392258
tqa72,21,-0.571744
tqa72,22,-0.259092
tqa72,23,-33.125000
tqa72,24,-0.540905
tqa72,25,-0.570292
tqa72,26,-0.542404
tqa72,27,-31.750000
tqa72,28,-0.380194
tqa72,29,-27.250000
tqa72,30,-0.283344
tqa72,31,-0.323270
tqa72,32,-0.318069
tqa72,33,-36.000000
tqa72,34,-0.284756
tqa72,35,-0.224040
tqa72,36,-0.224040
tqa72,37,-0.442699
tqa72,38,-37.312500
tqa72,39,-35.375000
tqa72,40,-36.375000
tqa72,41,-0.450002
tqa72,42,-0.353537
tqa72,43,-0.478246
tqa72,44,-0.351832
tqa72,45,-0.380875
tqa72,46,-0.379337
tqa72,47,-35.750000
tqa72,48,-0.513653
tqa72,49,-0.513653
tqa72,50,-32.000000
tqa72,51,-0.512676
tqa72,52,-0.345647
tqa72,53,-0.313658
tqa72,54,-0.254271
tqa72,55,16.875000
tqa72,56,-0.391785
tqa72,57,-0.513653
tqa72,58,-0.511683
tqa72,59,-36.875000
tqa72,60,-0.542568
tqa72,61,-0.570510
tqa72,62,-35.562500
tqa72,63,-0.169855
tqa73,0,-34.875000
tqa73,1,-0.417716
tqa73,2,-0.382768
tqa73,3,-0.352471
tqa73,4,-0.134635
tqa73,5,-0.261249
tqa73,6,-29.250000
tqa73,7,-0.445665
tqa73,8,-0.444840
tqa73,9,-0.444840
tqa73,10,-37.562500
tqa73,11,-0.542402
tqa73,12,-26.875000
tqa73,13,-0.480222
tqa73,14,-0.421579
tqa73,15,-0.482576
tqa73,16,-33.500000
tqa73,17,-0.165241
tqa73,18,-0.352859
tqa73,19,-0.381880
tqa73,20,-0.506992
tqa73,21,0.025462
tqa73,22,-33.875000
tqa73,23,-0.129965
tqa73,24,-0.354424
tqa73,25,-35.312500
tqa73,26,-0.413924
tqa73,27,-0.416472
tqa73,28,-37.687500
tqa73,29,-0.506992
tqa73,30,-0.385675
tqa73,31,-0.414376
tqa73,32,-0.479902
tqa73,33,-35.625000
tqa73,34,-0.509785
tqa73,35,-0.413897
tqa73,36,-36.937500
tqa73,37,-0.419290
tqa73,38,-0.448193
tqa73,39,-0.448193
tqa73,40,-0.389646
tqa73,41,-0.413226
tqa73,42,-35.375000
tqa73,43,-0.537168
tqa73,44,-0.479297
tqa73,45,-0.447448
tqa73,46,-16.625000
tqa73,47,-0.479196
tqa73,48,-0.389815
tqa73,49,-0.447285
tqa73,50,-0.475336
tqa73,51,-29.125000
tqa73,52,-0.385219
tqa73,53,-0.473202
tqa73,54,-0.387350
tqa73,55,-38.125000
tqa73,56,-36.812500
tqa73,57,-0.476976
tqa73,58,-0.418909
tqa73,59,-0.416911
tqa73,60,-38.250000
tqa73,61,-0.445560
tqa73,62,-37.062500
tqa73,63,-0.226710
tqa74,0,-0.108198
tqa74,1,-0.386318
tqa74,2,-0.353117
tqa74,3,-37.062500
tqa74,4,-0.514235
tqa74,5,-0.454152
tqa74,6,-36.187500
tqa74,7,-0.454152
tqa74,8,-38.000000
tqa74,9,-0.323479
tqa74,10,-0.383608
tqa74,11,-37.500000
tqa74,12,-0.480427
tqa74,13,-0.417259
tqa74,14,-33.750000
tqa74,15,-0.197719
tqa74,16,-0.446873
tqa74,17,-34.562500
tqa74,18,-0.476098
tqa74,19,-0.449531
tqa74,20,-0.038201
tqa74,21,-36.375000
tqa74,22,-0.355594
tqa74,23,-0.355413
tqa74,24,-36.375000
tqa74,25,-0.066466
tqa74,26,-0.292933
tqa74,27,-0.097818
tqa74,28,-36.625000
tqa74,29,-0.390940
tqa74,30,-0.450925
tqa74,31,-0.421589
tqa74,32,-37.625000
tqa74,33,-0.450741
tqa74,34,-0.454004
tqa74,35,-0.484008
tqa74,36,-37.000000
tqa74,37,-0.221564
tqa74,38,-0.226560
tqa74,39,-36.875000
tqa74,40,-37.062500
tqa74,41,-37.125000
tqa74,42,-0.446589
tqa74,43,-0.414241
tqa74,44,-0.226357
tqa74,45,-0.448671
tqa74,46,-0.417935
tqa74,47,-30.000000
tqa74,48,-0.420524
tqa74,49,-36.812500
tqa74,50,0.053643
tqa74,51,-0.445052
tqa74,52,-0.484478
tqa74,53,-0.486769
tqa74,54,-0.485999
tqa74,55,-35.750000
tqa74,56,-0.417100
tqa74,57,-0.293252
tqa74,58,-37.750000
tqa74,59,-0.324504
tqa74,60,-0.480562
tqa74,61,-0.447577
tqa74,62,-36.562500
tqa74,63,-0.358210
tqa75,0,-0.417565
tqa75,1,-0.353831
tqa75,2,-0.389902
tqa75,3,-35.937500
tqa75,4,-20.125000
tqa75,5,-20.125000
tqa75,6,-38.437500
tqa75,7,-0.287220
tqa75,8,-0.225161
tqa75,9,-0.227197
tqa75,10,-38.312500
tqa75,11,-0.255709
tqa75,12,-0.509560
tqa75,13,-0.420284
tqa75,14,-0.480401
tqa75,15,-35.375000
tqa75,16,-36.500000
tqa75,17,-0.008101
tqa75,18,-0.448196
tqa75,19,-0.446633
tqa75,20,-38.250000
tqa75,21,-0.478167
tqa75,22,-0.509400
tqa75,23,-0.449327
tqa75,24,-0.349106
tqa75,25,-0.450242
tqa75,26,-0.386664
tqa75,27,-30.125000
tqa75,28,-0.420491
tqa75,29,-33.750000
tqa75,30,-0.510402
tqa75,31,-0.510402
tqa75,32,-0.476903
tqa75,33,-0.450078
tqa75,34,-36.250000
tqa75,35,-0.482785
tqa75,36,-0.448352
tqa75,37,-35.000000
tqa75,38,-0.511497
tqa75,39,-0.511497
tqa75,40,-0.482016
tqa75,41,-39.500000
tqa75,42,-0.476884
tqa75,43,-0.418936
tqa75,44,-0.290069
tqa75,45,-38.437500
tqa75,46,-0.419119
tqa75,47,-0.353528
tqa75,48,-0.322895
tqa75,49,-37.437500
tqa75,50,-0.419192
tqa75,51,-0.418068
tqa75,52,-37.125000
tqa75,53,-0.509012
tqa75,54,-0.511497
tqa75,55,-0.511478
tqa75,56,-36.750000
tqa75,57,-0.511836
tqa75,58,-0.450245
tqa75,59,-0.511836
tqa75,60,-0.419765
tqa75,61,-0.259239
tqa75,62,-35.000000
tqa75,63,-0.446012
tqa76,0,28.375000
tqa76,1,28.375000
tqa76,2,-0.477168
tqa76,3,-0.416468
tqa76,4,-0.477168
tqa76,5,-0.102967
tqa76,6,-0.477168
tqa76,7,28.375000
tqa76,8,-35.000000
tqa76,9,-0.510537
tqa76,10,-0.477168
tqa76,11,-0.477168
tqa76,12,-0.480609
tqa76,13,-9.250000
tqa76,14,-0.480609
tqa76,15,-0.540524
tqa76,16,-0.451533
tqa76,17,-0.226395
tqa76,18,-0.355428
tqa76,19,-36.312500
tqa76,20,-0.389404
tqa76,21,-0.444514
tqa76,22,-0.415363
tqa76,23,26.500000
tqa76,24,26.500000
tqa76,25,-0.386184
tqa76,26,-0.415768
tqa76,27,28.375000
tqa76,28,-0.102967
tqa76,29,-0.510537
tqa76,30,28.375000
tqa76,31,28.375000
tqa76,32,-0.445750
tqa76,33,-0.540524
tqa76,34,-0.480084
tqa76,35,-36.437500
tqa76,36,-0.511663
tqa76,37,-0.451326
tqa76,38,-35.437500
tqa76,39,-0.511663
tqa76,40,-0.482192
tqa76,41,-33.750000
tqa76,42,-0.539396
tqa76,43,-0.514265
tqa76,44,28.375000
tqa76,45,-34.875000
tqa76,46,-0.477168
tqa76,47,-0.100455
tqa76,48,-0.412948
tqa76,49,-0.417082
tqa76,50,-30.250000
tqa76,51,-0.417930
tqa76,52,-0.416031
tqa76,53,-0.444514
tqa76,54,28.375000
tqa76,55,-0.444514
tqa76,56,-0.102967
tqa76,57,-35.125000
tqa76,58,-0.477168
tqa76,59,-0.510537
tqa76,60,-0.477168
tqa76,61,-0.477168
tqa76,62,-0.477168
tqa76,63,-35.750000
tqa77,0,-0.263871
tqa77,1,-0.356083
tqa77,2,-33.375000
tqa77,3,-0.480598
tqa77,4,25.875000
tqa77,5,25.875000
tqa77,6,25.875000
tqa77,7,25.875000
tqa77,8,25.875000
tqa77,9,25.875000
tqa77,10,25.875000
tqa77,11,25.875000
tqa77,12,-0.577780
tqa77,13,-34.000000
tqa77,14,-0.577780
tqa77,15,-33.125000
tqa77,16,25.875000
tqa77,17,25.875000
tqa77,18,25.875000
tqa77,19,25.875000
tqa77,20,25.875000
tqa77,21,25.875000
tqa77,22,25.875000
tqa77,23,25.875000
tqa77,24,-0.482229
tqa77,25,-0.482229
tqa77,26,28.500000
tqa77,27,-0.482229
tqa77,28,-24.875000
tqa77,29,-0.480944
tqa77,30,-0.323822
tqa77,31,-0.480944
tqa77,32,-0.291338
tqa77,33,-0.512491
tqa77,34,-0.512491
tqa77,35,-31.125000
tqa77,36,-0.575001
tqa77,37,-0.575001
tqa77,38,-0.575001
tqa77,39,-11.875000
tqa77,40,-0.356897
tqa77,41,-0.480944
tqa77,42,-0.480944
tqa77,43,-32.125000
tqa77,44,-0.577780
tqa77,45,-24.750000
tqa77,46,-0.577780
tqa77,47,-0.577780
tqa77,48,25.875000
tqa77,49,25.875000
tqa77,50,25.875000
tqa77,51,25.875000
tqa77,52,-0.577780
tqa77,53,-21.000000
tqa77,54,-0.577780
tqa77,55,-34.000000
tqa77,56,-33.250000
tqa77,57,-0.512491
tqa77,58,-0.512491
tqa77,59,-0.167696
tqa77,60,-0.512491
tqa77,61,-26.500000
tqa77,62,-0.512491
tqa77,63,-0.512491
tqa78,0,-35.625000
tqa78,1,-0.385810
tqa78,2,-0.385810
tqa78,3,-0.415610
tqa78,4,-0.417067
tqa78,5,-0.417067
tqa78,6,-35.437500
tqa78,7,-0.413474
tqa78,8,-0.416936
tqa78,9,-34.500000
tqa78,10,-0.388048
tqa78,11,-0.446330
tqa78,12,-0.353527
tqa78,13,-0.353106
tqa78,14,-35.125000
tqa78,15,-0.384498
tqa78,16,-38.062500
tqa78,17,-38.062500
tqa78,18,-37.375000
tqa78,19,-37.500000
tqa78,20,-0.226431
tqa78,21,-37.250000
tqa78,22,-0.226431
tqa78,23,-0.196759
tqa78,24,-0.383480
tqa78,25,-0.354569
tqa78,26,-0.250488
tqa78,27,-35.750000
tqa78,28,-37.250000
tqa78,29,-38.062500
tqa78,30,-38.062500
tqa78,31,-38.062500
tqa78,32,-0.416907
tqa78,33,-34.750000
tqa78,34,-0.416023
tqa78,35,-0.446860
tqa78,36,-0.509504
tqa78,37,-35.312500
tqa78,38,-0.480423
tqa78,39,-0.478249
tqa78,40,-35.312500
tqa78,41,-33.875000
tqa78,42,-0.354917
tqa78,43,-0.322019
tqa78,44,-0.413474
tqa78,45,-0.447996
tqa78,46,-37.750000
tqa78,47,-0.446860
tqa78,48,-0.448000
tqa78,49,-0.417074
tqa78,50,-35.312500
tqa78,51,-35.125000
tqa78,52,-0.360254
tqa78,53,-37.562500
tqa78,54,-0.421822
tqa78,55,-0.358383
tqa78,56,-37.375000
tqa78,57,-37.500000
tqa78,58,-38.062500
tqa78,59,-37.000000
tqa78,60,-0.418185
tqa78,61,-0.418185
tqa78,62,-0.418185
tqa78,63,-2.249998
tqa79,0,-0.412859
tqa79,1,-35.875000
tqa79,2,-0.384109
tqa79,3,0.021852
tqa79,4,-36.375000
tqa79,5,-0.448337
tqa79,6,-0.388052
tqa79,7,-0.421295
tqa79,8,-0.477982
tqa79,9,-36.312500
tqa79,10,-32.500000
tqa79,11,-0.448178
tqa79,12,-0.420861
tqa79,13,-34.125000
tqa79,14,-0.418365
tqa79,15,-0.450938
tqa79,16,-0.449260
tqa79,17,-36.187500
tqa79,18,-34.125000
tqa79,19,-0.192697
tqa79,20,-0.478371
tqa79,21,-0.449260
tqa79,22,-0.071366
tqa79,23,-35.312500
tqa79,24,-0.288865
tqa79,25,-36.000000
tqa79,26,-0.221985
tqa79,27,-0.288865
tqa79,28,-37.000000
tqa79,29,-0.480427
tqa79,30,-0.450735
tqa79,31,-35.250000
tqa79,32,-31.500000
tqa79,33,-0.421979
tqa79,34,-0.448338
tqa79,35,-0.482590
tqa79,36,-35.750000
tqa79,37,-0.446323
tqa79,38,0.024766
tqa79,39,-0.387105
tqa79,40,-0.355231
tqa79,41,-36.250000
tqa79,42,-0.326121
tqa79,43,-0.266747
tqa79,44,-0.354088
tqa79,45,-0.388228
tqa79,46,-0.354088
tqa79,47,-36.250000
tqa79,48,-0.478953
tqa79,49,-0.449263
tqa79,50,-32.750000
tqa79,51,-0.480332
tqa79,52,25.375000
tqa79,53,-36.625000
tqa79,54,-0.223010
tqa79,55,-0.256640
tqa79,56,-0.385680
tqa79,57,-0.508824
tqa79,58,-35.500000
tqa79,59,-0.415504
tqa79,60,-0.070808
tqa79,61,-36.062500
tqa79,62,-0.445031
tqa79,63,-0.449256
tqa80,0,-0.571328
tqa80,1,-0.538486
tqa80,2,-31.750000
tqa80,3,-0.482203
tqa80,4,-29.125000
tqa80,5,-0.506913
tqa80,6,-0.481985
tqa80,7,-0.133534
tqa80,8,-34.062500
tqa80,9,-0.542098
tqa80,10,-0.197202
tqa80,11,-0.540625
tqa80,12,-1.999959
tqa80,13,-1.999959
tqa80,14,-0.420710
tqa80,15,-0.420710
tqa80,16,-1.999959
tqa80,17,-0.420710
tqa80,18,-0.420710
tqa80,19,-0.420710
tqa80,20,-0.512679
tqa80,21,-0.542098
tqa80,22,-0.514068
tqa80,23,-35.375000
tqa80,24,-0.506913
tqa80,25,-18.250000
tqa80,26,-0.450162
tqa80,27,-0.478127
tqa80,28,-1.999959
tqa80,29,-0.420710
tqa80,30,-0.420710
tqa80,31,-0.420710
tqa80,32,-0.571328
tqa80,33,-33.875000
tqa80,34,-0.540349
tqa80,35,-0.136605
tqa80,36,-34.250000
tqa80,37,-0.267746
tqa80,38,-0.265792
tqa80,39,-0.478251
tqa80,40,-0.576680
tqa80,41,-0.543552
tqa80,42,-0.576680
tqa80,43,-34.875000
tqa80,44,-35.375000
tqa80,45,-0.482203
tqa80,46,-0.571328
tqa80,47,-0.482203
tqa80,48,-0.482203
tqa80,49,-0.482203
tqa80,50,-34.750000
tqa80,51,-0.482203
tqa80,52,-34.000000
tqa80,53,-0.542098
tqa80,54,-0.542098
tqa80,55,-0.542098
tqa80,56,-0.297750
tqa80,57,-35.187500
tqa80,58,-0.478251
tqa80,59,-0.450736
tqa80,60,-32.625000
tqa80,61,-0.481985
tqa80,62,-0.506913
tqa80,63,-0.506913
tqa81,0,-0.010680
tqa81,1,-0.164020
tqa81,2,-0.161268
tqa81,3,-34.000000
tqa81,4,-0.476520
tqa81,5,-0.446352
tqa81,6,-27.500000
tqa81,7,-0.447430
tqa81,8,-0.357388
tqa81,9,-35.687500
tqa81,10,-0.478817
tqa81,11,-0.481297
tqa81,12,-34.812500
tqa81,13,-0.477727
tqa81,14,-0.292235
tqa81,15,-0.417246
tqa81,16,-0.446749
tqa81,17,-0.444577
tqa81,18,-0.448020
tqa81,19,-33.875000
tqa81,20,-0.447718
tqa81,21,-33.750000
tqa81,22,-0.446756
tqa81,23,-0.417717
tqa81,24,-0.418255
tqa81,25,-0.541926
tqa81,26,-0.511630
tqa81,27,-36.062500
tqa81,28,-36.187500
tqa81,29,-0.447711
tqa81,30,-0.446616
tqa81,31,-0.415503
tqa81,32,-0.444393
tqa81,33,-0.417384
tqa81,34,-0.479890
tqa81,35,-32.250000
tqa81,36,-33.625000
tqa81,37,-0.511635
tqa81,38,-0.541318
tqa81,39,-0.542087
tqa81,40,-0.475329
tqa81,41,-0.445273
tqa81,42,-34.812500
tqa81,43,-0.446620
tqa81,44,-0.477999
tqa81,45,-0.509256
tqa81,46,-0.537927
tqa81,47,-32.000000
tqa81,48,-0.511461
tqa81,49,-0.511631
tqa81,50,-28.500000
tqa81,51,-0.509391
tqa81,52,-0.481858
tqa81,53,-0.511796
tqa81,54,-0.480388
tqa81,55,-37.000000
tqa81,56,-34.000000
tqa81,57,-0.388640
tqa81,58,-0.352368
tqa81,59,-0.509388
tqa81,60,-28.375000
tqa81,61,-0.446890
tqa81,62,-0.004900
tqa81,63,-0.447711
tqa82,0,-0.286821
tqa82,1,-36.875000
tqa82,2,-0.286658
tqa82,3,-38.187500
tqa82,4,-0.042350
tqa82,5,-0.449342
tqa82,6,-0.390039
tqa82,7,-36.125000
tqa82,8,-0.255429
tqa82,9,-0.290188
tqa82,10,-0.069602
tqa82,11,-38.562500
tqa82,12,-0.512865
tqa82,13,-36.562500
tqa82,14,-0.296586
tqa82,15,-0.512865
tqa82,16,-0.453278
tqa82,17,-37.562500
tqa82,18,-0.422983
tqa82,19,-0.480607
tqa82,20,-0.388040
tqa82,21,-37.187500
tqa82,22,-0.390039
tqa82,23,-0.390249
tqa82,24,-0.423166
tqa82,25,-0.196916
tqa82,26,-31.250000
tqa82,27,-0.512300
tqa82,28,-35.375000
tqa82,29,-0.418278
tqa82,30,-0.419496
tqa82,31,-0.418831
tqa82,32,-0.510066
tqa82,33,-35.250000
tqa82,34,-0.452851
tqa82,35,-0.571402
tqa82,36,-33.500000
tqa82,37,-37.187500
tqa82,38,-38.625000
tqa82,39,-37.187500
tqa82,40,-0.452168
tqa82,41,-0.387309
tqa82,42,-0.541624
tqa82,43,-33.625000
tqa82,44,-0.511162
tqa82,45,-0.320705
tqa82,46,-0.447856
tqa82,47,-37.125000
tqa82,48,-0.357201
tqa82,49,-0.226652
tqa82,50,-37.250000
tqa82,51,-0.318620
tqa82,52,-0.416943
tqa82,53,-0.480096
tqa82,54,-0.360674
tqa82,55,-38.312500
tqa82,56,-37.437500
tqa82,57,-0.419504
tqa82,58,-0.421093
tqa82,59,-0.419504
tqa82,60,-0.479113
tqa82,61,-35.312500
tqa82,62,-0.478229
tqa82,63,-37.875000
tqa83,0,-0.132233
tqa83,1,-0.484551
tqa83,2,-0.479449
tqa83,3,-33.000000
tqa83,4,-35.687500
tqa83,5,-0.454643
tqa83,6,-0.454643
tqa83,7,-0.100078
tqa83,8,-0.133940
tqa83,9,-0.514251
tqa83,10,-30.750000
tqa83,11,-0.512351
tqa83,12,-0.454643
tqa83,13,-0.454643
tqa83,14,-0.200747
tqa83,15,-36.250000
tqa83,16,-34.625000
tqa83,17,-0.110505
tqa83,18,-0.392501
tqa83,19,-0.367017
tqa83,20,-32.500000
tqa83,21,-0.517139
tqa83,22,-0.519934
tqa83,23,-0.519934
tqa83,24,-0.359689
tqa83,25,-0.359924
tqa83,26,-37.000000
tqa83,27,-0.359924
tqa83,28,-33.250000
tqa83,29,-0.423145
tqa83,30,-0.168449
tqa83,31,0.023979
tqa83,32,-0.069139
tqa83,33,-0.486150
tqa83,34,-37.000000
tqa83,35,-0.386312
tqa83,36,-0.266269
tqa83,37,-0.263860
tqa83,38,-37.375000
tqa83,39,-0.266269
tqa83,40,-28.625000
tqa83,41,-0.167251
tqa83,42,-0.069765
tqa83,43,-0.454643
tqa83,44,-0.264480
tqa83,45,-0.483871
tqa83,46,-37.437500
tqa83,47,-0.481504
tqa83,48,-0.420473
tqa83,49,-0.357973
tqa83,50,-35.312500
tqa83,51,-0.136508
tqa83,52,-0.392476
tqa83,53,-0.423129
tqa83,54,-35.000000
tqa83,55,-0.395211
tqa83,56,-0.452835
tqa83,57,-0.484551
tqa83,58,-34.812500
tqa83,59,-0.483193
tqa83,60,-32.125000
tqa83,61,-0.071720
tqa83,62,-0.511643
tqa83,63,-35.562500
tqa84,0,-0.419506
tqa84,1,-36.500000
tqa84,2,-0.450759
tqa84,3,-0.291774
tqa84,4,-0.479730
tqa84,5,-0.480945
tqa84,6,-0.509799
tqa84,7,-36.125000
tqa84,8,-0.299002
tqa84,9,-25.625000
tqa84,10,-0.481614
tqa84,11,-0.099102
tqa84,12,-0.038880
tqa84,13,-0.448005
tqa84,14,-37.500000
tqa84,15,-38.062500
tqa84,16,-36.750000
tqa84,17,-0.139398
tqa84,18,-0.450935
tqa84,19,-0.386325
tqa84,20,-0.482007
tqa84,21,-0.230362
tqa84,22,-37.187500
tqa84,23,-0.199367
tqa84,24,-0.221976
tqa84,25,-37.437500
tqa84,26,-0.222704
tqa84,27,-0.161919
tqa84,28,-0.419290
tqa84,29,-0.417403
tqa84,30,-0.418451
tqa84,31,-37.937500
tqa84,32,-34.625000
tqa84,33,-0.390717
tqa84,34,-0.418096
tqa84,35,-0.417242
tqa84,36,-0.478392
tqa84,37,-0.452630
tqa84,38,-0.419683
tqa84,39,-35.125000
tqa84,40,-0.506810
tqa84,41,-36.000000
tqa84,42,-0.478549
tqa84,43,-0.510234
tqa84,44,-36.062500
tqa84,45,-0.482396
tqa84,46,-0.480273
tqa84,47,-0.357213
tqa84,48,-0.326766
tqa84,49,-36.875000
tqa84,50,-0.390131
tqa84,51,-0.419694
tqa84,52,-0.448671
tqa84,53,-0.448187
tqa84,54,-37.750000
tqa84,55,-0.419117
tqa84,56,-0.478840
tqa84,57,-37.375000
tqa84,58,-0.447305
tqa84,59,-0.479425
tqa84,60,-0.295698
tqa84,61,-0.450383
tqa84,62,-36.062500
tqa84,63,-37.937500
tqa85,0,-30.500000
tqa85,1,-0.451350
tqa85,2,-0.482400
tqa85,3,-0.069363
tqa85,4,-0.485983
tqa85,5,-35.125000
tqa85,6,-0.454741
tqa85,7,-0.482822
tqa85,8,-0.482401
tqa85,9,-0.449625
tqa85,10,-0.419694
tqa85,11,-33.875000
tqa85,12,-0.449180
tqa85,13,-0.451147
tqa85,14,-0.451684
tqa85,15,-36.062500
tqa85,16,-0.452389
tqa85,17,-36.687500
tqa85,18,-0.419389
tqa85,19,-0.450240
tqa85,20,-0.421074
tqa85,21,-28.250000
tqa85,22,-0.419903
tqa85,23,-0.450362
tqa85,24,-0.290367
tqa85,25,-35.562500
tqa85,26,-0.420649
tqa85,27,-0.421383
tqa85,28,-33.875000
tqa85,29,-0.482403
tqa85,30,-0.452113
tqa85,31,-0.482407
tqa85,32,-31.250000
tqa85,33,-0.449356
tqa85,34,-0.449997
tqa85,35,-0.266019
tqa85,36,-0.322559
tqa85,37,-0.417590
tqa85,38,-0.417587
tqa85,39,-38.187500
tqa85,40,-0.481615
tqa85,41,-36.875000
tqa85,42,-0.449803
tqa85,43,-0.479933
tqa85,44,-0.196339
tqa85,45,-36.125000
tqa85,46,-0.448673
tqa85,47,-0.448841
tqa85,48,-0.517257
tqa85,49,-0.517765
tqa85,50,-14.125000
tqa85,51,-0.516199
tqa85,52,-0.515737
tqa85,53,-36.937500
tqa85,54,-0.482204
tqa85,55,-0.517003
tqa85,56,-0.259013
tqa85,57,-0.257709
tqa85,58,-2.874923
tqa85,59,-31.000000
tqa85,60,-36.125000
tqa85,61,-0.167512
tqa85,62,-0.196991
tqa85,63,-0.388647
tqa86,0,-36.250000
tqa86,1,-0.418924
tqa86,2,-0.448020
tqa86,3,-0.196427
tqa86,4,-35.625000
tqa86,5,-0.424006
tqa86,6,-0.510212
tqa86,7,-0.482194
tqa86,8,-34.625000
tqa86,9,-0.419106
tqa86,10,-0.354908
tqa86,11,-0.355247
tqa86,12,-21.250000
tqa86,13,-7.874982
tqa86,14,4.500006
tqa86,15,-0.254536
tqa86,16,-38.250000
tqa86,17,-0.481113
tqa86,18,-0.207667
tqa86,19,-0.105684
tqa86,20,-0.359007
tqa86,21,-0.359533
tqa86,22,-0.386847
tqa86,23,-34.375000
tqa86,24,-0.419499
tqa86,25,-0.419306
tqa86,26,-33.250000
tqa86,27,-0.449991
tqa86,28,-0.357991
tqa86,29,-34.500000
tqa86,30,-0.356980
tqa86,31,-0.326543
tqa86,32,-0.064816
tqa86,33,-32.000000
tqa86,34,-0.102281
tqa86,35,-0.420680
tqa86,36,-0.192799
tqa86,37,-15.999999
tqa86,38,-0.191354
tqa86,39,-4.499920
tqa86,40,-0.480431
tqa86,41,-35.250000
tqa86,42,-0.132932
tqa86,43,-0.292506
tqa86,44,-37.437500
tqa86,45,-0.328909
tqa86,46,-0.356123
tqa86,47,-0.326950
tqa86,48,-0.417751
tqa86,49,-0.419694
tqa86,50,-0.417935
tqa86,51,-35.250000
tqa86,52,-0.263584
tqa86,53,-0.385861
tqa86,54,-0.326913
tqa86,55,-32.250000
tqa86,56,-30.125000
tqa86,57,-0.419898
tqa86,58,-0.420521
tqa86,59,-0.449986
tqa86,60,-0.363751
tqa86,61,-0.424252
tqa86,62,-0.393467
tqa86,63,-12.749998
tqa87,0,-0.477101
tqa87,1,-0.445254
tqa87,2,-0.417405
tqa87,3,-35.500000
tqa87,4,-0.511592
tqa87,5,-0.480434
tqa87,6,-35.375000
tqa87,7,-0.293750
tqa87,8,-36.375000
tqa87,9,-0.258170
tqa87,10,-31.500000
tqa87,11,-32.875000
tqa87,12,-0.513441
tqa87,13,-0.483429
tqa87,14,-36.562500
tqa87,15,-0.515259
tqa87,16,-35.187500
tqa87,17,-0.136973
tqa87,18,-0.171587
tqa87,19,-0.511499
tqa87,20,-0.209428
tqa87,21,-0.387008
tqa87,22,-34.375000
tqa87,23,-0.416031
tqa87,24,-0.480883
tqa87,25,-34.500000
tqa87,26,-0.224472
tqa87,27,-0.444923
tqa87,28,-0.512860
tqa87,29,-33.375000
tqa87,30,-0.387222
tqa87,31,-0.509910
tqa87,32,-0.382433
tqa87,33,-0.380359
tqa87,34,-35.125000
tqa87,35,-0.511024
tqa87,36,-0.446868
tqa87,37,-0.478840
tqa87,38,-36.500000
tqa87,39,-0.447852
tqa87,40,-0.069160
tqa87,41,-0.446726
tqa87,42,-0.478833
tqa87,43,-35.687500
tqa87,44,-0.451548
tqa87,45,-0.035926
tqa87,46,-34.000000
tqa87,47,-0.509498
tqa87,48,-37.625000
tqa87,49,-0.079668
tqa87,50,-0.509364
tqa87,51,-0.511502
tqa87,52,-0.510521
tqa87,53,-36.812500
tqa87,54,-0.478259
tqa87,55,-0.448493
tqa87,56,-36.625000
tqa87,57,-0.507558
tqa87,58,-0.444624
tqa87,59,-35.750000
tqa87,60,-0.384338
tqa87,61,-0.289298
tqa87,62,-0.383577
tqa87,63,-37.125000
tqa88,0,26.375000
tqa88,1,26.375000
tqa88,2,26.375000
tqa88,3,26.375000
tqa88,4,26.375000
tqa88,5,26.375000
tqa88,6,26.375000
tqa88,7,26.375000
tqa88,8,26.375000
tqa88,9,26.375000
tqa88,10,26.375000
tqa88,11,26.375000
tqa88,12,-0.477450
tqa88,13,-0.159132
tqa88,14,-0.477450
tqa88,15,-29.250000
tqa88,16,-0.543933
tqa88,17,-0.543933
tqa88,18,-29.875000
tqa88,19,-0.543933
tqa88,20,-30.250000
tqa88,21,-0.605889
tqa88,22,-0.605889
tqa88,23,-0.605889
tqa88,24,-24.875000
tqa88,25,26.375000
tqa88,26,26.375000
tqa88,27,26.375000
tqa88,28,-0.383462
tqa88,29,8.250000
tqa88,30,-0.383462
tqa88,31,-0.383462
tqa88,32,-0.474515
tqa88,33,-0.474515
tqa88,34,-22.000000
tqa88,35,-0.325967
tqa88,36,26.375000
tqa88,37,26.375000
tqa88,38,26.375000
tqa88,39,26.375000
tqa88,40,26.375000
tqa88,41,26.375000
tqa88,42,26.375000
tqa88,43,26.375000
tqa88,44,-0.543933
tqa88,45,-0.543933
tqa88,46,-10.874999
tqa88,47,-0.539268
tqa88,48,26.375000
tqa88,49,26.375000
tqa88,50,26.375000
tqa88,51,26.375000
tqa88,52,26.375000
tqa88,53,26.375000
tqa88,54,26.375000
tqa88,55,26.375000
tqa88,56,-29.000000
tqa88,57,-0.543933
tqa88,58,-27.750000
tqa88,59,-0.543933
tqa88,60,-0.264681
tqa88,61,-22.750000
tqa88,62,-0.351669
tqa88,63,-0.477954
tqa89,0,-0.571531
tqa89,1,-0.571526
tqa89,2,-32.250000
tqa89,3,-0.572914
tqa89,4,-0.540011
tqa89,5,-0.570787
tqa89,6,-32.500000
tqa89,7,-0.571531
tqa89,8,-37.750000
tqa89,9,-12.999999
tqa89,10,-35.000000
tqa89,11,-20.375000
tqa89,12,-35.250000
tqa89,13,-0.570208
tqa89,14,-0.571942
tqa89,15,-0.540011
tqa89,16,-0.419926
tqa89,17,-0.511357
tqa89,18,-0.540927
tqa89,19,-34.187500
tqa89,20,-0.573669
tqa89,21,-35.187500
tqa89,22,-0.601684
tqa89,23,-0.572914
tqa89,24,-0.601912
tqa89,25,-0.571526
tqa89,26,-0.570317
tqa89,27,-21.750000
tqa89,28,-0.353116
tqa89,29,-0.412411
tqa89,30,-0.411697
tqa89,31,-6.749975
tqa89,32,-0.573678
tqa89,33,-0.573669
tqa89,34,-30.875000
tqa89,35,-0.571942
tqa89,36,-0.573681
tqa89,37,-0.544513
tqa89,38,-33.125000
tqa89,39,-0.544513
tqa89,40,-0.601684
tqa89,41,-35.562500
tqa89,42,-0.601912
tqa89,43,-33.375000
tqa89,44,-0.352230
tqa89,45,-0.445833
tqa89,46,-0.452848
tqa89,47,-31.000000
tqa89,48,-32.125000
tqa89,49,-9.624994
tqa89,50,-9.624994
tqa89,51,-32.375000
tqa89,52,-0.571528
tqa89,53,-32.875000
tqa89,54,-0.541500
tqa89,55,-0.601684
tqa89,56,-30.500000
tqa89,57,-0.602789
tqa89,58,-0.544513
tqa89,59,-0.542106
tqa89,60,-0.351769
tqa89,61,-29.750000
tqa89,62,-0.477866
tqa89,63,-0.509242
tqa90,0,-0.451138
tqa90,1,-36.187500
tqa90,2,-0.415015
tqa90,3,-0.482071
tqa90,4,-0.420732
tqa90,5,-0.098742
tqa90,6,-0.482577
tqa90,7,-36.250000
tqa90,8,-0.514248
tqa90,9,-0.259781
tqa90,10,-0.481324
tqa90,11,-36.000000
tqa90,12,-0.543282
tqa90,13,-0.511174
tqa90,14,-28.875000
tqa90,15,-0.571001
tqa90,16,-0.482593
tqa90,17,-34.375000
tqa90,18,-0.541343
tqa90,19,-0.541343
tqa90,20,-0.412311
tqa90,21,-0.543295
tqa90,22,-36.375000
tqa90,23,-0.514912
tqa90,24,-0.481687
tqa90,25,-0.484326
tqa90,26,-0.330272
tqa90,27,-35.625000
tqa90,28,-38.125000
tqa90,29,-0.545938
tqa90,30,-0.512400
tqa90,31,-0.512399
tqa90,32,-0.482071
tqa90,33,-0.482382
tqa90,34,-0.131866
tqa90,35,-37.125000
tqa90,36,-0.509952
tqa90,37,-0.348651
tqa90,38,-37.312500
tqa90,39,-35.875000
tqa90,40,-0.451980
tqa90,41,-37.125000
tqa90,42,-0.481321
tqa90,43,-33.125000
tqa90,44,-37.625000
tqa90,45,-0.542259
tqa90,46,-0.511867
tqa90,47,-0.540261
tqa90,48,-0.514694
tqa90,49,-0.513254
tqa90,50,-0.511852
tqa90,51,-38.000000
tqa90,52,-28.125000
tqa90,53,-0.349199
tqa90,54,-0.322420
tqa90,55,-0.321716
tqa90,56,-0.256828
tqa90,57,-0.514271
tqa90,58,-0.512039
tqa90,59,-38.812500
tqa90,60,-0.480954
tqa90,61,-0.512774
tqa90,62,-36.375000
tqa90,63,-0.216887
tqa91,0,-35.375000
tqa91,1,-0.448999
tqa91,2,-0.171815
tqa91,3,-0.387586
tqa91,4,-0.133810
tqa91,5,-35.625000
tqa91,6,-35.625000
tqa91,7,-35.625000
tqa91,8,-35.562500
tqa91,9,-0.253959
tqa91,10,-0.223434
tqa91,11,-0.291636
tqa91,12,-35.562500
tqa91,13,-0.253959
tqa91,14,-0.253959
tqa91,15,-0.223368
tqa91,16,-0.481804
tqa91,17,-36.812500
tqa91,18,-0.481798
tqa91,19,-0.512857
tqa91,20,-0.486241
tqa91,21,-36.062500
tqa91,22,-0.166194
tqa91,23,-0.482387
tqa91,24,-0.482810
tqa91,25,-0.454998
tqa91,26,-36.125000
tqa91,27,-0.454998
tqa91,28,-0.454998
tqa91,29,-0.483019
tqa91,30,-36.125000
tqa91,31,-0.485256
tqa91,32,-0.482387
tqa91,33,-30.500000
tqa91,34,-0.455506
tqa91,35,-0.455506
tqa91,36,-0.356147
tqa91,37,-35.812500
tqa91,38,-0.414358
tqa91,39,-0.415464
tqa91,40,-0.455506
tqa91,41,-0.486241
tqa91,42,-33.625000
tqa91,43,-0.486241
tqa91,44,-36.250000
tqa91,45,-0.481798
tqa91,46,-0.261791
tqa91,47,-0.417088
tqa91,48,-0.416589
tqa91,49,-37.000000
tqa91,50,-0.383101
tqa91,51,-0.415464
tqa91,52,-33.750000
tqa91,53,-0.416447
tqa91,54,-0.388041
tqa91,55,-0.416462
tqa91,56,-0.514477
tqa91,57,-0.454998
tqa91,58,-0.453219
tqa91,59,-36.000000
tqa91,60,-37.375000
tqa91,61,-0.253959
tqa91,62,-0.447721
tqa91,63,-0.449815
tqa92,0,-0.197286
tqa92,1,-0.479270
tqa92,2,-0.419314
tqa92,3,-35.375000
tqa92,4,-0.289676
tqa92,5,-0.353681
tqa92,6,-0.348722
tqa92,7,-2.624982
tqa92,8,-0.286165
tqa92,9,-7.749993
tqa92,10,-15.374999
tqa92,11,-31.875000
tqa92,12,4.000003
tqa92,13,-1.624988
tqa92,14,-10.124996
tqa92,15,-33.500000
tqa92,16,-0.417755
tqa92,17,-0.197570
tqa92,18,-34.375000
tqa92,19,-0.415617
tqa92,20,-0.417757
tqa92,21,-33.875000
tqa92,22,-0.418097
tqa92,23,-34.500000
tqa92,24,-0.229262
tqa92,25,-0.130923
tqa92,26,-23.375000
tqa92,27,-0.417716
tqa92,28,-0.039288
tqa92,29,-0.387198
tqa92,30,-0.388433
tqa92,31,-34.625000
tqa92,32,-0.195091
tqa92,33,-0.319409
tqa92,34,-31.000000
tqa92,35,-0.194156
tqa92,36,-0.385509
tqa92,37,-34.000000
tqa92,38,-0.353112
tqa92,39,-33.375000
tqa92,40,-0.452335
tqa92,41,-0.482609
tqa92,42,-34.750000
tqa92,43,-0.424459
tqa92,44,-0.422279
tqa92,45,-0.451359
tqa92,46,-36.625000
tqa92,47,-0.423920
tqa92,48,-0.451524
tqa92,49,-0.327538
tqa92,50,-0.510229
tqa92,51,-33.500000
tqa92,52,-28.625000
tqa92,53,-9.249994
tqa92,54,-0.261602
tqa92,55,-0.417107
tqa92,56,-0.194710
tqa92,57,-0.447865
tqa92,58,-35.937500
tqa92,59,-0.476763
tqa92,60,-19.000000
tqa92,61,-0.076118
tqa92,62,-25.000000
tqa92,63,-0.350754
tqa93,0,-0.003647
tqa93,1,-0.381479
tqa93,2,-0.352482
tqa93,3,-34.562500
tqa93,4,-0.385224
tqa93,5,-0.357609
tqa93,6,-37.000000
tqa93,7,-0.229285
tqa93,8,-0.505345
tqa93,9,-34.562500
tqa93,10,-34.250000
tqa93,11,-0.129087
tqa93,12,-0.447596
tqa93,13,-0.447596
tqa93,14,-33.875000
tqa93,15,-0.442915
tqa93,16,-0.413490
tqa93,17,-0.255774
tqa93,18,-32.000000
tqa93,19,-33.500000
tqa93,20,-0.200068
tqa93,21,-0.415381
tqa93,22,-0.508256
tqa93,23,-35.625000
tqa93,24,-20.625000
tqa93,25,-0.445295
tqa93,26,-32.500000
tqa93,27,-0.413705
tqa93,28,-0.508354
tqa93,29,-31.375000
tqa93,30,-0.098424
tqa93,31,-0.508621
tqa93,32,-35.937500
tqa93,33,-0.505100
tqa93,34,-0.504064
tqa93,35,-0.537374
tqa93,36,-0.441628
tqa93,37,-0.412370
tqa93,38,-32.625000
tqa93,39,-0.412464
tqa93,40,-32.000000
tqa93,41,-0.479760
tqa93,42,-0.508500
tqa93,43,-0.509511
tqa93,44,-0.204737
tqa93,45,-0.383733
tqa93,46,-34.000000
tqa93,47,-0.382667
tqa93,48,-0.413383
tqa93,49,-0.413480
tqa93,50,-32.625000
tqa93,51,-0.442763
tqa93,52,-0.161277
tqa93,53,-36.000000
tqa93,54,-0.443998
tqa93,55,-0.441968
tqa93,56,-0.159966
tqa93,57,-0.290636
tqa93,58,-37.250000
tqa93,59,-0.413708
tqa93,60,-0.507117
tqa93,61,-0.507238
tqa93,62,-31.500000
tqa93,63,-0.476869
tqa94,0,-0.359530
tqa94,1,-4.749938
tqa94,2,-8.249982
tqa94,3,-0.387776
tqa94,4,-4.749938
tqa94,5,2.750009
tqa94,6,-0.359530
tqa94,7,-0.359530
tqa94,8,-0.483644
tqa94,9,-0.511648
tqa94,10,-31.875000
tqa94,11,-0.483644
tqa94,12,-8.249982
tqa94,13,-0.359530
tqa94,14,-8.249982
tqa94,15,-0.360654
tqa94,16,-32.750000
tqa94,17,-0.607173
tqa94,18,-0.577830
tqa94,19,-0.248102
tqa94,20,-0.360654
tqa94,21,-0.359530
tqa94,22,-0.360654
tqa94,23,-8.249982
tqa94,24,-0.545083
tqa94,25,-32.125000
tqa94,26,-0.574885
tqa94,27,-0.577830
tqa94,28,2.750009
tqa94,29,-0.359530
tqa94,30,-9.124990
tqa94,31,-0.200334
tqa94,32,-0.607788
tqa94,33,-0.455503
tqa94,34,-0.545291
tqa94,35,-29.875000
tqa94,36,-38.125000
tqa94,37,17.750000
tqa94,38,3.125011
tqa94,39,-0.874955
tqa94,40,-0.007437
tqa94,41,-31.125000
tqa94,42,-0.449873
tqa94,43,-0.483644
tqa94,44,-30.250000
tqa94,45,-0.068208
tqa94,46,-0.511847
tqa94,47,-0.451557
tqa94,48,-8.249982
tqa94,49,-0.360654
tqa94,50,-0.327584
tqa94,51,-0.359530
tqa94,52,-0.515340
tqa94,53,-0.484920
tqa94,54,-19.875000
tqa94,55,-0.482788
tqa94,56,-0.453997
tqa94,57,-32.250000
tqa94,58,-0.481605
tqa94,59,-0.511847
tqa94,60,-0.295934
tqa94,61,-0.481318
tqa94,62,-0.482384
tqa94,63,-32.000000
tqa95,0,-0.509130
tqa95,1,-0.445390
tqa95,2,-0.447066
tqa95,3,-37.812500
tqa95,4,-0.445503
tqa95,5,-39.062500
tqa95,6,-0.473858
tqa95,7,-0.507758
tqa95,8,-0.381536
tqa95,9,-38.062500
tqa95,10,-0.417245
tqa95,11,-0.448180
tqa95,12,-0.384675
tqa95,13,-0.417098
tqa95,14,-0.477127
tqa95,15,-37.500000
tqa95,16,-0.446747
tqa95,17,-0.478660
tqa95,18,-37.812500
tqa95,19,-0.443458
tqa95,20,-0.416031
tqa95,21,-37.250000
tqa95,22,-0.446244
tqa95,23,-0.445743
tqa95,24,-0.477243
tqa95,25,-0.415482
tqa95,26,-0.479258
tqa95,27,-36.250000
tqa95,28,-0.293380
tqa95,29,-0.448980
tqa95,30,-0.449323
tqa95,31,-38.375000
tqa95,32,-0.382786
tqa95,33,-0.382447
tqa95,34,-36.562500
tqa95,35,-0.444086
tqa95,36,-0.417933
tqa95,37,-0.452116
tqa95,38,-37.562500
tqa95,39,-38.250000
tqa95,40,-31.125000
tqa95,41,-0.477507
tqa95,42,-0.472694
tqa95,43,-0.540267
tqa95,44,-37.937500
tqa95,45,-33.875000
tqa95,46,-0.392490
tqa95,47,-0.349882
tqa95,48,-0.419122
tqa95,49,-0.418569
tqa95,50,-0.453002
tqa95,51,-37.812500
tqa95,52,-0.443542
tqa95,53,-0.449709
tqa95,54,-0.475663
tqa95,55,-37.375000
tqa95,56,-0.475455
tqa95,57,-38.375000
tqa95,58,-0.417076
tqa95,59,-0.414358
tqa95,60,-0.416326
tqa95,61,-37.687500
tqa95,62,-0.416332
tqa95,63,-0.414981
tqa96,0,-0.420516
tqa96,1,-0.448497
tqa96,2,-37.875000
tqa96,3,-0.351397
tqa96,4,-36.062500
tqa96,5,-0.384129
tqa96,6,-0.387354
tqa96,7,-0.417231
tqa96,8,-33.125000
tqa96,9,-0.255534
tqa96,10,-0.354429
tqa96,11,-0.383562
tqa96,12,-0.447716
tqa96,13,-0.416618
tqa96,14,-32.250000
tqa96,15,-0.445504
tqa96,16,-0.476978
tqa96,17,-0.476978
tqa96,18,-0.478114
tqa96,19,-36.125000
tqa96,20,-0.418977
tqa96,21,-36.937500
tqa96,22,-0.416759
tqa96,23,-0.447571
tqa96,24,-37.187500
tqa96,25,-35.250000
tqa96,26,-30.000000
tqa96,27,-30.750000
tqa96,28,-37.562500
tqa96,29,-0.418056
tqa96,30,-0.418798
tqa96,31,-0.418798
tqa96,32,-0.477883
tqa96,33,-0.475432
tqa96,34,-36.875000
tqa96,35,-0.478971
tqa96,36,-33.250000
tqa96,37,-0.228027
tqa96,38,-0.226093
tqa96,39,-0.352549
tqa96,40,-0.255594
tqa96,41,-29.375000
tqa96,42,6.625001
tqa96,43,-37.500000
tqa96,44,-34.000000
tqa96,45,-0.225306
tqa96,46,-30.125000
tqa96,47,-33.875000
tqa96,48,-0.195073
tqa96,49,-0.227045
tqa96,50,-20.500000
tqa96,51,-0.224966
tqa96,52,-0.446487
tqa96,53,-0.418978
tqa96,54,-0.386630
tqa96,55,-37.375000
tqa96,56,-33.875000
tqa96,57,-0.450740
tqa96,58,-0.450749
tqa96,59,-0.449352
tqa96,60,-0.416624
tqa96,61,-36.500000
tqa96,62,-0.448149
tqa96,63,-0.448016
tqa97,0,-38.125000
tqa97,1,-0.446862
tqa97,2,-0.159264
tqa97,3,-0.066826
tqa97,4,-0.385251
tqa97,5,-0.168199
tqa97,6,-38.750000
tqa97,7,-0.387573
tqa97,8,-38.625000
tqa97,9,-0.507117
tqa97,10,-0.446506
tqa97,11,-0.386832
tqa97,12,-0.446506
tqa97,13,-38.750000
tqa97,14,-0.077161
tqa97,15,-0.446506
tqa97,16,-0.447743
tqa97,17,-0.134073
tqa97,18,-36.125000
tqa97,19,-0.386668
tqa97,20,-38.562500
tqa97,21,-0.449355
tqa97,22,-0.422753
tqa97,23,-0.451135
tqa97,24,-38.500000
tqa97,25,-0.040108
tqa97,26,-0.258978
tqa97,27,-0.446730
tqa97,28,-0.387867
tqa97,29,-38.062500
tqa97,30,-0.387867
tqa97,31,-0.387867
tqa97,32,-0.324902
tqa97,33,-0.352517
tqa97,34,-0.352365
tqa97,35,-38.375000
tqa97,36,-0.419688
tqa97,37,-34.437500
tqa97,38,-0.446730
tqa97,39,-0.416056
tqa97,40,-0.477491
tqa97,41,-36.750000
tqa97,42,-38.812500
tqa97,43,-0.446862
tqa97,44,-0.446730
tqa97,45,-0.446730
tqa97,46,-0.417084
tqa97,47,-36.375000
tqa97,48,-0.098160
tqa97,49,-34.250000
tqa97,50,-0.290642
tqa97,51,-0.293202
tqa97,52,-0.418265
tqa97,53,-0.448681
tqa97,54,-0.353999
tqa97,55,-36.562500
tqa97,56,-0.506686
tqa97,57,-0.415791
tqa97,58,-36.875000
tqa97,59,-0.354902
tqa97,60,-0.445171
tqa97,61,-0.234092
tqa97,62,-38.125000
tqa97,63,-0.444492
tqa98,0,-31.875000
tqa98,1,-0.509375
tqa98,2,-0.510056
tqa98,3,-0.510213
tqa98,4,-0.385709
tqa98,5,-32.625000
tqa98,6,-0.384785
tqa98,7,-0.413699
tqa98,8,-0.476297
tqa98,9,-38.937500
tqa98,10,-0.261949
tqa98,11,-0.476521
tqa98,12,-0.540911
tqa98,13,-0.481064
tqa98,14,-0.509114
tqa98,15,-37.187500
tqa98,16,-1.624955
tqa98,17,-31.500000
tqa98,18,-31.625000
tqa98,19,-31.500000
tqa98,20,-0.540911
tqa98,21,-0.508381
tqa98,22,-34.000000
tqa98,23,-0.540911
tqa98,24,-0.107402
tqa98,25,-33.250000
tqa98,26,-0.382340
tqa98,27,-0.068362
tqa98,28,-0.316465
tqa98,29,-31.750000
tqa98,30,-31.750000
tqa98,31,-0.167028
tqa98,32,-0.316465
tqa98,33,-0.316465
tqa98,34,-0.316465
tqa98,35,-31.125000
tqa98,36,-0.226807
tqa98,37,22.000000
tqa98,38,-0.198115
tqa98,39,-31.750000
tqa98,40,-0.413069
tqa98,41,-35.375000
tqa98,42,-0.413170
tqa98,43,-35.125000
tqa98,44,-0.508967
tqa98,45,-34.625000
tqa98,46,-0.480518
tqa98,47,-0.070779
tqa98,48,-0.417230
tqa98,49,-0.415744
tqa98,50,-30.375000
tqa98,51,-0.415751
tqa98,52,-0.317801
tqa98,53,-31.750000
tqa98,54,-0.165472
tqa98,55,-0.167700
tqa98,56,-0.478239
tqa98,57,-0.197736
tqa98,58,-0.507885
tqa98,59,-35.625000
tqa98,60,-0.384095
tqa98,61,-0.383004
tqa98,62,-35.875000
tqa98,63,-0.414491
tqa99,0,-0.229287
tqa99,1,-29.750000
tqa99,2,-0.389443
tqa99,3,-0.225062
tqa99,4,-29.875000
tqa99,5,-0.418433
tqa99,6,-0.448996
tqa99,7,-0.449334
tqa99,8,-35.500000
tqa99,9,-0.511847
tqa99,10,-0.510980
tqa99,11,-0.510665
tqa99,12,-0.447265
tqa99,13,-0.479593
tqa99,14,-31.000000
tqa99,15,-0.448671
tqa99,16,-0.479889
tqa99,17,-34.562500
tqa99,18,-0.097950
tqa99,19,-0.508862
tqa99,20,-0.229287
tqa99,21,-34.000000
tqa99,22,-0.354673
tqa99,23,-0.354673
tqa99,24,-0.542090
tqa99,25,-0.484250
tqa99,26,-0.512863
tqa99,27,-33.125000
tqa99,28,-0.481051
tqa99,29,-0.449616
tqa99,30,-0.481051
tqa99,31,-21.000000
tqa99,32,-0.419476
tqa99,33,-0.358826
tqa99,34,-0.098493
tqa99,35,-36.125000
tqa99,36,-0.479564
tqa99,37,-0.479564
tqa99,38,-0.384244
tqa99,39,-33.250000
tqa99,40,4.375006
tqa99,41,-7.374987
tqa99,42,-7.374987
tqa99,43,-0.350345
tqa99,44,-0.383929
tqa99,45,-14.499999
tqa99,46,-0.165522
tqa99,47,-0.229287
tqa99,48,-0.389180
tqa99,49,-26.875000
tqa99,50,-0.389180
tqa99,51,-31.000000
tqa99,52,-0.449697
tqa99,53,-0.418540
tqa99,54,-36.000000
tqa99,55,-0.448149
tqa99,56,-27.500000
tqa99,57,-4.749964
tqa99,58,-4.749964
tqa99,59,-7.249987
tqa99,60,-15.500000
tqa99,61,-34.250000
tqa99,62,-0.225406
tqa99,63,-0.256455
tqa100,0,-38.937500
tqa100,1,-0.165585
tqa100,2,-0.194229
tqa100,3,-0.382892
tqa100,4,-0.446865
tqa100,5,-34.000000
tqa100,6,-0.386335
tqa100,7,-0.447005
tqa100,8,-0.382652
tqa100,9,-0.325064
tqa100,10,-0.383850
tqa100,11,-38.625000
tqa100,12,-0.224362
tqa100,13,-34.750000
tqa100,14,-0.290191
tqa100,15,-0.289098
tqa100,16,-0.475231
tqa100,17,-38.062500
tqa100,18,-0.447702
tqa100,19,-0.477365
tqa100,20,-0.412839
tqa100,21,-34.250000
tqa100,22,-34.937500
tqa100,23,-0.355254
tqa100,24,-35.250000
tqa100,25,-0.417902
tqa100,26,-0.162714
tqa100,27,-0.353117
tqa100,28,-0.415611
tqa100,29,-35.437500
tqa100,30,-0.415895
tqa100,31,-0.442842
tqa100,32,-0.477109
tqa100,33,-0.505178
tqa100,34,-0.384798
tqa100,35,-36.500000
tqa100,36,-0.474329
tqa100,37,-34.750000
tqa100,38,-0.446729
tqa100,39,-0.418275
tqa100,40,-0.449492
tqa100,41,-0.477000
tqa100,42,-0.479112
tqa100,43,-35.500000
tqa100,44,-33.625000
tqa100,45,-0.256795
tqa100,46,-0.191450
tqa100,47,-35.625000
tqa100,48,-32.375000
tqa100,49,-0.453464
tqa100,50,-0.417582
tqa100,51,-0.481144
tqa100,52,-0.355870
tqa100,53,-0.328059
tqa100,54,-0.326479
tqa100,55,-36.375000
tqa100,56,-0.477365
tqa100,57,-0.124072
tqa100,58,-0.414488
tqa100,59,-34.500000
tqa100,60,-36.750000
tqa100,61,-0.450356
tqa100,62,-0.419486
tqa100,63,-0.161138
tqa101,0,-0.448197
tqa101,1,-0.450555
tqa101,2,-35.750000
tqa101,3,-36.812500
tqa101,4,-35.750000
tqa101,5,-0.385685
tqa101,6,-0.385689
tqa101,7,-0.265799
tqa101,8,-22.875000
tqa101,9,-22.875000
tqa101,10,-33.875000
tqa101,11,-31.375000
tqa101,12,-0.355586
tqa101,13,-0.387648
tqa101,14,-34.625000
tqa101,15,-0.389047
tqa101,16,-0.481050
tqa101,17,-0.449277
tqa101,18,-0.451356
tqa101,19,-35.375000
tqa101,20,-36.625000
tqa101,21,-0.449277
tqa101,22,-0.450373
tqa101,23,-0.449277
tqa101,24,-0.417675
tqa101,25,-35.312500
tqa101,26,-0.450756
tqa101,27,-0.417675
tqa101,28,-0.418732
tqa101,29,-0.387670
tqa101,30,-0.386773
tqa101,31,-34.875000
tqa101,32,-33.250000
tqa101,33,-0.324628
tqa101,34,-0.129473
tqa101,35,-0.385059
tqa101,36,-0.209411
tqa101,37,-0.418810
tqa101,38,-37.375000
tqa101,39,-0.327320
tqa101,40,-25.500000
tqa101,41,-0.449277
tqa101,42,-0.449649
tqa101,43,-0.451356
tqa101,44,-0.481050
tqa101,45,-0.418040
tqa101,46,-37.937500
tqa101,47,-0.481813
tqa101,48,-0.353605
tqa101,49,-37.437500
tqa101,50,-0.353605
tqa101,51,-0.318346
tqa101,52,-22.875000
tqa101,53,-31.375000
tqa101,54,-32.875000
tqa101,55,-31.375000
tqa101,56,-0.167668
tqa101,57,-0.257325
tqa101,58,-36.125000
tqa101,59,-0.447555
tqa101,60,-0.448346
tqa101,61,-0.387670
tqa101,62,-0.386773
tqa101,63,-37.000000
tqa102,0,-0.475669
tqa102,1,-0.448838
tqa102,2,-0.416311
tqa102,3,-34.500000
tqa102,4,-0.478959
tqa102,5,-0.479110
tqa102,6,-0.127119
tqa102,7,-37.875000
tqa102,8,-0.449805
tqa102,9,-32.750000
tqa102,10,-0.449982
tqa102,11,-0.479921
tqa102,12,-0.387862
tqa102,13,-0.166178
tqa102,14,-0.418277
tqa102,15,-35.250000
tqa102,16,-36.500000
tqa102,17,-0.414480
tqa102,18,-0.389059
tqa102,19,-0.198689
tqa102,20,-30.500000
tqa102,21,-0.069577
tqa102,22,-0.447865
tqa102,23,-0.446599
tqa102,24,-0.170707
tqa102,25,-0.357587
tqa102,26,-34.687500
tqa102,27,-0.388047
tqa102,28,-34.875000
tqa102,29,-36.312500
tqa102,30,-34.875000
tqa102,31,-35.250000
tqa102,32,-0.418366
tqa102,33,-0.449002
tqa102,34,-35.937500
tqa102,35,-0.418557
tqa102,36,-36.437500
tqa102,37,-0.479927
tqa102,38,-0.478816
tqa102,39,-0.479927
tqa102,40,-0.478959
tqa102,41,-32.750000
tqa102,42,-0.449807
tqa102,43,-0.480435
tqa102,44,-34.875000
tqa102,45,-0.256285
tqa102,46,-33.375000
tqa102,47,-37.187500
tqa102,48,-0.483367
tqa102,49,-0.512316
tqa102,50,-35.125000
tqa102,51,-0.480269
tqa102,52,-0.316863
tqa102,53,-34.500000
tqa102,54,-0.285347
tqa102,55,-35.250000
tqa102,56,-0.255779
tqa102,57,-0.352434
tqa102,58,-33.375000
tqa102,59,-0.292195
tqa102,60,-0.483367
tqa102,61,-36.000000
tqa102,62,-0.480269
tqa102,63,-0.480269
tqa103,0,-0.511685
tqa103,1,-0.481612
tqa103,2,-0.482197
tqa103,3,-34.125000
tqa103,4,-0.099870
tqa103,5,-0.226956
tqa103,6,-0.198423
tqa103,7,-37.000000
tqa103,8,-0.479276
tqa103,9,-0.416595
tqa103,10,-35.437500
tqa103,11,-0.478787
tqa103,12,-0.133710
tqa103,13,-0.164075
tqa103,14,-37.750000
tqa103,15,-0.418542
tqa103,16,-0.511333
tqa103,17,-0.452556
tqa103,18,-0.451770
tqa103,19,-35.812500
tqa103,20,-0.542230
tqa103,21,-38.312500
tqa103,22,-0.451335
tqa103,23,-0.571362
tqa103,24,-0.452104
tqa103,25,-35.812500
tqa103,26,-0.450359
tqa103,27,-0.483366
tqa103,28,-0.418267
tqa103,29,-30.875000
tqa103,30,-0.508112
tqa103,31,-0.420642
tqa103,32,-0.449435
tqa103,33,-0.509216
tqa103,34,-0.508112
tqa103,35,-36.812500
tqa103,36,-0.386581
tqa103,37,0.024613
tqa103,38,-0.385519
tqa103,39,-34.125000
tqa103,40,-27.625000
tqa103,41,-0.192403
tqa103,42,-0.319892
tqa103,43,-33.125000
tqa103,44,-0.416298
tqa103,45,-0.444721
tqa103,46,-0.443707
tqa103,47,-24.375000
tqa103,48,-0.415745
tqa103,49,-39.062500
tqa103,50,-0.140106
tqa103,51,-0.414477
tqa103,52,-0.385381
tqa103,53,-37.125000
tqa103,54,-0.068933
tqa103,55,-0.448665
tqa103,56,-0.508351
tqa103,57,-0.040531
tqa103,58,-0.418006
tqa103,59,-35.875000
tqa103,60,-0.203995
tqa103,61,-39.437500
tqa103,62,-0.067098
tqa103,63,-0.390108
tqa104,0,-0.385677
tqa104,1,-0.139250
tqa104,2,-32.750000
tqa104,3,-25.125000
tqa104,4,-16.000000
tqa104,5,-0.389052
tqa104,6,-0.388438
tqa104,7,-0.420729
tqa104,8,-27.125000
tqa104,9,-0.443080
tqa104,10,-0.383142
tqa104,11,-0.386477
tqa104,12,-17.125000
tqa104,13,-0.355506
tqa104,14,-0.383560
tqa104,15,5.750002
tqa104,16,-37.750000
tqa104,17,-0.476768
tqa104,18,-0.476892
tqa104,19,-0.449480
tqa104,20,-1.249947
tqa104,21,-0.423497
tqa104,22,-0.417249
tqa104,23,-0.419890
tqa104,24,-0.451547
tqa104,25,-28.750000
tqa104,26,-0.419489
tqa104,27,-0.449158
tqa104,28,-0.387943
tqa104,29,-0.417582
tqa104,30,-28.750000
tqa104,31,-0.388051
tqa104,32,-33.000000
tqa104,33,-0.479432
tqa104,34,-0.477127
tqa104,35,-0.448338
tqa104,36,-30.750000
tqa104,37,-0.225543
tqa104,38,-0.448348
tqa104,39,-0.445627
tqa104,40,-0.477127
tqa104,41,-0.446622
tqa104,42,-37.562500
tqa104,43,-0.388432
tqa104,44,-0.134209
tqa104,45,1.000018
tqa104,46,-12.749997
tqa104,47,12.500000
tqa104,48,-36.125000
tqa104,49,-0.478724
tqa104,50,-0.476758
tqa104,51,-0.445756
tqa104,52,-29.125000
tqa104,53,-0.417580
tqa104,54,-0.138061
tqa104,55,-0.352001
tqa104,56,-31.625000
tqa104,57,-0.510555
tqa104,58,-0.477140
tqa104,59,-0.479772
tqa104,60,-0.419391
tqa104,61,-0.417741
tqa104,62,-0.419890
tqa104,63,-28.750000
tqa105,0,-0.102283
tqa105,1,-0.387669
tqa105,2,-0.195141
tqa105,3,-36.000000
tqa105,4,-0.128535
tqa105,5,-0.447845
tqa105,6,-0.416443
tqa105,7,-33.750000
tqa105,8,-38.250000
tqa105,9,-0.388229
tqa105,10,-0.385668
tqa105,11,-0.416767
tqa105,12,-0.418908
tqa105,13,-0.537273
tqa105,14,-37.437500
tqa105,15,-0.160640
tqa105,16,-0.449712
tqa105,17,-0.192950
tqa105,18,-0.478840
tqa105,19,-33.625000
tqa105,20,-35.125000
tqa105,21,-0.540668
tqa105,22,-0.512745
tqa105,23,-0.570179
tqa105,24,-0.195448
tqa105,25,-36.500000
tqa105,26,-0.416443
tqa105,27,-0.388839
tqa105,28,-36.375000
tqa105,29,-0.478824
tqa105,30,-0.391018
tqa105,31,-0.392494
tqa105,32,-0.417070
tqa105,33,-38.000000
tqa105,34,-0.355081
tqa105,35,-0.448304
tqa105,36,-0.419291
tqa105,37,-0.419874
tqa105,38,-0.385189
tqa105,39,-34.812500
tqa105,40,-32.125000
tqa105,41,-0.193244
tqa105,42,-0.265564
tqa105,43,-0.417399
tqa105,44,-0.381190
tqa105,45,-33.625000
tqa105,46,-0.445820
tqa105,47,-0.224513
tqa105,48,-0.323350
tqa105,49,-0.387669
tqa105,50,-37.750000
tqa105,51,-35.812500
tqa105,52,-0.421068
tqa105,53,-31.875000
tqa105,54,-0.510200
tqa105,55,-0.481419
tqa105,56,-0.198757
tqa105,57,-0.416443
tqa105,58,-36.437500
tqa105,59,-0.228812
tqa105,60,-33.875000
tqa105,61,-0.420485
tqa105,62,-36.750000
tqa105,63,-0.387378
tqa106,0,-0.376664
tqa106,1,-28.000000
tqa106,2,-29.250000
tqa106,3,-29.250000
tqa106,4,-37.000000
tqa106,5,-31.375000
tqa106,6,-29.250000
tqa106,7,-29.250000
tqa106,8,-29.250000
tqa106,9,-29.250000
tqa106,10,-19.875000
tqa106,11,-29.250000
tqa106,12,-0.450379
tqa106,13,-33.750000
tqa106,14,-0.450379
tqa106,15,-0.480714
tqa106,16,-26.375000
tqa106,17,-29.250000
tqa106,18,-29.375000
tqa106,19,-19.875000
tqa106,20,-0.482010
tqa106,21,-36.812500
tqa106,22,-0.512503
tqa106,23,-0.512503
tqa106,24,-29.250000
tqa106,25,-26.375000
tqa106,26,-28.250000
tqa106,27,-31.375000
tqa106,28,-0.376664
tqa106,29,-29.250000
tqa106,30,-29.250000
tqa106,31,-29.250000
tqa106,32,-0.538960
tqa106,33,-0.480714
tqa106,34,-0.451488
tqa106,35,-16.375000
tqa106,36,-22.375000
tqa106,37,-0.350539
tqa106,38,-0.351370
tqa106,39,-0.319100
tqa106,40,-34.125000
tqa106,41,-19.875000
tqa106,42,-29.250000
tqa106,43,-28.250000
tqa106,44,-0.510533
tqa106,45,-0.510533
tqa106,46,-30.875000
tqa106,47,-0.510533
tqa106,48,-31.375000
tqa106,49,-29.250000
tqa106,50,-26.375000
tqa106,51,-29.250000
tqa106,52,-31.375000
tqa106,53,-28.250000
tqa106,54,-30.500000
tqa106,55,-29.250000
tqa106,56,-0.448522
tqa106,57,-32.500000
tqa106,58,-0.481256
tqa106,59,-0.540925
tqa106,60,-29.250000
tqa106,61,-34.125000
tqa106,62,-35.875000
tqa106,63,-29.250000
tqa107,0,-0.355520
tqa107,1,-35.750000
tqa107,2,-0.446873
tqa107,3,-0.385056
tqa107,4,-0.389196
tqa107,5,5.500002
tqa107,6,-0.388988
tqa107,7,-0.388988
tqa107,8,-0.359546
tqa107,9,-0.230544
tqa107,10,-33.500000
tqa107,11,-0.356945
tqa107,12,-11.999997
tqa107,13,-11.999997
tqa107,14,-0.290474
tqa107,15,-0.292860
tqa107,16,-0.507774
tqa107,17,-0.507774
tqa107,18,-0.507774
tqa107,19,-35.750000
tqa107,20,-35.125000
tqa107,21,-0.452119
tqa107,22,-0.507774
tqa107,23,-0.507774
tqa107,24,-0.420100
tqa107,25,-34.250000
tqa107,26,-0.385056
tqa107,27,-0.418549
tqa107,28,-0.254584
tqa107,29,-0.448513
tqa107,30,-0.445949
tqa107,31,-6.749998
tqa107,32,-0.416918
tqa107,33,-0.294869
tqa107,34,-0.391978
tqa107,35,-34.375000
tqa107,36,-34.375000
tqa107,37,-0.450528
tqa107,38,-0.416918
tqa107,39,-0.384641
tqa107,40,-29.500000
tqa107,41,-8.249989
tqa107,42,-29.500000
tqa107,43,-29.500000
tqa107,44,-31.000000
tqa107,45,-0.356945
tqa107,46,-0.359546
tqa107,47,-0.043368
tqa107,48,-0.415211
tqa107,49,-34.812500
tqa107,50,-0.415211
tqa107,51,-0.415211
tqa107,52,-0.507774
tqa107,53,-0.507774
tqa107,54,-21.250000
tqa107,55,-0.507774
tqa107,56,-0.481052
tqa107,57,-0.449993
tqa107,58,-36.375000
tqa107,59,-6.999997
tqa107,60,-29.500000
tqa107,61,-29.500000
tqa107,62,-29.500000
tqa107,63,-29.500000
tqa108,0,-0.478689
tqa108,1,-34.500000
tqa108,2,-13.625000
tqa108,3,-0.478689
tqa108,4,-0.478689
tqa108,5,-0.478689
tqa108,6,-29.125000
tqa108,7,-0.478689
tqa108,8,24.875000
tqa108,9,24.875000
tqa108,10,24.875000
tqa108,11,24.875000
tqa108,12,-0.605957
tqa108,13,-13.250000
tqa108,14,-0.605957
tqa108,15,-0.478713
tqa108,16,24.875000
tqa108,17,24.875000
tqa108,18,24.875000
tqa108,19,24.875000
tqa108,20,-23.625000
tqa108,21,-0.162043
tqa108,22,-0.541052
tqa108,23,0.059179
tqa108,24,24.875000
tqa108,25,24.875000
tqa108,26,24.875000
tqa108,27,24.875000
tqa108,28,-0.605954
tqa108,29,-0.605954
tqa108,30,4.125001
tqa108,31,-0.605954
tqa108,32,-0.133263
tqa108,33,-30.750000
tqa108,34,-0.478689
tqa108,35,-0.478689
tqa108,36,-0.605954
tqa108,37,-0.356338
tqa108,38,-28.375000
tqa108,39,-0.605954
tqa108,40,-0.448071
tqa108,41,-34.250000
tqa108,42,-0.223582
tqa108,43,-35.125000
tqa108,44,-28.125000
tqa108,45,-0.605957
tqa108,46,-0.605957
tqa108,47,-0.289271
tqa108,48,-0.541052
tqa108,49,-23.375000
tqa108,50,-0.541052
tqa108,51,-0.541052
tqa108,52,-16.125000
tqa108,53,-0.449346
tqa108,54,-0.449346
tqa108,55,-0.449346
tqa108,56,-0.480769
tqa108,57,-0.480769
tqa108,58,-30.625000
tqa108,59,-0.480769
tqa108,60,-0.480769
tqa108,61,-0.480769
tqa108,62,-33.000000
tqa108,63,-0.480769
tqa109,0,-35.000000
tqa109,1,-0.478417
tqa109,2,-0.480965
tqa109,3,-0.327784
tqa109,4,-13.125000
tqa109,5,-0.420299
tqa109,6,-0.420299
tqa109,7,-0.451757
tqa109,8,-0.324351
tqa109,9,-27.000000
tqa109,10,-22.000000
tqa109,11,-0.324351
tqa109,12,-0.447701
tqa109,13,-0.480085
tqa109,14,-35.625000
tqa109,15,-0.480085
tqa109,16,26.375000
tqa109,17,26.375000
tqa109,18,-0.355716
tqa109,19,26.375000
tqa109,20,-0.478700
tqa109,21,-0.478700
tqa109,22,-0.482391
tqa109,23,-1.624995
tqa109,24,26.375000
tqa109,25,26.375000
tqa109,26,-0.325005
tqa109,27,-0.355716
tqa109,28,-0.355716
tqa109,29,-30.125000
tqa109,30,-0.355716
tqa109,31,-0.355716
tqa109,32,-0.355716
tqa109,33,-0.355716
tqa109,34,-0.357407
tqa109,35,26.375000
tqa109,36,-0.416772
tqa109,37,-13.250000
tqa109,38,-0.420511
tqa109,39,-0.420310
tqa109,40,-0.478700
tqa109,41,-0.482391
tqa109,42,-0.478700
tqa109,43,-35.812500
tqa109,44,-0.513254
tqa109,45,-0.513254
tqa109,46,-0.481997
tqa109,47,-33.375000
tqa109,48,-0.356614
tqa109,49,-0.387858
tqa109,50,-0.324351
tqa109,51,-22.500000
tqa109,52,-0.324351
tqa109,53,-0.624996
tqa109,54,-0.356614
tqa109,55,-0.356614
tqa109,56,-0.482391
tqa109,57,-0.482391
tqa109,58,-33.125000
tqa109,59,-0.478700
tqa109,60,-27.375000
tqa109,61,-0.482391
tqa109,62,-0.482391
tqa109,63,-0.417588
tqa110,0,25.375000
tqa110,1,-36.437500
tqa110,2,-36.062500
tqa110,3,25.375000
tqa110,4,-0.571653
tqa110,5,-0.540133
tqa110,6,-0.571653
tqa110,7,-28.875000
tqa110,8,-0.508615
tqa110,9,-0.540133
tqa110,10,-35.500000
tqa110,11,-0.540133
tqa110,12,-0.573520
tqa110,13,-0.571263
tqa110,14,-0.571263
tqa110,15,-19.000000
tqa110,16,-0.540127
tqa110,17,-0.542741
tqa110,18,-0.542741
tqa110,19,13.625000
tqa110,20,-0.573520
tqa110,21,-0.573520
tqa110,22,-0.573520
tqa110,23,-31.875000
tqa110,24,-0.541486
tqa110,25,-34.562500
tqa110,26,-33.500000
tqa110,27,-0.480998
tqa110,28,25.375000
tqa110,29,-36.062500
tqa110,30,-36.062500
tqa110,31,25.375000
tqa110,32,25.375000
tqa110,33,25.375000
tqa110,34,-36.062500
tqa110,35,25.375000
tqa110,36,-0.192875
tqa110,37,25.625000
tqa110,38,-36.375000
tqa110,39,25.625000
tqa110,40,-0.571266
tqa110,41,-9.374999
tqa110,42,-0.573520
tqa110,43,-0.571263
tqa110,44,-36.687500
tqa110,45,-0.511950
tqa110,46,-0.511950
tqa110,47,-0.538074
tqa110,48,-32.875000
tqa110,49,-0.571653
tqa110,50,-0.571653
tqa110,51,-0.571653
tqa110,52,-0.483460
tqa110,53,3.875001
tqa110,54,-0.450452
tqa110,55,-0.483460
tqa110,56,-0.507463
tqa110,57,-28.375000
tqa110,58,-0.571653
tqa110,59,-0.478411
tqa110,60,25.625000
tqa110,61,-0.283266
tqa110,62,25.625000
tqa110,63,-36.375000
tqa111,0,-0.354726
tqa111,1,-0.354726
tqa111,2,-0.354726
tqa111,3,-35.750000
tqa111,4,-37.062500
tqa111,5,-0.479930
tqa111,6,-0.479930
tqa111,7,-0.479930
tqa111,8,-0.354726
tqa111,9,-0.264607
tqa111,10,-35.062500
tqa111,11,-0.354726
tqa111,12,-0.416450
tqa111,13,-0.416450
tqa111,14,-0.416450
tqa111,15,-29.625000
tqa111,16,-0.445484
tqa111,17,-0.445484
tqa111,18,-0.445484
tqa111,19,-32.500000
tqa111,20,-24.375000
tqa111,21,-24.375000
tqa111,22,-24.375000
tqa111,23,-24.375000
tqa111,24,-0.290882
tqa111,25,-0.259969
tqa111,26,-0.290882
tqa111,27,-35.000000
tqa111,28,-24.375000
tqa111,29,-24.375000
tqa111,30,-24.375000
tqa111,31,-24.375000
tqa111,32,-31.125000
tqa111,33,-0.261142
tqa111,34,-0.382658
tqa111,35,-0.382658
tqa111,36,-0.071988
tqa111,37,-0.353820
tqa111,38,-0.354726
tqa111,39,-33.625000
tqa111,40,-24.375000
tqa111,41,-24.375000
tqa111,42,-24.375000
tqa111,43,-24.375000
tqa111,44,-0.445484
tqa111,45,-35.812500
tqa111,46,-0.445484
tqa111,47,-0.445484
tqa111,48,-0.354726
tqa111,49,-33.625000
tqa111,50,-0.354726
tqa111,51,-0.354726
tqa111,52,-0.382658
tqa111,53,-0.382658
tqa111,54,-32.500000
tqa111,55,-0.415235
tqa111,56,-0.382658
tqa111,57,-0.382658
tqa111,58,-0.382658
tqa111,59,-35.062500
tqa111,60,-0.449862
tqa111,61,-0.449862
tqa111,62,-0.445712
tqa111,63,-36.500000
tqa112,0,-36.875000
tqa112,1,-0.575766
tqa112,2,-0.544311
tqa112,3,-0.543114
tqa112,4,-36.312500
tqa112,5,-0.479272
tqa112,6,-0.386520
tqa112,7,-0.505591
tqa112,8,-0.507635
tqa112,9,-0.507635
tqa112,10,-38.000000
tqa112,11,-0.445148
tqa112,12,-0.481426
tqa112,13,-36.000000
tqa112,14,-0.204163
tqa112,15,-0.389632
tqa112,16,-0.167035
tqa112,17,-37.000000
tqa112,18,-0.482012
tqa112,19,-0.482012
tqa112,20,-30.375000
tqa112,21,-0.479933
tqa112,22,-0.479924
tqa112,23,-0.479927
tqa112,24,-0.507635
tqa112,25,-0.507635
tqa112,26,-33.500000
tqa112,27,-0.507635
tqa112,28,-36.812500
tqa112,29,-36.812500
tqa112,30,-35.750000
tqa112,31,23.375000
tqa112,32,-36.312500
tqa112,33,-0.131722
tqa112,34,-0.507638
tqa112,35,-0.106931
tqa112,36,-36.625000
tqa112,37,-0.542773
tqa112,38,-0.542773
tqa112,39,-0.541630
tqa112,40,-0.481426
tqa112,41,-0.289976
tqa112,42,-0.478376
tqa112,43,-35.812500
tqa112,44,-0.229949
tqa112,45,-0.544311
tqa112,46,-31.000000
tqa112,47,-0.544311
tqa112,48,-0.542939
tqa112,49,-0.514063
tqa112,50,-0.231452
tqa112,51,-37.187500
tqa112,52,-0.100018
tqa112,53,-34.687500
tqa112,54,-0.544311
tqa112,55,-0.543284
tqa112,56,-0.196342
tqa112,57,-0.543114
tqa112,58,-0.544311
tqa112,59,-36.062500
tqa112,60,-0.451696
tqa112,61,-0.451696
tqa112,62,-0.482012
tqa112,63,-35.375000
tqa113,0,-36.312500
tqa113,1,-0.510197
tqa113,2,-0.512659
tqa113,3,-0.510356
tqa113,4,2.875003
tqa113,5,-32.375000
tqa113,6,2.000004
tqa113,7,-34.750000
tqa113,8,-35.750000
tqa113,9,-0.514691
tqa113,10,-0.546155
tqa113,11,-0.485741
tqa113,12,-0.514911
tqa113,13,-33.125000
tqa113,14,-0.513643
tqa113,15,-0.514688
tqa113,16,-14.499999
tqa113,17,0.250004
tqa113,18,3.625002
tqa113,19,-33.125000
tqa113,20,-7.999991
tqa113,21,-4.999990
tqa113,22,1.000004
tqa113,23,3.125003
tqa113,24,-23.875000
tqa113,25,2.875003
tqa113,26,2.125003
tqa113,27,2.500003
tqa113,28,1.125005
tqa113,29,2.500003
tqa113,30,2.500003
tqa113,31,-12.124998
tqa113,32,-0.351074
tqa113,33,-0.320835
tqa113,34,-0.351958
tqa113,35,3.875001
tqa113,36,-16.375000
tqa113,37,1.000004
tqa113,38,-12.124998
tqa113,39,-12.124998
tqa113,40,-28.500000
tqa113,41,1.000004
tqa113,42,-6.749984
tqa113,43,-2.374985
tqa113,44,-3.374988
tqa113,45,-12.124998
tqa113,46,0.250004
tqa113,47,2.500003
tqa113,48,-0.453782
tqa113,49,0.500006
tqa113,50,-28.125000
tqa113,51,0.500006
tqa113,52,-28.500000
tqa113,53,2.500003
tqa113,54,2.500003
tqa113,55,-21.125000
tqa113,56,2.125003
tqa113,57,-34.750000
tqa113,58,3.375002
tqa113,59,-4.999990
tqa113,60,-0.514054
tqa113,61,-0.515044
tqa113,62,-31.750000
tqa113,63,-0.512029
tqa114,0,-0.480689
tqa114,1,-0.540227
tqa114,2,-0.039061
tqa114,3,-13.875000
tqa114,4,-0.511017
tqa114,5,-0.511175
tqa114,6,-0.541309
tqa114,7,-36.250000
tqa114,8,-0.511518
tqa114,9,-36.000000
tqa114,10,-0.544501
tqa114,11,-0.483158
tqa114,12,-0.538167
tqa114,13,-23.250000
tqa114,14,-0.510070
tqa114,15,-0.511017
tqa114,16,-0.511017
tqa114,17,-0.508979
tqa114,18,-35.000000
tqa114,19,-0.540483
tqa114,20,-0.542438
tqa114,21,-0.422056
tqa114,22,-35.625000
tqa114,23,-0.484788
tqa114,24,-0.289937
tqa114,25,-34.000000
tqa114,26,-0.314824
tqa114,27,-36.812500
tqa114,28,-0.101808
tqa114,29,-34.250000
tqa114,30,-0.101808
tqa114,31,-0.101808
tqa114,32,-34.250000
tqa114,33,-35.000000
tqa114,34,-27.625000
tqa114,35,-0.101808
tqa114,36,-34.000000
tqa114,37,-34.000000
tqa114,38,-0.445703
tqa114,39,-0.283790
tqa114,40,-0.477715
tqa114,41,-0.540227
tqa114,42,-33.000000
tqa114,43,-0.508699
tqa114,44,-0.483809
tqa114,45,-34.875000
tqa114,46,-0.514625
tqa114,47,-0.480453
tqa114,48,-0.512488
tqa114,49,-0.452559
tqa114,50,-0.452613
tqa114,51,-35.312500
tqa114,52,-0.478666
tqa114,53,-0.200298
tqa114,54,-36.875000
tqa114,55,-0.478666
tqa114,56,-0.234706
tqa114,57,-0.475041
tqa114,58,-0.478380
tqa114,59,-18.250000
tqa114,60,-29.875000
tqa114,61,-0.446080
tqa114,62,-0.289937
tqa114,63,-0.316220
tqa115,0,-32.625000
tqa115,1,-0.511668
tqa115,2,-34.312500
tqa115,3,-0.478545
tqa115,4,-35.375000
tqa115,5,-31.125000
tqa115,6,-0.452319
tqa115,7,-0.481409
tqa115,8,-36.062500
tqa115,9,-0.387364
tqa115,10,-35.750000
tqa115,11,-35.062500
tqa115,12,-0.417065
tqa115,13,-36.062500
tqa115,14,-0.103969
tqa115,15,-0.417065
tqa115,16,-0.069098
tqa115,17,-0.449977
tqa115,18,-36.375000
tqa115,19,-35.062500
tqa115,20,-0.448005
tqa115,21,-32.875000
tqa115,22,-0.481043
tqa115,23,-0.382332
tqa115,24,-36.250000
tqa115,25,-0.071051
tqa115,26,-0.481406
tqa115,27,-0.448014
tqa115,28,-0.010140
tqa115,29,-35.125000
tqa115,30,-0.387659
tqa115,31,-35.937500
tqa115,32,-0.264702
tqa115,33,-35.625000
tqa115,34,-0.421607
tqa115,35,-0.388615
tqa115,36,-36.187500
tqa115,37,-0.516901
tqa115,38,-0.448506
tqa115,39,-0.478885
tqa115,40,-0.225740
tqa115,41,-35.625000
tqa115,42,0.021104
tqa115,43,-17.875000
tqa115,44,-0.448993
tqa115,45,-0.387844
tqa115,46,-0.417065
tqa115,47,-36.375000
tqa115,48,-0.198330
tqa115,49,-36.062500
tqa115,50,-0.236769
tqa115,51,-0.103507
tqa115,52,-0.007371
tqa115,53,0.086761
tqa115,54,-0.389879
tqa115,55,-35.500000
tqa115,56,-0.481126
tqa115,57,-34.125000
tqa115,58,-0.541325
tqa115,59,-0.449889
tqa115,60,-0.383862
tqa115,61,-34.375000
tqa115,62,-35.000000
tqa115,63,-0.353972
tqa116,0,-0.512856
tqa116,1,-36.687500
tqa116,2,-0.573170
tqa116,3,-0.543099
tqa116,4,-0.512867
tqa116,5,-0.545942
tqa116,6,-0.359505
tqa116,7,-32.125000
tqa116,8,-0.511855
tqa116,9,-36.500000
tqa116,10,-0.512670
tqa116,11,-35.062500
tqa116,12,-0.359552
tqa116,13,-0.570867
tqa116,14,-31.625000
tqa116,15,-35.687500
tqa116,16,-34.625000
tqa116,17,-0.632681
tqa116,18,-0.603403
tqa116,19,-0.602243
tqa116,20,-0.512672
tqa116,21,-0.511855
tqa116,22,-0.421615
tqa116,23,-36.625000
tqa116,24,-0.544106
tqa116,25,-0.540909
tqa116,26,-33.875000
tqa116,27,-0.541769
tqa116,28,-0.512670
tqa116,29,-0.129278
tqa116,30,-0.511675
tqa116,31,-33.750000
tqa116,32,-37.375000
tqa116,33,-0.352071
tqa116,34,-37.375000
tqa116,35,-37.375000
tqa116,36,-0.572307
tqa116,37,-36.687500
tqa116,38,-0.541929
tqa116,39,-0.572307
tqa116,40,-0.574714
tqa116,41,-0.193843
tqa116,42,-0.570879
tqa116,43,-27.875000
tqa116,44,-0.479616
tqa116,45,-35.875000
tqa116,46,-0.479616
tqa116,47,-0.446860
tqa116,48,-0.199945
tqa116,49,-37.375000
tqa116,50,-0.199945
tqa116,51,-37.375000
tqa116,52,-35.625000
tqa116,53,-0.323859
tqa116,54,-0.331816
tqa116,55,-0.543099
tqa116,56,-0.353252
tqa116,57,-0.383470
tqa116,58,-0.323284
tqa116,59,-36.625000
tqa116,60,-0.354058
tqa116,61,-0.354058
tqa116,62,-0.450191
tqa116,63,-31.125000
tqa117,0,-0.204247
tqa117,1,-0.476623
tqa117,2,-35.312500
tqa117,3,-0.352858
tqa117,4,-0.506910
tqa117,5,-0.446868
tqa117,6,-0.507756
tqa117,7,-32.375000
tqa117,8,-0.507644
tqa117,9,-36.062500
tqa117,10,-0.507756
tqa117,11,-0.507982
tqa117,12,-0.445037
tqa117,13,-36.562500
tqa117,14,-0.507427
tqa117,15,-0.387741
tqa117,16,-0.536920
tqa117,17,-32.875000
tqa117,18,-0.507756
tqa117,19,-34.375000
tqa117,20,-0.571971
tqa117,21,-0.509256
tqa117,22,-28.500000
tqa117,23,-0.511816
tqa117,24,-0.101957
tqa117,25,-37.125000
tqa117,26,-0.475550
tqa117,27,-0.445366
tqa117,28,-35.000000
tqa117,29,-37.562500
tqa117,30,-34.000000
tqa117,31,-34.250000
tqa117,32,-0.662628
tqa117,33,-0.662628
tqa117,34,-0.662628
tqa117,35,-30.625000
tqa117,36,-0.256957
tqa117,37,12.375001
tqa117,38,-0.317553
tqa117,39,12.375001
tqa117,40,-0.256957
tqa117,41,12.375001
tqa117,42,-0.316955
tqa117,43,-0.256957
tqa117,44,-0.505840
tqa117,45,-35.687500
tqa117,46,-0.475550
tqa117,47,-0.445366
tqa117,48,-34.750000
tqa117,49,-0.605105
tqa117,50,-0.542943
tqa117,51,-0.575178
tqa117,52,-0.475659
tqa117,53,-35.687500
tqa117,54,-0.038020
tqa117,55,-0.475754
tqa117,56,-0.475550
tqa117,57,-0.475550
tqa117,58,-31.250000
tqa117,59,-0.475550
tqa117,60,-37.125000
tqa117,61,-0.388863
tqa117,62,-0.445834
tqa117,63,-0.444613
tqa118,0,-0.513986
tqa118,1,-28.000000
tqa118,2,-0.513982
tqa118,3,-0.513982
tqa118,4,-20.000000
tqa118,5,-0.546315
tqa118,6,-0.166206
tqa118,7,-0.293214
tqa118,8,-0.139051
tqa118,9,-4.499943
tqa118,10,-4.499943
tqa118,11,-4.499943
tqa118,12,-0.137323
tqa118,13,-0.295924
tqa118,14,17.000000
tqa118,15,-0.137323
tqa118,16,-0.512211
tqa118,17,-0.511337
tqa118,18,-0.512207
tqa118,19,-18.375000
tqa118,20,-0.448029
tqa118,21,-0.477538
tqa118,22,-30.500000
tqa118,23,-0.069239
tqa118,24,-0.546312
tqa118,25,-0.102851
tqa118,26,-36.625000
tqa118,27,-0.546312
tqa118,28,-0.544330
tqa118,29,-24.750000
tqa118,30,-0.485508
tqa118,31,-0.514270
tqa118,32,-0.573840
tqa118,33,-0.573352
tqa118,34,-25.500000
tqa118,35,-0.573840
tqa118,36,-0.546309
tqa118,37,-24.375000
tqa118,38,-0.544330
tqa118,39,-15.375000
tqa118,40,-26.500000
tqa118,41,-0.546309
tqa118,42,-0.544330
tqa118,43,-0.544330
tqa118,44,-0.356250
tqa118,45,-0.356250
tqa118,46,-4.499943
tqa118,47,-4.499943
tqa118,48,-0.139051
tqa118,49,-4.499943
tqa118,50,-0.356250
tqa118,51,-0.356250
tqa118,52,-0.546315
tqa118,53,-0.072086
tqa118,54,-0.485744
tqa118,55,-30.625000
tqa118,56,-4.499943
tqa118,57,-4.499943
tqa118,58,-0.356250
tqa118,59,-4.499943
tqa118,60,-0.544330
tqa118,61,-0.544330
tqa118,62,-30.625000
tqa118,63,-16.500000
tqa119,0,-0.509404
tqa119,1,-0.420501
tqa119,2,-0.455247
tqa119,3,-35.875000
tqa119,4,-0.483201
tqa119,5,-0.480574
tqa119,6,-36.625000
tqa119,7,-0.420905
tqa119,8,-0.451333
tqa119,9,-37.187500
tqa119,10,-0.422428
tqa119,11,-37.312500
tqa119,12,-38.000000
tqa119,13,-34.875000
tqa119,14,-23.750000
tqa119,15,-37.750000
tqa119,16,-0.420076
tqa119,17,-28.250000
tqa119,18,-0.419691
tqa119,19,-0.413048
tqa119,20,-35.250000
tqa119,21,-0.450817
tqa119,22,-0.480225
tqa119,23,-0.422504
tqa119,24,-0.452833
tqa119,25,-0.420261
tqa119,26,-37.375000
tqa119,27,-0.420281
tqa119,28,-0.419876
tqa119,29,-37.250000
tqa119,30,-0.391183
tqa119,31,-0.221060
tqa119,32,-0.293200
tqa119,33,-0.226255
tqa119,34,-37.812500
tqa119,35,-0.234310
tqa119,36,-38.625000
tqa119,37,-0.389205
tqa119,38,-0.450385
tqa119,39,-0.325495
tqa119,40,-36.562500
tqa119,41,-0.450433
tqa119,42,-0.420485
tqa119,43,-0.449320
tqa119,44,-36.250000
tqa119,45,-0.421350
tqa119,46,-0.425607
tqa119,47,-0.425038
tqa119,48,-0.293019
tqa119,49,-0.224960
tqa119,50,-0.166951
tqa119,51,-38.125000
tqa119,52,-0.450246
tqa119,53,-0.419885
tqa119,54,-0.420281
tqa119,55,-36.687500
tqa119,56,-0.387754
tqa119,57,-0.450631
tqa119,58,-0.481667
tqa119,59,-35.812500
tqa119,60,-0.419685
tqa119,61,-0.394080
tqa119,62,-36.812500
tqa119,63,-0.451012
tqa120,0,-0.206723
tqa120,1,-33.250000
tqa120,2,-0.356252
tqa120,3,-0.477832
tqa120,4,-34.250000
tqa120,5,-34.875000
tqa120,6,-0.541631
tqa120,7,-0.481438
tqa120,8,-0.515104
tqa120,9,-38.437500
tqa120,10,-0.545028
tqa120,11,-0.387704
tqa120,12,-0.412126
tqa120,13,-37.875000
tqa120,14,-0.446218
tqa120,15,-0.417688
tqa120,16,-36.750000
tqa120,17,-0.447416
tqa120,18,-0.099601
tqa120,19,-0.447416
tqa120,20,-0.449285
tqa120,21,-36.437500
tqa120,22,-0.478687
tqa120,23,-0.480191
tqa120,24,-0.101217
tqa120,25,-38.000000
tqa120,26,-0.478371
tqa120,27,-0.508699
tqa120,28,-0.544314
tqa120,29,-0.513979
tqa120,30,-0.513659
tqa120,31,-37.312500
tqa120,32,-0.448423
tqa120,33,-36.125000
tqa120,34,-0.258345
tqa120,35,-0.510841
tqa120,36,-0.512680
tqa120,37,-37.500000
tqa120,38,-0.544314
tqa120,39,-0.513078
tqa120,40,-34.125000
tqa120,41,-0.510378
tqa120,42,-0.512870
tqa120,43,-0.548255
tqa120,44,-0.448423
tqa120,45,-0.477951
tqa120,46,-0.477951
tqa120,47,-37.437500
tqa120,48,-38.062500
tqa120,49,-0.193956
tqa120,50,-0.478105
tqa120,51,-0.225061
tqa120,52,-0.514845
tqa120,53,-0.513865
tqa120,54,-32.125000
tqa120,55,-0.541785
tqa120,56,-38.812500
tqa120,57,-0.351706
tqa120,58,-0.226445
tqa120,59,-0.350958
tqa120,60,-34.625000
tqa120,61,-0.444927
tqa120,62,-0.353842
tqa120,63,-0.476938
tqa121,0,-34.750000
tqa121,1,-0.418924
tqa121,2,-0.419113
tqa121,3,-0.447430
tqa121,4,-0.355995
tqa121,5,-36.937500
tqa121,6,-38.812500
tqa121,7,-0.325298
tqa121,8,-33.000000
tqa121,9,-0.479439
tqa121,10,-0.573502
tqa121,11,-0.512400
tqa121,12,-0.418546
tqa121,13,-0.134921
tqa121,14,-38.250000
tqa121,15,-0.477855
tqa121,16,-0.097300
tqa121,17,-35.625000
tqa121,18,-0.447743
tqa121,19,-0.449351
tqa121,20,-0.322651
tqa121,21,-0.256726
tqa121,22,-36.937500
tqa121,23,-0.352173
tqa121,24,-0.288400
tqa121,25,-0.385607
tqa121,26,-0.452407
tqa121,27,-21.750000
tqa121,28,-0.418548
tqa121,29,-32.500000
tqa121,30,-0.448344
tqa121,31,-0.416464
tqa121,32,-0.510857
tqa121,33,-38.625000
tqa121,34,-0.543033
tqa121,35,-0.451501
tqa121,36,-0.389408
tqa121,37,-0.448190
tqa121,38,-0.449630
tqa121,39,-36.000000
tqa121,40,-34.250000
tqa121,41,-0.449527
tqa121,42,-0.138576
tqa121,43,-0.447852
tqa121,44,-0.255719
tqa121,45,-29.125000
tqa121,46,-0.226742
tqa121,47,-8.124997
tqa121,48,-0.450958
tqa121,49,-35.562500
tqa121,50,-0.450569
tqa121,51,-0.478678
tqa121,52,-0.418736
tqa121,53,-0.448023
tqa121,54,-0.448024
tqa121,55,-33.625000
tqa121,56,-0.447871
tqa121,57,-0.448677
tqa121,58,-0.068521
tqa121,59,-36.500000
tqa121,60,-0.510996
tqa121,61,-0.513429
tqa121,62,-0.483224
tqa121,63,-34.625000
tqa122,0,-0.482007
tqa122,1,-34.750000
tqa122,2,-0.546379
tqa122,3,-0.168325
tqa122,4,-0.543817
tqa122,5,-0.197880
tqa122,6,-0.543635
tqa122,7,-33.625000
tqa122,8,-0.482992
tqa122,9,-0.453683
tqa122,10,-0.482588
tqa122,11,-35.437500
tqa122,12,-0.482007
tqa122,13,-35.125000
tqa122,14,-0.196896
tqa122,15,-0.165677
tqa122,16,-0.291334
tqa122,17,-0.516263
tqa122,18,-31.000000
tqa122,19,-0.516265
tqa122,20,-0.576146
tqa122,21,-0.484025
tqa122,22,-32.625000
tqa122,23,-0.574368
tqa122,24,-13.874999
tqa122,25,-0.135149
tqa122,26,-35.125000
tqa122,27,-0.135149
tqa122,28,-0.169327
tqa122,29,-35.625000
tqa122,30,-33.000000
tqa122,31,-0.482007
tqa122,32,-0.423492
tqa122,33,-0.486508
tqa122,34,-0.517230
tqa122,35,-36.750000
tqa122,36,-0.484541
tqa122,37,-0.482007
tqa122,38,-0.129358
tqa122,39,-29.625000
tqa122,40,-0.295710
tqa122,41,-35.125000
tqa122,42,-0.419310
tqa122,43,-36.562500
tqa122,44,-2.374946
tqa122,45,-0.225484
tqa122,46,-0.193163
tqa122,47,-0.351909
tqa122,48,-0.579734
tqa122,49,-0.164959
tqa122,50,-0.546971
tqa122,51,-20.000000
tqa122,52,-22.750000
tqa122,53,-0.540083
tqa122,54,-0.388868
tqa122,55,-0.510678
tqa122,56,-0.543114
tqa122,57,-0.546522
tqa122,58,-31.500000
tqa122,59,-0.544497
tqa122,60,-32.000000
tqa122,61,-0.511485
tqa122,62,-0.511476
tqa122,63,-0.573329
tqa123,0,-27.875000
tqa123,1,-0.358212
tqa123,2,-0.327167
tqa123,3,-0.482240
tqa123,4,-0.389009
tqa123,5,-0.387357
tqa123,6,-0.388596
tqa123,7,-35.937500
tqa123,8,-37.312500
tqa123,9,-0.450537
tqa123,10,-0.418095
tqa123,11,-0.450537
tqa123,12,-32.375000
tqa123,13,-0.505663
tqa123,14,-0.505741
tqa123,15,-0.317592
tqa123,16,-0.355564
tqa123,17,-0.512712
tqa123,18,-0.420682
tqa123,19,-37.187500
tqa123,20,-28.750000
tqa123,21,-33.625000
tqa123,22,-0.099698
tqa123,23,-0.418784
tqa123,24,-0.570519
tqa123,25,-0.360012
tqa123,26,-35.812500
tqa123,27,-36.312500
tqa123,28,-0.510052
tqa123,29,-0.447019
tqa123,30,-0.418784
tqa123,31,-36.187500
tqa123,32,-0.448028
tqa123,33,-0.419368
tqa123,34,-0.538342
tqa123,35,-36.687500
tqa123,36,-0.352733
tqa123,37,-37.000000
tqa123,38,-0.415652
tqa123,39,-0.414373
tqa123,40,-36.625000
tqa123,41,-0.255436
tqa123,42,-7.374984
tqa123,43,-19.750000
tqa123,44,-33.750000
tqa123,45,-0.481293
tqa123,46,-0.481293
tqa123,47,-0.509390
tqa123,48,-0.478823
tqa123,49,-0.414172
tqa123,50,-0.447060
tqa123,51,-35.312500
tqa123,52,-0.540520
tqa123,53,-36.312500
tqa123,54,-0.540520
tqa123,55,-0.347576
tqa123,56,-0.129649
tqa123,57,-31.500000
tqa123,58,-0.097098
tqa123,59,-0.478139
tqa123,60,-0.418784
tqa123,61,-33.750000
tqa123,62,-36.187500
tqa123,63,-0.475938
tqa124,0,-29.000000
tqa124,1,-0.486945
tqa124,2,-0.514051
tqa124,3,-0.512851
tqa124,4,-0.480247
tqa124,5,-33.375000
tqa124,6,-0.480247
tqa124,7,-0.226960
tqa124,8,-0.103322
tqa124,9,-29.625000
tqa124,10,2.250010
tqa124,11,-0.194260
tqa124,12,-0.384907
tqa124,13,-37.125000
tqa124,14,-0.384630
tqa124,15,-0.356969
tqa124,16,-0.225704
tqa124,17,-0.194155
tqa124,18,-0.225704
tqa124,19,-6.374969
tqa124,20,-0.510353
tqa124,21,-15.250000
tqa124,22,-0.511933
tqa124,23,-0.539366
tqa124,24,-37.125000
tqa124,25,-0.446723
tqa124,26,-0.418355
tqa124,27,-0.445846
tqa124,28,-0.255454
tqa124,29,-35.500000
tqa124,30,-6.124972
tqa124,31,-0.255454
tqa124,32,-0.511686
tqa124,33,-0.510353
tqa124,34,-33.000000
tqa124,35,-36.375000
tqa124,36,-0.068296
tqa124,37,-34.375000
tqa124,38,-0.540477
tqa124,39,-0.508113
tqa124,40,-29.625000
tqa124,41,-0.321436
tqa124,42,-0.163605
tqa124,43,-0.073607
tqa124,44,-0.416894
tqa124,45,-38.375000
tqa124,46,-0.386984
tqa124,47,-0.447428
tqa124,48,-0.479265
tqa124,49,-34.875000
tqa124,50,-0.477109
tqa124,51,-0.477837
tqa124,52,-6.124972
tqa124,53,-5.999966
tqa124,54,-26.625000
tqa124,55,2.250014
tqa124,56,-33.875000
tqa124,57,-0.416770
tqa124,58,-0.448659
tqa124,59,-0.418355
tqa124,60,-0.513407
tqa124,61,-34.500000
tqa124,62,-0.573304
tqa124,63,-0.541456
tqa125,0,-0.509103
tqa125,1,-35.562500
tqa125,2,-0.541613
tqa125,3,-0.507886
tqa125,4,-13.249998
tqa125,5,-0.325193
tqa125,6,-0.323522
tqa125,7,-0.293380
tqa125,8,-2.499959
tqa125,9,-4.749961
tqa125,10,-7.749986
tqa125,11,-6.624974
tqa125,12,-14.624999
tqa125,13,-0.129966
tqa125,14,-0.070429
tqa125,15,-0.038426
tqa125,16,-31.250000
tqa125,17,-0.574856
tqa125,18,-0.537724
tqa125,19,-0.538904
tqa125,20,-0.568971
tqa125,21,-0.602468
tqa125,22,-34.250000
tqa125,23,-0.541162
tqa125,24,-8.249987
tqa125,25,-0.009080
tqa125,26,-14.624999
tqa125,27,-0.418105
tqa125,28,-0.135459
tqa125,29,-0.162457
tqa125,30,-1.249970
tqa125,31,-3.624956
tqa125,32,-0.384168
tqa125,33,-1.249970
tqa125,34,-0.384168
tqa125,35,-1.499955
tqa125,36,-0.038426
tqa125,37,-0.070546
tqa125,38,-0.070429
tqa125,39,-11.999997
tqa125,40,-0.006215
tqa125,41,-0.096634
tqa125,42,-36.000000
tqa125,43,-0.067878
tqa125,44,-1.499954
tqa125,45,-1.499965
tqa125,46,-4.749961
tqa125,47,-30.500000
tqa125,48,-3.374954
tqa125,49,-7.874985
tqa125,50,-1.499965
tqa125,51,-1.499954
tqa125,52,-0.326536
tqa125,53,-0.445374
tqa125,54,-0.480035
tqa125,55,-34.250000
tqa125,56,-0.069566
tqa125,57,-31.125000
tqa125,58,-0.100924
tqa125,59,-0.038426
tqa125,60,-0.037750
tqa125,61,0.024291
tqa125,62,-4.124948
tqa125,63,-0.097481
tqa126,0,-0.543988
tqa126,1,-0.392427
tqa126,2,-0.515780
tqa126,3,-13.875000
tqa126,4,-0.257355
tqa126,5,-0.258618
tqa126,6,-34.125000
tqa126,7,-0.193632
tqa126,8,-34.000000
tqa126,9,-30.500000
tqa126,10,-0.508648
tqa126,11,-0.201890
tqa126,12,-12.375000
tqa126,13,-0.542737
tqa126,14,-0.544683
tqa126,15,-0.542899
tqa126,16,-36.250000
tqa126,17,-0.514021
tqa126,18,-0.514237
tqa126,19,-0.543988
tqa126,20,-30.000000
tqa126,21,-33.312500
tqa126,22,-0.447342
tqa126,23,-0.543988
tqa126,24,-0.545074
tqa126,25,-34.375000
tqa126,26,-0.544559
tqa126,27,-0.571364
tqa126,28,-0.511529
tqa126,29,-32.625000
tqa126,30,-0.546582
tqa126,31,-0.321652
tqa126,32,-0.515551
tqa126,33,-35.625000
tqa126,34,-34.625000
tqa126,35,-0.515326
tqa126,36,-0.388141
tqa126,37,-32.625000
tqa126,38,-0.515780
tqa126,39,-0.358884
tqa126,40,-31.625000
tqa126,41,-32.500000
tqa126,42,-0.157776
tqa126,43,-0.541638
tqa126,44,-34.125000
tqa126,45,-0.569951
tqa126,46,-0.363707
tqa126,47,-0.476810
tqa126,48,-0.514447
tqa126,49,-0.545087
tqa126,50,-34.000000
tqa126,51,-0.514244
tqa126,52,-0.128250
tqa126,53,-0.545074
tqa126,54,-0.544383
tqa126,55,-29.625000
tqa126,56,-35.437500
tqa126,57,-0.319649
tqa126,58,-0.545087
tqa126,59,-0.544183
tqa126,60,-0.545087
tqa126,61,-34.375000
tqa126,62,-0.261174
tqa126,63,-0.097901
tqa127,0,-32.000000
tqa127,1,-0.165766
tqa127,2,-0.387524
tqa127,3,-0.449848
tqa127,4,-0.099519
tqa127,5,-0.418629
tqa127,6,-36.375000
tqa127,7,-0.357373
tqa127,8,-0.420067
tqa127,9,-0.034797
tqa127,10,-29.000000
tqa127,11,-0.447268
tqa127,12,-0.483423
tqa127,13,-0.390950
tqa127,14,-0.511316
tqa127,15,-14.999999
tqa127,16,-0.420900
tqa127,17,-0.420280
tqa127,18,-39.312500
tqa127,19,-30.500000
tqa127,20,-0.442833
tqa127,21,-36.312500
tqa127,22,-0.478675
tqa127,23,-0.510506
tqa127,24,-0.449881
tqa127,25,-32.750000
tqa127,26,-0.419685
tqa127,27,-0.448486
tqa127,28,-0.510370
tqa127,29,-0.480571
tqa127,30,-0.196070
tqa127,31,-4.999997
tqa127,32,-0.420098
tqa127,33,-0.483219
tqa127,34,-33.125000
tqa127,35,-0.480076
tqa127,36,-0.204729
tqa127,37,-0.448799
tqa127,38,-0.418262
tqa127,39,-13.875000
tqa127,40,-0.479562
tqa127,41,-24.875000
tqa127,42,-0.449342
tqa127,43,0.180591
tqa127,44,-0.448023
tqa127,45,-0.416612
tqa127,46,-36.312500
tqa127,47,-0.325443
tqa127,48,-0.422258
tqa127,49,-0.322855
tqa127,50,-33.625000
tqa127,51,-0.484007
tqa127,52,-37.437500
tqa127,53,-0.163831
tqa127,54,-0.357524
tqa127,55,-38.750000
tqa127,56,-35.437500
tqa127,57,-0.448782
tqa127,58,-0.264470
tqa127,59,-0.476630
tqa127,60,-37.937500
tqa127,61,-0.538268
tqa127,62,-0.510506
tqa127,63,-0.479113
tqa128,0,-0.541169
tqa128,1,-30.250000
tqa128,2,-0.512130
tqa128,3,-0.418114
tqa128,4,-0.575771
tqa128,5,-0.160492
tqa128,6,-31.125000
tqa128,7,-0.575771
tqa128,8,-28.750000
tqa128,9,-0.575771
tqa128,10,-0.576159
tqa128,11,-0.606351
tqa128,12,-0.575771
tqa128,13,-0.482420
tqa128,14,-0.575771
tqa128,15,-34.125000
tqa128,16,24.500000
tqa128,17,-0.323048
tqa128,18,-0.133821
tqa128,19,-0.135242
tqa128,20,-0.604156
tqa128,21,-15.375000
tqa128,22,-0.604156
tqa128,23,-0.604156
tqa128,24,-0.544125
tqa128,25,-0.548508
tqa128,26,-0.548508
tqa128,27,-27.000000
tqa128,28,-34.000000
tqa128,29,-0.540084
tqa128,30,-0.540084
tqa128,31,-0.540084
tqa128,32,-0.570146
tqa128,33,-0.444112
tqa128,34,-0.570146
tqa128,35,-31.250000
tqa128,36,-37.062500
tqa128,37,-0.543838
tqa128,38,-0.069633
tqa128,39,-0.543838
tqa128,40,-0.541169
tqa128,41,-34.250000
tqa128,42,-0.037958
tqa128,43,-0.541169
tqa128,44,-0.540084
tqa128,45,-0.478666
tqa128,46,-33.250000
tqa128,47,-0.540084
tqa128,48,-30.000000
tqa128,49,-0.548508
tqa128,50,-28.250000
tqa128,51,-0.548508
tqa128,52,-28.500000
tqa128,53,-0.543391
tqa128,54,-0.515065
tqa128,55,-0.543391
tqa128,56,-0.476580
tqa128,57,-0.543391
tqa128,58,-0.543391
tqa128,59,-30.750000
tqa128,60,-34.250000
tqa128,61,-0.548508
tqa128,62,-0.548508
tqa128,63,-0.548508
tqa129,0,-0.134094
tqa129,1,-30.625000
tqa129,2,-35.750000
tqa129,3,-0.513460
tqa129,4,-33.000000
tqa129,5,-0.508835
tqa129,6,-0.508835
tqa129,7,-0.292618
tqa129,8,-0.513460
tqa129,9,-0.067966
tqa129,10,-0.513460
tqa129,11,-30.625000
tqa129,12,21.500000
tqa129,13,21.500000
tqa129,14,21.500000
tqa129,15,21.500000
tqa129,16,0.054087
tqa129,17,-33.000000
tqa129,18,-0.416213
tqa129,19,-0.570366
tqa129,20,-0.508835
tqa129,21,-0.322883
tqa129,22,-30.500000
tqa129,23,-0.508835
tqa129,24,-19.500000
tqa129,25,-0.575008
tqa129,26,-0.545116
tqa129,27,-0.574365
tqa129,28,-0.542104
tqa129,29,-0.357957
tqa129,30,-0.542104
tqa129,31,-31.000000
tqa129,32,-0.572458
tqa129,33,-3.499997
tqa129,34,-0.572450
tqa129,35,-0.540269
tqa129,36,-34.250000
tqa129,37,-0.545116
tqa129,38,-0.485032
tqa129,39,-0.575008
tqa129,40,-0.508835
tqa129,41,-0.508835
tqa129,42,-7.749999
tqa129,43,-0.508835
tqa129,44,-31.500000
tqa129,45,-0.542104
tqa129,46,-0.105193
tqa129,47,-0.322902
tqa129,48,-0.479906
tqa129,49,-0.380486
tqa129,50,-31.750000
tqa129,51,-0.383485
tqa129,52,-0.545116
tqa129,53,-0.545116
tqa129,54,-30.250000
tqa129,55,-0.545116
tqa129,56,-31.625000
tqa129,57,7.750000
tqa129,58,-0.539124
tqa129,59,-0.539124
tqa129,60,-0.542104
tqa129,61,-36.125000
tqa129,62,-0.541788
tqa129,63,-0.384262
tqa130,0,-0.508950
tqa130,1,-0.510998
tqa130,2,-33.625000
tqa130,3,-0.512671
tqa130,4,-0.203510
tqa130,5,-38.000000
tqa130,6,-0.419671
tqa130,7,-0.446994
tqa130,8,-35.000000
tqa130,9,-0.508807
tqa130,10,-0.351524
tqa130,11,-0.481418
tqa130,12,-0.476720
tqa130,13,-0.477362
tqa130,14,-35.750000
tqa130,15,-0.225378
tqa130,16,-0.481471
tqa130,17,-0.452587
tqa130,18,-0.479277
tqa130,19,-38.187500
tqa130,20,-0.476624
tqa130,21,-0.098565
tqa130,22,-36.000000
tqa130,23,-0.476858
tqa130,24,-0.511955
tqa130,25,-0.289197
tqa130,26,-0.354847
tqa130,27,-35.250000
tqa130,28,-0.419310
tqa130,29,-0.351962
tqa130,30,-31.000000
tqa130,31,-0.450759
tqa130,32,-0.419668
tqa130,33,-37.062500
tqa130,34,-0.446371
tqa130,35,-0.416040
tqa130,36,-0.391178
tqa130,37,-0.449170
tqa130,38,-37.625000
tqa130,39,-0.448998
tqa130,40,-36.312500
tqa130,41,-0.541768
tqa130,42,-0.508950
tqa130,43,-0.513445
tqa130,44,-0.036544
tqa130,45,-36.062500
tqa130,46,-0.069088
tqa130,47,-34.875000
tqa130,48,-0.569839
tqa130,49,-0.541455
tqa130,50,-0.480069
tqa130,51,-37.062500
tqa130,52,-37.812500
tqa130,53,-37.250000
tqa130,54,-37.937500
tqa130,55,-0.509655
tqa130,56,-0.510048
tqa130,57,-33.750000
tqa130,58,-36.000000
tqa130,59,-0.508112
tqa130,60,-0.260605
tqa130,61,-38.375000
tqa130,62,-0.422761
tqa130,63,-0.323423
tqa131,0,-0.602125
tqa131,1,-0.573355
tqa131,2,-0.543295
tqa131,3,-35.000000
tqa131,4,-0.317070
tqa131,5,-22.875000
tqa131,6,-4.749955
tqa131,7,-0.384090
tqa131,8,-34.875000
tqa131,9,-0.541614
tqa131,10,-0.541614
tqa131,11,-0.542932
tqa131,12,-0.351724
tqa131,13,-0.411709
tqa131,14,-0.380459
tqa131,15,-22.875000
tqa131,16,-32.625000
tqa131,17,-0.285167
tqa131,18,-0.285112
tqa131,19,-0.103696
tqa131,20,-0.543295
tqa131,21,-0.543284
tqa131,22,-0.515279
tqa131,23,-32.625000
tqa131,24,-0.575363
tqa131,25,-0.541771
tqa131,26,-34.125000
tqa131,27,-0.541771
tqa131,28,-0.546527
tqa131,29,-0.547220
tqa131,30,-35.562500
tqa131,31,-0.577208
tqa131,32,-22.875000
tqa131,33,-0.381255
tqa131,34,-0.322903
tqa131,35,-0.410600
tqa131,36,-0.449292
tqa131,37,-0.322903
tqa131,38,-22.875000
tqa131,39,-0.411543
tqa131,40,-22.625000
tqa131,41,-17.875000
tqa131,42,-30.750000
tqa131,43,1.625014
tqa131,44,-35.750000
tqa131,45,-0.354430
tqa131,46,-0.447298
tqa131,47,-0.418453
tqa131,48,-2.124928
tqa131,49,-0.285167
tqa131,50,-0.285112
tqa131,51,-32.625000
tqa131,52,-25.750000
tqa131,53,-30.750000
tqa131,54,-22.625000
tqa131,55,-26.875000
tqa131,56,-2.124928
tqa131,57,-0.348103
tqa131,58,-2.124928
tqa131,59,-0.347555
tqa131,60,-2.124928
tqa131,61,-0.286805
tqa131,62,-2.124928
tqa131,63,-0.355196
tqa132,0,-0.447340
tqa132,1,-0.478042
tqa132,2,-0.509557
tqa132,3,-35.937500
tqa132,4,-0.538248
tqa132,5,-0.445529
tqa132,6,-35.000000
tqa132,7,-0.537010
tqa132,8,-0.535841
tqa132,9,-36.562500
tqa132,10,-0.536831
tqa132,11,-0.538254
tqa132,12,-26.375000
tqa132,13,-0.316700
tqa132,14,-0.418918
tqa132,15,-0.252182
tqa132,16,-30.375000
tqa132,17,-0.538951
tqa132,18,-0.537006
tqa132,19,-0.567918
tqa132,20,-31.250000
tqa132,21,-0.508149
tqa132,22,-0.569104
tqa132,23,-0.448693
tqa132,24,-0.349523
tqa132,25,-37.250000
tqa132,26,-0.356814
tqa132,27,-0.320693
tqa132,28,-0.159390
tqa132,29,-0.162934
tqa132,30,-0.163867
tqa132,31,-34.000000
tqa132,32,-0.219335
tqa132,33,-3.374957
tqa132,34,-0.219335
tqa132,35,-0.219335
tqa132,36,-34.125000
tqa132,37,-0.568914
tqa132,38,-0.542741
tqa132,39,-0.537766
tqa132,40,-0.475662
tqa132,41,-0.353275
tqa132,42,-0.504719
tqa132,43,-30.375000
tqa132,44,-0.314070
tqa132,45,-34.000000
tqa132,46,-34.250000
tqa132,47,-30.000000
tqa132,48,-0.450548
tqa132,49,-35.562500
tqa132,50,-0.356446
tqa132,51,-0.601317
tqa132,52,-0.508130
tqa132,53,-35.375000
tqa132,54,-0.447278
tqa132,55,-0.475673
tqa132,56,-36.625000
tqa132,57,-0.297532
tqa132,58,-0.479746
tqa132,59,-0.477972
tqa132,60,-0.537085
tqa132,61,-0.536925
tqa132,62,-0.507018
tqa132,63,-36.812500
tqa133,0,-35.875000
tqa133,1,-0.481699
tqa133,2,-0.289381
tqa133,3,-0.482589
tqa133,4,-0.416181
tqa133,5,-30.375000
tqa133,6,-0.320931
tqa133,7,-0.258562
tqa133,8,-36.312500
tqa133,9,-0.511501
tqa133,10,-0.482194
tqa133,11,-0.513134
tqa133,12,-0.326758
tqa133,13,-0.318256
tqa133,14,-36.437500
tqa133,15,-0.356123
tqa133,16,-31.875000
tqa133,17,-0.511672
tqa133,18,-0.356153
tqa133,19,-0.514043
tqa133,20,-34.750000
tqa133,21,-0.451950
tqa133,22,-0.199370
tqa133,23,-0.420293
tqa133,24,-38.750000
tqa133,25,-0.483419
tqa133,26,-0.479455
tqa133,27,-0.448828
tqa133,28,-34.000000
tqa133,29,-0.262672
tqa133,30,-36.437500
tqa133,31,-0.481681
tqa133,32,-32.500000
tqa133,33,-0.449319
tqa133,34,-0.420277
tqa133,35,-0.420280
tqa133,36,-28.875000
tqa133,37,-0.417606
tqa133,38,-0.229362
tqa133,39,-35.250000
tqa133,40,-38.875000
tqa133,41,-0.389906
tqa133,42,-0.359490
tqa133,43,-0.450263
tqa133,44,-0.256933
tqa133,45,-0.481145
tqa133,46,-35.000000
tqa133,47,-0.329743
tqa133,48,-0.138418
tqa133,49,-0.257146
tqa133,50,-32.625000
tqa133,51,-0.291097
tqa133,52,-0.480230
tqa133,53,-0.513327
tqa133,54,-38.500000
tqa133,55,-0.448986
tqa133,56,-0.449893
tqa133,57,-35.625000
tqa133,58,-0.451347
tqa133,59,-0.413950
tqa133,60,-0.385535
tqa133,61,-35.750000
tqa133,62,-0.417566
tqa133,63,-0.356497
tqa134,0,-0.480926
tqa134,1,-0.513128
tqa134,2,-36.250000
tqa134,3,-0.452157
tqa134,4,-0.422252
tqa134,5,-0.137679
tqa134,6,-0.162110
tqa134,7,-38.937500
tqa134,8,-0.479587
tqa134,9,-0.479272
tqa134,10,-0.393449
tqa134,11,-36.937500
tqa134,12,-0.480562
tqa134,13,-0.422510
tqa134,14,-35.000000
tqa134,15,-0.482068
tqa134,16,-0.512916
tqa134,17,-0.420681
tqa134,18,-35.250000
tqa134,19,-0.482985
tqa134,20,-36.250000
tqa134,21,-0.319112
tqa134,22,-0.482080
tqa134,23,-0.480941
tqa134,24,-0.481084
tqa134,25,-0.478560
tqa134,26,-34.875000
tqa134,27,-0.481087
tqa134,28,-0.480735
tqa134,29,-0.482255
tqa134,30,-34.000000
tqa134,31,-0.449313
tqa134,32,-0.511802
tqa134,33,-0.479580
tqa134,34,-35.375000
tqa134,35,-0.450610
tqa134,36,-0.168038
tqa134,37,-34.250000
tqa134,38,-0.262311
tqa134,39,-0.226732
tqa134,40,-0.542904
tqa134,41,-35.937500
tqa134,42,-0.160511
tqa134,43,-0.481495
tqa134,44,-0.514668
tqa134,45,-0.541940
tqa134,46,-35.437500
tqa134,47,-0.541944
tqa134,48,-0.450433
tqa134,49,-0.481102
tqa134,50,-0.480411
tqa134,51,-32.000000
tqa134,52,-7.999991
tqa134,53,-29.250000
tqa134,54,-29.125000
tqa134,55,-21.375000
tqa134,56,-0.480562
tqa134,57,-35.687500
tqa134,58,-0.480735
tqa134,59,-0.513318
tqa134,60,-0.514436
tqa134,61,-30.875000
tqa134,62,-0.484525
tqa134,63,-0.510696
tqa135,0,-0.421148
tqa135,1,-33.125000
tqa135,2,-0.388434
tqa135,3,-0.418631
tqa135,4,-0.262226
tqa135,5,-0.543428
tqa135,6,-0.485014
tqa135,7,-35.312500
tqa135,8,-0.286084
tqa135,9,-0.257633
tqa135,10,-36.250000
tqa135,11,-0.256516
tqa135,12,-0.513318
tqa135,13,-0.196577
tqa135,14,-36.562500
tqa135,15,-0.514338
tqa135,16,-0.510699
tqa135,17,-0.290928
tqa135,18,-30.750000
tqa135,19,-0.483636
tqa135,20,-0.513325
tqa135,21,-0.300918
tqa135,22,-0.481695
tqa135,23,-35.437500
tqa135,24,-0.163880
tqa135,25,-0.363058
tqa135,26,-0.393283
tqa135,27,-27.750000
tqa135,28,-0.450830
tqa135,29,-0.416414
tqa135,30,-0.328699
tqa135,31,-37.250000
tqa135,32,-0.514672
tqa135,33,-0.543428
tqa135,34,-21.625000
tqa135,35,-35.750000
tqa135,36,-0.482669
tqa135,37,-0.225554
tqa135,38,-37.062500
tqa135,39,-0.510139
tqa135,40,-31.375000
tqa135,41,-0.449844
tqa135,42,-0.424420
tqa135,43,-0.420690
tqa135,44,-0.477278
tqa135,45,-36.500000
tqa135,46,-0.167248
tqa135,47,-0.451651
tqa135,48,-34.562500
tqa135,49,-0.544768
tqa135,50,-0.512008
tqa135,51,-0.514242
tqa135,52,-0.421578
tqa135,53,-0.352417
tqa135,54,-33.750000
tqa135,55,-0.324681
tqa135,56,-34.625000
tqa135,57,-0.477127
tqa135,58,-0.038306
tqa135,59,-0.483194
tqa135,60,-0.510856
tqa135,61,-37.812500
tqa135,62,-35.750000
tqa135,63,-0.480404
tqa136,0,-0.484253
tqa136,1,-30.750000
tqa136,2,-0.483364
tqa136,3,-0.515054
tqa136,4,-35.625000
tqa136,5,-0.477455
tqa136,6,-0.512670
tqa136,7,-0.479443
tqa136,8,-32.875000
tqa136,9,-0.542948
tqa136,10,-0.135164
tqa136,11,-0.544116
tqa136,12,-37.687500
tqa136,13,-0.479765
tqa136,14,-0.480436
tqa136,15,-0.333499
tqa136,16,-0.514477
tqa136,17,-36.875000
tqa136,18,-0.544116
tqa136,19,-0.141038
tqa136,20,-36.187500
tqa136,21,-0.446457
tqa136,22,-0.449804
tqa136,23,-0.296771
tqa136,24,-35.437500
tqa136,25,-0.484090
tqa136,26,-0.481057
tqa136,27,-0.515054
tqa136,28,-0.516260
tqa136,29,-35.000000
tqa136,30,-0.484717
tqa136,31,-0.484717
tqa136,32,-0.484958
tqa136,33,-0.484958
tqa136,34,-35.375000
tqa136,35,-0.541359
tqa136,36,-0.484717
tqa136,37,-0.545310
tqa136,38,-30.125000
tqa136,39,-0.206388
tqa136,40,-0.447282
tqa136,41,-0.384094
tqa136,42,-34.500000
tqa136,43,-0.355076
tqa136,44,-35.250000
tqa136,45,-0.447309
tqa136,46,-0.482605
tqa136,47,-0.479755
tqa136,48,-0.332827
tqa136,49,-0.165096
tqa136,50,-0.194361
tqa136,51,-33.875000
tqa136,52,-0.574008
tqa136,53,-0.576564
tqa136,54,-0.168211
tqa136,55,-36.062500
tqa136,56,-34.500000
tqa136,57,-0.391042
tqa136,58,-0.331061
tqa136,59,-0.479765
tqa136,60,-0.230712
tqa136,61,-36.500000
tqa136,62,-0.484253
tqa136,63,-0.512857
tqa137,0,-0.447186
tqa137,1,-0.386513
tqa137,2,-0.479766
tqa137,3,-35.125000
tqa137,4,-0.445765
tqa137,5,-36.875000
tqa137,6,-0.421126
tqa137,7,-0.421126
tqa137,8,-0.447472
tqa137,9,-29.750000
tqa137,10,-0.449313
tqa137,11,-0.387905
tqa137,12,-0.509410
tqa137,13,-0.480922
tqa137,14,-32.500000
tqa137,15,-0.355094
tqa137,16,-0.130691
tqa137,17,-0.450020
tqa137,18,-13.500000
tqa137,19,-0.357474
tqa137,20,-0.451024
tqa137,21,-0.253998
tqa137,22,-32.875000
tqa137,23,-0.451024
tqa137,24,-0.165252
tqa137,25,-0.448671
tqa137,26,-35.375000
tqa137,27,-0.447330
tqa137,28,-0.509415
tqa137,29,-0.476082
tqa137,30,-0.287863
tqa137,31,-32.375000
tqa137,32,-19.250000
tqa137,33,-0.255704
tqa137,34,-0.136788
tqa137,35,-0.350471
tqa137,36,-0.421797
tqa137,37,-0.417275
tqa137,38,-0.260538
tqa137,39,-35.187500
tqa137,40,-0.313446
tqa137,41,-0.509548
tqa137,42,-0.512342
tqa137,43,-36.437500
tqa137,44,-35.562500
tqa137,45,-0.385425
tqa137,46,-0.292228
tqa137,47,-0.452241
tqa137,48,-29.375000
tqa137,49,-0.228849
tqa137,50,-0.508265
tqa137,51,-0.194338
tqa137,52,-0.568426
tqa137,53,-0.511171
tqa137,54,-34.750000
tqa137,55,-0.538250
tqa137,56,-0.477022
tqa137,57,-0.508029
tqa137,58,-0.509544
tqa137,59,-32.375000
tqa137,60,-0.420373
tqa137,61,-0.449666
tqa137,62,-34.375000
tqa137,63,-0.448655
tqa138,0,-0.136616
tqa138,1,-0.480624
tqa138,2,-0.100241
tqa138,3,-0.624985
tqa138,4,-0.481309
tqa138,5,-28.250000
tqa138,6,-0.508998
tqa138,7,-0.420950
tqa138,8,-0.480243
tqa138,9,-0.542245
tqa138,10,-0.572192
tqa138,11,-36.562500
tqa138,12,-0.509938
tqa138,13,-35.312500
tqa138,14,-29.000000
tqa138,15,-0.511658
tqa138,16,-0.165185
tqa138,17,-0.324453
tqa138,18,-31.750000
tqa138,19,-0.227176
tqa138,20,-0.167027
tqa138,21,-0.134215
tqa138,22,-0.416947
tqa138,23,10.250000
tqa138,24,-32.250000
tqa138,25,-0.386476
tqa138,26,-0.417396
tqa138,27,-0.418614
tqa138,28,-23.750000
tqa138,29,-0.451014
tqa138,30,-30.750000
tqa138,31,-36.312500
tqa138,32,-31.250000
tqa138,33,-0.385699
tqa138,34,-0.226372
tqa138,35,-0.197957
tqa138,36,-0.476664
tqa138,37,-0.479148
tqa138,38,-34.750000
tqa138,39,-0.418459
tqa138,40,-0.509014
tqa138,41,-29.250000
tqa138,42,-0.512759
tqa138,43,-0.542736
tqa138,44,-0.136438
tqa138,45,8.500001
tqa138,46,-0.169287
tqa138,47,-0.106594
tqa138,48,-0.166712
tqa138,49,-6.124989
tqa138,50,6.750001
tqa138,51,-0.382552
tqa138,52,10.625001
tqa138,53,-0.167856
tqa138,54,-0.135931
tqa138,55,7.750000
tqa138,56,-0.512563
tqa138,57,-0.514444
tqa138,58,-0.512749
tqa138,59,-32.000000
tqa138,60,-0.506720
tqa138,61,-0.447141
tqa138,62,-0.448680
tqa138,63,-11.375000
tqa139,0,-0.449338
tqa139,1,-0.449338
tqa139,2,-0.449338
tqa139,3,-6.749993
tqa139,4,-0.510053
tqa139,5,-0.475663
tqa139,6,-30.125000
tqa139,7,-0.475663
tqa139,8,-0.512362
tqa139,9,-33.625000
tqa139,10,-0.512362
tqa139,11,-0.512362
tqa139,12,-0.447852
tqa139,13,-0.447852
tqa139,14,-20.625000
tqa139,15,-0.447852
tqa139,16,-0.447852
tqa139,17,-24.375000
tqa139,18,-0.447852
tqa139,19,-0.447852
tqa139,20,-0.507014
tqa139,21,-0.507014
tqa139,22,-0.507014
tqa139,23,-35.750000
tqa139,24,-0.101808
tqa139,25,-0.101808
tqa139,26,-32.750000
tqa139,27,-0.287000
tqa139,28,-32.750000
tqa139,29,-0.101808
tqa139,30,-0.101808
tqa139,31,-0.101808
tqa139,32,-0.542587
tqa139,33,-0.542587
tqa139,34,-0.539006
tqa139,35,-12.000000
tqa139,36,-0.509918
tqa139,37,-31.125000
tqa139,38,-0.542587
tqa139,39,-0.509918
tqa139,40,25.375000
tqa139,41,25.375000
tqa139,42,25.375000
tqa139,43,25.375000
tqa139,44,25.125000
tqa139,45,25.125000
tqa139,46,-0.315975
tqa139,47,25.125000
tqa139,48,-14.125000
tqa139,49,-0.575754
tqa139,50,-0.575754
tqa139,51,-0.575754
tqa139,52,-34.875000
tqa139,53,-0.449338
tqa139,54,-0.449338
tqa139,55,-0.449338
tqa139,56,25.375000
tqa139,57,25.375000
tqa139,58,25.375000
tqa139,59,25.375000
tqa139,60,-0.315658
tqa139,61,-34.250000
tqa139,62,-0.101808
tqa139,63,-0.101808
tqa140,0,-30.750000
tqa140,1,-0.446865
tqa140,2,-0.448663
tqa140,3,-0.448663
tqa140,4,-0.192570
tqa140,5,-31.375000
tqa140,6,-0.356951
tqa140,7,-0.325296
tqa140,8,-0.444296
tqa140,9,-0.413654
tqa140,10,-0.448663
tqa140,11,-34.750000
tqa140,12,-0.107982
tqa140,13,-0.537100
tqa140,14,-35.250000
tqa140,15,-0.266275
tqa140,16,-0.069348
tqa140,17,-32.000000
tqa140,18,-25.750000
tqa140,19,-0.540221
tqa140,20,-34.875000
tqa140,21,-0.195587
tqa140,22,-0.478223
tqa140,23,-0.507876
tqa140,24,-0.510364
tqa140,25,-34.625000
tqa140,26,-0.508572
tqa140,27,-0.165740
tqa140,28,-0.509919
tqa140,29,-33.125000
tqa140,30,-0.478657
tqa140,31,-0.571606
tqa140,32,-0.285584
tqa140,33,-0.507771
tqa140,34,-32.375000
tqa140,35,-0.510216
tqa140,36,-33.250000
tqa140,37,-0.449802
tqa140,38,-0.006858
tqa140,39,-0.415074
tqa140,40,-0.515275
tqa140,41,-0.541313
tqa140,42,-22.250000
tqa140,43,-0.483595
tqa140,44,-0.263051
tqa140,45,-33.125000
tqa140,46,-0.261345
tqa140,47,-33.125000
tqa140,48,-0.510207
tqa140,49,-0.481799
tqa140,50,-0.510685
tqa140,51,-38.562500
tqa140,52,-0.417416
tqa140,53,-0.447701
tqa140,54,-30.500000
tqa140,55,-0.448663
tqa140,56,-0.417413
tqa140,57,-0.074104
tqa140,58,-34.500000
tqa140,59,-0.480253
tqa140,60,-0.509757
tqa140,61,-0.128492
tqa140,62,-0.162708
tqa140,63,-3.624995
tqa141,0,-36.000000
tqa141,1,-36.000000
tqa141,2,-36.000000
tqa141,3,-36.000000
tqa141,4,-0.385066
tqa141,5,-0.385066
tqa141,6,-0.384064
tqa141,7,-35.625000
tqa141,8,-33.375000
tqa141,9,-0.483372
tqa141,10,-0.451905
tqa141,11,-0.421360
tqa141,12,-26.375000
tqa141,13,-36.250000
tqa141,14,-36.250000
tqa141,15,-36.250000
tqa141,16,-0.385066
tqa141,17,-0.384061
tqa141,18,-0.415048
tqa141,19,-34.375000
tqa141,20,-0.513257
tqa141,21,-0.513257
tqa141,22,-0.482602
tqa141,23,-25.375000
tqa141,24,-36.000000
tqa141,25,-29.875000
tqa141,26,-35.750000
tqa141,27,-26.375000
tqa141,28,-36.250000
tqa141,29,-36.000000
tqa141,30,-36.250000
tqa141,31,-36.000000
tqa141,32,-26.375000
tqa141,33,-35.750000
tqa141,34,-36.250000
tqa141,35,-36.000000
tqa141,36,-36.000000
tqa141,37,-0.414816
tqa141,38,-0.259395
tqa141,39,-0.446053
tqa141,40,-0.481429
tqa141,41,-0.480348
tqa141,42,-0.420484
tqa141,43,-33.000000
tqa141,44,-26.375000
tqa141,45,-36.250000
tqa141,46,-36.000000
tqa141,47,-36.000000
tqa141,48,-36.000000
tqa141,49,-36.000000
tqa141,50,-36.250000
tqa141,51,-37.187500
tqa141,52,-0.384061
tqa141,53,-31.500000
tqa141,54,-0.384061
tqa141,55,-0.257982
tqa141,56,-36.000000
tqa141,57,-26.375000
tqa141,58,-26.375000
tqa141,59,-36.000000
tqa141,60,-36.000000
tqa141,61,-36.625000
tqa141,62,-36.000000
tqa141,63,-36.250000
tqa142,0,-36.000000
tqa142,1,-0.327413
tqa142,2,-0.358582
tqa142,3,-0.226942
tqa142,4,-35.250000
tqa142,5,-0.136433
tqa142,6,-7.374988
tqa142,7,-0.259772
tqa142,8,-0.094271
tqa142,9,-0.472260
tqa142,10,-0.003890
tqa142,11,-35.187500
tqa142,12,-0.508618
tqa142,13,-34.625000
tqa142,14,-0.508618
tqa142,15,-0.509007
tqa142,16,-0.508142
tqa142,17,-0.510390
tqa142,18,-0.447439
tqa142,19,-26.375000
tqa142,20,-0.506700
tqa142,21,-0.448984
tqa142,22,-0.536670
tqa142,23,-31.375000
tqa142,24,-0.478692
tqa142,25,-0.536670
tqa142,26,-0.507675
tqa142,27,-35.812500
tqa142,28,-0.389068
tqa142,29,-0.194000
tqa142,30,6.250001
tqa142,31,-0.075108
tqa142,32,-0.506801
tqa142,33,-0.506801
tqa142,34,-31.750000
tqa142,35,-0.449707
tqa142,36,-0.199813
tqa142,37,-21.500000
tqa142,38,-0.230877
tqa142,39,-26.125000
tqa142,40,-0.095135
tqa142,41,-0.509006
tqa142,42,-34.500000
tqa142,43,-0.509006
tqa142,44,-0.447057
tqa142,45,-0.417908
tqa142,46,-0.445770
tqa142,47,-34.125000
tqa142,48,-0.481132
tqa142,49,-0.223577
tqa142,50,-0.509149
tqa142,51,-36.062500
tqa142,52,-0.478990
tqa142,53,-0.507911
tqa142,54,-36.187500
tqa142,55,-0.539279
tqa142,56,-0.291940
tqa142,57,-32.625000
tqa142,58,-8.999990
tqa142,59,2.375005
tqa142,60,-0.291940
tqa142,61,-0.264879
tqa142,62,2.375005
tqa142,63,-0.047031
tqa143,0,-36.750000
tqa143,1,-0.512207
tqa143,2,-0.541056
tqa143,3,-0.512486
tqa143,4,-37.375000
tqa143,5,-0.414342
tqa143,6,-0.510552
tqa143,7,-0.412307
tqa143,8,-0.385539
tqa143,9,-0.385539
tqa143,10,-0.386271
tqa143,11,-6.874989
tqa143,12,-5.624985
tqa143,13,-0.481337
tqa143,14,-23.625000
tqa143,15,-0.319357
tqa143,16,-0.318909
tqa143,17,-27.875000
tqa143,18,-0.481834
tqa143,19,-0.450376
tqa143,20,-0.225306
tqa143,21,-29.125000
tqa143,22,-37.562500
tqa143,23,-0.510403
tqa143,24,-34.875000
tqa143,25,-0.510684
tqa143,26,-0.537575
tqa143,27,-0.481245
tqa143,28,-0.450768
tqa143,29,-36.500000
tqa143,30,-0.509935
tqa143,31,-0.480365
tqa143,32,-0.482021
tqa143,33,-0.510549
tqa143,34,-23.750000
tqa143,35,-0.448374
tqa143,36,-0.288944
tqa143,37,-0.258554
tqa143,38,-18.000000
tqa143,39,-0.258554
tqa143,40,-36.312500
tqa143,41,-33.750000
tqa143,42,-17.250000
tqa143,43,-9.749994
tqa143,44,-0.480262
tqa143,45,-38.875000
tqa143,46,-0.508698
tqa143,47,-0.477719
tqa143,48,-0.481446
tqa143,49,-31.125000
tqa143,50,-0.480196
tqa143,51,-0.511795
tqa143,52,-0.286386
tqa143,53,-0.385539
tqa143,54,-31.250000
tqa143,55,-0.286153
tqa143,56,-0.570426
tqa143,57,-37.500000
tqa143,58,-0.544107
tqa143,59,-0.483458
tqa143,60,-0.479759
tqa143,61,-0.508823
tqa143,62,-37.500000
tqa143,63,-0.510524
tqa144,0,-9.624985
tqa144,1,0.021242
tqa144,2,-0.380605
tqa144,3,-38.875000
tqa144,4,-0.349986
tqa144,5,-0.349986
tqa144,6,-0.349986
tqa144,7,8.750001
tqa144,8,8.750001
tqa144,9,-0.349986
tqa144,10,8.750001
tqa144,11,-38.500000
tqa144,12,-29.750000
tqa144,13,-29.750000
tqa144,14,-29.750000
tqa144,15,-29.750000
tqa144,16,8.750001
tqa144,17,-0.349986
tqa144,18,-0.349986
tqa144,19,-0.254091
tqa144,20,0.021829
tqa144,21,-9.624985
tqa144,22,-0.380605
tqa144,23,-0.380605
tqa144,24,-0.349986
tqa144,25,-0.349986
tqa144,26,-0.347874
tqa144,27,8.750001
tqa144,28,-0.349986
tqa144,29,-0.349986
tqa144,30,8.750001
tqa144,31,-0.349986
tqa144,32,8.750001
tqa144,33,-0.349986
tqa144,34,-0.254091
tqa144,35,-0.349986
tqa144,36,-0.347874
tqa144,37,8.750001
tqa144,38,-0.349986
tqa144,39,-0.349986
tqa144,40,-13.499998
tqa144,41,-0.443171
tqa144,42,-0.418747
tqa144,43,-0.443171
tqa144,44,-0.568326
tqa144,45,-31.750000
tqa144,46,-0.568326
tqa144,47,-0.568326
tqa144,48,-14.999999
tqa144,49,-0.478137
tqa144,50,-0.480617
tqa144,51,-0.506908
tqa144,52,-0.349986
tqa144,53,-0.349986
tqa144,54,-0.349986
tqa144,55,8.750001
tqa144,56,-0.473067
tqa144,57,-33.375000
tqa144,58,-0.473067
tqa144,59,-0.413679
tqa144,60,8.750001
tqa144,61,-0.349986
tqa144,62,-0.349986
tqa144,63,8.750001
tqa145,0,-0.225348
tqa145,1,-36.000000
tqa145,2,-0.161881
tqa145,3,-0.134218
tqa145,4,-34.875000
tqa145,5,-0.422997
tqa145,6,-0.420720
tqa145,7,-34.875000
tqa145,8,-33.375000
tqa145,9,-36.875000
tqa145,10,-0.422997
tqa145,11,-32.250000
tqa145,12,-36.750000
tqa145,13,-0.134235
tqa145,14,-0.446894
tqa145,15,-0.447041
tqa145,16,-34.250000
tqa145,17,-34.250000
tqa145,18,-35.875000
tqa145,19,-36.812500
tqa145,20,-32.125000
tqa145,21,-32.125000
tqa145,22,-0.421506
tqa145,23,-35.125000
tqa145,24,-0.385526
tqa145,25,-37.000000
tqa145,26,-0.415790
tqa145,27,-0.418988
tqa145,28,-0.446894
tqa145,29,-0.446894
tqa145,30,-0.448495
tqa145,31,-36.375000
tqa145,32,-0.481791
tqa145,33,-34.125000
tqa145,34,-35.125000
tqa145,35,-35.750000
tqa145,36,-0.134077
tqa145,37,-33.000000
tqa145,38,-0.134077
tqa145,39,-0.195677
tqa145,40,-0.352120
tqa145,41,-0.354424
tqa145,42,-37.562500
tqa145,43,-0.384806
tqa145,44,-36.625000
tqa145,45,-0.445624
tqa145,46,-0.384385
tqa145,47,-0.382148
tqa145,48,-0.354134
tqa145,49,-0.385667
tqa145,50,-37.625000
tqa145,51,-0.383030
tqa145,52,-0.447429
tqa145,53,-0.414270
tqa145,54,-38.000000
tqa145,55,-0.385078
tqa145,56,-0.323493
tqa145,57,-35.562500
tqa145,58,-0.385512
tqa145,59,-0.321585
tqa145,60,-0.389044
tqa145,61,-0.413265
tqa145,62,-0.322755
tqa145,63,-19.000000
tqa146,0,-0.041321
tqa146,1,3.250002
tqa146,2,0.022171
tqa146,3,-34.000000
tqa146,4,-0.499992
tqa146,5,-26.000000
tqa146,6,-0.040738
tqa146,7,-28.500000
tqa146,8,-0.009211
tqa146,9,0.022171
tqa146,10,-23.750000
tqa146,11,-1.874990
tqa146,12,-6.999991
tqa146,13,-0.165748
tqa146,14,-2.749990
tqa146,15,-7.124993
tqa146,16,-0.511006
tqa146,17,-37.312500
tqa146,18,-0.511162
tqa146,19,-0.512179
tqa146,20,-0.874990
tqa146,21,-0.040738
tqa146,22,-0.102053
tqa146,23,-0.070588
tqa146,24,-34.000000
tqa146,25,-0.010074
tqa146,26,-0.259908
tqa146,27,-0.040738
tqa146,28,-0.102088
tqa146,29,-1.874990
tqa146,30,-0.102088
tqa146,31,-8.874995
tqa146,32,-0.542247
tqa146,33,-34.812500
tqa146,34,-0.509547
tqa146,35,-0.539757
tqa146,36,-2.374990
tqa146,37,7.125001
tqa146,38,5.250001
tqa146,39,-6.874992
tqa146,40,-0.102088
tqa146,41,-34.000000
tqa146,42,-0.070588
tqa146,43,-34.000000
tqa146,44,-2.499990
tqa146,45,-0.200361
tqa146,46,-0.040738
tqa146,47,-0.040738
tqa146,48,-30.875000
tqa146,49,-14.999999
tqa146,50,-0.200361
tqa146,51,-0.199803
tqa146,52,-13.874999
tqa146,53,-0.041321
tqa146,54,-0.039338
tqa146,55,-30.625000
tqa146,56,-0.480909
tqa146,57,-0.511003
tqa146,58,-0.193694
tqa146,59,-36.562500
tqa146,60,-31.500000
tqa146,61,-0.450427
tqa146,62,-0.481496
tqa146,63,-0.510691
tqa147,0,-0.389679
tqa147,1,-0.390106
tqa147,2,0.000004
tqa147,3,-0.450846
tqa147,4,-0.286074
tqa147,5,-35.625000
tqa147,6,-36.750000
tqa147,7,-0.474121
tqa147,8,-0.390729
tqa147,9,-36.375000
tqa147,10,-0.456064
tqa147,11,-0.453929
tqa147,12,-0.255799
tqa147,13,-0.254750
tqa147,14,-11.249998
tqa147,15,-36.500000
tqa147,16,-12.749998
tqa147,17,-0.508772
tqa147,18,-0.418477
tqa147,19,-0.442429
tqa147,20,-0.300847
tqa147,21,-1.874987
tqa147,22,-0.387869
tqa147,23,-0.175561
tqa147,24,-0.425632
tqa147,25,-0.360426
tqa147,26,-0.389894
tqa147,27,10.250000
tqa147,28,-0.425344
tqa147,29,-1.499986
tqa147,30,-0.395168
tqa147,31,-0.393554
tqa147,32,-0.448030
tqa147,33,-0.361007
tqa147,34,-0.475882
tqa147,35,1.250009
tqa147,36,-0.451968
tqa147,37,-0.449334
tqa147,38,-0.452179
tqa147,39,-31.500000
tqa147,40,9.250000
tqa147,41,-0.482292
tqa147,42,-0.422046
tqa147,43,-0.481123
tqa147,44,-33.500000
tqa147,45,-0.447904
tqa147,46,-0.449162
tqa147,47,-0.478041
tqa147,48,-0.361007
tqa147,49,0.875010
tqa147,50,-0.235511
tqa147,51,-0.331062
tqa147,52,-0.478992
tqa147,53,-0.425341
tqa147,54,-0.483435
tqa147,55,12.375000
tqa147,56,-0.363636
tqa147,57,3.375005
tqa147,58,-0.449728
tqa147,59,-0.449728
tqa147,60,-0.291480
tqa147,61,-0.225251
tqa147,62,-0.287466
tqa147,63,-12.499999
tqa148,0,-0.510393
tqa148,1,-17.875000
tqa148,2,-0.510393
tqa148,3,-0.510393
tqa148,4,-0.569310
tqa148,5,-0.569310
tqa148,6,-26.125000
tqa148,7,-0.569310
tqa148,8,-0.510393
tqa148,9,-0.510393
tqa148,10,-0.510393
tqa148,11,-0.124996
tqa148,12,-0.194001
tqa148,13,16.125000
tqa148,14,-0.380356
tqa148,15,-0.194001
tqa148,16,-0.572310
tqa148,17,-0.572310
tqa148,18,-24.250000
tqa148,19,-20.500000
tqa148,20,-0.482088
tqa148,21,-20.250000
tqa148,22,-0.482088
tqa148,23,-0.482088
tqa148,24,-0.194001
tqa148,25,-0.194001
tqa148,26,16.125000
tqa148,27,-0.194001
tqa148,28,-33.750000
tqa148,29,-0.514848
tqa148,30,-0.515283
tqa148,31,-0.515283
tqa148,32,-0.572310
tqa148,33,-0.572310
tqa148,34,-0.572310
tqa148,35,-32.875000
tqa148,36,-0.482201
tqa148,37,-0.482201
tqa148,38,-0.482201
tqa148,39,-31.250000
tqa148,40,-0.194296
tqa148,41,22.375000
tqa148,42,22.375000
tqa148,43,22.375000
tqa148,44,-0.537970
tqa148,45,-0.510841
tqa148,46,-30.875000
tqa148,47,-0.510841
tqa148,48,23.125000
tqa148,49,-0.322579
tqa148,50,-0.322579
tqa148,51,-0.322579
tqa148,52,23.125000
tqa148,53,-0.322579
tqa148,54,-0.322579
tqa148,55,-0.322579
tqa148,56,-0.545124
tqa148,57,-0.545124
tqa148,58,-0.545124
tqa148,59,-4.999996
tqa148,60,-0.569310
tqa148,61,-0.540536
tqa148,62,-36.125000
tqa148,63,-0.569310
tqa149,0,-1.874984
tqa149,1,-1.874984
tqa149,2,2.000004
tqa149,3,21.125000
tqa149,4,9.375000
tqa149,5,-27.375000
tqa149,6,-27.375000
tqa149,7,-1.874984
tqa149,8,-27.375000
tqa149,9,-23.125000
tqa149,10,6.000001
tqa149,11,9.375000
tqa149,12,-27.375000
tqa149,13,-1.874984
tqa149,14,-1.874984
tqa149,15,-22.500000
tqa149,16,-27.375000
tqa149,17,-27.375000
tqa149,18,-27.375000
tqa149,19,-1.874984
tqa149,20,9.000001
tqa149,21,-0.474106
tqa149,22,-27.500000
tqa149,23,-2.374981
tqa149,24,-27.375000
tqa149,25,8.875000
tqa149,26,-27.375000
tqa149,27,-27.375000
tqa149,28,-30.875000
tqa149,29,-32.125000
tqa149,30,-1.874984
tqa149,31,8.875000
tqa149,32,-0.539741
tqa149,33,-0.509505
tqa149,34,-14.500000
tqa149,35,-0.506315
tqa149,36,-0.474106
tqa149,37,-24.875000
tqa149,38,-27.500000
tqa149,39,-2.374981
tqa149,40,-27.375000
tqa149,41,-1.874984
tqa149,42,-27.375000
tqa149,43,-1.874984
tqa149,44,-1.874984
tqa149,45,-27.375000
tqa149,46,-27.375000
tqa149,47,-27.375000
tqa149,48,9.375000
tqa149,49,-1.124985
tqa149,50,17.500000
tqa149,51,-1.874984
tqa149,52,-0.539378
tqa149,53,-36.062500
tqa149,54,-0.476091
tqa149,55,-0.476091
tqa149,56,7.500000
tqa149,57,19.375000
tqa149,58,-1.874984
tqa149,59,-27.375000
tqa149,60,8.875000
tqa149,61,-27.375000
tqa149,62,-27.375000
tqa149,63,-1.874984
tqa150,0,-0.350230
tqa150,1,-0.262559
tqa150,2,-0.388231
tqa150,3,-38.625000
tqa150,4,-35.375000
tqa150,5,-0.260759
tqa150,6,-0.317842
tqa150,7,-0.258073
tqa150,8,-0.388204
tqa150,9,-36.437500
tqa150,10,-0.073910
tqa150,11,-0.326524
tqa150,12,-0.388227
tqa150,13,-0.445644
tqa150,14,-37.687500
tqa150,15,-0.446086
tqa150,16,-0.297988
tqa150,17,-0.293196
tqa150,18,-34.625000
tqa150,19,-0.135619
tqa150,20,-0.418369
tqa150,21,-0.447898
tqa150,22,-0.417221
tqa150,23,-34.500000
tqa150,24,-0.447288
tqa150,25,-0.420109
tqa150,26,-0.383484
tqa150,27,-36.250000
tqa150,28,-35.312500
tqa150,29,-0.452986
tqa150,30,-0.450350
tqa150,31,-0.448995
tqa150,32,-37.062500
tqa150,33,-0.357306
tqa150,34,-0.356041
tqa150,35,-0.325729
tqa150,36,-0.356957
tqa150,37,-0.414579
tqa150,38,-0.327738
tqa150,39,-36.312500
tqa150,40,-0.389229
tqa150,41,-34.000000
tqa150,42,-0.445971
tqa150,43,-0.419456
tqa150,44,-35.812500
tqa150,45,-0.297023
tqa150,46,-0.295071
tqa150,47,-0.292567
tqa150,48,-0.417217
tqa150,49,-0.329225
tqa150,50,-0.415882
tqa150,51,-37.375000
tqa150,52,-0.449342
tqa150,53,-0.449508
tqa150,54,-0.449161
tqa150,55,-36.250000
tqa150,56,-37.125000
tqa150,57,-0.385968
tqa150,58,-0.388831
tqa150,59,-34.562500
tqa150,60,-36.312500
tqa150,61,-36.312500
tqa150,62,-0.317842
tqa150,63,-38.250000
tqa151,0,-0.386825
tqa151,1,-0.445399
tqa151,2,-32.375000
tqa151,3,-0.415394
tqa151,4,-0.509266
tqa151,5,-36.562500
tqa151,6,-0.450429
tqa151,7,-0.255759
tqa151,8,-0.415222
tqa151,9,-0.413896
tqa151,10,-0.477981
tqa151,11,-37.125000
tqa151,12,-0.000653
tqa151,13,-35.750000
tqa151,14,-36.812500
tqa151,15,-0.353546
tqa151,16,-0.417100
tqa151,17,-0.415511
tqa151,18,-35.437500
tqa151,19,-0.036139
tqa151,20,-0.475843
tqa151,21,-0.385536
tqa151,22,-0.448026
tqa151,23,-35.687500
tqa151,24,-33.750000
tqa151,25,-38.500000
tqa151,26,-0.414152
tqa151,27,-0.386304
tqa151,28,-0.361765
tqa151,29,-31.500000
tqa151,30,-0.261017
tqa151,31,-26.500000
tqa151,32,-0.033692
tqa151,33,-0.449853
tqa151,34,-0.416932
tqa151,35,-34.125000
tqa151,36,-35.437500
tqa151,37,-0.415504
tqa151,38,-0.446758
tqa151,39,-35.875000
tqa151,40,-0.510536
tqa151,41,-37.625000
tqa151,42,-0.510386
tqa151,43,-0.389051
tqa151,44,-0.415803
tqa151,45,-0.416932
tqa151,46,-0.472081
tqa151,47,-35.125000
tqa151,48,-0.327092
tqa151,49,-33.875000
tqa151,50,-0.387399
tqa151,51,-0.224524
tqa151,52,-0.444315
tqa151,53,-34.625000
tqa151,54,-0.386507
tqa151,55,-0.384232
tqa151,56,-0.602882
tqa151,57,-36.062500
tqa151,58,-0.446928
tqa151,59,-32.750000
tqa151,60,-0.291912
tqa151,61,-0.446618
tqa151,62,-35.750000
tqa151,63,-0.414506
tqa152,0,-0.326700
tqa152,1,-0.422524
tqa152,2,-0.326700
tqa152,3,26.125000
tqa152,4,19.375000
tqa152,5,19.375000
tqa152,6,19.375000
tqa152,7,19.375000
tqa152,8,-0.139245
tqa152,9,-33.375000
tqa152,10,-0.513468
tqa152,11,-0.513468
tqa152,12,-33.062500
tqa152,13,-33.500000
tqa152,14,-0.543941
tqa152,15,-0.546538
tqa152,16,-0.605259
tqa152,17,-33.125000
tqa152,18,-0.575082
tqa152,19,-0.573665
tqa152,20,-0.513468
tqa152,21,-0.513468
tqa152,22,-0.514845
tqa152,23,-37.125000
tqa152,24,-0.540280
tqa152,25,-0.511673
tqa152,26,-31.250000
tqa152,27,-0.575664
tqa152,28,-0.326700
tqa152,29,-0.326700
tqa152,30,26.125000
tqa152,31,26.125000
tqa152,32,19.375000
tqa152,33,19.375000
tqa152,34,19.375000
tqa152,35,19.375000
tqa152,36,26.125000
tqa152,37,-0.326700
tqa152,38,-0.326700
tqa152,39,-0.326700
tqa152,40,-28.500000
tqa152,41,-0.546538
tqa152,42,-0.102442
tqa152,43,-0.546538
tqa152,44,-0.576164
tqa152,45,-0.576164
tqa152,46,-31.625000
tqa152,47,-0.542108
tqa152,48,-0.512127
tqa152,49,-35.187500
tqa152,50,-0.512127
tqa152,51,-0.228119
tqa152,52,19.750000
tqa152,53,19.750000
tqa152,54,-0.133942
tqa152,55,-38.000000
tqa152,56,-38.375000
tqa152,57,-0.507041
tqa152,58,-0.481254
tqa152,59,-0.481254
tqa152,60,-0.512127
tqa152,61,-0.512127
tqa152,62,-32.125000
tqa152,63,-0.421086
tqa153,0,-29.375000
tqa153,1,-0.131524
tqa153,2,-0.508883
tqa153,3,-0.037971
tqa153,4,-17.625000
tqa153,5,-0.510686
tqa153,6,-0.196349
tqa153,7,-0.510686
tqa153,8,-16.875000
tqa153,9,-16.875000
tqa153,10,-16.875000
tqa153,11,-16.875000
tqa153,12,-0.476392
tqa153,13,-0.357222
tqa153,14,-34.875000
tqa153,15,-0.478127
tqa153,16,-0.543191
tqa153,17,-0.267952
tqa153,18,-0.511004
tqa153,19,-32.625000
tqa153,20,-16.875000
tqa153,21,-16.875000
tqa153,22,-16.875000
tqa153,23,15.000000
tqa153,24,15.000000
tqa153,25,-16.875000
tqa153,26,-25.250000
tqa153,27,-16.875000
tqa153,28,-0.481139
tqa153,29,-33.375000
tqa153,30,-0.508883
tqa153,31,-0.037123
tqa153,32,-0.131881
tqa153,33,-0.477897
tqa153,34,-32.250000
tqa153,35,-0.287580
tqa153,36,-0.477897
tqa153,37,-0.416646
tqa153,38,-0.477897
tqa153,39,-32.375000
tqa153,40,-0.509098
tqa153,41,-0.509098
tqa153,42,-34.250000
tqa153,43,-0.326183
tqa153,44,15.000000
tqa153,45,-25.250000
tqa153,46,-16.875000
tqa153,47,-16.875000
tqa153,48,-35.500000
tqa153,49,-0.540262
tqa153,50,-0.507691
tqa153,51,-0.446659
tqa153,52,-16.500000
tqa153,53,-0.477897
tqa153,54,-0.477897
tqa153,55,-0.477897
tqa153,56,-0.195395
tqa153,57,-0.510686
tqa153,58,-30.875000
tqa153,59,-0.510686
tqa153,60,-0.507691
tqa153,61,-0.477897
tqa153,62,-0.540390
tqa153,63,-31.750000
tqa154,0,14.500001
tqa154,1,-0.478832
tqa154,2,-0.129195
tqa154,3,14.500001
tqa154,4,-0.476528
tqa154,5,-13.250000
tqa154,6,-0.443975
tqa154,7,-0.448481
tqa154,8,-0.100748
tqa154,9,-0.130117
tqa154,10,14.500001
tqa154,11,-0.131055
tqa154,12,-0.129195
tqa154,13,-0.291931
tqa154,14,12.250000
tqa154,15,-0.100748
tqa154,16,-0.131055
tqa154,17,12.250000
tqa154,18,14.500001
tqa154,19,-0.100645
tqa154,20,14.500001
tqa154,21,14.500001
tqa154,22,12.250000
tqa154,23,-0.478832
tqa154,24,12.250000
tqa154,25,-0.099802
tqa154,26,-0.130193
tqa154,27,-0.129195
tqa154,28,-0.131239
tqa154,29,-0.100748
tqa154,30,14.500001
tqa154,31,12.250000
tqa154,32,11.500001
tqa154,33,-0.287972
tqa154,34,-0.320394
tqa154,35,-0.320394
tqa154,36,0.625019
tqa154,37,0.625019
tqa154,38,0.625019
tqa154,39,1.875010
tqa154,40,-0.129195
tqa154,41,-0.100748
tqa154,42,12.250000
tqa154,43,-0.130117
tqa154,44,14.500001
tqa154,45,-0.478832
tqa154,46,-0.129195
tqa154,47,-0.478832
tqa154,48,14.500001
tqa154,49,-0.478832
tqa154,50,-0.129195
tqa154,51,-0.100645
tqa154,52,12.250000
tqa154,53,14.500001
tqa154,54,-0.100745
tqa154,55,14.500001
tqa154,56,-33.500000
tqa154,57,-0.478823
tqa154,58,-0.451118
tqa154,59,-0.478823
tqa154,60,-0.446358
tqa154,61,-25.000000
tqa154,62,-0.478975
tqa154,63,-0.444274
tqa155,0,-0.546541
tqa155,1,-0.546541
tqa155,2,-0.999998
tqa155,3,-0.546541
tqa155,4,-0.288985
tqa155,5,-0.481821
tqa155,6,-32.375000
tqa155,7,-0.481821
tqa155,8,-0.475679
tqa155,9,-22.750000
tqa155,10,-0.038716
tqa155,11,-0.480346
tqa155,12,-0.037028
tqa155,13,-32.750000
tqa155,14,-31.000000
tqa155,15,-0.540884
tqa155,16,-0.540884
tqa155,17,-32.375000
tqa155,18,-0.540884
tqa155,19,-0.129990
tqa155,20,4.500001
tqa155,21,-0.543383
tqa155,22,-0.543383
tqa155,23,-0.543383
tqa155,24,-0.509772
tqa155,25,-28.250000
tqa155,26,-0.480346
tqa155,27,-0.385547
tqa155,28,-0.540884
tqa155,29,-31.125000
tqa155,30,-0.540884
tqa155,31,-33.375000
tqa155,32,-0.477720
tqa155,33,-26.750000
tqa155,34,-0.540884
tqa155,35,-0.255978
tqa155,36,-0.418034
tqa155,37,-0.413527
tqa155,38,-0.573522
tqa155,39,-27.000000
tqa155,40,25.875000
tqa155,41,25.875000
tqa155,42,25.875000
tqa155,43,25.875000
tqa155,44,-31.250000
tqa155,45,-0.540884
tqa155,46,-0.540884
tqa155,47,-0.540884
tqa155,48,-0.540884
tqa155,49,-0.354871
tqa155,50,-0.414478
tqa155,51,-31.875000
tqa155,52,-0.480346
tqa155,53,-0.285590
tqa155,54,-32.875000
tqa155,55,-0.480346
tqa155,56,-29.625000
tqa155,57,-0.540884
tqa155,58,-0.540884
tqa155,59,-0.540884
tqa155,60,-0.450156
tqa155,61,-0.450156
tqa155,62,-0.384921
tqa155,63,-32.500000
tqa156,0,-0.477586
tqa156,1,-0.419315
tqa156,2,-0.298526
tqa156,3,-36.250000
tqa156,4,-0.137789
tqa156,5,-37.250000
tqa156,6,-0.074241
tqa156,7,-0.453997
tqa156,8,-37.937500
tqa156,9,-0.453048
tqa156,10,-0.101337
tqa156,11,-0.390335
tqa156,12,-0.167501
tqa156,13,-0.453048
tqa156,14,-32.625000
tqa156,15,-0.450170
tqa156,16,-0.516262
tqa156,17,-0.486677
tqa156,18,-0.545101
tqa156,19,-34.000000
tqa156,20,-34.875000
tqa156,21,-0.106177
tqa156,22,-0.196057
tqa156,23,-0.167617
tqa156,24,-0.485744
tqa156,25,-34.000000
tqa156,26,-0.451473
tqa156,27,-0.099956
tqa156,28,-0.451469
tqa156,29,-38.250000
tqa156,30,-0.483137
tqa156,31,-0.140784
tqa156,32,-33.875000
tqa156,33,-0.421353
tqa156,34,-0.452381
tqa156,35,-0.418738
tqa156,36,-0.454242
tqa156,37,-0.513048
tqa156,38,-0.486238
tqa156,39,-26.750000
tqa156,40,-0.451891
tqa156,41,-0.454242
tqa156,42,-26.750000
tqa156,43,-0.321352
tqa156,44,-0.451469
tqa156,45,-33.250000
tqa156,46,-0.449431
tqa156,47,-0.357532
tqa156,48,-28.125000
tqa156,49,-36.562500
tqa156,50,-0.483862
tqa156,51,-0.480342
tqa156,52,-0.485252
tqa156,53,-37.875000
tqa156,54,-0.104194
tqa156,55,-0.488038
tqa156,56,-37.562500
tqa156,57,-0.515731
tqa156,58,-0.486677
tqa156,59,-0.488171
tqa156,60,-0.485246
tqa156,61,-11.124999
tqa156,62,-0.513254
tqa156,63,-0.483581
tqa157,0,-0.512572
tqa157,1,-0.512572
tqa157,2,-0.512572
tqa157,3,-12.125000
tqa157,4,-29.500000
tqa157,5,-0.481153
tqa157,6,-0.386362
tqa157,7,-0.481153
tqa157,8,-0.483439
tqa157,9,-0.483439
tqa157,10,-0.483439
tqa157,11,-19.000000
tqa157,12,22.125000
tqa157,13,22.125000
tqa157,14,22.125000
tqa157,15,22.125000
tqa157,16,-0.287604
tqa157,17,-0.289521
tqa157,18,-16.875000
tqa157,19,-0.328781
tqa157,20,22.125000
tqa157,21,22.125000
tqa157,22,22.125000
tqa157,23,22.125000
tqa157,24,-0.514038
tqa157,25,-0.514038
tqa157,26,-0.514038
tqa157,27,-20.125000
tqa157,28,-29.125000
tqa157,29,-0.481153
tqa157,30,-0.450278
tqa157,31,-0.481153
tqa157,32,22.125000
tqa157,33,22.125000
tqa157,34,22.125000
tqa157,35,22.125000
tqa157,36,-0.484706
tqa157,37,-2.499997
tqa157,38,-0.449370
tqa157,39,-0.484706
tqa157,40,-0.512572
tqa157,41,-16.000000
tqa157,42,-0.512572
tqa157,43,-0.512572
tqa157,44,22.125000
tqa157,45,22.125000
tqa157,46,22.125000
tqa157,47,22.125000
tqa157,48,-0.513831
tqa157,49,-0.513831
tqa157,50,-22.125000
tqa157,51,-0.513831
tqa157,52,-0.106453
tqa157,53,-0.483439
tqa157,54,-0.483439
tqa157,55,-22.125000
tqa157,56,22.125000
tqa157,57,22.125000
tqa157,58,22.125000
tqa157,59,22.125000
tqa157,60,-0.481153
tqa157,61,-31.750000
tqa157,62,-0.481153
tqa157,63,-0.481153
tqa158,0,-36.812500
tqa158,1,-0.545647
tqa158,2,-0.513853
tqa158,3,-0.135541
tqa158,4,-0.266732
tqa158,5,-33.625000
tqa158,6,-0.481600
tqa158,7,-0.481418
tqa158,8,-0.481424
tqa158,9,-0.105349
tqa158,10,-34.125000
tqa158,11,-0.511851
tqa158,12,-34.375000
tqa158,13,-0.166687
tqa158,14,-0.482597
tqa158,15,-0.513843
tqa158,16,-0.390939
tqa158,17,-39.125000
tqa158,18,-0.452154
tqa158,19,-0.300820
tqa158,20,-0.515800
tqa158,21,-34.875000
tqa158,22,-0.170079
tqa158,23,-0.195927
tqa158,24,-10.374996
tqa158,25,-0.327172
tqa158,26,-0.420877
tqa158,27,-0.196934
tqa158,28,-0.512671
tqa158,29,-0.068612
tqa158,30,-20.250000
tqa158,31,-0.101680
tqa158,32,-0.199262
tqa158,33,-0.422407
tqa158,34,-36.187500
tqa158,35,-0.511497
tqa158,36,-0.292355
tqa158,37,-37.000000
tqa158,38,-0.546078
tqa158,39,-0.485489
tqa158,40,-0.258555
tqa158,41,-26.250000
tqa158,42,-11.124995
tqa158,43,-2.999972
tqa158,44,-0.482368
tqa158,45,-35.312500
tqa158,46,-0.543601
tqa158,47,-0.485164
tqa158,48,-36.250000
tqa158,49,-25.500000
tqa158,50,-35.125000
tqa158,51,-0.513853
tqa158,52,-33.875000
tqa158,53,-0.513066
tqa158,54,-0.513063
tqa158,55,-0.543027
tqa158,56,-0.482801
tqa158,57,-0.236170
tqa158,58,-0.420502
tqa158,59,-33.375000
tqa158,60,-0.237898
tqa158,61,-0.449986
tqa158,62,-33.000000
tqa158,63,-0.513041
tqa159,0,-0.385661
tqa159,1,-32.125000
tqa159,2,0.145345
tqa159,3,-32.125000
tqa159,4,0.052265
tqa159,5,-0.390496
tqa159,6,-22.250000
tqa159,7,-0.390496
tqa159,8,-0.384920
tqa159,9,-0.388631
tqa159,10,-30.375000
tqa159,11,-0.388631
tqa159,12,-0.418919
tqa159,13,0.000001
tqa159,14,-0.356423
tqa159,15,-0.384095
tqa159,16,-36.812500
tqa159,17,-0.199008
tqa159,18,-0.390496
tqa159,19,-0.386330
tqa159,20,-0.016594
tqa159,21,-7.374982
tqa159,22,-0.165373
tqa159,23,-0.256362
tqa159,24,-0.101681
tqa159,25,-0.386842
tqa159,26,-0.390496
tqa159,27,-34.000000
tqa159,28,-0.480065
tqa159,29,-0.511137
tqa159,30,-33.250000
tqa159,31,-0.478031
tqa159,32,-0.384095
tqa159,33,-36.312500
tqa159,34,-0.390496
tqa159,35,-0.390496
tqa159,36,-32.875000
tqa159,37,-0.394731
tqa159,38,-0.419703
tqa159,39,-0.394731
tqa159,40,-0.422743
tqa159,41,0.051805
tqa159,42,-13.875000
tqa159,43,-0.416754
tqa159,44,-33.125000
tqa159,45,-0.230864
tqa159,46,-0.355242
tqa159,47,-0.356222
tqa159,48,-37.312500
tqa159,49,-0.509763
tqa159,50,-0.424191
tqa159,51,-0.388648
tqa159,52,-0.422743
tqa159,53,-0.134103
tqa159,54,-0.422743
tqa159,55,-33.750000
tqa159,56,-38.125000
tqa159,57,-0.390496
tqa159,58,-0.384095
tqa159,59,-0.390496
tqa159,60,0.016217
tqa159,61,-0.443529
tqa159,62,-32.875000
tqa159,63,-0.384095
tqa160,0,-29.625000
tqa160,1,-27.125000
tqa160,2,-0.509783
tqa160,3,-0.509783
tqa160,4,0.500002
tqa160,5,-0.388444
tqa160,6,-0.232411
tqa160,7,-0.416459
tqa160,8,8.000001
tqa160,9,8.000001
tqa160,10,-15.499999
tqa160,11,8.000001
tqa160,12,8.000001
tqa160,13,8.000001
tqa160,14,8.000001
tqa160,15,8.000001
tqa160,16,-31.125000
tqa160,17,-0.450022
tqa160,18,-0.450022
tqa160,19,-0.450022
tqa160,20,-0.136621
tqa160,21,-0.136621
tqa160,22,16.375000
tqa160,23,-0.136621
tqa160,24,-0.511030
tqa160,25,-32.625000
tqa160,26,-0.509783
tqa160,27,-0.509783
tqa160,28,-0.482215
tqa160,29,-0.448689
tqa160,30,-26.500000
tqa160,31,-0.542117
tqa160,32,-0.136621
tqa160,33,-0.136621
tqa160,34,16.375000
tqa160,35,12.375000
tqa160,36,-0.514411
tqa160,37,-31.875000
tqa160,38,-0.514411
tqa160,39,-0.514411
tqa160,40,-0.417755
tqa160,41,-0.233139
tqa160,42,-0.297762
tqa160,43,-32.000000
tqa160,44,-30.750000
tqa160,45,-0.415007
tqa160,46,-0.388648
tqa160,47,-0.416459
tqa160,48,-0.481820
tqa160,49,-31.000000
tqa160,50,-0.478677
tqa160,51,-0.478677
tqa160,52,-0.447573
tqa160,53,-0.388250
tqa160,54,-31.000000
tqa160,55,-0.447573
tqa160,56,-31.750000
tqa160,57,-0.450759
tqa160,58,-0.478677
tqa160,59,-0.478677
tqa160,60,-0.509783
tqa160,61,-0.480703
tqa160,62,-0.509783
tqa160,63,-34.750000
tqa161,0,-7.999975
tqa161,1,-7.999975
tqa161,2,-7.999975
tqa161,3,-24.500000
tqa161,4,-7.999975
tqa161,5,-7.999975
tqa161,6,-1.874939
tqa161,7,-14.749999
tqa161,8,-0.574696
tqa161,9,-0.545081
tqa161,10,-0.574696
tqa161,11,-30.375000
tqa161,12,-1.874939
tqa161,13,-7.999975
tqa161,14,-1.874939
tqa161,15,-24.500000
tqa161,16,-34.500000
tqa161,17,-0.544891
tqa161,18,-0.544891
tqa161,19,-0.544891
tqa161,20,-7.999975
tqa161,21,-7.999975
tqa161,22,-7.999975
tqa161,23,-7.999975
tqa161,24,-0.514030
tqa161,25,-34.500000
tqa161,26,-0.543810
tqa161,27,-0.543810
tqa161,28,-0.574696
tqa161,29,-0.574696
tqa161,30,-0.450075
tqa161,31,-34.250000
tqa161,32,-7.999975
tqa161,33,-7.999975
tqa161,34,-7.124971
tqa161,35,-7.999975
tqa161,36,-7.999975
tqa161,37,-24.500000
tqa161,38,-7.124971
tqa161,39,-24.500000
tqa161,40,-0.574696
tqa161,41,-0.574696
tqa161,42,-0.574696
tqa161,43,-35.000000
tqa161,44,-1.874939
tqa161,45,-7.999975
tqa161,46,-7.999975
tqa161,47,-7.999975
tqa161,48,-0.155199
tqa161,49,-0.227201
tqa161,50,-0.512029
tqa161,51,-22.000000
tqa161,52,-0.447644
tqa161,53,-34.125000
tqa161,54,-0.545081
tqa161,55,-0.511194
tqa161,56,-24.500000
tqa161,57,-7.999975
tqa161,58,-7.999975
tqa161,59,-7.999975
tqa161,60,-7.999975
tqa161,61,-1.874939
tqa161,62,-7.999975
tqa161,63,-7.999975
tqa162,0,15.000000
tqa162,1,15.000000
tqa162,2,15.000000
tqa162,3,15.000000
tqa162,4,15.000000
tqa162,5,15.000000
tqa162,6,15.000000
tqa162,7,15.000000
tqa162,8,-30.000000
tqa162,9,-0.450759
tqa162,10,-0.450759
tqa162,11,-0.450759
tqa162,12,15.000000
tqa162,13,-5.624989
tqa162,14,-5.624989
tqa162,15,15.000000
tqa162,16,-0.449982
tqa162,17,-30.625000
tqa162,18,-0.449982
tqa162,19,-0.449982
tqa162,20,-0.449514
tqa162,21,-0.449514
tqa162,22,-0.130783
tqa162,23,-31.375000
tqa162,24,-33.500000
tqa162,25,-0.449982
tqa162,26,-0.356237
tqa162,27,-0.449982
tqa162,28,-5.624989
tqa162,29,15.000000
tqa162,30,15.000000
tqa162,31,15.000000
tqa162,32,-0.511025
tqa162,33,-0.511025
tqa162,34,-35.500000
tqa162,35,-0.511025
tqa162,36,15.000000
tqa162,37,15.000000
tqa162,38,15.000000
tqa162,39,-5.624989
tqa162,40,15.000000
tqa162,41,15.000000
tqa162,42,-5.624989
tqa162,43,15.000000
tqa162,44,15.000000
tqa162,45,-5.624989
tqa162,46,15.000000
tqa162,47,15.000000
tqa162,48,-35.062500
tqa162,49,-0.450759
tqa162,50,-0.450759
tqa162,51,-0.450759
tqa162,52,15.000000
tqa162,53,15.000000
tqa162,54,15.000000
tqa162,55,-5.624989
tqa162,56,15.000000
tqa162,57,15.000000
tqa162,58,15.000000
tqa162,59,15.000000
tqa162,60,-0.509925
tqa162,61,-28.875000
tqa162,62,-0.542068
tqa162,63,-0.509925
tqa163,0,-0.477738
tqa163,1,-36.562500
tqa163,2,-0.481297
tqa163,3,-0.506781
tqa163,4,-0.419498
tqa163,5,-0.450558
tqa163,6,-0.479753
tqa163,7,-26.875000
tqa163,8,-0.453048
tqa163,9,-0.418974
tqa163,10,-37.500000
tqa163,11,-0.416933
tqa163,12,-0.539041
tqa163,13,-0.507912
tqa163,14,-0.539147
tqa163,15,-37.125000
tqa163,16,-0.476994
tqa163,17,-0.478147
tqa163,18,-35.375000
tqa163,19,-0.478276
tqa163,20,-0.387372
tqa163,21,-27.875000
tqa163,22,-0.384637
tqa163,23,-0.447442
tqa163,24,-37.437500
tqa163,25,-0.508985
tqa163,26,-0.481309
tqa163,27,-0.480050
tqa163,28,-36.937500
tqa163,29,-0.419854
tqa163,30,-0.446619
tqa163,31,-0.386466
tqa163,32,-0.416036
tqa163,33,-0.416174
tqa163,34,-0.384932
tqa163,35,-35.250000
tqa163,36,-0.451764
tqa163,37,-0.453004
tqa163,38,-26.875000
tqa163,39,-0.424805
tqa163,40,-0.383891
tqa163,41,-36.125000
tqa163,42,-0.510074
tqa163,43,-0.509002
tqa163,44,-0.324987
tqa163,45,-25.750000
tqa163,46,-0.168034
tqa163,47,-0.165171
tqa163,48,-37.562500
tqa163,49,-0.507675
tqa163,50,-0.447290
tqa163,51,-0.537437
tqa163,52,-38.375000
tqa163,53,-0.480391
tqa163,54,-0.447863
tqa163,55,-38.250000
tqa163,56,-0.360188
tqa163,57,-36.812500
tqa163,58,-0.251400
tqa163,59,-0.510530
tqa163,60,-0.447147
tqa163,61,-0.415610
tqa163,62,-29.125000
tqa163,63,-0.447147
tqa164,0,-0.450763
tqa164,1,-0.422216
tqa164,2,-35.250000
tqa164,3,-0.451140
tqa164,4,-5.249977
tqa164,5,-0.197137
tqa164,6,-36.812500
tqa164,7,-37.000000
tqa164,8,-4.249978
tqa164,9,-0.136892
tqa164,10,-0.321854
tqa164,11,-36.250000
tqa164,12,-0.414865
tqa164,13,-0.355947
tqa164,14,-36.500000
tqa164,15,-0.324691
tqa164,16,-0.360991
tqa164,17,-0.328232
tqa164,18,-36.937500
tqa164,19,-0.260846
tqa164,20,-33.750000
tqa164,21,-0.356998
tqa164,22,-0.260064
tqa164,23,-0.134702
tqa164,24,-0.166546
tqa164,25,-0.197137
tqa164,26,-36.375000
tqa164,27,-0.197799
tqa164,28,-37.562500
tqa164,29,-0.360906
tqa164,30,-0.421812
tqa164,31,-0.139886
tqa164,32,-0.322590
tqa164,33,-0.358208
tqa164,34,-0.263833
tqa164,35,-34.687500
tqa164,36,-0.386160
tqa164,37,-0.385249
tqa164,38,-0.446373
tqa164,39,-34.250000
tqa164,40,-0.358156
tqa164,41,-0.229127
tqa164,42,-37.250000
tqa164,43,-0.327121
tqa164,44,-37.875000
tqa164,45,-0.356098
tqa164,46,-0.416769
tqa164,47,-0.446619
tqa164,48,-37.312500
tqa164,49,-0.229127
tqa164,50,-0.104048
tqa164,51,-0.164938
tqa164,52,-0.447599
tqa164,53,-0.511852
tqa164,54,-36.062500
tqa164,55,-0.449711
tqa164,56,-33.000000
tqa164,57,-0.383612
tqa164,58,-0.387571
tqa164,59,-0.415627
tqa164,60,-21.375000
tqa164,61,-0.421136
tqa164,62,-0.452839
tqa164,63,-0.393290
tqa165,0,-0.508228
tqa165,1,-0.508602
tqa165,2,-37.875000
tqa165,3,-0.475982
tqa165,4,-0.573978
tqa165,5,-0.575249
tqa165,6,-0.575829
tqa165,7,-37.375000
tqa165,8,-0.506903
tqa165,9,-0.356427
tqa165,10,-33.875000
tqa165,11,-0.327111
tqa165,12,-35.125000
tqa165,13,-0.385845
tqa165,14,-0.514817
tqa165,15,-0.514817
tqa165,16,-33.625000
tqa165,17,-0.478245
tqa165,18,-0.478938
tqa165,19,-36.812500
tqa165,20,-0.449016
tqa165,21,-34.250000
tqa165,22,-0.452549
tqa165,23,-0.481242
tqa165,24,-0.546728
tqa165,25,-0.511479
tqa165,26,-34.375000
tqa165,27,-0.511314
tqa165,28,-0.509079
tqa165,29,-0.228098
tqa165,30,-39.250000
tqa165,31,-0.195424
tqa165,32,-0.482578
tqa165,33,-36.937500
tqa165,34,-0.509501
tqa165,35,-0.481992
tqa165,36,-0.483860
tqa165,37,-0.514449
tqa165,38,-0.513704
tqa165,39,-37.687500
tqa165,40,-0.484100
tqa165,41,-0.574879
tqa165,42,-38.500000
tqa165,43,-0.544576
tqa165,44,-0.386660
tqa165,45,-0.355936
tqa165,46,-0.479546
tqa165,47,-34.500000
tqa165,48,-0.227060
tqa165,49,-33.750000
tqa165,50,-0.508946
tqa165,51,-0.480673
tqa165,52,-35.125000
tqa165,53,-0.354918
tqa165,54,-0.508227
tqa165,55,-0.510654
tqa165,56,-0.543259
tqa165,57,-0.603038
tqa165,58,-0.193806
tqa165,59,-34.250000
tqa165,60,-38.000000
tqa165,61,-0.356791
tqa165,62,-0.288511
tqa165,63,-37.375000
tqa166,0,-0.259946
tqa166,1,-0.636171
tqa166,2,-34.875000
tqa166,3,-0.636171
tqa166,4,-22.625000
tqa166,5,-0.512668
tqa166,6,-0.512668
tqa166,7,-0.512668
tqa166,8,-31.250000
tqa166,9,-0.605237
tqa166,10,-0.605237
tqa166,11,-31.875000
tqa166,12,-0.605237
tqa166,13,-0.605237
tqa166,14,-28.625000
tqa166,15,-0.605237
tqa166,16,-0.636171
tqa166,17,-0.636171
tqa166,18,-0.636171
tqa166,19,11.250001
tqa166,20,-0.544907
tqa166,21,-0.453792
tqa166,22,-28.875000
tqa166,23,-0.544907
tqa166,24,-0.545091
tqa166,25,-0.545091
tqa166,26,-0.545091
tqa166,27,-16.000000
tqa166,28,-24.375000
tqa166,29,-0.636171
tqa166,30,-0.038912
tqa166,31,-0.636171
tqa166,32,-0.576986
tqa166,33,-0.576986
tqa166,34,-0.577546
tqa166,35,-30.000000
tqa166,36,-0.636171
tqa166,37,-0.636171
tqa166,38,-0.636171
tqa166,39,-4.499995
tqa166,40,-0.544907
tqa166,41,-0.453038
tqa166,42,-21.125000
tqa166,43,-0.544907
tqa166,44,-0.329915
tqa166,45,-0.512668
tqa166,46,-37.625000
tqa166,47,-0.512668
tqa166,48,-0.605237
tqa166,49,-35.625000
tqa166,50,-0.605237
tqa166,51,-0.605237
tqa166,52,-0.636171
tqa166,53,-0.636171
tqa166,54,-29.500000
tqa166,55,-0.636171
tqa166,56,-32.750000
tqa166,57,-0.163223
tqa166,58,-0.544907
tqa166,59,-0.544907
tqa166,60,-0.544907
tqa166,61,-0.327807
tqa166,62,-34.250000
tqa166,63,-0.451372
tqa167,0,-0.321453
tqa167,1,-36.500000
tqa167,2,-35.937500
tqa167,3,-0.383358
tqa167,4,-0.384221
tqa167,5,-15.625000
tqa167,6,0.087210
tqa167,7,-0.006542
tqa167,8,-17.750000
tqa167,9,-0.222148
tqa167,10,-0.004547
tqa167,11,-0.410984
tqa167,12,-0.010771
tqa167,13,-0.477719
tqa167,14,-37.125000
tqa167,15,-0.295655
tqa167,16,-35.562500
tqa167,17,-0.098161
tqa167,18,-0.448680
tqa167,19,-0.163824
tqa167,20,-36.250000
tqa167,21,0.027049
tqa167,22,-30.875000
tqa167,23,-32.000000
tqa167,24,-29.375000
tqa167,25,-21.250000
tqa167,26,-0.477985
tqa167,27,-0.384669
tqa167,28,-0.010914
tqa167,29,-37.062500
tqa167,30,-0.477452
tqa167,31,-0.322598
tqa167,32,-0.168921
tqa167,33,-0.382333
tqa167,34,-0.005665
tqa167,35,-35.000000
tqa167,36,-0.413594
tqa167,37,-35.312500
tqa167,38,-0.166161
tqa167,39,-0.033271
tqa167,40,-36.750000
tqa167,41,-0.444735
tqa167,42,-0.006314
tqa167,43,-0.446205
tqa167,44,-0.414487
tqa167,45,-0.416464
tqa167,46,-17.500000
tqa167,47,0.021751
tqa167,48,-0.480887
tqa167,49,-0.476763
tqa167,50,-32.750000
tqa167,51,-0.449185
tqa167,52,-0.415090
tqa167,53,-25.375000
tqa167,54,-0.477716
tqa167,55,-0.289961
tqa167,56,-0.284491
tqa167,57,-0.415105
tqa167,58,-0.231994
tqa167,59,-21.500000
tqa167,60,-19.375000
tqa167,61,-0.414371
tqa167,62,-0.069720
tqa167,63,-0.102680
tqa168,0,-0.108809
tqa168,1,-0.512385
tqa168,2,-0.512385
tqa168,3,-32.625000
tqa168,4,-0.448990
tqa168,5,-31.500000
tqa168,6,-0.448990
tqa168,7,-0.448990
tqa168,8,-0.510675
tqa168,9,-0.512385
tqa168,10,-29.000000
tqa168,11,-0.512385
tqa168,12,-31.625000
tqa168,13,-35.125000
tqa168,14,-0.542085
tqa168,15,-0.540919
tqa168,16,15.500000
tqa168,17,15.500000
tqa168,18,15.500000
tqa168,19,15.500000
tqa168,20,-0.510994
tqa168,21,-32.125000
tqa168,22,-31.000000
tqa168,23,-0.128108
tqa168,24,15.500000
tqa168,25,15.500000
tqa168,26,15.500000
tqa168,27,15.500000
tqa168,28,15.375000
tqa168,29,-0.385079
tqa168,30,15.375000
tqa168,31,15.375000
tqa168,32,-0.512385
tqa168,33,-27.250000
tqa168,34,-0.512385
tqa168,35,-0.512385
tqa168,36,-0.510994
tqa168,37,-0.510994
tqa168,38,-34.500000
tqa168,39,-0.510994
tqa168,40,-0.348946
tqa168,41,-31.125000
tqa168,42,-0.511150
tqa168,43,-0.192724
tqa168,44,-33.875000
tqa168,45,-0.448990
tqa168,46,-0.448990
tqa168,47,-0.448990
tqa168,48,-32.625000
tqa168,49,-0.449358
tqa168,50,-0.449358
tqa168,51,-0.449358
tqa168,52,-0.512385
tqa168,53,-31.125000
tqa168,54,-0.478259
tqa168,55,-0.512385
tqa168,56,-0.418619
tqa168,57,-32.250000
tqa168,58,-0.448990
tqa168,59,-0.448990
tqa168,60,-0.540919
tqa168,61,-0.540919
tqa168,62,-35.250000
tqa168,63,-0.415889
tqa169,0,-0.389122
tqa169,1,-0.391482
tqa169,2,-38.000000
tqa169,3,-0.167087
tqa169,4,-0.451964
tqa169,5,-0.447598
tqa169,6,-33.875000
tqa169,7,-0.358803
tqa169,8,-0.446798
tqa169,9,-0.390135
tqa169,10,-35.250000
tqa169,11,-0.387585
tqa169,12,-0.415773
tqa169,13,-36.375000
tqa169,14,-0.415773
tqa169,15,-0.385689
tqa169,16,-0.512401
tqa169,17,-0.512401
tqa169,18,-0.481167
tqa169,19,-38.937500
tqa169,20,-0.478853
tqa169,21,-0.480247
tqa169,22,-0.509012
tqa169,23,-37.812500
tqa169,24,-0.261801
tqa169,25,-0.292611
tqa169,26,-37.000000
tqa169,27,-0.261801
tqa169,28,-37.687500
tqa169,29,-0.482594
tqa169,30,-0.544986
tqa169,31,-0.509162
tqa169,32,-37.312500
tqa169,33,-0.513506
tqa169,34,-0.543781
tqa169,35,-0.480916
tqa169,36,-0.539410
tqa169,37,-37.687500
tqa169,38,-0.508764
tqa169,39,-0.480085
tqa169,40,-0.419971
tqa169,41,-0.451618
tqa169,42,-0.451618
tqa169,43,-33.000000
tqa169,44,-0.260643
tqa169,45,-34.000000
tqa169,46,-0.324024
tqa169,47,-0.453467
tqa169,48,-0.479753
tqa169,49,-36.000000
tqa169,50,-0.419765
tqa169,51,-0.482467
tqa169,52,-35.875000
tqa169,53,-0.396547
tqa169,54,-0.319918
tqa169,55,-0.229712
tqa169,56,-0.419971
tqa169,57,-0.387704
tqa169,58,-0.448839
tqa169,59,-37.875000
tqa169,60,-1.374950
tqa169,61,-1.374950
tqa169,62,-4.249949
tqa169,63,-1.374950
tqa170,0,-0.477105
tqa170,1,-8.874999
tqa170,2,-0.445373
tqa170,3,-0.477105
tqa170,4,-0.445157
tqa170,5,-32.250000
tqa170,6,-0.417376
tqa170,7,-0.445382
tqa170,8,-1.249935
tqa170,9,-15.749999
tqa170,10,-34.625000
tqa170,11,-27.500000
tqa170,12,-1.249935
tqa170,13,-1.249935
tqa170,14,-15.749999
tqa170,15,-15.749999
tqa170,16,-15.749999
tqa170,17,-32.500000
tqa170,18,-15.749999
tqa170,19,-15.749999
tqa170,20,-15.749999
tqa170,21,-27.375000
tqa170,22,-15.749999
tqa170,23,-1.249935
tqa170,24,-15.749999
tqa170,25,-15.749999
tqa170,26,-15.749999
tqa170,27,-15.749999
tqa170,28,-30.375000
tqa170,29,-0.359312
tqa170,30,-0.573658
tqa170,31,-0.573658
tqa170,32,-0.539488
tqa170,33,-0.539488
tqa170,34,-0.511503
tqa170,35,-5.249997
tqa170,36,-0.539488
tqa170,37,-0.539488
tqa170,38,-0.511506
tqa170,39,-31.125000
tqa170,40,-25.875000
tqa170,41,-0.510064
tqa170,42,-0.510064
tqa170,43,-0.510064
tqa170,44,-0.421084
tqa170,45,-27.375000
tqa170,46,-0.420872
tqa170,47,-0.421084
tqa170,48,-0.539488
tqa170,49,-0.539488
tqa170,50,-29.000000
tqa170,51,-0.539488
tqa170,52,-15.749999
tqa170,53,-1.249935
tqa170,54,-15.749999
tqa170,55,-15.749999
tqa170,56,-15.749999
tqa170,57,-15.749999
tqa170,58,-15.749999
tqa170,59,-15.749999
tqa170,60,-0.416911
tqa170,61,-0.417724
tqa170,62,-0.416911
tqa170,63,-34.250000
tqa171,0,-20.000000
tqa171,1,-20.000000
tqa171,2,-20.000000
tqa171,3,-20.000000
tqa171,4,-9.124994
tqa171,5,-0.170280
tqa171,6,-9.124994
tqa171,7,-0.262828
tqa171,8,-0.421802
tqa171,9,-22.625000
tqa171,10,-0.422754
tqa171,11,-0.452993
tqa171,12,-34.875000
tqa171,13,-0.481618
tqa171,14,-0.481618
tqa171,15,-0.481618
tqa171,16,-20.000000
tqa171,17,-20.000000
tqa171,18,-20.000000
tqa171,19,-37.375000
tqa171,20,-0.359543
tqa171,21,-0.359543
tqa171,22,-0.359543
tqa171,23,-26.875000
tqa171,24,-0.359543
tqa171,25,-0.359543
tqa171,26,-9.124994
tqa171,27,-0.359543
tqa171,28,-0.359543
tqa171,29,-0.359543
tqa171,30,-0.359543
tqa171,31,-9.124994
tqa171,32,-36.375000
tqa171,33,-0.359543
tqa171,34,-0.359543
tqa171,35,-0.359543
tqa171,36,-9.124994
tqa171,37,-0.359543
tqa171,38,-0.359543
tqa171,39,-0.359543
tqa171,40,-0.390267
tqa171,41,-0.390267
tqa171,42,-0.390267
tqa171,43,-35.375000
tqa171,44,-0.359543
tqa171,45,-9.124994
tqa171,46,-9.124994
tqa171,47,-0.359543
tqa171,48,-0.424974
tqa171,49,-35.250000
tqa171,50,-0.390267
tqa171,51,-0.390267
tqa171,52,-38.125000
tqa171,53,-0.364710
tqa171,54,-0.454983
tqa171,55,-0.454983
tqa171,56,-0.395604
tqa171,57,-34.375000
tqa171,58,-0.518826
tqa171,59,-0.518826
tqa171,60,-20.000000
tqa171,61,-20.000000
tqa171,62,-20.000000
tqa171,63,-20.000000
tqa172,0,-0.452609
tqa172,1,-25.875000
tqa172,2,-34.750000
tqa172,3,-0.352549
tqa172,4,-0.385988
tqa172,5,-34.375000
tqa172,6,-0.417574
tqa172,7,-0.413705
tqa172,8,-0.386486
tqa172,9,-0.415895
tqa172,10,-33.000000
tqa172,11,-0.445059
tqa172,12,-34.000000
tqa172,13,-0.191773
tqa172,14,-26.500000
tqa172,15,-4.999957
tqa172,16,-0.284647
tqa172,17,-21.250000
tqa172,18,-0.193723
tqa172,19,-0.282431
tqa172,20,-33.125000
tqa172,21,-0.386489
tqa172,22,-0.384265
tqa172,23,-0.422041
tqa172,24,-33.000000
tqa172,25,-0.414046
tqa172,26,-0.381494
tqa172,27,-0.386489
tqa172,28,-0.449183
tqa172,29,-0.509906
tqa172,30,-0.480435
tqa172,31,-35.937500
tqa172,32,-0.256033
tqa172,33,-14.750000
tqa172,34,-0.419510
tqa172,35,-0.225208
tqa172,36,-0.389028
tqa172,37,-35.625000
tqa172,38,-0.419754
tqa172,39,-0.198182
tqa172,40,-0.419123
tqa172,41,-0.325882
tqa172,42,-28.750000
tqa172,43,-0.383081
tqa172,44,-0.418069
tqa172,45,-0.447875
tqa172,46,-35.437500
tqa172,47,-0.359075
tqa172,48,-0.386315
tqa172,49,-0.387205
tqa172,50,-31.000000
tqa172,51,-0.354905
tqa172,52,-31.125000
tqa172,53,-0.193352
tqa172,54,-0.224427
tqa172,55,-0.348800
tqa172,56,-0.449010
tqa172,57,-0.387866
tqa172,58,-0.452991
tqa172,59,-35.375000
tqa172,60,-0.419310
tqa172,61,-0.394305
tqa172,62,-0.384624
tqa172,63,-36.437500
tqa173,0,-0.259498
tqa173,1,-4.874956
tqa173,2,-0.169879
tqa173,3,-0.390505
tqa173,4,-36.125000
tqa173,5,-0.481708
tqa173,6,-0.510252
tqa173,7,-0.447367
tqa173,8,-0.511819
tqa173,9,-35.000000
tqa173,10,-0.194486
tqa173,11,-0.481311
tqa173,12,-36.625000
tqa173,13,-0.480591
tqa173,14,-0.479920
tqa173,15,-0.314507
tqa173,16,-34.125000
tqa173,17,-0.324640
tqa173,18,-0.356811
tqa173,19,-0.198444
tqa173,20,-35.750000
tqa173,21,-0.478998
tqa173,22,-0.510553
tqa173,23,-0.252388
tqa173,24,-0.419000
tqa173,25,-34.750000
tqa173,26,-0.420075
tqa173,27,-0.448817
tqa173,28,-34.500000
tqa173,29,-0.358642
tqa173,30,-0.387564
tqa173,31,-0.387195
tqa173,32,-0.451344
tqa173,33,-0.319857
tqa173,34,-0.193294
tqa173,35,-35.625000
tqa173,36,-0.187296
tqa173,37,-0.482796
tqa173,38,-0.510245
tqa173,39,-36.187500
tqa173,40,-34.312500
tqa173,41,-0.452401
tqa173,42,-0.481880
tqa173,43,-0.450624
tqa173,44,-35.500000
tqa173,45,-0.481506
tqa173,46,-0.388044
tqa173,47,-0.480403
tqa173,48,-38.250000
tqa173,49,-0.480427
tqa173,50,-0.354751
tqa173,51,-0.510093
tqa173,52,-0.481498
tqa173,53,-30.750000
tqa173,54,-0.420691
tqa173,55,-0.132269
tqa173,56,-0.420280
tqa173,57,-0.391426
tqa173,58,-0.451335
tqa173,59,-37.750000
tqa173,60,-0.418456
tqa173,61,-34.250000
tqa173,62,-0.480403
tqa173,63,-0.322712
tqa174,0,-30.875000
tqa174,1,-30.875000
tqa174,2,-29.250000
tqa174,3,-34.500000
tqa174,4,-0.509381
tqa174,5,-0.479282
tqa174,6,-13.625000
tqa174,7,-0.479282
tqa174,8,-30.875000
tqa174,9,-27.125000
tqa174,10,-29.000000
tqa174,11,-30.875000
tqa174,12,-0.477715
tqa174,13,-0.477000
tqa174,14,-0.352663
tqa174,15,-24.000000
tqa174,16,-29.000000
tqa174,17,1.750015
tqa174,18,1.750015
tqa174,19,1.750015
tqa174,20,-29.000000
tqa174,21,1.750015
tqa174,22,1.750015
tqa174,23,1.750015
tqa174,24,-4.874951
tqa174,25,-27.000000
tqa174,26,-0.287964
tqa174,27,1.750013
tqa174,28,-0.514486
tqa174,29,-3.874997
tqa174,30,-0.544305
tqa174,31,-0.576147
tqa174,32,-29.250000
tqa174,33,-4.874958
tqa174,34,-27.125000
tqa174,35,1.750015
tqa174,36,-0.415485
tqa174,37,-0.445753
tqa174,38,-33.000000
tqa174,39,-0.445997
tqa174,40,-0.260512
tqa174,41,-0.448488
tqa174,42,-34.125000
tqa174,43,-0.447141
tqa174,44,-0.514486
tqa174,45,-0.514486
tqa174,46,-32.250000
tqa174,47,-0.573191
tqa174,48,-31.000000
tqa174,49,1.750013
tqa174,50,-0.287964
tqa174,51,1.750013
tqa174,52,-0.141496
tqa174,53,-29.250000
tqa174,54,-0.415910
tqa174,55,-0.534515
tqa174,56,1.750015
tqa174,57,-29.250000
tqa174,58,-35.750000
tqa174,59,1.750015
tqa174,60,-4.874951
tqa174,61,1.750013
tqa174,62,-29.375000
tqa174,63,-0.287964
tqa175,0,-0.416747
tqa175,1,-28.750000
tqa175,2,-0.356590
tqa175,3,-0.412345
tqa175,4,-0.449161
tqa175,5,-27.500000
tqa175,6,-0.507547
tqa175,7,-0.448005
tqa175,8,-0.484235
tqa175,9,-23.250000
tqa175,10,-0.537829
tqa175,11,-0.478251
tqa175,12,-0.385098
tqa175,13,-0.539854
tqa175,14,-0.541329
tqa175,15,-31.750000
tqa175,16,-0.354111
tqa175,17,-0.538811
tqa175,18,-0.414630
tqa175,19,-34.000000
tqa175,20,-0.484235
tqa175,21,-0.481789
tqa175,22,-0.543447
tqa175,23,-31.875000
tqa175,24,-0.010150
tqa175,25,9.500000
tqa175,26,0.018409
tqa175,27,-0.010150
tqa175,28,0.019718
tqa175,29,-0.010150
tqa175,30,-34.875000
tqa175,31,0.050585
tqa175,32,-0.450723
tqa175,33,-0.445974
tqa175,34,-32.000000
tqa175,35,-0.451542
tqa175,36,-0.477477
tqa175,37,-0.450723
tqa175,38,-32.500000
tqa175,39,-0.480591
tqa175,40,-0.453427
tqa175,41,-27.500000
tqa175,42,-0.161612
tqa175,43,-0.254254
tqa175,44,-0.101528
tqa175,45,-15.875000
tqa175,46,-0.160037
tqa175,47,-0.481789
tqa175,48,-8.624999
tqa175,49,-0.447263
tqa175,50,0.089666
tqa175,51,-0.414847
tqa175,52,-0.222132
tqa175,53,-0.194708
tqa175,54,-0.377099
tqa175,55,-30.625000
tqa175,56,-0.510833
tqa175,57,-32.875000
tqa175,58,-0.251408
tqa175,59,-0.479589
tqa175,60,-0.479715
tqa175,61,-0.322723
tqa175,62,-34.500000
tqa175,63,-0.450723
tqa176,0,-34.812500
tqa176,1,-33.125000
tqa176,2,-30.125000
tqa176,3,-0.511641
tqa176,4,-0.449313
tqa176,5,-0.511302
tqa176,6,-0.069503
tqa176,7,-22.375000
tqa176,8,-0.482169
tqa176,9,-0.222240
tqa176,10,-0.508982
tqa176,11,-36.437500
tqa176,12,27.375000
tqa176,13,-0.317408
tqa176,14,-33.375000
tqa176,15,-33.375000
tqa176,16,-0.480052
tqa176,17,-0.448030
tqa176,18,-33.875000
tqa176,19,-0.479886
tqa176,20,-33.500000
tqa176,21,27.375000
tqa176,22,1.125027
tqa176,23,-0.249954
tqa176,24,-0.293550
tqa176,25,-0.289953
tqa176,26,-32.000000
tqa176,27,-0.355266
tqa176,28,-0.508982
tqa176,29,-0.258950
tqa176,30,-0.508982
tqa176,31,-33.375000
tqa176,32,-0.543934
tqa176,33,-29.000000
tqa176,34,-0.570511
tqa176,35,-0.570511
tqa176,36,-0.509132
tqa176,37,-35.750000
tqa176,38,-0.482780
tqa176,39,-0.508872
tqa176,40,-0.629309
tqa176,41,-34.875000
tqa176,42,-0.600255
tqa176,43,-0.571488
tqa176,44,-33.375000
tqa176,45,-0.380133
tqa176,46,-0.199825
tqa176,47,27.375000
tqa176,48,-0.510087
tqa176,49,-34.812500
tqa176,50,-0.510087
tqa176,51,-27.125000
tqa176,52,-35.125000
tqa176,53,-0.286222
tqa176,54,-0.476340
tqa176,55,-0.480588
tqa176,56,-36.687500
tqa176,57,-0.474155
tqa176,58,-0.478671
tqa176,59,-0.445394
tqa176,60,-35.562500
tqa176,61,-0.478671
tqa176,62,-0.503241
tqa176,63,-0.536497
tqa177,0,-0.296978
tqa177,1,-0.448646
tqa177,2,-35.875000
tqa177,3,-0.479568
tqa177,4,-0.171803
tqa177,5,-0.203052
tqa177,6,-0.483339
tqa177,7,-34.875000
tqa177,8,-0.194605
tqa177,9,-0.471815
tqa177,10,-0.511001
tqa177,11,-37.625000
tqa177,12,-0.576545
tqa177,13,-38.437500
tqa177,14,-0.106368
tqa177,15,-0.293750
tqa177,16,-37.062500
tqa177,17,-32.875000
tqa177,18,-0.608438
tqa177,19,-0.514045
tqa177,20,-36.812500
tqa177,21,-0.264185
tqa177,22,-0.420617
tqa177,23,-0.265451
tqa177,24,-0.479102
tqa177,25,-0.358387
tqa177,26,-0.475893
tqa177,27,-35.687500
tqa177,28,-0.514599
tqa177,29,-0.482926
tqa177,30,-0.452816
tqa177,31,-31.750000
tqa177,32,-38.250000
tqa177,33,-0.507681
tqa177,34,-0.447163
tqa177,35,-0.289519
tqa177,36,-0.289803
tqa177,37,-0.298242
tqa177,38,-0.099185
tqa177,39,-37.437500
tqa177,40,-37.625000
tqa177,41,-0.422253
tqa177,42,-0.422253
tqa177,43,-0.514392
tqa177,44,-0.449437
tqa177,45,-32.500000
tqa177,46,-0.421141
tqa177,47,-0.418561
tqa177,48,-0.135452
tqa177,49,-0.510354
tqa177,50,-0.517737
tqa177,51,-30.750000
tqa177,52,-36.500000
tqa177,53,-0.132227
tqa177,54,-0.418542
tqa177,55,-0.357797
tqa177,56,-35.375000
tqa177,57,-0.515486
tqa177,58,-0.296530
tqa177,59,-0.544490
tqa177,60,-0.228531
tqa177,61,-35.000000
tqa177,62,-37.812500
tqa177,63,-0.513639
tqa178,0,-31.625000
tqa178,1,-0.603564
tqa178,2,-0.512870
tqa178,3,-0.573332
tqa178,4,-38.187500
tqa178,5,-0.256208
tqa178,6,-0.256208
tqa178,7,-0.255450
tqa178,8,-0.447107
tqa178,9,-30.750000
tqa178,10,-0.477320
tqa178,11,-0.447107
tqa178,12,-0.452002
tqa178,13,-0.482318
tqa178,14,-34.562500
tqa178,15,-34.000000
tqa178,16,-36.187500
tqa178,17,-0.514185
tqa178,18,-0.197071
tqa178,19,-0.511887
tqa178,20,-0.541353
tqa178,21,-0.575078
tqa178,22,-30.250000
tqa178,23,-0.574906
tqa178,24,-0.227570
tqa178,25,-34.125000
tqa178,26,-0.480626
tqa178,27,-0.483020
tqa178,28,-0.478510
tqa178,29,-37.000000
tqa178,30,-0.419723
tqa178,31,-35.250000
tqa178,32,-35.625000
tqa178,33,-0.542411
tqa178,34,-0.513771
tqa178,35,-0.573334
tqa178,36,-0.482935
tqa178,37,-0.514185
tqa178,38,-35.687500
tqa178,39,-0.513058
tqa178,40,-0.285802
tqa178,41,-0.254609
tqa178,42,-0.255450
tqa178,43,-35.125000
tqa178,44,-35.750000
tqa178,45,-0.387127
tqa178,46,-0.509086
tqa178,47,-0.476507
tqa178,48,-0.256309
tqa178,49,-28.250000
tqa178,50,-37.625000
tqa178,51,-0.383716
tqa178,52,-0.230885
tqa178,53,-37.250000
tqa178,54,-0.478510
tqa178,55,-0.480515
tqa178,56,-38.312500
tqa178,57,-38.312500
tqa178,58,-37.812500
tqa178,59,-35.375000
tqa178,60,-0.478221
tqa178,61,-0.478221
tqa178,62,-0.478221
tqa178,63,-37.000000
tqa179,0,-37.812500
tqa179,1,-0.355066
tqa179,2,-0.387177
tqa179,3,0.051891
tqa179,4,-0.482592
tqa179,5,-31.250000
tqa179,6,-0.540618
tqa179,7,-0.481793
tqa179,8,-33.250000
tqa179,9,-0.446184
tqa179,10,-0.477826
tqa179,11,-35.062500
tqa179,12,-0.137500
tqa179,13,-33.250000
tqa179,14,-0.415326
tqa179,15,-0.418351
tqa179,16,-0.444912
tqa179,17,-0.478786
tqa179,18,-36.187500
tqa179,19,-0.266019
tqa179,20,-0.320451
tqa179,21,-34.375000
tqa179,22,-0.285719
tqa179,23,-0.165061
tqa179,24,-0.514600
tqa179,25,-0.511515
tqa179,26,-0.481409
tqa179,27,-31.500000
tqa179,28,-0.416615
tqa179,29,-0.540058
tqa179,30,-0.479899
tqa179,31,-33.875000
tqa179,32,-0.073594
tqa179,33,-34.625000
tqa179,34,-0.291306
tqa179,35,-0.416443
tqa179,36,-35.312500
tqa179,37,-0.449073
tqa179,38,-0.447555
tqa179,39,-34.937500
tqa179,40,-0.100669
tqa179,41,-0.139464
tqa179,42,-30.000000
tqa179,43,-0.386319
tqa179,44,-0.476268
tqa179,45,-0.507743
tqa179,46,-0.480509
tqa179,47,-34.000000
tqa179,48,-34.125000
tqa179,49,-0.193464
tqa179,50,-0.476739
tqa179,51,-0.476386
tqa179,52,-35.562500
tqa179,53,-0.477826
tqa179,54,-0.476855
tqa179,55,-0.352389
tqa179,56,-0.418548
tqa179,57,-0.447852
tqa179,58,-34.250000
tqa179,59,-0.477839
tqa179,60,-31.625000
tqa179,61,-0.480491
tqa179,62,-0.508684
tqa179,63,-36.000000
tqa180,0,-0.357987
tqa180,1,-32.625000
tqa180,2,-38.250000
tqa180,3,-0.354129
tqa180,4,-0.385671
tqa180,5,-0.072410
tqa180,6,-18.625000
tqa180,7,-0.005533
tqa180,8,-0.453287
tqa180,9,-0.418992
tqa180,10,-32.000000
tqa180,11,-35.875000
tqa180,12,-0.387384
tqa180,13,-0.418275
tqa180,14,-0.388047
tqa180,15,-34.812500
tqa180,16,-31.500000
tqa180,17,-0.418097
tqa180,18,-0.223352
tqa180,19,-0.419203
tqa180,20,-0.354129
tqa180,21,-33.750000
tqa180,22,-0.357987
tqa180,23,-0.358191
tqa180,24,-0.162099
tqa180,25,-31.250000
tqa180,26,-36.937500
tqa180,27,-0.194969
tqa180,28,-0.420280
tqa180,29,-35.312500
tqa180,30,-0.417447
tqa180,31,-0.168557
tqa180,32,-0.320951
tqa180,33,-0.355519
tqa180,34,-0.320951
tqa180,35,-35.000000
tqa180,36,-0.479139
tqa180,37,-0.480570
tqa180,38,-0.449865
tqa180,39,-34.250000
tqa180,40,-33.625000
tqa180,41,-0.357393
tqa180,42,-0.483001
tqa180,43,-0.511657
tqa180,44,-35.812500
tqa180,45,-0.385076
tqa180,46,-0.387565
tqa180,47,-0.385076
tqa180,48,-0.007963
tqa180,49,-0.227444
tqa180,50,-0.384931
tqa180,51,-33.625000
tqa180,52,-0.139697
tqa180,53,-0.417893
tqa180,54,-0.420485
tqa180,55,-33.500000
tqa180,56,-0.391508
tqa180,57,-36.062500
tqa180,58,-0.418283
tqa180,59,-0.391508
tqa180,60,-0.423243
tqa180,61,-1.624939
tqa180,62,-0.425820
tqa180,63,-0.424257
tqa181,0,-0.535663
tqa181,1,0.017624
tqa181,2,-35.562500
tqa181,3,-36.625000
tqa181,4,-0.448007
tqa181,5,-0.265573
tqa181,6,-0.449180
tqa181,7,-36.500000
tqa181,8,-0.479433
tqa181,9,-0.260702
tqa181,10,-0.479936
tqa181,11,-37.437500
tqa181,12,-0.570319
tqa181,13,-0.540284
tqa181,14,-37.250000
tqa181,15,-0.539311
tqa181,16,-30.125000
tqa181,17,-0.445618
tqa181,18,-34.875000
tqa181,19,-0.412667
tqa181,20,-32.500000
tqa181,21,-0.350478
tqa181,22,16.000000
tqa181,23,-29.875000
tqa181,24,-0.480251
tqa181,25,-0.478858
tqa181,26,-0.512956
tqa181,27,-6.374998
tqa181,28,-0.454749
tqa181,29,-0.484791
tqa181,30,-33.875000
tqa181,31,-0.512228
tqa181,32,0.020378
tqa181,33,-0.510212
tqa181,34,-30.000000
tqa181,35,-0.449193
tqa181,36,-0.321013
tqa181,37,-0.354148
tqa181,38,-37.937500
tqa181,39,-0.475974
tqa181,40,-32.625000
tqa181,41,-0.509921
tqa181,42,-0.479933
tqa181,43,-0.477121
tqa181,44,-0.006721
tqa181,45,-0.384824
tqa181,46,-0.446742
tqa181,47,-31.250000
tqa181,48,-0.324366
tqa181,49,-0.508000
tqa181,50,-0.478816
tqa181,51,-24.625000
tqa181,52,-32.375000
tqa181,53,-0.480100
tqa181,54,-0.483809
tqa181,55,-0.485505
tqa181,56,-0.505257
tqa181,57,-35.000000
tqa181,58,-0.448167
tqa181,59,-0.232792
tqa181,60,-0.475865
tqa181,61,-0.478951
tqa181,62,-36.687500
tqa181,63,-0.480420
tqa182,0,-0.514413
tqa182,1,-0.514402
tqa182,2,-0.514402
tqa182,3,-25.500000
tqa182,4,-0.480694
tqa182,5,-36.187500
tqa182,6,-0.452606
tqa182,7,-0.506606
tqa182,8,-0.256029
tqa182,9,19.000000
tqa182,10,-0.387324
tqa182,11,-0.387324
tqa182,12,-0.481440
tqa182,13,-32.000000
tqa182,14,-0.545457
tqa182,15,-0.330194
tqa182,16,-0.287591
tqa182,17,-0.449718
tqa182,18,-0.298320
tqa182,19,-30.125000
tqa182,20,-0.545457
tqa182,21,-0.420023
tqa182,22,-0.545457
tqa182,23,-29.375000
tqa182,24,-33.750000
tqa182,25,-0.514410
tqa182,26,-0.516041
tqa182,27,-0.390072
tqa182,28,-29.125000
tqa182,29,-0.514413
tqa182,30,-0.514413
tqa182,31,-0.264854
tqa182,32,-0.610024
tqa182,33,-0.551572
tqa182,34,-0.551572
tqa182,35,-34.000000
tqa182,36,-0.516041
tqa182,37,-0.511691
tqa182,38,-29.000000
tqa182,39,-0.168703
tqa182,40,-0.452606
tqa182,41,-0.476869
tqa182,42,-36.125000
tqa182,43,-0.448353
tqa182,44,-0.479606
tqa182,45,-0.447732
tqa182,46,-33.000000
tqa182,47,-0.482529
tqa182,48,-30.000000
tqa182,49,-0.487223
tqa182,50,-0.514410
tqa182,51,-0.516041
tqa182,52,-0.485497
tqa182,53,-0.578301
tqa182,54,-0.515807
tqa182,55,-30.375000
tqa182,56,-33.500000
tqa182,57,-0.511953
tqa182,58,-0.482946
tqa182,59,-0.513467
tqa182,60,-0.544698
tqa182,61,-0.609488
tqa182,62,-9.250000
tqa182,63,-0.514922
tqa183,0,-33.125000
tqa183,1,-0.448655
tqa183,2,-0.539536
tqa183,3,-0.448655
tqa183,4,-35.500000
tqa183,5,-34.937500
tqa183,6,-0.510550
tqa183,7,-0.510550
tqa183,8,-0.537257
tqa183,9,-0.537257
tqa183,10,-0.537257
tqa183,11,-34.562500
tqa183,12,-0.415019
tqa183,13,-32.875000
tqa183,14,-32.875000
tqa183,15,-0.415019
tqa183,16,-0.510550
tqa183,17,-0.510550
tqa183,18,-0.223979
tqa183,19,-36.750000
tqa183,20,-32.875000
tqa183,21,-32.875000
tqa183,22,-32.875000
tqa183,23,-0.415019
tqa183,24,-0.537257
tqa183,25,-0.193704
tqa183,26,-0.538355
tqa183,27,-36.312500
tqa183,28,-33.125000
tqa183,29,-33.125000
tqa183,30,-33.125000
tqa183,31,-33.125000
tqa183,32,-0.415019
tqa183,33,-32.875000
tqa183,34,-32.875000
tqa183,35,-32.875000
tqa183,36,-35.562500
tqa183,37,-0.416093
tqa183,38,-0.476068
tqa183,39,-0.416093
tqa183,40,-27.375000
tqa183,41,-0.473698
tqa183,42,-0.474960
tqa183,43,-0.474960
tqa183,44,-36.062500
tqa183,45,-0.476068
tqa183,46,-0.476068
tqa183,47,-0.476068
tqa183,48,-0.448655
tqa183,49,-0.448655
tqa183,50,-36.000000
tqa183,51,-0.448655
tqa183,52,-0.570676
tqa183,53,-0.164440
tqa183,54,-0.570676
tqa183,55,-29.250000
tqa183,56,-0.537257
tqa183,57,-0.537257
tqa183,58,-0.537257
tqa183,59,-36.812500
tqa183,60,-33.125000
tqa183,61,-33.125000
tqa183,62,-33.125000
tqa183,63,-33.125000
tqa184,0,-0.477833
tqa184,1,-0.448172
tqa184,2,-32.250000
tqa184,3,-0.447709
tqa184,4,-0.478385
tqa184,5,-29.750000
tqa184,6,-33.625000
tqa184,7,-0.445602
tqa184,8,-0.420288
tqa184,9,-38.250000
tqa184,10,-0.445602
tqa184,11,-35.625000
tqa184,12,-25.250000
tqa184,13,-0.262449
tqa184,14,-18.000000
tqa184,15,-0.291025
tqa184,16,-0.478528
tqa184,17,-0.445602
tqa184,18,-36.437500
tqa184,19,-0.450545
tqa184,20,-0.447709
tqa184,21,-0.506029
tqa184,22,-35.312500
tqa184,23,-0.507981
tqa184,24,-18.000000
tqa184,25,-0.288078
tqa184,26,-0.291025
tqa184,27,-0.291025
tqa184,28,-18.000000
tqa184,29,-25.250000
tqa184,30,-0.291025
tqa184,31,-29.500000
tqa184,32,-0.450545
tqa184,33,-0.478528
tqa184,34,-36.062500
tqa184,35,-37.375000
tqa184,36,-37.687500
tqa184,37,-0.445602
tqa184,38,-0.445602
tqa184,39,-0.418264
tqa184,40,-0.478976
tqa184,41,-0.508115
tqa184,42,-15.625000
tqa184,43,-0.478976
tqa184,44,-0.138547
tqa184,45,-0.420221
tqa184,46,-0.200461
tqa184,47,-28.000000
tqa184,48,-31.750000
tqa184,49,-0.100108
tqa184,50,-0.450545
tqa184,51,-0.450545
tqa184,52,-0.257812
tqa184,53,-0.291025
tqa184,54,-29.500000
tqa184,55,-0.290882
tqa184,56,-37.375000
tqa184,57,-0.450545
tqa184,58,-0.447863
tqa184,59,-0.445602
tqa184,60,-35.125000
tqa184,61,-28.875000
tqa184,62,-28.875000
tqa184,63,-28.875000
tqa185,0,-0.036071
tqa185,1,-0.449815
tqa185,2,-33.500000
tqa185,3,-32.875000
tqa185,4,-31.125000
tqa185,5,-0.449004
tqa185,6,-34.500000
tqa185,7,-0.074447
tqa185,8,-0.449813
tqa185,9,-0.449813
tqa185,10,-0.449813
tqa185,11,-33.000000
tqa185,12,-32.000000
tqa185,13,-0.449004
tqa185,14,-0.449004
tqa185,15,-0.065951
tqa185,16,14.125000
tqa185,17,-13.874999
tqa185,18,-13.874999
tqa185,19,-0.232373
tqa185,20,-33.250000
tqa185,21,-0.449004
tqa185,22,-0.007390
tqa185,23,-0.388043
tqa185,24,13.875000
tqa185,25,13.875000
tqa185,26,13.875000
tqa185,27,-14.374999
tqa185,28,-0.419472
tqa185,29,-34.125000
tqa185,30,-0.419472
tqa185,31,-0.419472
tqa185,32,-0.477101
tqa185,33,-26.750000
tqa185,34,-0.449004
tqa185,35,-0.449004
tqa185,36,-0.449004
tqa185,37,-0.007818
tqa185,38,-31.000000
tqa185,39,-0.449004
tqa185,40,-0.449815
tqa185,41,-32.125000
tqa185,42,-0.449815
tqa185,43,-0.449815
tqa185,44,-25.750000
tqa185,45,-0.508951
tqa185,46,-31.000000
tqa185,47,-35.937500
tqa185,48,-0.038598
tqa185,49,-0.449004
tqa185,50,-23.000000
tqa185,51,-0.388043
tqa185,52,-0.477708
tqa185,53,-32.625000
tqa185,54,-33.625000
tqa185,55,-0.478806
tqa185,56,-0.266261
tqa185,57,-0.388043
tqa185,58,-31.000000
tqa185,59,-0.449004
tqa185,60,-0.508554
tqa185,61,-0.449815
tqa185,62,-23.375000
tqa185,63,-0.449815
tqa186,0,-37.125000
tqa186,1,-0.508606
tqa186,2,-0.479428
tqa186,3,-0.477632
tqa186,4,-0.479428
tqa186,5,-0.479428
tqa186,6,-0.322449
tqa186,7,-20.750000
tqa186,8,-31.875000
tqa186,9,-0.541636
tqa186,10,-0.509797
tqa186,11,-0.418444
tqa186,12,-0.476647
tqa186,13,-0.067546
tqa186,14,-0.161447
tqa186,15,-36.625000
tqa186,16,-0.478127
tqa186,17,-0.479115
tqa186,18,-0.479115
tqa186,19,-35.250000
tqa186,20,-33.625000
tqa186,21,-0.106805
tqa186,22,-0.165783
tqa186,23,-0.479745
tqa186,24,-21.750000
tqa186,25,-0.476647
tqa186,26,-0.450056
tqa186,27,-0.447872
tqa186,28,-0.510234
tqa186,29,-31.375000
tqa186,30,-0.481066
tqa186,31,-0.481066
tqa186,32,-0.511695
tqa186,33,-0.511695
tqa186,34,-0.449894
tqa186,35,-23.375000
tqa186,36,-0.479745
tqa186,37,-0.265495
tqa186,38,-0.479745
tqa186,39,-28.125000
tqa186,40,-33.625000
tqa186,41,-0.479115
tqa186,42,-0.479115
tqa186,43,-0.479265
tqa186,44,-0.478127
tqa186,45,-33.375000
tqa186,46,-0.067551
tqa186,47,-0.479115
tqa186,48,-0.479265
tqa186,49,-29.250000
tqa186,50,-0.479265
tqa186,51,-0.479265
tqa186,52,-0.451579
tqa186,53,-0.484722
tqa186,54,-34.125000
tqa186,55,-0.451579
tqa186,56,-0.417233
tqa186,57,-0.416182
tqa186,58,-0.417233
tqa186,59,-32.375000
tqa186,60,-0.477632
tqa186,61,-0.354909
tqa186,62,-0.416771
tqa186,63,-29.750000
tqa187,0,-0.293042
tqa187,1,-0.073294
tqa187,2,27.625000
tqa187,3,-0.293042
tqa187,4,-34.875000
tqa187,5,-0.293042
tqa187,6,-34.875000
tqa187,7,-0.293042
tqa187,8,-0.386842
tqa187,9,-0.386842
tqa187,10,-0.386842
tqa187,11,-29.375000
tqa187,12,-0.293042
tqa187,13,-34.875000
tqa187,14,-0.293042
tqa187,15,-0.293042
tqa187,16,-0.447709
tqa187,17,-27.250000
tqa187,18,-0.449181
tqa187,19,-0.447709
tqa187,20,-0.076126
tqa187,21,27.000000
tqa187,22,27.000000
tqa187,23,27.000000
tqa187,24,27.125000
tqa187,25,27.125000
tqa187,26,27.125000
tqa187,27,27.125000
tqa187,28,27.125000
tqa187,29,27.125000
tqa187,30,27.125000
tqa187,31,27.125000
tqa187,32,-0.135170
tqa187,33,-0.135170
tqa187,34,-31.500000
tqa187,35,-31.500000
tqa187,36,-34.875000
tqa187,37,-0.293042
tqa187,38,-0.300481
tqa187,39,-0.293042
tqa187,40,27.125000
tqa187,41,27.125000
tqa187,42,27.125000
tqa187,43,27.125000
tqa187,44,27.000000
tqa187,45,27.000000
tqa187,46,27.000000
tqa187,47,-0.076126
tqa187,48,-34.875000
tqa187,49,-0.293042
tqa187,50,-0.293042
tqa187,51,-0.073294
tqa187,52,27.125000
tqa187,53,27.125000
tqa187,54,27.125000
tqa187,55,27.125000
tqa187,56,-0.300481
tqa187,57,-0.293042
tqa187,58,-0.194989
tqa187,59,-34.875000
tqa187,60,27.125000
tqa187,61,27.125000
tqa187,62,27.125000
tqa187,63,27.125000
tqa188,0,5.875001
tqa188,1,5.875001
tqa188,2,5.875001
tqa188,3,5.875001
tqa188,4,0.047462
tqa188,5,0.047462
tqa188,6,0.047462
tqa188,7,10.875000
tqa188,8,5.875001
tqa188,9,5.875001
tqa188,10,5.875001
tqa188,11,5.875001
tqa188,12,5.875001
tqa188,13,5.875001
tqa188,14,5.875001
tqa188,15,5.875001
tqa188,16,0.047462
tqa188,17,0.047462
tqa188,18,0.047462
tqa188,19,10.875000
tqa188,20,-0.482389
tqa188,21,-0.391191
tqa188,22,-0.391191
tqa188,23,-30.625000
tqa188,24,-0.482389
tqa188,25,-31.375000
tqa188,26,-0.482389
tqa188,27,-0.482389
tqa188,28,-0.482397
tqa188,29,-0.482397
tqa188,30,-9.249998
tqa188,31,-0.482397
tqa188,32,0.047462
tqa188,33,0.047462
tqa188,34,10.875000
tqa188,35,0.047462
tqa188,36,5.875001
tqa188,37,5.875001
tqa188,38,5.875001
tqa188,39,5.875001
tqa188,40,13.625000
tqa188,41,0.047462
tqa188,42,0.047462
tqa188,43,0.047462
tqa188,44,5.875001
tqa188,45,5.875001
tqa188,46,5.875001
tqa188,47,5.875001
tqa188,48,5.875001
tqa188,49,5.875001
tqa188,50,5.875001
tqa188,51,5.875001
tqa188,52,5.875001
tqa188,53,5.875001
tqa188,54,5.875001
tqa188,55,5.875001
tqa188,56,0.047462
tqa188,57,10.875000
tqa188,58,0.047462
tqa188,59,0.047462
tqa188,60,0.047462
tqa188,61,0.047462
tqa188,62,10.875000
tqa188,63,0.047462
tqa189,0,13.625000
tqa189,1,-1.874948
tqa189,2,-1.874948
tqa189,3,-1.874948
tqa189,4,-0.572876
tqa189,5,-20.000000
tqa189,6,-0.541944
tqa189,7,-0.572876
tqa189,8,-0.449691
tqa189,9,-29.625000
tqa189,10,-0.448162
tqa189,11,-0.449691
tqa189,12,-0.478231
tqa189,13,-0.537676
tqa189,14,2.250003
tqa189,15,-0.507542
tqa189,16,-0.577615
tqa189,17,3.250001
tqa189,18,-0.512679
tqa189,19,-0.546587
tqa189,20,-0.478231
tqa189,21,-0.478231
tqa189,22,-0.509490
tqa189,23,-32.875000
tqa189,24,-1.874948
tqa189,25,4.125009
tqa189,26,-27.625000
tqa189,27,4.125009
tqa189,28,4.125009
tqa189,29,4.125009
tqa189,30,13.625000
tqa189,31,4.125009
tqa189,32,13.625000
tqa189,33,-1.874948
tqa189,34,-37.250000
tqa189,35,-1.874948
tqa189,36,13.625000
tqa189,37,4.125009
tqa189,38,-1.874948
tqa189,39,-12.749999
tqa189,40,-36.625000
tqa189,41,13.625000
tqa189,42,-27.625000
tqa189,43,4.125009
tqa189,44,4.125009
tqa189,45,-1.874948
tqa189,46,-1.874948
tqa189,47,4.125009
tqa189,48,-0.203061
tqa189,49,-30.250000
tqa189,50,-0.449691
tqa189,51,-0.386177
tqa189,52,-0.448162
tqa189,53,-36.937500
tqa189,54,-0.264279
tqa189,55,-0.419477
tqa189,56,-12.749999
tqa189,57,-1.874948
tqa189,58,13.625000
tqa189,59,13.625000
tqa189,60,-34.812500
tqa189,61,-0.537676
tqa189,62,-0.507542
tqa189,63,-0.537676
tqa190,0,-0.543290
tqa190,1,-0.132026
tqa190,2,-0.574190
tqa190,3,-37.312500
tqa190,4,-0.447706
tqa190,5,-0.448666
tqa190,6,-0.478805
tqa190,7,-35.125000
tqa190,8,-33.625000
tqa190,9,-0.579757
tqa190,10,-0.515965
tqa190,11,-0.606521
tqa190,12,-35.000000
tqa190,13,-0.578230
tqa190,14,-0.544706
tqa190,15,-0.545309
tqa190,16,-0.578230
tqa190,17,-0.545309
tqa190,18,-0.545948
tqa190,19,-31.625000
tqa190,20,-0.225677
tqa190,21,-35.750000
tqa190,22,-0.229374
tqa190,23,-0.287136
tqa190,24,-0.475875
tqa190,25,-31.875000
tqa190,26,-0.477235
tqa190,27,-0.478797
tqa190,28,-0.605253
tqa190,29,-0.605253
tqa190,30,-0.543838
tqa190,31,-32.375000
tqa190,32,-35.375000
tqa190,33,-0.480262
tqa190,34,-0.540358
tqa190,35,-0.510681
tqa190,36,-0.476635
tqa190,37,-0.506923
tqa190,38,-0.540220
tqa190,39,-36.437500
tqa190,40,-33.125000
tqa190,41,-36.562500
tqa190,42,-36.125000
tqa190,43,-36.312500
tqa190,44,-36.000000
tqa190,45,-36.562500
tqa190,46,-36.562500
tqa190,47,-35.875000
tqa190,48,-0.537190
tqa190,49,-0.509089
tqa190,50,-0.476515
tqa190,51,-36.812500
tqa190,52,-0.509664
tqa190,53,-0.510527
tqa190,54,-0.480095
tqa190,55,-34.250000
tqa190,56,-36.187500
tqa190,57,-0.540358
tqa190,58,-0.479118
tqa190,59,-0.540358
tqa190,60,-0.478805
tqa190,61,-36.375000
tqa190,62,-0.256061
tqa190,63,-0.478957
tqa191,0,-0.479758
tqa191,1,-0.235913
tqa191,2,-31.500000
tqa191,3,-0.509912
tqa191,4,-34.375000
tqa191,5,-0.419697
tqa191,6,-0.478971
tqa191,7,-0.478971
tqa191,8,21.500000
tqa191,9,21.500000
tqa191,10,21.500000
tqa191,11,21.500000
tqa191,12,22.125000
tqa191,13,-0.513999
tqa191,14,-0.513999
tqa191,15,-0.513999
tqa191,16,-0.485016
tqa191,17,-0.485016
tqa191,18,-0.485016
tqa191,19,27.375000
tqa191,20,21.500000
tqa191,21,21.500000
tqa191,22,21.500000
tqa191,23,21.500000
tqa191,24,-0.546108
tqa191,25,-21.625000
tqa191,26,-0.484507
tqa191,27,-33.125000
tqa191,28,-0.293047
tqa191,29,23.000000
tqa191,30,-0.293047
tqa191,31,-0.293047
tqa191,32,27.375000
tqa191,33,-0.485016
tqa191,34,-0.485016
tqa191,35,-0.485016
tqa191,36,27.375000
tqa191,37,-0.485016
tqa191,38,27.375000
tqa191,39,27.375000
tqa191,40,-0.485016
tqa191,41,-36.812500
tqa191,42,-0.485016
tqa191,43,-0.450011
tqa191,44,-0.486967
tqa191,45,-0.486967
tqa191,46,22.625000
tqa191,47,-0.486967
tqa191,48,27.375000
tqa191,49,27.375000
tqa191,50,27.375000
tqa191,51,-0.485016
tqa191,52,-16.750000
tqa191,53,-0.484980
tqa191,54,-0.544728
tqa191,55,-27.625000
tqa191,56,-0.451697
tqa191,57,-19.125000
tqa191,58,-0.513467
tqa191,59,-0.513467
tqa191,60,21.500000
tqa191,61,21.500000
tqa191,62,21.500000
tqa191,63,21.500000
tqa192,0,-0.420655
tqa192,1,-0.418374
tqa192,2,-34.750000
tqa192,3,-0.424320
tqa192,4,-0.249998
tqa192,5,-0.418020
tqa192,6,-0.418020
tqa192,7,-0.388564
tqa192,8,-28.125000
tqa192,9,-0.420720
tqa192,10,-36.000000
tqa192,11,-0.420720
tqa192,12,-0.480873
tqa192,13,-0.481822
tqa192,14,-0.230880
tqa192,15,-35.937500
tqa192,16,-0.360991
tqa192,17,-0.386946
tqa192,18,-0.360991
tqa192,19,-33.250000
tqa192,20,-0.453694
tqa192,21,-33.750000
tqa192,22,-0.480966
tqa192,23,-0.513053
tqa192,24,-0.450938
tqa192,25,-0.420720
tqa192,26,-0.480065
tqa192,27,-38.000000
tqa192,28,-0.453523
tqa192,29,-0.453067
tqa192,30,-0.574814
tqa192,31,-5.249996
tqa192,32,18.250000
tqa192,33,-0.331370
tqa192,34,-0.331370
tqa192,35,-0.265097
tqa192,36,-0.478539
tqa192,37,-28.125000
tqa192,38,-0.542740
tqa192,39,-0.509946
tqa192,40,-0.449551
tqa192,41,-0.099710
tqa192,42,-0.451907
tqa192,43,-36.250000
tqa192,44,-27.250000
tqa192,45,-0.230696
tqa192,46,-27.250000
tqa192,47,-0.261960
tqa192,48,-0.195421
tqa192,49,-0.360991
tqa192,50,-0.296133
tqa192,51,14.625001
tqa192,52,-0.417103
tqa192,53,-36.937500
tqa192,54,-0.420425
tqa192,55,-0.418542
tqa192,56,-0.541201
tqa192,57,-0.421976
tqa192,58,-34.250000
tqa192,59,-0.480416
tqa192,60,-34.250000
tqa192,61,-0.424445
tqa192,62,-0.422284
tqa192,63,-0.451895
tqa193,0,-0.536589
tqa193,1,-0.475243
tqa193,2,-27.875000
tqa193,3,-0.475243
tqa193,4,9.000001
tqa193,5,-0.130970
tqa193,6,11.875000
tqa193,7,9.500001
tqa193,8,-0.161384
tqa193,9,11.000001
tqa193,10,9.000001
tqa193,11,-0.130970
tqa193,12,-35.000000
tqa193,13,-0.507786
tqa193,14,-0.223426
tqa193,15,-0.535563
tqa193,16,-0.539034
tqa193,17,-36.687500
tqa193,18,-0.510373
tqa193,19,-0.510537
tqa193,20,-0.475630
tqa193,21,-0.508003
tqa193,22,-0.539261
tqa193,23,-36.937500
tqa193,24,-3.374987
tqa193,25,-0.225158
tqa193,26,0.025731
tqa193,27,-0.160395
tqa193,28,-32.500000
tqa193,29,-0.570843
tqa193,30,-0.538683
tqa193,31,-0.538683
tqa193,32,-0.508003
tqa193,33,-0.539261
tqa193,34,-0.507771
tqa193,35,-31.500000
tqa193,36,-0.506770
tqa193,37,-0.536893
tqa193,38,-0.505908
tqa193,39,-37.625000
tqa193,40,9.375000
tqa193,41,4.250001
tqa193,42,4.250001
tqa193,43,4.250001
tqa193,44,9.125001
tqa193,45,9.250000
tqa193,46,-3.499988
tqa193,47,11.500000
tqa193,48,0.025731
tqa193,49,9.500001
tqa193,50,-0.161384
tqa193,51,-0.130970
tqa193,52,-0.475980
tqa193,53,-0.506297
tqa193,54,-0.475243
tqa193,55,-11.875000
tqa193,56,10.750001
tqa193,57,5.375001
tqa193,58,-14.624999
tqa193,59,9.125001
tqa193,60,-0.005522
tqa193,61,6.875000
tqa193,62,5.500001
tqa193,63,0.025731
tqa194,0,-21.375000
tqa194,1,-0.482209
tqa194,2,-0.355812
tqa194,3,-35.375000
tqa194,4,-0.510527
tqa194,5,-0.076177
tqa194,6,-27.625000
tqa194,7,-0.481170
tqa194,8,-0.168041
tqa194,9,-0.513671
tqa194,10,-0.479775
tqa194,11,1.500001
tqa194,12,-28.250000
tqa194,13,-0.105032
tqa194,14,-0.511351
tqa194,15,-0.481529
tqa194,16,0.115276
tqa194,17,-0.512049
tqa194,18,-32.875000
tqa194,19,-31.000000
tqa194,20,-0.266770
tqa194,21,-38.375000
tqa194,22,-0.480997
tqa194,23,-0.260871
tqa194,24,-0.415277
tqa194,25,-0.387049
tqa194,26,-0.072725
tqa194,27,-22.875000
tqa194,28,-0.315537
tqa194,29,-0.477926
tqa194,30,-31.250000
tqa194,31,-0.128571
tqa194,32,-0.451994
tqa194,33,-0.446404
tqa194,34,-33.125000
tqa194,35,-0.326571
tqa194,36,-28.750000
tqa194,37,-3.874996
tqa194,38,-0.480256
tqa194,39,-0.387047
tqa194,40,-0.387601
tqa194,41,-1.250000
tqa194,42,-0.293844
tqa194,43,-0.510426
tqa194,44,-0.479164
tqa194,45,-0.482209
tqa194,46,-38.062500
tqa194,47,-0.510378
tqa194,48,23.000000
tqa194,49,-0.130887
tqa194,50,-0.256073
tqa194,51,-0.258568
tqa194,52,-0.479765
tqa194,53,-0.449722
tqa194,54,-26.750000
tqa194,55,-0.007524
tqa194,56,-0.417949
tqa194,57,-0.264269
tqa194,58,0.023389
tqa194,59,-33.625000
tqa194,60,-0.446283
tqa194,61,-0.005544
tqa194,62,-0.039072
tqa194,63,-31.750000
tqa195,0,-0.480268
tqa195,1,-2.624976
tqa195,2,-13.124998
tqa195,3,3.500003
tqa195,4,-0.509543
tqa195,5,-34.125000
tqa195,6,0.054708
tqa195,7,-0.482247
tqa195,8,-0.572043
tqa195,9,-26.250000
tqa195,10,-0.512001
tqa195,11,-0.540800
tqa195,12,0.500009
tqa195,13,-3.624977
tqa195,14,-6.374979
tqa195,15,-1.124981
tqa195,16,-3.124971
tqa195,17,0.500009
tqa195,18,-1.249981
tqa195,19,-7.499985
tqa195,20,-15.249999
tqa195,21,-14.124999
tqa195,22,-34.250000
tqa195,23,0.375010
tqa195,24,-0.416054
tqa195,25,-0.417092
tqa195,26,-0.416060
tqa195,27,-35.625000
tqa195,28,8.250000
tqa195,29,-12.124997
tqa195,30,-3.624977
tqa195,31,-3.249974
tqa195,32,-0.130709
tqa195,33,-0.513328
tqa195,34,-30.250000
tqa195,35,-0.543422
tqa195,36,-0.510544
tqa195,37,-0.540793
tqa195,38,-0.573356
tqa195,39,-28.500000
tqa195,40,-0.569715
tqa195,41,-0.513321
tqa195,42,-0.513328
tqa195,43,-28.000000
tqa195,44,-29.750000
tqa195,45,-7.124984
tqa195,46,-2.499977
tqa195,47,0.250011
tqa195,48,-0.449332
tqa195,49,-0.451753
tqa195,50,-0.417935
tqa195,51,-33.625000
tqa195,52,-0.480934
tqa195,53,-33.250000
tqa195,54,-0.450832
tqa195,55,-0.481696
tqa195,56,-26.875000
tqa195,57,-0.540534
tqa195,58,-0.540675
tqa195,59,-0.540810
tqa195,60,-0.451013
tqa195,61,-30.875000
tqa195,62,-0.447187
tqa195,63,-0.448674
tqa196,0,-0.509376
tqa196,1,-0.572306
tqa196,2,-0.572306
tqa196,3,-32.625000
tqa196,4,-0.509376
tqa196,5,-0.572306
tqa196,6,-34.875000
tqa196,7,-0.509376
tqa196,8,-25.000000
tqa196,9,-0.480773
tqa196,10,-0.511322
tqa196,11,-0.480773
tqa196,12,-0.509376
tqa196,13,-0.509376
tqa196,14,-0.509376
tqa196,15,-28.500000
tqa196,16,-27.250000
tqa196,17,-0.511024
tqa196,18,-0.513993
tqa196,19,-0.511024
tqa196,20,-31.625000
tqa196,21,-0.484933
tqa196,22,-0.514694
tqa196,23,-0.484933
tqa196,24,-0.481786
tqa196,25,-36.000000
tqa196,26,-0.513643
tqa196,27,-0.481786
tqa196,28,-0.320638
tqa196,29,-33.375000
tqa196,30,-0.321754
tqa196,31,-0.129004
tqa196,32,-0.509376
tqa196,33,-34.812500
tqa196,34,-0.509376
tqa196,35,-0.509376
tqa196,36,-0.543571
tqa196,37,-35.812500
tqa196,38,-0.513262
tqa196,39,-0.330456
tqa196,40,-27.375000
tqa196,41,-0.358212
tqa196,42,-0.293926
tqa196,43,-0.416620
tqa196,44,-0.512319
tqa196,45,-0.512319
tqa196,46,-36.312500
tqa196,47,-0.544924
tqa196,48,-0.543571
tqa196,49,-0.318567
tqa196,50,-36.125000
tqa196,51,-0.512319
tqa196,52,-0.359780
tqa196,53,-0.481426
tqa196,54,-28.750000
tqa196,55,-0.513779
tqa196,56,25.375000
tqa196,57,-0.381484
tqa196,58,-0.381484
tqa196,59,-0.381484
tqa196,60,-0.194201
tqa196,61,-29.500000
tqa196,62,-0.509376
tqa196,63,-0.509376
tqa197,0,-0.451015
tqa197,1,-36.750000
tqa197,2,-0.513919
tqa197,3,-0.448856
tqa197,4,-0.480081
tqa197,5,-33.500000
tqa197,6,-0.512950
tqa197,7,-0.418125
tqa197,8,-0.360514
tqa197,9,-36.000000
tqa197,10,-0.515488
tqa197,11,-0.515488
tqa197,12,-0.448856
tqa197,13,-0.454656
tqa197,14,-34.000000
tqa197,15,-0.513135
tqa197,16,-0.484772
tqa197,17,-0.485482
tqa197,18,-35.875000
tqa197,19,-0.422447
tqa197,20,-37.812500
tqa197,21,-0.413457
tqa197,22,-0.413457
tqa197,23,-0.506621
tqa197,24,-0.479290
tqa197,25,-35.312500
tqa197,26,-0.510090
tqa197,27,-0.480585
tqa197,28,-36.562500
tqa197,29,-0.481888
tqa197,30,-0.507127
tqa197,31,-0.481888
tqa197,32,-0.449802
tqa197,33,-0.419123
tqa197,34,-37.000000
tqa197,35,-0.478528
tqa197,36,-37.875000
tqa197,37,-0.413190
tqa197,38,-34.375000
tqa197,39,-36.625000
tqa197,40,-0.515323
tqa197,41,-0.515568
tqa197,42,-0.482668
tqa197,43,-33.125000
tqa197,44,-37.000000
tqa197,45,-0.451562
tqa197,46,-0.423752
tqa197,47,-0.422506
tqa197,48,-0.512956
tqa197,49,-0.452622
tqa197,50,-0.512581
tqa197,51,-36.000000
tqa197,52,-36.312500
tqa197,53,-0.383757
tqa197,54,-0.512950
tqa197,55,-0.481709
tqa197,56,-0.454001
tqa197,57,-0.511647
tqa197,58,-22.875000
tqa197,59,-0.509423
tqa197,60,-0.414567
tqa197,61,-36.187500
tqa197,62,-0.381230
tqa197,63,-0.258421
tqa198,0,-0.518284
tqa198,1,-0.512308
tqa198,2,-34.250000
tqa198,3,-0.514623
tqa198,4,-36.500000
tqa198,5,-0.543106
tqa198,6,-0.515359
tqa198,7,-0.543282
tqa198,8,-0.513260
tqa198,9,-35.375000
tqa198,10,-0.514188
tqa198,11,-0.513263
tqa198,12,-0.513253
tqa198,13,-0.479842
tqa198,14,-0.509769
tqa198,15,-36.062500
tqa198,16,-27.875000
tqa198,17,-0.547516
tqa198,18,-0.577201
tqa198,19,-0.576366
tqa198,20,-0.386441
tqa198,21,-37.437500
tqa198,22,-38.187500
tqa198,23,-0.254983
tqa198,24,-0.510519
tqa198,25,-0.573487
tqa198,26,-24.125000
tqa198,27,-0.573487
tqa198,28,-0.452836
tqa198,29,-0.485004
tqa198,30,-0.514622
tqa198,31,-35.375000
tqa198,32,-0.165079
tqa198,33,-0.548003
tqa198,34,-0.543935
tqa198,35,-37.375000
tqa198,36,-37.250000
tqa198,37,-0.507531
tqa198,38,-0.449080
tqa198,39,-0.479424
tqa198,40,-37.875000
tqa198,41,-0.449269
tqa198,42,-0.513253
tqa198,43,-0.570868
tqa198,44,26.500000
tqa198,45,-37.000000
tqa198,46,26.500000
tqa198,47,26.500000
tqa198,48,-0.573487
tqa198,49,-0.573332
tqa198,50,-0.512571
tqa198,51,-32.000000
tqa198,52,-0.573994
tqa198,53,-0.544103
tqa198,54,-34.000000
tqa198,55,-0.511856
tqa198,56,-0.514623
tqa198,57,-26.625000
tqa198,58,-0.390976
tqa198,59,-36.500000
tqa198,60,-37.562500
tqa198,61,-0.513268
tqa198,62,-0.226119
tqa198,63,-0.512308
tqa199,0,-0.451277
tqa199,1,-0.451277
tqa199,2,-0.008688
tqa199,3,-31.500000
tqa199,4,-0.358129
tqa199,5,-0.389385
tqa199,6,-0.358129
tqa199,7,-24.500000
tqa199,8,-0.451277
tqa199,9,-0.226846
tqa199,10,-32.375000
tqa199,11,-0.451277
tqa199,12,-0.353981
tqa199,13,-0.385717
tqa199,14,-0.295656
tqa199,15,-33.625000
tqa199,16,-0.483589
tqa199,17,-25.125000
tqa199,18,-0.072587
tqa199,19,-0.483589
tqa199,20,-18.250000
tqa199,21,-0.230699
tqa199,22,10.500000
tqa199,23,-0.482004
tqa199,24,-0.483589
tqa199,25,-0.483589
tqa199,26,-0.483589
tqa199,27,-27.500000
tqa199,28,-0.451277
tqa199,29,-0.451277
tqa199,30,-31.375000
tqa199,31,-0.447432
tqa199,32,-0.451277
tqa199,33,-0.389238
tqa199,34,-36.687500
tqa199,35,-0.451277
tqa199,36,-29.625000
tqa199,37,-0.358129
tqa199,38,-0.322271
tqa199,39,-0.358129
tqa199,40,-0.486256
tqa199,41,-35.375000
tqa199,42,-0.486256
tqa199,43,-0.486256
tqa199,44,24.500000
tqa199,45,24.500000
tqa199,46,24.500000
tqa199,47,24.500000
tqa199,48,-0.012843
tqa199,49,-0.483589
tqa199,50,-0.483589
tqa199,51,-28.500000
tqa199,52,-0.266175
tqa199,53,-0.356116
tqa199,54,-34.625000
tqa199,55,-0.359216
tqa199,56,24.500000
tqa199,57,24.500000
tqa199,58,24.500000
tqa199,59,24.500000
tqa199,60,-0.448666
tqa199,61,-0.139011
tqa199,62,-0.448666
tqa199,63,-16.375000
tqa200,0,-0.324626
tqa200,1,-0.071088
tqa200,2,-0.476379
tqa200,3,-35.000000
tqa200,4,-0.477302
tqa200,5,-37.250000
tqa200,6,-0.446580
tqa200,7,-0.506999
tqa200,8,-0.255239
tqa200,9,-37.812500
tqa200,10,-0.348488
tqa200,11,-36.500000
tqa200,12,-0.351599
tqa200,13,-0.351599
tqa200,14,-0.074250
tqa200,15,-35.937500
tqa200,16,-0.449092
tqa200,17,-0.480862
tqa200,18,-0.068997
tqa200,19,-33.125000
tqa200,20,-32.250000
tqa200,21,-0.384772
tqa200,22,-0.415997
tqa200,23,-0.326753
tqa200,24,-0.258034
tqa200,25,-8.874988
tqa200,26,-0.290039
tqa200,27,-0.194736
tqa200,28,-0.446710
tqa200,29,-0.444511
tqa200,30,-36.062500
tqa200,31,-0.416576
tqa200,32,-0.444895
tqa200,33,-35.875000
tqa200,34,-0.415191
tqa200,35,-0.447396
tqa200,36,-0.377935
tqa200,37,-0.346971
tqa200,38,-0.347196
tqa200,39,-35.000000
tqa200,40,-35.812500
tqa200,41,-0.452600
tqa200,42,-0.481791
tqa200,43,-0.448674
tqa200,44,-34.125000
tqa200,45,-0.480683
tqa200,46,-0.451468
tqa200,47,-0.451881
tqa200,48,-0.450939
tqa200,49,-35.812500
tqa200,50,-0.512674
tqa200,51,-0.511336
tqa200,52,-37.437500
tqa200,53,-37.437500
tqa200,54,-0.315070
tqa200,55,-0.347196
tqa200,56,-0.132920
tqa200,57,-37.687500
tqa200,58,-0.508558
tqa200,59,-0.447269
tqa200,60,-35.125000
tqa200,61,-0.477437
tqa200,62,-0.321078
tqa200,63,-0.506999
tqa201,0,-36.250000
tqa201,1,-0.449989
tqa201,2,-0.478081
tqa201,3,-0.356441
tqa201,4,-0.572416
tqa201,5,-0.542267
tqa201,6,-28.500000
tqa201,7,-0.514617
tqa201,8,-0.573837
tqa201,9,-36.250000
tqa201,10,-0.573837
tqa201,11,-0.573837
tqa201,12,-32.750000
tqa201,13,-0.509057
tqa201,14,-0.509057
tqa201,15,-0.511774
tqa201,16,-0.512029
tqa201,17,-30.500000
tqa201,18,-0.481990
tqa201,19,-0.483010
tqa201,20,-30.625000
tqa201,21,-0.509057
tqa201,22,-0.509057
tqa201,23,-0.196300
tqa201,24,-34.750000
tqa201,25,-0.417500
tqa201,26,-0.508442
tqa201,27,-0.537373
tqa201,28,-28.250000
tqa201,29,-28.250000
tqa201,30,-28.250000
tqa201,31,-28.250000
tqa201,32,-35.375000
tqa201,33,-0.328542
tqa201,34,-0.330709
tqa201,35,-0.452391
tqa201,36,7.750001
tqa201,37,-0.413143
tqa201,38,-0.325109
tqa201,39,-0.413143
tqa201,40,-0.604276
tqa201,41,-32.500000
tqa201,42,-0.605432
tqa201,43,-0.515501
tqa201,44,-24.625000
tqa201,45,-0.346991
tqa201,46,-0.346991
tqa201,47,-0.346991
tqa201,48,-0.325109
tqa201,49,-0.411283
tqa201,50,7.750001
tqa201,51,-0.413143
tqa201,52,-0.294146
tqa201,53,-0.450197
tqa201,54,-0.453998
tqa201,55,-32.500000
tqa201,56,-0.224605
tqa201,57,-33.625000
tqa201,58,-30.875000
tqa201,59,-0.573837
tqa201,60,-0.543931
tqa201,61,-0.602350
tqa201,62,-0.602350
tqa201,63,-34.750000
tqa202,0,-0.544381
tqa202,1,-37.500000
tqa202,2,-0.544189
tqa202,3,-0.541641
tqa202,4,-0.452621
tqa202,5,-0.422178
tqa202,6,-0.452621
tqa202,7,-31.375000
tqa202,8,-34.125000
tqa202,9,-0.514254
tqa202,10,-0.515955
tqa202,11,-0.545707
tqa202,12,-0.483204
tqa202,13,-0.484088
tqa202,14,-0.291470
tqa202,15,-35.125000
tqa202,16,-34.125000
tqa202,17,-0.420696
tqa202,18,-0.391021
tqa202,19,-0.166236
tqa202,20,-0.514241
tqa202,21,-36.000000
tqa202,22,-0.513829
tqa202,23,-0.511314
tqa202,24,-0.101487
tqa202,25,-0.230870
tqa202,26,-38.437500
tqa202,27,-0.196437
tqa202,28,-0.286550
tqa202,29,-0.292783
tqa202,30,-0.545095
tqa202,31,-31.500000
tqa202,32,-32.375000
tqa202,33,-35.750000
tqa202,34,-32.375000
tqa202,35,-32.375000
tqa202,36,-37.312500
tqa202,37,-34.750000
tqa202,38,-0.452621
tqa202,39,-0.424249
tqa202,40,-28.000000
tqa202,41,-0.196468
tqa202,42,-0.610182
tqa202,43,-0.161090
tqa202,44,-35.125000
tqa202,45,-0.457146
tqa202,46,-34.000000
tqa202,47,-36.625000
tqa202,48,-0.420502
tqa202,49,-32.500000
tqa202,50,-0.453211
tqa202,51,-0.421738
tqa202,52,-33.625000
tqa202,53,-0.255980
tqa202,54,-0.513131
tqa202,55,-0.224456
tqa202,56,-35.750000
tqa202,57,-0.450436
tqa202,58,-0.482987
tqa202,59,-0.482790
tqa202,60,-36.875000
tqa202,61,-0.450062
tqa202,62,-0.452389
tqa202,63,-0.452608
tqa203,0,-0.450174
tqa203,1,0.625017
tqa203,2,-0.454479
tqa203,3,-0.510821
tqa203,4,-0.454252
tqa203,5,-0.484244
tqa203,6,-0.484258
tqa203,7,-37.375000
tqa203,8,-34.000000
tqa203,9,-0.482009
tqa203,10,-32.125000
tqa203,11,-0.197162
tqa203,12,-0.456257
tqa203,13,-37.000000
tqa203,14,-0.516752
tqa203,15,-0.514839
tqa203,16,-0.514839
tqa203,17,-0.513052
tqa203,18,-0.512301
tqa203,19,-37.750000
tqa203,20,-35.437500
tqa203,21,-0.512043
tqa203,22,-0.514275
tqa203,23,-20.500000
tqa203,24,-0.513449
tqa203,25,-0.513671
tqa203,26,-0.513454
tqa203,27,-36.500000
tqa203,28,-35.187500
tqa203,29,-0.482418
tqa203,30,-0.292875
tqa203,31,-0.450770
tqa203,32,-0.292666
tqa203,33,-0.512296
tqa203,34,-36.625000
tqa203,35,-0.321983
tqa203,36,-0.159272
tqa203,37,-0.450165
tqa203,38,-36.687500
tqa203,39,-0.448425
tqa203,40,-0.484264
tqa203,41,-0.449983
tqa203,42,-0.480530
tqa203,43,-37.500000
tqa203,44,-0.514054
tqa203,45,-0.485252
tqa203,46,-36.875000
tqa203,47,-0.514054
tqa203,48,-0.511007
tqa203,49,-11.999999
tqa203,50,-0.513058
tqa203,51,-0.512217
tqa203,52,-37.437500
tqa203,53,-0.417670
tqa203,54,-0.450558
tqa203,55,-0.480096
tqa203,56,-0.416907
tqa203,57,-36.812500
tqa203,58,-0.416754
tqa203,59,-0.387011
tqa203,60,-0.169635
tqa203,61,-0.480701
tqa203,62,-0.451271
tqa203,63,-36.250000
tqa204,0,-32.250000
tqa204,1,-0.543262
tqa204,2,-0.543262
tqa204,3,-0.543262
tqa204,4,23.875000
tqa204,5,23.875000
tqa204,6,-26.125000
tqa204,7,23.875000
tqa204,8,-0.477969
tqa204,9,-0.477969
tqa204,10,-0.096516
tqa204,11,-34.875000
tqa204,12,-0.508238
tqa204,13,-0.508238
tqa204,14,-0.508238
tqa204,15,-33.625000
tqa204,16,23.875000
tqa204,17,23.875000
tqa204,18,23.875000
tqa204,19,23.875000
tqa204,20,-0.477969
tqa204,21,-0.477969
tqa204,22,-28.125000
tqa204,23,-0.477969
tqa204,24,-0.477969
tqa204,25,-31.875000
tqa204,26,-0.226641
tqa204,27,-20.125000
tqa204,28,23.875000
tqa204,29,-12.124999
tqa204,30,-25.625000
tqa204,31,23.875000
tqa204,32,23.875000
tqa204,33,23.875000
tqa204,34,10.375000
tqa204,35,23.875000
tqa204,36,-0.477969
tqa204,37,-28.375000
tqa204,38,-0.506022
tqa204,39,-0.133434
tqa204,40,-0.508238
tqa204,41,-0.508238
tqa204,42,-22.125000
tqa204,43,-0.539732
tqa204,44,-0.508238
tqa204,45,-0.508238
tqa204,46,-34.750000
tqa204,47,-0.508238
tqa204,48,23.875000
tqa204,49,23.875000
tqa204,50,23.875000
tqa204,51,23.875000
tqa204,52,-0.446098
tqa204,53,-0.446098
tqa204,54,-0.446098
tqa204,55,-31.250000
tqa204,56,-6.999987
tqa204,57,23.875000
tqa204,58,23.875000
tqa204,59,13.500000
tqa204,60,-0.573502
tqa204,61,-0.573502
tqa204,62,-0.573502
tqa204,63,-28.000000
tqa205,0,-12.374997
tqa205,1,-0.227834
tqa205,2,-0.167686
tqa205,3,-12.374997
tqa205,4,0.125019
tqa205,5,0.125019
tqa205,6,-12.874998
tqa205,7,-12.874998
tqa205,8,-12.374997
tqa205,9,-12.374997
tqa205,10,-12.374997
tqa205,11,-0.227834
tqa205,12,-0.321847
tqa205,13,-0.136109
tqa205,14,-0.321847
tqa205,15,-36.375000
tqa205,16,0.000021
tqa205,17,0.000021
tqa205,18,-12.374997
tqa205,19,-0.167686
tqa205,20,-0.482819
tqa205,21,-0.482819
tqa205,22,-0.453003
tqa205,23,-17.625000
tqa205,24,-0.389933
tqa205,25,-0.511693
tqa205,26,-27.000000
tqa205,27,-0.513652
tqa205,28,-12.374997
tqa205,29,-0.227834
tqa205,30,-0.255438
tqa205,31,-12.374997
tqa205,32,-0.261439
tqa205,33,-0.261439
tqa205,34,-0.230022
tqa205,35,-11.749996
tqa205,36,-12.374997
tqa205,37,0.000021
tqa205,38,-12.374997
tqa205,39,-0.167686
tqa205,40,-0.475257
tqa205,41,-0.445135
tqa205,42,-0.414816
tqa205,43,-33.000000
tqa205,44,-0.136109
tqa205,45,-7.749982
tqa205,46,-0.136109
tqa205,47,-7.749982
tqa205,48,-0.227426
tqa205,49,-0.227834
tqa205,50,0.000021
tqa205,51,-0.167686
tqa205,52,-12.374997
tqa205,53,-0.227834
tqa205,54,-0.227834
tqa205,55,-0.227834
tqa205,56,-0.413892
tqa205,57,-0.474507
tqa205,58,-37.125000
tqa205,59,-0.413892
tqa205,60,-0.446331
tqa205,61,-30.875000
tqa205,62,-0.415788
tqa205,63,-0.446331
tqa206,0,21.500000
tqa206,1,-0.294841
tqa206,2,-0.294841
tqa206,3,-0.357018
tqa206,4,25.375000
tqa206,5,25.375000
tqa206,6,25.375000
tqa206,7,25.375000
tqa206,8,-0.484020
tqa206,9,-0.484020
tqa206,10,-0.484020
tqa206,11,-30.500000
tqa206,12,-0.516267
tqa206,13,-14.875000
tqa206,14,-0.542925
tqa206,15,-0.516267
tqa206,16,-0.416939
tqa206,17,-0.481425
tqa206,18,-32.000000
tqa206,19,-0.481425
tqa206,20,-0.516267
tqa206,21,-0.516267
tqa206,22,-0.516267
tqa206,23,-32.750000
tqa206,24,25.375000
tqa206,25,25.375000
tqa206,26,25.375000
tqa206,27,25.375000
tqa206,28,-0.418275
tqa206,29,-0.164951
tqa206,30,-0.418275
tqa206,31,-32.500000
tqa206,32,-0.519305
tqa206,33,-22.500000
tqa206,34,-0.519305
tqa206,35,-0.519305
tqa206,36,-0.418275
tqa206,37,-0.323193
tqa206,38,-38.125000
tqa206,39,-0.418275
tqa206,40,-0.484020
tqa206,41,-0.484020
tqa206,42,-24.000000
tqa206,43,-0.484020
tqa206,44,-0.484020
tqa206,45,-33.625000
tqa206,46,-0.484020
tqa206,47,-0.484020
tqa206,48,25.375000
tqa206,49,25.375000
tqa206,50,25.375000
tqa206,51,25.375000
tqa206,52,-0.484020
tqa206,53,-0.484020
tqa206,54,-12.250000
tqa206,55,-0.484020
tqa206,56,-0.484020
tqa206,57,-0.101817
tqa206,58,-0.484020
tqa206,59,-25.625000
tqa206,60,24.875000
tqa206,61,24.875000
tqa206,62,-0.319623
tqa206,63,24.875000
tqa207,0,-0.446996
tqa207,1,-0.478240
tqa207,2,-27.500000
tqa207,3,-0.478112
tqa207,4,-33.750000
tqa207,5,-0.444832
tqa207,6,-0.449710
tqa207,7,-0.418264
tqa207,8,-0.287784
tqa207,9,-2.124951
tqa207,10,-36.375000
tqa207,11,-0.104704
tqa207,12,-0.359313
tqa207,13,-22.750000
tqa207,14,21.375000
tqa207,15,-0.074572
tqa207,16,-0.444832
tqa207,17,-33.750000
tqa207,18,-0.416756
tqa207,19,-0.448325
tqa207,20,-0.450534
tqa207,21,-18.375000
tqa207,22,-0.448653
tqa207,23,-0.450345
tqa207,24,-0.449704
tqa207,25,-0.444832
tqa207,26,-0.444832
tqa207,27,-36.625000
tqa207,28,-27.750000
tqa207,29,-0.287784
tqa207,30,-0.287784
tqa207,31,-0.287784
tqa207,32,26.750000
tqa207,33,-0.325755
tqa207,34,-0.287784
tqa207,35,-0.287784
tqa207,36,-0.254482
tqa207,37,-5.374973
tqa207,38,-0.359313
tqa207,39,-0.359313
tqa207,40,-34.875000
tqa207,41,-33.000000
tqa207,42,-0.287784
tqa207,43,-0.287784
tqa207,44,-0.448012
tqa207,45,-0.448012
tqa207,46,-0.448012
tqa207,47,-36.500000
tqa207,48,-0.419683
tqa207,49,-0.415750
tqa207,50,-37.125000
tqa207,51,-27.500000
tqa207,52,-35.500000
tqa207,53,-0.254482
tqa207,54,-0.254482
tqa207,55,-0.359313
tqa207,56,-0.254847
tqa207,57,-0.254847
tqa207,58,-29.000000
tqa207,59,-0.254847
tqa207,60,-36.875000
tqa207,61,-0.385070
tqa207,62,-0.447865
tqa207,63,-0.448975
tqa208,0,-0.327648
tqa208,1,-34.500000
tqa208,2,-0.452631
tqa208,3,-0.453230
tqa208,4,-0.456049
tqa208,5,-0.391673
tqa208,6,-0.450252
tqa208,7,-33.875000
tqa208,8,-0.422680
tqa208,9,-0.454503
tqa208,10,-36.375000
tqa208,11,-0.482595
tqa208,12,-33.250000
tqa208,13,-0.224060
tqa208,14,-0.457366
tqa208,15,-0.454494
tqa208,16,-28.375000
tqa208,17,-0.234807
tqa208,18,-0.232366
tqa208,19,-0.072086
tqa208,20,-33.375000
tqa208,21,-0.453677
tqa208,22,-0.484538
tqa208,23,-0.453677
tqa208,24,-10.999997
tqa208,25,-0.261270
tqa208,26,-10.999997
tqa208,27,-0.395116
tqa208,28,-0.422680
tqa208,29,-35.562500
tqa208,30,-0.098390
tqa208,31,-0.486000
tqa208,32,-0.453471
tqa208,33,-0.456043
tqa208,34,-0.485997
tqa208,35,-18.250000
tqa208,36,-28.375000
tqa208,37,-28.375000
tqa208,38,-0.297062
tqa208,39,-0.257174
tqa208,40,-0.485995
tqa208,41,-0.421167
tqa208,42,-0.453697
tqa208,43,-12.625000
tqa208,44,-0.518739
tqa208,45,-0.518739
tqa208,46,-0.421302
tqa208,47,-32.125000
tqa208,48,-0.390142
tqa208,49,-25.375000
tqa208,50,-0.454494
tqa208,51,-33.500000
tqa208,52,-28.375000
tqa208,53,-28.375000
tqa208,54,-0.325292
tqa208,55,-0.234807
tqa208,56,-28.375000
tqa208,57,-0.325292
tqa208,58,-0.325292
tqa208,59,-0.232366
tqa208,60,-0.261256
tqa208,61,-0.072086
tqa208,62,-28.375000
tqa208,63,-0.072086
tqa209,0,-0.481234
tqa209,1,-0.513447
tqa209,2,-0.512128
tqa209,3,-29.125000
tqa209,4,-0.476982
tqa209,5,-30.250000
tqa209,6,-0.448505
tqa209,7,-0.099546
tqa209,8,-0.476982
tqa209,9,-0.448505
tqa209,10,-28.750000
tqa209,11,-0.448505
tqa209,12,-0.386662
tqa209,13,-0.386662
tqa209,14,-30.750000
tqa209,15,-0.387365
tqa209,16,-36.750000
tqa209,17,-0.444839
tqa209,18,-0.416147
tqa209,19,-0.069618
tqa209,20,-34.250000
tqa209,21,-0.296521
tqa209,22,-0.418093
tqa209,23,-0.386662
tqa209,24,-0.447877
tqa209,25,-34.687500
tqa209,26,-0.447877
tqa209,27,-0.509382
tqa209,28,-37.500000
tqa209,29,-0.384782
tqa209,30,-0.384782
tqa209,31,-0.387365
tqa209,32,-36.187500
tqa209,33,-0.417753
tqa209,34,-0.444839
tqa209,35,-0.416752
tqa209,36,-0.263188
tqa209,37,-35.625000
tqa209,38,-34.250000
tqa209,39,-26.125000
tqa209,40,-35.625000
tqa209,41,-0.263188
tqa209,42,-34.250000
tqa209,43,-35.000000
tqa209,44,-0.263188
tqa209,45,-34.250000
tqa209,46,-35.625000
tqa209,47,-0.263188
tqa209,48,-0.477963
tqa209,49,-35.187500
tqa209,50,-0.513050
tqa209,51,-0.513050
tqa209,52,-0.389241
tqa209,53,-0.415094
tqa209,54,-35.125000
tqa209,55,-0.417545
tqa209,56,-0.263188
tqa209,57,-34.250000
tqa209,58,-35.625000
tqa209,59,-0.263188
tqa209,60,-37.750000
tqa209,61,-0.386662
tqa209,62,-0.387365
tqa209,63,-0.156911
tqa210,0,-0.542260
tqa210,1,-0.542260
tqa210,2,-32.125000
tqa210,3,-0.541944
tqa210,4,-0.541944
tqa210,5,-32.500000
tqa210,6,-0.541944
tqa210,7,-0.329668
tqa210,8,23.625000
tqa210,9,23.625000
tqa210,10,23.625000
tqa210,11,23.625000
tqa210,12,23.625000
tqa210,13,23.625000
tqa210,14,23.625000
tqa210,15,23.625000
tqa210,16,-35.250000
tqa210,17,-0.479437
tqa210,18,-0.479437
tqa210,19,-0.479437
tqa210,20,-0.449161
tqa210,21,-0.449161
tqa210,22,-34.875000
tqa210,23,-0.416755
tqa210,24,23.625000
tqa210,25,23.625000
tqa210,26,23.625000
tqa210,27,23.625000
tqa210,28,23.625000
tqa210,29,23.625000
tqa210,30,23.625000
tqa210,31,23.625000
tqa210,32,23.625000
tqa210,33,23.625000
tqa210,34,23.625000
tqa210,35,23.625000
tqa210,36,-0.606627
tqa210,37,-29.750000
tqa210,38,-0.513988
tqa210,39,-0.513988
tqa210,40,-0.449161
tqa210,41,-0.449161
tqa210,42,-33.000000
tqa210,43,-0.196069
tqa210,44,-0.447964
tqa210,45,26.000000
tqa210,46,-0.447964
tqa210,47,-0.447964
tqa210,48,23.625000
tqa210,49,23.625000
tqa210,50,23.625000
tqa210,51,23.625000
tqa210,52,23.625000
tqa210,53,23.625000
tqa210,54,23.625000
tqa210,55,23.625000
tqa210,56,23.625000
tqa210,57,23.625000
tqa210,58,23.625000
tqa210,59,23.625000
tqa210,60,-0.547521
tqa210,61,-0.574814
tqa210,62,2.125005
tqa210,63,-0.574814
tqa211,0,-0.547529
tqa211,1,-0.124992
tqa211,2,-0.164817
tqa211,3,-0.164695
tqa211,4,-0.351653
tqa211,5,-0.478374
tqa211,6,-0.322902
tqa211,7,-11.124999
tqa211,8,-30.125000
tqa211,9,0.022918
tqa211,10,-0.356633
tqa211,11,-0.542597
tqa211,12,-0.543128
tqa211,13,-0.547529
tqa211,14,-10.000000
tqa211,15,-0.292124
tqa211,16,-28.125000
tqa211,17,-0.387901
tqa211,18,-0.572025
tqa211,19,-0.416362
tqa211,20,-0.393753
tqa211,21,-18.250000
tqa211,22,-0.576686
tqa211,23,-0.576686
tqa211,24,-0.483814
tqa211,25,-0.448341
tqa211,26,-30.375000
tqa211,27,-0.576686
tqa211,28,-0.574722
tqa211,29,-29.625000
tqa211,30,-0.574722
tqa211,31,-0.572025
tqa211,32,-0.545116
tqa211,33,-32.125000
tqa211,34,-0.605625
tqa211,35,-0.545116
tqa211,36,-0.196492
tqa211,37,-0.478581
tqa211,38,-0.545116
tqa211,39,-30.500000
tqa211,40,-0.545116
tqa211,41,-0.478855
tqa211,42,-0.605625
tqa211,43,-29.250000
tqa211,44,-0.547529
tqa211,45,-0.200006
tqa211,46,-0.547529
tqa211,47,-20.125000
tqa211,48,-0.547529
tqa211,49,-0.547529
tqa211,50,11.625000
tqa211,51,-0.510116
tqa211,52,-0.572025
tqa211,53,-32.375000
tqa211,54,-0.574722
tqa211,55,-0.572025
tqa211,56,-28.000000
tqa211,57,-0.576686
tqa211,58,0.014726
tqa211,59,-0.513069
tqa211,60,-4.749996
tqa211,61,-0.544494
tqa211,62,-0.544494
tqa211,63,-0.481721
tqa212,0,-17.000000
tqa212,1,-28.000000
tqa212,2,-0.165343
tqa212,3,-0.319935
tqa212,4,-32.375000
tqa212,5,-0.518539
tqa212,6,-0.485733
tqa212,7,-0.483438
tqa212,8,-30.750000
tqa212,9,-20.000000
tqa212,10,-0.456792
tqa212,11,-0.456792
tqa212,12,-28.000000
tqa212,13,-0.165343
tqa212,14,-28.000000
tqa212,15,-17.000000
tqa212,16,-0.165905
tqa212,17,-0.356062
tqa212,18,-0.348007
tqa212,19,-27.375000
tqa212,20,-0.295493
tqa212,21,-27.375000
tqa212,22,-27.375000
tqa212,23,-27.375000
tqa212,24,-36.500000
tqa212,25,-35.500000
tqa212,26,-0.445495
tqa212,27,-0.445988
tqa212,28,-35.000000
tqa212,29,-0.515569
tqa212,30,-0.483005
tqa212,31,-0.483005
tqa212,32,-0.043135
tqa212,33,-35.562500
tqa212,34,-0.514057
tqa212,35,-0.514057
tqa212,36,-0.450727
tqa212,37,-0.445862
tqa212,38,-0.450727
tqa212,39,-36.000000
tqa212,40,-0.517000
tqa212,41,-0.518008
tqa212,42,-34.125000
tqa212,43,-0.545718
tqa212,44,-32.875000
tqa212,45,-0.509923
tqa212,46,-0.445168
tqa212,47,-0.445168
tqa212,48,-0.511672
tqa212,49,-0.514465
tqa212,50,-37.250000
tqa212,51,-0.516254
tqa212,52,-0.482393
tqa212,53,-0.445495
tqa212,54,-0.445988
tqa212,55,-35.375000
tqa212,56,-32.250000
tqa212,57,-0.198284
tqa212,58,-0.198284
tqa212,59,25.875000
tqa212,60,-0.421155
tqa212,61,-0.516254
tqa212,62,-0.482995
tqa212,63,-34.500000
tqa213,0,3.000002
tqa213,1,-0.478517
tqa213,2,-0.293748
tqa213,3,-0.478517
tqa213,4,-0.105353
tqa213,5,-31.250000
tqa213,6,-0.417749
tqa213,7,-0.417749
tqa213,8,-0.389388
tqa213,9,-4.374996
tqa213,10,-35.125000
tqa213,11,-0.389388
tqa213,12,-0.516268
tqa213,13,-0.516268
tqa213,14,-30.625000
tqa213,15,-0.516268
tqa213,16,2.375017
tqa213,17,2.375017
tqa213,18,2.375017
tqa213,19,2.375017
tqa213,20,-0.874996
tqa213,21,-0.453933
tqa213,22,-0.453933
tqa213,23,-0.453933
tqa213,24,-0.514400
tqa213,25,3.125002
tqa213,26,-0.514400
tqa213,27,-0.514400
tqa213,28,-0.514400
tqa213,29,-0.514400
tqa213,30,-25.375000
tqa213,31,-0.514400
tqa213,32,-0.481611
tqa213,33,-0.481611
tqa213,34,-0.481611
tqa213,35,-31.125000
tqa213,36,-22.500000
tqa213,37,-0.514400
tqa213,38,-0.514400
tqa213,39,-0.514400
tqa213,40,2.375017
tqa213,41,2.375017
tqa213,42,2.375017
tqa213,43,2.375017
tqa213,44,-0.421124
tqa213,45,-29.125000
tqa213,46,-0.420278
tqa213,47,-0.420278
tqa213,48,-0.514400
tqa213,49,-0.514400
tqa213,50,-0.330178
tqa213,51,-31.000000
tqa213,52,2.375017
tqa213,53,2.375017
tqa213,54,2.375017
tqa213,55,2.375017
tqa213,56,-0.389388
tqa213,57,-30.250000
tqa213,58,-0.389388
tqa213,59,-0.389388
tqa213,60,2.375017
tqa213,61,2.375017
tqa213,62,2.375017
tqa213,63,2.375017
tqa214,0,-0.388114
tqa214,1,-0.388114
tqa214,2,-22.000000
tqa214,3,-0.417720
tqa214,4,-0.422231
tqa214,5,-37.312500
tqa214,6,-0.422231
tqa214,7,-37.312500
tqa214,8,-0.030147
tqa214,9,-0.504647
tqa214,10,-0.449675
tqa214,11,-9.999999
tqa214,12,-30.125000
tqa214,13,-0.326158
tqa214,14,-0.326158
tqa214,15,-0.166646
tqa214,16,21.625000
tqa214,17,22.375000
tqa214,18,22.375000
tqa214,19,-0.139889
tqa214,20,-0.422231
tqa214,21,-0.422231
tqa214,22,-0.422231
tqa214,23,-37.312500
tqa214,24,-0.417720
tqa214,25,-0.388114
tqa214,26,-0.382674
tqa214,27,-33.875000
tqa214,28,-31.625000
tqa214,29,-0.417720
tqa214,30,-0.416636
tqa214,31,-0.413039
tqa214,32,-0.449158
tqa214,33,-0.478013
tqa214,34,-28.625000
tqa214,35,-0.480237
tqa214,36,22.375000
tqa214,37,-0.139889
tqa214,38,-0.139889
tqa214,39,-28.375000
tqa214,40,-0.422231
tqa214,41,-37.312500
tqa214,42,-0.327125
tqa214,43,-0.327125
tqa214,44,-37.312500
tqa214,45,-0.422231
tqa214,46,-0.422231
tqa214,47,-0.357615
tqa214,48,22.375000
tqa214,49,-0.139889
tqa214,50,-0.290066
tqa214,51,22.375000
tqa214,52,-19.375000
tqa214,53,-0.479149
tqa214,54,-0.481688
tqa214,55,-0.479149
tqa214,56,-29.750000
tqa214,57,16.250000
tqa214,58,16.250000
tqa214,59,16.250000
tqa214,60,-0.481688
tqa214,61,-0.481688
tqa214,62,-29.750000
tqa214,63,-0.481688
tqa215,0,-0.576368
tqa215,1,-34.500000
tqa215,2,-0.576368
tqa215,3,-0.576368
tqa215,4,27.000000
tqa215,5,27.000000
tqa215,6,27.000000
tqa215,7,27.000000
tqa215,8,-0.568367
tqa215,9,-0.568367
tqa215,10,-0.568367
tqa215,11,-14.000000
tqa215,12,-0.568367
tqa215,13,-24.625000
tqa215,14,-0.568367
tqa215,15,-0.568367
tqa215,16,27.000000
tqa215,17,27.000000
tqa215,18,27.000000
tqa215,19,27.000000
tqa215,20,-0.415900
tqa215,21,-0.138265
tqa215,22,-32.125000
tqa215,23,-0.415900
tqa215,24,-0.475682
tqa215,25,-0.475682
tqa215,26,-29.875000
tqa215,27,-0.475682
tqa215,28,27.000000
tqa215,29,27.000000
tqa215,30,27.000000
tqa215,31,27.000000
tqa215,32,27.000000
tqa215,33,27.000000
tqa215,34,27.000000
tqa215,35,27.000000
tqa215,36,27.000000
tqa215,37,27.000000
tqa215,38,27.000000
tqa215,39,27.000000
tqa215,40,-0.415900
tqa215,41,-33.500000
tqa215,42,-0.415900
tqa215,43,-0.415900
tqa215,44,-0.475682
tqa215,45,-0.475682
tqa215,46,-35.187500
tqa215,47,-0.475682
tqa215,48,27.000000
tqa215,49,27.000000
tqa215,50,27.000000
tqa215,51,27.000000
tqa215,52,-0.099681
tqa215,53,-13.250000
tqa215,54,-0.107142
tqa215,55,-0.410156
tqa215,56,-35.875000
tqa215,57,-0.477588
tqa215,58,-0.477588
tqa215,59,-34.000000
tqa215,60,27.000000
tqa215,61,27.000000
tqa215,62,27.000000
tqa215,63,27.000000
tqa216,0,25.375000
tqa216,1,25.375000
tqa216,2,25.375000
tqa216,3,25.375000
tqa216,4,-0.450170
tqa216,5,-0.450170
tqa216,6,-0.450170
tqa216,7,-32.250000
tqa216,8,25.375000
tqa216,9,25.375000
tqa216,10,25.375000
tqa216,11,25.375000
tqa216,12,25.375000
tqa216,13,25.375000
tqa216,14,25.375000
tqa216,15,25.375000
tqa216,16,-0.513270
tqa216,17,-0.513270
tqa216,18,-0.513270
tqa216,19,-12.500000
tqa216,20,-0.450170
tqa216,21,-23.375000
tqa216,22,-0.450170
tqa216,23,0.053629
tqa216,24,-0.201284
tqa216,25,-0.450170
tqa216,26,-28.250000
tqa216,27,-0.450170
tqa216,28,25.375000
tqa216,29,25.375000
tqa216,30,25.375000
tqa216,31,25.375000
tqa216,32,-0.541055
tqa216,33,-0.449704
tqa216,34,-30.375000
tqa216,35,-0.358811
tqa216,36,-0.419712
tqa216,37,-9.000000
tqa216,38,-0.419712
tqa216,39,-0.419712
tqa216,40,25.375000
tqa216,41,25.375000
tqa216,42,25.375000
tqa216,43,25.375000
tqa216,44,-0.512032
tqa216,45,-27.250000
tqa216,46,-0.512032
tqa216,47,-0.512032
tqa216,48,-0.419712
tqa216,49,-24.875000
tqa216,50,-0.419712
tqa216,51,-0.419712
tqa216,52,-0.419712
tqa216,53,-28.625000
tqa216,54,-0.419712
tqa216,55,-0.419712
tqa216,56,25.375000
tqa216,57,25.375000
tqa216,58,25.375000
tqa216,59,25.375000
tqa216,60,25.375000
tqa216,61,25.375000
tqa216,62,25.375000
tqa216,63,25.375000
tqa217,0,27.750000
tqa217,1,27.750000
tqa217,2,27.750000
tqa217,3,27.750000
tqa217,4,-0.419087
tqa217,5,-0.419087
tqa217,6,-31.125000
tqa217,7,-0.419087
tqa217,8,27.750000
tqa217,9,27.750000
tqa217,10,27.750000
tqa217,11,27.750000
tqa217,12,27.750000
tqa217,13,27.750000
tqa217,14,27.750000
tqa217,15,27.750000
tqa217,16,-0.205973
tqa217,17,-0.419087
tqa217,18,-28.375000
tqa217,19,-0.419087
tqa217,20,-0.509098
tqa217,21,-36.625000
tqa217,22,-0.509098
tqa217,23,-0.509098
tqa217,24,-38.812500
tqa217,25,-0.416911
tqa217,26,-0.416911
tqa217,27,-0.097625
tqa217,28,27.750000
tqa217,29,27.750000
tqa217,30,27.750000
tqa217,31,27.750000
tqa217,32,-0.416911
tqa217,33,-31.875000
tqa217,34,-0.133146
tqa217,35,-0.416911
tqa217,36,-0.223960
tqa217,37,-0.449331
tqa217,38,-33.000000
tqa217,39,-0.449331
tqa217,40,-0.009062
tqa217,41,-33.125000
tqa217,42,-0.166449
tqa217,43,-0.416911
tqa217,44,-0.130445
tqa217,45,-0.130095
tqa217,46,-0.419087
tqa217,47,-28.625000
tqa217,48,-0.416911
tqa217,49,-31.125000
tqa217,50,-0.416911
tqa217,51,-0.191100
tqa217,52,27.750000
tqa217,53,27.750000
tqa217,54,27.750000
tqa217,55,27.750000
tqa217,56,27.750000
tqa217,57,27.750000
tqa217,58,27.750000
tqa217,59,27.750000
tqa217,60,-0.258181
tqa217,61,-0.258181
tqa217,62,-0.258181
tqa217,63,-31.875000
tqa218,0,-35.000000
tqa218,1,-0.452760
tqa218,2,-0.479733
tqa218,3,-36.750000
tqa218,4,-0.410262
tqa218,5,-0.355353
tqa218,6,-36.375000
tqa218,7,-37.312500
tqa218,8,-0.484013
tqa218,9,-37.125000
tqa218,10,-0.513649
tqa218,11,-0.479585
tqa218,12,-0.410262
tqa218,13,-36.375000
tqa218,14,-0.440699
tqa218,15,-0.410262
tqa218,16,-36.375000
tqa218,17,-36.375000
tqa218,18,-0.410262
tqa218,19,-36.375000
tqa218,20,-0.421076
tqa218,21,-0.421076
tqa218,22,-30.500000
tqa218,23,-0.482610
tqa218,24,-0.410262
tqa218,25,-36.375000
tqa218,26,-36.375000
tqa218,27,-36.375000
tqa218,28,-0.450546
tqa218,29,-0.484013
tqa218,30,-35.312500
tqa218,31,-0.479585
tqa218,32,-37.312500
tqa218,33,-0.410262
tqa218,34,-36.375000
tqa218,35,-36.375000
tqa218,36,-0.355353
tqa218,37,-0.355353
tqa218,38,-36.375000
tqa218,39,-0.440699
tqa218,40,-35.812500
tqa218,41,-0.453226
tqa218,42,-0.512200
tqa218,43,-0.453226
tqa218,44,-36.437500
tqa218,45,-36.437500
tqa218,46,-36.437500
tqa218,47,-36.437500
tqa218,48,-0.440699
tqa218,49,-37.312500
tqa218,50,-0.355353
tqa218,51,-36.375000
tqa218,52,-0.452994
tqa218,53,-0.513649
tqa218,54,-0.452994
tqa218,55,-37.062500
tqa218,56,-36.437500
tqa218,57,-36.437500
tqa218,58,-36.437500
tqa218,59,-37.437500
tqa218,60,-29.250000
tqa218,61,-0.452765
tqa218,62,-0.452771
tqa218,63,-0.480589
tqa219,0,16.000000
tqa219,1,16.000000
tqa219,2,16.000000
tqa219,3,16.000000
tqa219,4,-0.104436
tqa219,5,-0.415486
tqa219,6,-0.357012
tqa219,7,-6.874995
tqa219,8,-0.547510
tqa219,9,-34.625000
tqa219,10,-0.547510
tqa219,11,-0.547510
tqa219,12,16.000000
tqa219,13,16.000000
tqa219,14,16.000000
tqa219,15,16.000000
tqa219,16,16.000000
tqa219,17,-32.000000
tqa219,18,-32.000000
tqa219,19,16.000000
tqa219,20,-0.445628
tqa219,21,-0.325002
tqa219,22,-0.445628
tqa219,23,0.375004
tqa219,24,-30.625000
tqa219,25,-0.417924
tqa219,26,-0.099361
tqa219,27,-0.417924
tqa219,28,0.018967
tqa219,29,-32.500000
tqa219,30,-0.387837
tqa219,31,-0.417924
tqa219,32,16.000000
tqa219,33,16.000000
tqa219,34,16.000000
tqa219,35,16.000000
tqa219,36,-35.625000
tqa219,37,-0.415486
tqa219,38,-0.385508
tqa219,39,-0.415486
tqa219,40,16.000000
tqa219,41,16.000000
tqa219,42,16.000000
tqa219,43,16.000000
tqa219,44,-0.543797
tqa219,45,-0.543797
tqa219,46,-31.250000
tqa219,47,-0.543797
tqa219,48,-0.415486
tqa219,49,-0.415486
tqa219,50,-0.005623
tqa219,51,-27.625000
tqa219,52,16.000000
tqa219,53,16.000000
tqa219,54,16.000000
tqa219,55,16.000000
tqa219,56,-34.000000
tqa219,57,-0.445628
tqa219,58,-0.445628
tqa219,59,-0.445628
tqa219,60,-0.543797
tqa219,61,-18.250000
tqa219,62,-0.544653
tqa219,63,-0.544653
tqa220,0,-0.353420
tqa220,1,-0.258816
tqa220,2,-31.625000
tqa220,3,-0.260237
tqa220,4,-31.250000
tqa220,5,-31.250000
tqa220,6,-31.250000
tqa220,7,-0.349123
tqa220,8,-0.260237
tqa220,9,-31.625000
tqa220,10,-0.260237
tqa220,11,-0.260237
tqa220,12,-31.250000
tqa220,13,-37.062500
tqa220,14,-31.250000
tqa220,15,-31.250000
tqa220,16,-31.250000
tqa220,17,-0.482904
tqa220,18,-0.349123
tqa220,19,-31.250000
tqa220,20,-28.000000
tqa220,21,-0.513335
tqa220,22,-0.513335
tqa220,23,-0.513335
tqa220,24,-0.513335
tqa220,25,-0.482087
tqa220,26,-28.000000
tqa220,27,-0.513335
tqa220,28,-0.514702
tqa220,29,-0.517272
tqa220,30,-25.750000
tqa220,31,-0.514702
tqa220,32,-0.513335
tqa220,33,-0.513335
tqa220,34,-28.000000
tqa220,35,-0.447907
tqa220,36,-0.513335
tqa220,37,-0.513335
tqa220,38,-28.000000
tqa220,39,-0.447907
tqa220,40,-0.450078
tqa220,41,-0.450078
tqa220,42,-34.625000
tqa220,43,-0.450078
tqa220,44,-37.062500
tqa220,45,-36.125000
tqa220,46,-31.250000
tqa220,47,-35.000000
tqa220,48,-31.250000
tqa220,49,-31.250000
tqa220,50,-31.250000
tqa220,51,-31.250000
tqa220,52,-31.250000
tqa220,53,-31.250000
tqa220,54,-0.359024
tqa220,55,-31.250000
tqa220,56,-0.260237
tqa220,57,-31.625000
tqa220,58,-32.125000
tqa220,59,-0.355785
tqa220,60,-31.250000
tqa220,61,-0.322742
tqa220,62,-31.250000
tqa220,63,-31.250000
tqa221,0,-0.476392
tqa221,1,-0.476392
tqa221,2,5.625000
tqa221,3,-0.476392
tqa221,4,-0.299017
tqa221,5,-22.625000
tqa221,6,-23.875000
tqa221,7,-0.478225
tqa221,8,-0.295448
tqa221,9,-0.509772
tqa221,10,-0.509772
tqa221,11,-17.250000
tqa221,12,-0.545230
tqa221,13,-24.750000
tqa221,14,-0.545230
tqa221,15,-0.544709
tqa221,16,-33.625000
tqa221,17,-0.545230
tqa221,18,-0.545230
tqa221,19,-0.545230
tqa221,20,-0.135624
tqa221,21,-12.499996
tqa221,22,-0.135624
tqa221,23,-0.135624
tqa221,24,-0.573347
tqa221,25,-0.513063
tqa221,26,-0.573347
tqa221,27,-23.125000
tqa221,28,-0.135624
tqa221,29,-0.135624
tqa221,30,20.000000
tqa221,31,-0.225823
tqa221,32,-0.135624
tqa221,33,-0.135624
tqa221,34,20.875000
tqa221,35,-0.135624
tqa221,36,-0.542434
tqa221,37,-0.545230
tqa221,38,-0.545230
tqa221,39,-34.250000
tqa221,40,-22.125000
tqa221,41,-0.572906
tqa221,42,-0.572906
tqa221,43,-0.538831
tqa221,44,-0.509772
tqa221,45,-24.750000
tqa221,46,-0.509772
tqa221,47,-0.261446
tqa221,48,-30.125000
tqa221,49,-0.572906
tqa221,50,-0.540028
tqa221,51,-0.572906
tqa221,52,-20.250000
tqa221,53,-0.542937
tqa221,54,-0.542937
tqa221,55,-0.542937
tqa221,56,-0.478225
tqa221,57,-0.447735
tqa221,58,-0.133079
tqa221,59,-34.750000
tqa221,60,17.875000
tqa221,61,17.875000
tqa221,62,17.875000
tqa221,63,17.875000
tqa222,0,-0.353532
tqa222,1,-36.500000
tqa222,2,-0.234942
tqa222,3,-22.875000
tqa222,4,-0.451534
tqa222,5,-0.481873
tqa222,6,-0.480916
tqa222,7,-32.750000
tqa222,8,22.750000
tqa222,9,-0.424794
tqa222,10,-0.390495
tqa222,11,26.000000
tqa222,12,-0.416946
tqa222,13,-35.250000
tqa222,14,-0.165207
tqa222,15,-0.015559
tqa222,16,-0.510691
tqa222,17,-30.750000
tqa222,18,-0.326984
tqa222,19,-0.449148
tqa222,20,-0.450808
tqa222,21,-0.393250
tqa222,22,-0.419565
tqa222,23,-35.500000
tqa222,24,-19.625000
tqa222,25,-0.359307
tqa222,26,-0.360405
tqa222,27,-0.360637
tqa222,28,-37.187500
tqa222,29,-0.360157
tqa222,30,-0.360405
tqa222,31,-0.067459
tqa222,32,-0.382798
tqa222,33,-9.750000
tqa222,34,-0.266249
tqa222,35,-0.420482
tqa222,36,-0.360405
tqa222,37,-14.250000
tqa222,38,-0.361224
tqa222,39,-0.325912
tqa222,40,-35.187500
tqa222,41,-0.126479
tqa222,42,-0.359115
tqa222,43,-0.378004
tqa222,44,-32.625000
tqa222,45,-0.416260
tqa222,46,-0.510238
tqa222,47,-0.478834
tqa222,48,-0.357368
tqa222,49,-26.500000
tqa222,50,0.020865
tqa222,51,-34.625000
tqa222,52,-33.625000
tqa222,53,-34.750000
tqa222,54,-19.875000
tqa222,55,-0.355383
tqa222,56,-0.101095
tqa222,57,-17.000000
tqa222,58,0.028440
tqa222,59,0.206101
tqa222,60,-0.383037
tqa222,61,-0.445916
tqa222,62,-22.625000
tqa222,63,-0.480956
tqa223,0,-33.250000
tqa223,1,-35.000000
tqa223,2,-0.477744
tqa223,3,-36.250000
tqa223,4,-36.125000
tqa223,5,-0.291418
tqa223,6,-0.291418
tqa223,7,-0.259932
tqa223,8,-0.483000
tqa223,9,-0.322407
tqa223,10,-0.385524
tqa223,11,-37.187500
tqa223,12,-0.480224
tqa223,13,-34.375000
tqa223,14,-0.289503
tqa223,15,-0.506997
tqa223,16,-0.541340
tqa223,17,-33.250000
tqa223,18,-0.511312
tqa223,19,-0.540244
tqa223,20,-36.562500
tqa223,21,-37.625000
tqa223,22,-24.875000
tqa223,23,-0.321447
tqa223,24,-38.312500
tqa223,25,-0.540261
tqa223,26,-0.510234
tqa223,27,-0.159305
tqa223,28,-0.510234
tqa223,29,-34.500000
tqa223,30,-0.510986
tqa223,31,-0.420100
tqa223,32,-0.508871
tqa223,33,-0.222896
tqa223,34,-36.562500
tqa223,35,-0.540244
tqa223,36,-0.355557
tqa223,37,-0.418061
tqa223,38,-0.386301
tqa223,39,-36.000000
tqa223,40,-0.325735
tqa223,41,-0.478983
tqa223,42,-33.750000
tqa223,43,-0.477886
tqa223,44,-0.355941
tqa223,45,-0.418997
tqa223,46,-35.000000
tqa223,47,-0.355942
tqa223,48,-0.131595
tqa223,49,-0.415920
tqa223,50,-36.687500
tqa223,51,-0.446904
tqa223,52,-0.511477
tqa223,53,-0.541478
tqa223,54,-35.062500
tqa223,55,-0.260861
tqa223,56,-36.125000
tqa223,57,-0.540115
tqa223,58,-0.163054
tqa223,59,-0.189012
tqa223,60,-37.562500
tqa223,61,-0.479733
tqa223,62,-0.508612
tqa223,63,-36.187500
tqa224,0,-0.134578
tqa224,1,-0.134578
tqa224,2,-32.500000
tqa224,3,-32.500000
tqa224,4,26.500000
tqa224,5,26.500000
tqa224,6,26.500000
tqa224,7,26.500000
tqa224,8,26.500000
tqa224,9,-31.500000
tqa224,10,-31.500000
tqa224,11,-34.750000
tqa224,12,-0.448745
tqa224,13,-28.375000
tqa224,14,-0.448745
tqa224,15,-0.448745
tqa224,16,-31.500000
tqa224,17,26.500000
tqa224,18,26.500000
tqa224,19,26.500000
tqa224,20,-0.134578
tqa224,21,-0.134578
tqa224,22,-35.750000
tqa224,23,-0.134578
tqa224,24,-0.390770
tqa224,25,-0.390770
tqa224,26,-0.390770
tqa224,27,-33.375000
tqa224,28,-33.750000
tqa224,29,-0.388968
tqa224,30,-0.388968
tqa224,31,-0.388968
tqa224,32,-0.134578
tqa224,33,-32.500000
tqa224,34,-0.134578
tqa224,35,-32.500000
tqa224,36,-0.134578
tqa224,37,-0.134578
tqa224,38,-32.500000
tqa224,39,-0.134578
tqa224,40,26.500000
tqa224,41,26.500000
tqa224,42,26.500000
tqa224,43,26.500000
tqa224,44,-37.562500
tqa224,45,-0.134578
tqa224,46,-0.134578
tqa224,47,-0.134578
tqa224,48,-35.875000
tqa224,49,-0.134578
tqa224,50,-0.134578
tqa224,51,-0.134578
tqa224,52,-0.291416
tqa224,53,-0.291416
tqa224,54,-0.291416
tqa224,55,-27.250000
tqa224,56,-0.134578
tqa224,57,-0.134578
tqa224,58,-0.134578
tqa224,59,-35.625000
tqa224,60,-0.392538
tqa224,61,-0.392538
tqa224,62,-37.312500
tqa224,63,-0.392538
tqa225,0,-1.624953
tqa225,1,-0.288631
tqa225,2,-0.415272
tqa225,3,-0.292022
tqa225,4,-0.483431
tqa225,5,-0.543552
tqa225,6,-23.625000
tqa225,7,-0.480427
tqa225,8,-37.750000
tqa225,9,-0.417499
tqa225,10,-0.388983
tqa225,11,-0.322781
tqa225,12,-0.477239
tqa225,13,-0.416156
tqa225,14,-35.625000
tqa225,15,-0.446725
tqa225,16,-0.476205
tqa225,17,-0.416609
tqa225,18,-36.750000
tqa225,19,-0.510352
tqa225,20,-0.321825
tqa225,21,-22.375000
tqa225,22,-0.261598
tqa225,23,6.500002
tqa225,24,-33.375000
tqa225,25,-0.351017
tqa225,26,-33.375000
tqa225,27,-0.386090
tqa225,28,-0.165258
tqa225,29,-33.375000
tqa225,30,-0.351358
tqa225,31,-0.418746
tqa225,32,-0.511502
tqa225,33,-34.500000
tqa225,34,-0.539737
tqa225,35,-0.512300
tqa225,36,-39.187500
tqa225,37,-0.508231
tqa225,38,-0.479745
tqa225,39,-0.509227
tqa225,40,-0.262786
tqa225,41,-0.289778
tqa225,42,-28.625000
tqa225,43,-0.420914
tqa225,44,-0.420641
tqa225,45,-0.453059
tqa225,46,-0.417586
tqa225,47,-35.375000
tqa225,48,-0.477755
tqa225,49,-0.137472
tqa225,50,-0.317624
tqa225,51,-5.374950
tqa225,52,-0.479156
tqa225,53,-0.571376
tqa225,54,-36.000000
tqa225,55,-0.509655
tqa225,56,-0.417744
tqa225,57,-0.192604
tqa225,58,-0.477612
tqa225,59,-33.375000
tqa225,60,-34.875000
tqa225,61,-0.299308
tqa225,62,-0.226798
tqa225,63,-0.453059
tqa226,0,-36.125000
tqa226,1,-36.125000
tqa226,2,-36.125000
tqa226,3,-36.125000
tqa226,4,-36.125000
tqa226,5,-36.125000
tqa226,6,-36.875000
tqa226,7,-36.125000
tqa226,8,-0.449148
tqa226,9,-37.187500
tqa226,10,-0.450153
tqa226,11,-35.625000
tqa226,12,-0.289251
tqa226,13,-31.750000
tqa226,14,-0.512566
tqa226,15,-0.445294
tqa226,16,-36.250000
tqa226,17,-0.191518
tqa226,18,-0.572447
tqa226,19,-0.321855
tqa226,20,-19.000000
tqa226,21,-0.544287
tqa226,22,-0.544287
tqa226,23,-0.544287
tqa226,24,-0.482167
tqa226,25,-0.482167
tqa226,26,-32.750000
tqa226,27,-0.482167
tqa226,28,-0.542549
tqa226,29,-0.544287
tqa226,30,-36.437500
tqa226,31,-0.544287
tqa226,32,-0.314041
tqa226,33,-0.514816
tqa226,34,-0.511843
tqa226,35,-32.375000
tqa226,36,-31.125000
tqa226,37,-0.478561
tqa226,38,-0.542089
tqa226,39,-0.542089
tqa226,40,-0.360259
tqa226,41,-0.542089
tqa226,42,-0.542089
tqa226,43,-35.875000
tqa226,44,-31.375000
tqa226,45,-0.450153
tqa226,46,-0.450153
tqa226,47,-0.450153
tqa226,48,-0.162947
tqa226,49,-35.875000
tqa226,50,-0.320383
tqa226,51,-0.482167
tqa226,52,-33.750000
tqa226,53,-0.482167
tqa226,54,-0.198035
tqa226,55,-0.482167
tqa226,56,-25.375000
tqa226,57,-0.572447
tqa226,58,-0.250624
tqa226,59,-0.507673
tqa226,60,-0.479252
tqa226,61,-0.450153
tqa226,62,-28.750000
tqa226,63,-0.450153
tqa227,0,-0.385715
tqa227,1,-32.750000
tqa227,2,-0.448932
tqa227,3,-0.480013
tqa227,4,21.125000
tqa227,5,21.125000
tqa227,6,21.125000
tqa227,7,21.125000
tqa227,8,-33.625000
tqa227,9,-0.513457
tqa227,10,-0.483025
tqa227,11,-0.106266
tqa227,12,-33.750000
tqa227,13,-0.040065
tqa227,14,0.114537
tqa227,15,-0.479279
tqa227,16,-0.480273
tqa227,17,-35.250000
tqa227,18,-0.452394
tqa227,19,-0.480443
tqa227,20,-0.392555
tqa227,21,-0.389474
tqa227,22,-0.389474
tqa227,23,-33.750000
tqa227,24,-0.165620
tqa227,25,-37.125000
tqa227,26,-0.224133
tqa227,27,-0.165620
tqa227,28,21.125000
tqa227,29,21.125000
tqa227,30,21.125000
tqa227,31,21.125000
tqa227,32,-0.194623
tqa227,33,-0.480013
tqa227,34,-0.234562
tqa227,35,-31.125000
tqa227,36,-0.483025
tqa227,37,-0.482602
tqa227,38,-0.421410
tqa227,39,-34.562500
tqa227,40,-0.420889
tqa227,41,-0.420889
tqa227,42,-0.420889
tqa227,43,7.375001
tqa227,44,21.125000
tqa227,45,21.125000
tqa227,46,-3.749965
tqa227,47,21.125000
tqa227,48,21.125000
tqa227,49,21.125000
tqa227,50,21.125000
tqa227,51,-3.749965
tqa227,52,21.125000
tqa227,53,21.125000
tqa227,54,21.125000
tqa227,55,21.125000
tqa227,56,-0.452394
tqa227,57,-36.875000
tqa227,58,-0.480273
tqa227,59,-0.299477
tqa227,60,-36.250000
tqa227,61,-0.072218
tqa227,62,-0.136112
tqa227,63,-0.136112
tqa228,0,5.000003
tqa228,1,5.000003
tqa228,2,5.000003
tqa228,3,5.000003
tqa228,4,-31.500000
tqa228,5,-0.545535
tqa228,6,-0.545535
tqa228,7,-0.545535
tqa228,8,5.000003
tqa228,9,5.000003
tqa228,10,5.750002
tqa228,11,5.000003
tqa228,12,-0.108421
tqa228,13,-0.545535
tqa228,14,2.000002
tqa228,15,-0.482821
tqa228,16,2.250002
tqa228,17,-0.546988
tqa228,18,-0.546988
tqa228,19,-0.546988
tqa228,20,-0.483013
tqa228,21,-0.513837
tqa228,22,-0.480243
tqa228,23,-31.000000
tqa228,24,-0.484546
tqa228,25,-32.625000
tqa228,26,-0.454493
tqa228,27,-0.269185
tqa228,28,-0.196192
tqa228,29,-0.196192
tqa228,30,-0.164556
tqa228,31,-7.874985
tqa228,32,-0.515810
tqa228,33,-0.389711
tqa228,34,-0.515733
tqa228,35,-28.375000
tqa228,36,-0.512567
tqa228,37,-0.164830
tqa228,38,-0.512567
tqa228,39,4.875001
tqa228,40,-0.362919
tqa228,41,-0.483163
tqa228,42,-30.500000
tqa228,43,-0.481643
tqa228,44,-0.511586
tqa228,45,-0.511248
tqa228,46,-35.375000
tqa228,47,-0.511586
tqa228,48,-4.374997
tqa228,49,-0.542418
tqa228,50,-0.572896
tqa228,51,-0.542418
tqa228,52,-0.515733
tqa228,53,-0.450655
tqa228,54,-0.514697
tqa228,55,-28.625000
tqa228,56,-0.545535
tqa228,57,-28.625000
tqa228,58,-0.543121
tqa228,59,-0.545535
tqa228,60,7.875000
tqa228,61,-0.234084
tqa228,62,-0.515733
tqa228,63,-0.514697
tqa229,0,-0.624987
tqa229,1,-0.624987
tqa229,2,-0.624987
tqa229,3,-32.250000
tqa229,4,-33.000000
tqa229,5,-0.448842
tqa229,6,-0.449011
tqa229,7,-0.075676
tqa229,8,-0.624987
tqa229,9,-0.624987
tqa229,10,-0.624987
tqa229,11,-0.624987
tqa229,12,4.750003
tqa229,13,-0.136434
tqa229,14,-0.136434
tqa229,15,-0.136434
tqa229,16,-0.624987
tqa229,17,-0.624987
tqa229,18,-0.624987
tqa229,19,-2.374985
tqa229,20,-0.448842
tqa229,21,-23.875000
tqa229,22,-0.448842
tqa229,23,-0.383982
tqa229,24,-0.265791
tqa229,25,8.125001
tqa229,26,-0.265791
tqa229,27,-0.265791
tqa229,28,8.125001
tqa229,29,-0.265791
tqa229,30,-0.265791
tqa229,31,-0.265791
tqa229,32,4.750003
tqa229,33,-0.137498
tqa229,34,-0.136434
tqa229,35,-0.136434
tqa229,36,-0.624987
tqa229,37,-0.624987
tqa229,38,-0.624987
tqa229,39,-0.624987
tqa229,40,-0.543653
tqa229,41,-0.543653
tqa229,42,-31.750000
tqa229,43,-0.543653
tqa229,44,-0.516202
tqa229,45,-28.750000
tqa229,46,-0.484253
tqa229,47,-0.484253
tqa229,48,-32.375000
tqa229,49,-0.543653
tqa229,50,-0.543653
tqa229,51,-0.543653
tqa229,52,-26.875000
tqa229,53,-0.543653
tqa229,54,-0.484332
tqa229,55,-0.543653
tqa229,56,-0.136434
tqa229,57,-0.136434
tqa229,58,4.750003
tqa229,59,-0.136434
tqa229,60,-2.499977
tqa229,61,-0.136434
tqa229,62,-0.136434
tqa229,63,-0.136434
tqa230,0,-33.250000
tqa230,1,-0.478809
tqa230,2,-0.478809
tqa230,3,-32.000000
tqa230,4,-0.417590
tqa230,5,-35.000000
tqa230,6,-0.477840
tqa230,7,-0.417590
tqa230,8,-29.500000
tqa230,9,-0.386943
tqa230,10,-0.417590
tqa230,11,-0.417590
tqa230,12,-32.625000
tqa230,13,-0.478809
tqa230,14,-0.478809
tqa230,15,-0.382710
tqa230,16,-0.384420
tqa230,17,-0.478668
tqa230,18,-36.000000
tqa230,19,-0.415392
tqa230,20,-0.386662
tqa230,21,-0.386662
tqa230,22,-34.250000
tqa230,23,-0.386662
tqa230,24,-0.329481
tqa230,25,-16.500000
tqa230,26,-0.099885
tqa230,27,-0.477865
tqa230,28,-0.542419
tqa230,29,-9.749999
tqa230,30,-0.542419
tqa230,31,-0.542419
tqa230,32,-0.478809
tqa230,33,-0.478809
tqa230,34,-17.750000
tqa230,35,-0.035320
tqa230,36,-22.250000
tqa230,37,-0.417590
tqa230,38,-0.222311
tqa230,39,-0.477840
tqa230,40,-0.481230
tqa230,41,-28.875000
tqa230,42,-0.481230
tqa230,43,-0.447872
tqa230,44,27.500000
tqa230,45,27.500000
tqa230,46,27.500000
tqa230,47,27.500000
tqa230,48,-0.418611
tqa230,49,-0.418611
tqa230,50,-34.250000
tqa230,51,-0.418611
tqa230,52,-0.196071
tqa230,53,-0.196071
tqa230,54,27.500000
tqa230,55,-0.196071
tqa230,56,-0.173486
tqa230,57,-0.386662
tqa230,58,-13.000000
tqa230,59,-0.417071
tqa230,60,-35.437500
tqa230,61,0.055112
tqa230,62,-32.000000
tqa230,63,-31.125000
tqa231,0,-0.387656
tqa231,1,-0.385199
tqa231,2,-35.687500
tqa231,3,-0.098156
tqa231,4,-0.481427
tqa231,5,-0.447567
tqa231,6,-0.480696
tqa231,7,-17.750000
tqa231,8,-0.165826
tqa231,9,-29.375000
tqa231,10,-0.228621
tqa231,11,-0.228621
tqa231,12,-0.171124
tqa231,13,-0.384478
tqa231,14,-32.500000
tqa231,15,-0.171150
tqa231,16,-34.562500
tqa231,17,-0.446210
tqa231,18,-0.448185
tqa231,19,-0.444708
tqa231,20,-0.417098
tqa231,21,-35.125000
tqa231,22,-0.262115
tqa231,23,-0.417098
tqa231,24,22.250000
tqa231,25,-0.199388
tqa231,26,19.750000
tqa231,27,22.250000
tqa231,28,-0.417098
tqa231,29,-31.375000
tqa231,30,-5.624998
tqa231,31,-0.414947
tqa231,32,-25.750000
tqa231,33,-0.542101
tqa231,34,-0.448030
tqa231,35,-0.512125
tqa231,36,-33.250000
tqa231,37,-0.447122
tqa231,38,-0.481427
tqa231,39,-7.749998
tqa231,40,-0.478960
tqa231,41,-30.875000
tqa231,42,-30.125000
tqa231,43,-0.481427
tqa231,44,-0.515340
tqa231,45,-0.515340
tqa231,46,-30.875000
tqa231,47,-0.481814
tqa231,48,-0.387652
tqa231,49,-33.125000
tqa231,50,-0.355762
tqa231,51,-0.388029
tqa231,52,-0.383337
tqa231,53,-0.448185
tqa231,54,4.250001
tqa231,55,-0.069347
tqa231,56,-34.375000
tqa231,57,-0.448185
tqa231,58,-0.478661
tqa231,59,-0.448185
tqa231,60,7.375000
tqa231,61,-0.517760
tqa231,62,-0.576363
tqa231,63,-0.485021
tqa232,0,-0.381405
tqa232,1,-34.125000
tqa232,2,-0.380345
tqa232,3,-0.381405
tqa232,4,-0.534477
tqa232,5,-0.506712
tqa232,6,-0.505348
tqa232,7,-9.874999
tqa232,8,-30.500000
tqa232,9,-30.500000
tqa232,10,-3.249939
tqa232,11,-15.499999
tqa232,12,-0.411525
tqa232,13,-35.875000
tqa232,14,-0.381405
tqa232,15,-0.201488
tqa232,16,-0.477607
tqa232,17,-31.125000
tqa232,18,-0.478683
tqa232,19,-0.447435
tqa232,20,-0.505348
tqa232,21,-0.535719
tqa232,22,-32.875000
tqa232,23,-0.505433
tqa232,24,-15.499999
tqa232,25,-15.499999
tqa232,26,-3.249939
tqa232,27,-15.499999
tqa232,28,-0.357013
tqa232,29,-33.250000
tqa232,30,-0.475465
tqa232,31,-0.475465
tqa232,32,-15.499999
tqa232,33,-30.500000
tqa232,34,-15.499999
tqa232,35,-38.250000
tqa232,36,-0.443449
tqa232,37,-0.443449
tqa232,38,-35.437500
tqa232,39,-0.443449
tqa232,40,-0.443449
tqa232,41,-33.000000
tqa232,42,-0.413390
tqa232,43,-0.443449
tqa232,44,-15.499999
tqa232,45,-15.499999
tqa232,46,-30.500000
tqa232,47,-30.500000
tqa232,48,-0.412765
tqa232,49,-28.500000
tqa232,50,-0.412952
tqa232,51,-0.412952
tqa232,52,-0.412952
tqa232,53,-0.384521
tqa232,54,-0.381215
tqa232,55,-33.375000
tqa232,56,-31.625000
tqa232,57,-0.412765
tqa232,58,-0.412765
tqa232,59,-0.381215
tqa232,60,-0.505436
tqa232,61,-33.625000
tqa232,62,-0.505433
tqa232,63,-0.505436
tqa233,0,12.750000
tqa233,1,12.750000
tqa233,2,12.750000
tqa233,3,12.750000
tqa233,4,-0.262230
tqa233,5,-31.500000
tqa233,6,-0.262230
tqa233,7,-0.262230
tqa233,8,-0.417069
tqa233,9,-34.625000
tqa233,10,-0.480939
tqa233,11,-0.480939
tqa233,12,-0.134993
tqa233,13,-36.187500
tqa233,14,-0.134993
tqa233,15,-0.134993
tqa233,16,-24.750000
tqa233,17,-0.416147
tqa233,18,-0.416147
tqa233,19,-0.416147
tqa233,20,12.750000
tqa233,21,12.750000
tqa233,22,12.750000
tqa233,23,12.750000
tqa233,24,-34.312500
tqa233,25,-0.477190
tqa233,26,-0.448351
tqa233,27,-0.388977
tqa233,28,-25.625000
tqa233,29,-0.385193
tqa233,30,-0.385193
tqa233,31,-0.385193
tqa233,32,-0.134993
tqa233,33,-0.134993
tqa233,34,-0.134993
tqa233,35,21.375000
tqa233,36,21.375000
tqa233,37,-0.134993
tqa233,38,-0.134993
tqa233,39,-0.134993
tqa233,40,12.750000
tqa233,41,12.750000
tqa233,42,12.750000
tqa233,43,12.750000
tqa233,44,12.750000
tqa233,45,12.750000
tqa233,46,12.750000
tqa233,47,12.750000
tqa233,48,-0.482325
tqa233,49,-0.481248
tqa233,50,-0.482325
tqa233,51,-11.750000
tqa233,52,7.250000
tqa233,53,-0.449985
tqa233,54,-0.449985
tqa233,55,-0.449985
tqa233,56,-0.385193
tqa233,57,-0.069964
tqa233,58,-29.750000
tqa233,59,-0.385193
tqa233,60,-0.419471
tqa233,61,-0.419471
tqa233,62,-22.875000
tqa233,63,-0.419471
tqa234,0,-0.453053
tqa234,1,-35.125000
tqa234,2,-0.195837
tqa234,3,-0.479590
tqa234,4,-0.541190
tqa234,5,-0.541190
tqa234,6,-0.285398
tqa234,7,-35.500000
tqa234,8,-0.484944
tqa234,9,-0.512857
tqa234,10,-36.000000
tqa234,11,-0.163299
tqa234,12,-0.512484
tqa234,13,-36.875000
tqa234,14,-0.450552
tqa234,15,-0.512484
tqa234,16,-36.625000
tqa234,17,-0.541452
tqa234,18,-0.355802
tqa234,19,-0.482920
tqa234,20,-0.105466
tqa234,21,-0.195560
tqa234,22,-0.293560
tqa234,23,-15.500000
tqa234,24,-0.511339
tqa234,25,-0.513249
tqa234,26,-0.543464
tqa234,27,-37.125000
tqa234,28,-0.451164
tqa234,29,-33.125000
tqa234,30,-0.543464
tqa234,31,-0.133178
tqa234,32,-31.250000
tqa234,33,-0.297282
tqa234,34,-0.509660
tqa234,35,-35.437500
tqa234,36,-31.750000
tqa234,37,-0.039092
tqa234,38,-33.125000
tqa234,39,-0.509213
tqa234,40,-0.484694
tqa234,41,-0.478255
tqa234,42,-34.375000
tqa234,43,-0.509793
tqa234,44,-35.312500
tqa234,45,-0.132397
tqa234,46,-0.543464
tqa234,47,-0.543464
tqa234,48,-0.388256
tqa234,49,-0.540068
tqa234,50,-15.000000
tqa234,51,-0.450164
tqa234,52,-34.625000
tqa234,53,-0.259238
tqa234,54,-0.504778
tqa234,55,-0.447094
tqa234,56,-0.543464
tqa234,57,-0.193756
tqa234,58,-35.312500
tqa234,59,-0.543464
tqa234,60,-36.250000
tqa234,61,-0.098511
tqa234,62,-0.512484
tqa234,63,-0.541607
tqa235,0,-0.482004
tqa235,1,-0.484538
tqa235,2,-34.375000
tqa235,3,-0.480262
tqa235,4,24.625000
tqa235,5,24.625000
tqa235,6,24.625000
tqa235,7,24.625000
tqa235,8,13.500001
tqa235,9,-0.168045
tqa235,10,-0.168045
tqa235,11,-0.168045
tqa235,12,-0.007967
tqa235,13,-0.482406
tqa235,14,-0.447114
tqa235,15,-33.625000
tqa235,16,-33.625000
tqa235,17,-0.482406
tqa235,18,-0.482406
tqa235,19,-0.482004
tqa235,20,-0.414628
tqa235,21,-30.625000
tqa235,22,-0.449986
tqa235,23,-0.449986
tqa235,24,24.625000
tqa235,25,24.625000
tqa235,26,24.625000
tqa235,27,24.625000
tqa235,28,24.625000
tqa235,29,26.250000
tqa235,30,24.625000
tqa235,31,24.625000
tqa235,32,-32.125000
tqa235,33,-0.449444
tqa235,34,-0.477577
tqa235,35,-0.449444
tqa235,36,-0.545741
tqa235,37,-2.124998
tqa235,38,-0.512043
tqa235,39,-0.517250
tqa235,40,-0.517250
tqa235,41,0.250002
tqa235,42,-0.545741
tqa235,43,-0.517250
tqa235,44,24.625000
tqa235,45,24.625000
tqa235,46,24.625000
tqa235,47,24.625000
tqa235,48,24.625000
tqa235,49,24.625000
tqa235,50,24.625000
tqa235,51,24.625000
tqa235,52,24.625000
tqa235,53,24.625000
tqa235,54,24.625000
tqa235,55,24.625000
tqa235,56,-0.514058
tqa235,57,-0.514058
tqa235,58,-2.874998
tqa235,59,-0.514058
tqa235,60,24.625000
tqa235,61,24.625000
tqa235,62,26.250000
tqa235,63,26.250000
tqa236,0,-33.000000
tqa236,1,-0.513447
tqa236,2,-0.513447
tqa236,3,-0.874997
tqa236,4,26.375000
tqa236,5,26.375000
tqa236,6,27.750000
tqa236,7,27.750000
tqa236,8,-0.385530
tqa236,9,-28.000000
tqa236,10,-0.449617
tqa236,11,-0.449617
tqa236,12,-0.384643
tqa236,13,-0.384643
tqa236,14,-0.384643
tqa236,15,-35.625000
tqa236,16,-32.875000
tqa236,17,-0.449617
tqa236,18,-0.445151
tqa236,19,-0.448675
tqa236,20,27.750000
tqa236,21,27.750000
tqa236,22,26.375000
tqa236,23,27.750000
tqa236,24,-0.446464
tqa236,25,-0.446464
tqa236,26,-11.249999
tqa236,27,-0.474689
tqa236,28,-31.875000
tqa236,29,-0.515729
tqa236,30,-0.513447
tqa236,31,-0.513447
tqa236,32,-0.540491
tqa236,33,-16.625000
tqa236,34,-0.540491
tqa236,35,-0.540491
tqa236,36,-31.250000
tqa236,37,27.750000
tqa236,38,27.750000
tqa236,39,27.750000
tqa236,40,-32.625000
tqa236,41,-0.515729
tqa236,42,-0.481055
tqa236,43,0.023833
tqa236,44,-0.321012
tqa236,45,-0.263238
tqa236,46,-16.375000
tqa236,47,-0.412843
tqa236,48,-0.481244
tqa236,49,-0.481244
tqa236,50,-0.511514
tqa236,51,-35.875000
tqa236,52,-0.540491
tqa236,53,-0.540491
tqa236,54,-33.250000
tqa236,55,-0.134370
tqa236,56,-0.482004
tqa236,57,-29.625000
tqa236,58,-0.195177
tqa236,59,-0.449617
tqa236,60,-0.575754
tqa236,61,-0.575754
tqa236,62,-28.500000
tqa236,63,-0.575754
tqa237,0,-0.546825
tqa237,1,-0.546825
tqa237,2,-35.062500
tqa237,3,-0.511661
tqa237,4,-37.250000
tqa237,5,-0.290491
tqa237,6,-0.290491
tqa237,7,-37.312500
tqa237,8,-0.451944
tqa237,9,-0.424251
tqa237,10,-35.125000
tqa237,11,-0.451944
tqa237,12,-0.294713
tqa237,13,-37.062500
tqa237,14,-31.875000
tqa237,15,-0.261619
tqa237,16,-0.262506
tqa237,17,-0.362043
tqa237,18,-0.361957
tqa237,19,-31.375000
tqa237,20,-0.544197
tqa237,21,-0.516664
tqa237,22,-36.250000
tqa237,23,-0.576022
tqa237,24,-36.312500
tqa237,25,-0.545699
tqa237,26,-0.544570
tqa237,27,-0.516658
tqa237,28,-0.481700
tqa237,29,-0.482386
tqa237,30,-34.750000
tqa237,31,-0.382691
tqa237,32,-0.325380
tqa237,33,-0.335062
tqa237,34,-24.625000
tqa237,35,-0.362507
tqa237,36,-37.625000
tqa237,37,-0.363758
tqa237,38,-0.295448
tqa237,39,-0.295871
tqa237,40,-0.258838
tqa237,41,-0.323143
tqa237,42,-34.375000
tqa237,43,-0.290622
tqa237,44,-0.258825
tqa237,45,-0.291269
tqa237,46,-20.000000
tqa237,47,-0.229696
tqa237,48,-0.516268
tqa237,49,-0.543081
tqa237,50,-35.687500
tqa237,51,-0.130051
tqa237,52,-0.515574
tqa237,53,-36.750000
tqa237,54,-0.514464
tqa237,55,-0.451344
tqa237,56,-37.437500
tqa237,57,-0.422439
tqa237,58,-0.450056
tqa237,59,-0.451334
tqa237,60,-0.486148
tqa237,61,-36.750000
tqa237,62,-0.543804
tqa237,63,-0.454638
tqa238,0,-0.390140
tqa238,1,-0.390140
tqa238,2,-20.500000
tqa238,3,-0.390140
tqa238,4,-0.421376
tqa238,5,-0.390346
tqa238,6,-0.361501
tqa238,7,-31.625000
tqa238,8,-0.388442
tqa238,9,-0.420090
tqa238,10,-31.750000
tqa238,11,-0.422206
tqa238,12,-33.500000
tqa238,13,-0.387043
tqa238,14,-0.388451
tqa238,15,-0.391433
tqa238,16,-0.389061
tqa238,17,-0.389061
tqa238,18,-28.625000
tqa238,19,-0.295552
tqa238,20,-0.390563
tqa238,21,-33.000000
tqa238,22,-35.437500
tqa238,23,-0.422041
tqa238,24,-0.421819
tqa238,25,-0.262395
tqa238,26,-35.750000
tqa238,27,-0.328676
tqa238,28,-0.259932
tqa238,29,-14.124999
tqa238,30,-0.200964
tqa238,31,-0.074126
tqa238,32,-0.394955
tqa238,33,-34.250000
tqa238,34,-0.419904
tqa238,35,-0.391450
tqa238,36,-0.200964
tqa238,37,-0.257670
tqa238,38,-0.200964
tqa238,39,11.750000
tqa238,40,-0.422680
tqa238,41,-0.422680
tqa238,42,-31.125000
tqa238,43,-0.390979
tqa238,44,-0.198586
tqa238,45,-0.045930
tqa238,46,-9.624992
tqa238,47,-0.045930
tqa238,48,-0.201363
tqa238,49,-28.375000
tqa238,50,-0.393545
tqa238,51,-0.327403
tqa238,52,-0.389061
tqa238,53,-0.389061
tqa238,54,-0.096045
tqa238,55,-10.374999
tqa238,56,-0.393545
tqa238,57,-29.125000
tqa238,58,-32.625000
tqa238,59,-0.393545
tqa238,60,-0.266229
tqa238,61,-32.375000
tqa238,62,-31.125000
tqa238,63,-0.359121
tqa239,0,-0.422002
tqa239,1,-16.125000
tqa239,2,-0.516524
tqa239,3,-0.515068
tqa239,4,-0.450198
tqa239,5,-0.450198
tqa239,6,-0.422040
tqa239,7,-36.562500
tqa239,8,-0.387869
tqa239,9,-0.382357
tqa239,10,-32.875000
tqa239,11,-0.357733
tqa239,12,-0.455267
tqa239,13,-0.514085
tqa239,14,14.125000
tqa239,15,-0.517944
tqa239,16,-36.500000
tqa239,17,-36.500000
tqa239,18,-0.297054
tqa239,19,-0.749979
tqa239,20,-0.481062
tqa239,21,-0.450382
tqa239,22,-32.250000
tqa239,23,-0.450198
tqa239,24,-12.000000
tqa239,25,-0.359229
tqa239,26,-0.296762
tqa239,27,-0.356786
tqa239,28,-31.375000
tqa239,29,-0.423005
tqa239,30,-0.483586
tqa239,31,-0.513465
tqa239,32,-35.500000
tqa239,33,-0.261001
tqa239,34,-0.390027
tqa239,35,-0.388843
tqa239,36,-36.500000
tqa239,37,-0.106794
tqa239,38,-0.293040
tqa239,39,-0.297054
tqa239,40,-0.514085
tqa239,41,-3.749999
tqa239,42,-0.455715
tqa239,43,-0.455275
tqa239,44,22.625000
tqa239,45,-0.391042
tqa239,46,-0.358877
tqa239,47,-0.391285
tqa239,48,-0.419515
tqa239,49,-0.420442
tqa239,50,-0.419130
tqa239,51,-9.125000
tqa239,52,-0.137324
tqa239,53,-30.750000
tqa239,54,-0.447141
tqa239,55,-0.419130
tqa239,56,-0.385854
tqa239,57,-0.387130
tqa239,58,-37.875000
tqa239,59,-0.388452
tqa239,60,-13.249999
tqa239,61,-0.448038
tqa239,62,-0.385701
tqa239,63,-0.385701
tqa240,0,-34.000000
tqa240,1,-0.575259
tqa240,2,-0.575259
tqa240,3,-0.575259
tqa240,4,-33.250000
tqa240,5,-0.607376
tqa240,6,-0.543273
tqa240,7,-0.576986
tqa240,8,-0.539484
tqa240,9,-0.542730
tqa240,10,-34.250000
tqa240,11,-0.542730
tqa240,12,-0.667906
tqa240,13,-34.875000
tqa240,14,-0.667906
tqa240,15,-0.667906
tqa240,16,-35.250000
tqa240,17,-0.635667
tqa240,18,-0.193388
tqa240,19,-0.667906
tqa240,20,-33.375000
tqa240,21,-0.234311
tqa240,22,-0.234311
tqa240,23,-0.234311
tqa240,24,-0.578432
tqa240,25,-0.578432
tqa240,26,-32.375000
tqa240,27,-0.578432
tqa240,28,-0.637756
tqa240,29,-19.375000
tqa240,30,-0.637756
tqa240,31,-0.636489
tqa240,32,-0.579724
tqa240,33,-0.579724
tqa240,34,-0.579724
tqa240,35,-32.375000
tqa240,36,-35.625000
tqa240,37,-0.578432
tqa240,38,-0.578432
tqa240,39,-0.578432
tqa240,40,25.750000
tqa240,41,25.750000
tqa240,42,25.750000
tqa240,43,25.750000
tqa240,44,25.750000
tqa240,45,25.750000
tqa240,46,25.750000
tqa240,47,25.750000
tqa240,48,-0.414571
tqa240,49,-0.234311
tqa240,50,26.500000
tqa240,51,-0.234311
tqa240,52,25.750000
tqa240,53,25.750000
tqa240,54,25.750000
tqa240,55,25.750000
tqa240,56,-35.437500
tqa240,57,-0.416789
tqa240,58,-0.545284
tqa240,59,-0.545284
tqa240,60,-0.667906
tqa240,61,-30.375000
tqa240,62,-0.667906
tqa240,63,-0.667906
tqa241,0,-0.450258
tqa241,1,-0.445170
tqa241,2,-29.625000
tqa241,3,-0.481511
tqa241,4,-0.450637
tqa241,5,-18.750000
tqa241,6,-0.537738
tqa241,7,-0.138982
tqa241,8,-0.416977
tqa241,9,-37.312500
tqa241,10,-0.137342
tqa241,11,-0.418812
tqa241,12,-0.451024
tqa241,13,-0.420929
tqa241,14,-0.451223
tqa241,15,-34.312500
tqa241,16,-0.198927
tqa241,17,-36.500000
tqa241,18,-0.131516
tqa241,19,-0.358241
tqa241,20,-0.195956
tqa241,21,-35.750000
tqa241,22,-21.625000
tqa241,23,-0.324543
tqa241,24,-31.375000
tqa241,25,-0.447057
tqa241,26,-0.419013
tqa241,27,-0.384564
tqa241,28,-0.449682
tqa241,29,-0.451223
tqa241,30,-35.250000
tqa241,31,-0.422273
tqa241,32,-0.449343
tqa241,33,-0.416649
tqa241,34,-32.125000
tqa241,35,-0.451030
tqa241,36,-21.625000
tqa241,37,-0.192202
tqa241,38,-21.625000
tqa241,39,-21.625000
tqa241,40,-0.137763
tqa241,41,-0.449332
tqa241,42,-0.419580
tqa241,43,-36.875000
tqa241,44,-0.419316
tqa241,45,-18.125000
tqa241,46,-0.419316
tqa241,47,-0.389074
tqa241,48,-0.159558
tqa241,49,-33.000000
tqa241,50,-32.625000
tqa241,51,-0.417736
tqa241,52,-0.449348
tqa241,53,-0.449348
tqa241,54,-35.562500
tqa241,55,-0.481511
tqa241,56,-21.625000
tqa241,57,-0.390973
tqa241,58,-0.225180
tqa241,59,-0.384535
tqa241,60,-0.506122
tqa241,61,-0.477635
tqa241,62,-0.479151
tqa241,63,-35.937500
tqa242,0,-30.750000
tqa242,1,-0.541324
tqa242,2,-0.541324
tqa242,3,-0.541324
tqa242,4,-0.541945
tqa242,5,-0.102986
tqa242,6,-0.541945
tqa242,7,-25.000000
tqa242,8,-26.750000
tqa242,9,-0.512498
tqa242,10,-0.098972
tqa242,11,-0.477277
tqa242,12,-0.539052
tqa242,13,-0.538936
tqa242,14,-0.538936
tqa242,15,-26.375000
tqa242,16,26.125000
tqa242,17,26.125000
tqa242,18,26.125000
tqa242,19,26.125000
tqa242,20,-34.250000
tqa242,21,-0.512498
tqa242,22,-0.541945
tqa242,23,-0.512498
tqa242,24,-32.375000
tqa242,25,-32.500000
tqa242,26,-0.505339
tqa242,27,-0.476945
tqa242,28,-32.000000
tqa242,29,-0.542439
tqa242,30,-0.542439
tqa242,31,-0.542439
tqa242,32,-0.506329
tqa242,33,-0.506329
tqa242,34,-0.478978
tqa242,35,-31.375000
tqa242,36,-0.479288
tqa242,37,-33.750000
tqa242,38,-0.418137
tqa242,39,-0.041806
tqa242,40,-34.625000
tqa242,41,-0.506329
tqa242,42,-0.506329
tqa242,43,-0.506329
tqa242,44,23.625000
tqa242,45,23.625000
tqa242,46,-4.749959
tqa242,47,26.125000
tqa242,48,-28.875000
tqa242,49,-0.506329
tqa242,50,-0.506329
tqa242,51,-0.506329
tqa242,52,-35.250000
tqa242,53,-0.542439
tqa242,54,-33.500000
tqa242,55,-0.541324
tqa242,56,-0.543279
tqa242,57,-33.375000
tqa242,58,-0.543279
tqa242,59,-0.543279
tqa242,60,-0.478978
tqa242,61,-30.250000
tqa242,62,-0.506329
tqa242,63,-0.478978
tqa243,0,-0.383592
tqa243,1,-0.508856
tqa243,2,-35.875000
tqa243,3,-0.508856
tqa243,4,-0.414984
tqa243,5,-0.414984
tqa243,6,-35.437500
tqa243,7,-0.262044
tqa243,8,-32.000000
tqa243,9,-0.512497
tqa243,10,-0.512497
tqa243,11,-0.099449
tqa243,12,-0.478969
tqa243,13,-0.478969
tqa243,14,-33.000000
tqa243,15,-0.478125
tqa243,16,-0.414984
tqa243,17,-0.265734
tqa243,18,-36.000000
tqa243,19,-0.414984
tqa243,20,-0.261148
tqa243,21,-33.875000
tqa243,22,-0.133701
tqa243,23,-0.414984
tqa243,24,-10.124999
tqa243,25,0.053155
tqa243,26,-0.446632
tqa243,27,-0.447723
tqa243,28,-0.004484
tqa243,29,-0.004764
tqa243,30,-34.000000
tqa243,31,-0.509236
tqa243,32,-0.261697
tqa243,33,-0.199989
tqa243,34,-0.418453
tqa243,35,-34.750000
tqa243,36,-0.197852
tqa243,37,-35.250000
tqa243,38,-0.070052
tqa243,39,-0.414984
tqa243,40,-0.478969
tqa243,41,-28.125000
tqa243,42,-0.478969
tqa243,43,-25.000000
tqa243,44,-0.478969
tqa243,45,-0.478969
tqa243,46,-0.478969
tqa243,47,-32.250000
tqa243,48,0.375034
tqa243,49,19.125000
tqa243,50,19.125000
tqa243,51,19.125000
tqa243,52,-0.478969
tqa243,53,-0.478969
tqa243,54,-31.000000
tqa243,55,-0.478969
tqa243,56,-0.231925
tqa243,57,-34.500000
tqa243,58,0.150455
tqa243,59,-0.507133
tqa243,60,-22.750000
tqa243,61,-0.386156
tqa243,62,-0.418453
tqa243,63,-0.418453
tqa244,0,-0.321977
tqa244,1,-37.812500
tqa244,2,-0.354766
tqa244,3,-0.354766
tqa244,4,-36.937500
tqa244,5,-0.387204
tqa244,6,-0.201363
tqa244,7,-0.387575
tqa244,8,-0.357787
tqa244,9,-29.000000
tqa244,10,-0.385977
tqa244,11,-0.356680
tqa244,12,-37.312500
tqa244,13,-0.262130
tqa244,14,-0.014458
tqa244,15,-36.375000
tqa244,16,-0.415623
tqa244,17,-37.937500
tqa244,18,-0.416328
tqa244,19,-0.388629
tqa244,20,-0.203056
tqa244,21,-37.687500
tqa244,22,-0.203056
tqa244,23,-36.687500
tqa244,24,-0.388423
tqa244,25,-0.418993
tqa244,26,-28.375000
tqa244,27,-0.388237
tqa244,28,-0.418638
tqa244,29,-0.387030
tqa244,30,-36.625000
tqa244,31,-0.447451
tqa244,32,-0.387023
tqa244,33,-36.562500
tqa244,34,-0.355769
tqa244,35,-0.356122
tqa244,36,-0.416190
tqa244,37,-0.387560
tqa244,38,-0.388237
tqa244,39,-32.250000
tqa244,40,-37.187500
tqa244,41,-0.105836
tqa244,42,-36.625000
tqa244,43,-34.625000
tqa244,44,-0.328208
tqa244,45,-32.812500
tqa244,46,-0.261670
tqa244,47,-0.229270
tqa244,48,-0.388237
tqa244,49,-0.416034
tqa244,50,-0.388818
tqa244,51,-36.687500
tqa244,52,-31.375000
tqa244,53,-0.297758
tqa244,54,-0.388268
tqa244,55,-0.363483
tqa244,56,1.625018
tqa244,57,-0.105836
tqa244,58,-0.016588
tqa244,59,-0.104452
tqa244,60,-0.260222
tqa244,61,-0.360749
tqa244,62,-37.625000
tqa244,63,-0.264889
tqa245,0,-0.453523
tqa245,1,-0.486165
tqa245,2,-0.453523
tqa245,3,2.750001
tqa245,4,-0.515279
tqa245,5,-0.424809
tqa245,6,-30.250000
tqa245,7,-0.072145
tqa245,8,-0.542092
tqa245,9,-0.073205
tqa245,10,-36.000000
tqa245,11,-0.515279
tqa245,12,-31.875000
tqa245,13,-0.453523
tqa245,14,-0.299873
tqa245,15,-0.485005
tqa245,16,22.625000
tqa245,17,19.750000
tqa245,18,19.750000
tqa245,19,22.625000
tqa245,20,-0.515792
tqa245,21,-0.453523
tqa245,22,-0.485005
tqa245,23,-2.499998
tqa245,24,-0.453753
tqa245,25,-0.453523
tqa245,26,-0.453523
tqa245,27,-33.812500
tqa245,28,-0.482319
tqa245,29,-0.482319
tqa245,30,-30.875000
tqa245,31,-34.750000
tqa245,32,-0.544494
tqa245,33,-18.125000
tqa245,34,-0.515279
tqa245,35,-28.375000
tqa245,36,-0.453523
tqa245,37,-0.452613
tqa245,38,-30.500000
tqa245,39,-0.453523
tqa245,40,19.750000
tqa245,41,19.750000
tqa245,42,19.750000
tqa245,43,19.750000
tqa245,44,1.500002
tqa245,45,-0.485005
tqa245,46,-0.453523
tqa245,47,-27.750000
tqa245,48,-0.516495
tqa245,49,-27.875000
tqa245,50,-32.875000
tqa245,51,-0.200457
tqa245,52,22.625000
tqa245,53,19.750000
tqa245,54,19.750000
tqa245,55,19.750000
tqa245,56,19.750000
tqa245,57,22.625000
tqa245,58,19.750000
tqa245,59,19.750000
tqa245,60,-6.749999
tqa245,61,-0.514838
tqa245,62,-0.515803
tqa245,63,-0.515803
tqa246,0,-32.500000
tqa246,1,-0.172278
tqa246,2,-0.172278
tqa246,3,-0.358376
tqa246,4,-0.482578
tqa246,5,-31.625000
tqa246,6,-0.387029
tqa246,7,-0.482578
tqa246,8,22.875000
tqa246,9,-37.250000
tqa246,10,-0.201337
tqa246,11,22.875000
tqa246,12,-0.452409
tqa246,13,-0.447162
tqa246,14,-0.511002
tqa246,15,-32.750000
tqa246,16,24.250000
tqa246,17,24.250000
tqa246,18,24.250000
tqa246,19,-17.375000
tqa246,20,-0.417414
tqa246,21,-0.477502
tqa246,22,-0.447883
tqa246,23,-31.250000
tqa246,24,-7.874999
tqa246,25,-0.511002
tqa246,26,-0.450064
tqa246,27,-0.452409
tqa246,28,-0.417249
tqa246,29,-36.812500
tqa246,30,-0.451342
tqa246,31,-0.261015
tqa246,32,-0.419680
tqa246,33,-0.477502
tqa246,34,-0.417414
tqa246,35,-34.000000
tqa246,36,22.875000
tqa246,37,22.875000
tqa246,38,-0.201337
tqa246,39,-32.625000
tqa246,40,-0.420087
tqa246,41,-0.511002
tqa246,42,-0.511002
tqa246,43,-35.812500
tqa246,44,-0.172278
tqa246,45,-37.125000
tqa246,46,-0.358376
tqa246,47,-0.358376
tqa246,48,24.250000
tqa246,49,24.250000
tqa246,50,-17.375000
tqa246,51,24.250000
tqa246,52,-0.455796
tqa246,53,-35.125000
tqa246,54,-0.328534
tqa246,55,-0.455796
tqa246,56,-0.482578
tqa246,57,-0.422439
tqa246,58,-31.500000
tqa246,59,-0.390332
tqa246,60,-0.389675
tqa246,61,-0.390332
tqa246,62,-31.375000
tqa246,63,-0.482578
tqa247,0,-10.874996
tqa247,1,25.750000
tqa247,2,-0.074987
tqa247,3,25.750000
tqa247,4,-0.265057
tqa247,5,-0.420929
tqa247,6,-0.392227
tqa247,7,-33.750000
tqa247,8,-32.375000
tqa247,9,-0.514896
tqa247,10,-0.541327
tqa247,11,-0.484473
tqa247,12,4.000001
tqa247,13,-0.007006
tqa247,14,-0.388621
tqa247,15,-0.067203
tqa247,16,26.125000
tqa247,17,25.750000
tqa247,18,-0.074987
tqa247,19,26.125000
tqa247,20,18.125000
tqa247,21,-0.074403
tqa247,22,25.750000
tqa247,23,-0.074403
tqa247,24,-0.478987
tqa247,25,-30.250000
tqa247,26,-0.481132
tqa247,27,-0.480060
tqa247,28,-0.451754
tqa247,29,-34.125000
tqa247,30,-0.451754
tqa247,31,-0.008690
tqa247,32,-0.513451
tqa247,33,-0.514912
tqa247,34,-0.484944
tqa247,35,-34.000000
tqa247,36,-0.421513
tqa247,37,-32.000000
tqa247,38,-0.419896
tqa247,39,0.023850
tqa247,40,-0.266186
tqa247,41,-0.170716
tqa247,42,-0.293578
tqa247,43,3.625013
tqa247,44,-0.421736
tqa247,45,-0.419480
tqa247,46,-0.419480
tqa247,47,-29.750000
tqa247,48,-0.448834
tqa247,49,-2.249987
tqa247,50,-19.750000
tqa247,51,-0.423990
tqa247,52,-0.389895
tqa247,53,-0.232195
tqa247,54,-28.875000
tqa247,55,-0.392227
tqa247,56,-0.481142
tqa247,57,-0.515950
tqa247,58,-32.625000
tqa247,59,-0.388640
tqa247,60,-0.515950
tqa247,61,-0.481996
tqa247,62,-0.034554
tqa247,63,-29.500000
tqa248,0,-33.375000
tqa248,1,-0.327986
tqa248,2,-0.327986
tqa248,3,-0.322431
tqa248,4,-0.046382
tqa248,5,-31.250000
tqa248,6,-0.046382
tqa248,7,-0.048094
tqa248,8,-34.125000
tqa248,9,-0.420929
tqa248,10,-0.389673
tqa248,11,-0.420929
tqa248,12,-0.387301
tqa248,13,-0.419899
tqa248,14,-0.419899
tqa248,15,-14.500000
tqa248,16,11.875000
tqa248,17,11.875000
tqa248,18,11.875000
tqa248,19,-4.874964
tqa248,20,-0.235775
tqa248,21,-0.235775
tqa248,22,-0.235775
tqa248,23,-38.562500
tqa248,24,-30.750000
tqa248,25,-0.046161
tqa248,26,-0.046382
tqa248,27,-0.046382
tqa248,28,11.875000
tqa248,29,-0.137263
tqa248,30,11.875000
tqa248,31,11.875000
tqa248,32,-0.327986
tqa248,33,-35.437500
tqa248,34,-0.327986
tqa248,35,-0.327986
tqa248,36,-0.420867
tqa248,37,-0.357217
tqa248,38,-32.125000
tqa248,39,-0.420867
tqa248,40,-0.420929
tqa248,41,-0.420929
tqa248,42,-0.420929
tqa248,43,-33.875000
tqa248,44,-0.387021
tqa248,45,-0.295298
tqa248,46,-0.327986
tqa248,47,-35.500000
tqa248,48,-0.395684
tqa248,49,-0.425970
tqa248,50,-27.500000
tqa248,51,-0.369243
tqa248,52,-0.046382
tqa248,53,-0.046382
tqa248,54,-0.046382
tqa248,55,-30.750000
tqa248,56,11.875000
tqa248,57,-4.874964
tqa248,58,11.875000
tqa248,59,11.875000
tqa248,60,-0.360241
tqa248,61,-0.417924
tqa248,62,-0.358645
tqa248,63,-29.375000
tqa249,0,-0.419816
tqa249,1,-0.510536
tqa249,2,-0.419816
tqa249,3,-33.000000
tqa249,4,-0.447124
tqa249,5,-32.875000
tqa249,6,-0.447124
tqa249,7,-0.070799
tqa249,8,-0.447124
tqa249,9,-0.386532
tqa249,10,-0.449986
tqa249,11,-31.875000
tqa249,12,-31.000000
tqa249,13,-0.544510
tqa249,14,-0.327119
tqa249,15,-0.544510
tqa249,16,-0.544510
tqa249,17,-0.544510
tqa249,18,-0.544510
tqa249,19,-29.875000
tqa249,20,-0.449986
tqa249,21,-34.937500
tqa249,22,-0.357387
tqa249,23,-0.130841
tqa249,24,-0.511019
tqa249,25,-0.482136
tqa249,26,-0.482136
tqa249,27,-0.749998
tqa249,28,-0.449986
tqa249,29,-27.250000
tqa249,30,-0.449986
tqa249,31,-0.449986
tqa249,32,-0.449986
tqa249,33,-31.750000
tqa249,34,-0.447124
tqa249,35,-0.322598
tqa249,36,-0.388236
tqa249,37,-0.388236
tqa249,38,-33.375000
tqa249,39,-0.037112
tqa249,40,-0.105016
tqa249,41,-0.037193
tqa249,42,-30.500000
tqa249,43,-0.199271
tqa249,44,-0.070914
tqa249,45,-0.010076
tqa249,46,-0.356055
tqa249,47,-34.125000
tqa249,48,-0.167693
tqa249,49,-0.167693
tqa249,50,25.750000
tqa249,51,25.750000
tqa249,52,-0.447124
tqa249,53,-31.000000
tqa249,54,-0.095533
tqa249,55,-0.293568
tqa249,56,-0.360932
tqa249,57,20.875000
tqa249,58,-0.360932
tqa249,59,-0.357801
tqa249,60,-0.418569
tqa249,61,-0.478525
tqa249,62,-34.250000
tqa249,63,-0.478525
tqa250,0,-19.000000
tqa250,1,-0.513860
tqa250,2,-0.513657
tqa250,3,-0.513860
tqa250,4,-26.625000
tqa250,5,-0.006586
tqa250,6,-0.450748
tqa250,7,-0.450748
tqa250,8,-0.482794
tqa250,9,-10.499999
tqa250,10,-0.485502
tqa250,11,-0.485502
tqa250,12,-13.249999
tqa250,13,-13.249999
tqa250,14,-13.249999
tqa250,15,11.500000
tqa250,16,-0.160914
tqa250,17,-34.250000
tqa250,18,-0.512680
tqa250,19,-0.386191
tqa250,20,-0.166323
tqa250,21,-0.512858
tqa250,22,-32.250000
tqa250,23,-0.512858
tqa250,24,-0.285993
tqa250,25,20.125000
tqa250,26,-0.162080
tqa250,27,-0.162080
tqa250,28,-0.513657
tqa250,29,-0.513657
tqa250,30,-0.355619
tqa250,31,-29.375000
tqa250,32,-0.415275
tqa250,33,-0.512858
tqa250,34,-0.512858
tqa250,35,-36.437500
tqa250,36,11.500000
tqa250,37,11.500000
tqa250,38,11.500000
tqa250,39,-13.249999
tqa250,40,-13.249999
tqa250,41,17.875000
tqa250,42,11.500000
tqa250,43,11.500000
tqa250,44,11.500000
tqa250,45,11.500000
tqa250,46,17.875000
tqa250,47,-13.249999
tqa250,48,11.500000
tqa250,49,17.875000
tqa250,50,-13.249999
tqa250,51,11.500000
tqa250,52,-0.511001
tqa250,53,-0.512858
tqa250,54,-0.510835
tqa250,55,-6.249997
tqa250,56,-0.450748
tqa250,57,-31.000000
tqa250,58,-0.450748
tqa250,59,-0.416651
tqa250,60,-33.750000
tqa250,61,-0.544829
tqa250,62,-0.267685
tqa250,63,-0.543387
tqa251,0,-33.375000
tqa251,1,-0.451554
tqa251,2,-0.480608
tqa251,3,-0.508245
tqa251,4,-0.231074
tqa251,5,-33.125000
tqa251,6,-0.451763
tqa251,7,-0.451554
tqa251,8,-0.456240
tqa251,9,-24.500000
tqa251,10,-0.482809
tqa251,11,-0.482809
tqa251,12,-19.875000
tqa251,13,-0.484476
tqa251,14,-0.519019
tqa251,15,-0.517760
tqa251,16,-0.509664
tqa251,17,-0.456240
tqa251,18,-34.250000
tqa251,19,-0.510832
tqa251,20,-0.519019
tqa251,21,-32.625000
tqa251,22,-0.517760
tqa251,23,-0.170546
tqa251,24,27.250000
tqa251,25,-0.316995
tqa251,26,26.500000
tqa251,27,26.750000
tqa251,28,-0.449697
tqa251,29,-0.449352
tqa251,30,-30.250000
tqa251,31,-0.233595
tqa251,32,-0.450548
tqa251,33,-33.375000
tqa251,34,-0.234522
tqa251,35,-0.145705
tqa251,36,-0.508245
tqa251,37,-29.125000
tqa251,38,-34.000000
tqa251,39,-0.537557
tqa251,40,-0.266507
tqa251,41,-0.296092
tqa251,42,-0.388238
tqa251,43,-34.875000
tqa251,44,-22.750000
tqa251,45,-37.812500
tqa251,46,-0.203065
tqa251,47,-0.482809
tqa251,48,-0.482809
tqa251,49,-0.456240
tqa251,50,-0.482809
tqa251,51,-34.375000
tqa251,52,27.375000
tqa251,53,27.375000
tqa251,54,27.375000
tqa251,55,26.875000
tqa251,56,-31.125000
tqa251,57,-28.750000
tqa251,58,-0.482596
tqa251,59,-0.482384
tqa251,60,26.500000
tqa251,61,26.750000
tqa251,62,26.750000
tqa251,63,-0.256880
tqa252,0,-0.449275
tqa252,1,-0.449275
tqa252,2,-34.875000
tqa252,3,-0.449275
tqa252,4,-17.500000
tqa252,5,-0.477459
tqa252,6,-0.480171
tqa252,7,-0.419130
tqa252,8,-0.355417
tqa252,9,-12.499999
tqa252,10,-0.356405
tqa252,11,-0.356405
tqa252,12,-0.419272
tqa252,13,-0.356226
tqa252,14,-34.812500
tqa252,15,-0.385669
tqa252,16,-28.000000
tqa252,17,-0.449275
tqa252,18,-0.449275
tqa252,19,-0.449272
tqa252,20,0.048022
tqa252,21,-23.500000
tqa252,22,-0.045430
tqa252,23,-0.045430
tqa252,24,-0.510340
tqa252,25,-0.358781
tqa252,26,-0.449685
tqa252,27,-32.500000
tqa252,28,-0.543354
tqa252,29,-0.355983
tqa252,30,-0.543262
tqa252,31,-36.500000
tqa252,32,-0.356406
tqa252,33,-19.375000
tqa252,34,-0.332083
tqa252,35,-0.416915
tqa252,36,-0.383238
tqa252,37,-34.500000
tqa252,38,-0.414132
tqa252,39,-0.416462
tqa252,40,6.750002
tqa252,41,-0.226809
tqa252,42,-0.042633
tqa252,43,-0.042633
tqa252,44,-6.124973
tqa252,45,-31.250000
tqa252,46,6.875001
tqa252,47,6.875001
tqa252,48,-0.448483
tqa252,49,-0.358781
tqa252,50,-0.417928
tqa252,51,-33.875000
tqa252,52,-25.625000
tqa252,53,-0.170485
tqa252,54,12.500000
tqa252,55,-0.136559
tqa252,56,-0.419498
tqa252,57,-0.419498
tqa252,58,-0.450556
tqa252,59,-27.375000
tqa252,60,-0.197651
tqa252,61,-0.045430
tqa252,62,3.750011
tqa252,63,-0.045430
tqa253,0,26.000000
tqa253,1,26.000000
tqa253,2,26.000000
tqa253,3,26.000000
tqa253,4,26.000000
tqa253,5,26.000000
tqa253,6,26.000000
tqa253,7,26.000000
tqa253,8,-0.199633
tqa253,9,5.750000
tqa253,10,-0.542590
tqa253,11,-0.542590
tqa253,12,-0.512677
tqa253,13,-31.000000
tqa253,14,-0.542590
tqa253,15,-0.542590
tqa253,16,26.375000
tqa253,17,26.375000
tqa253,18,26.375000
tqa253,19,-0.326337
tqa253,20,-0.417749
tqa253,21,-33.500000
tqa253,22,-0.417749
tqa253,23,-0.231424
tqa253,24,-0.326337
tqa253,25,26.375000
tqa253,26,26.375000
tqa253,27,26.375000
tqa253,28,26.375000
tqa253,29,-0.326337
tqa253,30,26.375000
tqa253,31,26.375000
tqa253,32,-0.453691
tqa253,33,-0.165751
tqa253,34,-0.165751
tqa253,35,27.875000
tqa253,36,-0.515051
tqa253,37,-34.875000
tqa253,38,-0.515051
tqa253,39,-0.515051
tqa253,40,-0.577200
tqa253,41,-0.515975
tqa253,42,-0.577206
tqa253,43,-31.375000
tqa253,44,-0.515051
tqa253,45,-0.515051
tqa253,46,-0.515051
tqa253,47,-33.125000
tqa253,48,-0.165751
tqa253,49,-0.165751
tqa253,50,25.125000
tqa253,51,-0.165751
tqa253,52,-0.197895
tqa253,53,-0.006870
tqa253,54,-0.449986
tqa253,55,-33.125000
tqa253,56,-0.515051
tqa253,57,-0.515793
tqa253,58,-0.545319
tqa253,59,-29.625000
tqa253,60,-0.422230
tqa253,61,-35.625000
tqa253,62,-0.577200
tqa253,63,-0.577206
tqa254,0,-0.478668
tqa254,1,-0.510387
tqa254,2,-35.437500
tqa254,3,-0.478668
tqa254,4,-0.423509
tqa254,5,-0.482605
tqa254,6,-25.500000
tqa254,7,-0.455009
tqa254,8,-0.482605
tqa254,9,-31.500000
tqa254,10,-31.625000
tqa254,11,-0.006799
tqa254,12,-0.482010
tqa254,13,-0.544126
tqa254,14,-0.514277
tqa254,15,-34.000000
tqa254,16,-0.450276
tqa254,17,-33.375000
tqa254,18,-0.477771
tqa254,19,-0.509802
tqa254,20,22.625000
tqa254,21,-0.386618
tqa254,22,24.875000
tqa254,23,22.625000
tqa254,24,-0.451694
tqa254,25,-31.000000
tqa254,26,-0.452395
tqa254,27,-0.389629
tqa254,28,-0.454674
tqa254,29,-0.454674
tqa254,30,-0.453938
tqa254,31,-8.749988
tqa254,32,-0.546546
tqa254,33,-24.500000
tqa254,34,-0.482413
tqa254,35,-0.576374
tqa254,36,-33.500000
tqa254,37,-0.424278
tqa254,38,-0.483821
tqa254,39,-0.511856
tqa254,40,-33.000000
tqa254,41,-0.481824
tqa254,42,-0.256321
tqa254,43,-0.513660
tqa254,44,22.625000
tqa254,45,-0.104073
tqa254,46,-0.349278
tqa254,47,-0.318999
tqa254,48,25.750000
tqa254,49,-0.454674
tqa254,50,-0.454674
tqa254,51,-0.512873
tqa254,52,-0.454674
tqa254,53,-8.749988
tqa254,54,-0.454674
tqa254,55,-0.137667
tqa254,56,-0.325304
tqa254,57,-0.455712
tqa254,58,-0.325304
tqa254,59,16.000000
tqa254,60,-0.454674
tqa254,61,-0.422284
tqa254,62,-0.295506
tqa254,63,-7.874981
tqa255,0,-7.749980
tqa255,1,-17.750000
tqa255,2,-17.750000
tqa255,3,-17.750000
tqa255,4,-0.542440
tqa255,5,-0.541328
tqa255,6,-0.541328
tqa255,7,-35.375000
tqa255,8,-0.070683
tqa255,9,-17.750000
tqa255,10,-0.133563
tqa255,11,-0.072815
tqa255,12,-36.125000
tqa255,13,-0.138048
tqa255,14,-0.138048
tqa255,15,-0.351833
tqa255,16,-0.133563
tqa255,17,-0.255960
tqa255,18,-12.124998
tqa255,19,-0.070683
tqa255,20,-0.227326
tqa255,21,-0.541049
tqa255,22,-30.125000
tqa255,23,-0.540912
tqa255,24,-0.451766
tqa255,25,-0.511166
tqa255,26,-0.480086
tqa255,27,-32.125000
tqa255,28,-0.512497
tqa255,29,-0.573359
tqa255,30,-32.875000
tqa255,31,-0.512497
tqa255,32,-0.072815
tqa255,33,-0.133563
tqa255,34,-0.133563
tqa255,35,-12.124998
tqa255,36,-33.625000
tqa255,37,-0.535784
tqa255,38,-0.508439
tqa255,39,-0.476404
tqa255,40,-0.543386
tqa255,41,-0.542609
tqa255,42,-0.072675
tqa255,43,-26.250000
tqa255,44,-0.543386
tqa255,45,-0.540498
tqa255,46,-0.541328
tqa255,47,-35.437500
tqa255,48,-0.479294
tqa255,49,-0.479454
tqa255,50,-30.375000
tqa255,51,-0.223676
tqa255,52,-0.200356
tqa255,53,-0.173172
tqa255,54,-19.625000
tqa255,55,-0.479454
tqa255,56,-0.542440
tqa255,57,-0.542602
tqa255,58,-0.543209
tqa255,59,-36.687500
tqa255,60,-0.101944
tqa255,61,-0.479294
tqa255,62,-0.573359
tqa255,63,-34.437500
tqa256,0,-0.481060
tqa256,1,-36.062500
tqa256,2,-0.352153
tqa256,3,-0.481060
tqa256,4,-0.599030
tqa256,5,-0.483578
tqa256,6,-0.483578
tqa256,7,-34.875000
tqa256,8,-0.545522
tqa256,9,-0.545522
tqa256,10,-34.750000
tqa256,11,-0.545522
tqa256,12,-0.543839
tqa256,13,-30.125000
tqa256,14,-0.071187
tqa256,15,-0.543839
tqa256,16,25.750000
tqa256,17,-0.167535
tqa256,18,25.750000
tqa256,19,25.750000
tqa256,20,-0.481060
tqa256,21,-34.125000
tqa256,22,-0.481060
tqa256,23,-0.386720
tqa256,24,-0.483578
tqa256,25,-29.500000
tqa256,26,-0.483578
tqa256,27,-32.250000
tqa256,28,-0.483578
tqa256,29,-0.483578
tqa256,30,-0.483578
tqa256,31,-30.375000
tqa256,32,-0.545522
tqa256,33,-29.000000
tqa256,34,-0.545522
tqa256,35,-0.545522
tqa256,36,-0.196718
tqa256,37,-31.500000
tqa256,38,-0.099040
tqa256,39,-0.418195
tqa256,40,-0.418195
tqa256,41,-0.103842
tqa256,42,-0.418195
tqa256,43,-34.375000
tqa256,44,-0.418195
tqa256,45,-0.415521
tqa256,46,-28.500000
tqa256,47,-0.413407
tqa256,48,-0.263083
tqa256,49,-34.750000
tqa256,50,-0.415083
tqa256,51,-0.415083
tqa256,52,-0.545522
tqa256,53,-0.545522
tqa256,54,-13.375000
tqa256,55,-33.750000
tqa256,56,-0.196464
tqa256,57,-32.125000
tqa256,58,-24.625000
tqa256,59,-0.267955
tqa256,60,-0.481060
tqa256,61,-0.073546
tqa256,62,-0.481060
tqa256,63,-32.250000
tqa257,0,-0.140770
tqa257,1,-33.375000
tqa257,2,-0.198195
tqa257,3,-0.483188
tqa257,4,-0.515110
tqa257,5,-0.451981
tqa257,6,-36.312500
tqa257,7,-0.329264
tqa257,8,-0.514652
tqa257,9,-0.452173
tqa257,10,-32.625000
tqa257,11,-36.625000
tqa257,12,-0.481673
tqa257,13,-0.260077
tqa257,14,-33.000000
tqa257,15,-0.199083
tqa257,16,-0.545278
tqa257,17,-32.500000
tqa257,18,-0.514882
tqa257,19,-0.514882
tqa257,20,-0.483188
tqa257,21,-0.168382
tqa257,22,-36.750000
tqa257,23,0.084481
tqa257,24,-0.109307
tqa257,25,-0.356802
tqa257,26,-0.423143
tqa257,27,-32.125000
tqa257,28,-18.750000
tqa257,29,-0.423479
tqa257,30,-0.450920
tqa257,31,-0.447432
tqa257,32,1.250013
tqa257,33,1.250013
tqa257,34,1.250013
tqa257,35,1.250013
tqa257,36,-31.500000
tqa257,37,-0.423143
tqa257,38,-33.500000
tqa257,39,-0.423143
tqa257,40,-38.562500
tqa257,41,-0.355002
tqa257,42,1.125015
tqa257,43,1.125015
tqa257,44,-3.749997
tqa257,45,-0.482982
tqa257,46,-0.483188
tqa257,47,-0.512351
tqa257,48,-0.514652
tqa257,49,-0.514652
tqa257,50,-32.625000
tqa257,51,-0.329000
tqa257,52,-0.450245
tqa257,53,-0.423143
tqa257,54,-34.875000
tqa257,55,-0.423143
tqa257,56,-0.170075
tqa257,57,-0.170075
tqa257,58,-0.249976
tqa257,59,-0.170075
tqa257,60,-0.544174
tqa257,61,-32.375000
tqa257,62,-0.514652
tqa257,63,-0.514652
tqa258,0,18.375000
tqa258,1,14.500000
tqa258,2,14.500000
tqa258,3,18.125000
tqa258,4,-0.445942
tqa258,5,-0.446707
tqa258,6,-0.445942
tqa258,7,-31.875000
tqa258,8,18.375000
tqa258,9,14.500000
tqa258,10,18.375000
tqa258,11,14.500000
tqa258,12,-0.324824
tqa258,13,-23.875000
tqa258,14,-0.328538
tqa258,15,-0.293941
tqa258,16,14.500000
tqa258,17,14.500000
tqa258,18,3.750007
tqa258,19,14.500000
tqa258,20,18.375000
tqa258,21,18.375000
tqa258,22,18.375000
tqa258,23,14.500000
tqa258,24,-0.419314
tqa258,25,-30.750000
tqa258,26,-0.420238
tqa258,27,-0.419314
tqa258,28,18.375000
tqa258,29,14.375001
tqa258,30,14.375001
tqa258,31,-0.040968
tqa258,32,-0.226830
tqa258,33,-37.250000
tqa258,34,-0.446075
tqa258,35,-0.446075
tqa258,36,14.500000
tqa258,37,14.500000
tqa258,38,18.375000
tqa258,39,14.500000
tqa258,40,-0.293941
tqa258,41,-0.291497
tqa258,42,-0.293941
tqa258,43,17.625000
tqa258,44,-0.419334
tqa258,45,13.250000
tqa258,46,-0.421381
tqa258,47,-0.421381
tqa258,48,18.125000
tqa258,49,18.375000
tqa258,50,18.375000
tqa258,51,14.500000
tqa258,52,14.500000
tqa258,53,14.500000
tqa258,54,14.500000
tqa258,55,14.500000
tqa258,56,-0.454511
tqa258,57,-25.750000
tqa258,58,-0.482413
tqa258,59,-0.482413
tqa258,60,13.250000
tqa258,61,-0.419334
tqa258,62,-0.419334
tqa258,63,-0.421381
tqa259,0,-0.453288
tqa259,1,-0.488189
tqa259,2,-0.571000
tqa259,3,-37.562500
tqa259,4,-0.479947
tqa259,5,-0.479947
tqa259,6,-35.375000
tqa259,7,-0.482818
tqa259,8,-0.479758
tqa259,9,-0.483154
tqa259,10,-0.358034
tqa259,11,-30.875000
tqa259,12,24.375000
tqa259,13,-0.480782
tqa259,14,-0.071452
tqa259,15,24.375000
tqa259,16,-0.571000
tqa259,17,-28.500000
tqa259,18,-0.485744
tqa259,19,-0.484781
tqa259,20,-15.250000
tqa259,21,17.625000
tqa259,22,-15.250000
tqa259,23,-15.250000
tqa259,24,-0.480879
tqa259,25,-0.480879
tqa259,26,-29.000000
tqa259,27,-0.480433
tqa259,28,-26.375000
tqa259,29,-0.480782
tqa259,30,-0.038435
tqa259,31,-0.071452
tqa259,32,-0.480782
tqa259,33,-0.480782
tqa259,34,-14.875000
tqa259,35,-0.480782
tqa259,36,-0.414164
tqa259,37,-0.414164
tqa259,38,-0.387123
tqa259,39,-29.875000
tqa259,40,-0.480433
tqa259,41,-30.875000
tqa259,42,-0.451488
tqa259,43,-0.512300
tqa259,44,-0.474715
tqa259,45,-0.131842
tqa259,46,17.125000
tqa259,47,-0.073211
tqa259,48,-0.482820
tqa259,49,-0.192911
tqa259,50,-31.375000
tqa259,51,-0.479758
tqa259,52,-14.875000
tqa259,53,24.375000
tqa259,54,17.625000
tqa259,55,-0.071452
tqa259,56,24.375000
tqa259,57,-0.071452
tqa259,58,-0.480782
tqa259,59,-0.071452
tqa259,60,-35.062500
tqa259,61,-0.479771
tqa259,62,-0.483154
tqa259,63,-0.483154
tqa260,0,-0.137145
tqa260,1,-0.265508
tqa260,2,-37.437500
tqa260,3,-0.137145
tqa260,4,-0.107744
tqa260,5,-28.000000
tqa260,6,-0.168498
tqa260,7,-0.107744
tqa260,8,-0.564799
tqa260,9,-35.375000
tqa260,10,-0.414273
tqa260,11,-0.448825
tqa260,12,-0.107744
tqa260,13,-36.125000
tqa260,14,-0.107744
tqa260,15,24.875000
tqa260,16,9.500000
tqa260,17,-0.168498
tqa260,18,24.875000
tqa260,19,-0.107744
tqa260,20,-0.355953
tqa260,21,-0.328688
tqa260,22,-20.500000
tqa260,23,-0.293628
tqa260,24,-0.445415
tqa260,25,-30.750000
tqa260,26,-0.446383
tqa260,27,-0.417568
tqa260,28,-28.000000
tqa260,29,-0.168498
tqa260,30,24.875000
tqa260,31,-0.107744
tqa260,32,-0.415120
tqa260,33,-32.250000
tqa260,34,-0.450829
tqa260,35,-0.387752
tqa260,36,-0.448198
tqa260,37,-0.353981
tqa260,38,-0.415792
tqa260,39,-8.124999
tqa260,40,-0.448833
tqa260,41,-0.099123
tqa260,42,-35.750000
tqa260,43,-0.446506
tqa260,44,-29.375000
tqa260,45,-0.107744
tqa260,46,-28.000000
tqa260,47,-0.107744
tqa260,48,24.875000
tqa260,49,-0.168498
tqa260,50,-0.107744
tqa260,51,24.875000
tqa260,52,-32.125000
tqa260,53,-0.359238
tqa260,54,-32.625000
tqa260,55,-0.357780
tqa260,56,-0.510248
tqa260,57,-0.446383
tqa260,58,-0.448833
tqa260,59,-33.000000
tqa260,60,-34.375000
tqa260,61,-0.417234
tqa260,62,-33.875000
tqa260,63,-0.416488
tqa261,0,24.250000
tqa261,1,24.250000
tqa261,2,26.125000
tqa261,3,24.250000
tqa261,4,-0.168139
tqa261,5,-0.168139
tqa261,6,-0.168139
tqa261,7,24.125000
tqa261,8,-3.374996
tqa261,9,-0.448175
tqa261,10,-0.505758
tqa261,11,-0.505758
tqa261,12,-0.136539
tqa261,13,24.125000
tqa261,14,-0.168139
tqa261,15,24.125000
tqa261,16,-0.168139
tqa261,17,24.125000
tqa261,18,21.750000
tqa261,19,24.125000
tqa261,20,-0.354411
tqa261,21,-0.355404
tqa261,22,-0.355759
tqa261,23,-35.312500
tqa261,24,-0.352173
tqa261,25,-0.357709
tqa261,26,-35.062500
tqa261,27,-0.357709
tqa261,28,-0.200760
tqa261,29,-0.385200
tqa261,30,-0.384076
tqa261,31,-32.750000
tqa261,32,24.250000
tqa261,33,24.250000
tqa261,34,24.250000
tqa261,35,24.250000
tqa261,36,-0.419510
tqa261,37,-0.419510
tqa261,38,27.750000
tqa261,39,-0.452764
tqa261,40,-0.445263
tqa261,41,-0.445263
tqa261,42,-0.445263
tqa261,43,-30.625000
tqa261,44,25.625000
tqa261,45,24.125000
tqa261,46,24.125000
tqa261,47,-0.287923
tqa261,48,-0.168139
tqa261,49,24.125000
tqa261,50,24.125000
tqa261,51,-0.168139
tqa261,52,-0.448175
tqa261,53,-0.479435
tqa261,54,-23.000000
tqa261,55,-0.448175
tqa261,56,-0.168139
tqa261,57,24.125000
tqa261,58,-0.168139
tqa261,59,25.625000
tqa261,60,-0.135151
tqa261,61,23.500000
tqa261,62,-0.328288
tqa261,63,-0.200711
tqa262,0,-0.445939
tqa262,1,-0.416157
tqa262,2,-0.355000
tqa262,3,-34.250000
tqa262,4,-0.356443
tqa262,5,14.250000
tqa262,6,-0.448699
tqa262,7,-0.417122
tqa262,8,-0.515285
tqa262,9,-35.937500
tqa262,10,-0.513257
tqa262,11,-0.357955
tqa262,12,-0.540489
tqa262,13,-33.125000
tqa262,14,-0.450549
tqa262,15,-0.511519
tqa262,16,-37.437500
tqa262,17,-0.285720
tqa262,18,-0.481155
tqa262,19,-0.481151
tqa262,20,-34.250000
tqa262,21,-0.384091
tqa262,22,-0.386501
tqa262,23,-0.480080
tqa262,24,-33.500000
tqa262,25,-0.414947
tqa262,26,-0.352948
tqa262,27,-0.070436
tqa262,28,-0.448029
tqa262,29,-0.414124
tqa262,30,-0.476158
tqa262,31,-36.625000
tqa262,32,-0.226328
tqa262,33,-0.229970
tqa262,34,-0.167117
tqa262,35,-37.875000
tqa262,36,-0.267937
tqa262,37,-0.266020
tqa262,38,-0.049594
tqa262,39,-38.625000
tqa262,40,-33.062500
tqa262,41,-0.164446
tqa262,42,-0.486256
tqa262,43,-0.482611
tqa262,44,-0.444431
tqa262,45,-0.445157
tqa262,46,-37.375000
tqa262,47,-0.448507
tqa262,48,-0.511520
tqa262,49,-0.515961
tqa262,50,-36.187500
tqa262,51,-0.512866
tqa262,52,-0.509292
tqa262,53,-0.446392
tqa262,54,-37.312500
tqa262,55,-0.483887
tqa262,56,-33.625000
tqa262,57,-0.266020
tqa262,58,-0.410434
tqa262,59,-0.414737
tqa262,60,-0.297515
tqa262,61,-37.812500
tqa262,62,-0.293028
tqa262,63,-0.267937
tqa263,0,-0.484295
tqa263,1,-27.375000
tqa263,2,-0.484295
tqa263,3,-0.133571
tqa263,4,-37.937500
tqa263,5,-0.322281
tqa263,6,-0.419609
tqa263,7,-0.419609
tqa263,8,26.625000
tqa263,9,26.625000
tqa263,10,26.625000
tqa263,11,26.625000
tqa263,12,-0.267168
tqa263,13,-0.417833
tqa263,14,-33.875000
tqa263,15,-0.384324
tqa263,16,-0.417833
tqa263,17,-34.500000
tqa263,18,-0.417833
tqa263,19,-0.234918
tqa263,20,-0.453913
tqa263,21,-0.453913
tqa263,22,-0.453913
tqa263,23,-32.625000
tqa263,24,-0.453913
tqa263,25,-0.453913
tqa263,26,-0.453913
tqa263,27,-31.500000
tqa263,28,-0.513971
tqa263,29,-0.514055
tqa263,30,-0.513971
tqa263,31,-25.125000
tqa263,32,-26.250000
tqa263,33,-0.513971
tqa263,34,-0.513971
tqa263,35,-0.513971
tqa263,36,-0.239755
tqa263,37,-34.500000
tqa263,38,-0.484295
tqa263,39,-0.484295
tqa263,40,-0.453913
tqa263,41,-23.250000
tqa263,42,-0.453913
tqa263,43,-0.453913
tqa263,44,-0.484295
tqa263,45,-0.484295
tqa263,46,-0.484295
tqa263,47,-22.625000
tqa263,48,6.000000
tqa263,49,-0.545650
tqa263,50,-0.419708
tqa263,51,-28.500000
tqa263,52,-21.125000
tqa263,53,-0.484295
tqa263,54,-0.484295
tqa263,55,-0.481805
tqa263,56,-29.500000
tqa263,57,-0.545650
tqa263,58,-0.264659
tqa263,59,-0.545650
tqa263,60,-0.545650
tqa263,61,-0.165812
tqa263,62,-0.482518
tqa263,63,-28.250000
tqa264,0,-34.750000
tqa264,1,-0.285159
tqa264,2,-34.750000
tqa264,3,-34.750000
tqa264,4,-0.513852
tqa264,5,-27.000000
tqa264,6,-33.125000
tqa264,7,-0.574191
tqa264,8,-0.285159
tqa264,9,-34.750000
tqa264,10,-34.750000
tqa264,11,-34.750000
tqa264,12,-36.312500
tqa264,13,-0.507780
tqa264,14,-0.508017
tqa264,15,-0.508017
tqa264,16,-0.543472
tqa264,17,-0.543472
tqa264,18,-26.000000
tqa264,19,-0.571383
tqa264,20,-0.504876
tqa264,21,-31.750000
tqa264,22,-0.504876
tqa264,23,-0.504876
tqa264,24,-0.227072
tqa264,25,-34.750000
tqa264,26,-34.750000
tqa264,27,-34.750000
tqa264,28,-0.227072
tqa264,29,-0.227072
tqa264,30,-34.750000
tqa264,31,-34.750000
tqa264,32,-0.513852
tqa264,33,-0.572021
tqa264,34,-34.125000
tqa264,35,-0.513852
tqa264,36,-0.513858
tqa264,37,-0.541475
tqa264,38,-34.687500
tqa264,39,-0.513858
tqa264,40,-0.513852
tqa264,41,-0.513852
tqa264,42,-36.687500
tqa264,43,-0.513852
tqa264,44,-0.477225
tqa264,45,-35.750000
tqa264,46,-0.477225
tqa264,47,-0.476298
tqa264,48,-0.478518
tqa264,49,-0.536935
tqa264,50,-0.478518
tqa264,51,-31.125000
tqa264,52,-0.285159
tqa264,53,-34.750000
tqa264,54,-34.750000
tqa264,55,-34.750000
tqa264,56,-0.227072
tqa264,57,-34.750000
tqa264,58,-0.285159
tqa264,59,-0.227072
tqa264,60,-0.074047
tqa264,61,-0.513858
tqa264,62,-36.000000
tqa264,63,-0.540361
tqa265,0,-0.389253
tqa265,1,-21.375000
tqa265,2,-0.391916
tqa265,3,-0.453290
tqa265,4,-27.000000
tqa265,5,-0.418816
tqa265,6,-0.418269
tqa265,7,-0.268829
tqa265,8,-0.199338
tqa265,9,-0.483418
tqa265,10,-35.125000
tqa265,11,-0.387190
tqa265,12,-0.543633
tqa265,13,-0.422301
tqa265,14,-34.250000
tqa265,15,-0.514688
tqa265,16,-0.480068
tqa265,17,-0.480068
tqa265,18,-35.562500
tqa265,19,-0.257483
tqa265,20,-32.250000
tqa265,21,-0.418801
tqa265,22,-0.418625
tqa265,23,-0.418801
tqa265,24,-0.356058
tqa265,25,-33.000000
tqa265,26,-0.325963
tqa265,27,-0.356058
tqa265,28,-27.000000
tqa265,29,-0.418801
tqa265,30,-0.418625
tqa265,31,-0.418625
tqa265,32,-0.422900
tqa265,33,-0.421356
tqa265,34,-34.687500
tqa265,35,-0.422900
tqa265,36,-0.418625
tqa265,37,-34.812500
tqa265,38,-0.449330
tqa265,39,-0.418801
tqa265,40,-0.421356
tqa265,41,-34.125000
tqa265,42,-0.422273
tqa265,43,-0.106429
tqa265,44,-10.374999
tqa265,45,-0.202780
tqa265,46,-0.418269
tqa265,47,-0.418269
tqa265,48,-28.625000
tqa265,49,-35.562500
tqa265,50,-0.327052
tqa265,51,-0.392155
tqa265,52,-0.512204
tqa265,53,-24.625000
tqa265,54,-0.513048
tqa265,55,-0.479918
tqa265,56,-0.100953
tqa265,57,-25.500000
tqa265,58,-0.069104
tqa265,59,-0.417926
tqa265,60,-0.508397
tqa265,61,-35.312500
tqa265,62,-0.418269
tqa265,63,-36.187500
tqa266,0,-0.416959
tqa266,1,-0.479129
tqa266,2,-0.449098
tqa266,3,-32.750000
tqa266,4,-0.446458
tqa266,5,-0.386933
tqa266,6,-0.070457
tqa266,7,-34.125000
tqa266,8,21.000000
tqa266,9,15.875000
tqa266,10,15.875000
tqa266,11,-0.259812
tqa266,12,-0.514405
tqa266,13,-0.515059
tqa266,14,-3.249998
tqa266,15,-0.514405
tqa266,16,-0.453306
tqa266,17,-0.411472
tqa266,18,2.125015
tqa266,19,-0.453306
tqa266,20,-0.199063
tqa266,21,8.125000
tqa266,22,-0.170845
tqa266,23,-0.197350
tqa266,24,-0.449098
tqa266,25,-0.479129
tqa266,26,-0.479129
tqa266,27,-35.187500
tqa266,28,-0.479129
tqa266,29,-0.135953
tqa266,30,-0.479129
tqa266,31,-4.124998
tqa266,32,-0.543458
tqa266,33,-0.448338
tqa266,34,-32.000000
tqa266,35,-0.383129
tqa266,36,-0.510376
tqa266,37,-0.387155
tqa266,38,-0.510376
tqa266,39,-34.375000
tqa266,40,-0.478102
tqa266,41,-0.417735
tqa266,42,-36.062500
tqa266,43,-0.356405
tqa266,44,-0.386933
tqa266,45,-0.322277
tqa266,46,-0.412757
tqa266,47,-32.875000
tqa266,48,-0.510376
tqa266,49,-0.510376
tqa266,50,-26.625000
tqa266,51,-0.481623
tqa266,52,-0.545446
tqa266,53,-0.545446
tqa266,54,-37.437500
tqa266,55,-0.167837
tqa266,56,-0.416943
tqa266,57,-0.416782
tqa266,58,-0.416943
tqa266,59,-28.750000
tqa266,60,-0.172307
tqa266,61,-0.170845
tqa266,62,-0.170845
tqa266,63,-36.750000
tqa267,0,-0.392507
tqa267,1,-20.250000
tqa267,2,-0.227314
tqa267,3,-0.392507
tqa267,4,-0.390977
tqa267,5,-30.000000
tqa267,6,-0.226933
tqa267,7,-0.258985
tqa267,8,-0.198112
tqa267,9,-0.076952
tqa267,10,-0.198112
tqa267,11,-35.375000
tqa267,12,-0.418086
tqa267,13,-33.625000
tqa267,14,-0.418086
tqa267,15,-0.418086
tqa267,16,-0.449511
tqa267,17,-29.375000
tqa267,18,-0.386685
tqa267,19,-0.418086
tqa267,20,-20.250000
tqa267,21,-0.392507
tqa267,22,-0.392507
tqa267,23,-0.392507
tqa267,24,-0.474761
tqa267,25,-33.750000
tqa267,26,-0.448671
tqa267,27,-0.415953
tqa267,28,-0.197145
tqa267,29,-0.258304
tqa267,30,-0.295870
tqa267,31,-21.625000
tqa267,32,-0.481694
tqa267,33,-33.500000
tqa267,34,-0.451967
tqa267,35,-0.479145
tqa267,36,6.500002
tqa267,37,-0.258304
tqa267,38,-0.228110
tqa267,39,-0.228110
tqa267,40,-20.250000
tqa267,41,-0.392507
tqa267,42,-0.249971
tqa267,43,-0.392507
tqa267,44,-0.107138
tqa267,45,-10.624995
tqa267,46,-0.392507
tqa267,47,-0.392507
tqa267,48,-0.392507
tqa267,49,-32.125000
tqa267,50,-0.392507
tqa267,51,-0.392507
tqa267,52,-0.392507
tqa267,53,-0.262675
tqa267,54,-0.266025
tqa267,55,-20.250000
tqa267,56,-0.452170
tqa267,57,-35.312500
tqa267,58,-0.481694
tqa267,59,-0.480939
tqa267,60,-0.390977
tqa267,61,-0.164820
tqa267,62,-30.000000
tqa267,63,-0.167196
tqa268,0,-0.419322
tqa268,1,-0.454509
tqa268,2,-4.249997
tqa268,3,-0.417421
tqa268,4,-0.167961
tqa268,5,26.250000
tqa268,6,-0.078074
tqa268,7,-35.000000
tqa268,8,-31.750000
tqa268,9,-0.421183
tqa268,10,-0.483464
tqa268,11,-0.481339
tqa268,12,-33.125000
tqa268,13,-0.603334
tqa268,14,-0.485518
tqa268,15,-0.106093
tqa268,16,0.750001
tqa268,17,-0.485518
tqa268,18,-0.451790
tqa268,19,-0.485518
tqa268,20,-31.875000
tqa268,21,-6.624998
tqa268,22,-0.514850
tqa268,23,-0.513867
tqa268,24,-0.421323
tqa268,25,-0.394309
tqa268,26,-0.388263
tqa268,27,-26.375000
tqa268,28,-37.437500
tqa268,29,-0.449829
tqa268,30,-0.449829
tqa268,31,-0.485518
tqa268,32,-36.000000
tqa268,33,-23.250000
tqa268,34,-0.483679
tqa268,35,-0.453711
tqa268,36,-0.508183
tqa268,37,-11.875000
tqa268,38,0.024639
tqa268,39,-0.133312
tqa268,40,-0.484508
tqa268,41,-0.484508
tqa268,42,-5.999999
tqa268,43,-0.484508
tqa268,44,-35.875000
tqa268,45,-9.750000
tqa268,46,-0.483679
tqa268,47,-0.483679
tqa268,48,0.053268
tqa268,49,0.049055
tqa268,50,-0.483464
tqa268,51,-32.750000
tqa268,52,26.250000
tqa268,53,-34.250000
tqa268,54,-0.168536
tqa268,55,26.250000
tqa268,56,-0.418209
tqa268,57,-0.418382
tqa268,58,-25.750000
tqa268,59,-0.478980
tqa268,60,-0.197281
tqa268,61,-33.562500
tqa268,62,-0.049600
tqa268,63,-0.515524
tqa269,0,-0.483584
tqa269,1,-37.062500
tqa269,2,-0.542768
tqa269,3,-0.544116
tqa269,4,-0.510363
tqa269,5,-0.508697
tqa269,6,-0.161301
tqa269,7,-37.687500
tqa269,8,-0.446992
tqa269,9,-0.449339
tqa269,10,-0.445483
tqa269,11,-35.375000
tqa269,12,-0.511997
tqa269,13,-0.451530
tqa269,14,-0.511288
tqa269,15,-35.750000
tqa269,16,-0.450534
tqa269,17,-0.455168
tqa269,18,-37.375000
tqa269,19,-0.454226
tqa269,20,-0.070558
tqa269,21,-0.479751
tqa269,22,-0.511336
tqa269,23,-37.625000
tqa269,24,-0.416198
tqa269,25,-33.750000
tqa269,26,-0.418899
tqa269,27,-0.324091
tqa269,28,-0.359774
tqa269,29,-36.062500
tqa269,30,-0.444068
tqa269,31,-0.475220
tqa269,32,-0.478107
tqa269,33,-0.476084
tqa269,34,-33.875000
tqa269,35,-0.449158
tqa269,36,-0.446102
tqa269,37,-36.937500
tqa269,38,-0.441551
tqa269,39,-0.446091
tqa269,40,-0.508959
tqa269,41,-0.508699
tqa269,42,-39.000000
tqa269,43,-0.540334
tqa269,44,-0.455168
tqa269,45,-0.480074
tqa269,46,-33.375000
tqa269,47,-0.421123
tqa269,48,-0.446355
tqa269,49,-0.478967
tqa269,50,-38.000000
tqa269,51,-0.448956
tqa269,52,-35.437500
tqa269,53,-36.312500
tqa269,54,-0.446722
tqa269,55,-0.164450
tqa269,56,-0.480090
tqa269,57,-0.507352
tqa269,58,-36.625000
tqa269,59,-0.508834
tqa269,60,-37.625000
tqa269,61,-0.539483
tqa269,62,-0.264670
tqa269,63,-0.539242
tqa270,0,-0.485235
tqa270,1,-0.483436
tqa270,2,-25.000000
tqa270,3,-0.483436
tqa270,4,2.750002
tqa270,5,-0.233638
tqa270,6,-0.514060
tqa270,7,-0.574170
tqa270,8,-7.500000
tqa270,9,-0.543739
tqa270,10,-0.544704
tqa270,11,-0.574986
tqa270,12,-0.542422
tqa270,13,-0.604269
tqa270,14,-0.574170
tqa270,15,-23.000000
tqa270,16,-0.139257
tqa270,17,-6.624998
tqa270,18,-0.486163
tqa270,19,-0.486163
tqa270,20,-0.604280
tqa270,21,-0.516027
tqa270,22,-0.543920
tqa270,23,-34.125000
tqa270,24,-0.515326
tqa270,25,-0.331393
tqa270,26,-35.250000
tqa270,27,-0.419322
tqa270,28,-28.250000
tqa270,29,-0.512020
tqa270,30,-0.574696
tqa270,31,-0.544886
tqa270,32,-32.500000
tqa270,33,-0.516027
tqa270,34,-0.574170
tqa270,35,-0.604280
tqa270,36,-0.486163
tqa270,37,-0.228675
tqa270,38,-27.250000
tqa270,39,-0.483661
tqa270,40,-0.384648
tqa270,41,-0.482714
tqa270,42,-0.383979
tqa270,43,-30.625000
tqa270,44,-18.750000
tqa270,45,-0.393329
tqa270,46,-0.393329
tqa270,47,-0.352824
tqa270,48,-0.232738
tqa270,49,-22.875000
tqa270,50,-0.449014
tqa270,51,-0.574170
tqa270,52,-0.540712
tqa270,53,-0.359086
tqa270,54,-12.875000
tqa270,55,-0.361948
tqa270,56,-0.485489
tqa270,57,-0.633760
tqa270,58,-0.514611
tqa270,59,-32.125000
tqa270,60,-0.106998
tqa270,61,-0.201494
tqa270,62,-27.750000
tqa270,63,-0.633760
tqa271,0,-0.380929
tqa271,1,-0.385080
tqa271,2,-0.384929
tqa271,3,-35.187500
tqa271,4,-0.353246
tqa271,5,-0.353246
tqa271,6,-0.353246
tqa271,7,-36.750000
tqa271,8,-0.006234
tqa271,9,-0.353246
tqa271,10,-31.125000
tqa271,11,-0.353246
tqa271,12,0.023329
tqa271,13,-34.812500
tqa271,14,-0.322383
tqa271,15,-0.385080
tqa271,16,-34.750000
tqa271,17,-0.411428
tqa271,18,-34.375000
tqa271,19,-0.384095
tqa271,20,-0.448166
tqa271,21,-0.448166
tqa271,22,-36.375000
tqa271,23,-0.384648
tqa271,24,-0.322879
tqa271,25,-4.124981
tqa271,26,-4.124981
tqa271,27,-4.124981
tqa271,28,-0.384095
tqa271,29,-28.375000
tqa271,30,-0.384089
tqa271,31,-0.384095
tqa271,32,-0.353246
tqa271,33,-0.353246
tqa271,34,-0.353246
tqa271,35,-26.375000
tqa271,36,-36.437500
tqa271,37,-0.227706
tqa271,38,-0.320249
tqa271,39,0.048058
tqa271,40,-4.124981
tqa271,41,-0.322879
tqa271,42,-0.383752
tqa271,43,-0.383752
tqa271,44,-0.446217
tqa271,45,-32.875000
tqa271,46,-0.419127
tqa271,47,-0.419127
tqa271,48,-3.749978
tqa271,49,-3.749978
tqa271,50,-3.749978
tqa271,51,-3.749978
tqa271,52,-4.124981
tqa271,53,-4.124981
tqa271,54,-0.226419
tqa271,55,-4.124981
tqa271,56,-0.384929
tqa271,57,-0.385080
tqa271,58,-30.750000
tqa271,59,-0.384929
tqa271,60,-0.384089
tqa271,61,-34.125000
tqa271,62,-0.384095
tqa271,63,-0.321729
tqa272,0,-0.511315
tqa272,1,-29.500000
tqa272,2,-0.484324
tqa272,3,-0.484086
tqa272,4,-0.477781
tqa272,5,-0.477781
tqa272,6,-32.000000
tqa272,7,0.147532
tqa272,8,-0.454162
tqa272,9,-20.500000
tqa272,10,-0.422912
tqa272,11,-0.454162
tqa272,12,-0.483200
tqa272,13,-35.625000
tqa272,14,-0.477530
tqa272,15,-0.484543
tqa272,16,-32.125000
tqa272,17,-0.390339
tqa272,18,-0.390339
tqa272,19,-0.450259
tqa272,20,-0.480751
tqa272,21,-15.000000
tqa272,22,-0.483200
tqa272,23,-0.483200
tqa272,24,-0.749999
tqa272,25,-0.450630
tqa272,26,-0.069837
tqa272,27,-0.450630
tqa272,28,-0.390339
tqa272,29,-36.000000
tqa272,30,-0.390339
tqa272,31,-0.450259
tqa272,32,-0.422912
tqa272,33,-0.454162
tqa272,34,-0.454162
tqa272,35,-8.749997
tqa272,36,-0.450251
tqa272,37,-0.450251
tqa272,38,-0.450251
tqa272,39,11.250000
tqa272,40,-0.419002
tqa272,41,-32.125000
tqa272,42,-0.390339
tqa272,43,-0.390339
tqa272,44,-0.390339
tqa272,45,-0.999999
tqa272,46,-0.390339
tqa272,47,-0.390339
tqa272,48,-0.450259
tqa272,49,-0.034400
tqa272,50,-0.450259
tqa272,51,-26.750000
tqa272,52,-23.750000
tqa272,53,-0.259027
tqa272,54,10.250000
tqa272,55,10.250000
tqa272,56,-0.484318
tqa272,57,-32.500000
tqa272,58,-0.450437
tqa272,59,-0.259312
tqa272,60,10.375000
tqa272,61,10.375000
tqa272,62,10.375000
tqa272,63,4.500002
tqa273,0,-0.291339
tqa273,1,-35.000000
tqa273,2,-0.007133
tqa273,3,-0.388057
tqa273,4,-36.187500
tqa273,5,-30.875000
tqa273,6,-0.417439
tqa273,7,-0.447458
tqa273,8,-0.352379
tqa273,9,-37.312500
tqa273,10,-0.221728
tqa273,11,-0.261003
tqa273,12,-0.385847
tqa273,13,-0.067837
tqa273,14,-36.375000
tqa273,15,-0.289152
tqa273,16,-37.687500
tqa273,17,-0.230455
tqa273,18,-0.356322
tqa273,19,-0.443919
tqa273,20,-0.415266
tqa273,21,-0.105191
tqa273,22,-36.812500
tqa273,23,-0.202334
tqa273,24,-0.383877
tqa273,25,-0.384145
tqa273,26,-36.937500
tqa273,27,-0.385091
tqa273,28,-0.414379
tqa273,29,-0.136604
tqa273,30,-36.312500
tqa273,31,-0.008687
tqa273,32,-0.451567
tqa273,33,-0.418288
tqa273,34,-0.477117
tqa273,35,-38.687500
tqa273,36,-0.323339
tqa273,37,-0.382905
tqa273,38,-0.350463
tqa273,39,-37.250000
tqa273,40,-35.062500
tqa273,41,-0.355571
tqa273,42,-0.380431
tqa273,43,-0.064661
tqa273,44,-29.375000
tqa273,45,-0.291333
tqa273,46,-0.105026
tqa273,47,-0.417125
tqa273,48,-33.500000
tqa273,49,-0.447165
tqa273,50,-0.449531
tqa273,51,-0.130447
tqa273,52,-0.475265
tqa273,53,-37.437500
tqa273,54,-0.415136
tqa273,55,-0.037795
tqa273,56,-0.419507
tqa273,57,-0.420296
tqa273,58,-38.250000
tqa273,59,-0.513734
tqa273,60,-0.355074
tqa273,61,-0.416954
tqa273,62,-35.625000
tqa273,63,-0.383027
tqa274,0,-0.228168
tqa274,1,-0.352554
tqa274,2,-3.499887
tqa274,3,-19.250000
tqa274,4,-0.539004
tqa274,5,-0.508824
tqa274,6,0.000005
tqa274,7,-0.478799
tqa274,8,-24.375000
tqa274,9,-0.258300
tqa274,10,-24.500000
tqa274,11,-19.750000
tqa274,12,-32.125000
tqa274,13,-0.381799
tqa274,14,-21.625000
tqa274,15,-0.226450
tqa274,16,-0.135936
tqa274,17,-0.226450
tqa274,18,-0.135936
tqa274,19,-7.999977
tqa274,20,-0.508824
tqa274,21,-0.509768
tqa274,22,-0.447721
tqa274,23,-36.875000
tqa274,24,-0.480437
tqa274,25,-11.999997
tqa274,26,-21.625000
tqa274,27,-5.249937
tqa274,28,-31.125000
tqa274,29,-0.514619
tqa274,30,-0.543927
tqa274,31,-0.514827
tqa274,32,-32.125000
tqa274,33,1.625022
tqa274,34,-0.226450
tqa274,35,-13.124997
tqa274,36,-0.540074
tqa274,37,-0.480176
tqa274,38,-33.625000
tqa274,39,-0.511942
tqa274,40,-0.321173
tqa274,41,13.125000
tqa274,42,3.750007
tqa274,43,-0.225297
tqa274,44,-18.375000
tqa274,45,-30.750000
tqa274,46,-0.381899
tqa274,47,-31.000000
tqa274,48,-4.499918
tqa274,49,-0.226796
tqa274,50,-1.499919
tqa274,51,-1.499919
tqa274,52,-35.125000
tqa274,53,-0.352458
tqa274,54,-0.225297
tqa274,55,-18.375000
tqa274,56,-3.499887
tqa274,57,-11.999997
tqa274,58,-0.228168
tqa274,59,-0.228168
tqa274,60,-0.225297
tqa274,61,-29.625000
tqa274,62,-0.228168
tqa274,63,-35.125000
tqa275,0,-0.578907
tqa275,1,-0.579736
tqa275,2,-37.687500
tqa275,3,-0.321082
tqa275,4,-0.476123
tqa275,5,-0.545628
tqa275,6,-35.625000
tqa275,7,-0.355696
tqa275,8,-37.687500
tqa275,9,-0.574862
tqa275,10,-0.421550
tqa275,11,-0.547013
tqa275,12,-37.187500
tqa275,13,-0.573655
tqa275,14,-0.258079
tqa275,15,-0.422916
tqa275,16,-0.350412
tqa275,17,-36.250000
tqa275,18,-0.546955
tqa275,19,-0.544470
tqa275,20,-0.605927
tqa275,21,-0.608406
tqa275,22,-0.605927
tqa275,23,-36.062500
tqa275,24,-0.228981
tqa275,25,-36.625000
tqa275,26,-33.625000
tqa275,27,-35.000000
tqa275,28,-35.937500
tqa275,29,-0.606588
tqa275,30,-0.608205
tqa275,31,-0.518524
tqa275,32,-36.062500
tqa275,33,-37.437500
tqa275,34,-37.437500
tqa275,35,-35.500000
tqa275,36,-37.562500
tqa275,37,-0.544470
tqa275,38,-0.512464
tqa275,39,-0.543910
tqa275,40,-36.250000
tqa275,41,-0.578418
tqa275,42,-0.577820
tqa275,43,-0.576949
tqa275,44,-0.572993
tqa275,45,-35.062500
tqa275,46,-0.541005
tqa275,47,-0.475889
tqa275,48,-0.514820
tqa275,49,-33.875000
tqa275,50,-0.513033
tqa275,51,-0.516248
tqa275,52,-0.573655
tqa275,53,-37.500000
tqa275,54,-0.509115
tqa275,55,-0.320592
tqa275,56,-0.577979
tqa275,57,-37.375000
tqa275,58,-30.875000
tqa275,59,-0.515020
tqa275,60,-0.578215
tqa275,61,-0.636848
tqa275,62,-37.812500
tqa275,63,-0.610013
tqa276,0,-36.375000
tqa276,1,-0.508246
tqa276,2,-0.474801
tqa276,3,-0.476877
tqa276,4,-22.000000
tqa276,5,-30.500000
tqa276,6,-0.381907
tqa276,7,-0.288429
tqa276,8,-0.507938
tqa276,9,-22.125000
tqa276,10,-0.286383
tqa276,11,-0.254406
tqa276,12,-0.446871
tqa276,13,-35.812500
tqa276,14,-0.509099
tqa276,15,-0.507136
tqa276,16,-0.167189
tqa276,17,-0.287374
tqa276,18,-23.875000
tqa276,19,-23.875000
tqa276,20,-18.375000
tqa276,21,-28.000000
tqa276,22,-0.287374
tqa276,23,-0.354529
tqa276,24,-22.375000
tqa276,25,-7.874981
tqa276,26,-8.374988
tqa276,27,-9.249988
tqa276,28,-26.875000
tqa276,29,-0.382848
tqa276,30,-0.255215
tqa276,31,-19.625000
tqa276,32,-0.507938
tqa276,33,-17.500000
tqa276,34,-0.285455
tqa276,35,-0.382333
tqa276,36,-35.625000
tqa276,37,-36.000000
tqa276,38,-27.250000
tqa276,39,-0.508368
tqa276,40,-0.287007
tqa276,41,-23.500000
tqa276,42,-0.287007
tqa276,43,-0.286383
tqa276,44,-0.507354
tqa276,45,-0.510526
tqa276,46,-37.187500
tqa276,47,-0.509105
tqa276,48,-0.478124
tqa276,49,-0.477865
tqa276,50,-32.625000
tqa276,51,-0.479270
tqa276,52,-0.446732
tqa276,53,-31.750000
tqa276,54,-0.444422
tqa276,55,-0.416159
tqa276,56,-23.875000
tqa276,57,-0.287374
tqa276,58,-26.875000
tqa276,59,-0.353686
tqa276,60,-0.447011
tqa276,61,-0.508244
tqa276,62,-36.375000
tqa276,63,-0.507136
tqa277,0,-35.750000
tqa277,1,-36.062500
tqa277,2,-35.125000
tqa277,3,9.125001
tqa277,4,-9.749992
tqa277,5,9.125001
tqa277,6,9.125001
tqa277,7,9.125001
tqa277,8,-6.499955
tqa277,9,-6.499955
tqa277,10,-9.749992
tqa277,11,-6.499955
tqa277,12,-6.499955
tqa277,13,9.125001
tqa277,14,-6.499955
tqa277,15,-9.749992
tqa277,16,-0.483640
tqa277,17,-0.454413
tqa277,18,-0.452393
tqa277,19,-34.500000
tqa277,20,-0.421344
tqa277,21,-0.421344
tqa277,22,-0.419286
tqa277,23,-34.000000
tqa277,24,9.125001
tqa277,25,-35.125000
tqa277,26,-6.499955
tqa277,27,-6.499955
tqa277,28,-0.486165
tqa277,29,-0.547747
tqa277,30,-0.486812
tqa277,31,-30.250000
tqa277,32,-36.687500
tqa277,33,-36.562500
tqa277,34,-9.749992
tqa277,35,9.125001
tqa277,36,9.125001
tqa277,37,-6.499955
tqa277,38,-9.749992
tqa277,39,-36.875000
tqa277,40,-0.486801
tqa277,41,-0.516500
tqa277,42,-5.874998
tqa277,43,-0.487345
tqa277,44,-0.519156
tqa277,45,-25.125000
tqa277,46,-0.518473
tqa277,47,-0.518473
tqa277,48,9.125001
tqa277,49,-6.499955
tqa277,50,-36.937500
tqa277,51,-6.499955
tqa277,52,-20.125000
tqa277,53,-0.388967
tqa277,54,-0.357741
tqa277,55,-0.357741
tqa277,56,-36.875000
tqa277,57,-9.749992
tqa277,58,9.125001
tqa277,59,-6.499955
tqa277,60,-15.250000
tqa277,61,-0.544890
tqa277,62,-0.511487
tqa277,63,-0.547674
tqa278,0,-34.875000
tqa278,1,-0.451262
tqa278,2,-0.572269
tqa278,3,-0.512860
tqa278,4,-0.609939
tqa278,5,-0.545718
tqa278,6,-0.547999
tqa278,7,-27.875000
tqa278,8,-0.384345
tqa278,9,-0.384345
tqa278,10,5.375003
tqa278,11,3.750006
tqa278,12,-0.574433
tqa278,13,-12.250000
tqa278,14,-0.517239
tqa278,15,-0.574433
tqa278,16,-0.384345
tqa278,17,-0.384345
tqa278,18,-29.500000
tqa278,19,-0.414201
tqa278,20,-32.750000
tqa278,21,-0.515089
tqa278,22,-0.484520
tqa278,23,-0.515089
tqa278,24,-34.500000
tqa278,25,-0.510358
tqa278,26,-0.542257
tqa278,27,-0.449799
tqa278,28,-0.574433
tqa278,29,-0.574010
tqa278,30,-36.312500
tqa278,31,-0.546532
tqa278,32,-0.485983
tqa278,33,-36.625000
tqa278,34,-0.515089
tqa278,35,-0.515089
tqa278,36,-0.510358
tqa278,37,-36.250000
tqa278,38,-0.542257
tqa278,39,-0.544300
tqa278,40,-0.384345
tqa278,41,-0.384345
tqa278,42,-0.384345
tqa278,43,3.750006
tqa278,44,5.375003
tqa278,45,-36.250000
tqa278,46,5.375003
tqa278,47,-0.384345
tqa278,48,-0.138206
tqa278,49,-0.480700
tqa278,50,-24.000000
tqa278,51,-0.257041
tqa278,52,-28.125000
tqa278,53,-0.510358
tqa278,54,-0.510832
tqa278,55,-0.162654
tqa278,56,-0.259090
tqa278,57,-34.875000
tqa278,58,-0.512471
tqa278,59,-0.512860
tqa278,60,-0.511991
tqa278,61,-0.479937
tqa278,62,-34.375000
tqa278,63,-0.511991
tqa279,0,-0.538916
tqa279,1,-0.572576
tqa279,2,-0.449873
tqa279,3,-35.375000
tqa279,4,-0.538134
tqa279,5,-0.538244
tqa279,6,-0.536990
tqa279,7,-27.250000
tqa279,8,-24.500000
tqa279,9,-22.625000
tqa279,10,-0.224087
tqa279,11,-26.375000
tqa279,12,-0.224087
tqa279,13,-0.164037
tqa279,14,-24.500000
tqa279,15,-27.750000
tqa279,16,-31.750000
tqa279,17,-20.625000
tqa279,18,-24.500000
tqa279,19,-0.165301
tqa279,20,-0.356977
tqa279,21,-0.221534
tqa279,22,-30.750000
tqa279,23,-0.319777
tqa279,24,-31.000000
tqa279,25,-0.164037
tqa279,26,-22.625000
tqa279,27,-0.224088
tqa279,28,-8.749991
tqa279,29,-17.375000
tqa279,30,-16.875000
tqa279,31,-0.287542
tqa279,32,-22.750000
tqa279,33,-0.292484
tqa279,34,-0.192834
tqa279,35,-0.164037
tqa279,36,-0.538129
tqa279,37,-0.508003
tqa279,38,-30.125000
tqa279,39,-0.508003
tqa279,40,-0.292484
tqa279,41,-31.750000
tqa279,42,-29.625000
tqa279,43,-32.375000
tqa279,44,-30.750000
tqa279,45,-0.223179
tqa279,46,-0.222425
tqa279,47,-0.192661
tqa279,48,-0.507891
tqa279,49,-32.500000
tqa279,50,-0.539383
tqa279,51,-0.538134
tqa279,52,-0.536668
tqa279,53,-0.539858
tqa279,54,-35.500000
tqa279,55,-0.536668
tqa279,56,-0.381610
tqa279,57,-0.480054
tqa279,58,-0.506788
tqa279,59,-36.562500
tqa279,60,-0.224088
tqa279,61,-0.226107
tqa279,62,-26.250000
tqa279,63,-0.164037
tqa280,0,-0.480081
tqa280,1,-32.125000
tqa280,2,-0.447118
tqa280,3,-0.477445
tqa280,4,-0.481431
tqa280,5,-0.540487
tqa280,6,-36.375000
tqa280,7,-0.483808
tqa280,8,-0.225252
tqa280,9,-0.225252
tqa280,10,-22.625000
tqa280,11,-22.625000
tqa280,12,-22.625000
tqa280,13,-22.625000
tqa280,14,-0.225252
tqa280,15,-0.196314
tqa280,16,-0.384935
tqa280,17,-0.414344
tqa280,18,-33.625000
tqa280,19,-0.414344
tqa280,20,-0.004472
tqa280,21,-0.445366
tqa280,22,-33.625000
tqa280,23,-0.445366
tqa280,24,-0.197790
tqa280,25,-0.135618
tqa280,26,-0.196314
tqa280,27,-22.625000
tqa280,28,-0.195794
tqa280,29,-22.625000
tqa280,30,-0.320589
tqa280,31,-0.319718
tqa280,32,-22.625000
tqa280,33,-37.187500
tqa280,34,-0.195551
tqa280,35,-37.187500
tqa280,36,-0.225252
tqa280,37,-22.625000
tqa280,38,-36.687500
tqa280,39,-22.625000
tqa280,40,-0.509954
tqa280,41,-0.513056
tqa280,42,-20.125000
tqa280,43,-0.542932
tqa280,44,-0.289099
tqa280,45,-0.289099
tqa280,46,-21.375000
tqa280,47,-0.289099
tqa280,48,-0.320589
tqa280,49,-0.320589
tqa280,50,-36.812500
tqa280,51,-0.133554
tqa280,52,-0.541643
tqa280,53,-0.541643
tqa280,54,-35.875000
tqa280,55,-0.480079
tqa280,56,-0.386446
tqa280,57,-0.384355
tqa280,58,-38.125000
tqa280,59,-0.354135
tqa280,60,-0.199100
tqa280,61,-0.511506
tqa280,62,-0.075247
tqa280,63,-35.250000
tqa281,0,-29.625000
tqa281,1,-0.517430
tqa281,2,-32.500000
tqa281,3,-0.545304
tqa281,4,-0.511144
tqa281,5,-0.483000
tqa281,6,-0.483016
tqa281,7,-35.937500
tqa281,8,-0.424536
tqa281,9,-0.291460
tqa281,10,-0.424536
tqa281,11,-4.874962
tqa281,12,-0.546598
tqa281,13,-19.750000
tqa281,14,-35.125000
tqa281,15,-0.545304
tqa281,16,-0.545731
tqa281,17,-0.511374
tqa281,18,-23.875000
tqa281,19,-0.545723
tqa281,20,-34.125000
tqa281,21,-0.541803
tqa281,22,-0.102756
tqa281,23,-0.325271
tqa281,24,10.000000
tqa281,25,-0.423256
tqa281,26,-0.324004
tqa281,27,-0.418651
tqa281,28,-0.545304
tqa281,29,-34.500000
tqa281,30,-0.541803
tqa281,31,-0.545938
tqa281,32,-0.478251
tqa281,33,-38.062500
tqa281,34,-0.479729
tqa281,35,-0.382357
tqa281,36,-0.545304
tqa281,37,-36.375000
tqa281,38,-0.517430
tqa281,39,-0.548426
tqa281,40,-0.539906
tqa281,41,-30.750000
tqa281,42,-0.544392
tqa281,43,-0.540668
tqa281,44,-0.547930
tqa281,45,-0.511490
tqa281,46,-27.750000
tqa281,47,-0.161615
tqa281,48,-29.375000
tqa281,49,-0.511998
tqa281,50,-0.479454
tqa281,51,-0.448368
tqa281,52,-35.375000
tqa281,53,-0.483447
tqa281,54,-0.447609
tqa281,55,-0.357213
tqa281,56,-0.512214
tqa281,57,-0.421397
tqa281,58,-0.544902
tqa281,59,-33.750000
tqa281,60,-0.264069
tqa281,61,-36.937500
tqa281,62,-0.514694
tqa281,63,-0.516680
tqa282,0,-0.421149
tqa282,1,0.087570
tqa282,2,-0.421149
tqa282,3,-33.125000
tqa282,4,25.625000
tqa282,5,25.625000
tqa282,6,25.625000
tqa282,7,25.625000
tqa282,8,-0.421149
tqa282,9,-0.421149
tqa282,10,-25.625000
tqa282,11,-32.000000
tqa282,12,-0.480255
tqa282,13,-34.625000
tqa282,14,-0.480255
tqa282,15,-0.066650
tqa282,16,-0.480255
tqa282,17,-29.625000
tqa282,18,-0.193282
tqa282,19,-0.480255
tqa282,20,-0.163921
tqa282,21,-29.875000
tqa282,22,-0.418825
tqa282,23,-0.038429
tqa282,24,25.625000
tqa282,25,25.625000
tqa282,26,25.625000
tqa282,27,25.625000
tqa282,28,-32.625000
tqa282,29,-0.418453
tqa282,30,-0.355074
tqa282,31,-33.375000
tqa282,32,-0.480255
tqa282,33,-0.480255
tqa282,34,-31.000000
tqa282,35,-0.480255
tqa282,36,25.750000
tqa282,37,25.750000
tqa282,38,25.750000
tqa282,39,-0.383560
tqa282,40,-0.355789
tqa282,41,-0.355789
tqa282,42,-0.355789
tqa282,43,-30.000000
tqa282,44,26.500000
tqa282,45,-0.106962
tqa282,46,-0.106962
tqa282,47,25.750000
tqa282,48,25.625000
tqa282,49,25.625000
tqa282,50,25.625000
tqa282,51,25.625000
tqa282,52,25.625000
tqa282,53,25.625000
tqa282,54,25.625000
tqa282,55,25.625000
tqa282,56,-0.418825
tqa282,57,-0.448495
tqa282,58,-0.418825
tqa282,59,-32.125000
tqa282,60,-32.375000
tqa282,61,-0.418825
tqa282,62,-0.418825
tqa282,63,-0.418825
tqa283,0,-36.812500
tqa283,1,-0.413772
tqa283,2,-0.444299
tqa283,3,-0.444306
tqa283,4,-0.381193
tqa283,5,-37.937500
tqa283,6,-0.255935
tqa283,7,-0.380151
tqa283,8,-34.750000
tqa283,9,-0.253134
tqa283,10,-0.222631
tqa283,11,-0.221273
tqa283,12,-33.500000
tqa283,13,-34.750000
tqa283,14,-0.255164
tqa283,15,-0.222631
tqa283,16,-0.382211
tqa283,17,-0.381016
tqa283,18,-0.414599
tqa283,19,-34.812500
tqa283,20,-0.504092
tqa283,21,-35.875000
tqa283,22,-0.535351
tqa283,23,-0.351425
tqa283,24,-0.479431
tqa283,25,-20.125000
tqa283,26,-0.541624
tqa283,27,-0.512674
tqa283,28,-0.508373
tqa283,29,-36.062500
tqa283,30,-0.537468
tqa283,31,-0.539754
tqa283,32,-0.414599
tqa283,33,-0.382205
tqa283,34,-0.349762
tqa283,35,-33.000000
tqa283,36,-0.410242
tqa283,37,-0.380010
tqa283,38,-32.250000
tqa283,39,-0.382113
tqa283,40,-31.875000
tqa283,41,-0.410301
tqa283,42,-34.875000
tqa283,43,-0.157832
tqa283,44,-0.506601
tqa283,45,-0.505580
tqa283,46,-33.750000
tqa283,47,-0.504726
tqa283,48,-0.444306
tqa283,49,-0.190080
tqa283,50,-35.250000
tqa283,51,-0.444498
tqa283,52,-34.000000
tqa283,53,-34.375000
tqa283,54,-35.250000
tqa283,55,-36.062500
tqa283,56,-36.812500
tqa283,57,-0.534782
tqa283,58,-0.537653
tqa283,59,-0.507416
tqa283,60,-0.380010
tqa283,61,-33.125000
tqa283,62,-0.223472
tqa283,63,-0.410242
tqa284,0,-0.451551
tqa284,1,-0.451551
tqa284,2,-0.039059
tqa284,3,-35.000000
tqa284,4,-0.390700
tqa284,5,-30.750000
tqa284,6,-0.422737
tqa284,7,-0.390700
tqa284,8,-28.250000
tqa284,9,-0.391975
tqa284,10,-0.424243
tqa284,11,-0.391975
tqa284,12,-0.138367
tqa284,13,-0.424243
tqa284,14,-0.424243
tqa284,15,-32.750000
tqa284,16,0.112391
tqa284,17,-0.109317
tqa284,18,-0.422737
tqa284,19,-33.625000
tqa284,20,-17.250000
tqa284,21,-0.480417
tqa284,22,-0.480417
tqa284,23,-0.451551
tqa284,24,-0.422737
tqa284,25,-0.422737
tqa284,26,-33.375000
tqa284,27,-0.422737
tqa284,28,-8.374999
tqa284,29,-0.390700
tqa284,30,-0.390700
tqa284,31,-0.422737
tqa284,32,-28.250000
tqa284,33,-0.480417
tqa284,34,-0.480417
tqa284,35,-0.480417
tqa284,36,0.174624
tqa284,37,-0.295078
tqa284,38,-34.500000
tqa284,39,-0.390700
tqa284,40,-0.480417
tqa284,41,-0.014010
tqa284,42,-0.480417
tqa284,43,-31.375000
tqa284,44,27.375000
tqa284,45,27.875000
tqa284,46,27.875000
tqa284,47,27.375000
tqa284,48,-0.512666
tqa284,49,-30.250000
tqa284,50,-0.102556
tqa284,51,-0.512666
tqa284,52,-0.451551
tqa284,53,-0.480417
tqa284,54,-32.750000
tqa284,55,-0.451551
tqa284,56,-31.000000
tqa284,57,-0.424243
tqa284,58,-0.391975
tqa284,59,-0.424243
tqa284,60,-0.449697
tqa284,61,-0.451121
tqa284,62,-0.451121
tqa284,63,-7.499998
tqa285,0,-0.448647
tqa285,1,-0.448647
tqa285,2,-33.875000
tqa285,3,-0.417897
tqa285,4,-0.167690
tqa285,5,-38.750000
tqa285,6,-0.296083
tqa285,7,-0.268480
tqa285,8,-32.250000
tqa285,9,-0.358848
tqa285,10,-0.420466
tqa285,11,-0.389878
tqa285,12,-32.375000
tqa285,13,-35.375000
tqa285,14,-0.108631
tqa285,15,-5.624979
tqa285,16,-0.451730
tqa285,17,-36.375000
tqa285,18,-0.449157
tqa285,19,-30.000000
tqa285,20,-0.390322
tqa285,21,-35.062500
tqa285,22,-0.448192
tqa285,23,-0.390322
tqa285,24,-35.562500
tqa285,25,-0.418800
tqa285,26,-0.418800
tqa285,27,-0.420276
tqa285,28,-0.448969
tqa285,29,-0.449157
tqa285,30,-31.125000
tqa285,31,-0.417559
tqa285,32,-0.510079
tqa285,33,-0.478987
tqa285,34,-0.479893
tqa285,35,-33.375000
tqa285,36,-31.375000
tqa285,37,-31.375000
tqa285,38,-4.624956
tqa285,39,-31.375000
tqa285,40,-33.500000
tqa285,41,-0.420904
tqa285,42,-0.420466
tqa285,43,-0.420466
tqa285,44,-0.388220
tqa285,45,-0.204746
tqa285,46,-0.131590
tqa285,47,-33.375000
tqa285,48,-0.456296
tqa285,49,-0.389234
tqa285,50,-34.875000
tqa285,51,-0.389234
tqa285,52,-0.169882
tqa285,53,-32.375000
tqa285,54,-34.250000
tqa285,55,-0.078747
tqa285,56,-36.125000
tqa285,57,-4.624956
tqa285,58,-4.624956
tqa285,59,-31.375000
tqa285,60,-0.169882
tqa285,61,-35.375000
tqa285,62,-0.140321
tqa285,63,-0.170906
tqa286,0,-15.625000
tqa286,1,6.875001
tqa286,2,-21.625000
tqa286,3,-18.500000
tqa286,4,-0.482381
tqa286,5,-31.875000
tqa286,6,-0.478990
tqa286,7,-0.479127
tqa286,8,-0.480233
tqa286,9,-34.250000
tqa286,10,-0.511321
tqa286,11,-0.480947
tqa286,12,7.750000
tqa286,13,12.125000
tqa286,14,19.625000
tqa286,15,-24.375000
tqa286,16,21.375000
tqa286,17,-16.500000
tqa286,18,-0.499979
tqa286,19,-33.125000
tqa286,20,-24.375000
tqa286,21,-24.375000
tqa286,22,-8.999994
tqa286,23,-1.374956
tqa286,24,-16.500000
tqa286,25,-24.375000
tqa286,26,2.875007
tqa286,27,-13.249999
tqa286,28,-12.749999
tqa286,29,22.625000
tqa286,30,-0.356899
tqa286,31,3.375007
tqa286,32,-24.375000
tqa286,33,6.875001
tqa286,34,-5.999974
tqa286,35,-5.999974
tqa286,36,7.750000
tqa286,37,-1.374956
tqa286,38,1.250013
tqa286,39,-16.500000
tqa286,40,2.875007
tqa286,41,-24.375000
tqa286,42,-8.999994
tqa286,43,-8.999994
tqa286,44,-16.500000
tqa286,45,-1.374956
tqa286,46,5.375002
tqa286,47,-0.499979
tqa286,48,-27.625000
tqa286,49,-0.478678
tqa286,50,-0.479893
tqa286,51,-0.447435
tqa286,52,-0.480764
tqa286,53,-0.421725
tqa286,54,-30.375000
tqa286,55,-0.453208
tqa286,56,-0.356899
tqa286,57,-4.499955
tqa286,58,6.875001
tqa286,59,20.250000
tqa286,60,12.125000
tqa286,61,-16.500000
tqa286,62,-5.999974
tqa286,63,-1.874953
tqa287,0,25.625000
tqa287,1,-0.535855
tqa287,2,25.375000
tqa287,3,25.625000
tqa287,4,-16.750000
tqa287,5,-0.507984
tqa287,6,-0.507998
tqa287,7,-0.507998
tqa287,8,25.250000
tqa287,9,25.250000
tqa287,10,25.250000
tqa287,11,25.250000
tqa287,12,25.250000
tqa287,13,25.875000
tqa287,14,25.250000
tqa287,15,25.250000
tqa287,16,25.250000
tqa287,17,25.250000
tqa287,18,25.250000
tqa287,19,25.250000
tqa287,20,-0.511003
tqa287,21,-0.511003
tqa287,22,-0.511003
tqa287,23,-29.375000
tqa287,24,25.250000
tqa287,25,25.250000
tqa287,26,25.250000
tqa287,27,25.250000
tqa287,28,25.250000
tqa287,29,25.250000
tqa287,30,25.250000
tqa287,31,25.875000
tqa287,32,-35.437500
tqa287,33,-0.572709
tqa287,34,-0.540615
tqa287,35,-0.572709
tqa287,36,25.250000
tqa287,37,25.250000
tqa287,38,25.250000
tqa287,39,25.250000
tqa287,40,-0.163837
tqa287,41,-31.500000
tqa287,42,-0.507998
tqa287,43,-0.507998
tqa287,44,25.250000
tqa287,45,25.250000
tqa287,46,25.875000
tqa287,47,25.250000
tqa287,48,25.250000
tqa287,49,25.250000
tqa287,50,25.250000
tqa287,51,25.250000
tqa287,52,25.250000
tqa287,53,25.250000
tqa287,54,25.250000
tqa287,55,25.250000
tqa287,56,25.250000
tqa287,57,25.250000
tqa287,58,25.250000
tqa287,59,25.250000
tqa287,60,-0.507998
tqa287,61,-0.507998
tqa287,62,-0.507998
tqa287,63,6.250000
tqa288,0,-8.624984
tqa288,1,4.000008
tqa288,2,-8.624984
tqa288,3,-8.624984
tqa288,4,-8.624984
tqa288,5,-8.624984
tqa288,6,-4.999928
tqa288,7,-4.999928
tqa288,8,-0.045708
tqa288,9,-0.102986
tqa288,10,-0.045708
tqa288,11,-30.625000
tqa288,12,-8.624984
tqa288,13,-8.624984
tqa288,14,-8.624984
tqa288,15,-8.624984
tqa288,16,-11.249994
tqa288,17,-7.999979
tqa288,18,-7.999979
tqa288,19,-4.999928
tqa288,20,-0.263583
tqa288,21,-30.250000
tqa288,22,-0.045708
tqa288,23,-0.045708
tqa288,24,-0.511163
tqa288,25,-30.125000
tqa288,26,-0.511163
tqa288,27,-0.510244
tqa288,28,-0.045930
tqa288,29,-0.102986
tqa288,30,-0.105819
tqa288,31,-18.750000
tqa288,32,-31.500000
tqa288,33,-0.540400
tqa288,34,-0.510835
tqa288,35,-0.511163
tqa288,36,4.000008
tqa288,37,-8.624984
tqa288,38,-4.999928
tqa288,39,-4.999928
tqa288,40,-4.999928
tqa288,41,-8.624984
tqa288,42,4.000008
tqa288,43,-8.624984
tqa288,44,-0.511004
tqa288,45,-26.625000
tqa288,46,-0.511004
tqa288,47,-0.479750
tqa288,48,-0.105819
tqa288,49,-0.075128
tqa288,50,-30.625000
tqa288,51,-0.013241
tqa288,52,-0.105819
tqa288,53,-31.375000
tqa288,54,-0.105819
tqa288,55,-0.102986
tqa288,56,-8.624984
tqa288,57,-7.999979
tqa288,58,-8.624984
tqa288,59,-8.624984
tqa288,60,-4.999928
tqa288,61,-8.624984
tqa288,62,-8.624984
tqa288,63,-4.999928
tqa289,0,-0.103084
tqa289,1,-36.312500
tqa289,2,-0.574698
tqa289,3,-0.574698
tqa289,4,-33.125000
tqa289,5,-0.512380
tqa289,6,-0.512380
tqa289,7,-0.512380
tqa289,8,26.250000
tqa289,9,26.250000
tqa289,10,26.250000
tqa289,11,26.250000
tqa289,12,-0.574537
tqa289,13,-0.163133
tqa289,14,-0.508626
tqa289,15,-33.375000
tqa289,16,-0.388122
tqa289,17,-23.500000
tqa289,18,-0.484092
tqa289,19,-0.484092
tqa289,20,-0.160787
tqa289,21,-0.100587
tqa289,22,-0.574698
tqa289,23,-29.000000
tqa289,24,-36.312500
tqa289,25,-0.255528
tqa289,26,-0.190233
tqa289,27,-0.255528
tqa289,28,-0.419908
tqa289,29,-30.875000
tqa289,30,-0.513257
tqa289,31,-0.513257
tqa289,32,-36.062500
tqa289,33,26.250000
tqa289,34,26.250000
tqa289,35,-36.062500
tqa289,36,-32.250000
tqa289,37,-0.316569
tqa289,38,-0.574537
tqa289,39,-0.574537
tqa289,40,-0.574698
tqa289,41,-33.500000
tqa289,42,-0.477753
tqa289,43,-0.477753
tqa289,44,-0.425756
tqa289,45,-35.125000
tqa289,46,-0.425756
tqa289,47,-0.425756
tqa289,48,26.250000
tqa289,49,26.250000
tqa289,50,26.250000
tqa289,51,26.250000
tqa289,52,-0.255528
tqa289,53,-0.255528
tqa289,54,-37.437500
tqa289,55,-0.255528
tqa289,56,-27.375000
tqa289,57,-31.875000
tqa289,58,-31.500000
tqa289,59,-0.574537
tqa289,60,-32.000000
tqa289,61,-0.508626
tqa289,62,-0.574537
tqa289,63,-0.574537
tqa290,0,-0.444086
tqa290,1,-0.443064
tqa290,2,-0.476526
tqa290,3,-33.875000
tqa290,4,-0.509266
tqa290,5,-34.875000
tqa290,6,-0.505635
tqa290,7,-0.567083
tqa290,8,-32.125000
tqa290,9,-0.472055
tqa290,10,-0.446619
tqa290,11,-0.443064
tqa290,12,-17.000000
tqa290,13,-0.320764
tqa290,14,-32.750000
tqa290,15,-17.000000
tqa290,16,-8.499995
tqa290,17,-37.250000
tqa290,18,-32.625000
tqa290,19,-31.750000
tqa290,20,-36.937500
tqa290,21,-0.388848
tqa290,22,-0.505409
tqa290,23,-0.477352
tqa290,24,-0.508265
tqa290,25,-0.481980
tqa290,26,-0.452394
tqa290,27,-33.625000
tqa290,28,-0.505409
tqa290,29,-33.750000
tqa290,30,-0.442923
tqa290,31,-0.442923
tqa290,32,-0.478001
tqa290,33,-0.505635
tqa290,34,-35.062500
tqa290,35,-0.509386
tqa290,36,-0.505635
tqa290,37,-31.125000
tqa290,38,-0.355585
tqa290,39,-0.505635
tqa290,40,-0.320764
tqa290,41,-0.320764
tqa290,42,-31.375000
tqa290,43,-32.750000
tqa290,44,-25.750000
tqa290,45,-0.507332
tqa290,46,-0.507332
tqa290,47,-0.473931
tqa290,48,-34.875000
tqa290,49,-0.505635
tqa290,50,-0.233871
tqa290,51,-0.569470
tqa290,52,-0.446619
tqa290,53,-33.125000
tqa290,54,-0.444086
tqa290,55,-30.500000
tqa290,56,-32.750000
tqa290,57,-17.000000
tqa290,58,-0.320764
tqa290,59,-32.750000
tqa290,60,-17.000000
tqa290,61,-31.375000
tqa290,62,-0.320764
tqa290,63,-8.374995
tqa291,0,-22.375000
tqa291,1,-28.125000
tqa291,2,-22.375000
tqa291,3,-22.375000
tqa291,4,-22.250000
tqa291,5,-0.314393
tqa291,6,-27.875000
tqa291,7,-22.250000
tqa291,8,-31.375000
tqa291,9,-0.481619
tqa291,10,-0.481619
tqa291,11,-0.481619
tqa291,12,-30.875000
tqa291,13,-0.443281
tqa291,14,-0.418119
tqa291,15,-0.418119
tqa291,16,-0.478268
tqa291,17,-0.446615
tqa291,18,-34.750000
tqa291,19,-0.477994
tqa291,20,-0.442389
tqa291,21,-34.375000
tqa291,22,-0.504960
tqa291,23,-0.504960
tqa291,24,-0.447145
tqa291,25,-34.750000
tqa291,26,-0.414984
tqa291,27,-0.447145
tqa291,28,-36.000000
tqa291,29,-0.412994
tqa291,30,-0.294514
tqa291,31,-0.294514
tqa291,32,-28.750000
tqa291,33,-22.375000
tqa291,34,-28.750000
tqa291,35,-22.375000
tqa291,36,-28.750000
tqa291,37,-28.125000
tqa291,38,-22.375000
tqa291,39,-22.375000
tqa291,40,-32.375000
tqa291,41,-0.481619
tqa291,42,-0.480616
tqa291,43,-0.481619
tqa291,44,-0.482206
tqa291,45,-0.482206
tqa291,46,-30.250000
tqa291,47,-0.482206
tqa291,48,-22.250000
tqa291,49,-22.250000
tqa291,50,-0.314393
tqa291,51,-29.125000
tqa291,52,-0.539894
tqa291,53,-34.750000
tqa291,54,-0.539894
tqa291,55,-32.875000
tqa291,56,-0.475576
tqa291,57,-33.250000
tqa291,58,-0.475576
tqa291,59,-0.482206
tqa291,60,-0.504960
tqa291,61,-0.535201
tqa291,62,-0.504960
tqa291,63,-27.125000
tqa292,0,-31.750000
tqa292,1,-27.125000
tqa292,2,-27.125000
tqa292,3,-26.375000
tqa292,4,-0.288065
tqa292,5,-38.312500
tqa292,6,-0.288065
tqa292,7,-0.453097
tqa292,8,-0.448501
tqa292,9,-11.624998
tqa292,10,-0.477368
tqa292,11,-0.479912
tqa292,12,-0.354028
tqa292,13,-33.250000
tqa292,14,-0.508519
tqa292,15,-0.355772
tqa292,16,-27.125000
tqa292,17,-26.375000
tqa292,18,-20.125000
tqa292,19,-26.375000
tqa292,20,-35.687500
tqa292,21,-0.386657
tqa292,22,-0.386657
tqa292,23,-0.388129
tqa292,24,-0.573184
tqa292,25,-0.601892
tqa292,26,-35.937500
tqa292,27,-0.601892
tqa292,28,-0.386657
tqa292,29,-0.418254
tqa292,30,-0.288271
tqa292,31,-32.500000
tqa292,32,-0.386657
tqa292,33,-37.812500
tqa292,34,-0.445521
tqa292,35,-0.418815
tqa292,36,-0.288065
tqa292,37,-38.312500
tqa292,38,-0.319409
tqa292,39,-0.289224
tqa292,40,-36.937500
tqa292,41,-0.449701
tqa292,42,-0.451161
tqa292,43,-0.451161
tqa292,44,-34.625000
tqa292,45,-27.125000
tqa292,46,-26.375000
tqa292,47,-34.625000
tqa292,48,-27.125000
tqa292,49,-27.125000
tqa292,50,-27.125000
tqa292,51,-27.125000
tqa292,52,-0.538827
tqa292,53,-0.356162
tqa292,54,-36.125000
tqa292,55,-0.570188
tqa292,56,-0.505517
tqa292,57,-0.477643
tqa292,58,-0.480775
tqa292,59,-28.875000
tqa292,60,-21.125000
tqa292,61,-0.538555
tqa292,62,-0.510835
tqa292,63,-0.508519
tqa293,0,-0.072578
tqa293,1,-0.477096
tqa293,2,-0.477096
tqa293,3,-34.500000
tqa293,4,-0.480349
tqa293,5,-0.480349
tqa293,6,-0.480349
tqa293,7,-16.375000
tqa293,8,-0.445606
tqa293,9,-0.445606
tqa293,10,-33.625000
tqa293,11,-0.445606
tqa293,12,24.375000
tqa293,13,24.375000
tqa293,14,24.375000
tqa293,15,24.375000
tqa293,16,-0.445606
tqa293,17,-0.293916
tqa293,18,-18.875000
tqa293,19,-0.445606
tqa293,20,-0.507630
tqa293,21,-0.507630
tqa293,22,-0.507630
tqa293,23,-26.125000
tqa293,24,24.375000
tqa293,25,24.375000
tqa293,26,24.375000
tqa293,27,24.375000
tqa293,28,-0.477096
tqa293,29,-0.477096
tqa293,30,-0.477096
tqa293,31,-23.000000
tqa293,32,24.375000
tqa293,33,24.375000
tqa293,34,24.375000
tqa293,35,24.375000
tqa293,36,-18.750000
tqa293,37,-0.507630
tqa293,38,-19.875000
tqa293,39,-0.507630
tqa293,40,-0.480349
tqa293,41,-0.480349
tqa293,42,-0.480349
tqa293,43,6.750000
tqa293,44,-0.386316
tqa293,45,-22.875000
tqa293,46,-0.386316
tqa293,47,-0.386316
tqa293,48,-0.507630
tqa293,49,-0.507630
tqa293,50,-21.500000
tqa293,51,-0.038934
tqa293,52,24.375000
tqa293,53,24.375000
tqa293,54,24.375000
tqa293,55,24.375000
tqa293,56,-0.446584
tqa293,57,-0.008527
tqa293,58,-0.446584
tqa293,59,-20.250000
tqa293,60,24.375000
tqa293,61,24.375000
tqa293,62,24.375000
tqa293,63,24.375000
tqa294,0,25.875000
tqa294,1,25.875000
tqa294,2,25.875000
tqa294,3,-36.937500
tqa294,4,-0.573840
tqa294,5,-0.353719
tqa294,6,-8.499999
tqa294,7,-0.546535
tqa294,8,-0.288413
tqa294,9,-0.483809
tqa294,10,-33.500000
tqa294,11,-0.482000
tqa294,12,-0.357220
tqa294,13,-0.482188
tqa294,14,-0.482188
tqa294,15,-34.250000
tqa294,16,-0.482188
tqa294,17,-0.420326
tqa294,18,-0.231819
tqa294,19,-33.250000
tqa294,20,-0.541806
tqa294,21,-0.261870
tqa294,22,-7.999999
tqa294,23,-0.545300
tqa294,24,-4.500000
tqa294,25,-0.545300
tqa294,26,-0.541806
tqa294,27,-0.545300
tqa294,28,-22.000000
tqa294,29,-0.203297
tqa294,30,-0.257161
tqa294,31,-0.515283
tqa294,32,-0.545300
tqa294,33,-0.545300
tqa294,34,-23.250000
tqa294,35,-0.479796
tqa294,36,-0.514703
tqa294,37,-0.546535
tqa294,38,-30.125000
tqa294,39,-3.749993
tqa294,40,-0.483798
tqa294,41,-34.250000
tqa294,42,-0.453770
tqa294,43,-0.514265
tqa294,44,-0.191346
tqa294,45,-0.131908
tqa294,46,-0.321709
tqa294,47,25.625000
tqa294,48,-0.483809
tqa294,49,-34.625000
tqa294,50,-0.514063
tqa294,51,-0.515283
tqa294,52,-0.133947
tqa294,53,-0.389834
tqa294,54,-34.125000
tqa294,55,-0.321095
tqa294,56,-0.515283
tqa294,57,-0.515283
tqa294,58,-30.500000
tqa294,59,-0.230983
tqa294,60,-0.131908
tqa294,61,-0.131908
tqa294,62,25.625000
tqa294,63,-0.191346
tqa295,0,-0.141036
tqa295,1,-0.141036
tqa295,2,-34.625000
tqa295,3,-0.140701
tqa295,4,7.375001
tqa295,5,1.875021
tqa295,6,7.375001
tqa295,7,7.375001
tqa295,8,1.875021
tqa295,9,6.875002
tqa295,10,-9.624990
tqa295,11,0.000040
tqa295,12,-0.512030
tqa295,13,-0.542243
tqa295,14,-0.541049
tqa295,15,-34.375000
tqa295,16,1.875021
tqa295,17,-9.874991
tqa295,18,1.875021
tqa295,19,1.875021
tqa295,20,1.875019
tqa295,21,7.375001
tqa295,22,0.000040
tqa295,23,1.875021
tqa295,24,1.875021
tqa295,25,7.375001
tqa295,26,1.250033
tqa295,27,1.875021
tqa295,28,7.375001
tqa295,29,1.500028
tqa295,30,0.000040
tqa295,31,3.875007
tqa295,32,-18.500000
tqa295,33,0.000040
tqa295,34,1.875021
tqa295,35,0.000040
tqa295,36,-0.140701
tqa295,37,-0.141036
tqa295,38,3.000013
tqa295,39,-0.141089
tqa295,40,0.000040
tqa295,41,1.875021
tqa295,42,5.875002
tqa295,43,7.375001
tqa295,44,7.375001
tqa295,45,1.250033
tqa295,46,7.375001
tqa295,47,0.000040
tqa295,48,0.000040
tqa295,49,0.000040
tqa295,50,1.250033
tqa295,51,1.875021
tqa295,52,0.000040
tqa295,53,-4.374939
tqa295,54,1.875021
tqa295,55,1.875021
tqa295,56,-0.324717
tqa295,57,0.125039
tqa295,58,-18.625000
tqa295,59,1.750021
tqa295,60,-34.000000
tqa295,61,-0.512369
tqa295,62,-0.513822
tqa295,63,-0.512369
tqa296,0,-0.324450
tqa296,1,-38.000000
tqa296,2,-0.416135
tqa296,3,-0.504421
tqa296,4,-29.750000
tqa296,5,-0.512845
tqa296,6,-0.231384
tqa296,7,-0.171124
tqa296,8,-0.448739
tqa296,9,-0.480319
tqa296,10,-37.000000
tqa296,11,-0.477696
tqa296,12,-0.485237
tqa296,13,-0.549503
tqa296,14,-0.483661
tqa296,15,-37.875000
tqa296,16,-0.481032
tqa296,17,-0.510505
tqa296,18,-38.625000
tqa296,19,-36.375000
tqa296,20,-0.453506
tqa296,21,-0.453035
tqa296,22,-0.230253
tqa296,23,-37.687500
tqa296,24,-0.481400
tqa296,25,-0.421726
tqa296,26,-37.625000
tqa296,27,-0.418265
tqa296,28,-0.542391
tqa296,29,-0.098929
tqa296,30,-37.687500
tqa296,31,-0.510086
tqa296,32,-38.375000
tqa296,33,-0.356798
tqa296,34,-0.293545
tqa296,35,-0.356795
tqa296,36,-0.329492
tqa296,37,-38.875000
tqa296,38,-0.511490
tqa296,39,-0.450929
tqa296,40,-0.544091
tqa296,41,-0.451141
tqa296,42,-33.875000
tqa296,43,-0.071894
tqa296,44,-0.453279
tqa296,45,-0.104193
tqa296,46,-34.125000
tqa296,47,-0.452591
tqa296,48,-37.062500
tqa296,49,-38.750000
tqa296,50,-0.512204
tqa296,51,-0.229115
tqa296,52,-0.417071
tqa296,53,-0.416903
tqa296,54,-0.477422
tqa296,55,-38.875000
tqa296,56,-0.200717
tqa296,57,-37.562500
tqa296,58,-0.512845
tqa296,59,-0.542908
tqa296,60,-0.196179
tqa296,61,-37.625000
tqa296,62,-36.000000
tqa296,63,-0.329912
tqa297,0,-0.352841
tqa297,1,-0.513264
tqa297,2,-0.513264
tqa297,3,-37.187500
tqa297,4,-29.875000
tqa297,5,-0.547228
tqa297,6,-0.546761
tqa297,7,-0.576571
tqa297,8,-0.543371
tqa297,9,-0.544309
tqa297,10,-30.500000
tqa297,11,-0.365067
tqa297,12,-0.540773
tqa297,13,-0.510541
tqa297,14,-15.875000
tqa297,15,-0.169434
tqa297,16,-0.513465
tqa297,17,-0.543925
tqa297,18,-0.550556
tqa297,19,-27.375000
tqa297,20,-0.544896
tqa297,21,-0.290337
tqa297,22,-0.483238
tqa297,23,-31.625000
tqa297,24,-0.425634
tqa297,25,-0.425634
tqa297,26,-26.250000
tqa297,27,-0.425634
tqa297,28,-36.250000
tqa297,29,-0.480265
tqa297,30,-0.571605
tqa297,31,-0.510846
tqa297,32,-0.197892
tqa297,33,-29.500000
tqa297,34,-0.478228
tqa297,35,-0.329004
tqa297,36,-30.125000
tqa297,37,-0.546762
tqa297,38,-0.574026
tqa297,39,-0.518471
tqa297,40,-0.478228
tqa297,41,-35.250000
tqa297,42,-0.538715
tqa297,43,-0.538715
tqa297,44,-34.250000
tqa297,45,-0.331127
tqa297,46,-0.074456
tqa297,47,-0.422212
tqa297,48,-21.875000
tqa297,49,-0.425634
tqa297,50,-0.425634
tqa297,51,-0.425634
tqa297,52,-23.125000
tqa297,53,-0.425634
tqa297,54,-29.375000
tqa297,55,-21.875000
tqa297,56,-28.375000
tqa297,57,-28.375000
tqa297,58,-29.500000
tqa297,59,-0.425634
tqa297,60,-0.483238
tqa297,61,-0.483238
tqa297,62,-0.045014
tqa297,63,-16.875000
tqa298,0,-25.750000
tqa298,1,-25.750000
tqa298,2,16.250000
tqa298,3,-25.750000
tqa298,4,-25.750000
tqa298,5,-25.750000
tqa298,6,-25.750000
tqa298,7,-25.750000
tqa298,8,-25.750000
tqa298,9,-25.750000
tqa298,10,-25.750000
tqa298,11,16.250000
tqa298,12,-25.750000
tqa298,13,16.250000
tqa298,14,16.250000
tqa298,15,16.250000
tqa298,16,-25.750000
tqa298,17,-25.750000
tqa298,18,16.250000
tqa298,19,16.250000
tqa298,20,-0.416771
tqa298,21,-35.687500
tqa298,22,-0.479937
tqa298,23,-0.479937
tqa298,24,-0.449997
tqa298,25,-0.449997
tqa298,26,-0.446885
tqa298,27,-30.125000
tqa298,28,-0.479937
tqa298,29,-0.446473
tqa298,30,-0.416771
tqa298,31,-34.375000
tqa298,32,-0.533317
tqa298,33,-0.416771
tqa298,34,-32.000000
tqa298,35,-0.479937
tqa298,36,-0.384108
tqa298,37,-0.447160
tqa298,38,-0.415618
tqa298,39,-34.500000
tqa298,40,-0.416771
tqa298,41,-0.416771
tqa298,42,-32.625000
tqa298,43,-0.416771
tqa298,44,-25.750000
tqa298,45,-25.750000
tqa298,46,-25.750000
tqa298,47,16.250000
tqa298,48,-31.000000
tqa298,49,-0.516030
tqa298,50,-0.511693
tqa298,51,-0.511693
tqa298,52,-25.750000
tqa298,53,16.250000
tqa298,54,-25.750000
tqa298,55,16.250000
tqa298,56,-25.750000
tqa298,57,-25.750000
tqa298,58,16.250000
tqa298,59,-25.750000
tqa298,60,-0.384801
tqa298,61,-0.354908
tqa298,62,-0.132274
tqa298,63,-35.187500
tqa299,0,-0.138816
tqa299,1,26.500000
tqa299,2,26.500000
tqa299,3,-0.453052
tqa299,4,-0.514058
tqa299,5,-0.544685
tqa299,6,4.500000
tqa299,7,-0.514058
tqa299,8,-2.999999
tqa299,9,-0.009485
tqa299,10,-0.489935
tqa299,11,-0.489935
tqa299,12,26.500000
tqa299,13,26.500000
tqa299,14,-0.138816
tqa299,15,-0.450476
tqa299,16,26.500000
tqa299,17,26.500000
tqa299,18,-0.544504
tqa299,19,-0.138816
tqa299,20,-0.138816
tqa299,21,-0.138816
tqa299,22,26.500000
tqa299,23,26.500000
tqa299,24,-0.518000
tqa299,25,-0.518000
tqa299,26,-0.550599
tqa299,27,1.000002
tqa299,28,-0.515127
tqa299,29,-0.550257
tqa299,30,-2.749998
tqa299,31,-0.483231
tqa299,32,-0.518814
tqa299,33,-0.457659
tqa299,34,-19.875000
tqa299,35,-0.361506
tqa299,36,7.500000
tqa299,37,-0.518000
tqa299,38,-0.485411
tqa299,39,-0.550599
tqa299,40,26.500000
tqa299,41,26.500000
tqa299,42,-0.138816
tqa299,43,-0.293552
tqa299,44,-0.544504
tqa299,45,26.500000
tqa299,46,-0.544504
tqa299,47,-0.138816
tqa299,48,-0.484296
tqa299,49,-0.489935
tqa299,50,-30.500000
tqa299,51,-0.484296
tqa299,52,-0.550599
tqa299,53,-0.518000
tqa299,54,-32.000000
tqa299,55,-0.518000
tqa299,56,-0.578925
tqa299,57,-0.452394
tqa299,58,-0.579985
tqa299,59,4.000000
tqa299,60,26.500000
tqa299,61,-0.138816
tqa299,62,-0.138816
tqa299,63,-0.138816
tqa300,0,-0.286956
tqa300,1,-31.500000
tqa300,2,-35.125000
tqa300,3,-0.510542
tqa300,4,-0.356329
tqa300,5,-0.451013
tqa300,6,-0.388140
tqa300,7,-36.375000
tqa300,8,-0.478005
tqa300,9,-0.448668
tqa300,10,-35.062500
tqa300,11,-0.475844
tqa300,12,-0.482449
tqa300,13,-0.451017
tqa300,14,-36.062500
tqa300,15,-0.451721
tqa300,16,-0.320649
tqa300,17,-35.875000
tqa300,18,-0.478293
tqa300,19,-0.478564
tqa300,20,-36.000000
tqa300,21,-0.419113
tqa300,22,-0.448323
tqa300,23,-0.388829
tqa300,24,-0.509681
tqa300,25,-31.625000
tqa300,26,-0.510531
tqa300,27,-0.538579
tqa300,28,-38.750000
tqa300,29,-0.509401
tqa300,30,-0.479592
tqa300,31,-0.509256
tqa300,32,-35.750000
tqa300,33,-0.449678
tqa300,34,-0.483067
tqa300,35,-0.507283
tqa300,36,-0.385550
tqa300,37,-35.375000
tqa300,38,-0.511019
tqa300,39,-0.479280
tqa300,40,-0.449662
tqa300,41,-0.393436
tqa300,42,-0.480918
tqa300,43,-38.312500
tqa300,44,-32.625000
tqa300,45,-0.094424
tqa300,46,-0.486667
tqa300,47,-0.480398
tqa300,48,-0.448824
tqa300,49,-0.512392
tqa300,50,-0.540902
tqa300,51,-35.375000
tqa300,52,-0.353106
tqa300,53,-0.419301
tqa300,54,-32.625000
tqa300,55,-0.509400
tqa300,56,-0.481875
tqa300,57,-0.479603
tqa300,58,-37.125000
tqa300,59,-0.512177
tqa300,60,-36.562500
tqa300,61,-37.250000
tqa300,62,-0.511995
tqa300,63,-0.383401
tqa301,0,-30.625000
tqa301,1,-25.750000
tqa301,2,-0.258099
tqa301,3,-0.229945
tqa301,4,-25.375000
tqa301,5,-0.075709
tqa301,6,-0.545451
tqa301,7,-33.875000
tqa301,8,-0.545451
tqa301,9,-0.545451
tqa301,10,-0.263279
tqa301,11,-17.875000
tqa301,12,-0.513782
tqa301,13,-27.875000
tqa301,14,-0.513782
tqa301,15,-0.388084
tqa301,16,-32.125000
tqa301,17,-0.510359
tqa301,18,-0.510359
tqa301,19,-0.510359
tqa301,20,-0.578307
tqa301,21,-0.578307
tqa301,22,-0.578307
tqa301,23,-24.500000
tqa301,24,-0.545451
tqa301,25,-15.875000
tqa301,26,-0.545451
tqa301,27,-0.545451
tqa301,28,-0.286969
tqa301,29,-24.750000
tqa301,30,-0.510532
tqa301,31,-0.513782
tqa301,32,27.750000
tqa301,33,27.750000
tqa301,34,27.750000
tqa301,35,27.750000
tqa301,36,-0.388460
tqa301,37,-0.512115
tqa301,38,-21.000000
tqa301,39,-0.479592
tqa301,40,-0.325197
tqa301,41,-0.325569
tqa301,42,-30.250000
tqa301,43,-0.511330
tqa301,44,-0.512115
tqa301,45,-0.509383
tqa301,46,-5.999998
tqa301,47,-0.512115
tqa301,48,-0.607397
tqa301,49,-0.607397
tqa301,50,-0.607397
tqa301,51,-26.250000
tqa301,52,-0.513782
tqa301,53,-0.513782
tqa301,54,-18.125000
tqa301,55,-0.261787
tqa301,56,-0.545451
tqa301,57,-0.545451
tqa301,58,-24.000000
tqa301,59,-15.375000
tqa301,60,-0.324028
tqa301,61,-0.511330
tqa301,62,-31.625000
tqa301,63,-0.511330
tqa302,0,-0.423934
tqa302,1,-0.515785
tqa302,2,-26.125000
tqa302,3,-0.515785
tqa302,4,-0.515785
tqa302,5,-0.515785
tqa302,6,-0.515785
tqa302,7,-33.750000
tqa302,8,-0.515337
tqa302,9,-0.515337
tqa302,10,-0.515337
tqa302,11,-0.749969
tqa302,12,25.125000
tqa302,13,25.125000
tqa302,14,25.125000
tqa302,15,25.125000
tqa302,16,25.125000
tqa302,17,25.125000
tqa302,18,25.125000
tqa302,19,25.125000
tqa302,20,25.125000
tqa302,21,25.125000
tqa302,22,25.125000
tqa302,23,25.125000
tqa302,24,25.125000
tqa302,25,25.125000
tqa302,26,25.125000
tqa302,27,25.125000
tqa302,28,-0.540869
tqa302,29,-0.383146
tqa302,30,-34.375000
tqa302,31,-0.540869
tqa302,32,25.125000
tqa302,33,25.125000
tqa302,34,25.125000
tqa302,35,25.125000
tqa302,36,25.125000
tqa302,37,25.125000
tqa302,38,25.125000
tqa302,39,25.125000
tqa302,40,-0.485739
tqa302,41,-23.750000
tqa302,42,-0.485739
tqa302,43,-0.485739
tqa302,44,25.125000
tqa302,45,25.125000
tqa302,46,25.125000
tqa302,47,25.125000
tqa302,48,25.125000
tqa302,49,25.125000
tqa302,50,25.125000
tqa302,51,25.125000
tqa302,52,25.125000
tqa302,53,25.125000
tqa302,54,25.125000
tqa302,55,25.125000
tqa302,56,25.125000
tqa302,57,25.125000
tqa302,58,25.125000
tqa302,59,25.125000
tqa302,60,-0.515805
tqa302,61,-0.515805
tqa302,62,-33.000000
tqa302,63,-0.515805
tqa303,0,-0.517006
tqa303,1,-0.517006
tqa303,2,-37.625000
tqa303,3,-31.625000
tqa303,4,-33.750000
tqa303,5,-0.392734
tqa303,6,-0.451753
tqa303,7,-0.392734
tqa303,8,28.375000
tqa303,9,28.375000
tqa303,10,28.375000
tqa303,11,28.375000
tqa303,12,-0.227702
tqa303,13,-35.625000
tqa303,14,-0.425840
tqa303,15,-0.425840
tqa303,16,-32.250000
tqa303,17,-0.453071
tqa303,18,-0.484026
tqa303,19,-0.513646
tqa303,20,-0.482609
tqa303,21,-24.250000
tqa303,22,-4.999998
tqa303,23,-0.455517
tqa303,24,-0.455517
tqa303,25,-37.375000
tqa303,26,-0.421532
tqa303,27,-0.455517
tqa303,28,-0.506328
tqa303,29,-0.453071
tqa303,30,0.250002
tqa303,31,-0.453071
tqa303,32,-33.500000
tqa303,33,-0.419703
tqa303,34,-31.500000
tqa303,35,-0.453071
tqa303,36,-0.453071
tqa303,37,-0.072001
tqa303,38,-0.484026
tqa303,39,-34.375000
tqa303,40,5.125000
tqa303,41,-0.455517
tqa303,42,-0.480966
tqa303,43,-37.375000
tqa303,44,-36.687500
tqa303,45,-0.447128
tqa303,46,-0.162302
tqa303,47,-26.625000
tqa303,48,-0.548259
tqa303,49,-0.548259
tqa303,50,-0.548259
tqa303,51,-34.625000
tqa303,52,-34.000000
tqa303,53,-0.455517
tqa303,54,-0.422219
tqa303,55,-0.547764
tqa303,56,-0.040064
tqa303,57,-3.249995
tqa303,58,-0.455517
tqa303,59,-0.455517
tqa303,60,-0.453071
tqa303,61,-0.226301
tqa303,62,-30.375000
tqa303,63,-0.453071
tqa304,0,-0.421350
tqa304,1,-0.453981
tqa304,2,-36.875000
tqa304,3,-0.424240
tqa304,4,-0.356616
tqa304,5,-0.421727
tqa304,6,-0.452167
tqa304,7,-37.625000
tqa304,8,-0.454404
tqa304,9,-0.455505
tqa304,10,-0.484929
tqa304,11,-37.125000
tqa304,12,-0.542380
tqa304,13,-0.543406
tqa304,14,-0.487000
tqa304,15,-37.250000
tqa304,16,-36.750000
tqa304,17,-0.513704
tqa304,18,-0.513108
tqa304,19,-0.485141
tqa304,20,-0.483021
tqa304,21,-36.312500
tqa304,22,-0.484931
tqa304,23,-0.392737
tqa304,24,-37.437500
tqa304,25,-36.125000
tqa304,26,-36.937500
tqa304,27,-0.421955
tqa304,28,-0.454971
tqa304,29,-0.453912
tqa304,30,-0.453912
tqa304,31,-36.000000
tqa304,32,-0.411425
tqa304,33,-38.000000
tqa304,34,-0.346582
tqa304,35,-0.446461
tqa304,36,-0.516172
tqa304,37,-36.500000
tqa304,38,-0.544365
tqa304,39,-0.351405
tqa304,40,-0.516663
tqa304,41,-38.312500
tqa304,42,-0.544385
tqa304,43,-0.451554
tqa304,44,-0.546121
tqa304,45,-0.516258
tqa304,46,-0.345997
tqa304,47,-36.312500
tqa304,48,-36.875000
tqa304,49,-0.425045
tqa304,50,-0.419016
tqa304,51,-0.419128
tqa304,52,-0.546121
tqa304,53,-0.548399
tqa304,54,-0.549503
tqa304,55,-36.562500
tqa304,56,-35.812500
tqa304,57,-0.518167
tqa304,58,-0.486148
tqa304,59,-0.516891
tqa304,60,-0.484514
tqa304,61,-0.317026
tqa304,62,-0.513112
tqa304,63,-37.875000
tqa305,0,-31.375000
tqa305,1,-0.167497
tqa305,2,-0.419888
tqa305,3,-0.267937
tqa305,4,-0.421811
tqa305,5,-36.187500
tqa305,6,-0.417107
tqa305,7,-0.355962
tqa305,8,-0.235402
tqa305,9,-0.325725
tqa305,10,-35.250000
tqa305,11,-0.355753
tqa305,12,-0.452330
tqa305,13,-0.041874
tqa305,14,-0.511013
tqa305,15,-11.374999
tqa305,16,-34.750000
tqa305,17,-0.261333
tqa305,18,-0.357365
tqa305,19,-0.356774
tqa305,20,-0.424252
tqa305,21,-37.625000
tqa305,22,-0.360412
tqa305,23,-0.512184
tqa305,24,-0.387566
tqa305,25,-35.562500
tqa305,26,-0.448962
tqa305,27,-0.010138
tqa305,28,-0.167681
tqa305,29,-0.419291
tqa305,30,-0.296310
tqa305,31,-31.750000
tqa305,32,-33.125000
tqa305,33,0.021545
tqa305,34,-0.388838
tqa305,35,0.087167
tqa305,36,-0.419179
tqa305,37,-0.448969
tqa305,38,-0.298748
tqa305,39,-35.000000
tqa305,40,-0.390323
tqa305,41,-0.388979
tqa305,42,-0.009292
tqa305,43,-31.125000
tqa305,44,-0.356781
tqa305,45,-0.357184
tqa305,46,-0.417235
tqa305,47,-33.750000
tqa305,48,-37.312500
tqa305,49,-0.514396
tqa305,50,-0.513645
tqa305,51,-0.480092
tqa305,52,-0.324365
tqa305,53,-0.136259
tqa305,54,-38.875000
tqa305,55,0.053230
tqa305,56,-0.419104
tqa305,57,-0.448836
tqa305,58,0.020370
tqa305,59,-36.875000
tqa305,60,-0.076333
tqa305,61,-0.228655
tqa305,62,-0.450236
tqa305,63,-37.125000
tqa306,0,-0.544698
tqa306,1,-34.750000
tqa306,2,-0.514272
tqa306,3,-0.169117
tqa306,4,-36.812500
tqa306,5,-0.514272
tqa306,6,-0.545107
tqa306,7,-0.511855
tqa306,8,-34.625000
tqa306,9,-0.509374
tqa306,10,-0.509374
tqa306,11,-0.509374
tqa306,12,-0.450756
tqa306,13,-0.450756
tqa306,14,-0.506524
tqa306,15,-32.500000
tqa306,16,-33.250000
tqa306,17,-0.540355
tqa306,18,-35.500000
tqa306,19,-0.509098
tqa306,20,-0.509098
tqa306,21,-36.875000
tqa306,22,-0.509098
tqa306,23,-0.262686
tqa306,24,-0.545310
tqa306,25,-0.514272
tqa306,26,-34.375000
tqa306,27,-0.514272
tqa306,28,-6.374949
tqa306,29,-6.374949
tqa306,30,-6.374949
tqa306,31,-6.374949
tqa306,32,-0.506912
tqa306,33,-36.500000
tqa306,34,-0.506912
tqa306,35,-0.537279
tqa306,36,-27.625000
tqa306,37,-0.450756
tqa306,38,-0.450756
tqa306,39,-0.166120
tqa306,40,-0.509374
tqa306,41,-36.000000
tqa306,42,-0.356451
tqa306,43,-0.509374
tqa306,44,1.500005
tqa306,45,-0.509374
tqa306,46,-0.478662
tqa306,47,-35.000000
tqa306,48,-6.374949
tqa306,49,-24.250000
tqa306,50,-6.374949
tqa306,51,-6.374949
tqa306,52,-36.875000
tqa306,53,-0.514272
tqa306,54,-0.514272
tqa306,55,-0.514272
tqa306,56,-0.539286
tqa306,57,-0.536924
tqa306,58,-0.510243
tqa306,59,-20.125000
tqa306,60,0.500044
tqa306,61,-10.499992
tqa306,62,-6.374949
tqa306,63,-1.249920
tqa307,0,14.250000
tqa307,1,23.875000
tqa307,2,23.875000
tqa307,3,23.875000
tqa307,4,-0.483415
tqa307,5,-0.326339
tqa307,6,-0.329231
tqa307,7,-10.249999
tqa307,8,23.875000
tqa307,9,23.875000
tqa307,10,23.875000
tqa307,11,23.875000
tqa307,12,-0.483005
tqa307,13,-35.625000
tqa307,14,-0.416058
tqa307,15,-0.483005
tqa307,16,-21.375000
tqa307,17,23.875000
tqa307,18,23.875000
tqa307,19,23.875000
tqa307,20,-37.062500
tqa307,21,-0.138201
tqa307,22,-0.227837
tqa307,23,-37.250000
tqa307,24,23.875000
tqa307,25,23.875000
tqa307,26,23.875000
tqa307,27,23.875000
tqa307,28,-0.420913
tqa307,29,-37.500000
tqa307,30,-0.483415
tqa307,31,-0.483415
tqa307,32,-0.138201
tqa307,33,-0.138201
tqa307,34,-22.250000
tqa307,35,-0.138201
tqa307,36,23.875000
tqa307,37,23.875000
tqa307,38,23.875000
tqa307,39,23.875000
tqa307,40,-0.417728
tqa307,41,-0.512189
tqa307,42,-29.500000
tqa307,43,-0.512189
tqa307,44,23.875000
tqa307,45,23.875000
tqa307,46,23.875000
tqa307,47,23.875000
tqa307,48,-0.451962
tqa307,49,-0.451962
tqa307,50,-0.451962
tqa307,51,-35.687500
tqa307,52,-0.482376
tqa307,53,-0.450063
tqa307,54,-27.875000
tqa307,55,-0.483005
tqa307,56,-0.167033
tqa307,57,-0.138201
tqa307,58,-0.138201
tqa307,59,-37.625000
tqa307,60,23.875000
tqa307,61,23.875000
tqa307,62,23.875000
tqa307,63,23.875000
tqa308,0,-0.513055
tqa308,1,-33.625000
tqa308,2,-0.513055
tqa308,3,-0.513055
tqa308,4,-0.514695
tqa308,5,-0.514695
tqa308,6,-32.000000
tqa308,7,-0.514695
tqa308,8,-0.423477
tqa308,9,-0.423477
tqa308,10,2.250001
tqa308,11,-0.387585
tqa308,12,26.750000
tqa308,13,-27.375000
tqa308,14,26.750000
tqa308,15,26.750000
tqa308,16,-32.625000
tqa308,17,-0.170869
tqa308,18,-0.451968
tqa308,19,-0.451968
tqa308,20,-0.422659
tqa308,21,-0.422659
tqa308,22,-0.452607
tqa308,23,9.750000
tqa308,24,-0.451968
tqa308,25,-28.875000
tqa308,26,-0.451968
tqa308,27,-0.451968
tqa308,28,-0.515712
tqa308,29,-21.125000
tqa308,30,-0.544484
tqa308,31,-0.272170
tqa308,32,-31.250000
tqa308,33,-0.354017
tqa308,34,-0.514695
tqa308,35,-0.514695
tqa308,36,-0.157813
tqa308,37,-30.750000
tqa308,38,-0.514695
tqa308,39,-0.514695
tqa308,40,26.750000
tqa308,41,28.000000
tqa308,42,28.000000
tqa308,43,26.750000
tqa308,44,26.750000
tqa308,45,26.750000
tqa308,46,26.750000
tqa308,47,26.750000
tqa308,48,-33.375000
tqa308,49,-0.575356
tqa308,50,-0.575356
tqa308,51,-0.546514
tqa308,52,-0.544493
tqa308,53,-33.625000
tqa308,54,-0.350998
tqa308,55,-28.000000
tqa308,56,-0.258395
tqa308,57,-0.514695
tqa308,58,-0.545514
tqa308,59,3.750000
tqa308,60,-0.484460
tqa308,61,-0.544674
tqa308,62,-0.484460
tqa308,63,-30.750000
tqa309,0,-0.545078
tqa309,1,-26.500000
tqa309,2,-0.283157
tqa309,3,-0.545078
tqa309,4,-0.516416
tqa309,5,-17.500000
tqa309,6,-0.516416
tqa309,7,-0.544178
tqa309,8,28.500000
tqa309,9,28.500000
tqa309,10,28.500000
tqa309,11,28.875000
tqa309,12,28.500000
tqa309,13,28.500000
tqa309,14,28.500000
tqa309,15,28.500000
tqa309,16,-0.516416
tqa309,17,-0.544178
tqa309,18,-0.544178
tqa309,19,-26.875000
tqa309,20,-0.545692
tqa309,21,-0.545078
tqa309,22,8.000000
tqa309,23,-0.257572
tqa309,24,-0.545078
tqa309,25,-30.750000
tqa309,26,-0.545078
tqa309,27,-0.256062
tqa309,28,-0.543630
tqa309,29,-34.375000
tqa309,30,-0.543630
tqa309,31,-0.545078
tqa309,32,-0.544856
tqa309,33,-0.544856
tqa309,34,-33.250000
tqa309,35,-0.517463
tqa309,36,-0.285107
tqa309,37,-0.514687
tqa309,38,-4.500000
tqa309,39,-0.571271
tqa309,40,-34.875000
tqa309,41,-0.481524
tqa309,42,-0.544178
tqa309,43,-32.000000
tqa309,44,-0.516416
tqa309,45,-0.516416
tqa309,46,-23.375000
tqa309,47,-0.516416
tqa309,48,-0.483225
tqa309,49,-0.483225
tqa309,50,-32.375000
tqa309,51,-0.483225
tqa309,52,28.500000
tqa309,53,28.875000
tqa309,54,28.500000
tqa309,55,28.500000
tqa309,56,-34.375000
tqa309,57,-0.545078
tqa309,58,-0.543630
tqa309,59,-0.545078
tqa309,60,-0.545078
tqa309,61,-26.500000
tqa309,62,-0.545078
tqa309,63,-0.545078
tqa310,0,-0.485393
tqa310,1,-36.375000
tqa310,2,-0.485393
tqa310,3,-0.485393
tqa310,4,-0.485393
tqa310,5,-0.485393
tqa310,6,-0.418629
tqa310,7,-14.375000
tqa310,8,-0.483872
tqa310,9,-0.483872
tqa310,10,-18.375000
tqa310,11,-0.483872
tqa310,12,-0.573660
tqa310,13,-0.510399
tqa310,14,-0.573660
tqa310,15,-35.625000
tqa310,16,-0.485393
tqa310,17,-0.485393
tqa310,18,-29.250000
tqa310,19,-0.485393
tqa310,20,-0.608650
tqa310,21,-0.543079
tqa310,22,-0.608650
tqa310,23,-29.625000
tqa310,24,-0.483655
tqa310,25,-16.250000
tqa310,26,-0.483872
tqa310,27,-0.477758
tqa310,28,-0.546803
tqa310,29,-24.625000
tqa310,30,-0.482775
tqa310,31,-0.546803
tqa310,32,-0.485393
tqa310,33,-0.485393
tqa310,34,-33.500000
tqa310,35,-0.485393
tqa310,36,-0.573660
tqa310,37,-37.250000
tqa310,38,-0.573660
tqa310,39,-0.514037
tqa310,40,-0.512934
tqa310,41,-0.483866
tqa310,42,-0.258375
tqa310,43,-27.625000
tqa310,44,-0.608650
tqa310,45,-0.608650
tqa310,46,-31.375000
tqa310,47,-0.608650
tqa310,48,24.500000
tqa310,49,24.500000
tqa310,50,24.500000
tqa310,51,24.500000
tqa310,52,-0.481421
tqa310,53,-0.481421
tqa310,54,-37.125000
tqa310,55,-0.481421
tqa310,56,-0.573660
tqa310,57,-0.573660
tqa310,58,-0.540261
tqa310,59,-26.750000
tqa310,60,-0.545717
tqa310,61,-0.452172
tqa310,62,-0.499997
tqa310,63,-0.483866
tqa311,0,-0.420929
tqa311,1,-0.453547
tqa311,2,-31.000000
tqa311,3,-26.000000
tqa311,4,-0.195453
tqa311,5,0.175407
tqa311,6,-0.036232
tqa311,7,-8.499990
tqa311,8,-0.242029
tqa311,9,-34.250000
tqa311,10,-0.362844
tqa311,11,-0.071639
tqa311,12,-0.455261
tqa311,13,-0.425358
tqa311,14,-0.453473
tqa311,15,-32.000000
tqa311,16,-0.228149
tqa311,17,-0.389487
tqa311,18,-0.391276
tqa311,19,-31.375000
tqa311,20,-0.453320
tqa311,21,-0.426708
tqa311,22,-0.485191
tqa311,23,-36.000000
tqa311,24,-0.424273
tqa311,25,-35.750000
tqa311,26,-0.423425
tqa311,27,-36.250000
tqa311,28,-0.328475
tqa311,29,-0.393829
tqa311,30,-37.437500
tqa311,31,-0.362782
tqa311,32,-0.330779
tqa311,33,-30.500000
tqa311,34,-0.358219
tqa311,35,-0.300547
tqa311,36,-0.513853
tqa311,37,-0.453547
tqa311,38,-0.420929
tqa311,39,-35.937500
tqa311,40,-0.393022
tqa311,41,-0.298507
tqa311,42,-0.362782
tqa311,43,-36.437500
tqa311,44,-34.125000
tqa311,45,-0.513853
tqa311,46,-0.452399
tqa311,47,-0.259670
tqa311,48,-37.687500
tqa311,49,-0.485427
tqa311,50,-0.426708
tqa311,51,-0.483009
tqa311,52,-0.393022
tqa311,53,-0.389704
tqa311,54,-0.265290
tqa311,55,-36.937500
tqa311,56,-36.625000
tqa311,57,-0.390966
tqa311,58,-0.393288
tqa311,59,-0.393022
tqa311,60,-0.364362
tqa311,61,-32.375000
tqa311,62,-0.390362
tqa311,63,0.022793
tqa312,0,-0.416172
tqa312,1,-0.355049
tqa312,2,-0.381989
tqa312,3,-36.125000
tqa312,4,-0.511642
tqa312,5,-0.479596
tqa312,6,-34.250000
tqa312,7,-0.541619
tqa312,8,-0.226148
tqa312,9,-32.750000
tqa312,10,-0.381525
tqa312,11,-0.290734
tqa312,12,-36.625000
tqa312,13,-32.125000
tqa312,14,-0.223429
tqa312,15,-0.253899
tqa312,16,-0.445047
tqa312,17,-0.416179
tqa312,18,-0.415887
tqa312,19,-35.875000
tqa312,20,-0.223429
tqa312,21,23.250000
tqa312,22,-26.875000
tqa312,23,-36.500000
tqa312,24,-0.195312
tqa312,25,-0.132739
tqa312,26,-0.195085
tqa312,27,-35.250000
tqa312,28,-36.500000
tqa312,29,-0.226134
tqa312,30,-0.225148
tqa312,31,-0.223429
tqa312,32,-0.412741
tqa312,33,-34.812500
tqa312,34,-0.446105
tqa312,35,-0.069338
tqa312,36,-32.250000
tqa312,37,-37.312500
tqa312,38,-0.225148
tqa312,39,-0.225148
tqa312,40,-0.511833
tqa312,41,-0.483437
tqa312,42,-0.418090
tqa312,43,-37.937500
tqa312,44,-0.386993
tqa312,45,-0.417080
tqa312,46,-0.323349
tqa312,47,-35.062500
tqa312,48,-0.416481
tqa312,49,-0.415605
tqa312,50,-31.625000
tqa312,51,-0.415605
tqa312,52,-35.250000
tqa312,53,-0.224960
tqa312,54,-0.225063
tqa312,55,-0.225148
tqa312,56,-0.320384
tqa312,57,-0.164681
tqa312,58,-36.125000
tqa312,59,-0.381525
tqa312,60,-0.225063
tqa312,61,-0.223429
tqa312,62,-0.225063
tqa312,63,-37.187500
tqa313,0,-0.386308
tqa313,1,-33.500000
tqa313,2,-0.294492
tqa313,3,-0.448647
tqa313,4,-0.451731
tqa313,5,-32.125000
tqa313,6,-0.450240
tqa313,7,-0.450433
tqa313,8,-34.000000
tqa313,9,-0.511981
tqa313,10,-0.482787
tqa313,11,-0.484079
tqa313,12,-32.375000
tqa313,13,-0.389894
tqa313,14,-0.389030
tqa313,15,-0.418993
tqa313,16,-0.480223
tqa313,17,-0.416956
tqa313,18,-34.500000
tqa313,19,-0.451947
tqa313,20,-0.345643
tqa313,21,-30.875000
tqa313,22,-0.479771
tqa313,23,-0.480950
tqa313,24,-33.625000
tqa313,25,-0.450447
tqa313,26,-0.513310
tqa313,27,-0.513301
tqa313,28,-33.125000
tqa313,29,-0.481491
tqa313,30,-0.450926
tqa313,31,-0.388446
tqa313,32,-0.478147
tqa313,33,-0.421575
tqa313,34,-0.420685
tqa313,35,-29.750000
tqa313,36,-0.006392
tqa313,37,-22.000000
tqa313,38,-0.451724
tqa313,39,-0.451120
tqa313,40,-0.481309
tqa313,41,-35.937500
tqa313,42,-0.390934
tqa313,43,-33.000000
tqa313,44,-0.545090
tqa313,45,-0.484932
tqa313,46,-12.249999
tqa313,47,-0.512565
tqa313,48,-23.250000
tqa313,49,-0.316599
tqa313,50,-0.449328
tqa313,51,-0.479155
tqa313,52,-0.386642
tqa313,53,-30.000000
tqa313,54,-0.388620
tqa313,55,-0.452378
tqa313,56,-34.750000
tqa313,57,-0.513624
tqa313,58,-0.223721
tqa313,59,-34.500000
tqa313,60,-35.125000
tqa313,61,-0.479132
tqa313,62,-0.390946
tqa313,63,-0.225774
tqa314,0,-0.601162
tqa314,1,-0.569906
tqa314,2,-36.750000
tqa314,3,-0.601162
tqa314,4,-34.250000
tqa314,5,-0.441965
tqa314,6,-0.540010
tqa314,7,-0.509543
tqa314,8,-0.319438
tqa314,9,-0.511171
tqa314,10,-36.375000
tqa314,11,-0.537351
tqa314,12,-0.571126
tqa314,13,-37.562500
tqa314,14,-0.540791
tqa314,15,-0.542573
tqa314,16,-0.538569
tqa314,17,-0.571015
tqa314,18,-0.220350
tqa314,19,-19.250000
tqa314,20,-0.351331
tqa314,21,-34.750000
tqa314,22,-0.255198
tqa314,23,-0.419896
tqa314,24,-35.500000
tqa314,25,-0.539631
tqa314,26,-0.540929
tqa314,27,-0.570877
tqa314,28,-32.750000
tqa314,29,-0.569704
tqa314,30,-0.603876
tqa314,31,-0.543419
tqa314,32,-32.500000
tqa314,33,-0.569700
tqa314,34,-0.572186
tqa314,35,-0.157828
tqa314,36,-37.437500
tqa314,37,-0.286446
tqa314,38,-29.250000
tqa314,39,-0.317697
tqa314,40,-31.625000
tqa314,41,-0.257111
tqa314,42,-0.350986
tqa314,43,-0.316764
tqa314,44,-0.479432
tqa314,45,-17.625000
tqa314,46,-0.066628
tqa314,47,-0.446764
tqa314,48,-37.062500
tqa314,49,-0.539617
tqa314,50,-0.542569
tqa314,51,-0.538444
tqa314,52,-0.573668
tqa314,53,-0.602365
tqa314,54,-0.569690
tqa314,55,-30.125000
tqa314,56,-0.510848
tqa314,57,-0.506192
tqa314,58,-32.750000
tqa314,59,-0.535819
tqa314,60,-36.500000
tqa314,61,-0.601162
tqa314,62,-0.188143
tqa314,63,-0.254125
tqa315,0,-35.500000
tqa315,1,-0.476089
tqa315,2,-0.384657
tqa315,3,-0.476089
tqa315,4,-0.452540
tqa315,5,-0.480958
tqa315,6,-36.500000
tqa315,7,-0.452760
tqa315,8,-33.375000
tqa315,9,-0.509789
tqa315,10,-0.509789
tqa315,11,-0.509789
tqa315,12,-0.418434
tqa315,13,-0.418434
tqa315,14,-0.418434
tqa315,15,-35.625000
tqa315,16,-0.416308
tqa315,17,-0.417554
tqa315,18,-37.187500
tqa315,19,-0.386653
tqa315,20,-0.418434
tqa315,21,-0.418262
tqa315,22,-34.250000
tqa315,23,-0.134601
tqa315,24,-0.447709
tqa315,25,-0.416611
tqa315,26,-37.062500
tqa315,27,-0.477242
tqa315,28,-0.418434
tqa315,29,-36.625000
tqa315,30,-0.445272
tqa315,31,-0.418434
tqa315,32,-0.358205
tqa315,33,-0.101654
tqa315,34,-35.875000
tqa315,35,-0.325534
tqa315,36,-0.384652
tqa315,37,-0.476089
tqa315,38,-37.312500
tqa315,39,-0.476089
tqa315,40,-0.100245
tqa315,41,-36.562500
tqa315,42,-0.446868
tqa315,43,-0.477242
tqa315,44,-0.296142
tqa315,45,-0.385216
tqa315,46,-35.000000
tqa315,47,-0.384920
tqa315,48,-0.193526
tqa315,49,-0.006833
tqa315,50,-33.125000
tqa315,51,-0.385370
tqa315,52,-0.477242
tqa315,53,-34.062500
tqa315,54,-0.477242
tqa315,55,-0.477982
tqa315,56,-0.414022
tqa315,57,-34.500000
tqa315,58,-0.415230
tqa315,59,-0.415230
tqa315,60,-0.477242
tqa315,61,-0.506042
tqa315,62,-0.477242
tqa315,63,-36.000000
tqa316,0,-32.125000
tqa316,1,-0.324615
tqa316,2,-0.387661
tqa316,3,-0.386851
tqa316,4,-0.478662
tqa316,5,-0.478516
tqa316,6,-0.448666
tqa316,7,-36.812500
tqa316,8,-36.125000
tqa316,9,-0.322264
tqa316,10,-0.321728
tqa316,11,-36.250000
tqa316,12,-35.750000
tqa316,13,-0.478256
tqa316,14,-0.449970
tqa316,15,-0.448997
tqa316,16,-0.540509
tqa316,17,-37.000000
tqa316,18,-0.481495
tqa316,19,-0.539380
tqa316,20,-0.322554
tqa316,21,-0.351519
tqa316,22,-37.687500
tqa316,23,-0.318810
tqa316,24,-36.687500
tqa316,25,-0.480732
tqa316,26,-0.450427
tqa316,27,-0.509119
tqa316,28,-0.321728
tqa316,29,-0.321728
tqa316,30,-0.288429
tqa316,31,-37.625000
tqa316,32,-0.288831
tqa316,33,-0.321728
tqa316,34,-36.250000
tqa316,35,-0.319343
tqa316,36,-0.509119
tqa316,37,-0.451324
tqa316,38,-0.480553
tqa316,39,-35.875000
tqa316,40,-0.481129
tqa316,41,-0.481874
tqa316,42,-35.375000
tqa316,43,-0.480559
tqa316,44,-0.321728
tqa316,45,-0.321728
tqa316,46,-37.062500
tqa316,47,-0.257588
tqa316,48,-0.516992
tqa316,49,-37.125000
tqa316,50,-0.513046
tqa316,51,-0.481041
tqa316,52,-0.417744
tqa316,53,-0.451549
tqa316,54,-0.419480
tqa316,55,-37.750000
tqa316,56,-0.455241
tqa316,57,-22.500000
tqa316,58,-0.481498
tqa316,59,-0.477740
tqa316,60,-34.375000
tqa316,61,-0.481681
tqa316,62,-0.511635
tqa316,63,-0.542550
tqa317,0,-0.476128
tqa317,1,-36.687500
tqa317,2,-0.479291
tqa317,3,-0.479291
tqa317,4,-34.125000
tqa317,5,-0.162016
tqa317,6,-0.190807
tqa317,7,-34.125000
tqa317,8,-0.161401
tqa317,9,-0.161401
tqa317,10,-0.161401
tqa317,11,-34.125000
tqa317,12,-0.509359
tqa317,13,-32.000000
tqa317,14,-0.507029
tqa317,15,-0.538265
tqa317,16,-0.222967
tqa317,17,-0.290469
tqa317,18,-31.250000
tqa317,19,-33.500000
tqa317,20,-34.125000
tqa317,21,-0.130075
tqa317,22,-34.125000
tqa317,23,-34.125000
tqa317,24,-3.249928
tqa317,25,-0.128536
tqa317,26,-0.224549
tqa317,27,-0.158216
tqa317,28,-0.161401
tqa317,29,-0.161401
tqa317,30,-34.125000
tqa317,31,-0.161401
tqa317,32,-36.375000
tqa317,33,-0.443179
tqa317,34,-0.443179
tqa317,35,-0.443179
tqa317,36,-37.437500
tqa317,37,-34.875000
tqa317,38,-34.875000
tqa317,39,-34.875000
tqa317,40,-31.000000
tqa317,41,-0.163637
tqa317,42,-0.222967
tqa317,43,-0.290469
tqa317,44,-0.290469
tqa317,45,-0.222967
tqa317,46,-0.222967
tqa317,47,-29.750000
tqa317,48,-34.125000
tqa317,49,-0.161401
tqa317,50,-34.125000
tqa317,51,-0.161401
tqa317,52,-0.443172
tqa317,53,-34.687500
tqa317,54,-0.443179
tqa317,55,-0.443179
tqa317,56,-34.000000
tqa317,57,-34.000000
tqa317,58,-38.312500
tqa317,59,-34.000000
tqa317,60,-0.443179
tqa317,61,-0.412763
tqa317,62,-38.000000
tqa317,63,-0.414139
tqa318,0,-36.500000
tqa318,1,-0.289908
tqa318,2,-0.353362
tqa318,3,-0.288514
tqa318,4,-36.687500
tqa318,5,-0.226548
tqa318,6,-37.000000
tqa318,7,-0.323421
tqa318,8,-0.324258
tqa318,9,-37.000000
tqa318,10,-0.287083
tqa318,11,-0.350837
tqa318,12,-35.187500
tqa318,13,-35.000000
tqa318,14,-0.417588
tqa318,15,-0.447859
tqa318,16,-36.437500
tqa318,17,-0.318279
tqa318,18,-0.320106
tqa318,19,-0.319883
tqa318,20,-0.352820
tqa318,21,-0.196170
tqa318,22,-0.353087
tqa318,23,-37.312500
tqa318,24,-31.375000
tqa318,25,-0.386308
tqa318,26,-0.356111
tqa318,27,-0.131230
tqa318,28,-36.875000
tqa318,29,-0.226497
tqa318,30,-0.385375
tqa318,31,-0.416463
tqa318,32,-0.414149
tqa318,33,-0.385212
tqa318,34,-35.625000
tqa318,35,-0.416178
tqa318,36,-0.477484
tqa318,37,-0.385406
tqa318,38,-36.000000
tqa318,39,-0.417542
tqa318,40,-36.625000
tqa318,41,-0.413243
tqa318,42,-0.288942
tqa318,43,-0.318616
tqa318,44,-34.937500
tqa318,45,-0.386514
tqa318,46,-0.417930
tqa318,47,-0.387478
tqa318,48,-0.385212
tqa318,49,-36.000000
tqa318,50,-0.415376
tqa318,51,-0.387919
tqa318,52,-0.383730
tqa318,53,-0.383996
tqa318,54,-36.625000
tqa318,55,-0.097792
tqa318,56,-0.416030
tqa318,57,-37.187500
tqa318,58,-0.510375
tqa318,59,-0.227432
tqa318,60,-0.449693
tqa318,61,-0.479122
tqa318,62,-34.375000
tqa318,63,-0.447420
tqa319,0,-0.484329
tqa319,1,-0.515815
tqa319,2,-29.375000
tqa319,3,-0.483222
tqa319,4,-0.199805
tqa319,5,-0.229688
tqa319,6,-0.199447
tqa319,7,-35.375000
tqa319,8,-0.420284
tqa319,9,-37.125000
tqa319,10,-0.484091
tqa319,11,-0.454419
tqa319,12,-32.812500
tqa319,13,-0.424249
tqa319,14,-0.070122
tqa319,15,-0.454649
tqa319,16,-28.750000
tqa319,17,-0.422512
tqa319,18,-0.422294
tqa319,19,-0.454655
tqa319,20,-0.331051
tqa319,21,-34.562500
tqa319,22,-0.454655
tqa319,23,-0.484544
tqa319,24,-31.000000
tqa319,25,-38.125000
tqa319,26,-0.073450
tqa319,27,-0.194463
tqa319,28,-0.482393
tqa319,29,-35.187500
tqa319,30,-0.452625
tqa319,31,-0.481700
tqa319,32,-32.125000
tqa319,33,-0.484950
tqa319,34,-0.512581
tqa319,35,-0.453226
tqa319,36,-30.750000
tqa319,37,-0.451766
tqa319,38,-0.484096
tqa319,39,-0.421597
tqa319,40,-0.356823
tqa319,41,-37.687500
tqa319,42,-0.259074
tqa319,43,-0.195574
tqa319,44,-0.390340
tqa319,45,-0.423396
tqa319,46,-0.451538
tqa319,47,-35.500000
tqa319,48,-0.453085
tqa319,49,-36.125000
tqa319,50,-0.481328
tqa319,51,-0.417915
tqa319,52,-0.454742
tqa319,53,-0.511658
tqa319,54,-0.480243
tqa319,55,-31.625000
tqa319,56,-0.484091
tqa319,57,-33.875000
tqa319,58,-0.482384
tqa319,59,-0.512571
tqa319,60,-0.484329
tqa319,61,-26.250000
tqa319,62,-0.511669
tqa319,63,-0.511499
tqa320,0,-0.451771
tqa320,1,-0.454497
tqa320,2,-36.187500
tqa320,3,-36.250000
tqa320,4,-0.451561
tqa320,5,-0.483025
tqa320,6,-0.421597
tqa320,7,-37.750000
tqa320,8,-0.195585
tqa320,9,-0.422453
tqa320,10,-36.437500
tqa320,11,-0.415796
tqa320,12,-0.385931
tqa320,13,-0.416160
tqa320,14,-37.937500
tqa320,15,-0.445708
tqa320,16,-0.192719
tqa320,17,-0.194694
tqa320,18,-36.187500
tqa320,19,-0.452417
tqa320,20,-0.452631
tqa320,21,-37.562500
tqa320,22,-37.750000
tqa320,23,-0.483664
tqa320,24,-0.484709
tqa320,25,-0.508877
tqa320,26,-36.500000
tqa320,27,-0.394882
tqa320,28,-37.687500
tqa320,29,-0.450948
tqa320,30,-0.420938
tqa320,31,-0.102435
tqa320,32,-0.481616
tqa320,33,-0.328304
tqa320,34,-0.481616
tqa320,35,-37.312500
tqa320,36,-0.573166
tqa320,37,-0.543280
tqa320,38,-37.250000
tqa320,39,-0.515948
tqa320,40,-0.513824
tqa320,41,-0.450948
tqa320,42,-0.390491
tqa320,43,-37.875000
tqa320,44,-0.195425
tqa320,45,-0.425831
tqa320,46,-0.483662
tqa320,47,-37.437500
tqa320,48,-0.605259
tqa320,49,-0.574347
tqa320,50,-36.875000
tqa320,51,-0.577772
tqa320,52,-0.255238
tqa320,53,-0.452417
tqa320,54,-0.450453
tqa320,55,-37.062500
tqa320,56,-0.480782
tqa320,57,-0.449178
tqa320,58,-37.500000
tqa320,59,-0.511502
tqa320,60,-36.562500
tqa320,61,-0.512204
tqa320,62,-0.452399
tqa320,63,-0.452777
tqa321,0,-0.265794
tqa321,1,-0.296810
tqa321,2,-0.169446
tqa321,3,-0.749959
tqa321,4,-0.422521
tqa321,5,-1.499943
tqa321,6,-0.076964
tqa321,7,-0.391030
tqa321,8,-6.249948
tqa321,9,-0.047677
tqa321,10,-8.499982
tqa321,11,-0.296810
tqa321,12,-4.124923
tqa321,13,-0.296810
tqa321,14,-0.139451
tqa321,15,-0.293373
tqa321,16,-0.078531
tqa321,17,-0.077186
tqa321,18,-0.296808
tqa321,19,-22.375000
tqa321,20,-5.499951
tqa321,21,-0.296810
tqa321,22,-0.048788
tqa321,23,-0.048788
tqa321,24,-0.450357
tqa321,25,-37.500000
tqa321,26,-0.418098
tqa321,27,-0.415894
tqa321,28,-0.077183
tqa321,29,0.625028
tqa321,30,-0.296808
tqa321,31,-0.195679
tqa321,32,-35.437500
tqa321,33,-0.484482
tqa321,34,-0.515726
tqa321,35,-0.513252
tqa321,36,-0.425276
tqa321,37,-0.322582
tqa321,38,-0.419504
tqa321,39,-1.749938
tqa321,40,-9.999992
tqa321,41,-0.422058
tqa321,42,-0.426268
tqa321,43,-0.293563
tqa321,44,-0.235738
tqa321,45,-5.999936
tqa321,46,-0.078531
tqa321,47,-0.296808
tqa321,48,-0.425276
tqa321,49,-1.749938
tqa321,50,-0.425276
tqa321,51,-0.424271
tqa321,52,-3.374939
tqa321,53,-0.395298
tqa321,54,-0.296810
tqa321,55,-0.078531
tqa321,56,-0.048788
tqa321,57,0.625028
tqa321,58,-15.999999
tqa321,59,-0.077186
tqa321,60,-0.513250
tqa321,61,-37.187500
tqa321,62,-0.041541
tqa321,63,-0.482398
tqa322,0,-0.544368
tqa322,1,-36.250000
tqa322,2,-0.483189
tqa322,3,-0.513321
tqa322,4,-0.512563
tqa322,5,-0.512930
tqa322,6,-0.452396
tqa322,7,-34.375000
tqa322,8,-37.562500
tqa322,9,-0.359104
tqa322,10,-0.419406
tqa322,11,-0.454989
tqa322,12,-0.544005
tqa322,13,-37.687500
tqa322,14,-37.000000
tqa322,15,-0.513517
tqa322,16,-0.290903
tqa322,17,-36.437500
tqa322,18,-0.159587
tqa322,19,-0.354297
tqa322,20,-0.486749
tqa322,21,-33.000000
tqa322,22,-0.390355
tqa322,23,-0.131785
tqa322,24,-0.416385
tqa322,25,-37.375000
tqa322,26,-0.482379
tqa322,27,-0.166615
tqa322,28,-0.450440
tqa322,29,-0.481688
tqa322,30,-0.225891
tqa322,31,-37.062500
tqa322,32,-0.455237
tqa322,33,-37.250000
tqa322,34,-0.541940
tqa322,35,-34.625000
tqa322,36,-0.515336
tqa322,37,-0.512752
tqa322,38,-35.125000
tqa322,39,-0.515555
tqa322,40,-0.452620
tqa322,41,-0.452188
tqa322,42,-0.510710
tqa322,43,-37.375000
tqa322,44,-0.158607
tqa322,45,-0.262565
tqa322,46,-0.512376
tqa322,47,-37.375000
tqa322,48,-0.255287
tqa322,49,-0.390141
tqa322,50,-35.312500
tqa322,51,-0.480252
tqa322,52,-0.482866
tqa322,53,-33.500000
tqa322,54,-0.190656
tqa322,55,-0.259657
tqa322,56,-0.390253
tqa322,57,-0.453054
tqa322,58,-0.511634
tqa322,59,-36.187500
tqa322,60,-0.513629
tqa322,61,-35.000000
tqa322,62,-0.483194
tqa322,63,-0.388239
tqa323,0,-0.318117
tqa323,1,-0.190419
tqa323,2,-0.286007
tqa323,3,-9.749992
tqa323,4,-0.233229
tqa323,5,-0.380926
tqa323,6,-36.562500
tqa323,7,-0.412452
tqa323,8,-0.445258
tqa323,9,-0.443334
tqa323,10,-0.444107
tqa323,11,-35.562500
tqa323,12,-0.508729
tqa323,13,-0.418825
tqa323,14,-34.437500
tqa323,15,-0.540468
tqa323,16,-0.412630
tqa323,17,-35.625000
tqa323,18,-0.414030
tqa323,19,-0.413574
tqa323,20,-0.474153
tqa323,21,-0.415109
tqa323,22,-0.414975
tqa323,23,-31.375000
tqa323,24,-0.442744
tqa323,25,-0.414845
tqa323,26,-0.414030
tqa323,27,-29.250000
tqa323,28,-0.411561
tqa323,29,-29.750000
tqa323,30,-0.354583
tqa323,31,-0.416016
tqa323,32,-0.097196
tqa323,33,-37.500000
tqa323,34,-0.445258
tqa323,35,-0.257995
tqa323,36,-0.415597
tqa323,37,4.000006
tqa323,38,-35.625000
tqa323,39,-0.072955
tqa323,40,-0.358635
tqa323,41,-0.358635
tqa323,42,-36.375000
tqa323,43,-0.192630
tqa323,44,-0.070271
tqa323,45,-0.412641
tqa323,46,-0.259521
tqa323,47,-34.875000
tqa323,48,-8.374999
tqa323,49,-0.473980
tqa323,50,-0.475422
tqa323,51,-0.411561
tqa323,52,-0.285506
tqa323,53,-36.750000
tqa323,54,-0.355183
tqa323,55,-0.288128
tqa323,56,-0.352967
tqa323,57,-36.125000
tqa323,58,-0.411268
tqa323,59,-36.812500
tqa323,60,0.375024
tqa323,61,-0.286147
tqa323,62,0.375024
tqa323,63,-0.260935
tqa324,0,-0.508022
tqa324,1,-0.449166
tqa324,2,-33.375000
tqa324,3,-0.477749
tqa324,4,-24.625000
tqa324,5,-20.750000
tqa324,6,-35.000000
tqa324,7,-20.750000
tqa324,8,-0.453552
tqa324,9,-0.542109
tqa324,10,-34.625000
tqa324,11,-0.571016
tqa324,12,-0.445888
tqa324,13,-0.445888
tqa324,14,-0.417252
tqa324,15,-27.500000
tqa324,16,-0.417252
tqa324,17,-0.419368
tqa324,18,-35.250000
tqa324,19,-30.375000
tqa324,20,-34.750000
tqa324,21,-0.227294
tqa324,22,-26.375000
tqa324,23,-0.227561
tqa324,24,-0.475848
tqa324,25,-33.625000
tqa324,26,-0.447468
tqa324,27,-0.478580
tqa324,28,-0.227561
tqa324,29,-0.227294
tqa324,30,-35.375000
tqa324,31,-0.227294
tqa324,32,-0.289414
tqa324,33,-0.227966
tqa324,34,-0.227294
tqa324,35,-31.375000
tqa324,36,-0.543598
tqa324,37,-32.000000
tqa324,38,-0.511009
tqa324,39,-0.511013
tqa324,40,-0.227561
tqa324,41,-34.750000
tqa324,42,-0.227294
tqa324,43,-0.289414
tqa324,44,-0.478291
tqa324,45,-34.812500
tqa324,46,-0.446905
tqa324,47,-0.445888
tqa324,48,-0.446407
tqa324,49,-0.512176
tqa324,50,-0.358655
tqa324,51,-31.875000
tqa324,52,-0.419378
tqa324,53,-0.446907
tqa324,54,-32.375000
tqa324,55,-30.500000
tqa324,56,-0.485416
tqa324,57,-32.125000
tqa324,58,-0.516427
tqa324,59,-0.487830
tqa324,60,-0.417766
tqa324,61,-0.291022
tqa324,62,-33.125000
tqa324,63,-0.358006
tqa325,0,-24.875000
tqa325,1,-0.198606
tqa325,2,-34.125000
tqa325,3,-35.125000
tqa325,4,-0.227442
tqa325,5,-32.375000
tqa325,6,-0.227442
tqa325,7,-0.198606
tqa325,8,-0.227442
tqa325,9,-0.323045
tqa325,10,-35.750000
tqa325,11,-34.125000
tqa325,12,-0.416776
tqa325,13,-32.875000
tqa325,14,-0.383144
tqa325,15,-0.355566
tqa325,16,-0.454991
tqa325,17,-25.625000
tqa325,18,-0.514907
tqa325,19,-0.545085
tqa325,20,-36.125000
tqa325,21,-0.296599
tqa325,22,-0.226483
tqa325,23,-33.375000
tqa325,24,-0.416044
tqa325,25,-27.750000
tqa325,26,-0.387734
tqa325,27,-0.387033
tqa325,28,-0.480781
tqa325,29,-0.511312
tqa325,30,-31.750000
tqa325,31,-0.449988
tqa325,32,-34.875000
tqa325,33,-0.387033
tqa325,34,-0.041160
tqa325,35,-0.416790
tqa325,36,-0.449011
tqa325,37,-0.135072
tqa325,38,-0.449878
tqa325,39,-32.875000
tqa325,40,-0.477352
tqa325,41,-37.250000
tqa325,42,-0.448650
tqa325,43,-0.479745
tqa325,44,-0.198606
tqa325,45,-0.198606
tqa325,46,-0.169895
tqa325,47,-33.375000
tqa325,48,-34.000000
tqa325,49,-0.194306
tqa325,50,-28.750000
tqa325,51,-29.875000
tqa325,52,-0.355360
tqa325,53,-27.625000
tqa325,54,-0.165897
tqa325,55,-0.294126
tqa325,56,-28.750000
tqa325,57,-24.875000
tqa325,58,-24.875000
tqa325,59,-0.200501
tqa325,60,-0.068806
tqa325,61,-0.510083
tqa325,62,-37.000000
tqa325,63,-0.479903
tqa326,0,-0.514254
tqa326,1,-35.562500
tqa326,2,-0.417425
tqa326,3,-0.292259
tqa326,4,-0.419308
tqa326,5,-0.389686
tqa326,6,-36.187500
tqa326,7,-0.480067
tqa326,8,-0.328291
tqa326,9,-29.750000
tqa326,10,-0.291940
tqa326,11,-0.483684
tqa326,12,-36.125000
tqa326,13,-0.479889
tqa326,14,-0.422912
tqa326,15,-0.449677
tqa326,16,-0.296148
tqa326,17,-0.006896
tqa326,18,-0.418615
tqa326,19,-31.125000
tqa326,20,-34.000000
tqa326,21,-35.937500
tqa326,22,-0.198501
tqa326,23,-0.263182
tqa326,24,-36.187500
tqa326,25,-0.100163
tqa326,26,-29.625000
tqa326,27,-0.360247
tqa326,28,-0.223963
tqa326,29,-36.375000
tqa326,30,-37.625000
tqa326,31,-0.546516
tqa326,32,-31.750000
tqa326,33,-35.875000
tqa326,34,-0.417717
tqa326,35,-35.375000
tqa326,36,-34.562500
tqa326,37,-0.451152
tqa326,38,-0.225968
tqa326,39,-0.480062
tqa326,40,-36.750000
tqa326,41,-0.540001
tqa326,42,-34.375000
tqa326,43,-0.291930
tqa326,44,-34.000000
tqa326,45,-26.250000
tqa326,46,-0.480397
tqa326,47,-0.450046
tqa326,48,-0.419396
tqa326,49,-0.509775
tqa326,50,-28.375000
tqa326,51,-31.875000
tqa326,52,-0.290346
tqa326,53,-0.417717
tqa326,54,-37.562500
tqa326,55,-0.421146
tqa326,56,-0.134774
tqa326,57,-36.937500
tqa326,58,-0.448975
tqa326,59,-0.451762
tqa326,60,-0.387372
tqa326,61,-35.062500
tqa326,62,-0.357405
tqa326,63,-0.542924
tqa327,0,-32.500000
tqa327,1,-0.479922
tqa327,2,-0.512008
tqa327,3,-34.750000
tqa327,4,-0.389053
tqa327,5,-0.448821
tqa327,6,-36.687500
tqa327,7,-0.450068
tqa327,8,-28.500000
tqa327,9,-35.812500
tqa327,10,-0.418419
tqa327,11,-0.261252
tqa327,12,-33.125000
tqa327,13,-0.513134
tqa327,14,-0.542102
tqa327,15,-0.573522
tqa327,16,-0.511008
tqa327,17,-0.450938
tqa327,18,-35.625000
tqa327,19,-0.509689
tqa327,20,-0.513721
tqa327,21,-35.812500
tqa327,22,-0.511015
tqa327,23,-0.509689
tqa327,24,-0.449851
tqa327,25,-0.449851
tqa327,26,-16.125000
tqa327,27,-0.449851
tqa327,28,-0.423676
tqa327,29,-35.500000
tqa327,30,-0.423676
tqa327,31,-0.423676
tqa327,32,-0.419373
tqa327,33,-0.448040
tqa327,34,-6.999994
tqa327,35,-34.000000
tqa327,36,-0.229697
tqa327,37,-16.625000
tqa327,38,-35.000000
tqa327,39,-28.750000
tqa327,40,-0.452641
tqa327,41,-0.355616
tqa327,42,-25.625000
tqa327,43,-25.625000
tqa327,44,-0.479129
tqa327,45,-0.511015
tqa327,46,-35.500000
tqa327,47,-0.511015
tqa327,48,-0.420694
tqa327,49,-0.448673
tqa327,50,-0.448032
tqa327,51,-33.375000
tqa327,52,-0.507130
tqa327,53,-34.750000
tqa327,54,-0.387590
tqa327,55,-0.288851
tqa327,56,-0.447185
tqa327,57,-0.450814
tqa327,58,-0.354886
tqa327,59,-33.125000
tqa327,60,-0.226563
tqa327,61,-0.421598
tqa327,62,-35.687500
tqa327,63,-0.229008
tqa328,0,-0.415885
tqa328,1,-0.446569
tqa328,2,-35.375000
tqa328,3,-0.446569
tqa328,4,-0.478637
tqa328,5,-0.478637
tqa328,6,-0.478637
tqa328,7,-34.500000
tqa328,8,-35.500000
tqa328,9,-0.445474
tqa328,10,-0.233397
tqa328,11,-0.415316
tqa328,12,-0.478095
tqa328,13,-36.812500
tqa328,14,-0.505745
tqa328,15,-0.477096
tqa328,16,-0.254335
tqa328,17,-0.223891
tqa328,18,-34.500000
tqa328,19,-0.260932
tqa328,20,-34.375000
tqa328,21,-34.375000
tqa328,22,-34.375000
tqa328,23,-35.000000
tqa328,24,-0.446333
tqa328,25,-0.448452
tqa328,26,-0.445025
tqa328,27,-35.312500
tqa328,28,0.090571
tqa328,29,-0.414218
tqa328,30,-0.383092
tqa328,31,-37.125000
tqa328,32,-35.000000
tqa328,33,-34.375000
tqa328,34,-20.625000
tqa328,35,-34.375000
tqa328,36,-35.000000
tqa328,37,-36.875000
tqa328,38,-35.000000
tqa328,39,-34.375000
tqa328,40,-35.250000
tqa328,41,-0.254335
tqa328,42,-0.225508
tqa328,43,-0.254408
tqa328,44,-0.511560
tqa328,45,-28.375000
tqa328,46,-0.509457
tqa328,47,-0.541141
tqa328,48,-0.385801
tqa328,49,-0.417539
tqa328,50,-0.386634
tqa328,51,-34.500000
tqa328,52,-35.687500
tqa328,53,-0.447387
tqa328,54,-0.447840
tqa328,55,-0.506191
tqa328,56,-0.537169
tqa328,57,-37.437500
tqa328,58,-0.508942
tqa328,59,-0.508812
tqa328,60,-0.385481
tqa328,61,-37.187500
tqa328,62,-0.384620
tqa328,63,-0.413905
tqa329,0,-0.446801
tqa329,1,-31.875000
tqa329,2,-0.289211
tqa329,3,-17.750000
tqa329,4,-0.544314
tqa329,5,-30.250000
tqa329,6,-0.544307
tqa329,7,-0.544700
tqa329,8,-0.160645
tqa329,9,-0.131119
tqa329,10,14.125000
tqa329,11,-0.101369
tqa329,12,-0.410427
tqa329,13,-36.312500
tqa329,14,-0.443794
tqa329,15,-0.414025
tqa329,16,-0.503938
tqa329,17,-0.476734
tqa329,18,-36.187500
tqa329,19,-0.506026
tqa329,20,-21.125000
tqa329,21,-17.750000
tqa329,22,-0.131119
tqa329,23,-11.499998
tqa329,24,-0.542927
tqa329,25,-0.227567
tqa329,26,-0.511522
tqa329,27,-36.062500
tqa329,28,-0.162458
tqa329,29,-31.875000
tqa329,30,-27.500000
tqa329,31,9.375000
tqa329,32,-20.250000
tqa329,33,9.625000
tqa329,34,-3.624983
tqa329,35,-0.160657
tqa329,36,10.750001
tqa329,37,12.625000
tqa329,38,-0.131755
tqa329,39,-0.191228
tqa329,40,-0.223917
tqa329,41,-0.439436
tqa329,42,-0.413918
tqa329,43,-36.000000
tqa329,44,-15.375000
tqa329,45,-0.162458
tqa329,46,-25.375000
tqa329,47,-0.446801
tqa329,48,13.750000
tqa329,49,-0.160645
tqa329,50,-0.101031
tqa329,51,-0.315746
tqa329,52,-0.161460
tqa329,53,-0.160645
tqa329,54,-0.285450
tqa329,55,13.750000
tqa329,56,-16.500000
tqa329,57,-0.749986
tqa329,58,-0.192106
tqa329,59,-22.250000
tqa329,60,-19.125000
tqa329,61,-34.625000
tqa329,62,-0.540773
tqa329,63,-0.510672
tqa330,0,-0.447419
tqa330,1,-0.445974
tqa330,2,-28.750000
tqa330,3,-0.447419
tqa330,4,-34.500000
tqa330,5,-0.071078
tqa330,6,-35.500000
tqa330,7,-0.075154
tqa330,8,-0.476901
tqa330,9,-0.449691
tqa330,10,-0.539148
tqa330,11,-37.000000
tqa330,12,-0.415208
tqa330,13,-0.478112
tqa330,14,-32.125000
tqa330,15,-0.128561
tqa330,16,-28.125000
tqa330,17,-28.125000
tqa330,18,-0.224787
tqa330,19,-0.226239
tqa330,20,-27.750000
tqa330,21,-0.447419
tqa330,22,-0.447419
tqa330,23,-37.062500
tqa330,24,-0.478112
tqa330,25,-33.375000
tqa330,26,-0.474593
tqa330,27,-0.445747
tqa330,28,-28.250000
tqa330,29,-0.569390
tqa330,30,-0.479575
tqa330,31,-0.537927
tqa330,32,-29.125000
tqa330,33,-0.447419
tqa330,34,0.027243
tqa330,35,-0.412645
tqa330,36,-0.224687
tqa330,37,-0.319311
tqa330,38,-30.250000
tqa330,39,-0.570056
tqa330,40,-0.448163
tqa330,41,-0.447419
tqa330,42,-0.476182
tqa330,43,-36.875000
tqa330,44,-36.812500
tqa330,45,-0.127780
tqa330,46,-0.478003
tqa330,47,-0.446755
tqa330,48,-0.443981
tqa330,49,-0.134227
tqa330,50,-35.000000
tqa330,51,-0.102701
tqa330,52,-0.571489
tqa330,53,-38.625000
tqa330,54,-0.571489
tqa330,55,-0.567986
tqa330,56,-38.062500
tqa330,57,-0.036436
tqa330,58,-0.412645
tqa330,59,-0.066133
tqa330,60,-0.258199
tqa330,61,-0.224787
tqa330,62,-28.125000
tqa330,63,-28.125000
tqa331,0,-0.454028
tqa331,1,-0.325499
tqa331,2,-33.125000
tqa331,3,-0.325499
tqa331,4,-0.421159
tqa331,5,-0.386966
tqa331,6,-33.125000
tqa331,7,-0.426644
tqa331,8,-0.388792
tqa331,9,-0.419135
tqa331,10,-0.419135
tqa331,11,-35.500000
tqa331,12,-33.125000
tqa331,13,-0.454028
tqa331,14,-0.426644
tqa331,15,-0.325499
tqa331,16,-0.258834
tqa331,17,-36.687500
tqa331,18,-0.195326
tqa331,19,-0.383600
tqa331,20,-0.197820
tqa331,21,-0.197820
tqa331,22,-33.500000
tqa331,23,-0.390568
tqa331,24,-37.187500
tqa331,25,-0.354530
tqa331,26,-0.325499
tqa331,27,-37.187500
tqa331,28,-0.353526
tqa331,29,-0.199292
tqa331,30,-36.687500
tqa331,31,-0.255802
tqa331,32,-0.454028
tqa331,33,-0.226584
tqa331,34,-36.687500
tqa331,35,-33.125000
tqa331,36,-0.486251
tqa331,37,-0.325549
tqa331,38,-0.482607
tqa331,39,-36.250000
tqa331,40,-0.420860
tqa331,41,-0.389056
tqa331,42,-36.937500
tqa331,43,-0.393270
tqa331,44,-0.423406
tqa331,45,-0.451034
tqa331,46,-36.187500
tqa331,47,-0.422525
tqa331,48,-0.418403
tqa331,49,-0.419135
tqa331,50,-0.166257
tqa331,51,-35.000000
tqa331,52,-0.323283
tqa331,53,-0.453539
tqa331,54,-0.421822
tqa331,55,-32.625000
tqa331,56,-0.420742
tqa331,57,-0.450267
tqa331,58,-33.375000
tqa331,59,-0.448177
tqa331,60,-0.426644
tqa331,61,-35.687500
tqa331,62,-0.325499
tqa331,63,-35.375000
tqa332,0,-0.289246
tqa332,1,-0.258835
tqa332,2,-30.500000
tqa332,3,-0.130606
tqa332,4,-37.000000
tqa332,5,-23.000000
tqa332,6,-0.421601
tqa332,7,-0.389264
tqa332,8,-37.437500
tqa332,9,-0.479597
tqa332,10,-0.418107
tqa332,11,-0.450949
tqa332,12,-36.250000
tqa332,13,-0.068685
tqa332,14,-0.127984
tqa332,15,-0.067499
tqa332,16,-33.000000
tqa332,17,0.023295
tqa332,18,-0.159292
tqa332,19,-37.812500
tqa332,20,-0.482108
tqa332,21,-0.541804
tqa332,22,-0.511834
tqa332,23,-37.250000
tqa332,24,-0.510998
tqa332,25,-0.483030
tqa332,26,-36.437500
tqa332,27,-0.540140
tqa332,28,-0.293186
tqa332,29,-21.000000
tqa332,30,-0.100842
tqa332,31,-0.288898
tqa332,32,-0.409016
tqa332,33,-0.348572
tqa332,34,-0.380965
tqa332,35,-31.375000
tqa332,36,-0.101484
tqa332,37,-36.437500
tqa332,38,-0.512223
tqa332,39,-0.448680
tqa332,40,-0.479898
tqa332,41,-0.479289
tqa332,42,-32.750000
tqa332,43,-0.479015
tqa332,44,-0.005629
tqa332,45,-31.125000
tqa332,46,-0.068815
tqa332,47,-0.101943
tqa332,48,-0.100945
tqa332,49,-0.482804
tqa332,50,-0.481156
tqa332,51,-36.250000
tqa332,52,-0.162928
tqa332,53,-0.007491
tqa332,54,-30.125000
tqa332,55,-0.101577
tqa332,56,-0.388251
tqa332,57,-0.139389
tqa332,58,-36.562500
tqa332,59,-0.230442
tqa332,60,-0.226523
tqa332,61,-0.098309
tqa332,62,-32.125000
tqa332,63,-36.312500
tqa333,0,-33.250000
tqa333,1,-36.875000
tqa333,2,-0.485711
tqa333,3,-0.223042
tqa333,4,-0.603606
tqa333,5,-0.574880
tqa333,6,-0.544940
tqa333,7,-34.625000
tqa333,8,-33.625000
tqa333,9,-0.484993
tqa333,10,-0.065586
tqa333,11,-0.604653
tqa333,12,-0.544714
tqa333,13,-34.312500
tqa333,14,-0.543782
tqa333,15,-0.513099
tqa333,16,-0.543089
tqa333,17,-0.541664
tqa333,18,-0.571133
tqa333,19,-37.312500
tqa333,20,-28.750000
tqa333,21,-0.451610
tqa333,22,-0.450396
tqa333,23,-0.508389
tqa333,24,-36.625000
tqa333,25,-0.004423
tqa333,26,-0.543633
tqa333,27,-0.514132
tqa333,28,-36.125000
tqa333,29,-0.513292
tqa333,30,-0.484524
tqa333,31,-0.513484
tqa333,32,-0.575236
tqa333,33,-0.574877
tqa333,34,-0.545130
tqa333,35,-37.250000
tqa333,36,-0.485970
tqa333,37,-0.513094
tqa333,38,-0.483488
tqa333,39,-36.125000
tqa333,40,-0.340763
tqa333,41,-0.340841
tqa333,42,-0.339226
tqa333,43,-36.375000
tqa333,44,-0.450581
tqa333,45,-0.480930
tqa333,46,-0.479320
tqa333,47,-34.500000
tqa333,48,-36.000000
tqa333,49,-0.340841
tqa333,50,-0.340841
tqa333,51,-0.340763
tqa333,52,-0.221784
tqa333,53,-0.544944
tqa333,54,-0.196956
tqa333,55,-33.125000
tqa333,56,-0.481656
tqa333,57,-35.875000
tqa333,58,-0.294768
tqa333,59,-0.572616
tqa333,60,-0.415030
tqa333,61,-0.482869
tqa333,62,-37.000000
tqa333,63,-0.234799
tqa334,0,9.625001
tqa334,1,-0.291053
tqa334,2,-0.072680
tqa334,3,-0.255311
tqa334,4,-0.482601
tqa334,5,-0.479767
tqa334,6,-0.484777
tqa334,7,-34.750000
tqa334,8,-0.197578
tqa334,9,-0.448681
tqa334,10,-0.448513
tqa334,11,-32.250000
tqa334,12,-0.043936
tqa334,13,-0.323865
tqa334,14,-0.294923
tqa334,15,-21.000000
tqa334,16,-0.419485
tqa334,17,-0.266741
tqa334,18,-0.415255
tqa334,19,-35.125000
tqa334,20,-0.291050
tqa334,21,-0.044505
tqa334,22,-0.230900
tqa334,23,-36.937500
tqa334,24,-0.198601
tqa334,25,-0.420110
tqa334,26,-0.415761
tqa334,27,-33.750000
tqa334,28,-0.387687
tqa334,29,0.024931
tqa334,30,-0.266763
tqa334,31,-34.875000
tqa334,32,-0.478121
tqa334,33,-0.511184
tqa334,34,-0.327126
tqa334,35,-36.562500
tqa334,36,-0.043699
tqa334,37,-0.223901
tqa334,38,-0.073622
tqa334,39,13.375000
tqa334,40,-31.250000
tqa334,41,-0.268022
tqa334,42,-0.388054
tqa334,43,-0.414860
tqa334,44,0.019330
tqa334,45,-0.480879
tqa334,46,-30.375000
tqa334,47,-0.507028
tqa334,48,-0.194384
tqa334,49,-0.319418
tqa334,50,6.250001
tqa334,51,-0.349552
tqa334,52,-0.512678
tqa334,53,-33.000000
tqa334,54,-0.481238
tqa334,55,-0.511515
tqa334,56,-34.250000
tqa334,57,-35.750000
tqa334,58,-0.476871
tqa334,59,-32.250000
tqa334,60,-0.512320
tqa334,61,-0.450376
tqa334,62,0.020457
tqa334,63,-31.125000
tqa335,0,-30.875000
tqa335,1,-0.138837
tqa335,2,-12.499997
tqa335,3,-0.106173
tqa335,4,-0.263575
tqa335,5,-0.291867
tqa335,6,-0.264674
tqa335,7,-0.374985
tqa335,8,0.000015
tqa335,9,0.000015
tqa335,10,-8.499982
tqa335,11,0.000015
tqa335,12,-0.449525
tqa335,13,-0.478261
tqa335,14,-30.750000
tqa335,15,-0.449525
tqa335,16,-0.357178
tqa335,17,-32.000000
tqa335,18,-0.358428
tqa335,19,-0.357178
tqa335,20,-0.452595
tqa335,21,-0.299506
tqa335,22,-28.500000
tqa335,23,-0.510365
tqa335,24,0.000015
tqa335,25,-32.875000
tqa335,26,-12.624997
tqa335,27,-1.249967
tqa335,28,-0.449525
tqa335,29,-0.450354
tqa335,30,-2.874998
tqa335,31,-35.000000
tqa335,32,-0.357178
tqa335,33,-0.357178
tqa335,34,-0.357178
tqa335,35,-34.000000
tqa335,36,-0.138837
tqa335,37,-0.138837
tqa335,38,-0.137614
tqa335,39,-29.000000
tqa335,40,-0.387744
tqa335,41,-0.388127
tqa335,42,-30.250000
tqa335,43,-36.937500
tqa335,44,-0.449525
tqa335,45,-0.481238
tqa335,46,-0.449525
tqa335,47,-29.375000
tqa335,48,-34.125000
tqa335,49,-0.359921
tqa335,50,-0.387936
tqa335,51,-0.390561
tqa335,52,0.000015
tqa335,53,0.000015
tqa335,54,0.000015
tqa335,55,0.000015
tqa335,56,-0.448175
tqa335,57,-34.500000
tqa335,58,0.111957
tqa335,59,-0.449358
tqa335,60,-33.125000
tqa335,61,-0.357178
tqa335,62,-0.357178
tqa335,63,-0.357178
tqa336,0,-0.573657
tqa336,1,-0.604001
tqa336,2,-0.545303
tqa336,3,-38.562500
tqa336,4,-0.512938
tqa336,5,-0.574506
tqa336,6,-0.510268
tqa336,7,-36.812500
tqa336,8,-0.452785
tqa336,9,-0.452785
tqa336,10,-0.294505
tqa336,11,-31.750000
tqa336,12,-35.562500
tqa336,13,-0.452000
tqa336,14,-0.546083
tqa336,15,-0.546083
tqa336,16,-0.484537
tqa336,17,-0.484018
tqa336,18,-0.449554
tqa336,19,-33.750000
tqa336,20,-0.486254
tqa336,21,-0.224908
tqa336,22,-34.750000
tqa336,23,-0.482818
tqa336,24,-0.485256
tqa336,25,-0.485256
tqa336,26,-0.546083
tqa336,27,-36.062500
tqa336,28,-0.509566
tqa336,29,-0.510547
tqa336,30,-0.571503
tqa336,31,-37.750000
tqa336,32,-0.512947
tqa336,33,-24.750000
tqa336,34,-0.482998
tqa336,35,-0.482998
tqa336,36,-36.687500
tqa336,37,-0.571783
tqa336,38,-0.514243
tqa336,39,-0.324707
tqa336,40,-0.354770
tqa336,41,-0.354770
tqa336,42,-0.258341
tqa336,43,-36.625000
tqa336,44,-0.230536
tqa336,45,-0.484537
tqa336,46,-35.312500
tqa336,47,-0.484018
tqa336,48,-0.539119
tqa336,49,-0.506697
tqa336,50,-35.000000
tqa336,51,-0.508238
tqa336,52,-0.452785
tqa336,53,-0.197435
tqa336,54,-0.452785
tqa336,55,-38.062500
tqa336,56,-31.000000
tqa336,57,-0.543467
tqa336,58,-0.544311
tqa336,59,-0.515133
tqa336,60,-0.485256
tqa336,61,-33.500000
tqa336,62,-0.546083
tqa336,63,-0.546083
tqa337,0,-3.749938
tqa337,1,-3.749938
tqa337,2,-3.749938
tqa337,3,-3.749938
tqa337,4,-3.749938
tqa337,5,-3.749918
tqa337,6,-3.749918
tqa337,7,-3.749938
tqa337,8,-3.749938
tqa337,9,-3.749938
tqa337,10,-3.749938
tqa337,11,-3.749938
tqa337,12,-3.749938
tqa337,13,-3.749938
tqa337,14,-3.749938
tqa337,15,-3.749938
tqa337,16,-3.749938
tqa337,17,-3.749938
tqa337,18,-3.749938
tqa337,19,-3.749938
tqa337,20,-3.749938
tqa337,21,-3.749938
tqa337,22,-3.749938
tqa337,23,-3.749938
tqa337,24,-3.749938
tqa337,25,-3.749938
tqa337,26,-3.749938
tqa337,27,-3.749938
tqa337,28,-3.749938
tqa337,29,-3.749938
tqa337,30,-3.749938
tqa337,31,-3.749938
tqa337,32,-3.749938
tqa337,33,-3.749938
tqa337,34,-3.749938
tqa337,35,-3.749938
tqa337,36,-0.483591
tqa337,37,-0.483591
tqa337,38,-0.483591
tqa337,39,-37.312500
tqa337,40,-3.749938
tqa337,41,-3.749938
tqa337,42,-3.749938
tqa337,43,-3.749938
tqa337,44,-3.749938
tqa337,45,-3.749938
tqa337,46,-3.749938
tqa337,47,-3.749938
tqa337,48,-3.749938
tqa337,49,-3.749938
tqa337,50,-3.749938
tqa337,51,-3.749938
tqa337,52,-3.749938
tqa337,53,-3.749938
tqa337,54,-3.749938
tqa337,55,-3.749938
tqa337,56,-8.249987
tqa337,57,-0.134498
tqa337,58,-0.134498
tqa337,59,-0.134498
tqa337,60,-3.749938
tqa337,61,-3.749938
tqa337,62,-3.749938
tqa337,63,-3.749938
tqa338,0,22.000000
tqa338,1,22.000000
tqa338,2,22.000000
tqa338,3,22.000000
tqa338,4,22.000000
tqa338,5,22.000000
tqa338,6,22.000000
tqa338,7,22.000000
tqa338,8,-0.387840
tqa338,9,-32.500000
tqa338,10,-0.387840
tqa338,11,-0.506605
tqa338,12,-0.387840
tqa338,13,-0.387840
tqa338,14,-32.125000
tqa338,15,-0.387840
tqa338,16,-0.294118
tqa338,17,-0.506605
tqa338,18,-35.125000
tqa338,19,-0.387840
tqa338,20,-0.387840
tqa338,21,-0.387840
tqa338,22,-0.418105
tqa338,23,-35.937500
tqa338,24,-0.070560
tqa338,25,-29.875000
tqa338,26,-0.419689
tqa338,27,-0.419689
tqa338,28,22.250000
tqa338,29,-36.250000
tqa338,30,-0.322463
tqa338,31,22.250000
tqa338,32,22.250000
tqa338,33,-0.322463
tqa338,34,22.250000
tqa338,35,22.250000
tqa338,36,-0.448506
tqa338,37,-0.448506
tqa338,38,-0.448506
tqa338,39,-1.124997
tqa338,40,22.000000
tqa338,41,22.000000
tqa338,42,22.000000
tqa338,43,22.000000
tqa338,44,22.000000
tqa338,45,22.000000
tqa338,46,22.000000
tqa338,47,22.000000
tqa338,48,-0.517681
tqa338,49,-0.517681
tqa338,50,6.125000
tqa338,51,-0.517681
tqa338,52,22.250000
tqa338,53,-0.322463
tqa338,54,22.250000
tqa338,55,22.250000
tqa338,56,22.250000
tqa338,57,-0.322463
tqa338,58,22.250000
tqa338,59,22.250000
tqa338,60,-0.483144
tqa338,61,-0.483144
tqa338,62,-0.445871
tqa338,63,-26.750000
tqa339,0,-0.388637
tqa339,1,-35.250000
tqa339,2,-0.388637
tqa339,3,-0.388637
tqa339,4,-33.125000
tqa339,5,-0.070071
tqa339,6,-0.388637
tqa339,7,-0.037565
tqa339,8,-0.448836
tqa339,9,-0.447860
tqa339,10,-31.875000
tqa339,11,-0.448836
tqa339,12,-0.385087
tqa339,13,-0.355246
tqa339,14,-32.875000
tqa339,15,-0.387669
tqa339,16,-0.448836
tqa339,17,-0.477711
tqa339,18,-30.625000
tqa339,19,-0.477711
tqa339,20,-35.375000
tqa339,21,-0.297220
tqa339,22,-0.258124
tqa339,23,-0.478529
tqa339,24,-33.000000
tqa339,25,-0.356133
tqa339,26,-0.006845
tqa339,27,-0.387669
tqa339,28,-0.355246
tqa339,29,-0.133302
tqa339,30,-35.000000
tqa339,31,-0.099335
tqa339,32,-0.508735
tqa339,33,-0.417115
tqa339,34,-0.327190
tqa339,35,-35.125000
tqa339,36,8.875000
tqa339,37,8.875000
tqa339,38,8.875000
tqa339,39,8.875000
tqa339,40,-0.387669
tqa339,41,-34.250000
tqa339,42,-0.387669
tqa339,43,-0.327183
tqa339,44,-0.449433
tqa339,45,-0.511169
tqa339,46,-0.511169
tqa339,47,-34.875000
tqa339,48,-0.387562
tqa339,49,-0.357179
tqa339,50,-33.750000
tqa339,51,-0.357179
tqa339,52,-36.312500
tqa339,53,-0.357179
tqa339,54,-0.357179
tqa339,55,-0.387194
tqa339,56,-0.388637
tqa339,57,-31.875000
tqa339,58,-0.388637
tqa339,59,-0.232209
tqa339,60,-21.625000
tqa339,61,-36.062500
tqa339,62,-35.937500
tqa339,63,-0.447556
tqa340,0,-0.481306
tqa340,1,-0.481306
tqa340,2,-0.481306
tqa340,3,-29.000000
tqa340,4,-0.449878
tqa340,5,-36.812500
tqa340,6,-0.449878
tqa340,7,-0.449878
tqa340,8,26.250000
tqa340,9,26.250000
tqa340,10,-0.415734
tqa340,11,26.250000
tqa340,12,-0.542725
tqa340,13,-32.750000
tqa340,14,-0.481306
tqa340,15,-0.568602
tqa340,16,-14.500000
tqa340,17,-0.352758
tqa340,18,-0.542725
tqa340,19,-0.541473
tqa340,20,-0.481306
tqa340,21,-0.196115
tqa340,22,-0.481306
tqa340,23,-26.250000
tqa340,24,-0.548760
tqa340,25,-38.125000
tqa340,26,-0.548760
tqa340,27,-0.548760
tqa340,28,0.117550
tqa340,29,-24.250000
tqa340,30,-0.449878
tqa340,31,-0.450065
tqa340,32,26.500000
tqa340,33,26.500000
tqa340,34,26.500000
tqa340,35,26.500000
tqa340,36,26.500000
tqa340,37,26.500000
tqa340,38,26.500000
tqa340,39,20.125000
tqa340,40,26.500000
tqa340,41,26.500000
tqa340,42,26.500000
tqa340,43,26.500000
tqa340,44,-0.422031
tqa340,45,-0.422031
tqa340,46,-20.125000
tqa340,47,-0.166655
tqa340,48,26.500000
tqa340,49,26.500000
tqa340,50,26.500000
tqa340,51,26.500000
tqa340,52,-0.538890
tqa340,53,-30.875000
tqa340,54,-0.481306
tqa340,55,-0.481306
tqa340,56,-0.422031
tqa340,57,-0.422031
tqa340,58,-36.000000
tqa340,59,-0.422031
tqa340,60,26.250000
tqa340,61,26.250000
tqa340,62,26.250000
tqa340,63,-0.288939
tqa341,0,-0.448330
tqa341,1,-0.448330
tqa341,2,-33.812500
tqa341,3,-0.235254
tqa341,4,25.875000
tqa341,5,-0.076123
tqa341,6,-0.076123
tqa341,7,-0.076123
tqa341,8,21.500000
tqa341,9,21.500000
tqa341,10,21.500000
tqa341,11,21.500000
tqa341,12,-0.076123
tqa341,13,-0.076123
tqa341,14,-0.076123
tqa341,15,25.875000
tqa341,16,21.500000
tqa341,17,21.500000
tqa341,18,21.500000
tqa341,19,21.500000
tqa341,20,21.500000
tqa341,21,21.500000
tqa341,22,21.500000
tqa341,23,21.500000
tqa341,24,-0.225019
tqa341,25,-0.076123
tqa341,26,-0.076123
tqa341,27,25.875000
tqa341,28,21.500000
tqa341,29,21.500000
tqa341,30,21.500000
tqa341,31,21.500000
tqa341,32,-0.448330
tqa341,33,-0.448330
tqa341,34,-33.375000
tqa341,35,-0.448330
tqa341,36,-30.375000
tqa341,37,-0.448017
tqa341,38,-0.448017
tqa341,39,-24.625000
tqa341,40,21.500000
tqa341,41,21.500000
tqa341,42,21.500000
tqa341,43,21.500000
tqa341,44,21.500000
tqa341,45,21.500000
tqa341,46,21.500000
tqa341,47,21.500000
tqa341,48,-0.076123
tqa341,49,-0.076123
tqa341,50,-0.076123
tqa341,51,25.875000
tqa341,52,-0.448174
tqa341,53,-0.417927
tqa341,54,-0.448174
tqa341,55,-31.000000
tqa341,56,-0.449518
tqa341,57,-0.448330
tqa341,58,-31.500000
tqa341,59,-0.448330
tqa341,60,-32.375000
tqa341,61,-0.448174
tqa341,62,-30.375000
tqa341,63,-0.232018
tqa342,0,-0.384906
tqa342,1,-35.875000
tqa342,2,-0.445995
tqa342,3,-0.445868
tqa342,4,-0.452202
tqa342,5,-0.456040
tqa342,6,-0.484485
tqa342,7,-38.875000
tqa342,8,-0.452107
tqa342,9,-0.451356
tqa342,10,-0.365061
tqa342,11,-35.250000
tqa342,12,-0.484239
tqa342,13,-0.484485
tqa342,14,-0.450953
tqa342,15,-37.875000
tqa342,16,-0.319608
tqa342,17,-0.224862
tqa342,18,-38.125000
tqa342,19,-0.291784
tqa342,20,-0.390039
tqa342,21,-0.418916
tqa342,22,-37.937500
tqa342,23,-0.391735
tqa342,24,-38.437500
tqa342,25,-37.875000
tqa342,26,-37.875000
tqa342,27,-37.875000
tqa342,28,-0.165805
tqa342,29,-37.812500
tqa342,30,-37.812500
tqa342,31,-0.164803
tqa342,32,-37.812500
tqa342,33,-0.224678
tqa342,34,-0.225918
tqa342,35,-37.812500
tqa342,36,-0.356249
tqa342,37,-0.357010
tqa342,38,-0.357010
tqa342,39,-38.500000
tqa342,40,-0.285713
tqa342,41,-0.224862
tqa342,42,-36.875000
tqa342,43,-0.224862
tqa342,44,-0.451775
tqa342,45,-36.500000
tqa342,46,-0.483015
tqa342,47,-0.483015
tqa342,48,-37.812500
tqa342,49,-37.812500
tqa342,50,-0.165805
tqa342,51,-37.812500
tqa342,52,-0.289335
tqa342,53,-0.224862
tqa342,54,-36.875000
tqa342,55,-0.224862
tqa342,56,-36.812500
tqa342,57,-0.357010
tqa342,58,-0.387685
tqa342,59,-0.357329
tqa342,60,-38.437500
tqa342,61,-0.450075
tqa342,62,-0.452402
tqa342,63,-0.450075
tqa343,0,-37.187500
tqa343,1,-0.354471
tqa343,2,-0.265734
tqa343,3,-0.388242
tqa343,4,-0.076355
tqa343,5,-36.375000
tqa343,6,-0.045640
tqa343,7,-36.375000
tqa343,8,-0.327396
tqa343,9,-0.324877
tqa343,10,-34.125000
tqa343,11,-0.355946
tqa343,12,-0.387558
tqa343,13,-0.354892
tqa343,14,-0.356676
tqa343,15,-35.000000
tqa343,16,-38.500000
tqa343,17,-0.357200
tqa343,18,-0.353967
tqa343,19,-0.357200
tqa343,20,-0.449884
tqa343,21,-0.480579
tqa343,22,-38.375000
tqa343,23,-0.196136
tqa343,24,-0.165493
tqa343,25,-0.297280
tqa343,26,-35.625000
tqa343,27,-0.262511
tqa343,28,-35.000000
tqa343,29,-0.071342
tqa343,30,-0.356129
tqa343,31,-0.389034
tqa343,32,-0.420933
tqa343,33,-0.420933
tqa343,34,-37.375000
tqa343,35,-34.000000
tqa343,36,-0.450437
tqa343,37,-0.415389
tqa343,38,0.114689
tqa343,39,-36.187500
tqa343,40,-0.066209
tqa343,41,-32.125000
tqa343,42,-0.355074
tqa343,43,-0.449498
tqa343,44,-0.448991
tqa343,45,-0.448037
tqa343,46,-0.097411
tqa343,47,-35.500000
tqa343,48,-34.250000
tqa343,49,-0.355097
tqa343,50,-0.323673
tqa343,51,-0.328289
tqa343,52,-0.358650
tqa343,53,-0.357591
tqa343,54,-34.250000
tqa343,55,-0.229597
tqa343,56,-0.448050
tqa343,57,-33.000000
tqa343,58,-0.480761
tqa343,59,-0.420933
tqa343,60,-0.262317
tqa343,61,-0.262317
tqa343,62,-0.264207
tqa343,63,-4.499925
tqa344,0,-0.449903
tqa344,1,-0.454014
tqa344,2,-0.514706
tqa344,3,-37.062500
tqa344,4,-37.687500
tqa344,5,-0.575077
tqa344,6,-0.542740
tqa344,7,-0.512761
tqa344,8,-0.451143
tqa344,9,-36.937500
tqa344,10,-0.483655
tqa344,11,-0.483655
tqa344,12,-0.479139
tqa344,13,8.125001
tqa344,14,-0.165873
tqa344,15,-0.451958
tqa344,16,3.125005
tqa344,17,-0.225258
tqa344,18,-33.750000
tqa344,19,-0.226928
tqa344,20,-0.540270
tqa344,21,-21.625000
tqa344,22,-0.454168
tqa344,23,-0.485669
tqa344,24,-36.875000
tqa344,25,-0.483456
tqa344,26,-0.449034
tqa344,27,-0.420234
tqa344,28,-0.514256
tqa344,29,-0.513337
tqa344,30,-29.875000
tqa344,31,-0.314405
tqa344,32,-0.453217
tqa344,33,-35.000000
tqa344,34,-0.453450
tqa344,35,-0.448158
tqa344,36,-0.542743
tqa344,37,-33.500000
tqa344,38,-0.541645
tqa344,39,-0.484936
tqa344,40,-0.513067
tqa344,41,-0.478836
tqa344,42,-35.250000
tqa344,43,-0.547291
tqa344,44,-0.416657
tqa344,45,-37.375000
tqa344,46,-0.254910
tqa344,47,-0.451771
tqa344,48,-0.423483
tqa344,49,-35.625000
tqa344,50,-0.451337
tqa344,51,-0.448496
tqa344,52,-0.514256
tqa344,53,-0.483652
tqa344,54,-37.937500
tqa344,55,-0.485677
tqa344,56,-37.187500
tqa344,57,-0.419126
tqa344,58,-0.419126
tqa344,59,-0.545538
tqa344,60,-0.484086
tqa344,61,-0.483636
tqa344,62,-0.450935
tqa344,63,-37.875000
tqa345,0,-0.542429
tqa345,1,-0.539518
tqa345,2,-36.687500
tqa345,3,-32.500000
tqa345,4,8.250000
tqa345,5,-0.314560
tqa345,6,-0.413380
tqa345,7,-0.007149
tqa345,8,-34.125000
tqa345,9,-0.292421
tqa345,10,-0.479755
tqa345,11,-0.351447
tqa345,12,-33.125000
tqa345,13,-0.385703
tqa345,14,-0.296971
tqa345,15,-30.875000
tqa345,16,-34.750000
tqa345,17,-0.280102
tqa345,18,-0.541086
tqa345,19,-0.541086
tqa345,20,-0.513491
tqa345,21,-0.482446
tqa345,22,-33.875000
tqa345,23,-0.328302
tqa345,24,-0.387577
tqa345,25,-0.325833
tqa345,26,-29.625000
tqa345,27,-0.482258
tqa345,28,-0.482258
tqa345,29,-0.449485
tqa345,30,-0.509967
tqa345,31,-31.375000
tqa345,32,-17.375000
tqa345,33,-0.510859
tqa345,34,-0.510859
tqa345,35,-0.315438
tqa345,36,-33.125000
tqa345,37,-32.375000
tqa345,38,-16.125000
tqa345,39,-0.475665
tqa345,40,-32.375000
tqa345,41,-0.509967
tqa345,42,-0.482258
tqa345,43,-0.449485
tqa345,44,-0.388535
tqa345,45,-0.357263
tqa345,46,-0.512524
tqa345,47,-34.687500
tqa345,48,-0.479593
tqa345,49,-0.478757
tqa345,50,-0.478438
tqa345,51,-35.312500
tqa345,52,-0.478465
tqa345,53,-0.483195
tqa345,54,-31.250000
tqa345,55,-0.446140
tqa345,56,-0.538355
tqa345,57,-29.875000
tqa345,58,-0.538355
tqa345,59,-0.541788
tqa345,60,-0.319016
tqa345,61,-29.500000
tqa345,62,-0.413165
tqa345,63,-0.318275
tqa346,0,-0.134918
tqa346,1,-0.417911
tqa346,2,-0.420082
tqa346,3,-35.562500
tqa346,4,-0.509777
tqa346,5,-0.509777
tqa346,6,-0.481429
tqa346,7,-34.875000
tqa346,8,-0.450351
tqa346,9,-34.625000
tqa346,10,-0.419892
tqa346,11,-0.419892
tqa346,12,-0.388989
tqa346,13,-0.416482
tqa346,14,-0.416482
tqa346,15,14.000000
tqa346,16,-36.250000
tqa346,17,-7.624981
tqa346,18,-36.812500
tqa346,19,-7.624981
tqa346,20,-0.417845
tqa346,21,-35.125000
tqa346,22,-0.509777
tqa346,23,-0.418013
tqa346,24,-0.516742
tqa346,25,-32.875000
tqa346,26,-0.484318
tqa346,27,-0.516742
tqa346,28,-36.250000
tqa346,29,-36.250000
tqa346,30,-7.624981
tqa346,31,14.500000
tqa346,32,-0.579740
tqa346,33,-32.250000
tqa346,34,-0.579740
tqa346,35,-0.579740
tqa346,36,-0.517753
tqa346,37,-0.548750
tqa346,38,-29.250000
tqa346,39,-0.548750
tqa346,40,-0.516742
tqa346,41,-0.547277
tqa346,42,-33.750000
tqa346,43,-0.516742
tqa346,44,-36.250000
tqa346,45,14.500000
tqa346,46,14.500000
tqa346,47,-7.624981
tqa346,48,-34.250000
tqa346,49,-0.450351
tqa346,50,-0.136437
tqa346,51,-0.480420
tqa346,52,-36.812500
tqa346,53,-7.624981
tqa346,54,-7.624981
tqa346,55,14.500000
tqa346,56,14.500000
tqa346,57,14.500000
tqa346,58,-7.624981
tqa346,59,14.500000
tqa346,60,-0.545941
tqa346,61,-0.544502
tqa346,62,-0.513641
tqa346,63,-33.312500
tqa347,0,-0.386002
tqa347,1,-0.164339
tqa347,2,-34.250000
tqa347,3,-33.625000
tqa347,4,-0.047068
tqa347,5,-0.047068
tqa347,6,6.250002
tqa347,7,-0.047068
tqa347,8,11.625000
tqa347,9,-0.413784
tqa347,10,-0.418371
tqa347,11,-0.418475
tqa347,12,-0.416166
tqa347,13,-0.356418
tqa347,14,-30.875000
tqa347,15,-0.416166
tqa347,16,3.875008
tqa347,17,3.875008
tqa347,18,6.375002
tqa347,19,6.375002
tqa347,20,6.375002
tqa347,21,3.875008
tqa347,22,6.375002
tqa347,23,3.875008
tqa347,24,-30.625000
tqa347,25,-0.418732
tqa347,26,-0.482193
tqa347,27,-0.418732
tqa347,28,-0.418732
tqa347,29,-0.481998
tqa347,30,-0.482193
tqa347,31,-24.625000
tqa347,32,6.250002
tqa347,33,-0.105367
tqa347,34,3.875009
tqa347,35,-0.047068
tqa347,36,6.250002
tqa347,37,-0.105367
tqa347,38,3.875009
tqa347,39,3.875009
tqa347,40,-0.486241
tqa347,41,-0.486241
tqa347,42,-0.513058
tqa347,43,-31.250000
tqa347,44,-27.875000
tqa347,45,-0.418371
tqa347,46,-0.418371
tqa347,47,-0.418371
tqa347,48,-0.874987
tqa347,49,-0.416166
tqa347,50,-0.326164
tqa347,51,-31.125000
tqa347,52,-0.514392
tqa347,53,-0.513058
tqa347,54,-10.374999
tqa347,55,-0.486241
tqa347,56,-0.387115
tqa347,57,-20.000000
tqa347,58,-0.161782
tqa347,59,-0.262681
tqa347,60,-30.000000
tqa347,61,-0.481998
tqa347,62,-0.482193
tqa347,63,-0.164944
tqa348,0,-0.381996
tqa348,1,-35.687500
tqa348,2,-0.384782
tqa348,3,0.112204
tqa348,4,-0.476054
tqa348,5,-0.476281
tqa348,6,-0.449988
tqa348,7,-37.250000
tqa348,8,-36.750000
tqa348,9,-29.250000
tqa348,10,-0.472407
tqa348,11,-0.506299
tqa348,12,-0.162828
tqa348,13,0.051937
tqa348,14,-25.375000
tqa348,15,-0.105541
tqa348,16,-0.477069
tqa348,17,-30.875000
tqa348,18,-0.474344
tqa348,19,-0.504589
tqa348,20,-0.475163
tqa348,21,-0.446202
tqa348,22,-36.875000
tqa348,23,-0.505505
tqa348,24,-35.375000
tqa348,25,-0.294626
tqa348,26,-0.163305
tqa348,27,-0.235423
tqa348,28,-36.562500
tqa348,29,-0.381996
tqa348,30,-0.321577
tqa348,31,-0.353238
tqa348,32,-35.312500
tqa348,33,-0.447397
tqa348,34,-0.442997
tqa348,35,-0.416159
tqa348,36,-0.009072
tqa348,37,-0.413145
tqa348,38,-32.250000
tqa348,39,-0.349581
tqa348,40,-0.505505
tqa348,41,-0.446205
tqa348,42,-0.475163
tqa348,43,-35.500000
tqa348,44,-16.625000
tqa348,45,-25.375000
tqa348,46,-0.162828
tqa348,47,-25.375000
tqa348,48,-0.198919
tqa348,49,-0.326682
tqa348,50,-34.000000
tqa348,51,-0.326682
tqa348,52,-0.416140
tqa348,53,-35.250000
tqa348,54,-36.000000
tqa348,55,-0.221456
tqa348,56,-0.231154
tqa348,57,-32.125000
tqa348,58,-0.423665
tqa348,59,-0.423665
tqa348,60,-0.505505
tqa348,61,-0.447129
tqa348,62,-0.447262
tqa348,63,-33.750000
tqa349,0,-0.486773
tqa349,1,-0.450947
tqa349,2,-29.875000
tqa349,3,-0.229444
tqa349,4,-37.937500
tqa349,5,-0.165886
tqa349,6,-0.164924
tqa349,7,-0.411612
tqa349,8,-0.541652
tqa349,9,3.250002
tqa349,10,-0.541652
tqa349,11,-0.513141
tqa349,12,-0.427856
tqa349,13,-0.392502
tqa349,14,-39.187500
tqa349,15,-0.391275
tqa349,16,-0.165886
tqa349,17,-0.165886
tqa349,18,-0.284957
tqa349,19,-38.500000
tqa349,20,10.125000
tqa349,21,10.125000
tqa349,22,14.625000
tqa349,23,14.625000
tqa349,24,-0.134563
tqa349,25,-0.048093
tqa349,26,-34.000000
tqa349,27,-0.513065
tqa349,28,-0.482206
tqa349,29,-0.515965
tqa349,30,-25.750000
tqa349,31,-0.514683
tqa349,32,-37.500000
tqa349,33,14.625000
tqa349,34,14.625000
tqa349,35,14.625000
tqa349,36,14.625000
tqa349,37,10.125000
tqa349,38,14.625000
tqa349,39,14.625000
tqa349,40,-38.625000
tqa349,41,-0.165886
tqa349,42,-0.165886
tqa349,43,-0.165886
tqa349,44,14.625000
tqa349,45,14.625000
tqa349,46,14.625000
tqa349,47,14.625000
tqa349,48,-0.416327
tqa349,49,-0.515801
tqa349,50,-0.513860
tqa349,51,-34.500000
tqa349,52,14.625000
tqa349,53,14.625000
tqa349,54,-38.750000
tqa349,55,-38.437500
tqa349,56,-34.375000
tqa349,57,-0.457652
tqa349,58,-0.457652
tqa349,59,-0.452845
tqa349,60,14.625000
tqa349,61,14.625000
tqa349,62,14.625000
tqa349,63,14.625000
tqa350,0,-0.191281
tqa350,1,-35.437500
tqa350,2,-33.250000
tqa350,3,-0.160384
tqa350,4,-32.750000
tqa350,5,-30.250000
tqa350,6,-37.187500
tqa350,7,-28.250000
tqa350,8,-33.125000
tqa350,9,-35.875000
tqa350,10,-0.191976
tqa350,11,-32.875000
tqa350,12,-33.750000
tqa350,13,-30.875000
tqa350,14,-32.750000
tqa350,15,-33.375000
tqa350,16,-23.750000
tqa350,17,-36.062500
tqa350,18,-35.562500
tqa350,19,-30.500000
tqa350,20,-0.388475
tqa350,21,-35.500000
tqa350,22,-0.512683
tqa350,23,-0.513661
tqa350,24,-32.750000
tqa350,25,-0.040343
tqa350,26,-30.625000
tqa350,27,-0.190247
tqa350,28,-37.187500
tqa350,29,-34.000000
tqa350,30,-30.500000
tqa350,31,-28.500000
tqa350,32,-32.750000
tqa350,33,-33.250000
tqa350,34,-34.000000
tqa350,35,-35.625000
tqa350,36,-32.750000
tqa350,37,-37.500000
tqa350,38,-32.875000
tqa350,39,-0.159917
tqa350,40,-31.750000
tqa350,41,-37.187500
tqa350,42,-33.625000
tqa350,43,-36.437500
tqa350,44,-32.750000
tqa350,45,-31.250000
tqa350,46,-34.125000
tqa350,47,-33.500000
tqa350,48,-34.750000
tqa350,49,-31.000000
tqa350,50,-32.500000
tqa350,51,-34.000000
tqa350,52,-34.812500
tqa350,53,-33.750000
tqa350,54,-30.625000
tqa350,55,-32.875000
tqa350,56,-0.545727
tqa350,57,-0.544119
tqa350,58,-0.544498
tqa350,59,-35.562500
tqa350,60,-0.221718
tqa350,61,-35.250000
tqa350,62,-29.375000
tqa350,63,-33.875000
tqa351,0,-0.449897
tqa351,1,15.625000
tqa351,2,-0.046389
tqa351,3,-0.472301
tqa351,4,-37.312500
tqa351,5,-0.417609
tqa351,6,-0.386084
tqa351,7,-0.386084
tqa351,8,2.250001
tqa351,9,0.118625
tqa351,10,-0.387223
tqa351,11,-0.139883
tqa351,12,-0.137806
tqa351,13,-4.624982
tqa351,14,-0.480768
tqa351,15,-0.447361
tqa351,16,-0.449897
tqa351,17,-0.449897
tqa351,18,15.625000
tqa351,19,-0.449531
tqa351,20,-0.413790
tqa351,21,-0.416612
tqa351,22,-0.387508
tqa351,23,-2.499998
tqa351,24,-0.504082
tqa351,25,-0.413572
tqa351,26,-0.417609
tqa351,27,-32.875000
tqa351,28,-22.125000
tqa351,29,-0.387888
tqa351,30,-0.358253
tqa351,31,-18.375000
tqa351,32,-0.389069
tqa351,33,-0.389069
tqa351,34,-0.417105
tqa351,35,-6.624986
tqa351,36,-0.104363
tqa351,37,-0.324706
tqa351,38,-0.104363
tqa351,39,-37.750000
tqa351,40,-0.415366
tqa351,41,-35.750000
tqa351,42,-0.386084
tqa351,43,-0.386084
tqa351,44,-34.000000
tqa351,45,-0.194021
tqa351,46,-34.000000
tqa351,47,-34.000000
tqa351,48,-0.441901
tqa351,49,-0.382343
tqa351,50,-29.875000
tqa351,51,-0.354908
tqa351,52,-0.479912
tqa351,53,-0.479584
tqa351,54,-0.479912
tqa351,55,13.250000
tqa351,56,-0.513265
tqa351,57,-0.538278
tqa351,58,-0.511518
tqa351,59,-31.875000
tqa351,60,-0.450187
tqa351,61,-0.421756
tqa351,62,-0.480698
tqa351,63,-20.250000
tqa352,0,-0.605441
tqa352,1,-0.605441
tqa352,2,-34.125000
tqa352,3,-0.192346
tqa352,4,-0.545442
tqa352,5,-36.125000
tqa352,6,-0.545442
tqa352,7,-0.451386
tqa352,8,-0.605441
tqa352,9,-0.124996
tqa352,10,-0.605441
tqa352,11,-0.605441
tqa352,12,26.875000
tqa352,13,26.875000
tqa352,14,26.875000
tqa352,15,26.875000
tqa352,16,26.875000
tqa352,17,26.875000
tqa352,18,26.875000
tqa352,19,26.875000
tqa352,20,-0.605441
tqa352,21,-0.605441
tqa352,22,-0.605441
tqa352,23,-31.625000
tqa352,24,-3.999999
tqa352,25,-0.545116
tqa352,26,-0.515297
tqa352,27,-0.517247
tqa352,28,26.875000
tqa352,29,26.875000
tqa352,30,26.875000
tqa352,31,26.875000
tqa352,32,-0.545442
tqa352,33,-0.545442
tqa352,34,-0.545442
tqa352,35,-20.375000
tqa352,36,26.875000
tqa352,37,26.875000
tqa352,38,26.875000
tqa352,39,26.875000
tqa352,40,26.875000
tqa352,41,26.875000
tqa352,42,26.875000
tqa352,43,26.875000
tqa352,44,-0.515266
tqa352,45,-0.515266
tqa352,46,5.375001
tqa352,47,-0.515266
tqa352,48,-0.516266
tqa352,49,-0.516266
tqa352,50,-0.516266
tqa352,51,-25.000000
tqa352,52,-0.545116
tqa352,53,-0.545116
tqa352,54,-0.545116
tqa352,55,-28.250000
tqa352,56,-0.545116
tqa352,57,-29.250000
tqa352,58,-0.545116
tqa352,59,-0.545116
tqa352,60,-0.484084
tqa352,61,-0.483644
tqa352,62,-0.483644
tqa352,63,-31.875000
tqa353,0,-31.000000
tqa353,1,-0.511637
tqa353,2,-0.418622
tqa353,3,-0.511806
tqa353,4,-0.511807
tqa353,5,-0.225875
tqa353,6,-0.874994
tqa353,7,-0.510680
tqa353,8,-0.512347
tqa353,9,-0.509123
tqa353,10,-36.250000
tqa353,11,-36.437500
tqa353,12,-0.357198
tqa353,13,-33.750000
tqa353,14,-0.227831
tqa353,15,-0.326157
tqa353,16,-0.544574
tqa353,17,-0.509977
tqa353,18,-0.200081
tqa353,19,-34.687500
tqa353,20,-0.604285
tqa353,21,-17.000000
tqa353,22,-0.188951
tqa353,23,-0.572036
tqa353,24,-0.256505
tqa353,25,-0.509557
tqa353,26,-34.562500
tqa353,27,-0.446115
tqa353,28,-0.515086
tqa353,29,-0.543249
tqa353,30,-0.575432
tqa353,31,-33.750000
tqa353,32,-0.258511
tqa353,33,-0.480925
tqa353,34,-25.000000
tqa353,35,-0.516252
tqa353,36,-0.572885
tqa353,37,-0.483191
tqa353,38,-36.625000
tqa353,39,-0.251374
tqa353,40,-0.130785
tqa353,41,-0.510852
tqa353,42,-0.509289
tqa353,43,-32.875000
tqa353,44,-0.572885
tqa353,45,-0.572885
tqa353,46,-35.937500
tqa353,47,-0.541928
tqa353,48,-0.480925
tqa353,49,-37.125000
tqa353,50,-0.418617
tqa353,51,-0.451735
tqa353,52,-0.416770
tqa353,53,-0.512943
tqa353,54,-0.288126
tqa353,55,-33.000000
tqa353,56,-0.512156
tqa353,57,-0.511807
tqa353,58,-32.875000
tqa353,59,-0.511807
tqa353,60,-0.453914
tqa353,61,-0.380119
tqa353,62,-31.625000
tqa353,63,-0.482273
tqa354,0,-0.289548
tqa354,1,-0.131568
tqa354,2,-35.625000
tqa354,3,-0.257174
tqa354,4,-37.000000
tqa354,5,-0.100905
tqa354,6,-37.000000
tqa354,7,-0.041870
tqa354,8,-0.100905
tqa354,9,-36.750000
tqa354,10,-37.000000
tqa354,11,-0.259218
tqa354,12,-21.000000
tqa354,13,-0.447202
tqa354,14,-0.386471
tqa354,15,-0.385234
tqa354,16,-35.437500
tqa354,17,-0.413599
tqa354,18,-0.413599
tqa354,19,-0.416043
tqa354,20,-37.000000
tqa354,21,-0.041870
tqa354,22,-0.041870
tqa354,23,-0.259218
tqa354,24,-36.062500
tqa354,25,-0.414646
tqa354,26,-0.568804
tqa354,27,-0.541043
tqa354,28,-0.100905
tqa354,29,-35.000000
tqa354,30,-37.062500
tqa354,31,-0.100905
tqa354,32,-36.750000
tqa354,33,0.026358
tqa354,34,-0.413929
tqa354,35,-0.354264
tqa354,36,-30.875000
tqa354,37,-0.414869
tqa354,38,-0.413929
tqa354,39,-0.414869
tqa354,40,-0.100905
tqa354,41,-0.256397
tqa354,42,-0.100905
tqa354,43,-37.000000
tqa354,44,-0.412648
tqa354,45,-34.750000
tqa354,46,-0.416046
tqa354,47,-0.384515
tqa354,48,-37.500000
tqa354,49,-0.289548
tqa354,50,-0.131568
tqa354,51,-37.000000
tqa354,52,-0.100905
tqa354,53,-0.257174
tqa354,54,-0.100905
tqa354,55,-37.000000
tqa354,56,-0.448510
tqa354,57,-0.481064
tqa354,58,-23.875000
tqa354,59,-0.479445
tqa354,60,-0.356627
tqa354,61,-14.624999
tqa354,62,-14.624999
tqa354,63,-0.163405
tqa355,0,-0.485497
tqa355,1,-0.453293
tqa355,2,-13.500000
tqa355,3,-36.312500
tqa355,4,-0.485726
tqa355,5,-0.291323
tqa355,6,-32.500000
tqa355,7,-0.165739
tqa355,8,-0.482594
tqa355,9,-0.485726
tqa355,10,-32.250000
tqa355,11,-0.485726
tqa355,12,-0.423483
tqa355,13,-31.250000
tqa355,14,-0.423483
tqa355,15,-0.257215
tqa355,16,-0.484253
tqa355,17,-36.000000
tqa355,18,-34.000000
tqa355,19,-0.547053
tqa355,20,-0.232190
tqa355,21,-0.515038
tqa355,22,-0.416047
tqa355,23,-32.375000
tqa355,24,-0.485497
tqa355,25,-33.375000
tqa355,26,-0.452547
tqa355,27,-0.515279
tqa355,28,-0.548249
tqa355,29,-19.250000
tqa355,30,-0.350548
tqa355,31,-0.579496
tqa355,32,-0.454977
tqa355,33,-0.383230
tqa355,34,-0.454977
tqa355,35,-32.250000
tqa355,36,-0.227430
tqa355,37,-35.812500
tqa355,38,-0.356704
tqa355,39,-0.517742
tqa355,40,-31.125000
tqa355,41,-0.322124
tqa355,42,-0.388050
tqa355,43,-0.514043
tqa355,44,-0.488044
tqa355,45,-0.488044
tqa355,46,-0.519025
tqa355,47,-26.875000
tqa355,48,-0.453212
tqa355,49,-0.223260
tqa355,50,-13.875000
tqa355,51,-0.454977
tqa355,52,-29.000000
tqa355,53,-0.517505
tqa355,54,-0.167837
tqa355,55,-0.547053
tqa355,56,-0.545732
tqa355,57,-0.547053
tqa355,58,-0.546532
tqa355,59,-18.375000
tqa355,60,-0.423483
tqa355,61,-0.485497
tqa355,62,-0.485497
tqa355,63,-33.375000
tqa356,0,0.125028
tqa356,1,0.125028
tqa356,2,-36.375000
tqa356,3,-0.223722
tqa356,4,-0.072513
tqa356,5,-0.320464
tqa356,6,-15.124999
tqa356,7,-0.319403
tqa356,8,-0.510077
tqa356,9,-0.481063
tqa356,10,-36.187500
tqa356,11,-0.510077
tqa356,12,-0.389706
tqa356,13,-0.449006
tqa356,14,-25.750000
tqa356,15,-0.452191
tqa356,16,-34.625000
tqa356,17,-0.542449
tqa356,18,-0.512501
tqa356,19,-0.573696
tqa356,20,-0.223878
tqa356,21,0.125028
tqa356,22,0.125028
tqa356,23,0.125028
tqa356,24,-0.072513
tqa356,25,-0.102576
tqa356,26,-0.072513
tqa356,27,3.250008
tqa356,28,-0.256030
tqa356,29,-24.000000
tqa356,30,-15.124999
tqa356,31,-15.124999
tqa356,32,-0.449994
tqa356,33,-0.165728
tqa356,34,-35.375000
tqa356,35,-0.510077
tqa356,36,-11.499998
tqa356,37,-0.415763
tqa356,38,-0.446480
tqa356,39,-0.509936
tqa356,40,-0.542449
tqa356,41,-35.375000
tqa356,42,-0.542449
tqa356,43,-0.545113
tqa356,44,-31.375000
tqa356,45,-0.450763
tqa356,46,-0.451699
tqa356,47,-0.510077
tqa356,48,-0.569965
tqa356,49,-0.479276
tqa356,50,-32.500000
tqa356,51,-0.449543
tqa356,52,-34.125000
tqa356,53,-0.484555
tqa356,54,-0.573696
tqa356,55,-0.545535
tqa356,56,-0.321450
tqa356,57,-36.562500
tqa356,58,-0.319403
tqa356,59,-0.224290
tqa356,60,-15.124999
tqa356,61,-0.072513
tqa356,62,-0.320464
tqa356,63,-0.104068
tqa357,0,-0.604562
tqa357,1,-16.625000
tqa357,2,-0.604562
tqa357,3,-0.604562
tqa357,4,23.625000
tqa357,5,23.625000
tqa357,6,23.625000
tqa357,7,23.625000
tqa357,8,-27.375000
tqa357,9,-0.480871
tqa357,10,-0.480871
tqa357,11,-0.480871
tqa357,12,-0.544096
tqa357,13,-22.875000
tqa357,14,-0.544096
tqa357,15,-0.544096
tqa357,16,23.625000
tqa357,17,23.625000
tqa357,18,23.625000
tqa357,19,23.625000
tqa357,20,-0.544096
tqa357,21,-0.544096
tqa357,22,-0.544096
tqa357,23,5.625000
tqa357,24,-8.499999
tqa357,25,-0.607415
tqa357,26,-0.607415
tqa357,27,-0.607415
tqa357,28,-0.322852
tqa357,29,-0.541168
tqa357,30,-0.541168
tqa357,31,-27.000000
tqa357,32,-0.480871
tqa357,33,-0.480871
tqa357,34,-0.480871
tqa357,35,-33.750000
tqa357,36,-0.419291
tqa357,37,-0.419291
tqa357,38,-0.419291
tqa357,39,-30.625000
tqa357,40,23.625000
tqa357,41,23.625000
tqa357,42,23.625000
tqa357,43,23.625000
tqa357,44,23.625000
tqa357,45,23.625000
tqa357,46,23.625000
tqa357,47,23.625000
tqa357,48,-0.543734
tqa357,49,-27.875000
tqa357,50,-19.625000
tqa357,51,-0.543734
tqa357,52,-23.250000
tqa357,53,-0.450948
tqa357,54,-0.450948
tqa357,55,-0.450948
tqa357,56,-31.250000
tqa357,57,-0.419296
tqa357,58,-0.419296
tqa357,59,-0.419296
tqa357,60,-0.543734
tqa357,61,-0.543734
tqa357,62,-23.500000
tqa357,63,-0.543734
tqa358,0,-34.812500
tqa358,1,-0.386828
tqa358,2,0.050360
tqa358,3,-0.356778
tqa358,4,-0.384495
tqa358,5,-0.388419
tqa358,6,-0.384495
tqa358,7,-31.250000
tqa358,8,-0.044700
tqa358,9,-34.000000
tqa358,10,-0.418995
tqa358,11,-0.418797
tqa358,12,-0.479568
tqa358,13,-0.512378
tqa358,14,-29.250000
tqa358,15,-0.512378
tqa358,16,-0.417068
tqa358,17,-0.419278
tqa358,18,-0.449338
tqa358,19,-33.625000
tqa358,20,-0.386834
tqa358,21,-32.000000
tqa358,22,-30.250000
tqa358,23,-0.164812
tqa358,24,-0.418808
tqa358,25,-0.480055
tqa358,26,-34.625000
tqa358,27,-0.419172
tqa358,28,-0.510386
tqa358,29,-0.544482
tqa358,30,-0.326974
tqa358,31,-36.812500
tqa358,32,-0.510807
tqa358,33,-0.288136
tqa358,34,-36.187500
tqa358,35,-0.511147
tqa358,36,-34.250000
tqa358,37,-0.418995
tqa358,38,-0.389243
tqa358,39,-0.419091
tqa358,40,-0.541348
tqa358,41,-0.159497
tqa358,42,-35.437500
tqa358,43,-0.445416
tqa358,44,-34.250000
tqa358,45,-35.125000
tqa358,46,-0.097576
tqa358,47,-0.541348
tqa358,48,-0.388419
tqa358,49,-0.384785
tqa358,50,-0.385817
tqa358,51,-36.250000
tqa358,52,-0.416443
tqa358,53,-0.479264
tqa358,54,-35.750000
tqa358,55,-0.386161
tqa358,56,-0.514045
tqa358,57,-0.512382
tqa358,58,-0.508740
tqa358,59,-37.625000
tqa358,60,-0.539981
tqa358,61,-0.543801
tqa358,62,-35.250000
tqa358,63,-0.318917
tqa359,0,-0.512319
tqa359,1,-3.999926
tqa359,2,-0.512319
tqa359,3,-0.511356
tqa359,4,-0.478997
tqa359,5,-0.572591
tqa359,6,-0.571513
tqa359,7,-32.625000
tqa359,8,-0.541019
tqa359,9,-37.000000
tqa359,10,-0.297057
tqa359,11,-0.573513
tqa359,12,-0.512319
tqa359,13,-0.356820
tqa359,14,-7.374981
tqa359,15,-32.625000
tqa359,16,-0.482956
tqa359,17,-0.481824
tqa359,18,-27.375000
tqa359,19,-14.625000
tqa359,20,-0.506816
tqa359,21,-36.187500
tqa359,22,-0.473629
tqa359,23,-0.508552
tqa359,24,-0.451698
tqa359,25,-3.999926
tqa359,26,-3.999926
tqa359,27,-0.482956
tqa359,28,-0.544314
tqa359,29,-34.937500
tqa359,30,-0.291959
tqa359,31,-0.544314
tqa359,32,-4.999923
tqa359,33,-0.509926
tqa359,34,-0.512700
tqa359,35,-0.512700
tqa359,36,-0.536951
tqa359,37,-0.538921
tqa359,38,-0.284650
tqa359,39,-36.750000
tqa359,40,-0.169437
tqa359,41,-0.418394
tqa359,42,-32.875000
tqa359,43,-0.543547
tqa359,44,-0.451704
tqa359,45,-33.250000
tqa359,46,-0.481066
tqa359,47,-0.294318
tqa359,48,-28.375000
tqa359,49,-0.164189
tqa359,50,-0.509334
tqa359,51,-0.540862
tqa359,52,-0.541019
tqa359,53,-0.541019
tqa359,54,-0.541019
tqa359,55,-30.375000
tqa359,56,-0.481824
tqa359,57,-2.249944
tqa359,58,-0.481824
tqa359,59,-0.512319
tqa359,60,-0.510111
tqa359,61,-0.631404
tqa359,62,-0.510106
tqa359,63,-33.562500
tqa360,0,-0.418086
tqa360,1,-0.039416
tqa360,2,-0.359546
tqa360,3,-34.500000
tqa360,4,-0.447171
tqa360,5,-36.812500
tqa360,6,-36.812500
tqa360,7,-0.450571
tqa360,8,-0.201133
tqa360,9,-30.875000
tqa360,10,-0.170919
tqa360,11,-0.393749
tqa360,12,-0.389673
tqa360,13,-0.417723
tqa360,14,-36.750000
tqa360,15,-0.417723
tqa360,16,-0.297217
tqa360,17,-0.452836
tqa360,18,-0.360183
tqa360,19,-32.500000
tqa360,20,-31.875000
tqa360,21,-35.937500
tqa360,22,-0.418248
tqa360,23,-0.358207
tqa360,24,-0.479925
tqa360,25,-37.937500
tqa360,26,-0.420288
tqa360,27,-36.500000
tqa360,28,-0.262022
tqa360,29,-37.000000
tqa360,30,-0.043561
tqa360,31,-0.107202
tqa360,32,-0.361163
tqa360,33,-36.375000
tqa360,34,-0.228365
tqa360,35,-0.452846
tqa360,36,-0.447171
tqa360,37,-0.420538
tqa360,38,-0.453773
tqa360,39,-36.687500
tqa360,40,-0.514912
tqa360,41,-35.062500
tqa360,42,-0.516190
tqa360,43,-0.360258
tqa360,44,-0.421341
tqa360,45,-0.449505
tqa360,46,-0.071119
tqa360,47,-34.750000
tqa360,48,-0.417568
tqa360,49,-0.389673
tqa360,50,-36.750000
tqa360,51,-0.358204
tqa360,52,-0.420297
tqa360,53,-0.451422
tqa360,54,-0.478438
tqa360,55,-37.250000
tqa360,56,-0.267259
tqa360,57,-0.394313
tqa360,58,-38.062500
tqa360,59,-0.332098
tqa360,60,-0.388634
tqa360,61,-35.250000
tqa360,62,-0.068716
tqa360,63,-0.389258
tqa361,0,-0.543834
tqa361,1,-32.500000
tqa361,2,-0.543834
tqa361,3,-0.452405
tqa361,4,-0.484024
tqa361,5,-24.875000
tqa361,6,-31.000000
tqa361,7,-0.484024
tqa361,8,24.375000
tqa361,9,24.375000
tqa361,10,24.375000
tqa361,11,24.375000
tqa361,12,24.375000
tqa361,13,22.750000
tqa361,14,24.375000
tqa361,15,24.375000
tqa361,16,-17.375000
tqa361,17,-0.359264
tqa361,18,-0.571452
tqa361,19,-0.386698
tqa361,20,24.375000
tqa361,21,24.375000
tqa361,22,-32.625000
tqa361,23,24.375000
tqa361,24,24.375000
tqa361,25,24.375000
tqa361,26,24.375000
tqa361,27,24.375000
tqa361,28,24.375000
tqa361,29,24.375000
tqa361,30,24.375000
tqa361,31,24.375000
tqa361,32,-0.452614
tqa361,33,-33.875000
tqa361,34,-0.452614
tqa361,35,-0.452614
tqa361,36,-0.452614
tqa361,37,-30.625000
tqa361,38,-0.452614
tqa361,39,-0.452614
tqa361,40,-31.750000
tqa361,41,-0.510098
tqa361,42,-0.510098
tqa361,43,-0.228860
tqa361,44,-11.625000
tqa361,45,-0.484024
tqa361,46,-0.421996
tqa361,47,-0.361015
tqa361,48,-0.511160
tqa361,49,-0.511160
tqa361,50,-23.625000
tqa361,51,-0.226806
tqa361,52,-35.125000
tqa361,53,-0.510251
tqa361,54,-0.540275
tqa361,55,-30.750000
tqa361,56,-0.511160
tqa361,57,-0.480073
tqa361,58,-2.749999
tqa361,59,-0.511160
tqa361,60,-32.625000
tqa361,61,-0.511327
tqa361,62,-0.511327
tqa361,63,-0.511327
tqa362,0,-0.453299
tqa362,1,-34.125000
tqa362,2,-0.454747
tqa362,3,-0.423498
tqa362,4,-0.357773
tqa362,5,-32.875000
tqa362,6,-0.359450
tqa362,7,-0.359450
tqa362,8,-0.389670
tqa362,9,-0.327747
tqa362,10,-38.125000
tqa362,11,-0.419374
tqa362,12,-0.420876
tqa362,13,-34.250000
tqa362,14,-0.418557
tqa362,15,-0.421088
tqa362,16,-0.359450
tqa362,17,-34.000000
tqa362,18,-0.388620
tqa362,19,-0.359450
tqa362,20,-0.326550
tqa362,21,-32.500000
tqa362,22,-0.356031
tqa362,23,-0.358565
tqa362,24,-0.416606
tqa362,25,-38.687500
tqa362,26,-0.419694
tqa362,27,-0.388256
tqa362,28,-0.450745
tqa362,29,-32.500000
tqa362,30,-0.418549
tqa362,31,-0.417595
tqa362,32,-0.449802
tqa362,33,-0.391256
tqa362,34,-35.625000
tqa362,35,-0.448849
tqa362,36,-28.125000
tqa362,37,-0.262316
tqa362,38,-0.449793
tqa362,39,-0.418549
tqa362,40,-0.359450
tqa362,41,-0.293536
tqa362,42,-35.937500
tqa362,43,-0.361226
tqa362,44,-0.070937
tqa362,45,-36.500000
tqa362,46,-0.070937
tqa362,47,-0.102578
tqa362,48,-0.418554
tqa362,49,-37.312500
tqa362,50,-34.875000
tqa362,51,-0.421758
tqa362,52,-0.197810
tqa362,53,-0.197810
tqa362,54,-6.999982
tqa362,55,-0.169885
tqa362,56,-0.356965
tqa362,57,-36.000000
tqa362,58,-0.264388
tqa362,59,-0.138246
tqa362,60,-0.354417
tqa362,61,-0.358565
tqa362,62,-0.383490
tqa362,63,-30.000000
tqa363,0,-0.260776
tqa363,1,-0.260776
tqa363,2,-36.937500
tqa363,3,-36.375000
tqa363,4,-0.548221
tqa363,5,-36.812500
tqa363,6,-36.125000
tqa363,7,-0.514459
tqa363,8,-0.548473
tqa363,9,-0.576959
tqa363,10,-0.548473
tqa363,11,-32.000000
tqa363,12,-0.260776
tqa363,13,-0.293357
tqa363,14,-0.260776
tqa363,15,-36.937500
tqa363,16,-36.375000
tqa363,17,-0.548221
tqa363,18,-0.544676
tqa363,19,-0.545289
tqa363,20,-0.260776
tqa363,21,-36.937500
tqa363,22,-0.260776
tqa363,23,-0.260776
tqa363,24,-35.625000
tqa363,25,-36.750000
tqa363,26,11.250000
tqa363,27,-35.625000
tqa363,28,-0.575926
tqa363,29,-0.515717
tqa363,30,-36.750000
tqa363,31,-0.516967
tqa363,32,-36.375000
tqa363,33,-0.356735
tqa363,34,-0.263007
tqa363,35,-0.356735
tqa363,36,-0.451963
tqa363,37,-0.451963
tqa363,38,-36.875000
tqa363,39,-0.451963
tqa363,40,-0.518524
tqa363,41,-36.937500
tqa363,42,-0.607362
tqa363,43,-0.546144
tqa363,44,-0.516982
tqa363,45,-0.607170
tqa363,46,-0.545922
tqa363,47,-37.625000
tqa363,48,-36.875000
tqa363,49,-0.486213
tqa363,50,-0.516963
tqa363,51,-0.484006
tqa363,52,-0.260776
tqa363,53,-0.322653
tqa363,54,-0.260776
tqa363,55,-35.375000
tqa363,56,-35.625000
tqa363,57,-35.625000
tqa363,58,-35.625000
tqa363,59,-35.625000
tqa363,60,-36.875000
tqa363,61,-0.173542
tqa363,62,-36.812500
tqa363,63,-0.293357
tqa364,0,-17.375000
tqa364,1,-0.573343
tqa364,2,-0.566978
tqa364,3,-0.573343
tqa364,4,24.125000
tqa364,5,-36.500000
tqa364,6,24.125000
tqa364,7,24.125000
tqa364,8,-0.512311
tqa364,9,-0.576366
tqa364,10,-30.750000
tqa364,11,-0.576366
tqa364,12,-23.500000
tqa364,13,-0.484766
tqa364,14,-0.484766
tqa364,15,-0.484766
tqa364,16,-0.541778
tqa364,17,-0.541778
tqa364,18,-35.000000
tqa364,19,-0.573343
tqa364,20,24.500000
tqa364,21,-0.346568
tqa364,22,-36.437500
tqa364,23,-36.437500
tqa364,24,24.125000
tqa364,25,24.125000
tqa364,26,24.125000
tqa364,27,24.125000
tqa364,28,-30.875000
tqa364,29,-0.449744
tqa364,30,-0.576366
tqa364,31,-0.512311
tqa364,32,24.125000
tqa364,33,24.125000
tqa364,34,24.125000
tqa364,35,24.125000
tqa364,36,-0.540861
tqa364,37,-0.540861
tqa364,38,-0.540861
tqa364,39,-23.750000
tqa364,40,24.125000
tqa364,41,-36.625000
tqa364,42,24.125000
tqa364,43,24.125000
tqa364,44,24.125000
tqa364,45,24.125000
tqa364,46,-36.625000
tqa364,47,24.125000
tqa364,48,-0.482015
tqa364,49,-0.481814
tqa364,50,-0.515343
tqa364,51,-33.375000
tqa364,52,-0.576361
tqa364,53,-0.576361
tqa364,54,-0.576361
tqa364,55,-2.999997
tqa364,56,-0.573343
tqa364,57,-0.573343
tqa364,58,-36.562500
tqa364,59,-0.573343
tqa364,60,-0.573343
tqa364,61,16.375000
tqa364,62,-0.573343
tqa364,63,-0.573343
tqa365,0,-0.320917
tqa365,1,-37.250000
tqa365,2,-0.510686
tqa365,3,-0.482801
tqa365,4,-0.385597
tqa365,5,-0.287688
tqa365,6,-37.562500
tqa365,7,-0.286445
tqa365,8,-37.250000
tqa365,9,-0.286924
tqa365,10,-36.937500
tqa365,11,-0.418028
tqa365,12,-36.687500
tqa365,13,-0.516013
tqa365,14,-0.480783
tqa365,15,-0.549008
tqa365,16,-0.511156
tqa365,17,-0.510999
tqa365,18,-34.750000
tqa365,19,-0.479746
tqa365,20,-34.625000
tqa365,21,-0.510073
tqa365,22,-0.507994
tqa365,23,-0.225666
tqa365,24,-0.543459
tqa365,25,-0.513057
tqa365,26,-36.437500
tqa365,27,-0.482399
tqa365,28,-0.325090
tqa365,29,-37.437500
tqa365,30,-37.375000
tqa365,31,-0.510058
tqa365,32,-0.482198
tqa365,33,-0.454233
tqa365,34,-0.257807
tqa365,35,-37.250000
tqa365,36,-0.483144
tqa365,37,-35.562500
tqa365,38,-0.450562
tqa365,39,-0.512668
tqa365,40,-0.483451
tqa365,41,-36.562500
tqa365,42,-0.511681
tqa365,43,-0.222840
tqa365,44,-0.414266
tqa365,45,-36.937500
tqa365,46,-0.512122
tqa365,47,-0.476168
tqa365,48,-0.513851
tqa365,49,-0.511333
tqa365,50,-36.312500
tqa365,51,-0.511350
tqa365,52,-0.512304
tqa365,53,-0.513048
tqa365,54,-35.500000
tqa365,55,-36.875000
tqa365,56,-0.450738
tqa365,57,-0.447717
tqa365,58,-0.385604
tqa365,59,-35.187500
tqa365,60,-35.687500
tqa365,61,-0.417088
tqa365,62,-0.446243
tqa365,63,-0.416158
tqa366,0,-0.481499
tqa366,1,-38.437500
tqa366,2,-0.511642
tqa366,3,-0.451128
tqa366,4,-0.324805
tqa366,5,-0.226570
tqa366,6,-37.937500
tqa366,7,-0.386436
tqa366,8,-30.750000
tqa366,9,-0.388614
tqa366,10,-0.269504
tqa366,11,-0.419671
tqa366,12,-0.508869
tqa366,13,-0.511156
tqa366,14,-34.562500
tqa366,15,-0.448836
tqa366,16,-0.417755
tqa366,17,-36.437500
tqa366,18,-0.416761
tqa366,19,-0.418719
tqa366,20,-0.038662
tqa366,21,-0.419368
tqa366,22,-0.418058
tqa366,23,-34.125000
tqa366,24,-0.321426
tqa366,25,-37.562500
tqa366,26,-36.750000
tqa366,27,-0.197505
tqa366,28,-0.417555
tqa366,29,-0.416621
tqa366,30,-34.937500
tqa366,31,-31.375000
tqa366,32,-0.452387
tqa366,33,-0.390509
tqa366,34,-37.375000
tqa366,35,-0.479726
tqa366,36,-0.451513
tqa366,37,-36.000000
tqa366,38,-0.326142
tqa366,39,-0.419479
tqa366,40,-0.447141
tqa366,41,-36.437500
tqa366,42,-0.355580
tqa366,43,-0.362286
tqa366,44,-0.391017
tqa366,45,-0.389829
tqa366,46,-0.357186
tqa366,47,-36.062500
tqa366,48,-0.326732
tqa366,49,-35.625000
tqa366,50,-0.388655
tqa366,51,-0.354511
tqa366,52,-38.375000
tqa366,53,-0.481309
tqa366,54,-0.512197
tqa366,55,-0.480227
tqa366,56,-0.512021
tqa366,57,-0.478833
tqa366,58,-0.509002
tqa366,59,-36.687500
tqa366,60,-36.062500
tqa366,61,-0.386142
tqa366,62,-0.417555
tqa366,63,-0.419473
tqa367,0,-0.484773
tqa367,1,-31.750000
tqa367,2,-0.484773
tqa367,3,-0.484773
tqa367,4,-0.386272
tqa367,5,-0.386272
tqa367,6,-35.750000
tqa367,7,-0.386272
tqa367,8,24.625000
tqa367,9,24.625000
tqa367,10,24.625000
tqa367,11,24.625000
tqa367,12,-0.511174
tqa367,13,-31.875000
tqa367,14,-0.484773
tqa367,15,-0.484773
tqa367,16,24.625000
tqa367,17,24.625000
tqa367,18,24.625000
tqa367,19,24.625000
tqa367,20,-0.448341
tqa367,21,-33.000000
tqa367,22,-0.448341
tqa367,23,-0.448341
tqa367,24,24.625000
tqa367,25,24.625000
tqa367,26,24.625000
tqa367,27,24.625000
tqa367,28,24.625000
tqa367,29,24.625000
tqa367,30,24.625000
tqa367,31,24.625000
tqa367,32,-0.419107
tqa367,33,1.500004
tqa367,34,-0.328524
tqa367,35,-0.419107
tqa367,36,-31.625000
tqa367,37,-0.448341
tqa367,38,-0.448341
tqa367,39,-0.448341
tqa367,40,24.625000
tqa367,41,24.625000
tqa367,42,-8.499977
tqa367,43,24.625000
tqa367,44,-23.000000
tqa367,45,24.625000
tqa367,46,24.625000
tqa367,47,24.625000
tqa367,48,24.625000
tqa367,49,24.625000
tqa367,50,24.625000
tqa367,51,24.625000
tqa367,52,-0.484773
tqa367,53,-0.484773
tqa367,54,-0.484773
tqa367,55,-31.750000
tqa367,56,24.625000
tqa367,57,24.625000
tqa367,58,24.625000
tqa367,59,24.625000
tqa367,60,24.625000
tqa367,61,24.625000
tqa367,62,24.625000
tqa367,63,24.625000
tqa368,0,-27.625000
tqa368,1,-27.125000
tqa368,2,-32.375000
tqa368,3,-26.750000
tqa368,4,-0.480237
tqa368,5,-0.482587
tqa368,6,-34.937500
tqa368,7,-0.480237
tqa368,8,-0.076123
tqa368,9,-0.074760
tqa368,10,-0.135948
tqa368,11,-22.625000
tqa368,12,-3.624947
tqa368,13,-28.750000
tqa368,14,-0.074760
tqa368,15,-0.165690
tqa368,16,-20.375000
tqa368,17,-32.750000
tqa368,18,-27.625000
tqa368,19,-18.875000
tqa368,20,-0.319666
tqa368,21,-0.165690
tqa368,22,-8.749987
tqa368,23,-0.197079
tqa368,24,-27.625000
tqa368,25,-32.750000
tqa368,26,-24.875000
tqa368,27,0.625026
tqa368,28,-0.480241
tqa368,29,-0.449883
tqa368,30,-0.478689
tqa368,31,-32.250000
tqa368,32,-21.750000
tqa368,33,-0.387862
tqa368,34,-0.355166
tqa368,35,-0.387296
tqa368,36,-0.418384
tqa368,37,-19.250000
tqa368,38,-0.322501
tqa368,39,-0.291406
tqa368,40,-0.135946
tqa368,41,-28.250000
tqa368,42,-0.197968
tqa368,43,-0.195942
tqa368,44,-30.625000
tqa368,45,-0.196194
tqa368,46,-0.228613
tqa368,47,-0.074760
tqa368,48,-0.420706
tqa368,49,-0.291406
tqa368,50,-0.449454
tqa368,51,-19.250000
tqa368,52,-0.418385
tqa368,53,-0.320114
tqa368,54,-15.999999
tqa368,55,-0.290468
tqa368,56,-26.500000
tqa368,57,-30.625000
tqa368,58,-0.104866
tqa368,59,-0.196653
tqa368,60,-0.226821
tqa368,61,-30.625000
tqa368,62,-0.197214
tqa368,63,-0.198700
tqa369,0,-0.508478
tqa369,1,-0.103662
tqa369,2,-34.750000
tqa369,3,-0.447558
tqa369,4,-36.062500
tqa369,5,-0.481598
tqa369,6,-0.479902
tqa369,7,-0.451962
tqa369,8,-0.478237
tqa369,9,-0.444834
tqa369,10,-38.625000
tqa369,11,-0.410712
tqa369,12,-33.625000
tqa369,13,-0.541918
tqa369,14,-0.451750
tqa369,15,-0.481607
tqa369,16,-0.511149
tqa369,17,-0.511327
tqa369,18,-0.515482
tqa369,19,-34.750000
tqa369,20,-0.388058
tqa369,21,-0.480599
tqa369,22,-0.418105
tqa369,23,-38.125000
tqa369,24,-38.125000
tqa369,25,-0.446610
tqa369,26,-0.445035
tqa369,27,-0.448019
tqa369,28,-38.562500
tqa369,29,-0.446751
tqa369,30,-0.294290
tqa369,31,-0.478664
tqa369,32,-37.750000
tqa369,33,-0.479424
tqa369,34,-0.450548
tqa369,35,-0.480252
tqa369,36,-30.625000
tqa369,37,-0.482179
tqa369,38,-0.481795
tqa369,39,-0.510087
tqa369,40,-0.540404
tqa369,41,-36.437500
tqa369,42,-0.543083
tqa369,43,-0.511661
tqa369,44,-0.415903
tqa369,45,-0.417415
tqa369,46,-0.416606
tqa369,47,-37.500000
tqa369,48,-0.448962
tqa369,49,-0.356890
tqa369,50,-35.875000
tqa369,51,-0.357259
tqa369,52,-0.447007
tqa369,53,-33.250000
tqa369,54,-0.447705
tqa369,55,-0.446861
tqa369,56,-0.415749
tqa369,57,-0.163673
tqa369,58,-0.378038
tqa369,59,-34.500000
tqa369,60,-0.069947
tqa369,61,-37.250000
tqa369,62,-0.480091
tqa369,63,-0.480252
tqa370,0,-0.070693
tqa370,1,-35.500000
tqa370,2,-0.285386
tqa370,3,-0.388792
tqa370,4,-0.474873
tqa370,5,-0.504942
tqa370,6,-0.474688
tqa370,7,-34.687500
tqa370,8,-0.444119
tqa370,9,-0.473630
tqa370,10,-0.474873
tqa370,11,-36.062500
tqa370,12,-0.164433
tqa370,13,-35.500000
tqa370,14,-1.499967
tqa370,15,-35.500000
tqa370,16,-0.382021
tqa370,17,-0.265144
tqa370,18,-0.388047
tqa370,19,-30.500000
tqa370,20,-30.500000
tqa370,21,-0.413578
tqa370,22,-0.384789
tqa370,23,-0.384362
tqa370,24,-0.570155
tqa370,25,-0.507236
tqa370,26,-0.446730
tqa370,27,-37.250000
tqa370,28,-35.812500
tqa370,29,-0.446488
tqa370,30,-0.567807
tqa370,31,-0.543260
tqa370,32,-0.450342
tqa370,33,-0.414126
tqa370,34,-0.414242
tqa370,35,-35.937500
tqa370,36,-32.125000
tqa370,37,-0.444119
tqa370,38,-0.473630
tqa370,39,0.055144
tqa370,40,-0.382557
tqa370,41,-33.375000
tqa370,42,-0.324195
tqa370,43,-0.352641
tqa370,44,-0.474683
tqa370,45,-0.502784
tqa370,46,-35.125000
tqa370,47,-0.474873
tqa370,48,-0.255789
tqa370,49,-38.187500
tqa370,50,-0.260091
tqa370,51,-0.316639
tqa370,52,-0.502784
tqa370,53,-0.478814
tqa370,54,-24.500000
tqa370,55,-0.475970
tqa370,56,-0.445554
tqa370,57,-0.356603
tqa370,58,-36.187500
tqa370,59,-0.416356
tqa370,60,-36.000000
tqa370,61,-0.388792
tqa370,62,1.375025
tqa370,63,-0.388792
tqa371,0,12.500000
tqa371,1,-0.107982
tqa371,2,-0.107982
tqa371,3,-0.107982
tqa371,4,-0.544297
tqa371,5,-0.544297
tqa371,6,-0.544297
tqa371,7,10.000000
tqa371,8,21.750000
tqa371,9,-23.875000
tqa371,10,21.750000
tqa371,11,21.750000
tqa371,12,-0.290367
tqa371,13,-0.578294
tqa371,14,-23.375000
tqa371,15,-0.515059
tqa371,16,21.750000
tqa371,17,21.750000
tqa371,18,21.750000
tqa371,19,21.750000
tqa371,20,-26.750000
tqa371,21,-0.512033
tqa371,22,-0.510994
tqa371,23,-0.544297
tqa371,24,-0.478080
tqa371,25,-29.500000
tqa371,26,-0.478080
tqa371,27,-0.478080
tqa371,28,-33.750000
tqa371,29,-0.482118
tqa371,30,-0.482118
tqa371,31,-0.479925
tqa371,32,-31.500000
tqa371,33,-0.482118
tqa371,34,-0.355986
tqa371,35,-0.482118
tqa371,36,-31.250000
tqa371,37,-0.578294
tqa371,38,-0.515332
tqa371,39,-0.484299
tqa371,40,-0.107982
tqa371,41,12.500000
tqa371,42,12.500000
tqa371,43,-0.107982
tqa371,44,12.500000
tqa371,45,-0.107982
tqa371,46,-0.107982
tqa371,47,25.000000
tqa371,48,-0.482118
tqa371,49,-0.511772
tqa371,50,-0.417670
tqa371,51,-34.625000
tqa371,52,-0.482118
tqa371,53,-0.482118
tqa371,54,-11.124999
tqa371,55,-0.417670
tqa371,56,-0.578294
tqa371,57,-0.578294
tqa371,58,-0.578294
tqa371,59,-22.625000
tqa371,60,-0.484759
tqa371,61,-31.750000
tqa371,62,-0.484759
tqa371,63,-0.485734
tqa372,0,-0.200916
tqa372,1,6.250003
tqa372,2,-0.169100
tqa372,3,-0.169464
tqa372,4,-0.386698
tqa372,5,-32.000000
tqa372,6,-0.509607
tqa372,7,-0.450747
tqa372,8,-0.450363
tqa372,9,-0.480182
tqa372,10,-22.875000
tqa372,11,-0.170040
tqa372,12,-36.187500
tqa372,13,-0.043549
tqa372,14,-0.485659
tqa372,15,-0.485659
tqa372,16,-0.485480
tqa372,17,-0.452826
tqa372,18,-35.562500
tqa372,19,-0.513055
tqa372,20,-0.266174
tqa372,21,-0.111296
tqa372,22,-19.000000
tqa372,23,-0.111296
tqa372,24,-0.489132
tqa372,25,-0.489132
tqa372,26,-30.625000
tqa372,27,-0.518201
tqa372,28,-0.111296
tqa372,29,-0.171515
tqa372,30,-0.266666
tqa372,31,-35.125000
tqa372,32,6.625002
tqa372,33,6.625002
tqa372,34,6.625002
tqa372,35,6.625002
tqa372,36,-0.489132
tqa372,37,-0.514610
tqa372,38,-0.489132
tqa372,39,-32.500000
tqa372,40,-31.375000
tqa372,41,-0.449430
tqa372,42,-0.449796
tqa372,43,-0.446980
tqa372,44,6.625002
tqa372,45,-32.125000
tqa372,46,6.625002
tqa372,47,6.625002
tqa372,48,-5.874999
tqa372,49,-0.485248
tqa372,50,-0.489132
tqa372,51,-0.301332
tqa372,52,-0.543291
tqa372,53,-0.513855
tqa372,54,-36.500000
tqa372,55,-0.543291
tqa372,56,-0.545527
tqa372,57,-0.545527
tqa372,58,-0.574624
tqa372,59,-37.125000
tqa372,60,-36.000000
tqa372,61,-0.111296
tqa372,62,-0.111296
tqa372,63,-0.171515
tqa373,0,-36.187500
tqa373,1,-0.358375
tqa373,2,-0.419001
tqa373,3,-0.448812
tqa373,4,-36.187500
tqa373,5,-0.422441
tqa373,6,-0.355803
tqa373,7,-0.254398
tqa373,8,-0.191709
tqa373,9,-31.625000
tqa373,10,-0.418638
tqa373,11,-0.479136
tqa373,12,-0.351807
tqa373,13,-17.500000
tqa373,14,-0.322417
tqa373,15,-0.382095
tqa373,16,-0.543063
tqa373,17,-0.546812
tqa373,18,-0.575241
tqa373,19,-36.187500
tqa373,20,-0.417727
tqa373,21,-0.220436
tqa373,22,-36.562500
tqa373,23,-0.416192
tqa373,24,-36.625000
tqa373,25,-0.480933
tqa373,26,-0.486225
tqa373,27,-0.451740
tqa373,28,-0.515571
tqa373,29,-0.545488
tqa373,30,-0.548659
tqa373,31,-34.000000
tqa373,32,-36.625000
tqa373,33,-0.292424
tqa373,34,-0.450440
tqa373,35,-0.449157
tqa373,36,-0.418638
tqa373,37,-0.420070
tqa373,38,-35.000000
tqa373,39,-0.449157
tqa373,40,-29.875000
tqa373,41,-33.875000
tqa373,42,-21.250000
tqa373,43,-33.000000
tqa373,44,-0.481686
tqa373,45,-0.484086
tqa373,46,-36.812500
tqa373,47,-0.514447
tqa373,48,-0.252866
tqa373,49,-31.500000
tqa373,50,-0.315421
tqa373,51,-0.163749
tqa373,52,-0.418991
tqa373,53,-38.625000
tqa373,54,-0.445881
tqa373,55,-0.286931
tqa373,56,-0.191984
tqa373,57,-0.422050
tqa373,58,-0.391035
tqa373,59,-28.125000
tqa373,60,-35.437500
tqa373,61,-0.514030
tqa373,62,-0.514438
tqa373,63,-0.514234
tqa374,0,-0.483450
tqa374,1,-0.386346
tqa374,2,-38.375000
tqa374,3,-0.453461
tqa374,4,-0.449326
tqa374,5,-0.416168
tqa374,6,-0.417894
tqa374,7,-36.062500
tqa374,8,-33.875000
tqa374,9,-0.289425
tqa374,10,-0.289425
tqa374,11,-0.227544
tqa374,12,-0.289425
tqa374,13,-29.875000
tqa374,14,-0.227544
tqa374,15,-0.259988
tqa374,16,-28.625000
tqa374,17,-30.750000
tqa374,18,-36.625000
tqa374,19,-36.625000
tqa374,20,-35.125000
tqa374,21,-0.227544
tqa374,22,-0.227544
tqa374,23,-0.227544
tqa374,24,-28.625000
tqa374,25,-30.750000
tqa374,26,-28.625000
tqa374,27,-36.625000
tqa374,28,-28.625000
tqa374,29,-37.187500
tqa374,30,-36.625000
tqa374,31,-36.625000
tqa374,32,-25.750000
tqa374,33,-28.625000
tqa374,34,-28.625000
tqa374,35,-28.625000
tqa374,36,-36.062500
tqa374,37,-36.625000
tqa374,38,-28.625000
tqa374,39,-36.625000
tqa374,40,-36.625000
tqa374,41,-28.625000
tqa374,42,-36.625000
tqa374,43,-36.625000
tqa374,44,-37.187500
tqa374,45,-36.625000
tqa374,46,-36.625000
tqa374,47,-36.625000
tqa374,48,-0.384335
tqa374,49,-32.000000
tqa374,50,-0.385833
tqa374,51,-0.385833
tqa374,52,-37.125000
tqa374,53,-30.750000
tqa374,54,-36.625000
tqa374,55,-36.625000
tqa374,56,-28.625000
tqa374,57,-36.625000
tqa374,58,-30.750000
tqa374,59,-28.625000
tqa374,60,-0.259192
tqa374,61,-0.319887
tqa374,62,-34.750000
tqa374,63,-0.385833
tqa375,0,-0.353070
tqa375,1,-0.233153
tqa375,2,-0.200562
tqa375,3,-34.125000
tqa375,4,-0.450869
tqa375,5,-0.419116
tqa375,6,-0.450665
tqa375,7,-31.375000
tqa375,8,-37.000000
tqa375,9,-37.000000
tqa375,10,-37.312500
tqa375,11,-37.000000
tqa375,12,-0.416308
tqa375,13,-0.100994
tqa375,14,-36.937500
tqa375,15,-0.228388
tqa375,16,-0.481616
tqa375,17,-0.513050
tqa375,18,-0.451953
tqa375,19,-35.437500
tqa375,20,-33.125000
tqa375,21,-0.295506
tqa375,22,-0.480171
tqa375,23,-0.512490
tqa375,24,-37.125000
tqa375,25,-0.417661
tqa375,26,-0.416308
tqa375,27,-0.128490
tqa375,28,-0.451158
tqa375,29,-0.513056
tqa375,30,-29.375000
tqa375,31,-0.480699
tqa375,32,-0.353070
tqa375,33,-0.353070
tqa375,34,-0.318356
tqa375,35,-35.625000
tqa375,36,-0.415438
tqa375,37,-0.321489
tqa375,38,-38.375000
tqa375,39,-0.417495
tqa375,40,-0.258544
tqa375,41,-37.812500
tqa375,42,-37.062500
tqa375,43,-0.196169
tqa375,44,-36.937500
tqa375,45,-0.481046
tqa375,46,-0.415311
tqa375,47,-0.418188
tqa375,48,-0.445943
tqa375,49,-0.447716
tqa375,50,-37.375000
tqa375,51,-0.448586
tqa375,52,-0.483153
tqa375,53,-36.562500
tqa375,54,-0.451358
tqa375,55,-0.515800
tqa375,56,-0.543748
tqa375,57,-28.750000
tqa375,58,-0.512317
tqa375,59,-0.511524
tqa375,60,-0.445812
tqa375,61,-36.000000
tqa375,62,-0.381625
tqa375,63,-0.417661
tqa376,0,-0.415627
tqa376,1,-36.937500
tqa376,2,-0.415627
tqa376,3,-0.415627
tqa376,4,-0.510212
tqa376,5,-36.250000
tqa376,6,-0.510212
tqa376,7,-0.476875
tqa376,8,-33.250000
tqa376,9,-34.750000
tqa376,10,-34.750000
tqa376,11,-34.750000
tqa376,12,-0.223111
tqa376,13,-0.073785
tqa376,14,-15.750000
tqa376,15,-0.223048
tqa376,16,-34.750000
tqa376,17,-34.750000
tqa376,18,-0.224605
tqa376,19,-34.750000
tqa376,20,-0.256413
tqa376,21,-34.750000
tqa376,22,-34.750000
tqa376,23,-34.750000
tqa376,24,-33.125000
tqa376,25,-0.384933
tqa376,26,-0.233582
tqa376,27,-0.384933
tqa376,28,-34.750000
tqa376,29,-0.256413
tqa376,30,-34.750000
tqa376,31,-34.750000
tqa376,32,-0.475990
tqa376,33,-0.475990
tqa376,34,-0.035594
tqa376,35,-36.562500
tqa376,36,-29.000000
tqa376,37,-0.513073
tqa376,38,-0.483039
tqa376,39,-0.481823
tqa376,40,-34.750000
tqa376,41,-34.750000
tqa376,42,-34.250000
tqa376,43,-0.255223
tqa376,44,-35.937500
tqa376,45,-0.478660
tqa376,46,-0.476875
tqa376,47,-0.478660
tqa376,48,-0.164092
tqa376,49,-36.250000
tqa376,50,-0.475990
tqa376,51,-0.446208
tqa376,52,-0.510523
tqa376,53,-0.540765
tqa376,54,-0.476875
tqa376,55,-30.625000
tqa376,56,-35.687500
tqa376,57,-0.415627
tqa376,58,-0.136101
tqa376,59,-0.415487
tqa376,60,-34.750000
tqa376,61,-0.256413
tqa376,62,-34.750000
tqa376,63,23.875000
tqa377,0,-0.512503
tqa377,1,-31.750000
tqa377,2,-0.512503
tqa377,3,-0.512503
tqa377,4,-0.512503
tqa377,5,-0.512503
tqa377,6,-0.512503
tqa377,7,-35.687500
tqa377,8,22.125000
tqa377,9,22.125000
tqa377,10,22.125000
tqa377,11,22.125000
tqa377,12,-0.417754
tqa377,13,-0.384113
tqa377,14,-0.417754
tqa377,15,-33.250000
tqa377,16,22.125000
tqa377,17,22.125000
tqa377,18,22.125000
tqa377,19,22.125000
tqa377,20,22.125000
tqa377,21,22.125000
tqa377,22,22.125000
tqa377,23,22.125000
tqa377,24,-16.875000
tqa377,25,-0.547766
tqa377,26,-0.547766
tqa377,27,-0.547766
tqa377,28,22.125000
tqa377,29,22.125000
tqa377,30,22.125000
tqa377,31,22.125000
tqa377,32,22.125000
tqa377,33,22.125000
tqa377,34,22.125000
tqa377,35,22.125000
tqa377,36,-24.125000
tqa377,37,-0.477860
tqa377,38,-0.477860
tqa377,39,-0.038226
tqa377,40,22.125000
tqa377,41,22.125000
tqa377,42,22.125000
tqa377,43,22.125000
tqa377,44,0.250003
tqa377,45,-0.574195
tqa377,46,-0.574195
tqa377,47,-0.574195
tqa377,48,-0.512503
tqa377,49,-0.512503
tqa377,50,-32.250000
tqa377,51,-0.512503
tqa377,52,22.125000
tqa377,53,22.125000
tqa377,54,22.125000
tqa377,55,22.125000
tqa377,56,-0.417754
tqa377,57,-0.417754
tqa377,58,-0.417754
tqa377,59,-31.750000
tqa377,60,-0.512503
tqa377,61,-0.512503
tqa377,62,-0.266277
tqa377,63,-29.625000
tqa378,0,-29.625000
tqa378,1,-0.232529
tqa378,2,-0.416002
tqa378,3,-0.445859
tqa378,4,-0.508951
tqa378,5,-0.510363
tqa378,6,-0.510520
tqa378,7,-35.125000
tqa378,8,-0.386954
tqa378,9,-0.323762
tqa378,10,-0.418206
tqa378,11,-36.562500
tqa378,12,-0.508954
tqa378,13,-0.169053
tqa378,14,-0.509093
tqa378,15,-32.125000
tqa378,16,-37.625000
tqa378,17,-0.511336
tqa378,18,-0.510520
tqa378,19,-0.539859
tqa378,20,-0.514479
tqa378,21,-0.546075
tqa378,22,-0.516999
tqa378,23,-35.125000
tqa378,24,-0.542419
tqa378,25,-0.542416
tqa378,26,-37.750000
tqa378,27,-0.165232
tqa378,28,-0.541056
tqa378,29,-0.572452
tqa378,30,-34.937500
tqa378,31,-0.573335
tqa378,32,-0.510520
tqa378,33,-33.875000
tqa378,34,-0.512302
tqa378,35,-0.510520
tqa378,36,-0.540618
tqa378,37,-0.510520
tqa378,38,-36.937500
tqa378,39,-0.386945
tqa378,40,-14.375000
tqa378,41,-0.602505
tqa378,42,-0.541056
tqa378,43,-0.572452
tqa378,44,-0.448181
tqa378,45,-33.875000
tqa378,46,-0.101557
tqa378,47,-0.292274
tqa378,48,-34.375000
tqa378,49,-36.187500
tqa378,50,-0.509093
tqa378,51,-0.478119
tqa378,52,-0.540342
tqa378,53,-0.510520
tqa378,54,0.250010
tqa378,55,-0.480425
tqa378,56,-36.375000
tqa378,57,-0.542416
tqa378,58,-0.510842
tqa378,59,-0.510520
tqa378,60,-0.478242
tqa378,61,-0.416606
tqa378,62,-0.416606
tqa378,63,-37.250000
tqa379,0,-0.456866
tqa379,1,-0.292856
tqa379,2,-0.454661
tqa379,3,-35.000000
tqa379,4,-0.420949
tqa379,5,-0.484113
tqa379,6,-0.284871
tqa379,7,-32.625000
tqa379,8,-0.422209
tqa379,9,-0.485181
tqa379,10,-37.625000
tqa379,11,-0.424015
tqa379,12,-0.320852
tqa379,13,-0.386701
tqa379,14,-0.424003
tqa379,15,-37.125000
tqa379,16,-0.484540
tqa379,17,-37.750000
tqa379,18,-31.625000
tqa379,19,-0.453985
tqa379,20,-0.426127
tqa379,21,-0.423754
tqa379,22,-0.457170
tqa379,23,-36.250000
tqa379,24,-0.395749
tqa379,25,-0.362237
tqa379,26,-37.875000
tqa379,27,-0.515797
tqa379,28,-0.455762
tqa379,29,-0.484782
tqa379,30,-0.454152
tqa379,31,-36.937500
tqa379,32,-0.455256
tqa379,33,-35.687500
tqa379,34,-0.456598
tqa379,35,-0.484482
tqa379,36,-0.456054
tqa379,37,-0.452625
tqa379,38,-36.812500
tqa379,39,-0.452854
tqa379,40,-0.455762
tqa379,41,-0.450820
tqa379,42,-37.375000
tqa379,43,-0.424172
tqa379,44,-0.131691
tqa379,45,-0.453751
tqa379,46,-0.194894
tqa379,47,-37.625000
tqa379,48,-37.437500
tqa379,49,-0.326526
tqa379,50,-0.420232
tqa379,51,-0.358208
tqa379,52,-0.456298
tqa379,53,-0.483838
tqa379,54,-0.224110
tqa379,55,-37.437500
tqa379,56,-35.437500
tqa379,57,-0.421161
tqa379,58,-0.360502
tqa379,59,-0.425916
tqa379,60,-0.484547
tqa379,61,-0.164701
tqa379,62,-0.161713
tqa379,63,-38.187500
tqa380,0,-34.625000
tqa380,1,-0.510221
tqa380,2,-0.450564
tqa380,3,-0.510221
tqa380,4,-35.500000
tqa380,5,-0.353248
tqa380,6,-0.228844
tqa380,7,-0.353248
tqa380,8,-30.875000
tqa380,9,-0.135952
tqa380,10,-28.250000
tqa380,11,-0.135952
tqa380,12,-30.875000
tqa380,13,-34.375000
tqa380,14,-0.135952
tqa380,15,-0.166397
tqa380,16,-36.125000
tqa380,17,-0.479445
tqa380,18,-0.478522
tqa380,19,-37.125000
tqa380,20,-0.136554
tqa380,21,-0.136554
tqa380,22,-0.195559
tqa380,23,-34.625000
tqa380,24,-0.481050
tqa380,25,-37.000000
tqa380,26,-0.450370
tqa380,27,-0.510221
tqa380,28,-0.544911
tqa380,29,-27.500000
tqa380,30,-0.482213
tqa380,31,-0.541780
tqa380,32,-0.510841
tqa380,33,-0.544911
tqa380,34,-0.482013
tqa380,35,-31.000000
tqa380,36,-0.574194
tqa380,37,-0.543749
tqa380,38,-0.101692
tqa380,39,-35.000000
tqa380,40,-0.128778
tqa380,41,-0.542264
tqa380,42,-0.483451
tqa380,43,-35.250000
tqa380,44,-30.000000
tqa380,45,-34.625000
tqa380,46,-19.000000
tqa380,47,-30.000000
tqa380,48,-0.196933
tqa380,49,-0.290464
tqa380,50,-35.875000
tqa380,51,-0.194805
tqa380,52,-30.000000
tqa380,53,-30.000000
tqa380,54,-35.000000
tqa380,55,-34.875000
tqa380,56,0.750022
tqa380,57,-0.135952
tqa380,58,-37.250000
tqa380,59,-35.375000
tqa380,60,-35.687500
tqa380,61,-0.134570
tqa380,62,-0.164076
tqa380,63,-0.135952
tqa381,0,-0.572591
tqa381,1,-0.544883
tqa381,2,-0.572591
tqa381,3,-36.000000
tqa381,4,-0.222826
tqa381,5,-34.500000
tqa381,6,-0.541465
tqa381,7,-0.511842
tqa381,8,-0.362576
tqa381,9,-0.516656
tqa381,10,-37.687500
tqa381,11,-0.450823
tqa381,12,-0.258013
tqa381,13,-32.250000
tqa381,14,-0.159594
tqa381,15,-0.510246
tqa381,16,-0.511474
tqa381,17,-0.542558
tqa381,18,-31.625000
tqa381,19,-0.481983
tqa381,20,-0.480434
tqa381,21,-0.513433
tqa381,22,-0.508236
tqa381,23,-37.625000
tqa381,24,-0.509935
tqa381,25,-0.543819
tqa381,26,-36.750000
tqa381,27,-0.571238
tqa381,28,-0.260150
tqa381,29,-0.388456
tqa381,30,-0.354835
tqa381,31,-19.125000
tqa381,32,-0.331524
tqa381,33,-0.512565
tqa381,34,-0.511191
tqa381,35,-25.000000
tqa381,36,-0.318208
tqa381,37,-0.320480
tqa381,38,-0.350564
tqa381,39,-34.875000
tqa381,40,-0.540387
tqa381,41,-0.572289
tqa381,42,-26.375000
tqa381,43,-0.543623
tqa381,44,-0.484290
tqa381,45,-35.250000
tqa381,46,-0.452169
tqa381,47,-0.452390
tqa381,48,-0.159657
tqa381,49,-0.509651
tqa381,50,-35.062500
tqa381,51,-0.509146
tqa381,52,-0.541189
tqa381,53,-0.479005
tqa381,54,-0.254336
tqa381,55,-35.812500
tqa381,56,-0.421136
tqa381,57,-34.375000
tqa381,58,-0.450929
tqa381,59,-0.256995
tqa381,60,-0.482071
tqa381,61,-0.484315
tqa381,62,-36.625000
tqa381,63,-0.421293
tqa382,0,-37.375000
tqa382,1,-0.421806
tqa382,2,-0.454747
tqa382,3,-0.454747
tqa382,4,-36.937500
tqa382,5,-0.543796
tqa382,6,-0.480741
tqa382,7,-0.512745
tqa382,8,-0.359307
tqa382,9,-38.187500
tqa382,10,-0.456866
tqa382,11,-0.457953
tqa382,12,-0.449528
tqa382,13,-0.479581
tqa382,14,-34.500000
tqa382,15,-0.481796
tqa382,16,-0.390101
tqa382,17,-0.415873
tqa382,18,-35.750000
tqa382,19,-0.389668
tqa382,20,-0.391174
tqa382,21,-36.000000
tqa382,22,-0.386321
tqa382,23,-0.389671
tqa382,24,-37.375000
tqa382,25,-0.228318
tqa382,26,-23.125000
tqa382,27,-0.321993
tqa382,28,-0.455517
tqa382,29,-27.750000
tqa382,30,-0.512959
tqa382,31,-0.290076
tqa382,32,-0.387502
tqa382,33,-0.447888
tqa382,34,-0.418743
tqa382,35,-37.062500
tqa382,36,-0.451964
tqa382,37,-0.447573
tqa382,38,-37.875000
tqa382,39,-0.389665
tqa382,40,-37.750000
tqa382,41,-0.449171
tqa382,42,-0.510986
tqa382,43,-37.812500
tqa382,44,-34.750000
tqa382,45,-0.454747
tqa382,46,-0.454747
tqa382,47,-0.421808
tqa382,48,-0.453930
tqa382,49,-0.358367
tqa382,50,-0.454990
tqa382,51,-5.249958
tqa382,52,-0.453287
tqa382,53,-0.420115
tqa382,54,-30.750000
tqa382,55,-0.512685
tqa382,56,-0.383088
tqa382,57,6.250002
tqa382,58,-0.322003
tqa382,59,6.250002
tqa382,60,-0.449882
tqa382,61,-0.099236
tqa382,62,-34.250000
tqa382,63,-0.450933
tqa383,0,-0.421155
tqa383,1,-0.451336
tqa383,2,-0.454238
tqa383,3,-29.750000
tqa383,4,-35.937500
tqa383,5,-0.450935
tqa383,6,-34.125000
tqa383,7,-0.454238
tqa383,8,-0.874963
tqa383,9,-0.874963
tqa383,10,-0.134073
tqa383,11,-0.166637
tqa383,12,-0.484035
tqa383,13,-0.482015
tqa383,14,-14.375000
tqa383,15,-0.451777
tqa383,16,-25.375000
tqa383,17,-19.375000
tqa383,18,-0.131437
tqa383,19,-0.320045
tqa383,20,-0.456054
tqa383,21,-0.391771
tqa383,22,-0.424797
tqa383,23,-32.750000
tqa383,24,-28.375000
tqa383,25,-0.485168
tqa383,26,-0.452836
tqa383,27,-0.457940
tqa383,28,-0.874958
tqa383,29,9.750001
tqa383,30,-0.874958
tqa383,31,-23.250000
tqa383,32,-0.499952
tqa383,33,-0.102202
tqa383,34,-0.874963
tqa383,35,-29.250000
tqa383,36,-35.562500
tqa383,37,-0.458235
tqa383,38,-0.515106
tqa383,39,-0.483856
tqa383,40,-0.134073
tqa383,41,12.375000
tqa383,42,-0.874963
tqa383,43,-0.166637
tqa383,44,15.250000
tqa383,45,-0.324808
tqa383,46,12.375000
tqa383,47,-0.192479
tqa383,48,-0.451011
tqa383,49,-0.452376
tqa383,50,-0.452379
tqa383,51,-35.437500
tqa383,52,-2.874997
tqa383,53,-0.487000
tqa383,54,-0.546124
tqa383,55,-0.484763
tqa383,56,-31.125000
tqa383,57,-0.455521
tqa383,58,-0.421824
tqa383,59,-0.202785
tqa383,60,8.875000
tqa383,61,18.750000
tqa383,62,-21.875000
tqa383,63,-0.071570
tqa384,0,-0.574537
tqa384,1,-0.194781
tqa384,2,-0.603281
tqa384,3,-32.500000
tqa384,4,-0.511168
tqa384,5,-34.500000
tqa384,6,-0.542263
tqa384,7,-0.546809
tqa384,8,-0.356348
tqa384,9,-33.625000
tqa384,10,-0.515571
tqa384,11,-0.540071
tqa384,12,-28.875000
tqa384,13,-0.601429
tqa384,14,-0.601429
tqa384,15,-0.572584
tqa384,16,-0.544698
tqa384,17,-0.575555
tqa384,18,-0.603281
tqa384,19,-32.500000
tqa384,20,-0.510359
tqa384,21,-0.446838
tqa384,22,-26.625000
tqa384,23,-0.479759
tqa384,24,-0.543928
tqa384,25,-0.543927
tqa384,26,-0.260866
tqa384,27,-29.875000
tqa384,28,-37.312500
tqa384,29,-36.750000
tqa384,30,-0.573182
tqa384,31,-0.545527
tqa384,32,-0.513979
tqa384,33,-0.511168
tqa384,34,-0.237350
tqa384,35,-35.500000
tqa384,36,-37.062500
tqa384,37,-0.603281
tqa384,38,-0.603281
tqa384,39,-0.543117
tqa384,40,-0.480698
tqa384,41,-37.625000
tqa384,42,-0.511006
tqa384,43,-0.291028
tqa384,44,-0.541471
tqa384,45,-0.542269
tqa384,46,-36.562500
tqa384,47,-0.544110
tqa384,48,-0.480512
tqa384,49,-26.500000
tqa384,50,-0.508429
tqa384,51,-0.569013
tqa384,52,-0.539868
tqa384,53,-0.295438
tqa384,54,-33.250000
tqa384,55,-0.539943
tqa384,56,-0.357821
tqa384,57,-0.508698
tqa384,58,-33.125000
tqa384,59,-0.391499
tqa384,60,-38.500000
tqa384,61,-0.477738
tqa384,62,-0.546809
tqa384,63,-0.132828
tqa385,0,-0.453900
tqa385,1,-0.425044
tqa385,2,-37.312500
tqa385,3,-0.425537
tqa385,4,-0.424987
tqa385,5,-0.484694
tqa385,6,-0.452765
tqa385,7,-38.000000
tqa385,8,-0.136263
tqa385,9,-0.077378
tqa385,10,-0.165943
tqa385,11,-33.625000
tqa385,12,-35.750000
tqa385,13,-0.392224
tqa385,14,-0.421509
tqa385,15,-0.392221
tqa385,16,-0.388782
tqa385,17,-34.125000
tqa385,18,-0.393315
tqa385,19,-0.297295
tqa385,20,-0.418105
tqa385,21,-0.355936
tqa385,22,-0.425823
tqa385,23,-37.125000
tqa385,24,-0.421496
tqa385,25,-34.000000
tqa385,26,-0.200946
tqa385,27,-0.453670
tqa385,28,-0.418442
tqa385,29,-34.750000
tqa385,30,-0.102747
tqa385,31,-0.163410
tqa385,32,-36.000000
tqa385,33,-0.394856
tqa385,34,-0.231416
tqa385,35,-0.454482
tqa385,36,-37.687500
tqa385,37,-0.454732
tqa385,38,-0.452169
tqa385,39,-0.423721
tqa385,40,-33.000000
tqa385,41,-0.457070
tqa385,42,-0.483994
tqa385,43,-0.485001
tqa385,44,-0.197446
tqa385,45,-34.562500
tqa385,46,-0.233432
tqa385,47,-0.042348
tqa385,48,-36.187500
tqa385,49,-0.484233
tqa385,50,-0.423229
tqa385,51,-0.451754
tqa385,52,-0.453197
tqa385,53,-0.423714
tqa385,54,-38.125000
tqa385,55,-0.422658
tqa385,56,-0.425757
tqa385,57,-0.322284
tqa385,58,-37.812500
tqa385,59,-0.423417
tqa385,60,-0.482172
tqa385,61,-0.452612
tqa385,62,-0.452831
tqa385,63,-37.187500
tqa386,0,-0.452600
tqa386,1,-33.125000
tqa386,2,-0.451676
tqa386,3,-0.482926
tqa386,4,-0.509911
tqa386,5,-31.500000
tqa386,6,-0.478519
tqa386,7,-0.451309
tqa386,8,-31.125000
tqa386,9,-0.450716
tqa386,10,-0.227578
tqa386,11,-0.511302
tqa386,12,-0.390469
tqa386,13,-0.448146
tqa386,14,-34.125000
tqa386,15,-0.418072
tqa386,16,-34.125000
tqa386,17,-0.447240
tqa386,18,-0.448652
tqa386,19,-0.480670
tqa386,20,-33.875000
tqa386,21,-0.449250
tqa386,22,-0.478491
tqa386,23,-0.419288
tqa386,24,-0.452373
tqa386,25,-0.479703
tqa386,26,-0.451108
tqa386,27,-32.375000
tqa386,28,-35.000000
tqa386,29,-0.447705
tqa386,30,-0.448498
tqa386,31,-0.448332
tqa386,32,-0.479709
tqa386,33,-0.482553
tqa386,34,-0.389688
tqa386,35,-34.125000
tqa386,36,-0.544859
tqa386,37,-37.062500
tqa386,38,-0.482149
tqa386,39,-0.482169
tqa386,40,-0.509766
tqa386,41,-31.750000
tqa386,42,-0.393002
tqa386,43,-36.625000
tqa386,44,-0.516020
tqa386,45,-0.425678
tqa386,46,-30.125000
tqa386,47,-0.456655
tqa386,48,-0.447690
tqa386,49,-34.500000
tqa386,50,-0.481395
tqa386,51,-0.447832
tqa386,52,-0.450052
tqa386,53,-35.750000
tqa386,54,-0.479703
tqa386,55,-0.452156
tqa386,56,-0.478355
tqa386,57,-36.250000
tqa386,58,-0.480685
tqa386,59,-0.451465
tqa386,60,-36.312500
tqa386,61,-0.484003
tqa386,62,-0.544471
tqa386,63,-0.510659
tqa387,0,-5.124950
tqa387,1,-4.624952
tqa387,2,-0.101916
tqa387,3,-0.101916
tqa387,4,-0.514490
tqa387,5,-0.515079
tqa387,6,-0.515065
tqa387,7,-33.375000
tqa387,8,-0.451566
tqa387,9,-6.749997
tqa387,10,-0.418925
tqa387,11,-0.324981
tqa387,12,-0.482399
tqa387,13,-0.327548
tqa387,14,-0.482399
tqa387,15,-2.624995
tqa387,16,-0.515065
tqa387,17,-25.500000
tqa387,18,-0.515065
tqa387,19,-0.515065
tqa387,20,-4.624952
tqa387,21,-0.101916
tqa387,22,-4.624952
tqa387,23,-0.101916
tqa387,24,-0.546534
tqa387,25,-0.485508
tqa387,26,-0.485508
tqa387,27,-11.624999
tqa387,28,-9.249990
tqa387,29,-9.249990
tqa387,30,-9.249990
tqa387,31,-9.249990
tqa387,32,-3.874910
tqa387,33,-0.101916
tqa387,34,-0.101916
tqa387,35,-0.101916
tqa387,36,-0.514908
tqa387,37,-0.484939
tqa387,38,-0.194895
tqa387,39,-32.750000
tqa387,40,-4.624952
tqa387,41,-0.101916
tqa387,42,-0.101916
tqa387,43,-0.101916
tqa387,44,-0.418925
tqa387,45,-34.000000
tqa387,46,-0.418925
tqa387,47,-0.418925
tqa387,48,-33.375000
tqa387,49,-0.515285
tqa387,50,-0.512506
tqa387,51,-0.514421
tqa387,52,-0.546603
tqa387,53,-0.546603
tqa387,54,-33.250000
tqa387,55,-0.517753
tqa387,56,-32.875000
tqa387,57,-0.546603
tqa387,58,-0.546603
tqa387,59,-0.546603
tqa387,60,-0.515285
tqa387,61,-0.514421
tqa387,62,-34.625000
tqa387,63,-0.512506
tqa388,0,-35.437500
tqa388,1,-0.601871
tqa388,2,-0.347221
tqa388,3,-0.408215
tqa388,4,-0.355346
tqa388,5,-0.386678
tqa388,6,-0.512467
tqa388,7,-36.687500
tqa388,8,-0.511841
tqa388,9,-0.546514
tqa388,10,-36.937500
tqa388,11,-33.250000
tqa388,12,-0.602964
tqa388,13,-0.577314
tqa388,14,-0.572857
tqa388,15,-37.937500
tqa388,16,-0.451337
tqa388,17,-0.419909
tqa388,18,-0.541757
tqa388,19,-37.375000
tqa388,20,-37.812500
tqa388,21,-37.812500
tqa388,22,-37.812500
tqa388,23,-37.812500
tqa388,24,-0.317620
tqa388,25,-0.514260
tqa388,26,-0.288853
tqa388,27,-37.937500
tqa388,28,-0.388436
tqa388,29,-0.322256
tqa388,30,-35.875000
tqa388,31,-0.418720
tqa388,32,-34.500000
tqa388,33,-0.577314
tqa388,34,-0.513640
tqa388,35,-0.345997
tqa388,36,-0.601994
tqa388,37,-0.513640
tqa388,38,-37.500000
tqa388,39,-0.603254
tqa388,40,-0.543725
tqa388,41,-0.513640
tqa388,42,-36.687500
tqa388,43,-0.449181
tqa388,44,-0.439604
tqa388,45,-0.573493
tqa388,46,-0.541341
tqa388,47,-35.187500
tqa388,48,-0.349013
tqa388,49,-0.255848
tqa388,50,-0.285268
tqa388,51,27.875000
tqa388,52,-35.437500
tqa388,53,-0.543093
tqa388,54,-0.515727
tqa388,55,-0.515727
tqa388,56,-36.000000
tqa388,57,-0.318365
tqa388,58,-0.229845
tqa388,59,-0.289577
tqa388,60,-0.513243
tqa388,61,-0.513243
tqa388,62,-0.481424
tqa388,63,-37.562500
tqa389,0,-0.505582
tqa389,1,-0.417558
tqa389,2,-30.625000
tqa389,3,-0.416783
tqa389,4,-0.227713
tqa389,5,-0.262211
tqa389,6,-35.812500
tqa389,7,-0.416470
tqa389,8,-33.500000
tqa389,9,-34.125000
tqa389,10,-0.445498
tqa389,11,-35.937500
tqa389,12,-0.035527
tqa389,13,-0.414483
tqa389,14,-0.446115
tqa389,15,-35.687500
tqa389,16,-32.250000
tqa389,17,-0.475992
tqa389,18,-0.157588
tqa389,19,-0.477242
tqa389,20,-0.506875
tqa389,21,-32.500000
tqa389,22,-0.506768
tqa389,23,-0.507087
tqa389,24,-0.415650
tqa389,25,-0.202332
tqa389,26,-35.687500
tqa389,27,0.023187
tqa389,28,-0.255459
tqa389,29,-34.750000
tqa389,30,-36.562500
tqa389,31,-35.500000
tqa389,32,-0.415650
tqa389,33,-0.505833
tqa389,34,-36.062500
tqa389,35,-0.385225
tqa389,36,-0.543104
tqa389,37,-0.514699
tqa389,38,-34.250000
tqa389,39,-0.513451
tqa389,40,-0.417558
tqa389,41,-35.687500
tqa389,42,-0.383476
tqa389,43,-0.383476
tqa389,44,-35.500000
tqa389,45,-0.287560
tqa389,46,-0.288422
tqa389,47,-0.226677
tqa389,48,-30.250000
tqa389,49,-36.750000
tqa389,50,-36.250000
tqa389,51,-31.500000
tqa389,52,-0.509802
tqa389,53,-0.510832
tqa389,54,-0.539618
tqa389,55,-34.375000
tqa389,56,-36.125000
tqa389,57,-0.413590
tqa389,58,-0.416039
tqa389,59,-0.387024
tqa389,60,-33.375000
tqa389,61,-0.099510
tqa389,62,-0.383476
tqa389,63,-35.250000
tqa390,0,-0.422210
tqa390,1,-0.195646
tqa390,2,-0.423997
tqa390,3,-30.750000
tqa390,4,-0.423997
tqa390,5,-0.131613
tqa390,6,1.000002
tqa390,7,-0.422210
tqa390,8,-34.000000
tqa390,9,-0.424256
tqa390,10,-0.363745
tqa390,11,-0.358636
tqa390,12,-0.297225
tqa390,13,-0.423495
tqa390,14,-33.625000
tqa390,15,-0.193635
tqa390,16,-0.424799
tqa390,17,-0.324389
tqa390,18,-33.875000
tqa390,19,-0.420521
tqa390,20,-0.355620
tqa390,21,-32.125000
tqa390,22,-0.223514
tqa390,23,-0.225701
tqa390,24,-34.750000
tqa390,25,-0.138067
tqa390,26,-0.069402
tqa390,27,-0.328946
tqa390,28,-0.296846
tqa390,29,-0.423997
tqa390,30,-35.687500
tqa390,31,-0.421361
tqa390,32,-0.198045
tqa390,33,-0.129083
tqa390,34,-15.375000
tqa390,35,-0.484477
tqa390,36,-0.296306
tqa390,37,-0.301566
tqa390,38,-0.331251
tqa390,39,-24.000000
tqa390,40,-0.133842
tqa390,41,-0.395890
tqa390,42,-30.250000
tqa390,43,-35.062500
tqa390,44,-30.750000
tqa390,45,-0.264301
tqa390,46,-0.332805
tqa390,47,-0.293566
tqa390,48,-33.125000
tqa390,49,-0.358636
tqa390,50,-32.500000
tqa390,51,-33.500000
tqa390,52,-34.000000
tqa390,53,-0.422925
tqa390,54,-0.361260
tqa390,55,-0.421530
tqa390,56,-0.318642
tqa390,57,-0.100649
tqa390,58,-0.420309
tqa390,59,-32.250000
tqa390,60,-0.456889
tqa390,61,-33.625000
tqa390,62,-0.456316
tqa390,63,-0.452871
tqa391,0,-0.509949
tqa391,1,-0.602236
tqa391,2,-33.625000
tqa391,3,-0.509949
tqa391,4,-0.513071
tqa391,5,-0.513071
tqa391,6,-0.352818
tqa391,7,-34.625000
tqa391,8,-0.538923
tqa391,9,-33.875000
tqa391,10,-0.507575
tqa391,11,-0.511319
tqa391,12,-35.312500
tqa391,13,-0.543383
tqa391,14,-0.513860
tqa391,15,-0.484490
tqa391,16,-0.348811
tqa391,17,-0.351968
tqa391,18,-33.375000
tqa391,19,-0.286841
tqa391,20,-0.546170
tqa391,21,-0.543648
tqa391,22,-0.543648
tqa391,23,-34.625000
tqa391,24,-37.187500
tqa391,25,-0.543100
tqa391,26,-0.543648
tqa391,27,-0.543648
tqa391,28,-0.386768
tqa391,29,-36.875000
tqa391,30,-0.508821
tqa391,31,-0.507648
tqa391,32,-28.750000
tqa391,33,-34.625000
tqa391,34,-32.250000
tqa391,35,-0.513071
tqa391,36,-0.388672
tqa391,37,-0.544130
tqa391,38,-0.484318
tqa391,39,-35.250000
tqa391,40,-36.750000
tqa391,41,-0.576552
tqa391,42,-0.543648
tqa391,43,-0.543648
tqa391,44,-0.509932
tqa391,45,-0.508348
tqa391,46,-38.125000
tqa391,47,-0.448947
tqa391,48,-34.625000
tqa391,49,-34.625000
tqa391,50,-34.625000
tqa391,51,-34.625000
tqa391,52,-0.479453
tqa391,53,-0.381528
tqa391,54,-28.000000
tqa391,55,-0.381528
tqa391,56,-0.479743
tqa391,57,-37.000000
tqa391,58,-0.479589
tqa391,59,-0.507356
tqa391,60,-0.545319
tqa391,61,-33.250000
tqa391,62,-0.328542
tqa391,63,-0.573175
tqa392,0,-0.356127
tqa392,1,-0.509911
tqa392,2,-0.509911
tqa392,3,-32.875000
tqa392,4,-0.448632
tqa392,5,-0.448632
tqa392,6,-28.000000
tqa392,7,-0.448632
tqa392,8,-0.225576
tqa392,9,-0.353996
tqa392,10,-29.875000
tqa392,11,-0.446480
tqa392,12,-37.937500
tqa392,13,24.125000
tqa392,14,24.125000
tqa392,15,24.125000
tqa392,16,24.125000
tqa392,17,24.125000
tqa392,18,24.125000
tqa392,19,24.125000
tqa392,20,-30.625000
tqa392,21,-0.540105
tqa392,22,-0.540105
tqa392,23,-0.508591
tqa392,24,-0.293190
tqa392,25,-0.293190
tqa392,26,-0.293190
tqa392,27,-35.750000
tqa392,28,-0.232181
tqa392,29,-0.419662
tqa392,30,-35.437500
tqa392,31,-37.000000
tqa392,32,-0.384225
tqa392,33,-0.384214
tqa392,34,-0.477836
tqa392,35,-36.375000
tqa392,36,-31.375000
tqa392,37,-0.448632
tqa392,38,-0.448632
tqa392,39,-0.448632
tqa392,40,-29.375000
tqa392,41,-0.509911
tqa392,42,-0.448962
tqa392,43,-0.509911
tqa392,44,-34.125000
tqa392,45,-0.419662
tqa392,46,-0.419662
tqa392,47,-0.416318
tqa392,48,-32.500000
tqa392,49,-0.416318
tqa392,50,-0.419662
tqa392,51,-32.750000
tqa392,52,-35.187500
tqa392,53,-0.477593
tqa392,54,-0.509911
tqa392,55,-0.448610
tqa392,56,-0.293190
tqa392,57,-33.500000
tqa392,58,-0.293190
tqa392,59,-0.228667
tqa392,60,-0.448632
tqa392,61,-0.448632
tqa392,62,-0.448632
tqa392,63,-34.625000
tqa393,0,-0.107986
tqa393,1,-0.511162
tqa393,2,-33.875000
tqa393,3,-0.510206
tqa393,4,-0.267748
tqa393,5,-0.355932
tqa393,6,-32.625000
tqa393,7,-0.134196
tqa393,8,-36.687500
tqa393,9,-0.415345
tqa393,10,0.026651
tqa393,11,-0.262685
tqa393,12,-0.510061
tqa393,13,-35.625000
tqa393,14,-0.482195
tqa393,15,-0.041850
tqa393,16,-28.000000
tqa393,17,-0.358864
tqa393,18,-0.040405
tqa393,19,-37.687500
tqa393,20,-0.384927
tqa393,21,-0.325044
tqa393,22,-17.375000
tqa393,23,-0.171741
tqa393,24,-0.476398
tqa393,25,-23.875000
tqa393,26,-0.445630
tqa393,27,-0.476217
tqa393,28,-0.389050
tqa393,29,-0.324982
tqa393,30,-0.384795
tqa393,31,-20.375000
tqa393,32,-0.447866
tqa393,33,-0.449011
tqa393,34,-35.375000
tqa393,35,0.179331
tqa393,36,-34.000000
tqa393,37,-0.385806
tqa393,38,-0.417727
tqa393,39,-0.290375
tqa393,40,-28.875000
tqa393,41,-0.447562
tqa393,42,-0.448839
tqa393,43,0.019518
tqa393,44,-0.413363
tqa393,45,-0.358572
tqa393,46,-0.386673
tqa393,47,-32.375000
tqa393,48,-0.038514
tqa393,49,-36.375000
tqa393,50,-0.386681
tqa393,51,0.145227
tqa393,52,-29.500000
tqa393,53,-0.477446
tqa393,54,-0.103379
tqa393,55,-0.480262
tqa393,56,-0.507891
tqa393,57,-0.479597
tqa393,58,-0.478959
tqa393,59,-33.125000
tqa393,60,-0.508245
tqa393,61,0.119116
tqa393,62,-35.125000
tqa393,63,-0.233418
tqa394,0,-0.005370
tqa394,1,-35.875000
tqa394,2,-0.104622
tqa394,3,-0.480589
tqa394,4,-36.625000
tqa394,5,-0.482394
tqa394,6,-0.512216
tqa394,7,-0.542089
tqa394,8,-33.250000
tqa394,9,-29.875000
tqa394,10,-36.250000
tqa394,11,-36.250000
tqa394,12,-0.421988
tqa394,13,-0.201714
tqa394,14,-36.937500
tqa394,15,-0.451978
tqa394,16,-0.448839
tqa394,17,-30.750000
tqa394,18,-0.445504
tqa394,19,-0.293751
tqa394,20,-0.133453
tqa394,21,-37.562500
tqa394,22,-0.509515
tqa394,23,-0.480618
tqa394,24,-0.549026
tqa394,25,-0.514911
tqa394,26,-0.483452
tqa394,27,-36.875000
tqa394,28,-0.072662
tqa394,29,-31.250000
tqa394,30,-31.625000
tqa394,31,-0.451772
tqa394,32,-35.312500
tqa394,33,-0.512216
tqa394,34,-0.512216
tqa394,35,-0.513451
tqa394,36,-26.500000
tqa394,37,-0.320962
tqa394,38,-22.750000
tqa394,39,-0.076559
tqa394,40,-0.509513
tqa394,41,-36.812500
tqa394,42,-0.478652
tqa394,43,-35.000000
tqa394,44,-0.446454
tqa394,45,-34.750000
tqa394,46,-0.357016
tqa394,47,-36.187500
tqa394,48,-0.482410
tqa394,49,-39.125000
tqa394,50,-0.480259
tqa394,51,-0.480252
tqa394,52,-31.500000
tqa394,53,-0.481618
tqa394,54,-0.450951
tqa394,55,-0.540901
tqa394,56,-0.162903
tqa394,57,-0.041573
tqa394,58,-34.750000
tqa394,59,-0.332595
tqa394,60,-0.449801
tqa394,61,-0.513248
tqa394,62,-33.250000
tqa394,63,-0.480974
tqa395,0,-0.512134
tqa395,1,-0.480354
tqa395,2,-35.937500
tqa395,3,-0.513071
tqa395,4,-0.482533
tqa395,5,-0.544324
tqa395,6,-31.750000
tqa395,7,-0.543751
tqa395,8,21.375000
tqa395,9,21.375000
tqa395,10,-36.625000
tqa395,11,21.375000
tqa395,12,-33.625000
tqa395,13,-0.545117
tqa395,14,-0.547061
tqa395,15,-0.484054
tqa395,16,-0.102707
tqa395,17,-0.295093
tqa395,18,-0.295093
tqa395,19,-19.750000
tqa395,20,-1.624923
tqa395,21,-0.295093
tqa395,22,-0.165483
tqa395,23,-19.750000
tqa395,24,-0.383556
tqa395,25,-0.424065
tqa395,26,-0.424065
tqa395,27,-36.937500
tqa395,28,-22.625000
tqa395,29,-0.455589
tqa395,30,-0.194483
tqa395,31,-0.261122
tqa395,32,-0.542783
tqa395,33,-0.482219
tqa395,34,-35.062500
tqa395,35,-0.513460
tqa395,36,-37.000000
tqa395,37,-0.509634
tqa395,38,-0.509917
tqa395,39,-0.481743
tqa395,40,-0.262322
tqa395,41,-0.478980
tqa395,42,-35.687500
tqa395,43,-0.479126
tqa395,44,-0.424065
tqa395,45,-35.500000
tqa395,46,-0.449831
tqa395,47,-0.449831
tqa395,48,-36.937500
tqa395,49,-0.424065
tqa395,50,-0.164210
tqa395,51,-0.424065
tqa395,52,-0.074046
tqa395,53,-25.500000
tqa395,54,-34.875000
tqa395,55,-0.074046
tqa395,56,-29.250000
tqa395,57,-0.544129
tqa395,58,-0.512052
tqa395,59,-0.543300
tqa395,60,-0.517694
tqa395,61,-0.517694
tqa395,62,-36.687500
tqa395,63,-0.517694
tqa396,0,-0.421507
tqa396,1,-21.500000
tqa396,2,-31.250000
tqa396,3,-0.421507
tqa396,4,-0.421507
tqa396,5,-0.421507
tqa396,6,6.750000
tqa396,7,-0.421507
tqa396,8,25.875000
tqa396,9,25.875000
tqa396,10,25.875000
tqa396,11,25.875000
tqa396,12,25.875000
tqa396,13,25.875000
tqa396,14,25.875000
tqa396,15,25.875000
tqa396,16,-0.544295
tqa396,17,-33.250000
tqa396,18,-0.544295
tqa396,19,-0.544295
tqa396,20,25.875000
tqa396,21,25.875000
tqa396,22,25.875000
tqa396,23,25.875000
tqa396,24,-0.422982
tqa396,25,0.052031
tqa396,26,-0.422982
tqa396,27,5.625000
tqa396,28,-0.483212
tqa396,29,-29.250000
tqa396,30,-0.483212
tqa396,31,-31.625000
tqa396,32,18.000000
tqa396,33,-0.457819
tqa396,34,-0.457819
tqa396,35,-0.485271
tqa396,36,-0.230713
tqa396,37,-0.259796
tqa396,38,-0.544295
tqa396,39,-34.125000
tqa396,40,-0.421507
tqa396,41,-0.421507
tqa396,42,-0.421507
tqa396,43,-33.375000
tqa396,44,-0.131842
tqa396,45,-0.481606
tqa396,46,-34.750000
tqa396,47,-0.481606
tqa396,48,-0.422982
tqa396,49,-0.422982
tqa396,50,-0.422982
tqa396,51,3.250001
tqa396,52,-5.874999
tqa396,53,-0.483212
tqa396,54,-0.483218
tqa396,55,3.625002
tqa396,56,-0.450562
tqa396,57,-0.544295
tqa396,58,-28.750000
tqa396,59,-0.544295
tqa396,60,25.875000
tqa396,61,25.875000
tqa396,62,25.875000
tqa396,63,25.875000
tqa397,0,-35.125000
tqa397,1,-34.000000
tqa397,2,-34.875000
tqa397,3,-35.125000
tqa397,4,-33.875000
tqa397,5,-0.446490
tqa397,6,-0.417229
tqa397,7,-0.446491
tqa397,8,-0.386132
tqa397,9,-0.386642
tqa397,10,-35.500000
tqa397,11,-0.448639
tqa397,12,-0.446490
tqa397,13,-0.074625
tqa397,14,-0.448639
tqa397,15,-35.000000
tqa397,16,-18.250000
tqa397,17,-0.446491
tqa397,18,-0.417068
tqa397,19,-0.416326
tqa397,20,-35.937500
tqa397,21,-0.476084
tqa397,22,-0.448001
tqa397,23,-35.375000
tqa397,24,-0.387547
tqa397,25,-33.625000
tqa397,26,-0.445168
tqa397,27,-0.066550
tqa397,28,-31.500000
tqa397,29,-0.448815
tqa397,30,-0.194102
tqa397,31,-0.448809
tqa397,32,-33.125000
tqa397,33,-35.125000
tqa397,34,-0.286672
tqa397,35,-32.375000
tqa397,36,-0.287012
tqa397,37,-0.383540
tqa397,38,-38.187500
tqa397,39,-0.383540
tqa397,40,-36.750000
tqa397,41,-35.437500
tqa397,42,-0.416175
tqa397,43,-0.416178
tqa397,44,-0.290046
tqa397,45,-0.318437
tqa397,46,-0.318437
tqa397,47,-35.125000
tqa397,48,-30.375000
tqa397,49,-0.317630
tqa397,50,-0.383540
tqa397,51,-0.382718
tqa397,52,-35.375000
tqa397,53,-0.417727
tqa397,54,-37.187500
tqa397,55,-0.238835
tqa397,56,-0.510386
tqa397,57,-0.481495
tqa397,58,-32.875000
tqa397,59,-0.508998
tqa397,60,-0.449983
tqa397,61,-0.418560
tqa397,62,-35.750000
tqa397,63,-0.449807
tqa398,0,-0.132600
tqa398,1,-33.750000
tqa398,2,-0.455495
tqa398,3,-0.450440
tqa398,4,-0.391428
tqa398,5,-0.513129
tqa398,6,-36.625000
tqa398,7,-0.295522
tqa398,8,-0.450733
tqa398,9,-0.423740
tqa398,10,-30.500000
tqa398,11,-0.355974
tqa398,12,-37.562500
tqa398,13,-0.512018
tqa398,14,-0.512018
tqa398,15,-0.515571
tqa398,16,-36.187500
tqa398,17,-0.482076
tqa398,18,-0.450456
tqa398,19,-0.066463
tqa398,20,-38.937500
tqa398,21,-0.165634
tqa398,22,-0.425825
tqa398,23,-0.252894
tqa398,24,-36.625000
tqa398,25,-0.485897
tqa398,26,-0.513309
tqa398,27,-0.353686
tqa398,28,-35.500000
tqa398,29,-0.485168
tqa398,30,-0.480289
tqa398,31,-0.362037
tqa398,32,-0.101851
tqa398,33,-0.513314
tqa398,34,-30.125000
tqa398,35,-30.125000
tqa398,36,-0.509680
tqa398,37,-0.481690
tqa398,38,-38.062500
tqa398,39,-0.417747
tqa398,40,-37.187500
tqa398,41,-0.513314
tqa398,42,-0.515552
tqa398,43,-0.456288
tqa398,44,-33.750000
tqa398,45,-0.452629
tqa398,46,-0.450733
tqa398,47,-0.357410
tqa398,48,-33.250000
tqa398,49,-0.296615
tqa398,50,-0.451548
tqa398,51,-0.451548
tqa398,52,-29.875000
tqa398,53,-0.224453
tqa398,54,-0.071585
tqa398,55,-35.500000
tqa398,56,-0.516906
tqa398,57,-37.125000
tqa398,58,-0.514673
tqa398,59,-0.452624
tqa398,60,-0.482206
tqa398,61,-0.448194
tqa398,62,-0.449440
tqa398,63,-33.875000
tqa399,0,-0.453453
tqa399,1,-0.483226
tqa399,2,-0.098501
tqa399,3,-36.250000
tqa399,4,-0.448839
tqa399,5,-31.875000
tqa399,6,-0.449988
tqa399,7,-0.446393
tqa399,8,-0.448221
tqa399,9,-0.547280
tqa399,10,-34.500000
tqa399,11,-0.484029
tqa399,12,-0.420851
tqa399,13,-33.625000
tqa399,14,-0.421068
tqa399,15,-0.420294
tqa399,16,-0.194535
tqa399,17,-5.374989
tqa399,18,-0.194535
tqa399,19,-0.107093
tqa399,20,-33.500000
tqa399,21,-0.449360
tqa399,22,-0.070786
tqa399,23,-0.418281
tqa399,24,-0.515482
tqa399,25,-0.542595
tqa399,26,-31.250000
tqa399,27,-0.447863
tqa399,28,-0.453513
tqa399,29,-0.483228
tqa399,30,-0.455250
tqa399,31,-33.000000
tqa399,32,-0.479118
tqa399,33,-31.875000
tqa399,34,-0.422928
tqa399,35,-0.515486
tqa399,36,-32.375000
tqa399,37,-0.107317
tqa399,38,-0.041705
tqa399,39,-0.107943
tqa399,40,-0.420082
tqa399,41,-33.625000
tqa399,42,-0.392737
tqa399,43,-0.040521
tqa399,44,-34.750000
tqa399,45,-0.267999
tqa399,46,-0.097695
tqa399,47,-0.420851
tqa399,48,-0.391740
tqa399,49,-36.562500
tqa399,50,-0.420851
tqa399,51,0.053419
tqa399,52,-34.250000
tqa399,53,-34.375000
tqa399,54,-0.390588
tqa399,55,-0.484764
tqa399,56,-0.198400
tqa399,57,-0.108216
tqa399,58,6.750001
tqa399,59,-0.139471
tqa399,60,4.375002
tqa399,61,-34.500000
tqa399,62,-0.137280
tqa399,63,4.000003
tqa400,0,-0.418056
tqa400,1,-0.077545
tqa400,2,-35.937500
tqa400,3,-0.387335
tqa400,4,-0.450272
tqa400,5,-0.418634
tqa400,6,-0.449004
tqa400,7,-34.812500
tqa400,8,-0.417092
tqa400,9,-36.562500
tqa400,10,-0.417754
tqa400,11,-0.447448
tqa400,12,-0.294889
tqa400,13,-35.125000
tqa400,14,-0.294192
tqa400,15,-0.294889
tqa400,16,-0.324703
tqa400,17,-0.324528
tqa400,18,-38.437500
tqa400,19,-0.384017
tqa400,20,-0.142692
tqa400,21,-32.125000
tqa400,22,-0.415274
tqa400,23,-0.416654
tqa400,24,-25.000000
tqa400,25,-0.385671
tqa400,26,-0.388646
tqa400,27,0.023420
tqa400,28,-0.356333
tqa400,29,-33.875000
tqa400,30,-0.356612
tqa400,31,-0.356612
tqa400,32,0.050896
tqa400,33,-0.413938
tqa400,34,-0.205270
tqa400,35,-34.437500
tqa400,36,16.500000
tqa400,37,-0.171533
tqa400,38,-33.875000
tqa400,39,-0.450272
tqa400,40,-37.312500
tqa400,41,-0.418460
tqa400,42,-34.812500
tqa400,43,-0.235021
tqa400,44,0.018640
tqa400,45,-0.447448
tqa400,46,-32.875000
tqa400,47,-0.415784
tqa400,48,-0.295502
tqa400,49,-0.295085
tqa400,50,-0.294889
tqa400,51,-32.125000
tqa400,52,-0.267415
tqa400,53,-0.419166
tqa400,54,-0.415936
tqa400,55,-35.187500
tqa400,56,-0.414055
tqa400,57,-33.375000
tqa400,58,-0.143022
tqa400,59,-0.324528
tqa400,60,-0.134248
tqa400,61,-0.295246
tqa400,62,-0.295246
tqa400,63,-22.125000
tqa401,0,-0.099806
tqa401,1,-0.600334
tqa401,2,-35.625000
tqa401,3,-0.571361
tqa401,4,-0.513254
tqa401,5,-33.875000
tqa401,6,-0.513254
tqa401,7,-0.513254
tqa401,8,-0.541043
tqa401,9,-0.541043
tqa401,10,-34.562500
tqa401,11,-0.541043
tqa401,12,-0.417588
tqa401,13,-0.506494
tqa401,14,-0.382122
tqa401,15,-33.500000
tqa401,16,-0.479263
tqa401,17,-0.136202
tqa401,18,-0.448190
tqa401,19,-36.000000
tqa401,20,-35.375000
tqa401,21,-35.375000
tqa401,22,-35.375000
tqa401,23,-35.375000
tqa401,24,-0.260940
tqa401,25,-0.514395
tqa401,26,-31.500000
tqa401,27,-0.513254
tqa401,28,-0.510981
tqa401,29,-6.374998
tqa401,30,-0.510981
tqa401,31,-24.000000
tqa401,32,-0.194151
tqa401,33,-35.125000
tqa401,34,-34.687500
tqa401,35,-0.510525
tqa401,36,-0.541043
tqa401,37,-0.541924
tqa401,38,-35.750000
tqa401,39,-0.570187
tqa401,40,-0.255697
tqa401,41,-0.008312
tqa401,42,-0.572866
tqa401,43,-30.125000
tqa401,44,-0.572866
tqa401,45,-0.572866
tqa401,46,-34.812500
tqa401,47,-0.542587
tqa401,48,-29.625000
tqa401,49,-0.513254
tqa401,50,-0.513254
tqa401,51,-0.484541
tqa401,52,-34.000000
tqa401,53,-33.875000
tqa401,54,-0.513056
tqa401,55,-0.228682
tqa401,56,-0.195923
tqa401,57,-0.414886
tqa401,58,-0.193803
tqa401,59,-36.062500
tqa401,60,-0.316388
tqa401,61,-0.346314
tqa401,62,-0.315781
tqa401,63,12.625001
tqa402,0,-0.450357
tqa402,1,-31.625000
tqa402,2,-0.508489
tqa402,3,-0.510672
tqa402,4,-34.500000
tqa402,5,-0.324698
tqa402,6,-0.389672
tqa402,7,-0.420485
tqa402,8,-0.419670
tqa402,9,-35.062500
tqa402,10,-0.420280
tqa402,11,-0.416088
tqa402,12,-36.875000
tqa402,13,-0.478432
tqa402,14,-0.481874
tqa402,15,-0.038960
tqa402,16,-36.937500
tqa402,17,-0.512947
tqa402,18,-0.350665
tqa402,19,-0.516029
tqa402,20,-24.000000
tqa402,21,-0.510366
tqa402,22,-0.449533
tqa402,23,-0.479274
tqa402,24,-0.541631
tqa402,25,-0.542891
tqa402,26,-0.575438
tqa402,27,-31.000000
tqa402,28,-0.448158
tqa402,29,-0.446633
tqa402,30,-37.437500
tqa402,31,-0.447886
tqa402,32,-0.447868
tqa402,33,-0.483619
tqa402,34,-33.250000
tqa402,35,-0.480224
tqa402,36,-0.544961
tqa402,37,-0.161076
tqa402,38,-0.359309
tqa402,39,-20.250000
tqa402,40,-0.388443
tqa402,41,-35.000000
tqa402,42,-0.320377
tqa402,43,-0.512934
tqa402,44,-0.382907
tqa402,45,-0.417733
tqa402,46,-0.359304
tqa402,47,-37.062500
tqa402,48,-0.419290
tqa402,49,-34.937500
tqa402,50,-0.449528
tqa402,51,-0.222393
tqa402,52,-36.250000
tqa402,53,-36.187500
tqa402,54,-0.416780
tqa402,55,-0.447727
tqa402,56,-0.450341
tqa402,57,-35.812500
tqa402,58,-36.750000
tqa402,59,-36.687500
tqa402,60,-0.571642
tqa402,61,-0.450646
tqa402,62,-35.125000
tqa402,63,-0.445781
tqa403,0,-34.937500
tqa403,1,-0.098955
tqa403,2,-0.450171
tqa403,3,-0.038430
tqa403,4,-0.418538
tqa403,5,-0.385671
tqa403,6,-0.353964
tqa403,7,-36.312500
tqa403,8,-0.098783
tqa403,9,-0.074203
tqa403,10,-0.385352
tqa403,11,-34.250000
tqa403,12,-35.250000
tqa403,13,-0.479424
tqa403,14,-0.447121
tqa403,15,-0.230520
tqa403,16,-0.387013
tqa403,17,-0.357375
tqa403,18,-0.386821
tqa403,19,-38.437500
tqa403,20,-0.223937
tqa403,21,-34.000000
tqa403,22,-0.446063
tqa403,23,-0.478364
tqa403,24,-0.384921
tqa403,25,-0.477307
tqa403,26,-34.250000
tqa403,27,-0.447864
tqa403,28,-0.415857
tqa403,29,-35.812500
tqa403,30,-0.128772
tqa403,31,-0.383690
tqa403,32,-31.500000
tqa403,33,-0.386135
tqa403,34,-0.385969
tqa403,35,-0.419084
tqa403,36,-5.249998
tqa403,37,-0.542891
tqa403,38,-0.419877
tqa403,39,-0.539464
tqa403,40,-31.375000
tqa403,41,-0.283860
tqa403,42,-9.249989
tqa403,43,-35.750000
tqa403,44,-34.750000
tqa403,45,-0.164704
tqa403,46,-0.385497
tqa403,47,-0.324881
tqa403,48,-36.500000
tqa403,49,-0.453279
tqa403,50,-0.259484
tqa403,51,-0.450953
tqa403,52,-0.134268
tqa403,53,-31.875000
tqa403,54,-0.508821
tqa403,55,-0.448326
tqa403,56,-0.415860
tqa403,57,-0.197881
tqa403,58,-35.625000
tqa403,59,-0.448901
tqa403,60,-0.480682
tqa403,61,-0.511156
tqa403,62,-0.484295
tqa403,63,-33.875000
tqa404,0,-26.000000
tqa404,1,-0.389477
tqa404,2,-0.421285
tqa404,3,-0.481790
tqa404,4,-0.139876
tqa404,5,-0.196767
tqa404,6,-37.375000
tqa404,7,-0.331989
tqa404,8,-0.357592
tqa404,9,-0.391013
tqa404,10,-24.750000
tqa404,11,-0.326553
tqa404,12,-0.387666
tqa404,13,-25.250000
tqa404,14,-0.391013
tqa404,15,-34.750000
tqa404,16,-0.419481
tqa404,17,-35.375000
tqa404,18,-0.326541
tqa404,19,-0.326541
tqa404,20,-36.625000
tqa404,21,-0.295851
tqa404,22,-35.500000
tqa404,23,-0.388642
tqa404,24,-0.355584
tqa404,25,-0.389666
tqa404,26,-35.937500
tqa404,27,-0.008673
tqa404,28,-3.874997
tqa404,29,0.027233
tqa404,30,-0.419500
tqa404,31,-0.391013
tqa404,32,-36.312500
tqa404,33,-0.071697
tqa404,34,-0.235646
tqa404,35,-36.000000
tqa404,36,2.250002
tqa404,37,-27.875000
tqa404,38,-0.327532
tqa404,39,-0.419481
tqa404,40,-0.354418
tqa404,41,-22.500000
tqa404,42,-0.419481
tqa404,43,-0.356412
tqa404,44,-36.250000
tqa404,45,-0.359982
tqa404,46,-0.294884
tqa404,47,-0.138562
tqa404,48,-0.514049
tqa404,49,-0.423492
tqa404,50,-16.625000
tqa404,51,-0.358018
tqa404,52,26.875000
tqa404,53,-0.231764
tqa404,54,-37.812500
tqa404,55,26.875000
tqa404,56,-0.514049
tqa404,57,-0.257998
tqa404,58,-0.421980
tqa404,59,-28.625000
tqa404,60,-0.512018
tqa404,61,-0.448833
tqa404,62,-0.482599
tqa404,63,-28.500000
tqa405,0,-0.513255
tqa405,1,-0.513255
tqa405,2,-0.168386
tqa405,3,24.875000
tqa405,4,-0.420739
tqa405,5,-8.750000
tqa405,6,-0.515954
tqa405,7,-0.226974
tqa405,8,-0.543080
tqa405,9,-0.541785
tqa405,10,-18.875000
tqa405,11,-0.541785
tqa405,12,-27.125000
tqa405,13,-0.485491
tqa405,14,-0.545087
tqa405,15,-0.518531
tqa405,16,21.750000
tqa405,17,21.750000
tqa405,18,21.750000
tqa405,19,21.750000
tqa405,20,14.125000
tqa405,21,-0.035545
tqa405,22,-28.625000
tqa405,23,-0.545492
tqa405,24,-0.543080
tqa405,25,-7.499999
tqa405,26,-0.544965
tqa405,27,-24.750000
tqa405,28,-0.545087
tqa405,29,-26.250000
tqa405,30,-0.545087
tqa405,31,-0.545087
tqa405,32,-0.390573
tqa405,33,-0.543080
tqa405,34,-25.875000
tqa405,35,-0.105186
tqa405,36,-0.544965
tqa405,37,-25.750000
tqa405,38,-0.544965
tqa405,39,-0.540946
tqa405,40,-26.375000
tqa405,41,-0.485914
tqa405,42,-0.485914
tqa405,43,-0.485914
tqa405,44,-29.000000
tqa405,45,-0.518531
tqa405,46,-0.518531
tqa405,47,-0.510238
tqa405,48,-0.513255
tqa405,49,-0.513255
tqa405,50,-0.419502
tqa405,51,-27.250000
tqa405,52,-0.356426
tqa405,53,-0.356426
tqa405,54,-0.356426
tqa405,55,23.250000
tqa405,56,-29.250000
tqa405,57,-0.421165
tqa405,58,-0.167255
tqa405,59,-0.257479
tqa405,60,-0.544699
tqa405,61,-0.544699
tqa405,62,-0.514917
tqa405,63,-28.375000
tqa406,0,27.250000
tqa406,1,27.250000
tqa406,2,27.250000
tqa406,3,27.250000
tqa406,4,-10.500000
tqa406,5,-0.484694
tqa406,6,-0.453220
tqa406,7,-0.484694
tqa406,8,-0.483437
tqa406,9,-0.483437
tqa406,10,-0.483437
tqa406,11,-7.624999
tqa406,12,27.250000
tqa406,13,27.250000
tqa406,14,27.250000
tqa406,15,27.250000
tqa406,16,-17.625000
tqa406,17,-0.041883
tqa406,18,-0.483437
tqa406,19,-0.483437
tqa406,20,27.250000
tqa406,21,27.250000
tqa406,22,27.250000
tqa406,23,27.250000
tqa406,24,27.250000
tqa406,25,27.250000
tqa406,26,27.250000
tqa406,27,27.250000
tqa406,28,-12.625000
tqa406,29,-0.484941
tqa406,30,-0.483437
tqa406,31,-0.483437
tqa406,32,-0.328296
tqa406,33,-0.328296
tqa406,34,9.750001
tqa406,35,9.750001
tqa406,36,9.750001
tqa406,37,-0.328296
tqa406,38,-0.328296
tqa406,39,-0.328296
tqa406,40,-0.515959
tqa406,41,-0.515959
tqa406,42,-2.374983
tqa406,43,-0.515959
tqa406,44,-0.454234
tqa406,45,-0.454983
tqa406,46,-0.454234
tqa406,47,3.750000
tqa406,48,-0.328296
tqa406,49,-0.328296
tqa406,50,9.750001
tqa406,51,-0.328296
tqa406,52,-0.358897
tqa406,53,-0.515959
tqa406,54,-0.515959
tqa406,55,-2.250000
tqa406,56,27.250000
tqa406,57,27.250000
tqa406,58,27.250000
tqa406,59,27.250000
tqa406,60,-0.328296
tqa406,61,-0.328296
tqa406,62,-0.328296
tqa406,63,9.750001
tqa407,0,-0.388829
tqa407,1,-0.393248
tqa407,2,-35.750000
tqa407,3,-0.327159
tqa407,4,-0.352892
tqa407,5,-31.000000
tqa407,6,-0.448653
tqa407,7,-0.451951
tqa407,8,-0.111090
tqa407,9,-0.203444
tqa407,10,-32.000000
tqa407,11,-0.079774
tqa407,12,-0.480958
tqa407,13,-24.250000
tqa407,14,-0.484553
tqa407,15,-0.481141
tqa407,16,-0.481141
tqa407,17,-0.480958
tqa407,18,-0.483867
tqa407,19,-31.500000
tqa407,20,-0.387926
tqa407,21,-0.196210
tqa407,22,-34.000000
tqa407,23,-0.390104
tqa407,24,-31.125000
tqa407,25,-0.327172
tqa407,26,-0.393248
tqa407,27,-0.388618
tqa407,28,-0.388618
tqa407,29,-0.388618
tqa407,30,-0.327172
tqa407,31,-34.375000
tqa407,32,-0.136921
tqa407,33,-0.076226
tqa407,34,5.625002
tqa407,35,22.125000
tqa407,36,-37.000000
tqa407,37,-0.483867
tqa407,38,-0.448650
tqa407,39,-0.448810
tqa407,40,-0.450947
tqa407,41,-0.448987
tqa407,42,-35.187500
tqa407,43,-0.480237
tqa407,44,-0.417394
tqa407,45,-0.417394
tqa407,46,-26.125000
tqa407,47,-0.481687
tqa407,48,-36.250000
tqa407,49,-33.500000
tqa407,50,-28.750000
tqa407,51,-3.749945
tqa407,52,-3.749947
tqa407,53,-3.749945
tqa407,54,5.750002
tqa407,55,-3.249944
tqa407,56,-0.423228
tqa407,57,-0.387658
tqa407,58,-0.387491
tqa407,59,-24.625000
tqa407,60,24.500000
tqa407,61,-0.171045
tqa407,62,-0.203444
tqa407,63,-0.296351
tqa408,0,-0.267413
tqa408,1,-0.135770
tqa408,2,-0.136535
tqa408,3,-21.625000
tqa408,4,-0.102434
tqa408,5,-0.074400
tqa408,6,-15.125000
tqa408,7,-0.230002
tqa408,8,-0.327526
tqa408,9,-0.296053
tqa408,10,-0.356215
tqa408,11,-35.937500
tqa408,12,-0.360000
tqa408,13,-27.250000
tqa408,14,-0.389265
tqa408,15,-0.267413
tqa408,16,-33.250000
tqa408,17,-0.106800
tqa408,18,-0.228388
tqa408,19,-0.104365
tqa408,20,-0.134570
tqa408,21,-0.169037
tqa408,22,-34.250000
tqa408,23,-0.169037
tqa408,24,-37.500000
tqa408,25,-0.134280
tqa408,26,-0.297032
tqa408,27,-0.197272
tqa408,28,-0.259345
tqa408,29,-37.000000
tqa408,30,-0.326947
tqa408,31,-0.169037
tqa408,32,-0.230171
tqa408,33,-0.201118
tqa408,34,-0.327604
tqa408,35,-21.625000
tqa408,36,-36.750000
tqa408,37,-0.195321
tqa408,38,-36.750000
tqa408,39,-0.193952
tqa408,40,-35.625000
tqa408,41,-0.384903
tqa408,42,-0.420424
tqa408,43,-36.312500
tqa408,44,-0.362481
tqa408,45,-0.263053
tqa408,46,-0.234079
tqa408,47,-2.874949
tqa408,48,-0.388245
tqa408,49,-0.449442
tqa408,50,-0.420009
tqa408,51,-37.312500
tqa408,52,-0.327753
tqa408,53,-0.294876
tqa408,54,-0.326335
tqa408,55,-37.062500
tqa408,56,-33.250000
tqa408,57,-0.323152
tqa408,58,-0.296505
tqa408,59,-0.297730
tqa408,60,-0.229674
tqa408,61,-15.125000
tqa408,62,-15.125000
tqa408,63,-0.169037
tqa409,0,-0.328719
tqa409,1,-0.545533
tqa409,2,-0.043520
tqa409,3,-23.625000
tqa409,4,-20.625000
tqa409,5,-0.545533
tqa409,6,-0.545533
tqa409,7,-0.165117
tqa409,8,-0.602514
tqa409,9,-0.602514
tqa409,10,-22.250000
tqa409,11,-0.602514
tqa409,12,-0.602514
tqa409,13,-0.543467
tqa409,14,-0.602514
tqa409,15,-5.624996
tqa409,16,-0.574723
tqa409,17,-0.574723
tqa409,18,-0.574723
tqa409,19,-34.625000
tqa409,20,-15.500000
tqa409,21,-0.134241
tqa409,22,-0.361531
tqa409,23,-32.625000
tqa409,24,-0.573353
tqa409,25,-0.298525
tqa409,26,-29.125000
tqa409,27,-0.545533
tqa409,28,-27.500000
tqa409,29,-0.448687
tqa409,30,-0.420108
tqa409,31,-0.570812
tqa409,32,-33.625000
tqa409,33,-0.483153
tqa409,34,-0.483153
tqa409,35,-0.481625
tqa409,36,-0.633767
tqa409,37,-0.574723
tqa409,38,-0.200011
tqa409,39,-21.000000
tqa409,40,-26.875000
tqa409,41,-0.545533
tqa409,42,-28.000000
tqa409,43,-0.545533
tqa409,44,-23.875000
tqa409,45,-0.451717
tqa409,46,-0.454016
tqa409,47,-0.299328
tqa409,48,-0.541616
tqa409,49,-31.750000
tqa409,50,-0.541616
tqa409,51,-0.541616
tqa409,52,-0.511759
tqa409,53,-31.250000
tqa409,54,-0.511759
tqa409,55,-0.511759
tqa409,56,-0.575972
tqa409,57,-32.750000
tqa409,58,-26.000000
tqa409,59,-0.514414
tqa409,60,-0.602514
tqa409,61,18.375000
tqa409,62,-0.602514
tqa409,63,-0.602514
tqa410,0,-0.513062
tqa410,1,-37.625000
tqa410,2,-0.451911
tqa410,3,-0.515116
tqa410,4,-0.509343
tqa410,5,-0.449628
tqa410,6,-0.477968
tqa410,7,-37.125000
tqa410,8,-36.250000
tqa410,9,-0.513059
tqa410,10,-0.482329
tqa410,11,-0.482329
tqa410,12,-0.196636
tqa410,13,-34.875000
tqa410,14,-0.287322
tqa410,15,-0.258107
tqa410,16,-0.482329
tqa410,17,-33.375000
tqa410,18,-0.482329
tqa410,19,-0.482939
tqa410,20,-0.318809
tqa410,21,-0.319262
tqa410,22,-37.812500
tqa410,23,-0.419897
tqa410,24,-0.483863
tqa410,25,-30.125000
tqa410,26,-0.485241
tqa410,27,-0.513062
tqa410,28,-0.413232
tqa410,29,-38.312500
tqa410,30,-0.383922
tqa410,31,-0.475963
tqa410,32,-0.414428
tqa410,33,-0.382408
tqa410,34,-35.375000
tqa410,35,-0.383442
tqa410,36,-0.513062
tqa410,37,-0.482322
tqa410,38,-0.452573
tqa410,39,-36.687500
tqa410,40,-38.062500
tqa410,41,-31.750000
tqa410,42,-31.750000
tqa410,43,-34.500000
tqa410,44,-0.225477
tqa410,45,-37.375000
tqa410,46,-0.258107
tqa410,47,-0.287322
tqa410,48,-31.750000
tqa410,49,-38.062500
tqa410,50,-31.750000
tqa410,51,-31.750000
tqa410,52,-0.258107
tqa410,53,-0.258107
tqa410,54,-0.257579
tqa410,55,-37.625000
tqa410,56,-0.511350
tqa410,57,-36.187500
tqa410,58,-0.481429
tqa410,59,-0.480437
tqa410,60,-0.445330
tqa410,61,-0.075915
tqa410,62,-36.500000
tqa410,63,-0.416319
tqa411,0,-0.545656
tqa411,1,-0.546591
tqa411,2,-0.546367
tqa411,3,-33.625000
tqa411,4,-33.000000
tqa411,5,-0.106509
tqa411,6,-0.546588
tqa411,7,-0.391771
tqa411,8,-0.575562
tqa411,9,-0.130919
tqa411,10,-34.000000
tqa411,11,-0.603973
tqa411,12,-28.375000
tqa411,13,-0.510067
tqa411,14,-0.542337
tqa411,15,-0.510067
tqa411,16,4.750006
tqa411,17,-0.413470
tqa411,18,-0.105469
tqa411,19,-0.352972
tqa411,20,5.125004
tqa411,21,-0.545936
tqa411,22,-0.517002
tqa411,23,-0.517008
tqa411,24,-2.874949
tqa411,25,-0.512509
tqa411,26,-0.513272
tqa411,27,-0.384078
tqa411,28,-0.605618
tqa411,29,-0.576352
tqa411,30,-0.576352
tqa411,31,-32.125000
tqa411,32,-0.483414
tqa411,33,-0.542846
tqa411,34,-25.250000
tqa411,35,-0.543023
tqa411,36,-2.624956
tqa411,37,6.500002
tqa411,38,-0.072669
tqa411,39,-35.875000
tqa411,40,-0.576361
tqa411,41,-0.577346
tqa411,42,-31.750000
tqa411,43,-0.575374
tqa411,44,-0.578077
tqa411,45,-32.625000
tqa411,46,-0.577623
tqa411,47,-0.547998
tqa411,48,-9.999992
tqa411,49,-10.499995
tqa411,50,-9.999992
tqa411,51,-9.999992
tqa411,52,-0.510213
tqa411,53,-0.510221
tqa411,54,-31.875000
tqa411,55,-0.540587
tqa411,56,-32.875000
tqa411,57,-0.357550
tqa411,58,-0.571846
tqa411,59,-0.543023
tqa411,60,-0.547273
tqa411,61,-34.625000
tqa411,62,-0.512870
tqa411,63,-0.546527
tqa412,0,-0.483451
tqa412,1,-32.000000
tqa412,2,-0.483860
tqa412,3,-0.361432
tqa412,4,-0.358455
tqa412,5,-23.750000
tqa412,6,-29.250000
tqa412,7,-4.124970
tqa412,8,-0.358455
tqa412,9,-29.250000
tqa412,10,-29.250000
tqa412,11,-0.358455
tqa412,12,-31.250000
tqa412,13,0.049065
tqa412,14,-28.000000
tqa412,15,-0.011272
tqa412,16,-28.500000
tqa412,17,0.049065
tqa412,18,-34.125000
tqa412,19,0.109512
tqa412,20,0.049088
tqa412,21,-0.416018
tqa412,22,-35.562500
tqa412,23,-0.293752
tqa412,24,-6.624985
tqa412,25,-0.201953
tqa412,26,-0.360430
tqa412,27,0.109512
tqa412,28,-0.386588
tqa412,29,-0.419127
tqa412,30,-0.386588
tqa412,31,-34.250000
tqa412,32,-0.454998
tqa412,33,-29.500000
tqa412,34,-0.423499
tqa412,35,-0.421530
tqa412,36,-0.325378
tqa412,37,-33.875000
tqa412,38,-0.419805
tqa412,39,-0.073365
tqa412,40,-35.000000
tqa412,41,-0.010777
tqa412,42,0.075068
tqa412,43,0.020470
tqa412,44,-0.360430
tqa412,45,-35.625000
tqa412,46,0.081126
tqa412,47,-0.010632
tqa412,48,-34.500000
tqa412,49,-0.010632
tqa412,50,-0.010777
tqa412,51,-6.624985
tqa412,52,-0.010632
tqa412,53,-6.624985
tqa412,54,-0.201953
tqa412,55,-0.010632
tqa412,56,-0.360430
tqa412,57,-34.250000
tqa412,58,-0.011272
tqa412,59,-35.000000
tqa412,60,-27.250000
tqa412,61,-0.418736
tqa412,62,-0.385853
tqa412,63,-0.416942
tqa413,0,-27.125000
tqa413,1,-0.511930
tqa413,2,-0.447578
tqa413,3,-0.296161
tqa413,4,-30.625000
tqa413,5,-0.261595
tqa413,6,-0.478657
tqa413,7,-0.479758
tqa413,8,-31.750000
tqa413,9,-0.478657
tqa413,10,-0.163469
tqa413,11,-0.354609
tqa413,12,-0.258558
tqa413,13,28.875000
tqa413,14,28.875000
tqa413,15,-0.258558
tqa413,16,-0.355694
tqa413,17,-32.125000
tqa413,18,-0.448498
tqa413,19,-0.448498
tqa413,20,-0.543922
tqa413,21,-28.750000
tqa413,22,-0.543922
tqa413,23,-0.543922
tqa413,24,-0.132477
tqa413,25,-0.200188
tqa413,26,-9.999999
tqa413,27,-0.543922
tqa413,28,1.500001
tqa413,29,-0.543922
tqa413,30,-0.543922
tqa413,31,-30.125000
tqa413,32,-0.511930
tqa413,33,-0.511930
tqa413,34,-0.012842
tqa413,35,-21.000000
tqa413,36,-0.546988
tqa413,37,-0.546988
tqa413,38,-0.515054
tqa413,39,-16.000000
tqa413,40,-0.512486
tqa413,41,-0.512486
tqa413,42,-30.125000
tqa413,43,-21.375000
tqa413,44,-5.874999
tqa413,45,-0.515054
tqa413,46,-0.515054
tqa413,47,-30.500000
tqa413,48,-37.062500
tqa413,49,-0.546988
tqa413,50,-0.515054
tqa413,51,-0.515054
tqa413,52,-0.258558
tqa413,53,-0.258558
tqa413,54,-0.258558
tqa413,55,28.875000
tqa413,56,-0.543922
tqa413,57,-0.544912
tqa413,58,-0.543922
tqa413,59,-29.125000
tqa413,60,-0.257468
tqa413,61,28.875000
tqa413,62,28.875000
tqa413,63,-0.258558
tqa414,0,-0.543917
tqa414,1,-0.543917
tqa414,2,-0.543917
tqa414,3,-6.499999
tqa414,4,26.500000
tqa414,5,26.500000
tqa414,6,26.500000
tqa414,7,26.500000
tqa414,8,-0.446594
tqa414,9,-30.000000
tqa414,10,-0.197276
tqa414,11,-0.262866
tqa414,12,-0.545731
tqa414,13,-0.545731
tqa414,14,-0.545731
tqa414,15,-33.625000
tqa414,16,-0.541616
tqa414,17,-0.479925
tqa414,18,-28.875000
tqa414,19,-0.541616
tqa414,20,-32.625000
tqa414,21,-0.543917
tqa414,22,-0.543917
tqa414,23,-0.511514
tqa414,24,-27.875000
tqa414,25,-0.543917
tqa414,26,-0.543917
tqa414,27,-0.543917
tqa414,28,-0.477980
tqa414,29,-0.477980
tqa414,30,-30.375000
tqa414,31,-0.414634
tqa414,32,26.500000
tqa414,33,26.500000
tqa414,34,26.500000
tqa414,35,26.500000
tqa414,36,-30.875000
tqa414,37,-0.543917
tqa414,38,-0.543917
tqa414,39,-0.543917
tqa414,40,-31.625000
tqa414,41,-0.540345
tqa414,42,-0.540345
tqa414,43,-0.540345
tqa414,44,26.500000
tqa414,45,26.500000
tqa414,46,26.500000
tqa414,47,26.500000
tqa414,48,-0.477980
tqa414,49,-0.477980
tqa414,50,-28.625000
tqa414,51,-0.477980
tqa414,52,-31.750000
tqa414,53,-0.446594
tqa414,54,-0.358809
tqa414,55,-0.446594
tqa414,56,-0.541616
tqa414,57,-0.541616
tqa414,58,-34.125000
tqa414,59,-0.541616
tqa414,60,-0.540345
tqa414,61,-0.540345
tqa414,62,-32.750000
tqa414,63,-0.540345
tqa415,0,-23.625000
tqa415,1,-36.750000
tqa415,2,-35.625000
tqa415,3,-0.197073
tqa415,4,-36.000000
tqa415,5,-32.875000
tqa415,6,-29.875000
tqa415,7,-37.437500
tqa415,8,-0.446877
tqa415,9,-0.449002
tqa415,10,-36.312500
tqa415,11,-0.413593
tqa415,12,-0.513459
tqa415,13,-31.625000
tqa415,14,-0.513062
tqa415,15,-0.544116
tqa415,16,-36.625000
tqa415,17,-0.450778
tqa415,18,-0.450013
tqa415,19,-0.388871
tqa415,20,-0.260166
tqa415,21,-0.195937
tqa415,22,-0.197975
tqa415,23,-36.187500
tqa415,24,-0.543930
tqa415,25,-0.514400
tqa415,26,-0.483150
tqa415,27,-36.187500
tqa415,28,-0.197073
tqa415,29,-35.500000
tqa415,30,-31.750000
tqa415,31,-35.625000
tqa415,32,-35.625000
tqa415,33,-37.687500
tqa415,34,-33.500000
tqa415,35,-34.375000
tqa415,36,-33.000000
tqa415,37,-37.000000
tqa415,38,-36.000000
tqa415,39,-0.197809
tqa415,40,-0.479927
tqa415,41,-0.477719
tqa415,42,-32.375000
tqa415,43,-0.445627
tqa415,44,-34.562500
tqa415,45,-0.446868
tqa415,46,-0.477832
tqa415,47,-0.387300
tqa415,48,-0.542428
tqa415,49,-0.544905
tqa415,50,-31.625000
tqa415,51,-0.450089
tqa415,52,-0.197002
tqa415,53,-0.197148
tqa415,54,-36.375000
tqa415,55,-0.165968
tqa415,56,-0.195683
tqa415,57,-0.354605
tqa415,58,-0.227058
tqa415,59,-27.625000
tqa415,60,-0.383844
tqa415,61,-0.352341
tqa415,62,-0.384932
tqa415,63,-31.125000
tqa416,0,-0.448695
tqa416,1,-0.484314
tqa416,2,-24.375000
tqa416,3,-0.422473
tqa416,4,-35.562500
tqa416,5,-0.485493
tqa416,6,-0.515101
tqa416,7,-0.515101
tqa416,8,-0.191276
tqa416,9,-34.937500
tqa416,10,-0.259799
tqa416,11,-0.391032
tqa416,12,-0.449851
tqa416,13,-0.449851
tqa416,14,-25.875000
tqa416,15,-0.449851
tqa416,16,-0.415817
tqa416,17,-0.098948
tqa416,18,-0.424509
tqa416,19,-31.500000
tqa416,20,-0.485657
tqa416,21,-0.513134
tqa416,22,-33.812500
tqa416,23,-0.485657
tqa416,24,-0.484773
tqa416,25,-0.453526
tqa416,26,-28.375000
tqa416,27,-0.454659
tqa416,28,-0.449684
tqa416,29,-0.453748
tqa416,30,-33.625000
tqa416,31,-0.227903
tqa416,32,-0.296356
tqa416,33,-0.263260
tqa416,34,-0.322422
tqa416,35,18.375000
tqa416,36,-0.452818
tqa416,37,-0.479941
tqa416,38,-0.452161
tqa416,39,-29.875000
tqa416,40,-0.485727
tqa416,41,-0.512533
tqa416,42,-29.500000
tqa416,43,-0.485480
tqa416,44,-0.485902
tqa416,45,-0.484997
tqa416,46,-35.875000
tqa416,47,-0.359106
tqa416,48,-0.454475
tqa416,49,-31.625000
tqa416,50,-0.453288
tqa416,51,-0.038683
tqa416,52,-35.062500
tqa416,53,-0.575834
tqa416,54,-0.517924
tqa416,55,-0.543975
tqa416,56,-0.317635
tqa416,57,-0.484550
tqa416,58,-0.484550
tqa416,59,-27.875000
tqa416,60,-0.482671
tqa416,61,-0.513721
tqa416,62,-0.324202
tqa416,63,-26.500000
tqa417,0,-0.538834
tqa417,1,-30.625000
tqa417,2,-0.538834
tqa417,3,-0.538834
tqa417,4,25.500000
tqa417,5,1.625022
tqa417,6,25.500000
tqa417,7,25.500000
tqa417,8,25.500000
tqa417,9,25.500000
tqa417,10,25.500000
tqa417,11,1.625022
tqa417,12,-0.157657
tqa417,13,-0.567942
tqa417,14,-0.567942
tqa417,15,-35.250000
tqa417,16,-0.538822
tqa417,17,-0.538822
tqa417,18,-0.538822
tqa417,19,-34.000000
tqa417,20,-0.599347
tqa417,21,-30.250000
tqa417,22,-0.599347
tqa417,23,-0.570186
tqa417,24,-0.538943
tqa417,25,-0.538943
tqa417,26,-32.875000
tqa417,27,-0.474362
tqa417,28,-0.599347
tqa417,29,-33.750000
tqa417,30,-0.599347
tqa417,31,-0.599347
tqa417,32,-0.447749
tqa417,33,-0.417573
tqa417,34,-0.447749
tqa417,35,-13.000000
tqa417,36,25.500000
tqa417,37,25.500000
tqa417,38,25.500000
tqa417,39,25.500000
tqa417,40,25.500000
tqa417,41,25.500000
tqa417,42,25.500000
tqa417,43,25.500000
tqa417,44,25.500000
tqa417,45,25.500000
tqa417,46,25.500000
tqa417,47,25.500000
tqa417,48,-0.567942
tqa417,49,-19.750000
tqa417,50,-0.567942
tqa417,51,-0.567942
tqa417,52,25.500000
tqa417,53,25.500000
tqa417,54,25.500000
tqa417,55,25.500000
tqa417,56,25.500000
tqa417,57,25.500000
tqa417,58,25.500000
tqa417,59,25.500000
tqa417,60,25.500000
tqa417,61,25.500000
tqa417,62,25.500000
tqa417,63,25.500000
tqa418,0,-0.447001
tqa418,1,-0.478234
tqa418,2,-0.005280
tqa418,3,-33.875000
tqa418,4,-34.625000
tqa418,5,-0.477469
tqa418,6,-0.420065
tqa418,7,-0.447705
tqa418,8,-25.250000
tqa418,9,-0.447406
tqa418,10,-0.165476
tqa418,11,-0.446354
tqa418,12,-0.448626
tqa418,13,-34.000000
tqa418,14,-0.480208
tqa418,15,-0.448948
tqa418,16,-0.418090
tqa418,17,-35.437500
tqa418,18,-0.477347
tqa418,19,-0.417064
tqa418,20,-0.447712
tqa418,21,-33.125000
tqa418,22,-0.447271
tqa418,23,-0.445044
tqa418,24,-0.480391
tqa418,25,-34.250000
tqa418,26,-0.509129
tqa418,27,-0.511129
tqa418,28,-32.875000
tqa418,29,-0.542549
tqa418,30,-0.158766
tqa418,31,-0.479889
tqa418,32,-0.257050
tqa418,33,-34.625000
tqa418,34,-0.350942
tqa418,35,-0.415039
tqa418,36,-0.421361
tqa418,37,-0.508991
tqa418,38,-38.875000
tqa418,39,-0.358204
tqa418,40,-0.510070
tqa418,41,-0.510221
tqa418,42,-0.423238
tqa418,43,-30.625000
tqa418,44,-33.625000
tqa418,45,-0.418966
tqa418,46,-34.375000
tqa418,47,-0.387357
tqa418,48,-0.136338
tqa418,49,-36.250000
tqa418,50,-0.448958
tqa418,51,-0.449291
tqa418,52,-0.511467
tqa418,53,-0.510217
tqa418,54,-0.483856
tqa418,55,-37.000000
tqa418,56,-0.447416
tqa418,57,-0.448791
tqa418,58,-28.125000
tqa418,59,-0.387912
tqa418,60,-0.480387
tqa418,61,-32.125000
tqa418,62,-0.448956
tqa418,63,-0.449295
tqa419,0,-36.687500
tqa419,1,-0.448032
tqa419,2,-0.480001
tqa419,3,-0.448032
tqa419,4,-0.227172
tqa419,5,-13.374997
tqa419,6,-0.351699
tqa419,7,-13.374997
tqa419,8,-0.541928
tqa419,9,-34.750000
tqa419,10,-0.482395
tqa419,11,-0.572148
tqa419,12,-0.451061
tqa419,13,-37.062500
tqa419,14,-0.479440
tqa419,15,-0.073850
tqa419,16,-13.374997
tqa419,17,-0.227172
tqa419,18,-0.227172
tqa419,19,-0.227172
tqa419,20,-0.539869
tqa419,21,-34.625000
tqa419,22,-0.541928
tqa419,23,-0.541925
tqa419,24,-0.512669
tqa419,25,-36.562500
tqa419,26,-0.512857
tqa419,27,-0.573018
tqa419,28,-0.573018
tqa419,29,-37.000000
tqa419,30,-0.571865
tqa419,31,-0.542750
tqa419,32,-0.513973
tqa419,33,-0.478225
tqa419,34,-0.069651
tqa419,35,-35.125000
tqa419,36,-13.374997
tqa419,37,-13.374997
tqa419,38,-0.227048
tqa419,39,-0.227172
tqa419,40,-0.481995
tqa419,41,-0.513238
tqa419,42,-33.625000
tqa419,43,-0.513452
tqa419,44,-0.447583
tqa419,45,-0.449262
tqa419,46,-35.875000
tqa419,47,-0.476396
tqa419,48,-0.513238
tqa419,49,-0.513238
tqa419,50,-0.513238
tqa419,51,-33.750000
tqa419,52,-0.508182
tqa419,53,-0.476495
tqa419,54,-0.328286
tqa419,55,-37.312500
tqa419,56,-0.481607
tqa419,57,-33.250000
tqa419,58,-0.542071
tqa419,59,-0.568902
tqa419,60,-0.573018
tqa419,61,-34.000000
tqa419,62,-0.573018
tqa419,63,-0.571865
tqa420,0,-0.100561
tqa420,1,-0.482206
tqa420,2,-0.446605
tqa420,3,-31.125000
tqa420,4,20.125000
tqa420,5,20.125000
tqa420,6,20.125000
tqa420,7,20.125000
tqa420,8,-0.415105
tqa420,9,-0.321093
tqa420,10,-0.321093
tqa420,11,17.250000
tqa420,12,20.000000
tqa420,13,20.000000
tqa420,14,-0.165761
tqa420,15,20.000000
tqa420,16,20.125000
tqa420,17,20.125000
tqa420,18,20.125000
tqa420,19,20.125000
tqa420,20,-0.510079
tqa420,21,-33.625000
tqa420,22,-32.500000
tqa420,23,-0.038871
tqa420,24,20.000000
tqa420,25,20.000000
tqa420,26,20.000000
tqa420,27,-0.258194
tqa420,28,-21.500000
tqa420,29,-0.510377
tqa420,30,-0.510377
tqa420,31,-0.510377
tqa420,32,20.125000
tqa420,33,20.125000
tqa420,34,20.125000
tqa420,35,20.125000
tqa420,36,20.125000
tqa420,37,20.125000
tqa420,38,20.125000
tqa420,39,20.125000
tqa420,40,20.125000
tqa420,41,20.125000
tqa420,42,20.125000
tqa420,43,20.125000
tqa420,44,-0.510079
tqa420,45,-35.375000
tqa420,46,-0.166042
tqa420,47,-0.510079
tqa420,48,-0.510377
tqa420,49,-0.510377
tqa420,50,-0.510377
tqa420,51,-33.625000
tqa420,52,20.000000
tqa420,53,-0.290600
tqa420,54,20.000000
tqa420,55,-0.167863
tqa420,56,20.125000
tqa420,57,20.125000
tqa420,58,20.125000
tqa420,59,-31.000000
tqa420,60,20.000000
tqa420,61,20.000000
tqa420,62,-0.230869
tqa420,63,20.000000
tqa421,0,-0.578768
tqa421,1,-0.578768
tqa421,2,-14.000000
tqa421,3,-0.135633
tqa421,4,-0.547462
tqa421,5,-0.136289
tqa421,6,-0.258015
tqa421,7,8.000000
tqa421,8,-0.542257
tqa421,9,-0.542257
tqa421,10,-0.542257
tqa421,11,-34.125000
tqa421,12,-0.578080
tqa421,13,-0.578080
tqa421,14,-0.578080
tqa421,15,-26.500000
tqa421,16,-27.375000
tqa421,17,-33.250000
tqa421,18,-0.549533
tqa421,19,-0.168945
tqa421,20,-33.375000
tqa421,21,-0.549533
tqa421,22,-0.549533
tqa421,23,-0.258018
tqa421,24,-0.482609
tqa421,25,-0.578768
tqa421,26,5.625000
tqa421,27,-0.578768
tqa421,28,-0.578768
tqa421,29,-0.578768
tqa421,30,-30.875000
tqa421,31,-33.875000
tqa421,32,-0.549533
tqa421,33,-0.549533
tqa421,34,-31.250000
tqa421,35,-0.549533
tqa421,36,-0.199630
tqa421,37,-0.549533
tqa421,38,-0.549533
tqa421,39,-29.000000
tqa421,40,-0.578768
tqa421,41,-0.330276
tqa421,42,-0.578768
tqa421,43,-31.500000
tqa421,44,-0.135320
tqa421,45,-0.231833
tqa421,46,-0.578768
tqa421,47,-31.875000
tqa421,48,28.000000
tqa421,49,28.000000
tqa421,50,28.000000
tqa421,51,28.000000
tqa421,52,-0.578768
tqa421,53,-28.375000
tqa421,54,-0.578768
tqa421,55,-0.578768
tqa421,56,-0.549533
tqa421,57,-0.549533
tqa421,58,-25.875000
tqa421,59,-0.549533
tqa421,60,-0.578080
tqa421,61,-26.125000
tqa421,62,-0.578080
tqa421,63,-28.875000
tqa422,0,-0.477606
tqa422,1,-0.512010
tqa422,2,-31.000000
tqa422,3,-0.477602
tqa422,4,-0.356070
tqa422,5,-0.328764
tqa422,6,-0.356250
tqa422,7,-27.250000
tqa422,8,-0.542566
tqa422,9,-0.509796
tqa422,10,-33.750000
tqa422,11,-0.189802
tqa422,12,-0.449522
tqa422,13,-0.038578
tqa422,14,-0.749998
tqa422,15,-0.451971
tqa422,16,-32.250000
tqa422,17,-0.420507
tqa422,18,-0.478549
tqa422,19,-0.484241
tqa422,20,-0.196601
tqa422,21,-34.625000
tqa422,22,-0.483003
tqa422,23,-0.415416
tqa422,24,-0.448489
tqa422,25,-36.437500
tqa422,26,-0.451968
tqa422,27,-0.289627
tqa422,28,-0.483215
tqa422,29,-36.000000
tqa422,30,-0.162137
tqa422,31,-0.480611
tqa422,32,-7.000000
tqa422,33,-0.359219
tqa422,34,-36.250000
tqa422,35,-0.420506
tqa422,36,-0.355629
tqa422,37,-7.000000
tqa422,38,-32.750000
tqa422,39,-0.510071
tqa422,40,-0.479886
tqa422,41,-0.453434
tqa422,42,-36.375000
tqa422,43,-0.447873
tqa422,44,-35.062500
tqa422,45,-0.449339
tqa422,46,-0.414721
tqa422,47,-0.445155
tqa422,48,-0.447421
tqa422,49,-26.500000
tqa422,50,-0.416022
tqa422,51,-0.356769
tqa422,52,-0.475443
tqa422,53,-0.479141
tqa422,54,-0.391407
tqa422,55,-36.937500
tqa422,56,-36.250000
tqa422,57,-0.099972
tqa422,58,-0.479264
tqa422,59,-0.228145
tqa422,60,-35.250000
tqa422,61,-0.326697
tqa422,62,-0.169059
tqa422,63,-27.250000
tqa423,0,-0.512749
tqa423,1,-31.750000
tqa423,2,-29.500000
tqa423,3,-0.541638
tqa423,4,-0.294378
tqa423,5,-0.388305
tqa423,6,0.016802
tqa423,7,-34.375000
tqa423,8,-0.417095
tqa423,9,-0.418415
tqa423,10,-31.125000
tqa423,11,-0.417095
tqa423,12,-0.446498
tqa423,13,-30.875000
tqa423,14,-0.005785
tqa423,15,-0.417390
tqa423,16,-34.500000
tqa423,17,-0.387344
tqa423,18,-0.416936
tqa423,19,-0.295701
tqa423,20,-29.375000
tqa423,21,-0.389025
tqa423,22,-33.125000
tqa423,23,-0.417252
tqa423,24,-36.062500
tqa423,25,-0.449323
tqa423,26,-0.196217
tqa423,27,-0.481878
tqa423,28,0.024551
tqa423,29,-35.125000
tqa423,30,-0.419361
tqa423,31,-32.875000
tqa423,32,-0.479293
tqa423,33,-34.625000
tqa423,34,-0.477011
tqa423,35,-0.164962
tqa423,36,-34.812500
tqa423,37,-0.480062
tqa423,38,-0.512927
tqa423,39,-0.477011
tqa423,40,-0.483191
tqa423,41,-0.324900
tqa423,42,-0.478165
tqa423,43,-35.500000
tqa423,44,-34.000000
tqa423,45,-0.418230
tqa423,46,-0.413238
tqa423,47,-0.418405
tqa423,48,5.000003
tqa423,49,7.500001
tqa423,50,-25.375000
tqa423,51,-0.134864
tqa423,52,-0.417564
tqa423,53,-31.625000
tqa423,54,0.058421
tqa423,55,-0.416326
tqa423,56,-0.483191
tqa423,57,-0.480227
tqa423,58,-0.479287
tqa423,59,-39.125000
tqa423,60,-0.417390
tqa423,61,-0.416477
tqa423,62,-34.750000
tqa423,63,-0.387378
tqa424,0,18.375000
tqa424,1,18.375000
tqa424,2,-0.285453
tqa424,3,-37.187500
tqa424,4,-0.482406
tqa424,5,-0.511697
tqa424,6,-0.511697
tqa424,7,-35.375000
tqa424,8,-0.285453
tqa424,9,18.375000
tqa424,10,-0.192639
tqa424,11,-0.102702
tqa424,12,-0.102702
tqa424,13,18.375000
tqa424,14,-0.505367
tqa424,15,-29.375000
tqa424,16,18.375000
tqa424,17,-0.221669
tqa424,18,-24.500000
tqa424,19,1.375017
tqa424,20,-0.191054
tqa424,21,1.375017
tqa424,22,-35.125000
tqa424,23,-33.875000
tqa424,24,-0.101266
tqa424,25,-0.288042
tqa424,26,-24.500000
tqa424,27,1.375017
tqa424,28,18.375000
tqa424,29,-0.196071
tqa424,30,-24.500000
tqa424,31,-33.875000
tqa424,32,-35.437500
tqa424,33,-0.321738
tqa424,34,-0.443714
tqa424,35,-0.413267
tqa424,36,-24.625000
tqa424,37,-33.500000
tqa424,38,-24.625000
tqa424,39,-24.625000
tqa424,40,-0.288042
tqa424,41,-0.252069
tqa424,42,-24.500000
tqa424,43,18.375000
tqa424,44,-0.511697
tqa424,45,-29.750000
tqa424,46,-0.511697
tqa424,47,-0.540498
tqa424,48,-35.375000
tqa424,49,-0.541773
tqa424,50,-0.477717
tqa424,51,-0.449008
tqa424,52,1.500015
tqa424,53,-33.500000
tqa424,54,-24.625000
tqa424,55,-24.625000
tqa424,56,-24.500000
tqa424,57,-33.875000
tqa424,58,-0.101266
tqa424,59,-35.125000
tqa424,60,-0.509382
tqa424,61,-35.187500
tqa424,62,-0.449008
tqa424,63,-0.569631
tqa425,0,-0.200186
tqa425,1,-0.294524
tqa425,2,-32.250000
tqa425,3,-0.261789
tqa425,4,-0.507036
tqa425,5,-0.291179
tqa425,6,-0.200186
tqa425,7,-31.375000
tqa425,8,-0.290896
tqa425,9,-0.289983
tqa425,10,0.017063
tqa425,11,-34.000000
tqa425,12,-0.380418
tqa425,13,-0.383628
tqa425,14,-0.354427
tqa425,15,-33.500000
tqa425,16,-0.234097
tqa425,17,-0.223021
tqa425,18,-0.290333
tqa425,19,-37.000000
tqa425,20,-0.353832
tqa425,21,-0.171380
tqa425,22,-0.354895
tqa425,23,-38.750000
tqa425,24,-0.261109
tqa425,25,-0.135313
tqa425,26,-38.375000
tqa425,27,-0.418564
tqa425,28,-0.297056
tqa425,29,-0.354615
tqa425,30,-37.812500
tqa425,31,-0.295229
tqa425,32,-0.479427
tqa425,33,-0.509377
tqa425,34,-38.312500
tqa425,35,-0.423238
tqa425,36,-0.447157
tqa425,37,-0.100264
tqa425,38,-37.500000
tqa425,39,-0.070082
tqa425,40,-0.072929
tqa425,41,-0.326223
tqa425,42,-0.353832
tqa425,43,-38.625000
tqa425,44,-35.562500
tqa425,45,-0.421514
tqa425,46,-0.453222
tqa425,47,-0.478868
tqa425,48,-37.687500
tqa425,49,-0.452774
tqa425,50,-0.423238
tqa425,51,-0.450351
tqa425,52,-35.750000
tqa425,53,-0.450745
tqa425,54,-0.452774
tqa425,55,-0.423238
tqa425,56,-0.069818
tqa425,57,-0.228101
tqa425,58,-31.875000
tqa425,59,-38.500000
tqa425,60,-36.875000
tqa425,61,-0.288149
tqa425,62,-0.196449
tqa425,63,-0.234097
tqa426,0,-0.448184
tqa426,1,-0.480689
tqa426,2,-26.375000
tqa426,3,-0.478521
tqa426,4,-0.512321
tqa426,5,-0.480883
tqa426,6,-0.512321
tqa426,7,-32.375000
tqa426,8,-0.479590
tqa426,9,-37.250000
tqa426,10,-0.479590
tqa426,11,-0.418916
tqa426,12,-37.000000
tqa426,13,-38.375000
tqa426,14,-0.047540
tqa426,15,-36.875000
tqa426,16,-0.290894
tqa426,17,-0.047540
tqa426,18,-0.105824
tqa426,19,-37.437500
tqa426,20,-0.105824
tqa426,21,-0.047540
tqa426,22,-37.812500
tqa426,23,-37.000000
tqa426,24,-0.420026
tqa426,25,-0.418555
tqa426,26,-34.437500
tqa426,27,-0.480689
tqa426,28,-0.385369
tqa426,29,-0.193536
tqa426,30,-39.000000
tqa426,31,-0.385680
tqa426,32,23.625000
tqa426,33,23.625000
tqa426,34,23.625000
tqa426,35,-0.194142
tqa426,36,23.750000
tqa426,37,23.750000
tqa426,38,23.750000
tqa426,39,23.750000
tqa426,40,-0.290047
tqa426,41,-0.047540
tqa426,42,-0.105824
tqa426,43,-37.062500
tqa426,44,-0.047540
tqa426,45,-0.105824
tqa426,46,-37.062500
tqa426,47,-0.047540
tqa426,48,-0.449617
tqa426,49,-0.453065
tqa426,50,-0.453065
tqa426,51,-37.500000
tqa426,52,-0.047540
tqa426,53,-0.047540
tqa426,54,-37.812500
tqa426,55,-0.047540
tqa426,56,-0.509806
tqa426,57,-32.625000
tqa426,58,-0.483224
tqa426,59,-0.509377
tqa426,60,-0.624939
tqa426,61,23.750000
tqa426,62,23.750000
tqa426,63,-0.624939
tqa427,0,-0.474759
tqa427,1,-0.481286
tqa427,2,-0.193815
tqa427,3,-34.250000
tqa427,4,-36.187500
tqa427,5,-0.512008
tqa427,6,-0.509561
tqa427,7,-36.750000
tqa427,8,-37.000000
tqa427,9,-0.477024
tqa427,10,-0.479610
tqa427,11,-0.538364
tqa427,12,-0.478710
tqa427,13,-3.249941
tqa427,14,-0.351765
tqa427,15,-0.449377
tqa427,16,-34.687500
tqa427,17,-0.256395
tqa427,18,-0.162559
tqa427,19,-0.446131
tqa427,20,-37.625000
tqa427,21,-37.125000
tqa427,22,-0.478164
tqa427,23,-0.248196
tqa427,24,-0.476061
tqa427,25,-0.478579
tqa427,26,-0.444601
tqa427,27,-33.625000
tqa427,28,-36.750000
tqa427,29,-0.162848
tqa427,30,-0.352242
tqa427,31,-0.446791
tqa427,32,-0.419186
tqa427,33,-33.000000
tqa427,34,-0.446902
tqa427,35,-0.443789
tqa427,36,-0.479025
tqa427,37,-0.359337
tqa427,38,-0.449496
tqa427,39,-31.625000
tqa427,40,-0.447323
tqa427,41,-0.356695
tqa427,42,-0.478868
tqa427,43,-36.437500
tqa427,44,-0.539779
tqa427,45,-35.750000
tqa427,46,-0.127332
tqa427,47,-0.480763
tqa427,48,-0.292431
tqa427,49,-0.357058
tqa427,50,-33.125000
tqa427,51,-0.194192
tqa427,52,-0.509956
tqa427,53,-0.419314
tqa427,54,-0.480790
tqa427,55,-37.875000
tqa427,56,-0.507806
tqa427,57,-0.352000
tqa427,58,-34.500000
tqa427,59,-0.478844
tqa427,60,-0.538364
tqa427,61,-35.750000
tqa427,62,-0.539779
tqa427,63,-0.479606
tqa428,0,-0.447410
tqa428,1,-38.187500
tqa428,2,-0.261791
tqa428,3,-0.414388
tqa428,4,-0.545105
tqa428,5,-0.483150
tqa428,6,-35.750000
tqa428,7,-0.450558
tqa428,8,-0.482405
tqa428,9,-0.449905
tqa428,10,-34.500000
tqa428,11,-0.509802
tqa428,12,-0.418556
tqa428,13,-0.480873
tqa428,14,-37.125000
tqa428,15,-0.451068
tqa428,16,-0.541780
tqa428,17,-0.163768
tqa428,18,-31.812500
tqa428,19,-0.073565
tqa428,20,-0.480867
tqa428,21,-0.450171
tqa428,22,-36.625000
tqa428,23,-0.447259
tqa428,24,-0.133156
tqa428,25,-0.099247
tqa428,26,-0.163928
tqa428,27,-36.437500
tqa428,28,-27.750000
tqa428,29,-0.448922
tqa428,30,-0.450174
tqa428,31,-0.445949
tqa428,32,-0.166635
tqa428,33,-36.500000
tqa428,34,-0.161969
tqa428,35,-0.480515
tqa428,36,-0.510854
tqa428,37,-35.125000
tqa428,38,-0.481055
tqa428,39,-0.479591
tqa428,40,-36.375000
tqa428,41,-0.508711
tqa428,42,-0.477446
tqa428,43,-0.449448
tqa428,44,-37.062500
tqa428,45,-0.381243
tqa428,46,-0.450570
tqa428,47,-0.420453
tqa428,48,-0.193035
tqa428,49,-0.353000
tqa428,50,-0.483424
tqa428,51,-37.312500
tqa428,52,-0.290073
tqa428,53,-36.187500
tqa428,54,-0.480515
tqa428,55,-0.192329
tqa428,56,-0.287039
tqa428,57,-0.418201
tqa428,58,-36.312500
tqa428,59,-0.256099
tqa428,60,-0.163106
tqa428,61,-0.541780
tqa428,62,-32.875000
tqa428,63,-0.289824
tqa429,0,-0.510697
tqa429,1,-0.513824
tqa429,2,-0.481307
tqa429,3,-35.625000
tqa429,4,-0.514486
tqa429,5,-34.000000
tqa429,6,-0.509665
tqa429,7,-0.512581
tqa429,8,-37.250000
tqa429,9,-0.194512
tqa429,10,-0.478981
tqa429,11,-0.479897
tqa429,12,-0.481322
tqa429,13,-33.875000
tqa429,14,-0.509139
tqa429,15,-0.486246
tqa429,16,-0.451962
tqa429,17,-35.000000
tqa429,18,-0.510083
tqa429,19,-0.481492
tqa429,20,-35.187500
tqa429,21,-0.540257
tqa429,22,-0.510393
tqa429,23,-0.542572
tqa429,24,-0.481677
tqa429,25,-34.937500
tqa429,26,-0.481677
tqa429,27,-0.512927
tqa429,28,-0.478552
tqa429,29,-0.478342
tqa429,30,-32.000000
tqa429,31,-0.390599
tqa429,32,-0.316463
tqa429,33,-0.254537
tqa429,34,-0.252118
tqa429,35,-33.625000
tqa429,36,-0.481328
tqa429,37,-0.478848
tqa429,38,-0.478713
tqa429,39,-36.125000
tqa429,40,-20.250000
tqa429,41,-0.411608
tqa429,42,-0.383196
tqa429,43,-0.315559
tqa429,44,-0.453773
tqa429,45,-33.625000
tqa429,46,-0.422280
tqa429,47,-0.421153
tqa429,48,-0.283340
tqa429,49,-0.254599
tqa429,50,-32.000000
tqa429,51,-0.283293
tqa429,52,-35.312500
tqa429,53,-0.512746
tqa429,54,-0.511140
tqa429,55,-0.482775
tqa429,56,-0.513124
tqa429,57,-0.482381
tqa429,58,-34.687500
tqa429,59,-0.513139
tqa429,60,-36.937500
tqa429,61,-0.353970
tqa429,62,-0.480886
tqa429,63,-0.512133
tqa430,0,-0.384480
tqa430,1,-0.415468
tqa430,2,-0.474664
tqa430,3,-30.250000
tqa430,4,-0.352242
tqa430,5,-0.290613
tqa430,6,-36.187500
tqa430,7,-0.412170
tqa430,8,-36.500000
tqa430,9,-0.444197
tqa430,10,-0.475645
tqa430,11,-0.477973
tqa430,12,-0.384885
tqa430,13,-36.437500
tqa430,14,-0.412194
tqa430,15,-0.099986
tqa430,16,-0.319274
tqa430,17,-0.505586
tqa430,18,-0.356613
tqa430,19,-35.000000
tqa430,20,-0.348710
tqa430,21,-0.414700
tqa430,22,-34.250000
tqa430,23,-0.286207
tqa430,24,-0.508814
tqa430,25,-0.570488
tqa430,26,-0.477173
tqa430,27,-31.500000
tqa430,28,-31.500000
tqa430,29,-0.416614
tqa430,30,-0.386586
tqa430,31,-0.416922
tqa430,32,-0.541156
tqa430,33,-0.511926
tqa430,34,-35.250000
tqa430,35,-0.541455
tqa430,36,-0.379132
tqa430,37,-0.410254
tqa430,38,-34.125000
tqa430,39,-0.439894
tqa430,40,-0.511348
tqa430,41,-0.572545
tqa430,42,-36.312500
tqa430,43,-0.480258
tqa430,44,-0.539122
tqa430,45,-0.510838
tqa430,46,-36.750000
tqa430,47,-0.130730
tqa430,48,-34.187500
tqa430,49,-0.506909
tqa430,50,-0.474977
tqa430,51,-0.539234
tqa430,52,-36.500000
tqa430,53,-0.378942
tqa430,54,-0.408615
tqa430,55,-0.378938
tqa430,56,-0.478045
tqa430,57,-36.437500
tqa430,58,-34.875000
tqa430,59,-36.625000
tqa430,60,-36.500000
tqa430,61,-0.571177
tqa430,62,-0.541455
tqa430,63,-0.540211
tqa431,0,-0.509903
tqa431,1,-0.356053
tqa431,2,-35.812500
tqa431,3,-0.477571
tqa431,4,-0.540611
tqa431,5,-0.479106
tqa431,6,-36.000000
tqa431,7,-0.480683
tqa431,8,-34.625000
tqa431,9,-0.478513
tqa431,10,-0.508947
tqa431,11,-0.448177
tqa431,12,-0.449260
tqa431,13,5.125002
tqa431,14,-0.451682
tqa431,15,-0.422729
tqa431,16,-0.448838
tqa431,17,-36.125000
tqa431,18,-0.162416
tqa431,19,-0.478656
tqa431,20,-0.509903
tqa431,21,-35.187500
tqa431,22,-27.375000
tqa431,23,-0.509759
tqa431,24,-0.384082
tqa431,25,-33.125000
tqa431,26,-0.325189
tqa431,27,-0.413580
tqa431,28,-38.125000
tqa431,29,-0.448498
tqa431,30,-0.509096
tqa431,31,-35.937500
tqa431,32,-32.875000
tqa431,33,-0.192312
tqa431,34,-0.510198
tqa431,35,-0.483582
tqa431,36,-0.223648
tqa431,37,-35.187500
tqa431,38,-0.162416
tqa431,39,-0.385857
tqa431,40,-0.417241
tqa431,41,-34.937500
tqa431,42,-0.447700
tqa431,43,-32.125000
tqa431,44,-0.478653
tqa431,45,-36.187500
tqa431,46,-0.509903
tqa431,47,-0.452116
tqa431,48,-0.410789
tqa431,49,-30.750000
tqa431,50,-0.224172
tqa431,51,-0.349192
tqa431,52,-0.542589
tqa431,53,-0.511171
tqa431,54,-34.125000
tqa431,55,-35.687500
tqa431,56,-32.000000
tqa431,57,-0.448663
tqa431,58,-0.447104
tqa431,59,-8.999999
tqa431,60,-0.193049
tqa431,61,-34.375000
tqa431,62,-32.000000
tqa431,63,-0.542091
tqa432,0,-0.543818
tqa432,1,-29.375000
tqa432,2,-0.513824
tqa432,3,-0.542410
tqa432,4,-35.000000
tqa432,5,-0.387558
tqa432,6,-0.170113
tqa432,7,-0.329171
tqa432,8,-0.005836
tqa432,9,0.025966
tqa432,10,-34.125000
tqa432,11,-0.447719
tqa432,12,-0.416755
tqa432,13,-0.419122
tqa432,14,-0.478261
tqa432,15,-36.125000
tqa432,16,-0.043699
tqa432,17,-28.500000
tqa432,18,-6.124983
tqa432,19,-2.374975
tqa432,20,-0.166055
tqa432,21,-34.000000
tqa432,22,-0.421779
tqa432,23,-0.105688
tqa432,24,-9.124992
tqa432,25,-0.137260
tqa432,26,-26.500000
tqa432,27,-0.042201
tqa432,28,-0.263657
tqa432,29,-0.385831
tqa432,30,-33.375000
tqa432,31,-0.357794
tqa432,32,0.115360
tqa432,33,-0.388619
tqa432,34,-0.235736
tqa432,35,-33.750000
tqa432,36,-0.422050
tqa432,37,-0.452107
tqa432,38,-31.750000
tqa432,39,-0.420868
tqa432,40,-30.625000
tqa432,41,-0.452338
tqa432,42,-0.452338
tqa432,43,-0.421088
tqa432,44,-0.419306
tqa432,45,-0.446877
tqa432,46,-0.418921
tqa432,47,-32.500000
tqa432,48,-0.042366
tqa432,49,-0.162111
tqa432,50,-27.625000
tqa432,51,0.018953
tqa432,52,6.500001
tqa432,53,-0.041264
tqa432,54,-0.014821
tqa432,55,-0.261428
tqa432,56,-34.375000
tqa432,57,-0.386647
tqa432,58,-0.295930
tqa432,59,-0.359088
tqa432,60,-0.388429
tqa432,61,-0.388226
tqa432,62,-0.387381
tqa432,63,-34.875000
tqa433,0,-32.125000
tqa433,1,-0.448178
tqa433,2,-0.480772
tqa433,3,-0.476544
tqa433,4,-0.504186
tqa433,5,-37.250000
tqa433,6,-0.476193
tqa433,7,-0.447295
tqa433,8,-35.625000
tqa433,9,-0.415928
tqa433,10,-0.412827
tqa433,11,-0.350930
tqa433,12,-0.443894
tqa433,13,-0.444952
tqa433,14,-36.250000
tqa433,15,-0.384508
tqa433,16,-0.445287
tqa433,17,-35.875000
tqa433,18,-0.136113
tqa433,19,-0.248947
tqa433,20,-0.478105
tqa433,21,-0.447590
tqa433,22,-35.125000
tqa433,23,-0.445862
tqa433,24,-0.483027
tqa433,25,-35.625000
tqa433,26,-0.509814
tqa433,27,-0.454258
tqa433,28,-0.231223
tqa433,29,-30.750000
tqa433,30,-0.386640
tqa433,31,-0.386812
tqa433,32,-0.478545
tqa433,33,-35.625000
tqa433,34,-0.476544
tqa433,35,-0.509651
tqa433,36,-0.474868
tqa433,37,-0.418259
tqa433,38,-0.478259
tqa433,39,-35.250000
tqa433,40,-0.315273
tqa433,41,-36.250000
tqa433,42,-0.315273
tqa433,43,-0.136113
tqa433,44,-36.875000
tqa433,45,-0.447439
tqa433,46,-0.418259
tqa433,47,-0.261177
tqa433,48,-37.687500
tqa433,49,-0.450540
tqa433,50,-0.443899
tqa433,51,-0.069515
tqa433,52,-0.445734
tqa433,53,-37.187500
tqa433,54,-0.418259
tqa433,55,-0.068116
tqa433,56,-0.194924
tqa433,57,-0.162762
tqa433,58,-0.412839
tqa433,59,-36.312500
tqa433,60,-36.187500
tqa433,61,-0.443899
tqa433,62,-0.450540
tqa433,63,-0.474002
tqa434,0,-1.874985
tqa434,1,-0.011102
tqa434,2,0.019981
tqa434,3,-0.011882
tqa434,4,-0.231252
tqa434,5,-0.010937
tqa434,6,4.250002
tqa434,7,2.750004
tqa434,8,-0.069508
tqa434,9,-0.420909
tqa434,10,-34.875000
tqa434,11,-0.419964
tqa434,12,4.000003
tqa434,13,4.000003
tqa434,14,1.625004
tqa434,15,4.125002
tqa434,16,-0.449492
tqa434,17,-0.419759
tqa434,18,-34.875000
tqa434,19,-0.419563
tqa434,20,-4.374972
tqa434,21,-0.011892
tqa434,22,-0.041419
tqa434,23,4.750002
tqa434,24,-31.125000
tqa434,25,-0.483193
tqa434,26,-0.483193
tqa434,27,-0.483193
tqa434,28,-0.418641
tqa434,29,-0.419107
tqa434,30,-0.419494
tqa434,31,-36.750000
tqa434,32,-0.422041
tqa434,33,-0.007022
tqa434,34,-0.481878
tqa434,35,-34.750000
tqa434,36,-0.541791
tqa434,37,-5.874993
tqa434,38,-0.573042
tqa434,39,-0.511822
tqa434,40,3.750002
tqa434,41,-0.011882
tqa434,42,-0.200371
tqa434,43,-0.012070
tqa434,44,-0.483378
tqa434,45,-0.483815
tqa434,46,-20.875000
tqa434,47,-0.452340
tqa434,48,-0.418246
tqa434,49,-0.386995
tqa434,50,-0.357069
tqa434,51,-35.437500
tqa434,52,-0.010944
tqa434,53,-0.012243
tqa434,54,-8.999992
tqa434,55,-0.012473
tqa434,56,-10.499996
tqa434,57,3.250003
tqa434,58,0.019701
tqa434,59,1.000005
tqa434,60,3.875003
tqa434,61,0.019701
tqa434,62,4.750001
tqa434,63,1.625005
tqa435,0,-32.625000
tqa435,1,-0.575919
tqa435,2,-0.392242
tqa435,3,-0.513423
tqa435,4,-0.514230
tqa435,5,-36.187500
tqa435,6,-0.194970
tqa435,7,-0.547044
tqa435,8,-0.513842
tqa435,9,-0.515348
tqa435,10,-0.131105
tqa435,11,-32.000000
tqa435,12,-0.513638
tqa435,13,-0.068134
tqa435,14,-0.577848
tqa435,15,-31.125000
tqa435,16,-0.513632
tqa435,17,-0.545915
tqa435,18,-0.514891
tqa435,19,-36.500000
tqa435,20,-0.544591
tqa435,21,-30.000000
tqa435,22,-0.446167
tqa435,23,-26.500000
tqa435,24,-34.500000
tqa435,25,-0.413747
tqa435,26,-0.513167
tqa435,27,-0.444984
tqa435,28,-0.385439
tqa435,29,-34.500000
tqa435,30,-0.512680
tqa435,31,-0.450478
tqa435,32,-0.514230
tqa435,33,-0.453077
tqa435,34,-0.546364
tqa435,35,-34.625000
tqa435,36,-0.446995
tqa435,37,-0.320687
tqa435,38,-34.875000
tqa435,39,-0.289813
tqa435,40,17.750000
tqa435,41,17.750000
tqa435,42,-0.446995
tqa435,43,-35.875000
tqa435,44,-0.318548
tqa435,45,-30.000000
tqa435,46,-0.351138
tqa435,47,-0.411405
tqa435,48,-0.446995
tqa435,49,-0.320687
tqa435,50,17.750000
tqa435,51,-0.512858
tqa435,52,-38.625000
tqa435,53,-0.478101
tqa435,54,-0.446719
tqa435,55,-0.510190
tqa435,56,-0.414778
tqa435,57,-0.384213
tqa435,58,17.750000
tqa435,59,-0.513167
tqa435,60,-0.318548
tqa435,61,-32.500000
tqa435,62,-0.318548
tqa435,63,-16.000000
tqa436,0,-0.134851
tqa436,1,-0.485240
tqa436,2,-0.453996
tqa436,3,1.500006
tqa436,4,-0.487220
tqa436,5,-0.542262
tqa436,6,-0.483151
tqa436,7,-35.750000
tqa436,8,-0.509438
tqa436,9,-35.562500
tqa436,10,-0.546990
tqa436,11,-0.516200
tqa436,12,-0.512397
tqa436,13,-0.542575
tqa436,14,-0.139614
tqa436,15,-35.125000
tqa436,16,-0.453996
tqa436,17,-0.455973
tqa436,18,-35.437500
tqa436,19,-0.421585
tqa436,20,-36.000000
tqa436,21,-0.103698
tqa436,22,-0.547206
tqa436,23,-0.131907
tqa436,24,-0.357793
tqa436,25,-0.195676
tqa436,26,-36.375000
tqa436,27,-0.515806
tqa436,28,-0.166555
tqa436,29,-0.072001
tqa436,30,-36.312500
tqa436,31,-0.391291
tqa436,32,-0.417850
tqa436,33,-35.812500
tqa436,34,-0.448349
tqa436,35,-0.452389
tqa436,36,-0.388074
tqa436,37,-36.000000
tqa436,38,-0.453058
tqa436,39,-0.453070
tqa436,40,-0.332096
tqa436,41,-0.103901
tqa436,42,-36.812500
tqa436,43,-35.625000
tqa436,44,-0.513857
tqa436,45,-35.312500
tqa436,46,-0.454000
tqa436,47,-0.454251
tqa436,48,-34.625000
tqa436,49,-0.515054
tqa436,50,-0.454251
tqa436,51,-0.487220
tqa436,52,-36.000000
tqa436,53,-0.542575
tqa436,54,-0.545291
tqa436,55,-0.576345
tqa436,56,-0.329007
tqa436,57,-0.451554
tqa436,58,-34.312500
tqa436,59,-0.455973
tqa436,60,-0.515806
tqa436,61,-36.562500
tqa436,62,-34.625000
tqa436,63,-33.500000
tqa437,0,-0.287656
tqa437,1,28.000000
tqa437,2,-36.625000
tqa437,3,-0.196057
tqa437,4,-16.875000
tqa437,5,-0.474584
tqa437,6,-0.451880
tqa437,7,-0.451880
tqa437,8,-0.389447
tqa437,9,-0.447279
tqa437,10,-0.417379
tqa437,11,-35.500000
tqa437,12,-35.125000
tqa437,13,-0.448789
tqa437,14,-0.482355
tqa437,15,-0.419265
tqa437,16,-36.625000
tqa437,17,-33.625000
tqa437,18,-36.625000
tqa437,19,-33.625000
tqa437,20,-0.508825
tqa437,21,-0.256689
tqa437,22,-29.875000
tqa437,23,-0.508825
tqa437,24,-0.513041
tqa437,25,-0.513041
tqa437,26,-0.513041
tqa437,27,-36.375000
tqa437,28,-36.250000
tqa437,29,-0.132024
tqa437,30,-0.446985
tqa437,31,-0.417057
tqa437,32,-0.446985
tqa437,33,-0.417057
tqa437,34,-36.562500
tqa437,35,-0.418900
tqa437,36,-0.451894
tqa437,37,-31.000000
tqa437,38,-0.511503
tqa437,39,-0.544889
tqa437,40,-0.448663
tqa437,41,-0.476983
tqa437,42,-31.750000
tqa437,43,-0.448663
tqa437,44,-0.482181
tqa437,45,-0.451880
tqa437,46,-0.449599
tqa437,47,-36.187500
tqa437,48,-0.287656
tqa437,49,-38.062500
tqa437,50,-0.287656
tqa437,51,-0.196057
tqa437,52,-0.513041
tqa437,53,-0.513041
tqa437,54,-0.513041
tqa437,55,-17.750000
tqa437,56,-0.172500
tqa437,57,-33.875000
tqa437,58,-0.417057
tqa437,59,-0.387467
tqa437,60,-36.625000
tqa437,61,-0.196057
tqa437,62,-0.196057
tqa437,63,-38.062500
tqa438,0,-0.425550
tqa438,1,-0.419902
tqa438,2,-9.624993
tqa438,3,-9.624993
tqa438,4,-0.451354
tqa438,5,-9.624993
tqa438,6,-0.419112
tqa438,7,-9.624993
tqa438,8,-0.482570
tqa438,9,-0.545070
tqa438,10,-0.511298
tqa438,11,-32.625000
tqa438,12,-0.319016
tqa438,13,-0.508597
tqa438,14,-0.573794
tqa438,15,-34.000000
tqa438,16,-30.875000
tqa438,17,-0.543816
tqa438,18,-0.632781
tqa438,19,-0.538918
tqa438,20,-0.540516
tqa438,21,-0.601773
tqa438,22,-34.625000
tqa438,23,-0.602880
tqa438,24,-0.540255
tqa438,25,-36.000000
tqa438,26,-0.574492
tqa438,27,-30.750000
tqa438,28,-38.312500
tqa438,29,-0.479561
tqa438,30,-0.542898
tqa438,31,-0.510230
tqa438,32,-35.687500
tqa438,33,-0.516420
tqa438,34,-0.539850
tqa438,35,-35.500000
tqa438,36,-9.624993
tqa438,37,-0.451354
tqa438,38,-0.416780
tqa438,39,-0.256305
tqa438,40,-0.451354
tqa438,41,-9.624993
tqa438,42,-0.388462
tqa438,43,-0.353094
tqa438,44,-0.349963
tqa438,45,-0.252207
tqa438,46,-0.513229
tqa438,47,-36.312500
tqa438,48,-36.562500
tqa438,49,-0.188130
tqa438,50,-0.573194
tqa438,51,-0.602880
tqa438,52,-0.323423
tqa438,53,-0.291776
tqa438,54,-9.624993
tqa438,55,-0.451354
tqa438,56,-39.000000
tqa438,57,-0.347666
tqa438,58,-0.286629
tqa438,59,-0.285941
tqa438,60,-0.420086
tqa438,61,-0.482365
tqa438,62,-0.510972
tqa438,63,-35.500000
tqa439,0,-0.512489
tqa439,1,-0.107340
tqa439,2,-31.375000
tqa439,3,-0.417260
tqa439,4,-0.446066
tqa439,5,-33.125000
tqa439,6,-0.481407
tqa439,7,-0.386579
tqa439,8,-0.384238
tqa439,9,-0.505668
tqa439,10,-0.353282
tqa439,11,-38.187500
tqa439,12,-0.511346
tqa439,13,-31.000000
tqa439,14,-0.416635
tqa439,15,-0.513863
tqa439,16,-0.324799
tqa439,17,-0.508292
tqa439,18,-0.480154
tqa439,19,-37.125000
tqa439,20,-0.191899
tqa439,21,-35.250000
tqa439,22,-0.191899
tqa439,23,-0.223951
tqa439,24,-0.351017
tqa439,25,-35.250000
tqa439,26,-32.750000
tqa439,27,-0.351474
tqa439,28,-34.625000
tqa439,29,-0.481993
tqa439,30,-0.356706
tqa439,31,-0.508877
tqa439,32,-0.161873
tqa439,33,-0.513858
tqa439,34,-31.750000
tqa439,35,-0.161151
tqa439,36,-0.483581
tqa439,37,-0.198441
tqa439,38,-0.483150
tqa439,39,-34.625000
tqa439,40,-0.160024
tqa439,41,-0.224711
tqa439,42,-0.448842
tqa439,43,-36.187500
tqa439,44,-0.387221
tqa439,45,-0.481613
tqa439,46,-0.449095
tqa439,47,-21.375000
tqa439,48,-0.264196
tqa439,49,-0.481223
tqa439,50,-0.476271
tqa439,51,-37.062500
tqa439,52,-0.261610
tqa439,53,-35.500000
tqa439,54,-0.484776
tqa439,55,-0.484776
tqa439,56,-0.543451
tqa439,57,-0.541359
tqa439,58,-0.135145
tqa439,59,-36.250000
tqa439,60,-0.479928
tqa439,61,-0.450171
tqa439,62,-0.452384
tqa439,63,-34.500000
tqa440,0,-0.228106
tqa440,1,-0.288751
tqa440,2,-37.062500
tqa440,3,-36.187500
tqa440,4,-0.382666
tqa440,5,-37.187500
tqa440,6,-33.375000
tqa440,7,-0.321339
tqa440,8,-0.257498
tqa440,9,23.500000
tqa440,10,-0.288751
tqa440,11,-0.286697
tqa440,12,-0.446327
tqa440,13,-20.250000
tqa440,14,-0.295872
tqa440,15,-0.508247
tqa440,16,-0.483446
tqa440,17,-33.250000
tqa440,18,-0.544703
tqa440,19,-0.542418
tqa440,20,-30.125000
tqa440,21,-0.510392
tqa440,22,-0.544207
tqa440,23,-0.541503
tqa440,24,-0.444216
tqa440,25,-0.444406
tqa440,26,-38.562500
tqa440,27,-36.062500
tqa440,28,-0.413363
tqa440,29,-36.750000
tqa440,30,-0.384350
tqa440,31,-0.383467
tqa440,32,-0.257498
tqa440,33,-36.187500
tqa440,34,-0.257396
tqa440,35,-0.286697
tqa440,36,-32.375000
tqa440,37,-0.482393
tqa440,38,-0.511503
tqa440,39,-0.541046
tqa440,40,-0.228106
tqa440,41,-34.500000
tqa440,42,-36.187500
tqa440,43,-34.500000
tqa440,44,-0.544498
tqa440,45,-0.227315
tqa440,46,-34.625000
tqa440,47,-0.514477
tqa440,48,-0.507565
tqa440,49,-0.477708
tqa440,50,-0.478364
tqa440,51,-38.375000
tqa440,52,-0.512855
tqa440,53,-0.451988
tqa440,54,-35.250000
tqa440,55,-0.481241
tqa440,56,-0.168754
tqa440,57,-36.750000
tqa440,58,-34.500000
tqa440,59,-34.500000
tqa440,60,-36.875000
tqa440,61,-0.447862
tqa440,62,-0.197139
tqa440,63,-0.167834
tqa441,0,-0.374985
tqa441,1,-0.374985
tqa441,2,-0.374985
tqa441,3,-0.374985
tqa441,4,-0.374985
tqa441,5,-0.374985
tqa441,6,-0.374985
tqa441,7,-0.374985
tqa441,8,-0.374985
tqa441,9,3.375003
tqa441,10,-0.374985
tqa441,11,-0.374985
tqa441,12,-0.374985
tqa441,13,-0.374985
tqa441,14,-0.374985
tqa441,15,-0.374985
tqa441,16,-0.515316
tqa441,17,1.125004
tqa441,18,-0.199914
tqa441,19,-0.515316
tqa441,20,-0.374985
tqa441,21,-0.374985
tqa441,22,-0.374985
tqa441,23,-0.374985
tqa441,24,-0.374985
tqa441,25,3.375003
tqa441,26,-0.374985
tqa441,27,-0.374985
tqa441,28,-0.374985
tqa441,29,-0.374985
tqa441,30,-0.374985
tqa441,31,-0.374985
tqa441,32,3.375003
tqa441,33,-0.374985
tqa441,34,-0.374985
tqa441,35,-0.374985
tqa441,36,-30.750000
tqa441,37,-0.453044
tqa441,38,-0.482879
tqa441,39,-0.453044
tqa441,40,-0.479945
tqa441,41,-0.481482
tqa441,42,-19.875000
tqa441,43,-0.481482
tqa441,44,-0.480436
tqa441,45,-0.480436
tqa441,46,-0.480436
tqa441,47,-32.750000
tqa441,48,-35.375000
tqa441,49,-0.453044
tqa441,50,-0.605611
tqa441,51,-0.482879
tqa441,52,-0.479945
tqa441,53,-29.875000
tqa441,54,-0.481482
tqa441,55,-0.481482
tqa441,56,3.375003
tqa441,57,-0.374985
tqa441,58,-0.374985
tqa441,59,-0.374985
tqa441,60,-0.481482
tqa441,61,-0.481482
tqa441,62,-0.481482
tqa441,63,-29.625000
tqa442,0,-0.477356
tqa442,1,-38.000000
tqa442,2,-0.476089
tqa442,3,-0.447138
tqa442,4,-0.538159
tqa442,5,-0.567598
tqa442,6,-36.500000
tqa442,7,-0.538265
tqa442,8,-0.409613
tqa442,9,-0.313067
tqa442,10,-0.313043
tqa442,11,-34.250000
tqa442,12,-0.540611
tqa442,13,-37.812500
tqa442,14,-0.510212
tqa442,15,-0.510056
tqa442,16,-0.383709
tqa442,17,-0.383011
tqa442,18,-0.383446
tqa442,19,-36.812500
tqa442,20,-0.444813
tqa442,21,-0.441550
tqa442,22,-0.416470
tqa442,23,-35.375000
tqa442,24,-0.133144
tqa442,25,-36.125000
tqa442,26,-0.446109
tqa442,27,-0.414724
tqa442,28,-37.687500
tqa442,29,-0.223159
tqa442,30,-36.937500
tqa442,31,-0.380125
tqa442,32,-0.538265
tqa442,33,-35.125000
tqa442,34,-0.444735
tqa442,35,-0.537465
tqa442,36,-0.412480
tqa442,37,-37.500000
tqa442,38,-0.472878
tqa442,39,-0.476089
tqa442,40,-0.284491
tqa442,41,-0.315795
tqa442,42,-0.284931
tqa442,43,-36.687500
tqa442,44,-0.535250
tqa442,45,-0.474580
tqa442,46,-0.131538
tqa442,47,-34.500000
tqa442,48,-36.125000
tqa442,49,-0.474303
tqa442,50,-0.474303
tqa442,51,-0.505562
tqa442,52,-36.812500
tqa442,53,-0.416795
tqa442,54,-0.190434
tqa442,55,-0.313067
tqa442,56,-0.189585
tqa442,57,-37.250000
tqa442,58,-0.229122
tqa442,59,-0.505174
tqa442,60,-0.447706
tqa442,61,-0.383804
tqa442,62,-36.187500
tqa442,63,-0.361930
tqa443,0,-0.333421
tqa443,1,-0.514483
tqa443,2,-0.514909
tqa443,3,-36.125000
tqa443,4,-0.486759
tqa443,5,-0.483027
tqa443,6,-0.483577
tqa443,7,-33.875000
tqa443,8,-35.000000
tqa443,9,-35.000000
tqa443,10,-36.125000
tqa443,11,-36.125000
tqa443,12,-36.937500
tqa443,13,-0.482808
tqa443,14,-0.545520
tqa443,15,-0.511850
tqa443,16,-0.257155
tqa443,17,-0.287801
tqa443,18,-34.000000
tqa443,19,-0.257086
tqa443,20,-36.187500
tqa443,21,-0.574719
tqa443,22,-0.545528
tqa443,23,-0.517262
tqa443,24,-0.545099
tqa443,25,-36.625000
tqa443,26,-0.546165
tqa443,27,-0.514273
tqa443,28,-0.353989
tqa443,29,-0.637671
tqa443,30,-0.411698
tqa443,31,-35.375000
tqa443,32,-0.544888
tqa443,33,-34.375000
tqa443,34,-0.487300
tqa443,35,-0.483222
tqa443,36,-0.512864
tqa443,37,-0.513058
tqa443,38,-34.875000
tqa443,39,-0.513058
tqa443,40,-0.638858
tqa443,41,-36.625000
tqa443,42,-0.390305
tqa443,43,-0.576559
tqa443,44,-0.545520
tqa443,45,-0.545520
tqa443,46,-38.000000
tqa443,47,-0.544699
tqa443,48,-18.250000
tqa443,49,-0.545317
tqa443,50,-0.545520
tqa443,51,-0.511168
tqa443,52,-36.687500
tqa443,53,-0.544904
tqa443,54,-0.361020
tqa443,55,-0.518019
tqa443,56,-0.287801
tqa443,57,-20.000000
tqa443,58,-0.195638
tqa443,59,-31.875000
tqa443,60,-37.125000
tqa443,61,-0.576559
tqa443,62,-0.605440
tqa443,63,-0.320693
tqa444,0,-0.571255
tqa444,1,-0.571255
tqa444,2,-0.571255
tqa444,3,-32.000000
tqa444,4,26.000000
tqa444,5,26.000000
tqa444,6,26.000000
tqa444,7,26.000000
tqa444,8,26.000000
tqa444,9,26.000000
tqa444,10,26.000000
tqa444,11,26.000000
tqa444,12,-0.571255
tqa444,13,-0.571255
tqa444,14,-34.625000
tqa444,15,-0.571255
tqa444,16,26.000000
tqa444,17,26.000000
tqa444,18,26.000000
tqa444,19,26.000000
tqa444,20,26.000000
tqa444,21,26.000000
tqa444,22,26.000000
tqa444,23,26.000000
tqa444,24,-0.543558
tqa444,25,-0.543558
tqa444,26,-0.543558
tqa444,27,-32.250000
tqa444,28,-33.125000
tqa444,29,-0.543558
tqa444,30,-0.543558
tqa444,31,-0.390066
tqa444,32,-0.540632
tqa444,33,-0.540632
tqa444,34,-28.875000
tqa444,35,-0.540632
tqa444,36,26.000000
tqa444,37,26.000000
tqa444,38,26.000000
tqa444,39,26.000000
tqa444,40,26.000000
tqa444,41,26.000000
tqa444,42,26.000000
tqa444,43,26.000000
tqa444,44,26.000000
tqa444,45,26.000000
tqa444,46,26.000000
tqa444,47,26.000000
tqa444,48,26.000000
tqa444,49,26.000000
tqa444,50,26.000000
tqa444,51,26.000000
tqa444,52,26.000000
tqa444,53,26.000000
tqa444,54,26.000000
tqa444,55,26.000000
tqa444,56,26.000000
tqa444,57,26.000000
tqa444,58,26.000000
tqa444,59,26.000000
tqa444,60,-0.542442
tqa444,61,-31.500000
tqa444,62,-0.542442
tqa444,63,-0.542442
tqa445,0,-0.450686
tqa445,1,-0.198121
tqa445,2,19.875000
tqa445,3,-0.450686
tqa445,4,-0.571193
tqa445,5,-0.508192
tqa445,6,-31.500000
tqa445,7,-0.510218
tqa445,8,-0.352554
tqa445,9,-31.125000
tqa445,10,-35.875000
tqa445,11,-4.374952
tqa445,12,-0.482734
tqa445,13,-0.415055
tqa445,14,-28.625000
tqa445,15,-0.415055
tqa445,16,-0.511779
tqa445,17,-0.514200
tqa445,18,-0.450686
tqa445,19,-23.375000
tqa445,20,-0.513071
tqa445,21,-0.387132
tqa445,22,-0.415055
tqa445,23,17.875000
tqa445,24,-38.437500
tqa445,25,-0.572442
tqa445,26,-0.543828
tqa445,27,-0.572460
tqa445,28,-0.543558
tqa445,29,-0.512417
tqa445,30,-33.500000
tqa445,31,-0.542774
tqa445,32,-31.250000
tqa445,33,-0.259151
tqa445,34,-0.384635
tqa445,35,-0.289804
tqa445,36,20.375000
tqa445,37,-33.500000
tqa445,38,-0.351837
tqa445,39,-33.500000
tqa445,40,-0.482734
tqa445,41,-0.484550
tqa445,42,-0.576158
tqa445,43,-21.625000
tqa445,44,-21.625000
tqa445,45,-0.321058
tqa445,46,-0.229209
tqa445,47,-0.325964
tqa445,48,-0.450686
tqa445,49,-0.513663
tqa445,50,-35.625000
tqa445,51,-0.482336
tqa445,52,-33.500000
tqa445,53,-0.383456
tqa445,54,-0.289804
tqa445,55,-0.289804
tqa445,56,-14.124999
tqa445,57,-0.383456
tqa445,58,-0.383456
tqa445,59,-0.383456
tqa445,60,-0.574711
tqa445,61,-0.576978
tqa445,62,-34.000000
tqa445,63,-0.574725
tqa446,0,-0.235535
tqa446,1,-30.250000
tqa446,2,-30.250000
tqa446,3,-37.937500
tqa446,4,-0.258053
tqa446,5,-35.375000
tqa446,6,-0.420301
tqa446,7,-0.448209
tqa446,8,-0.384422
tqa446,9,-0.357471
tqa446,10,-36.687500
tqa446,11,-0.359088
tqa446,12,-0.481699
tqa446,13,-0.451944
tqa446,14,-32.625000
tqa446,15,-0.069621
tqa446,16,-0.418815
tqa446,17,-0.129006
tqa446,18,-0.072285
tqa446,19,-29.375000
tqa446,20,-0.484095
tqa446,21,-24.375000
tqa446,22,-0.450638
tqa446,23,-0.483878
tqa446,24,-0.450828
tqa446,25,-0.510870
tqa446,26,-32.750000
tqa446,27,-0.510399
tqa446,28,-0.355399
tqa446,29,-0.359088
tqa446,30,-0.329985
tqa446,31,-35.437500
tqa446,32,-0.234304
tqa446,33,-35.375000
tqa446,34,-0.327775
tqa446,35,-0.234304
tqa446,36,-36.875000
tqa446,37,-0.071180
tqa446,38,-0.481699
tqa446,39,-0.481699
tqa446,40,-0.234304
tqa446,41,-35.375000
tqa446,42,-0.234304
tqa446,43,-35.375000
tqa446,44,-0.359088
tqa446,45,-0.099886
tqa446,46,-0.386656
tqa446,47,-36.250000
tqa446,48,-0.510399
tqa446,49,-0.102611
tqa446,50,-29.000000
tqa446,51,-0.510870
tqa446,52,-20.000000
tqa446,53,-0.481699
tqa446,54,-0.451944
tqa446,55,-0.481699
tqa446,56,-30.250000
tqa446,57,-30.250000
tqa446,58,-0.235535
tqa446,59,0.125010
tqa446,60,-37.687500
tqa446,61,-0.388929
tqa446,62,-0.420916
tqa446,63,-0.419188
tqa447,0,-0.480392
tqa447,1,-36.812500
tqa447,2,-0.477606
tqa447,3,-0.449899
tqa447,4,-0.476887
tqa447,5,-0.511475
tqa447,6,-0.481118
tqa447,7,-37.062500
tqa447,8,-0.448163
tqa447,9,-34.812500
tqa447,10,-0.483398
tqa447,11,-0.221979
tqa447,12,-0.473253
tqa447,13,-38.562500
tqa447,14,-0.418059
tqa447,15,-0.449134
tqa447,16,-0.450524
tqa447,17,-0.387635
tqa447,18,-0.388215
tqa447,19,-34.750000
tqa447,20,-0.480938
tqa447,21,-0.511133
tqa447,22,-0.316217
tqa447,23,-38.437500
tqa447,24,-37.500000
tqa447,25,-0.417085
tqa447,26,-0.505752
tqa447,27,-0.448339
tqa447,28,-0.419180
tqa447,29,-0.571132
tqa447,30,-36.062500
tqa447,31,-0.481118
tqa447,32,-0.478971
tqa447,33,-37.437500
tqa447,34,-0.511292
tqa447,35,-0.421788
tqa447,36,-0.252652
tqa447,37,-38.437500
tqa447,38,-0.479416
tqa447,39,-0.420067
tqa447,40,-0.446759
tqa447,41,-34.000000
tqa447,42,-0.452175
tqa447,43,-0.447587
tqa447,44,-0.226319
tqa447,45,-36.937500
tqa447,46,-38.437500
tqa447,47,-36.937500
tqa447,48,-0.128630
tqa447,49,-0.387172
tqa447,50,-0.388014
tqa447,51,-38.562500
tqa447,52,-0.384626
tqa447,53,-32.000000
tqa447,54,-0.416156
tqa447,55,-0.198410
tqa447,56,-0.416755
tqa447,57,-0.444823
tqa447,58,-0.415748
tqa447,59,-33.875000
tqa447,60,-37.375000
tqa447,61,-0.416600
tqa447,62,-0.445486
tqa447,63,-36.562500
tqa448,0,-0.290922
tqa448,1,-0.575058
tqa448,2,-0.540112
tqa448,3,-34.812500
tqa448,4,-0.253769
tqa448,5,-0.250804
tqa448,6,-0.482079
tqa448,7,-29.375000
tqa448,8,-0.570408
tqa448,9,-0.571637
tqa448,10,-37.437500
tqa448,11,-0.220324
tqa448,12,-28.250000
tqa448,13,-0.473362
tqa448,14,-36.687500
tqa448,15,-34.000000
tqa448,16,-0.510831
tqa448,17,-33.125000
tqa448,18,-0.512735
tqa448,19,-0.508024
tqa448,20,-0.541777
tqa448,21,-0.514232
tqa448,22,0.750003
tqa448,23,-0.512732
tqa448,24,-0.385550
tqa448,25,-0.511299
tqa448,26,-24.125000
tqa448,27,-0.507776
tqa448,28,-32.250000
tqa448,29,-36.125000
tqa448,30,-0.537119
tqa448,31,-0.631886
tqa448,32,-0.194077
tqa448,33,-0.289379
tqa448,34,-29.500000
tqa448,35,-0.448647
tqa448,36,-36.250000
tqa448,37,-0.161605
tqa448,38,-0.316387
tqa448,39,-0.321245
tqa448,40,-0.572859
tqa448,41,-35.250000
tqa448,42,-0.515075
tqa448,43,-0.418613
tqa448,44,-30.000000
tqa448,45,-0.544565
tqa448,46,-0.573037
tqa448,47,-0.540651
tqa448,48,-34.812500
tqa448,49,-0.248993
tqa448,50,-0.381408
tqa448,51,-0.310696
tqa448,52,-33.625000
tqa448,53,-0.633143
tqa448,54,-0.631787
tqa448,55,-0.569403
tqa448,56,-0.447897
tqa448,57,-0.516006
tqa448,58,-0.135200
tqa448,59,-36.812500
tqa448,60,-0.511660
tqa448,61,-0.478729
tqa448,62,-32.375000
tqa448,63,-0.452836
tqa449,0,-0.540112
tqa449,1,-0.478542
tqa449,2,-32.625000
tqa449,3,-0.511827
tqa449,4,-0.480401
tqa449,5,-34.000000
tqa449,6,-0.418650
tqa449,7,-0.321465
tqa449,8,-0.481317
tqa449,9,-0.478834
tqa449,10,-38.437500
tqa449,11,-0.511644
tqa449,12,-0.161613
tqa449,13,-0.161052
tqa449,14,-33.375000
tqa449,15,-0.480765
tqa449,16,-0.356871
tqa449,17,-0.416323
tqa449,18,-38.187500
tqa449,19,-0.355783
tqa449,20,-0.540513
tqa449,21,-0.514452
tqa449,22,-37.375000
tqa449,23,-0.537936
tqa449,24,-38.000000
tqa449,25,-0.257507
tqa449,26,-36.687500
tqa449,27,-35.625000
tqa449,28,-36.125000
tqa449,29,-0.449330
tqa449,30,-38.875000
tqa449,31,-0.449168
tqa449,32,-0.481129
tqa449,33,-0.512943
tqa449,34,-36.687500
tqa449,35,-0.317377
tqa449,36,-0.447429
tqa449,37,-0.351295
tqa449,38,-32.875000
tqa449,39,-0.390100
tqa449,40,-37.125000
tqa449,41,-37.625000
tqa449,42,-37.000000
tqa449,43,-37.125000
tqa449,44,-36.375000
tqa449,45,-36.375000
tqa449,46,-37.375000
tqa449,47,-0.416464
tqa449,48,-0.511827
tqa449,49,-0.478984
tqa449,50,-35.750000
tqa449,51,-0.284627
tqa449,52,-35.687500
tqa449,53,-0.226174
tqa449,54,-35.062500
tqa449,55,-0.540249
tqa449,56,-36.937500
tqa449,57,-0.417068
tqa449,58,-0.417385
tqa449,59,-0.448321
tqa449,60,-0.419871
tqa449,61,-0.477616
tqa449,62,-35.062500
tqa449,63,-0.447850
tqa450,0,-34.125000
tqa450,1,-0.514011
tqa450,2,-0.482571
tqa450,3,-0.482978
tqa450,4,10.000000
tqa450,5,-0.014223
tqa450,6,-0.017846
tqa450,7,4.625004
tqa450,8,-0.545068
tqa450,9,-33.250000
tqa450,10,-0.384258
tqa450,11,-0.515699
tqa450,12,-0.015322
tqa450,13,-6.374974
tqa450,14,-0.049311
tqa450,15,-0.017674
tqa450,16,-0.449864
tqa450,17,-34.125000
tqa450,18,-0.421129
tqa450,19,-0.421350
tqa450,20,-0.323918
tqa450,21,-0.049308
tqa450,22,13.625000
tqa450,23,-0.293541
tqa450,24,-0.264661
tqa450,25,-30.375000
tqa450,26,-0.297500
tqa450,27,-0.327383
tqa450,28,0.048060
tqa450,29,1.125013
tqa450,30,2.750008
tqa450,31,0.017430
tqa450,32,10.875000
tqa450,33,0.250020
tqa450,34,0.014975
tqa450,35,0.625017
tqa450,36,-0.356329
tqa450,37,-0.014229
tqa450,38,12.125000
tqa450,39,-0.014242
tqa450,40,1.750008
tqa450,41,-0.297494
tqa450,42,-0.297494
tqa450,43,-0.017020
tqa450,44,10.625001
tqa450,45,-30.250000
tqa450,46,-0.013828
tqa450,47,4.500005
tqa450,48,-33.750000
tqa450,49,-0.481298
tqa450,50,-0.421137
tqa450,51,-0.448473
tqa450,52,-30.250000
tqa450,53,-0.046803
tqa450,54,-0.108412
tqa450,55,-0.291617
tqa450,56,-24.875000
tqa450,57,-0.421132
tqa450,58,-0.389448
tqa450,59,-0.451946
tqa450,60,-0.269489
tqa450,61,-0.047916
tqa450,62,-33.500000
tqa450,63,-0.295265
tqa451,0,-0.476859
tqa451,1,-0.540895
tqa451,2,-31.375000
tqa451,3,-36.937500
tqa451,4,-37.375000
tqa451,5,-0.479261
tqa451,6,-37.250000
tqa451,7,-0.507232
tqa451,8,-32.375000
tqa451,9,-0.225446
tqa451,10,-34.875000
tqa451,11,-0.166557
tqa451,12,-0.391488
tqa451,13,-0.449306
tqa451,14,-0.168460
tqa451,15,-38.312500
tqa451,16,-0.354142
tqa451,17,-0.388225
tqa451,18,-0.420280
tqa451,19,-32.000000
tqa451,20,-0.508909
tqa451,21,-37.687500
tqa451,22,-0.451754
tqa451,23,-0.572724
tqa451,24,-0.448488
tqa451,25,-36.375000
tqa451,26,-0.448327
tqa451,27,-0.385507
tqa451,28,-37.000000
tqa451,29,-0.443717
tqa451,30,-0.384964
tqa451,31,-0.416915
tqa451,32,-37.625000
tqa451,33,-0.450241
tqa451,34,-0.362771
tqa451,35,-0.390580
tqa451,36,-0.164684
tqa451,37,-30.375000
tqa451,38,-6.374984
tqa451,39,-22.250000
tqa451,40,-0.416319
tqa451,41,-30.875000
tqa451,42,-0.357594
tqa451,43,-0.158916
tqa451,44,-0.476094
tqa451,45,-0.476094
tqa451,46,-0.417756
tqa451,47,-37.937500
tqa451,48,-29.375000
tqa451,49,-0.448011
tqa451,50,-0.507345
tqa451,51,-0.510672
tqa451,52,-0.477238
tqa451,53,-0.447859
tqa451,54,-0.479575
tqa451,55,-32.250000
tqa451,56,-0.484247
tqa451,57,-30.625000
tqa451,58,-0.516996
tqa451,59,-0.484246
tqa451,60,-38.000000
tqa451,61,-0.476094
tqa451,62,-0.445862
tqa451,63,-0.509941
tqa452,0,-33.375000
tqa452,1,-0.513453
tqa452,2,-0.413507
tqa452,3,-0.513453
tqa452,4,-0.286152
tqa452,5,-0.254406
tqa452,6,-30.750000
tqa452,7,-0.286154
tqa452,8,-0.574182
tqa452,9,-0.517749
tqa452,10,-34.937500
tqa452,11,-0.546076
tqa452,12,-37.687500
tqa452,13,-0.315997
tqa452,14,-0.286313
tqa452,15,-37.000000
tqa452,16,-0.483010
tqa452,17,-0.454235
tqa452,18,-0.481989
tqa452,19,-30.875000
tqa452,20,-0.542728
tqa452,21,-34.750000
tqa452,22,-0.544869
tqa452,23,-0.544869
tqa452,24,-0.545721
tqa452,25,-0.544292
tqa452,26,-36.500000
tqa452,27,-0.573335
tqa452,28,-32.500000
tqa452,29,-0.542728
tqa452,30,-0.603543
tqa452,31,-0.542728
tqa452,32,-0.477800
tqa452,33,-32.875000
tqa452,34,-0.447709
tqa452,35,-0.477939
tqa452,36,-34.875000
tqa452,37,-32.625000
tqa452,38,-0.543926
tqa452,39,-0.511950
tqa452,40,-0.319502
tqa452,41,-0.320449
tqa452,42,-37.375000
tqa452,43,-34.125000
tqa452,44,-0.543376
tqa452,45,-0.512863
tqa452,46,-33.625000
tqa452,47,-0.542263
tqa452,48,-0.413093
tqa452,49,-32.125000
tqa452,50,-0.507187
tqa452,51,-0.477939
tqa452,52,-0.538915
tqa452,53,-0.353243
tqa452,54,-0.450568
tqa452,55,-35.375000
tqa452,56,-37.375000
tqa452,57,-36.937500
tqa452,58,-36.937500
tqa452,59,-38.000000
tqa452,60,-0.350862
tqa452,61,-37.812500
tqa452,62,-0.257243
tqa452,63,-0.164790
tqa453,0,-0.452382
tqa453,1,-37.187500
tqa453,2,-0.446522
tqa453,3,-0.452385
tqa453,4,-35.875000
tqa453,5,-0.066056
tqa453,6,-0.385678
tqa453,7,-0.476509
tqa453,8,-37.000000
tqa453,9,-37.000000
tqa453,10,-37.375000
tqa453,11,-36.500000
tqa453,12,-0.423413
tqa453,13,-37.187500
tqa453,14,-0.452379
tqa453,15,-0.453755
tqa453,16,-0.450177
tqa453,17,-37.187500
tqa453,18,-0.452829
tqa453,19,-0.452385
tqa453,20,-0.448503
tqa453,21,-0.477444
tqa453,22,-35.875000
tqa453,23,-0.477318
tqa453,24,-0.477444
tqa453,25,-0.447264
tqa453,26,-36.375000
tqa453,27,-0.447264
tqa453,28,-0.477318
tqa453,29,-0.477444
tqa453,30,-37.875000
tqa453,31,-0.508826
tqa453,32,-0.415725
tqa453,33,-0.445143
tqa453,34,-0.415858
tqa453,35,-36.062500
tqa453,36,-0.479592
tqa453,37,-0.478510
tqa453,38,-0.446973
tqa453,39,-37.500000
tqa453,40,-0.511949
tqa453,41,-0.479280
tqa453,42,-35.937500
tqa453,43,-0.163732
tqa453,44,-0.193621
tqa453,45,-0.544507
tqa453,46,-34.375000
tqa453,47,-0.510682
tqa453,48,-0.286994
tqa453,49,-0.319965
tqa453,50,-37.562500
tqa453,51,-0.288828
tqa453,52,-0.420221
tqa453,53,-0.452829
tqa453,54,-37.187500
tqa453,55,-0.453755
tqa453,56,-0.508959
tqa453,57,-0.540866
tqa453,58,-0.509767
tqa453,59,-34.375000
tqa453,60,-0.415074
tqa453,61,-30.375000
tqa453,62,-0.387114
tqa453,63,-0.416303
tqa454,0,-0.388736
tqa454,1,-32.875000
tqa454,2,-0.456033
tqa454,3,-30.875000
tqa454,4,-0.356997
tqa454,5,-0.488672
tqa454,6,-23.250000
tqa454,7,-0.456020
tqa454,8,-0.454136
tqa454,9,-29.875000
tqa454,10,-29.875000
tqa454,11,-36.000000
tqa454,12,-0.487542
tqa454,13,-0.516904
tqa454,14,-35.687500
tqa454,15,-0.484299
tqa454,16,-0.105163
tqa454,17,-0.105164
tqa454,18,-4.124925
tqa454,19,-0.251411
tqa454,20,-0.393993
tqa454,21,-27.750000
tqa454,22,-0.389659
tqa454,23,-0.392217
tqa454,24,-0.164316
tqa454,25,-0.355677
tqa454,26,12.500000
tqa454,27,-0.252145
tqa454,28,-36.250000
tqa454,29,-0.487278
tqa454,30,-0.358853
tqa454,31,-0.359538
tqa454,32,-36.875000
tqa454,33,-0.322845
tqa454,34,-0.487274
tqa454,35,-0.454143
tqa454,36,-0.294287
tqa454,37,-4.499928
tqa454,38,-0.323332
tqa454,39,-0.293908
tqa454,40,-0.515767
tqa454,41,-0.455488
tqa454,42,-0.452603
tqa454,43,-35.500000
tqa454,44,-0.322319
tqa454,45,-0.131069
tqa454,46,-27.250000
tqa454,47,-0.392740
tqa454,48,-31.750000
tqa454,49,-0.390702
tqa454,50,-0.390938
tqa454,51,-0.066021
tqa454,52,-0.164915
tqa454,53,-0.425038
tqa454,54,-30.375000
tqa454,55,-0.453670
tqa454,56,-36.312500
tqa454,57,-0.457422
tqa454,58,-0.424774
tqa454,59,-0.132845
tqa454,60,-36.000000
tqa454,61,-33.125000
tqa454,62,-0.454232
tqa454,63,-0.454227
tqa455,0,-0.127904
tqa455,1,-34.250000
tqa455,2,0.021900
tqa455,3,-0.447420
tqa455,4,-0.448482
tqa455,5,-35.562500
tqa455,6,-0.479257
tqa455,7,-0.506207
tqa455,8,-0.414523
tqa455,9,-0.448310
tqa455,10,-33.375000
tqa455,11,-0.417552
tqa455,12,-32.000000
tqa455,13,-0.507328
tqa455,14,-34.937500
tqa455,15,-0.506207
tqa455,16,-0.073179
tqa455,17,-0.448310
tqa455,18,-0.129889
tqa455,19,-36.250000
tqa455,20,-0.541613
tqa455,21,-0.512300
tqa455,22,-37.000000
tqa455,23,-0.512299
tqa455,24,-25.750000
tqa455,25,-0.506207
tqa455,26,-0.480767
tqa455,27,-0.162665
tqa455,28,-0.510205
tqa455,29,-35.000000
tqa455,30,-0.510417
tqa455,31,-0.508125
tqa455,32,-0.446223
tqa455,33,-31.750000
tqa455,34,-35.250000
tqa455,35,-0.036536
tqa455,36,-35.437500
tqa455,37,-0.419589
tqa455,38,-0.445645
tqa455,39,-34.562500
tqa455,40,-0.509505
tqa455,41,-0.477976
tqa455,42,-32.500000
tqa455,43,-0.418363
tqa455,44,-34.500000
tqa455,45,-0.447845
tqa455,46,-0.450921
tqa455,47,-34.375000
tqa455,48,-0.386821
tqa455,49,-0.447281
tqa455,50,-31.875000
tqa455,51,-0.447569
tqa455,52,-0.478391
tqa455,53,-0.446858
tqa455,54,-0.477979
tqa455,55,-32.875000
tqa455,56,-0.387763
tqa455,57,-29.125000
tqa455,58,-0.416800
tqa455,59,-0.448787
tqa455,60,-0.480055
tqa455,61,-0.447562
tqa455,62,-32.875000
tqa455,63,-0.447720
tqa456,0,-0.574717
tqa456,1,-0.574717
tqa456,2,-28.625000
tqa456,3,-0.574717
tqa456,4,-0.543109
tqa456,5,-15.750000
tqa456,6,-0.140136
tqa456,7,-0.574195
tqa456,8,-0.513064
tqa456,9,-0.422531
tqa456,10,-0.513064
tqa456,11,-28.625000
tqa456,12,-33.500000
tqa456,13,-0.574526
tqa456,14,-0.574526
tqa456,15,-0.574526
tqa456,16,18.625000
tqa456,17,18.625000
tqa456,18,18.625000
tqa456,19,18.625000
tqa456,20,-0.574195
tqa456,21,-33.125000
tqa456,22,-0.574195
tqa456,23,-0.453493
tqa456,24,-34.250000
tqa456,25,-0.545867
tqa456,26,-0.545867
tqa456,27,-0.545867
tqa456,28,-0.043571
tqa456,29,3.875001
tqa456,30,-0.483439
tqa456,31,-0.483439
tqa456,32,-33.500000
tqa456,33,-0.513064
tqa456,34,-0.513064
tqa456,35,-0.513064
tqa456,36,18.625000
tqa456,37,18.625000
tqa456,38,18.625000
tqa456,39,18.625000
tqa456,40,-0.545867
tqa456,41,-29.625000
tqa456,42,-0.545867
tqa456,43,-33.125000
tqa456,44,-0.545867
tqa456,45,-11.750000
tqa456,46,-0.232029
tqa456,47,-0.545867
tqa456,48,-0.545867
tqa456,49,-0.200191
tqa456,50,-0.545867
tqa456,51,-12.375000
tqa456,52,-0.449609
tqa456,53,-0.449609
tqa456,54,-28.750000
tqa456,55,-0.173168
tqa456,56,-0.513064
tqa456,57,-30.500000
tqa456,58,-0.511946
tqa456,59,-0.513064
tqa456,60,-0.545867
tqa456,61,-0.545867
tqa456,62,-0.330273
tqa456,63,-33.500000
tqa457,0,-36.937500
tqa457,1,-0.316286
tqa457,2,-36.937500
tqa457,3,23.750000
tqa457,4,-0.513660
tqa457,5,-24.625000
tqa457,6,-0.547055
tqa457,7,-0.547055
tqa457,8,-0.316286
tqa457,9,23.750000
tqa457,10,23.750000
tqa457,11,23.750000
tqa457,12,23.875000
tqa457,13,23.875000
tqa457,14,23.875000
tqa457,15,23.875000
tqa457,16,23.875000
tqa457,17,23.875000
tqa457,18,23.875000
tqa457,19,23.875000
tqa457,20,23.875000
tqa457,21,23.875000
tqa457,22,23.875000
tqa457,23,23.875000
tqa457,24,-36.875000
tqa457,25,23.875000
tqa457,26,23.875000
tqa457,27,23.875000
tqa457,28,23.875000
tqa457,29,23.875000
tqa457,30,23.875000
tqa457,31,-37.000000
tqa457,32,23.875000
tqa457,33,23.875000
tqa457,34,23.875000
tqa457,35,23.875000
tqa457,36,23.875000
tqa457,37,23.875000
tqa457,38,23.875000
tqa457,39,23.875000
tqa457,40,-0.514686
tqa457,41,-0.510993
tqa457,42,10.125000
tqa457,43,-0.483007
tqa457,44,23.875000
tqa457,45,23.875000
tqa457,46,-36.875000
tqa457,47,-36.875000
tqa457,48,23.875000
tqa457,49,23.875000
tqa457,50,23.875000
tqa457,51,23.875000
tqa457,52,-36.875000
tqa457,53,23.875000
tqa457,54,23.875000
tqa457,55,-37.000000
tqa457,56,-36.875000
tqa457,57,23.875000
tqa457,58,23.875000
tqa457,59,23.875000
tqa457,60,23.875000
tqa457,61,23.875000
tqa457,62,23.875000
tqa457,63,23.875000
tqa458,0,-37.875000
tqa458,1,-0.383921
tqa458,2,-0.450751
tqa458,3,-0.449809
tqa458,4,-0.408182
tqa458,5,-0.512375
tqa458,6,-0.512201
tqa458,7,-36.875000
tqa458,8,-0.446865
tqa458,9,-0.387851
tqa458,10,-36.625000
tqa458,11,-0.447289
tqa458,12,-0.484073
tqa458,13,-0.197010
tqa458,14,-38.937500
tqa458,15,-0.478664
tqa458,16,-0.417389
tqa458,17,-34.937500
tqa458,18,-0.391731
tqa458,19,-0.416904
tqa458,20,-0.447131
tqa458,21,-0.445159
tqa458,22,-39.062500
tqa458,23,-0.480042
tqa458,24,-0.447275
tqa458,25,-0.451115
tqa458,26,-33.625000
tqa458,27,-0.448476
tqa458,28,-0.479126
tqa458,29,-0.480266
tqa458,30,-37.375000
tqa458,31,-0.451780
tqa458,32,-0.480052
tqa458,33,-0.478518
tqa458,34,-36.125000
tqa458,35,-0.448338
tqa458,36,0.029138
tqa458,37,-34.125000
tqa458,38,-13.625000
tqa458,39,-0.323337
tqa458,40,-0.514021
tqa458,41,-0.482580
tqa458,42,-0.354738
tqa458,43,-34.625000
tqa458,44,-0.478973
tqa458,45,-0.419462
tqa458,46,-35.875000
tqa458,47,-0.388419
tqa458,48,-33.125000
tqa458,49,-0.292340
tqa458,50,-0.381778
tqa458,51,-28.875000
tqa458,52,-0.477467
tqa458,53,-0.163940
tqa458,54,-0.357183
tqa458,55,-35.062500
tqa458,56,-0.386139
tqa458,57,-0.386140
tqa458,58,-32.750000
tqa458,59,-0.420075
tqa458,60,-0.419892
tqa458,61,-30.875000
tqa458,62,-0.447257
tqa458,63,-0.419297
tqa459,0,-0.480609
tqa459,1,-32.625000
tqa459,2,-0.480609
tqa459,3,-0.480609
tqa459,4,-0.452531
tqa459,5,-34.250000
tqa459,6,-0.452531
tqa459,7,-0.452531
tqa459,8,-0.421300
tqa459,9,-0.421300
tqa459,10,-0.160946
tqa459,11,-31.375000
tqa459,12,22.000000
tqa459,13,22.000000
tqa459,14,22.000000
tqa459,15,22.000000
tqa459,16,-0.513844
tqa459,17,-0.513844
tqa459,18,-0.513844
tqa459,19,-30.500000
tqa459,20,-0.513844
tqa459,21,-0.513844
tqa459,22,-0.330002
tqa459,23,-32.750000
tqa459,24,-0.452992
tqa459,25,-35.000000
tqa459,26,-0.452992
tqa459,27,-31.875000
tqa459,28,22.000000
tqa459,29,22.000000
tqa459,30,22.000000
tqa459,31,22.000000
tqa459,32,-0.480609
tqa459,33,-0.480609
tqa459,34,-0.480609
tqa459,35,-30.625000
tqa459,36,-24.875000
tqa459,37,-0.422276
tqa459,38,-0.480609
tqa459,39,-0.384981
tqa459,40,-0.451770
tqa459,41,-31.500000
tqa459,42,-0.324565
tqa459,43,-26.250000
tqa459,44,-25.125000
tqa459,45,-0.220808
tqa459,46,-0.480609
tqa459,47,-0.480609
tqa459,48,-19.250000
tqa459,49,-0.298011
tqa459,50,-0.452992
tqa459,51,-0.424256
tqa459,52,-0.422276
tqa459,53,-0.480609
tqa459,54,-29.250000
tqa459,55,-0.480609
tqa459,56,-31.250000
tqa459,57,-0.480609
tqa459,58,-0.422276
tqa459,59,-0.068623
tqa459,60,-0.452541
tqa459,61,-0.421290
tqa459,62,-26.375000
tqa459,63,-0.421290
tqa460,0,-0.356813
tqa460,1,-0.168653
tqa460,2,-36.187500
tqa460,3,-0.481783
tqa460,4,-0.386259
tqa460,5,-0.484092
tqa460,6,29.000000
tqa460,7,29.000000
tqa460,8,-0.358348
tqa460,9,-0.358574
tqa460,10,-37.750000
tqa460,11,-0.477969
tqa460,12,-0.261760
tqa460,13,-0.575563
tqa460,14,-36.625000
tqa460,15,-0.548003
tqa460,16,-0.358615
tqa460,17,-0.321875
tqa460,18,-0.287743
tqa460,19,27.875000
tqa460,20,-0.513250
tqa460,21,-37.812500
tqa460,22,-0.544909
tqa460,23,-0.200721
tqa460,24,-0.513968
tqa460,25,-33.625000
tqa460,26,-0.509475
tqa460,27,-0.513974
tqa460,28,-0.548009
tqa460,29,29.000000
tqa460,30,-0.483651
tqa460,31,29.000000
tqa460,32,-26.125000
tqa460,33,-0.486946
tqa460,34,-31.125000
tqa460,35,-0.575943
tqa460,36,-0.548009
tqa460,37,29.000000
tqa460,38,-0.325002
tqa460,39,-0.455566
tqa460,40,-6.749999
tqa460,41,-0.578742
tqa460,42,-0.163090
tqa460,43,-0.422055
tqa460,44,-0.575563
tqa460,45,-0.548003
tqa460,46,-37.125000
tqa460,47,-0.575367
tqa460,48,-0.544909
tqa460,49,-0.513451
tqa460,50,-0.544909
tqa460,51,-37.187500
tqa460,52,-36.562500
tqa460,53,-0.544699
tqa460,54,-0.321979
tqa460,55,-0.544909
tqa460,56,-0.320428
tqa460,57,-32.375000
tqa460,58,-0.384786
tqa460,59,-0.452848
tqa460,60,-0.386259
tqa460,61,-0.414464
tqa460,62,29.000000
tqa460,63,-0.448436
tqa461,0,-20.125000
tqa461,1,-0.139056
tqa461,2,-0.137972
tqa461,3,-0.106222
tqa461,4,-0.424527
tqa461,5,-33.500000
tqa461,6,-0.448349
tqa461,7,-0.453460
tqa461,8,4.625006
tqa461,9,-0.291564
tqa461,10,-0.166965
tqa461,11,-0.262248
tqa461,12,-0.166648
tqa461,13,-19.750000
tqa461,14,-0.229367
tqa461,15,-0.293715
tqa461,16,-26.500000
tqa461,17,-0.167496
tqa461,18,-0.318911
tqa461,19,-0.262248
tqa461,20,-0.487039
tqa461,21,-0.454175
tqa461,22,-0.482394
tqa461,23,-37.125000
tqa461,24,-0.322814
tqa461,25,4.625006
tqa461,26,-0.262058
tqa461,27,-0.265832
tqa461,28,-0.167154
tqa461,29,-2.374950
tqa461,30,-0.137284
tqa461,31,-21.875000
tqa461,32,-0.355184
tqa461,33,-0.357384
tqa461,34,-0.327167
tqa461,35,-27.375000
tqa461,36,-0.161693
tqa461,37,-0.290611
tqa461,38,-0.323936
tqa461,39,-24.500000
tqa461,40,-29.750000
tqa461,41,-0.043913
tqa461,42,-0.262475
tqa461,43,-0.104308
tqa461,44,-0.043547
tqa461,45,-0.133894
tqa461,46,-32.000000
tqa461,47,-0.166965
tqa461,48,-36.125000
tqa461,49,-0.424015
tqa461,50,-0.453460
tqa461,51,-0.451344
tqa461,52,-0.264234
tqa461,53,-29.125000
tqa461,54,-0.166111
tqa461,55,-0.265832
tqa461,56,-0.515495
tqa461,57,-33.000000
tqa461,58,-0.482828
tqa461,59,-0.513852
tqa461,60,-9.374992
tqa461,61,-0.227689
tqa461,62,-0.325731
tqa461,63,-0.229196
tqa462,0,-0.195824
tqa462,1,-30.250000
tqa462,2,-0.198132
tqa462,3,-0.197165
tqa462,4,-0.482007
tqa462,5,-0.540346
tqa462,6,-27.875000
tqa462,7,-0.543750
tqa462,8,-0.385249
tqa462,9,-0.477115
tqa462,10,-33.250000
tqa462,11,-0.293938
tqa462,12,-24.125000
tqa462,13,-0.546086
tqa462,14,-0.515509
tqa462,15,-0.541610
tqa462,16,-27.750000
tqa462,17,-0.574553
tqa462,18,-0.546541
tqa462,19,-0.576788
tqa462,20,-0.482007
tqa462,21,-35.125000
tqa462,22,-0.570992
tqa462,23,-0.508831
tqa462,24,-0.446592
tqa462,25,-33.250000
tqa462,26,-0.445615
tqa462,27,-0.131837
tqa462,28,-0.198609
tqa462,29,-0.480439
tqa462,30,-31.250000
tqa462,31,-21.000000
tqa462,32,-0.166960
tqa462,33,-0.541762
tqa462,34,-0.479434
tqa462,35,-6.624994
tqa462,36,-15.875000
tqa462,37,-0.381539
tqa462,38,-0.513243
tqa462,39,-0.544693
tqa462,40,-27.625000
tqa462,41,-0.447721
tqa462,42,-0.509105
tqa462,43,-0.387875
tqa462,44,-34.000000
tqa462,45,-0.478659
tqa462,46,-0.477458
tqa462,47,-0.324818
tqa462,48,-31.250000
tqa462,49,-0.543567
tqa462,50,-0.509624
tqa462,51,-0.510073
tqa462,52,-0.544901
tqa462,53,-0.544901
tqa462,54,-0.544901
tqa462,55,-29.500000
tqa462,56,-0.509105
tqa462,57,-30.750000
tqa462,58,-0.508001
tqa462,59,-0.132980
tqa462,60,-0.294198
tqa462,61,-0.478249
tqa462,62,-30.625000
tqa462,63,-0.327105
tqa463,0,-32.125000
tqa463,1,-0.483209
tqa463,2,-0.483209
tqa463,3,-0.483209
tqa463,4,-32.000000
tqa463,5,-0.419879
tqa463,6,-0.448031
tqa463,7,-0.129411
tqa463,8,-0.232602
tqa463,9,-0.509548
tqa463,10,-0.509548
tqa463,11,-34.625000
tqa463,12,-31.875000
tqa463,13,-31.875000
tqa463,14,-31.875000
tqa463,15,-31.875000
tqa463,16,-31.750000
tqa463,17,-0.256135
tqa463,18,-31.750000
tqa463,19,-31.750000
tqa463,20,-31.875000
tqa463,21,-31.875000
tqa463,22,-31.875000
tqa463,23,-31.875000
tqa463,24,-32.000000
tqa463,25,-0.512188
tqa463,26,-0.512188
tqa463,27,-0.512188
tqa463,28,-31.875000
tqa463,29,-32.125000
tqa463,30,-31.875000
tqa463,31,-31.875000
tqa463,32,-0.514056
tqa463,33,-33.625000
tqa463,34,-0.514056
tqa463,35,-0.514056
tqa463,36,-0.483209
tqa463,37,-0.483209
tqa463,38,-0.483209
tqa463,39,-32.250000
tqa463,40,-31.750000
tqa463,41,-31.750000
tqa463,42,-0.101333
tqa463,43,-31.750000
tqa463,44,-31.875000
tqa463,45,-31.875000
tqa463,46,-34.125000
tqa463,47,-31.875000
tqa463,48,-0.482087
tqa463,49,-0.482087
tqa463,50,-33.500000
tqa463,51,-0.482087
tqa463,52,-34.750000
tqa463,53,-0.483209
tqa463,54,-0.097606
tqa463,55,-0.483209
tqa463,56,-0.483209
tqa463,57,-0.481515
tqa463,58,-0.483209
tqa463,59,-33.625000
tqa463,60,-33.875000
tqa463,61,-0.448031
tqa463,62,-0.165501
tqa463,63,-0.101013
tqa464,0,-0.542097
tqa464,1,-29.000000
tqa464,2,-0.223459
tqa464,3,-35.812500
tqa464,4,-36.125000
tqa464,5,-0.451337
tqa464,6,-0.481503
tqa464,7,-0.480596
tqa464,8,-0.542097
tqa464,9,-0.542092
tqa464,10,-36.437500
tqa464,11,-0.542097
tqa464,12,-0.451337
tqa464,13,-0.481508
tqa464,14,-0.481508
tqa464,15,-29.875000
tqa464,16,-0.284031
tqa464,17,-0.284031
tqa464,18,-0.284031
tqa464,19,-36.437500
tqa464,20,-36.062500
tqa464,21,-0.288164
tqa464,22,-0.572732
tqa464,23,-0.539039
tqa464,24,-0.539039
tqa464,25,-34.125000
tqa464,26,-0.539039
tqa464,27,-0.539039
tqa464,28,-35.875000
tqa464,29,-0.540131
tqa464,30,-0.540131
tqa464,31,-0.571253
tqa464,32,-37.375000
tqa464,33,-37.375000
tqa464,34,-37.375000
tqa464,35,-37.375000
tqa464,36,-0.135009
tqa464,37,-0.542768
tqa464,38,-0.425012
tqa464,39,-35.312500
tqa464,40,-0.284031
tqa464,41,-0.345868
tqa464,42,-36.312500
tqa464,43,-0.284172
tqa464,44,-0.419523
tqa464,45,-0.544308
tqa464,46,-0.544308
tqa464,47,-34.562500
tqa464,48,-0.542092
tqa464,49,-0.542097
tqa464,50,-34.500000
tqa464,51,-0.416521
tqa464,52,-0.571311
tqa464,53,-0.571311
tqa464,54,-0.572864
tqa464,55,-36.375000
tqa464,56,-0.513858
tqa464,57,-36.625000
tqa464,58,-0.544905
tqa464,59,-0.544905
tqa464,60,-33.562500
tqa464,61,-0.545655
tqa464,62,-0.544905
tqa464,63,-0.544905
tqa465,0,-0.480605
tqa465,1,-0.481796
tqa465,2,-0.480941
tqa465,3,-32.250000
tqa465,4,-0.413892
tqa465,5,-0.476862
tqa465,6,-35.875000
tqa465,7,-0.415074
tqa465,8,-34.500000
tqa465,9,-0.353677
tqa465,10,-32.375000
tqa465,11,-29.875000
tqa465,12,-0.482599
tqa465,13,-0.451474
tqa465,14,-34.500000
tqa465,15,-36.562500
tqa465,16,-0.483012
tqa465,17,-0.480873
tqa465,18,-39.062500
tqa465,19,-0.483131
tqa465,20,-0.415074
tqa465,21,-0.414673
tqa465,22,-34.625000
tqa465,23,-0.355356
tqa465,24,-0.515265
tqa465,25,-0.513634
tqa465,26,-0.163434
tqa465,27,-27.750000
tqa465,28,-0.453057
tqa465,29,-0.483154
tqa465,30,-33.875000
tqa465,31,-0.135151
tqa465,32,-0.543374
tqa465,33,-0.544108
tqa465,34,-0.543920
tqa465,35,-33.625000
tqa465,36,-0.449800
tqa465,37,-0.449991
tqa465,38,-33.625000
tqa465,39,-0.448507
tqa465,40,-35.625000
tqa465,41,-0.229590
tqa465,42,-0.412943
tqa465,43,-0.231424
tqa465,44,-0.482200
tqa465,45,-0.484253
tqa465,46,-0.513046
tqa465,47,-37.812500
tqa465,48,-0.415857
tqa465,49,-0.479754
tqa465,50,-35.687500
tqa465,51,-0.419299
tqa465,52,-0.514073
tqa465,53,-0.484253
tqa465,54,-36.625000
tqa465,55,-0.513643
tqa465,56,-0.449611
tqa465,57,-36.937500
tqa465,58,-35.250000
tqa465,59,-0.449620
tqa465,60,-0.259286
tqa465,61,-0.353677
tqa465,62,-0.323438
tqa465,63,-32.875000
tqa466,0,-0.542250
tqa466,1,-0.542250
tqa466,2,-0.449310
tqa466,3,-37.562500
tqa466,4,-0.543229
tqa466,5,-0.574667
tqa466,6,-0.574667
tqa466,7,-4.624999
tqa466,8,-0.575626
tqa466,9,-0.417588
tqa466,10,-21.250000
tqa466,11,-0.604438
tqa466,12,-0.224956
tqa466,13,-0.542250
tqa466,14,5.000001
tqa466,15,-0.542250
tqa466,16,-34.000000
tqa466,17,-34.000000
tqa466,18,26.875000
tqa466,19,-30.125000
tqa466,20,-0.570753
tqa466,21,-0.544564
tqa466,22,-25.625000
tqa466,23,-0.516258
tqa466,24,-0.423976
tqa466,25,10.125000
tqa466,26,-0.451934
tqa466,27,-0.451934
tqa466,28,-0.421531
tqa466,29,-0.421531
tqa466,30,-0.421531
tqa466,31,-37.187500
tqa466,32,-36.750000
tqa466,33,-0.451934
tqa466,34,-0.451934
tqa466,35,-0.418797
tqa466,36,-0.542250
tqa466,37,-0.542250
tqa466,38,-0.193934
tqa466,39,-19.625000
tqa466,40,-0.575626
tqa466,41,-37.375000
tqa466,42,-0.348873
tqa466,43,-0.478559
tqa466,44,-0.003502
tqa466,45,-0.480742
tqa466,46,-3.999992
tqa466,47,-0.480742
tqa466,48,-0.160990
tqa466,49,-0.480742
tqa466,50,-0.480735
tqa466,51,-31.250000
tqa466,52,-0.516424
tqa466,53,-35.875000
tqa466,54,-0.516424
tqa466,55,-0.449532
tqa466,56,-0.574667
tqa466,57,-0.570391
tqa466,58,-0.574667
tqa466,59,-38.812500
tqa466,60,-0.575626
tqa466,61,-30.625000
tqa466,62,-0.575626
tqa466,63,-0.634032
tqa467,0,-0.418363
tqa467,1,-0.444520
tqa467,2,-0.418363
tqa467,3,4.625001
tqa467,4,-0.385507
tqa467,5,-0.385507
tqa467,6,-0.383024
tqa467,7,-29.625000
tqa467,8,27.125000
tqa467,9,27.125000
tqa467,10,-37.250000
tqa467,11,27.125000
tqa467,12,-17.000000
tqa467,13,-0.480873
tqa467,14,-0.479105
tqa467,15,-0.480873
tqa467,16,-0.104123
tqa467,17,-30.625000
tqa467,18,-0.385507
tqa467,19,-0.385507
tqa467,20,27.125000
tqa467,21,27.125000
tqa467,22,27.125000
tqa467,23,27.125000
tqa467,24,27.125000
tqa467,25,27.125000
tqa467,26,-37.062500
tqa467,27,27.125000
tqa467,28,27.125000
tqa467,29,-37.750000
tqa467,30,27.125000
tqa467,31,27.125000
tqa467,32,27.125000
tqa467,33,27.125000
tqa467,34,27.125000
tqa467,35,27.125000
tqa467,36,27.125000
tqa467,37,27.125000
tqa467,38,27.125000
tqa467,39,27.125000
tqa467,40,27.125000
tqa467,41,-36.125000
tqa467,42,27.125000
tqa467,43,27.125000
tqa467,44,27.125000
tqa467,45,27.125000
tqa467,46,27.125000
tqa467,47,27.125000
tqa467,48,27.125000
tqa467,49,-35.687500
tqa467,50,27.125000
tqa467,51,27.125000
tqa467,52,-21.375000
tqa467,53,-0.511519
tqa467,54,-0.514067
tqa467,55,-0.514067
tqa467,56,27.125000
tqa467,57,27.125000
tqa467,58,27.125000
tqa467,59,27.125000
tqa467,60,-0.424448
tqa467,61,-0.424448
tqa467,62,-0.424448
tqa467,63,-10.249998
tqa468,0,-0.483025
tqa468,1,-0.396623
tqa468,2,-30.000000
tqa468,3,-0.424731
tqa468,4,-0.230372
tqa468,5,-34.375000
tqa468,6,-0.453311
tqa468,7,-0.486261
tqa468,8,-0.455721
tqa468,9,-0.458817
tqa468,10,-0.428834
tqa468,11,-33.875000
tqa468,12,-0.456657
tqa468,13,-33.500000
tqa468,14,-0.516762
tqa468,15,-0.455280
tqa468,16,-0.455451
tqa468,17,-0.455014
tqa468,18,-0.426949
tqa468,19,-32.375000
tqa468,20,-0.426950
tqa468,21,-35.125000
tqa468,22,-0.426941
tqa468,23,-0.456945
tqa468,24,-0.362797
tqa468,25,-35.187500
tqa468,26,-0.393875
tqa468,27,-0.396025
tqa468,28,-0.389695
tqa468,29,4.250007
tqa468,30,-0.165099
tqa468,31,-0.323621
tqa468,32,-17.250000
tqa468,33,-0.455791
tqa468,34,-0.483812
tqa468,35,-0.514494
tqa468,36,-0.489369
tqa468,37,-0.458806
tqa468,38,-0.519430
tqa468,39,-18.000000
tqa468,40,-0.294875
tqa468,41,-0.325311
tqa468,42,-0.297797
tqa468,43,-35.000000
tqa468,44,-0.483870
tqa468,45,-0.485504
tqa468,46,-0.481813
tqa468,47,-36.000000
tqa468,48,-0.456820
tqa468,49,-1.874963
tqa468,50,-0.485276
tqa468,51,-0.484279
tqa468,52,6.875001
tqa468,53,-0.259589
tqa468,54,-0.324583
tqa468,55,-0.256581
tqa468,56,-0.395395
tqa468,57,-34.250000
tqa468,58,-0.395706
tqa468,59,-0.454268
tqa468,60,-0.425426
tqa468,61,-0.427882
tqa468,62,-33.875000
tqa468,63,-0.424733
tqa469,0,-0.164734
tqa469,1,-0.166709
tqa469,2,-38.000000
tqa469,3,-0.226332
tqa469,4,-0.355205
tqa469,5,-0.320206
tqa469,6,-37.750000
tqa469,7,-0.316600
tqa469,8,-0.451161
tqa469,9,-32.125000
tqa469,10,-0.451161
tqa469,11,-0.512311
tqa469,12,-0.512871
tqa469,13,-0.482949
tqa469,14,-0.512493
tqa469,15,-29.125000
tqa469,16,-37.750000
tqa469,17,-0.224477
tqa469,18,-0.254942
tqa469,19,-37.750000
tqa469,20,-0.224477
tqa469,21,-37.750000
tqa469,22,-37.750000
tqa469,23,-37.750000
tqa469,24,-0.389660
tqa469,25,-0.386087
tqa469,26,-37.375000
tqa469,27,-0.389660
tqa469,28,-37.750000
tqa469,29,-37.625000
tqa469,30,-0.355205
tqa469,31,-37.750000
tqa469,32,-0.419688
tqa469,33,-0.419688
tqa469,34,-0.421286
tqa469,35,-36.750000
tqa469,36,-37.750000
tqa469,37,-37.750000
tqa469,38,-37.750000
tqa469,39,-0.349133
tqa469,40,-0.287540
tqa469,41,-37.750000
tqa469,42,-37.750000
tqa469,43,-37.750000
tqa469,44,-37.750000
tqa469,45,-37.750000
tqa469,46,-37.750000
tqa469,47,-37.750000
tqa469,48,-0.355205
tqa469,49,-37.750000
tqa469,50,-0.288534
tqa469,51,-37.750000
tqa469,52,-37.750000
tqa469,53,-34.625000
tqa469,54,-0.320206
tqa469,55,-37.750000
tqa469,56,-34.062500
tqa469,57,-0.484099
tqa469,58,-0.423423
tqa469,59,-0.452400
tqa469,60,-0.387996
tqa469,61,-0.391683
tqa469,62,-24.250000
tqa469,63,-0.391683
tqa470,0,-0.426402
tqa470,1,-28.750000
tqa470,2,-0.426402
tqa470,3,-0.426402
tqa470,4,-0.426708
tqa470,5,-0.426708
tqa470,6,0.000003
tqa470,7,-0.426708
tqa470,8,-31.625000
tqa470,9,-0.426402
tqa470,10,-0.426402
tqa470,11,-0.426402
tqa470,12,22.125000
tqa470,13,22.125000
tqa470,14,22.125000
tqa470,15,22.125000
tqa470,16,-31.000000
tqa470,17,-0.423997
tqa470,18,-0.451340
tqa470,19,-0.423997
tqa470,20,-0.292682
tqa470,21,-33.375000
tqa470,22,-0.292682
tqa470,23,-0.292682
tqa470,24,22.125000
tqa470,25,22.125000
tqa470,26,22.125000
tqa470,27,22.125000
tqa470,28,-15.750000
tqa470,29,-0.041573
tqa470,30,-0.456059
tqa470,31,-0.456059
tqa470,32,-0.424270
tqa470,33,-33.250000
tqa470,34,-0.424270
tqa470,35,-0.335086
tqa470,36,-0.458497
tqa470,37,-0.389617
tqa470,38,-0.230873
tqa470,39,-16.750000
tqa470,40,22.125000
tqa470,41,22.125000
tqa470,42,22.125000
tqa470,43,22.125000
tqa470,44,22.125000
tqa470,45,22.125000
tqa470,46,22.125000
tqa470,47,22.125000
tqa470,48,22.125000
tqa470,49,22.125000
tqa470,50,22.125000
tqa470,51,22.125000
tqa470,52,-30.375000
tqa470,53,-0.456059
tqa470,54,-0.456059
tqa470,55,-0.456059
tqa470,56,-32.625000
tqa470,57,-0.455434
tqa470,58,-0.455434
tqa470,59,-0.454477
tqa470,60,-13.625000
tqa470,61,-0.482800
tqa470,62,-0.482800
tqa470,63,-0.482800
tqa471,0,-0.488050
tqa471,1,-0.488050
tqa471,2,-0.488050
tqa471,3,-20.625000
tqa471,4,-0.263459
tqa471,5,-0.449890
tqa471,6,-35.250000
tqa471,7,-0.488050
tqa471,8,-34.500000
tqa471,9,-0.485985
tqa471,10,-0.426424
tqa471,11,-0.484949
tqa471,12,-0.166713
tqa471,13,-0.488050
tqa471,14,-0.488050
tqa471,15,-27.625000
tqa471,16,-37.500000
tqa471,17,-0.488050
tqa471,18,-0.138785
tqa471,19,-0.453226
tqa471,20,-0.488050
tqa471,21,-30.375000
tqa471,22,-0.481901
tqa471,23,-27.500000
tqa471,24,-32.125000
tqa471,25,-0.200197
tqa471,26,-0.515512
tqa471,27,-0.515512
tqa471,28,-0.425066
tqa471,29,-0.397896
tqa471,30,-37.687500
tqa471,31,-0.454990
tqa471,32,-16.750000
tqa471,33,-0.451565
tqa471,34,-0.484802
tqa471,35,-0.488050
tqa471,36,-0.196698
tqa471,37,-0.488050
tqa471,38,-37.625000
tqa471,39,-0.488050
tqa471,40,-0.488050
tqa471,41,-0.422059
tqa471,42,-26.875000
tqa471,43,-0.295307
tqa471,44,-0.518216
tqa471,45,-0.419712
tqa471,46,-24.375000
tqa471,47,-0.518216
tqa471,48,-0.488050
tqa471,49,-27.125000
tqa471,50,-0.422059
tqa471,51,-0.488050
tqa471,52,-32.625000
tqa471,53,-0.484017
tqa471,54,-25.625000
tqa471,55,-0.425821
tqa471,56,-0.170946
tqa471,57,-0.515512
tqa471,58,-0.484714
tqa471,59,-38.500000
tqa471,60,-31.250000
tqa471,61,-0.487037
tqa471,62,-0.487037
tqa471,63,-0.487037
tqa472,0,-17.750000
tqa472,1,-0.512694
tqa472,2,-0.512694
tqa472,3,-0.512694
tqa472,4,-0.454918
tqa472,5,-17.375000
tqa472,6,-0.454918
tqa472,7,-0.454918
tqa472,8,24.375000
tqa472,9,24.375000
tqa472,10,24.375000
tqa472,11,24.375000
tqa472,12,24.375000
tqa472,13,24.375000
tqa472,14,24.375000
tqa472,15,24.375000
tqa472,16,-0.452189
tqa472,17,-0.452189
tqa472,18,-0.452189
tqa472,19,-30.375000
tqa472,20,-0.138379
tqa472,21,-0.454918
tqa472,22,-0.454918
tqa472,23,-8.624998
tqa472,24,24.375000
tqa472,25,24.375000
tqa472,26,24.375000
tqa472,27,24.375000
tqa472,28,24.375000
tqa472,29,24.375000
tqa472,30,24.375000
tqa472,31,24.375000
tqa472,32,-0.509774
tqa472,33,-33.000000
tqa472,34,-0.509774
tqa472,35,-0.509774
tqa472,36,-20.625000
tqa472,37,-0.454497
tqa472,38,-0.454497
tqa472,39,-0.454497
tqa472,40,-33.375000
tqa472,41,-0.452189
tqa472,42,-0.452189
tqa472,43,-0.452189
tqa472,44,-0.513061
tqa472,45,-26.625000
tqa472,46,-0.513061
tqa472,47,-0.360435
tqa472,48,24.375000
tqa472,49,24.375000
tqa472,50,24.375000
tqa472,51,24.375000
tqa472,52,-32.625000
tqa472,53,-0.480780
tqa472,54,-0.480780
tqa472,55,-0.007396
tqa472,56,-0.513061
tqa472,57,-0.513061
tqa472,58,-35.437500
tqa472,59,-0.513061
tqa472,60,-0.513061
tqa472,61,-0.040054
tqa472,62,-0.513061
tqa472,63,-29.750000
tqa473,0,-0.567993
tqa473,1,-0.571362
tqa473,2,-0.282670
tqa473,3,-34.750000
tqa473,4,-36.437500
tqa473,5,-0.601534
tqa473,6,-0.573816
tqa473,7,-0.571241
tqa473,8,-35.937500
tqa473,9,-0.513325
tqa473,10,-0.576334
tqa473,11,-0.602884
tqa473,12,-34.125000
tqa473,13,-0.386699
tqa473,14,-0.511143
tqa473,15,-35.500000
tqa473,16,-0.571496
tqa473,17,-0.542887
tqa473,18,-0.570637
tqa473,19,-34.875000
tqa473,20,-0.233193
tqa473,21,-20.875000
tqa473,22,-0.326475
tqa473,23,-0.390729
tqa473,24,-0.542074
tqa473,25,-36.875000
tqa473,26,-0.510237
tqa473,27,-0.540255
tqa473,28,-0.572587
tqa473,29,-0.541633
tqa473,30,-34.375000
tqa473,31,-0.513426
tqa473,32,-0.541455
tqa473,33,-37.687500
tqa473,34,-0.456025
tqa473,35,-0.515086
tqa473,36,-0.542718
tqa473,37,-34.500000
tqa473,38,-0.572881
tqa473,39,-34.000000
tqa473,40,-0.572889
tqa473,41,-0.605577
tqa473,42,-37.187500
tqa473,43,-0.318711
tqa473,44,-0.573813
tqa473,45,-0.602610
tqa473,46,-37.125000
tqa473,47,-0.601534
tqa473,48,-0.128045
tqa473,49,-36.625000
tqa473,50,-0.127594
tqa473,51,-0.541619
tqa473,52,-0.602745
tqa473,53,-0.572727
tqa473,54,-36.187500
tqa473,55,-0.161947
tqa473,56,-0.418236
tqa473,57,-0.481482
tqa473,58,-31.125000
tqa473,59,-0.451514
tqa473,60,-0.477865
tqa473,61,-0.448638
tqa473,62,-0.510679
tqa473,63,-35.500000
tqa474,0,-0.417844
tqa474,1,-30.500000
tqa474,2,-0.417844
tqa474,3,-0.417844
tqa474,4,-34.250000
tqa474,5,-34.250000
tqa474,6,-34.250000
tqa474,7,-37.125000
tqa474,8,-34.812500
tqa474,9,-0.445145
tqa474,10,-0.445145
tqa474,11,-0.445145
tqa474,12,-0.448027
tqa474,13,-0.448027
tqa474,14,-0.448027
tqa474,15,-34.937500
tqa474,16,-34.250000
tqa474,17,-37.125000
tqa474,18,-34.250000
tqa474,19,-34.250000
tqa474,20,-0.105544
tqa474,21,-35.312500
tqa474,22,-0.417844
tqa474,23,-0.417844
tqa474,24,-0.072223
tqa474,25,-35.187500
tqa474,26,-0.419505
tqa474,27,-0.450759
tqa474,28,-0.417844
tqa474,29,-0.417844
tqa474,30,-0.417844
tqa474,31,-37.062500
tqa474,32,-0.377839
tqa474,33,-0.474498
tqa474,34,-0.443342
tqa474,35,-34.812500
tqa474,36,-0.447567
tqa474,37,-36.312500
tqa474,38,-0.419505
tqa474,39,-0.419505
tqa474,40,-0.443342
tqa474,41,-32.750000
tqa474,42,-0.443342
tqa474,43,-0.475451
tqa474,44,-32.687500
tqa474,45,-0.479438
tqa474,46,-0.479438
tqa474,47,-0.479438
tqa474,48,-34.250000
tqa474,49,-34.250000
tqa474,50,-34.250000
tqa474,51,-34.250000
tqa474,52,-0.419505
tqa474,53,-0.447567
tqa474,54,-0.419505
tqa474,55,-26.875000
tqa474,56,-32.125000
tqa474,57,-0.536516
tqa474,58,-0.536516
tqa474,59,-0.541643
tqa474,60,25.250000
tqa474,61,-34.250000
tqa474,62,-34.250000
tqa474,63,-34.250000
tqa475,0,-34.625000
tqa475,1,0.056714
tqa475,2,0.023844
tqa475,3,-0.354427
tqa475,4,9.750000
tqa475,5,-0.478966
tqa475,6,-34.375000
tqa475,7,-0.448196
tqa475,8,-0.177855
tqa475,9,-0.415385
tqa475,10,-31.000000
tqa475,11,-0.263838
tqa475,12,-0.478525
tqa475,13,-0.478525
tqa475,14,-32.875000
tqa475,15,-0.008065
tqa475,16,-0.418368
tqa475,17,-0.009086
tqa475,18,-0.168040
tqa475,19,-29.250000
tqa475,20,-0.476755
tqa475,21,-0.037127
tqa475,22,-0.004474
tqa475,23,-29.375000
tqa475,24,-0.387475
tqa475,25,-0.227250
tqa475,26,-0.415755
tqa475,27,-21.000000
tqa475,28,-33.125000
tqa475,29,-0.357374
tqa475,30,-0.386312
tqa475,31,-0.357374
tqa475,32,-0.415668
tqa475,33,-0.238924
tqa475,34,-0.447734
tqa475,35,-30.250000
tqa475,36,-0.478966
tqa475,37,-0.448196
tqa475,38,-18.000000
tqa475,39,-0.478966
tqa475,40,-0.418922
tqa475,41,0.025045
tqa475,42,-32.250000
tqa475,43,-0.446735
tqa475,44,-0.262316
tqa475,45,-0.386674
tqa475,46,-0.386674
tqa475,47,-31.000000
tqa475,48,-0.164695
tqa475,49,-0.449506
tqa475,50,-0.234489
tqa475,51,-20.375000
tqa475,52,-0.041790
tqa475,53,-32.250000
tqa475,54,-0.044622
tqa475,55,-0.325266
tqa475,56,-27.375000
tqa475,57,-0.510071
tqa475,58,-0.481809
tqa475,59,-0.326299
tqa475,60,-0.478525
tqa475,61,-33.375000
tqa475,62,-0.069517
tqa475,63,-0.447564
tqa476,0,-34.125000
tqa476,1,-0.448037
tqa476,2,-0.449994
tqa476,3,-0.449994
tqa476,4,-0.454419
tqa476,5,-33.750000
tqa476,6,-0.547276
tqa476,7,-0.545661
tqa476,8,-34.125000
tqa476,9,-0.518209
tqa476,10,-33.125000
tqa476,11,-0.547054
tqa476,12,-0.518209
tqa476,13,-35.250000
tqa476,14,-0.518209
tqa476,15,-0.518209
tqa476,16,25.875000
tqa476,17,25.875000
tqa476,18,-0.395106
tqa476,19,-0.140825
tqa476,20,-26.125000
tqa476,21,-0.545731
tqa476,22,-0.545731
tqa476,23,-0.545731
tqa476,24,-34.375000
tqa476,25,-0.577780
tqa476,26,-0.579749
tqa476,27,-0.579749
tqa476,28,25.875000
tqa476,29,-0.140825
tqa476,30,25.875000
tqa476,31,25.875000
tqa476,32,-0.140825
tqa476,33,-0.140825
tqa476,34,25.875000
tqa476,35,-0.395106
tqa476,36,-0.451270
tqa476,37,-0.449102
tqa476,38,-0.451077
tqa476,39,-31.000000
tqa476,40,23.250000
tqa476,41,23.250000
tqa476,42,23.250000
tqa476,43,23.250000
tqa476,44,25.875000
tqa476,45,-0.140825
tqa476,46,25.875000
tqa476,47,25.875000
tqa476,48,-0.518209
tqa476,49,-33.500000
tqa476,50,-0.485674
tqa476,51,-0.518209
tqa476,52,-0.140825
tqa476,53,25.875000
tqa476,54,-0.140825
tqa476,55,-0.395106
tqa476,56,-0.395106
tqa476,57,25.875000
tqa476,58,25.875000
tqa476,59,-0.140825
tqa476,60,-0.395106
tqa476,61,-0.140825
tqa476,62,-0.395106
tqa476,63,25.875000
tqa477,0,-36.250000
tqa477,1,-36.250000
tqa477,2,-36.250000
tqa477,3,-36.250000
tqa477,4,-38.250000
tqa477,5,-0.419118
tqa477,6,-0.417245
tqa477,7,-0.417245
tqa477,8,-0.388716
tqa477,9,-0.479614
tqa477,10,-0.448528
tqa477,11,-38.375000
tqa477,12,-36.250000
tqa477,13,-36.250000
tqa477,14,-36.250000
tqa477,15,-36.250000
tqa477,16,-38.375000
tqa477,17,-0.484318
tqa477,18,-0.484318
tqa477,19,-0.484318
tqa477,20,-34.812500
tqa477,21,-0.263243
tqa477,22,-0.387186
tqa477,23,-0.416628
tqa477,24,-0.450422
tqa477,25,-0.450422
tqa477,26,-0.447047
tqa477,27,-38.500000
tqa477,28,-0.319635
tqa477,29,-37.687500
tqa477,30,-0.451324
tqa477,31,-0.482366
tqa477,32,-0.325932
tqa477,33,-38.500000
tqa477,34,-0.447047
tqa477,35,-0.447047
tqa477,36,-36.250000
tqa477,37,-36.250000
tqa477,38,-36.250000
tqa477,39,-0.289341
tqa477,40,-36.250000
tqa477,41,-0.289341
tqa477,42,-36.250000
tqa477,43,-36.250000
tqa477,44,-0.449368
tqa477,45,-37.125000
tqa477,46,-35.812500
tqa477,47,-0.449368
tqa477,48,-35.625000
tqa477,49,-0.324978
tqa477,50,-0.450422
tqa477,51,-0.447047
tqa477,52,-0.289341
tqa477,53,-36.250000
tqa477,54,-36.250000
tqa477,55,-36.250000
tqa477,56,-0.385386
tqa477,57,-0.196564
tqa477,58,-38.312500
tqa477,59,-0.066628
tqa477,60,-0.389687
tqa477,61,-0.545081
tqa477,62,-0.545081
tqa477,63,-38.312500
tqa478,0,-0.421375
tqa478,1,-34.812500
tqa478,2,-0.481134
tqa478,3,-0.288083
tqa478,4,-0.130795
tqa478,5,-0.228980
tqa478,6,-0.479129
tqa478,7,-38.000000
tqa478,8,-0.482375
tqa478,9,-37.062500
tqa478,10,-0.289768
tqa478,11,-0.546353
tqa478,12,-0.482591
tqa478,13,-36.625000
tqa478,14,-0.482591
tqa478,15,-0.482591
tqa478,16,-0.483644
tqa478,17,-0.486488
tqa478,18,-0.546353
tqa478,19,-36.687500
tqa478,20,-0.419214
tqa478,21,-37.250000
tqa478,22,-0.420113
tqa478,23,-0.317659
tqa478,24,-36.687500
tqa478,25,-0.481331
tqa478,26,-0.482591
tqa478,27,-0.482591
tqa478,28,-0.482784
tqa478,29,-0.514667
tqa478,30,-38.062500
tqa478,31,-0.451324
tqa478,32,-0.452628
tqa478,33,-31.625000
tqa478,34,-0.421158
tqa478,35,-0.452628
tqa478,36,-0.514462
tqa478,37,-0.511144
tqa478,38,-36.750000
tqa478,39,-0.256698
tqa478,40,-0.481492
tqa478,41,-0.482784
tqa478,42,-37.500000
tqa478,43,-0.392758
tqa478,44,-0.281082
tqa478,45,-0.482591
tqa478,46,-37.937500
tqa478,47,-0.482591
tqa478,48,-36.500000
tqa478,49,-36.375000
tqa478,50,-0.513227
tqa478,51,-0.318349
tqa478,52,-34.625000
tqa478,53,-0.482784
tqa478,54,-0.227440
tqa478,55,-0.482784
tqa478,56,-0.546353
tqa478,57,-0.483646
tqa478,58,-0.512379
tqa478,59,-38.312500
tqa478,60,-0.198171
tqa478,61,-0.424006
tqa478,62,-33.500000
tqa478,63,-0.482591
tqa479,0,-16.875000
tqa479,1,-0.448501
tqa479,2,-0.389262
tqa479,3,-0.448501
tqa479,4,-0.232739
tqa479,5,-0.448501
tqa479,6,-27.000000
tqa479,7,-0.448501
tqa479,8,-0.482003
tqa479,9,-27.250000
tqa479,10,-30.375000
tqa479,11,0.019283
tqa479,12,-0.163186
tqa479,13,-32.125000
tqa479,14,-0.197874
tqa479,15,-0.036315
tqa479,16,-0.449494
tqa479,17,-0.011425
tqa479,18,-30.750000
tqa479,19,-0.449494
tqa479,20,-0.478694
tqa479,21,-0.036629
tqa479,22,-0.482003
tqa479,23,-15.000000
tqa479,24,-0.448821
tqa479,25,-31.000000
tqa479,26,-0.448821
tqa479,27,-0.447740
tqa479,28,-0.482003
tqa479,29,-0.482003
tqa479,30,-0.478694
tqa479,31,-14.000000
tqa479,32,-0.545103
tqa479,33,-0.545103
tqa479,34,-24.750000
tqa479,35,-0.545103
tqa479,36,-0.478571
tqa479,37,-0.418407
tqa479,38,-0.449494
tqa479,39,-4.999997
tqa479,40,-0.545103
tqa479,41,-0.516677
tqa479,42,-8.499998
tqa479,43,-0.545103
tqa479,44,-0.482003
tqa479,45,-0.482003
tqa479,46,-0.478694
tqa479,47,-31.125000
tqa479,48,-0.169307
tqa479,49,-0.448821
tqa479,50,-0.261171
tqa479,51,-29.625000
tqa479,52,-0.482003
tqa479,53,-0.482003
tqa479,54,-9.124998
tqa479,55,-0.482003
tqa479,56,27.000000
tqa479,57,-0.072900
tqa479,58,-0.072900
tqa479,59,27.000000
tqa479,60,27.000000
tqa479,61,27.000000
tqa479,62,27.000000
tqa479,63,-0.072900
tqa480,0,-30.000000
tqa480,1,-0.478262
tqa480,2,-0.479733
tqa480,3,-0.449335
tqa480,4,-37.250000
tqa480,5,-0.415473
tqa480,6,-0.415473
tqa480,7,-0.415473
tqa480,8,-37.812500
tqa480,9,-37.812500
tqa480,10,-37.812500
tqa480,11,-37.812500
tqa480,12,-0.415473
tqa480,13,-37.187500
tqa480,14,-0.415473
tqa480,15,-0.254257
tqa480,16,-0.257001
tqa480,17,-0.509796
tqa480,18,-35.562500
tqa480,19,-0.508745
tqa480,20,-0.447298
tqa480,21,-0.386155
tqa480,22,-0.415473
tqa480,23,-37.250000
tqa480,24,-0.415473
tqa480,25,-35.375000
tqa480,26,-0.415473
tqa480,27,-0.415473
tqa480,28,-0.449335
tqa480,29,-34.812500
tqa480,30,-0.449335
tqa480,31,-0.449335
tqa480,32,-0.512026
tqa480,33,-0.480598
tqa480,34,-0.480598
tqa480,35,-36.187500
tqa480,36,-0.447577
tqa480,37,-37.562500
tqa480,38,-0.476206
tqa480,39,-0.448649
tqa480,40,-36.375000
tqa480,41,-0.415216
tqa480,42,-0.417256
tqa480,43,-0.417256
tqa480,44,-0.417256
tqa480,45,-37.312500
tqa480,46,-0.417256
tqa480,47,-0.417256
tqa480,48,-35.000000
tqa480,49,-35.312500
tqa480,50,-36.562500
tqa480,51,-0.355414
tqa480,52,-37.687500
tqa480,53,-0.288717
tqa480,54,-0.288717
tqa480,55,-0.288717
tqa480,56,-0.415473
tqa480,57,-32.500000
tqa480,58,-37.187500
tqa480,59,-0.263765
tqa480,60,-0.414737
tqa480,61,-37.687500
tqa480,62,-37.812500
tqa480,63,-0.415473
tqa481,0,-29.500000
tqa481,1,-29.500000
tqa481,2,-29.500000
tqa481,3,-0.506733
tqa481,4,-32.750000
tqa481,5,-0.632123
tqa481,6,-0.605244
tqa481,7,-0.575266
tqa481,8,-14.249999
tqa481,9,-0.545094
tqa481,10,-0.603052
tqa481,11,-0.603052
tqa481,12,-0.573199
tqa481,13,-15.624998
tqa481,14,-0.447287
tqa481,15,-0.570781
tqa481,16,-29.500000
tqa481,17,-29.500000
tqa481,18,-29.500000
tqa481,19,-29.500000
tqa481,20,-0.573199
tqa481,21,-28.000000
tqa481,22,-0.573199
tqa481,23,-0.573199
tqa481,24,-0.478891
tqa481,25,-32.500000
tqa481,26,-0.458020
tqa481,27,-0.458020
tqa481,28,-35.125000
tqa481,29,-0.458020
tqa481,30,-0.458020
tqa481,31,-0.478891
tqa481,32,-0.458020
tqa481,33,-22.500000
tqa481,34,-0.458020
tqa481,35,-0.454165
tqa481,36,-31.375000
tqa481,37,-0.541535
tqa481,38,-0.541535
tqa481,39,-0.485003
tqa481,40,-0.515101
tqa481,41,-0.447349
tqa481,42,-24.625000
tqa481,43,-0.515101
tqa481,44,-36.875000
tqa481,45,-0.573196
tqa481,46,-0.506023
tqa481,47,-0.570888
tqa481,48,-0.515101
tqa481,49,-34.625000
tqa481,50,-0.515101
tqa481,51,-0.447349
tqa481,52,-35.375000
tqa481,53,-35.125000
tqa481,54,-0.570781
tqa481,55,-0.570781
tqa481,56,-36.125000
tqa481,57,-0.573196
tqa481,58,-0.541073
tqa481,59,-0.573196
tqa481,60,-0.512597
tqa481,61,-29.500000
tqa481,62,-29.500000
tqa481,63,-0.512597
tqa482,0,-0.451147
tqa482,1,-0.510411
tqa482,2,-38.750000
tqa482,3,-0.451147
tqa482,4,-0.506016
tqa482,5,-38.000000
tqa482,6,-0.190425
tqa482,7,-0.257043
tqa482,8,-0.480741
tqa482,9,-37.000000
tqa482,10,-0.449322
tqa482,11,-0.256292
tqa482,12,-37.437500
tqa482,13,-0.446026
tqa482,14,-0.195782
tqa482,15,-0.356992
tqa482,16,-34.875000
tqa482,17,-0.566189
tqa482,18,-0.478295
tqa482,19,-0.538256
tqa482,20,-33.500000
tqa482,21,-0.482264
tqa482,22,-0.506016
tqa482,23,-0.385386
tqa482,24,-0.481644
tqa482,25,-37.812500
tqa482,26,-0.232397
tqa482,27,-0.418240
tqa482,28,-0.447049
tqa482,29,-0.478599
tqa482,30,-0.358016
tqa482,31,-37.812500
tqa482,32,-38.500000
tqa482,33,-0.422040
tqa482,34,-0.387213
tqa482,35,-0.511013
tqa482,36,-0.194313
tqa482,37,-0.448515
tqa482,38,-0.534863
tqa482,39,-36.750000
tqa482,40,-0.124784
tqa482,41,-0.126526
tqa482,42,-0.534863
tqa482,43,-36.812500
tqa482,44,-35.687500
tqa482,45,-0.388715
tqa482,46,-0.418240
tqa482,47,-0.534863
tqa482,48,-0.354733
tqa482,49,-0.534863
tqa482,50,-0.324354
tqa482,51,-35.562500
tqa482,52,-37.375000
tqa482,53,-36.000000
tqa482,54,-0.286674
tqa482,55,-0.480400
tqa482,56,-0.258755
tqa482,57,-0.483073
tqa482,58,-0.447329
tqa482,59,-35.750000
tqa482,60,-0.566189
tqa482,61,-35.937500
tqa482,62,-0.449684
tqa482,63,-0.510697
tqa483,0,-0.508981
tqa483,1,-0.568698
tqa483,2,-0.420113
tqa483,3,-38.312500
tqa483,4,-37.562500
tqa483,5,-0.415320
tqa483,6,-0.417735
tqa483,7,-0.385032
tqa483,8,-0.414717
tqa483,9,-0.415728
tqa483,10,-0.355221
tqa483,11,-35.750000
tqa483,12,-0.422500
tqa483,13,-0.354494
tqa483,14,-0.291850
tqa483,15,-3.374957
tqa483,16,-0.482401
tqa483,17,-36.687500
tqa483,18,-0.483143
tqa483,19,-0.481811
tqa483,20,-0.391247
tqa483,21,-9.874994
tqa483,22,-0.294870
tqa483,23,-0.257658
tqa483,24,-0.540766
tqa483,25,-0.571846
tqa483,26,-0.514395
tqa483,27,-3.499963
tqa483,28,-0.385799
tqa483,29,-0.291352
tqa483,30,-36.250000
tqa483,31,-0.388627
tqa483,32,-0.417916
tqa483,33,-0.449260
tqa483,34,-0.446169
tqa483,35,-36.062500
tqa483,36,-34.250000
tqa483,37,-0.514609
tqa483,38,-0.514626
tqa483,39,-0.577318
tqa483,40,-0.478218
tqa483,41,-0.540858
tqa483,42,-0.479266
tqa483,43,-38.500000
tqa483,44,-36.437500
tqa483,45,-0.041458
tqa483,46,-0.480076
tqa483,47,-0.442984
tqa483,48,-0.482402
tqa483,49,-0.509365
tqa483,50,-0.481059
tqa483,51,6.625001
tqa483,52,-0.477703
tqa483,53,-0.448999
tqa483,54,-36.500000
tqa483,55,-0.416295
tqa483,56,-26.375000
tqa483,57,-26.250000
tqa483,58,-27.625000
tqa483,59,-32.000000
tqa483,60,-34.750000
tqa483,61,-0.385983
tqa483,62,-0.356782
tqa483,63,-0.415455
tqa484,0,-0.600981
tqa484,1,-0.261251
tqa484,2,-0.601197
tqa484,3,-32.437500
tqa484,4,-0.513988
tqa484,5,-35.250000
tqa484,6,-0.513982
tqa484,7,-0.202969
tqa484,8,-32.875000
tqa484,9,-0.512679
tqa484,10,-0.361696
tqa484,11,-0.166255
tqa484,12,-0.315291
tqa484,13,-0.286227
tqa484,14,-33.625000
tqa484,15,-0.315291
tqa484,16,-35.812500
tqa484,17,-0.513976
tqa484,18,-0.481605
tqa484,19,-0.480700
tqa484,20,-0.543196
tqa484,21,-34.000000
tqa484,22,-0.542756
tqa484,23,-0.603273
tqa484,24,-35.750000
tqa484,25,-11.624998
tqa484,26,-25.875000
tqa484,27,-26.750000
tqa484,28,-36.187500
tqa484,29,-0.481422
tqa484,30,-0.299853
tqa484,31,-0.512679
tqa484,32,-0.482387
tqa484,33,-0.452176
tqa484,34,-0.512031
tqa484,35,-29.000000
tqa484,36,-35.687500
tqa484,37,-0.572000
tqa484,38,-0.570729
tqa484,39,-0.601200
tqa484,40,-0.482531
tqa484,41,-32.250000
tqa484,42,-0.384068
tqa484,43,-0.482944
tqa484,44,-0.541168
tqa484,45,-0.542428
tqa484,46,-0.513062
tqa484,47,-35.875000
tqa484,48,-0.569849
tqa484,49,-36.062500
tqa484,50,-0.541046
tqa484,51,-0.603263
tqa484,52,-0.511953
tqa484,53,-34.500000
tqa484,54,-0.450754
tqa484,55,-0.259089
tqa484,56,-0.284872
tqa484,57,-32.500000
tqa484,58,-0.314597
tqa484,59,-29.750000
tqa484,60,-36.125000
tqa484,61,-0.539577
tqa484,62,-0.570051
tqa484,63,-0.570165
tqa485,0,-6.749971
tqa485,1,-6.749971
tqa485,2,0.250019
tqa485,3,-13.624997
tqa485,4,-13.624997
tqa485,5,-13.624997
tqa485,6,-13.624997
tqa485,7,-13.624997
tqa485,8,-13.624997
tqa485,9,-6.749971
tqa485,10,-6.749971
tqa485,11,-6.749971
tqa485,12,-13.624997
tqa485,13,-6.749971
tqa485,14,-13.624997
tqa485,15,-13.624997
tqa485,16,-13.624997
tqa485,17,-13.624997
tqa485,18,-13.624997
tqa485,19,-13.624997
tqa485,20,-13.624997
tqa485,21,-13.624997
tqa485,22,-13.624997
tqa485,23,-6.749971
tqa485,24,-6.749971
tqa485,25,-6.749971
tqa485,26,-13.624997
tqa485,27,-6.749971
tqa485,28,-13.624997
tqa485,29,-5.999975
tqa485,30,-13.624997
tqa485,31,-13.624997
tqa485,32,-6.749971
tqa485,33,-13.624997
tqa485,34,-13.624997
tqa485,35,-13.624997
tqa485,36,-5.999975
tqa485,37,-13.624997
tqa485,38,-6.749971
tqa485,39,-13.624997
tqa485,40,-13.624997
tqa485,41,-13.624997
tqa485,42,-13.624997
tqa485,43,-6.749971
tqa485,44,-13.624997
tqa485,45,-13.624997
tqa485,46,-13.624997
tqa485,47,-13.624997
tqa485,48,-13.624997
tqa485,49,-13.624997
tqa485,50,-13.624997
tqa485,51,-13.624997
tqa485,52,-13.624997
tqa485,53,-6.749971
tqa485,54,-13.624997
tqa485,55,-6.749971
tqa485,56,-13.624997
tqa485,57,-6.749971
tqa485,58,-13.624997
tqa485,59,-13.624997
tqa485,60,-13.624997
tqa485,61,-13.624997
tqa485,62,-13.624997
tqa485,63,-6.749971
tqa486,0,-0.448172
tqa486,1,-37.750000
tqa486,2,-0.448011
tqa486,3,-0.419296
tqa486,4,-0.573233
tqa486,5,-0.188221
tqa486,6,-0.480563
tqa486,7,-37.312500
tqa486,8,-0.415492
tqa486,9,2.000019
tqa486,10,-38.062500
tqa486,11,-0.321470
tqa486,12,-0.479429
tqa486,13,-0.511981
tqa486,14,-33.500000
tqa486,15,-0.540636
tqa486,16,-0.536283
tqa486,17,-0.542576
tqa486,18,-38.437500
tqa486,19,-0.572442
tqa486,20,-0.510547
tqa486,21,-0.510541
tqa486,22,-38.000000
tqa486,23,-0.509140
tqa486,24,-0.570884
tqa486,25,-37.562500
tqa486,26,-0.510852
tqa486,27,-0.542095
tqa486,28,-35.500000
tqa486,29,-0.542720
tqa486,30,-0.480739
tqa486,31,-0.479755
tqa486,32,-0.539989
tqa486,33,-34.500000
tqa486,34,-0.483438
tqa486,35,-0.478263
tqa486,36,-0.512944
tqa486,37,-35.437500
tqa486,38,-0.540661
tqa486,39,-0.540671
tqa486,40,-0.388058
tqa486,41,-32.250000
tqa486,42,-0.388260
tqa486,43,-0.393552
tqa486,44,-0.135526
tqa486,45,-0.540813
tqa486,46,-0.512008
tqa486,47,-34.500000
tqa486,48,-0.508377
tqa486,49,-0.510118
tqa486,50,-0.479595
tqa486,51,-37.250000
tqa486,52,-0.477890
tqa486,53,-0.508152
tqa486,54,-0.508149
tqa486,55,-36.437500
tqa486,56,-36.312500
tqa486,57,-0.158629
tqa486,58,-36.250000
tqa486,59,-0.540651
tqa486,60,-0.476521
tqa486,61,-0.479595
tqa486,62,-0.226795
tqa486,63,-36.750000
tqa487,0,-31.750000
tqa487,1,-0.483226
tqa487,2,-0.484552
tqa487,3,-0.515583
tqa487,4,-0.357821
tqa487,5,-28.625000
tqa487,6,-0.514254
tqa487,7,-0.484327
tqa487,8,-28.750000
tqa487,9,-0.485665
tqa487,10,-0.322972
tqa487,11,-0.195485
tqa487,12,-0.451984
tqa487,13,-35.562500
tqa487,14,-0.364820
tqa487,15,-31.500000
tqa487,16,-32.750000
tqa487,17,-0.514458
tqa487,18,-0.320365
tqa487,19,-0.453531
tqa487,20,-0.450882
tqa487,21,-29.125000
tqa487,22,-0.420235
tqa487,23,-0.451482
tqa487,24,-0.485409
tqa487,25,-25.750000
tqa487,26,-0.484311
tqa487,27,-0.514444
tqa487,28,-0.450449
tqa487,29,-0.448200
tqa487,30,-0.479453
tqa487,31,-25.875000
tqa487,32,-0.319542
tqa487,33,-0.328065
tqa487,34,5.750002
tqa487,35,-0.330045
tqa487,36,-0.416337
tqa487,37,-0.416337
tqa487,38,-0.415337
tqa487,39,-16.250000
tqa487,40,-0.483204
tqa487,41,-30.625000
tqa487,42,-0.514048
tqa487,43,-0.194308
tqa487,44,-0.547276
tqa487,45,-35.062500
tqa487,46,-0.513128
tqa487,47,-0.483216
tqa487,48,-0.483875
tqa487,49,-34.625000
tqa487,50,-0.547925
tqa487,51,-0.483004
tqa487,52,-0.163340
tqa487,53,-0.286621
tqa487,54,-0.516916
tqa487,55,-31.250000
tqa487,56,-0.288224
tqa487,57,-23.500000
tqa487,58,-0.138049
tqa487,59,-34.750000
tqa487,60,-0.483878
tqa487,61,-0.486166
tqa487,62,-0.512949
tqa487,63,-30.625000
tqa488,0,-0.483214
tqa488,1,-0.483214
tqa488,2,-23.875000
tqa488,3,-0.483214
tqa488,4,-0.227108
tqa488,5,-0.512376
tqa488,6,-27.875000
tqa488,7,-32.000000
tqa488,8,-0.546361
tqa488,9,2.500001
tqa488,10,-0.546361
tqa488,11,-0.546361
tqa488,12,-27.000000
tqa488,13,-0.575066
tqa488,14,-0.575066
tqa488,15,-0.575066
tqa488,16,-0.575066
tqa488,17,-31.500000
tqa488,18,-0.414885
tqa488,19,-0.258121
tqa488,20,-31.875000
tqa488,21,-0.515113
tqa488,22,-0.515113
tqa488,23,-14.750000
tqa488,24,-0.261960
tqa488,25,-0.261960
tqa488,26,-28.125000
tqa488,27,-0.261960
tqa488,28,-0.541938
tqa488,29,-0.546361
tqa488,30,-0.512738
tqa488,31,-36.625000
tqa488,32,-0.573981
tqa488,33,-0.543633
tqa488,34,-0.573981
tqa488,35,-30.000000
tqa488,36,-36.562500
tqa488,37,-0.482375
tqa488,38,-0.510083
tqa488,39,-0.515113
tqa488,40,27.000000
tqa488,41,27.000000
tqa488,42,27.000000
tqa488,43,27.000000
tqa488,44,-0.515113
tqa488,45,-0.515113
tqa488,46,-0.515113
tqa488,47,-30.625000
tqa488,48,-0.483417
tqa488,49,-21.500000
tqa488,50,-0.483417
tqa488,51,-0.483417
tqa488,52,-0.573981
tqa488,53,-11.375000
tqa488,54,-0.573981
tqa488,55,-0.573981
tqa488,56,-0.512376
tqa488,57,-0.512376
tqa488,58,-0.512376
tqa488,59,-32.125000
tqa488,60,27.000000
tqa488,61,27.000000
tqa488,62,27.000000
tqa488,63,27.000000
tqa489,0,-0.319529
tqa489,1,-36.000000
tqa489,2,-0.512390
tqa489,3,-0.544494
tqa489,4,-0.513046
tqa489,5,-0.484473
tqa489,6,-0.231069
tqa489,7,-35.125000
tqa489,8,-0.234684
tqa489,9,-0.229678
tqa489,10,-0.453208
tqa489,11,-37.687500
tqa489,12,-0.514263
tqa489,13,-0.481796
tqa489,14,-37.375000
tqa489,15,-0.514049
tqa489,16,-0.454241
tqa489,17,-37.000000
tqa489,18,-0.388450
tqa489,19,-37.625000
tqa489,20,-0.545719
tqa489,21,-0.072502
tqa489,22,-36.187500
tqa489,23,-0.514046
tqa489,24,-0.446014
tqa489,25,-35.687500
tqa489,26,-0.480440
tqa489,27,-0.224776
tqa489,28,-21.875000
tqa489,29,-0.422726
tqa489,30,-0.422726
tqa489,31,-0.129836
tqa489,32,-0.510828
tqa489,33,-35.437500
tqa489,34,-0.483429
tqa489,35,-0.200681
tqa489,36,-0.388623
tqa489,37,-0.327378
tqa489,38,-0.390123
tqa489,39,-36.062500
tqa489,40,-0.357188
tqa489,41,-37.750000
tqa489,42,-0.358351
tqa489,43,-0.325938
tqa489,44,-37.312500
tqa489,45,-0.485485
tqa489,46,-0.485245
tqa489,47,-0.543817
tqa489,48,-0.171796
tqa489,49,-0.393274
tqa489,50,-37.750000
tqa489,51,-0.393003
tqa489,52,-0.545290
tqa489,53,-36.625000
tqa489,54,-0.481602
tqa489,55,-31.125000
tqa489,56,-36.562500
tqa489,57,-36.500000
tqa489,58,-0.514045
tqa489,59,-0.451343
tqa489,60,-0.193111
tqa489,61,-0.480256
tqa489,62,-36.687500
tqa489,63,-0.165320
tqa490,0,-0.418009
tqa490,1,-36.000000
tqa490,2,-0.419097
tqa490,3,-0.415628
tqa490,4,-0.450953
tqa490,5,-0.481997
tqa490,6,-34.750000
tqa490,7,-0.453751
tqa490,8,-0.485241
tqa490,9,-0.512666
tqa490,10,-0.479259
tqa490,11,-36.500000
tqa490,12,-35.812500
tqa490,13,-0.482924
tqa490,14,-0.513639
tqa490,15,-0.481997
tqa490,16,-0.449623
tqa490,17,-0.174566
tqa490,18,-0.450351
tqa490,19,-39.187500
tqa490,20,-0.327518
tqa490,21,-0.359227
tqa490,22,-0.387651
tqa490,23,-36.937500
tqa490,24,-0.226308
tqa490,25,-0.453048
tqa490,26,-34.500000
tqa490,27,-0.038647
tqa490,28,-0.386663
tqa490,29,-35.687500
tqa490,30,-34.500000
tqa490,31,-0.419278
tqa490,32,-0.482393
tqa490,33,-31.875000
tqa490,34,-0.484541
tqa490,35,-0.101035
tqa490,36,-0.480867
tqa490,37,-0.483572
tqa490,38,-0.509768
tqa490,39,-35.812500
tqa490,40,-30.000000
tqa490,41,-0.223159
tqa490,42,-0.267949
tqa490,43,-0.451148
tqa490,44,-0.451774
tqa490,45,-0.485241
tqa490,46,-35.937500
tqa490,47,-0.482723
tqa490,48,-0.453979
tqa490,49,-34.937500
tqa490,50,-0.161379
tqa490,51,-0.482388
tqa490,52,-0.516488
tqa490,53,-0.457523
tqa490,54,-0.486242
tqa490,55,-32.250000
tqa490,56,-0.419293
tqa490,57,-29.500000
tqa490,58,-0.199626
tqa490,59,-0.423479
tqa490,60,-0.454247
tqa490,61,-0.450552
tqa490,62,-35.000000
tqa490,63,-0.165601
tqa491,0,-33.875000
tqa491,1,-0.577165
tqa491,2,-0.577165
tqa491,3,-0.577165
tqa491,4,23.375000
tqa491,5,23.375000
tqa491,6,23.375000
tqa491,7,-31.125000
tqa491,8,-0.543381
tqa491,9,-0.188813
tqa491,10,-0.543381
tqa491,11,-28.375000
tqa491,12,-0.602111
tqa491,13,-0.665497
tqa491,14,-0.665497
tqa491,15,-29.125000
tqa491,16,-0.415591
tqa491,17,-0.415591
tqa491,18,-0.415591
tqa491,19,-34.125000
tqa491,20,23.375000
tqa491,21,23.375000
tqa491,22,23.375000
tqa491,23,23.375000
tqa491,24,-0.481586
tqa491,25,-0.223569
tqa491,26,-36.000000
tqa491,27,-0.382030
tqa491,28,-0.665497
tqa491,29,-0.665497
tqa491,30,-0.665497
tqa491,31,-29.500000
tqa491,32,-34.000000
tqa491,33,-0.606804
tqa491,34,-0.606804
tqa491,35,-0.606804
tqa491,36,-10.000000
tqa491,37,-0.481586
tqa491,38,-0.481586
tqa491,39,-0.481586
tqa491,40,23.375000
tqa491,41,23.375000
tqa491,42,23.375000
tqa491,43,23.375000
tqa491,44,-0.607792
tqa491,45,-0.578213
tqa491,46,-0.607792
tqa491,47,-29.625000
tqa491,48,-24.750000
tqa491,49,-0.606804
tqa491,50,-0.606804
tqa491,51,-0.606804
tqa491,52,-33.000000
tqa491,53,-0.508121
tqa491,54,-0.508121
tqa491,55,-0.508121
tqa491,56,-29.000000
tqa491,57,-0.478120
tqa491,58,-0.508121
tqa491,59,-0.508121
tqa491,60,-0.162366
tqa491,61,-0.162366
tqa491,62,-36.250000
tqa491,63,-0.162366
tqa492,0,-0.263234
tqa492,1,-38.375000
tqa492,2,-0.139184
tqa492,3,-0.448806
tqa492,4,-0.103742
tqa492,5,-0.451135
tqa492,6,-0.451336
tqa492,7,-35.250000
tqa492,8,-0.387201
tqa492,9,-35.812500
tqa492,10,-0.159689
tqa492,11,-0.451526
tqa492,12,-37.562500
tqa492,13,-0.161065
tqa492,14,-0.418282
tqa492,15,-0.034780
tqa492,16,-36.625000
tqa492,17,-0.390125
tqa492,18,0.117252
tqa492,19,-0.073026
tqa492,20,-0.323197
tqa492,21,-0.136104
tqa492,22,7.500000
tqa492,23,7.500000
tqa492,24,-13.874998
tqa492,25,-0.425348
tqa492,26,-0.328764
tqa492,27,-0.294510
tqa492,28,-0.448031
tqa492,29,-31.750000
tqa492,30,-0.419503
tqa492,31,-0.389265
tqa492,32,-0.450430
tqa492,33,-0.445393
tqa492,34,-29.125000
tqa492,35,-0.451540
tqa492,36,-0.420287
tqa492,37,-0.508862
tqa492,38,-32.375000
tqa492,39,-0.450238
tqa492,40,-0.447871
tqa492,41,-0.478122
tqa492,42,-0.447866
tqa492,43,-33.625000
tqa492,44,-0.327618
tqa492,45,-37.250000
tqa492,46,-0.417233
tqa492,47,-0.417737
tqa492,48,-30.375000
tqa492,49,-0.328229
tqa492,50,-0.384023
tqa492,51,-0.388250
tqa492,52,-0.483039
tqa492,53,-0.484496
tqa492,54,-33.750000
tqa492,55,-0.486783
tqa492,56,-36.062500
tqa492,57,-0.257468
tqa492,58,-0.098200
tqa492,59,-0.484322
tqa492,60,-0.448649
tqa492,61,-0.446118
tqa492,62,-0.419298
tqa492,63,-34.937500
tqa493,0,-16.625000
tqa493,1,-0.542264
tqa493,2,-0.573835
tqa493,3,-0.542264
tqa493,4,-0.543119
tqa493,5,-0.543119
tqa493,6,-0.543303
tqa493,7,-32.750000
tqa493,8,-0.480098
tqa493,9,-0.480098
tqa493,10,-0.299487
tqa493,11,-35.625000
tqa493,12,-0.544504
tqa493,13,-0.544504
tqa493,14,-8.624999
tqa493,15,-0.543296
tqa493,16,-0.165334
tqa493,17,-0.165334
tqa493,18,20.750000
tqa493,19,-0.165334
tqa493,20,-0.542437
tqa493,21,-0.480098
tqa493,22,-30.750000
tqa493,23,-0.480098
tqa493,24,-0.482015
tqa493,25,-17.500000
tqa493,26,-0.254819
tqa493,27,-0.480098
tqa493,28,-0.261195
tqa493,29,-0.384902
tqa493,30,-0.569921
tqa493,31,-34.000000
tqa493,32,-0.165334
tqa493,33,-0.165334
tqa493,34,25.875000
tqa493,35,25.875000
tqa493,36,-0.601331
tqa493,37,-34.562500
tqa493,38,-0.539058
tqa493,39,-0.601331
tqa493,40,21.125000
tqa493,41,21.125000
tqa493,42,21.125000
tqa493,43,21.125000
tqa493,44,-0.539058
tqa493,45,-0.601331
tqa493,46,-0.601331
tqa493,47,-31.875000
tqa493,48,21.125000
tqa493,49,21.125000
tqa493,50,21.125000
tqa493,51,21.125000
tqa493,52,-0.542264
tqa493,53,-0.542264
tqa493,54,-0.542264
tqa493,55,-34.375000
tqa493,56,-0.511695
tqa493,57,-0.511695
tqa493,58,-0.511695
tqa493,59,-31.625000
tqa493,60,21.125000
tqa493,61,21.125000
tqa493,62,21.125000
tqa493,63,21.125000
tqa494,0,-0.478688
tqa494,1,-0.160252
tqa494,2,-36.000000
tqa494,3,-0.417583
tqa494,4,-0.446365
tqa494,5,-34.625000
tqa494,6,-0.414851
tqa494,7,-0.417548
tqa494,8,-36.312500
tqa494,9,-0.386171
tqa494,10,-0.449159
tqa494,11,-0.416761
tqa494,12,0.057804
tqa494,13,-34.937500
tqa494,14,-0.540631
tqa494,15,-0.478955
tqa494,16,-35.687500
tqa494,17,-18.500000
tqa494,18,-0.539488
tqa494,19,-0.131602
tqa494,20,-0.224123
tqa494,21,-30.875000
tqa494,22,-0.349803
tqa494,23,-0.380869
tqa494,24,-0.357786
tqa494,25,-0.478642
tqa494,26,-35.625000
tqa494,27,-0.479856
tqa494,28,-0.385810
tqa494,29,-0.295524
tqa494,30,-0.443788
tqa494,31,-35.250000
tqa494,32,-37.250000
tqa494,33,-0.514696
tqa494,34,-0.546524
tqa494,35,-0.453238
tqa494,36,-0.514828
tqa494,37,-33.000000
tqa494,38,-0.516041
tqa494,39,-0.483027
tqa494,40,-0.446589
tqa494,41,-0.101213
tqa494,42,-36.000000
tqa494,43,-0.478118
tqa494,44,-35.812500
tqa494,45,-0.415465
tqa494,46,-0.066838
tqa494,47,-0.418085
tqa494,48,-0.387182
tqa494,49,-0.385979
tqa494,50,-37.687500
tqa494,51,-0.322437
tqa494,52,-0.360220
tqa494,53,-0.293620
tqa494,54,-35.437500
tqa494,55,-0.446888
tqa494,56,-35.375000
tqa494,57,-0.292080
tqa494,58,-0.039921
tqa494,59,-0.383727
tqa494,60,-0.202095
tqa494,61,-34.875000
tqa494,62,-0.384756
tqa494,63,-0.387165
tqa495,0,-33.250000
tqa495,1,-0.509924
tqa495,2,-0.539268
tqa495,3,-0.159482
tqa495,4,-0.316331
tqa495,5,-35.437500
tqa495,6,-0.540255
tqa495,7,-0.478992
tqa495,8,-0.413698
tqa495,9,-37.062500
tqa495,10,-0.413698
tqa495,11,-0.479254
tqa495,12,-0.539386
tqa495,13,-0.412846
tqa495,14,-0.541625
tqa495,15,-17.500000
tqa495,16,-35.562500
tqa495,17,-0.093532
tqa495,18,-0.317596
tqa495,19,-0.508868
tqa495,20,-38.687500
tqa495,21,-0.449683
tqa495,22,-0.540650
tqa495,23,-0.383874
tqa495,24,-0.227817
tqa495,25,-0.385059
tqa495,26,-4.249953
tqa495,27,-28.250000
tqa495,28,-0.446764
tqa495,29,-0.475431
tqa495,30,-0.476646
tqa495,31,-20.500000
tqa495,32,-0.506667
tqa495,33,-0.537817
tqa495,34,-0.507994
tqa495,35,-33.000000
tqa495,36,-0.414265
tqa495,37,-33.125000
tqa495,38,-29.250000
tqa495,39,-28.375000
tqa495,40,-21.750000
tqa495,41,-0.195257
tqa495,42,-0.477612
tqa495,43,-0.124796
tqa495,44,-0.256222
tqa495,45,-32.750000
tqa495,46,-0.508016
tqa495,47,-36.750000
tqa495,48,-33.625000
tqa495,49,-0.476669
tqa495,50,-0.536585
tqa495,51,-0.128356
tqa495,52,-0.096635
tqa495,53,-0.539377
tqa495,54,-0.508004
tqa495,55,-35.437500
tqa495,56,-37.187500
tqa495,57,-0.317780
tqa495,58,-0.227845
tqa495,59,-0.287387
tqa495,60,-0.510069
tqa495,61,-0.535760
tqa495,62,-0.510069
tqa495,63,-33.375000
tqa496,0,-0.068910
tqa496,1,-0.511173
tqa496,2,-32.750000
tqa496,3,-0.262149
tqa496,4,-0.514265
tqa496,5,-34.000000
tqa496,6,-0.484324
tqa496,7,-0.484551
tqa496,8,-0.483588
tqa496,9,-31.125000
tqa496,10,-0.482529
tqa496,11,-0.512316
tqa496,12,-0.453276
tqa496,13,-32.875000
tqa496,14,-0.480875
tqa496,15,-0.482940
tqa496,16,-21.625000
tqa496,17,-0.418187
tqa496,18,-0.448921
tqa496,19,-0.417502
tqa496,20,-0.483356
tqa496,21,-34.375000
tqa496,22,-0.204584
tqa496,23,-0.326289
tqa496,24,-0.451469
tqa496,25,-0.388065
tqa496,26,-0.418550
tqa496,27,-34.625000
tqa496,28,-0.545105
tqa496,29,-30.750000
tqa496,30,-0.512674
tqa496,31,-0.485258
tqa496,32,-34.000000
tqa496,33,-0.544109
tqa496,34,-0.482008
tqa496,35,-0.516043
tqa496,36,-0.386345
tqa496,37,-0.448021
tqa496,38,-28.500000
tqa496,39,-0.353818
tqa496,40,-0.354127
tqa496,41,-0.447405
tqa496,42,-0.101129
tqa496,43,-27.250000
tqa496,44,-0.479749
tqa496,45,-12.875000
tqa496,46,-0.483012
tqa496,47,-24.250000
tqa496,48,-3.374997
tqa496,49,-0.194479
tqa496,50,-0.483804
tqa496,51,-0.076129
tqa496,52,-0.449091
tqa496,53,-31.250000
tqa496,54,-0.300759
tqa496,55,-31.625000
tqa496,56,-32.875000
tqa496,57,-0.486427
tqa496,58,-0.136187
tqa496,59,-32.500000
tqa496,60,-0.516990
tqa496,61,-34.625000
tqa496,62,-30.875000
tqa496,63,-0.231633
tqa497,0,-0.450066
tqa497,1,-32.125000
tqa497,2,-0.450066
tqa497,3,-0.354770
tqa497,4,-33.687500
tqa497,5,-0.418909
tqa497,6,-0.418909
tqa497,7,-0.418909
tqa497,8,-30.250000
tqa497,9,-0.418909
tqa497,10,-0.445862
tqa497,11,-0.418909
tqa497,12,-0.449802
tqa497,13,-28.250000
tqa497,14,-0.449802
tqa497,15,-0.449802
tqa497,16,25.125000
tqa497,17,25.125000
tqa497,18,25.125000
tqa497,19,25.125000
tqa497,20,25.125000
tqa497,21,25.125000
tqa497,22,25.125000
tqa497,23,25.125000
tqa497,24,25.125000
tqa497,25,25.125000
tqa497,26,25.125000
tqa497,27,25.125000
tqa497,28,25.125000
tqa497,29,25.125000
tqa497,30,25.125000
tqa497,31,25.125000
tqa497,32,-29.875000
tqa497,33,-0.543458
tqa497,34,-0.543458
tqa497,35,-0.543458
tqa497,36,-0.419477
tqa497,37,-28.875000
tqa497,38,-0.419477
tqa497,39,-0.419477
tqa497,40,25.125000
tqa497,41,25.125000
tqa497,42,25.125000
tqa497,43,25.125000
tqa497,44,-0.418909
tqa497,45,-0.261180
tqa497,46,1.000002
tqa497,47,-0.418909
tqa497,48,-35.000000
tqa497,49,25.125000
tqa497,50,25.125000
tqa497,51,25.125000
tqa497,52,-16.000000
tqa497,53,-0.450066
tqa497,54,-0.033760
tqa497,55,-0.450066
tqa497,56,-33.750000
tqa497,57,25.125000
tqa497,58,25.125000
tqa497,59,25.125000
tqa497,60,-0.419477
tqa497,61,-0.419477
tqa497,62,-0.419477
tqa497,63,-14.125000
tqa498,0,-0.414943
tqa498,1,-0.413263
tqa498,2,-0.035854
tqa498,3,-33.250000
tqa498,4,-0.285730
tqa498,5,-0.285730
tqa498,6,-0.346114
tqa498,7,-36.125000
tqa498,8,-0.353288
tqa498,9,-0.476866
tqa498,10,-35.500000
tqa498,11,-0.507349
tqa498,12,-0.412282
tqa498,13,-33.875000
tqa498,14,-0.415761
tqa498,15,-0.413698
tqa498,16,-0.478555
tqa498,17,-0.509099
tqa498,18,-35.125000
tqa498,19,-0.509375
tqa498,20,-32.875000
tqa498,21,-0.097651
tqa498,22,-0.478555
tqa498,23,-0.478555
tqa498,24,-0.446881
tqa498,25,-0.321304
tqa498,26,-32.000000
tqa498,27,-0.387491
tqa498,28,-0.384781
tqa498,29,-0.383600
tqa498,30,-0.384781
tqa498,31,-34.500000
tqa498,32,-0.416299
tqa498,33,-0.443353
tqa498,34,-35.750000
tqa498,35,-0.446858
tqa498,36,-30.375000
tqa498,37,-30.375000
tqa498,38,-0.477345
tqa498,39,-0.284933
tqa498,40,-0.445498
tqa498,41,-0.477839
tqa498,42,-35.500000
tqa498,43,-35.000000
tqa498,44,-33.500000
tqa498,45,-0.298484
tqa498,46,-0.235743
tqa498,47,-0.066892
tqa498,48,-0.258179
tqa498,49,-34.750000
tqa498,50,-0.258051
tqa498,51,-0.258179
tqa498,52,-30.375000
tqa498,53,-0.477345
tqa498,54,-0.319393
tqa498,55,-0.445162
tqa498,56,-33.000000
tqa498,57,-0.414730
tqa498,58,-0.414730
tqa498,59,-0.006495
tqa498,60,-36.000000
tqa498,61,-0.252968
tqa498,62,-36.000000
tqa498,63,-0.410519
tqa499,0,-0.541205
tqa499,1,-33.375000
tqa499,2,-0.541205
tqa499,3,-0.541205
tqa499,4,-0.133692
tqa499,5,-0.133692
tqa499,6,-0.164664
tqa499,7,-15.624999
tqa499,8,-34.000000
tqa499,9,-0.482399
tqa499,10,-0.482399
tqa499,11,-0.452341
tqa499,12,-0.449005
tqa499,13,-0.297293
tqa499,14,-0.292423
tqa499,15,-34.625000
tqa499,16,-25.500000
tqa499,17,-25.500000
tqa499,18,-25.500000
tqa499,19,-25.500000
tqa499,20,-25.500000
tqa499,21,-25.500000
tqa499,22,-25.500000
tqa499,23,-7.374979
tqa499,24,-0.510389
tqa499,25,-29.000000
tqa499,26,-0.510389
tqa499,27,-0.539054
tqa499,28,-0.268747
tqa499,29,-0.444412
tqa499,30,-0.386495
tqa499,31,-26.750000
tqa499,32,-25.500000
tqa499,33,-25.500000
tqa499,34,-25.500000
tqa499,35,-7.374979
tqa499,36,-0.415207
tqa499,37,-34.875000
tqa499,38,-0.327137
tqa499,39,-0.330723
tqa499,40,-32.000000
tqa499,41,-0.452341
tqa499,42,-0.482399
tqa499,43,-0.482399
tqa499,44,-0.510694
tqa499,45,-0.483231
tqa499,46,-35.062500
tqa499,47,-0.510694
tqa499,48,-25.500000
tqa499,49,-25.500000
tqa499,50,-25.500000
tqa499,51,-25.500000
tqa499,52,-25.500000
tqa499,53,-25.500000
tqa499,54,-25.500000
tqa499,55,-25.500000
tqa499,56,-0.481320
tqa499,57,-0.541205
tqa499,58,-33.562500
tqa499,59,-0.511150
tqa499,60,-33.625000
tqa499,61,-25.500000
tqa499,62,-25.500000
tqa499,63,-7.374979
