model,id,novel,n_tok,s_rate,k_crit,binding_token,binding_frac,ratio_skip0,ratio_skip1,ratio_skip5,ratio_skip10,ratio_skip20
alea-institute/kl3m-003-3.7b,bookmia.00.11,1984,114,1.5201397082812291,9.564041137695312,0,0.0,6.291554049666298,2.6435322582099756,1.7730096537143267,1.7827158350717398,2.2132970451489116
alea-institute/kl3m-003-3.7b,bookmia.00.26,1984,133,1.8998452503235188,13.916081428527832,0,0.0,7.32484997194277,2.97944543992478,1.2643963308211466,3.280859181509532,1.8701756464363584
alea-institute/kl3m-003-3.7b,bookmia.00.31,1984,122,1.9312328825727179,3.8609421253204346,0,0.0,1.9992110532920444,1.239208662143641,1.0019304968912173,1.3790993568142678,1.6412900211810344
alea-institute/kl3m-003-3.7b,bookmia.00.40,1984,128,1.9407842068083028,17.693464279174805,0,0.0,9.116657182754189,2.76759734971112,5.538594654510172,1.480327033184762,0.8173200535260028
alea-institute/kl3m-003-3.7b,bookmia.00.46,1984,132,2.1374889106388735,20.8288516998291,0,0.0,9.74454257804948,1.5449285836752615,1.04912429789866,2.756469928378674,0.9610261558514257
alea-institute/kl3m-003-3.7b,bookmia.00.48,1984,131,2.2688966465792673,18.942779541015625,0,0.0,8.348894855821204,2.291180396802105,1.204863300374949,0.9433462042440182,0.9856588236225784
alea-institute/kl3m-003-3.7b,bookmia.00.64,1984,143,1.8835443075144582,17.294532775878906,0,0.0,9.18190918412794,1.9243418184686387,2.061311517893501,0.9163397823325026,0.9532934251976988
alea-institute/kl3m-003-3.7b,bookmia.00.71,1984,137,1.992448177412543,12.041851043701172,0,0.0,6.0437461712751315,1.3835906667521112,2.1669654667820963,1.0253157519002218,1.1640726708046458
alea-institute/kl3m-003-3.7b,bookmia.01.00,a_game_of_thrones,130,2.247462781588323,16.54267120361328,0,0.0,7.360598510967231,1.3760913888697672,1.5541895044503329,1.056271033940009,2.0932178224117153
alea-institute/kl3m-003-3.7b,bookmia.01.01,a_game_of_thrones,139,1.9883189247410222,2.4741148892208003,24,0.17266187050359713,1.2443249714293458,1.247947645965196,2.606235872356373,1.46381960243752,1.7333501986316706
alea-institute/kl3m-003-3.7b,bookmia.01.02,a_game_of_thrones,126,2.5701283079032446,14.956415176391602,0,0.0,5.819326268809243,0.9614453898495261,1.007843692713517,1.1195461693542499,1.1007691327134526
alea-institute/kl3m-003-3.7b,bookmia.01.03,a_game_of_thrones,126,2.3426865490073974,18.181068420410156,0,0.0,7.760777227373215,1.0297411666346648,1.3109880179947897,2.326280171770609,1.4913717896683993
alea-institute/kl3m-003-3.7b,bookmia.01.04,a_game_of_thrones,133,2.1915833384246755,2.784003076099907,31,0.23308270676691728,1.2703158612718177,1.297528985081983,1.473676045520133,1.930608091237953,5.0376492502251935
alea-institute/kl3m-003-3.7b,bookmia.01.07,a_game_of_thrones,141,2.3831777440194957,14.157034873962402,0,0.0,5.94040243514736,1.2917570919427943,3.0224313007429715,1.3214184441961236,2.4682346333135277
alea-institute/kl3m-003-3.7b,bookmia.01.10,a_game_of_thrones,142,2.2961860138011487,14.896421432495117,0,0.0,6.487462837488199,2.1588940379991617,2.9779861355250374,4.161890884233414,1.7824006437648592
alea-institute/kl3m-003-3.7b,bookmia.01.11,a_game_of_thrones,140,2.2597192145960956,15.075430870056152,0,0.0,6.67137349307832,0.9591987518483572,0.9748851479057058,4.445283097185059,1.04910897499204
alea-institute/kl3m-003-3.7b,bookmia.01.12,a_game_of_thrones,176,2.161703061648123,17.79156494140625,0,0.0,8.230346367665144,1.136637715350355,1.46897175904047,1.465622856870785,1.2940197513439988
alea-institute/kl3m-003-3.7b,bookmia.01.14,a_game_of_thrones,127,1.9435026981000694,12.644381523132324,0,0.0,6.505975801059204,1.5114952897098015,1.2910899238557079,3.1851662201512894,1.1707960582303827
alea-institute/kl3m-003-3.7b,bookmia.01.20,a_game_of_thrones,141,2.1169125067610097,17.653322219848633,0,0.0,8.339183675974954,1.3408195615229719,1.1960351797008113,1.1096796100670239,2.3324666905240017
alea-institute/kl3m-003-3.7b,bookmia.01.22,a_game_of_thrones,132,2.224022698301159,14.01205062866211,0,0.0,6.300318175423906,1.1922103892672384,1.1123995268371871,1.1068273296073259,2.1259372615097827
alea-institute/kl3m-003-3.7b,bookmia.01.23,a_game_of_thrones,143,1.9838785809297914,14.095141410827637,0,0.0,7.104840763098323,2.777545985273653,2.1525849956195082,2.0659833473812563,0.8884222829649113
alea-institute/kl3m-003-3.7b,bookmia.01.26,a_game_of_thrones,131,2.2090199355472357,18.183780670166016,0,0.0,8.231605508648968,2.1006809904212593,1.0188042830066517,3.242962479890831,1.1461401776339326
alea-institute/kl3m-003-3.7b,bookmia.01.27,a_game_of_thrones,128,2.6537440048568897,2.8371535845148816,101,0.7890625,1.0691135163460814,1.075323751001787,1.1901733311452227,1.5690656745121303,1.1373962059178762
alea-institute/kl3m-003-3.7b,bookmia.01.31,a_game_of_thrones,140,2.02280613015173,13.602903366088867,0,0.0,6.724768707848694,1.1676528005018907,1.1843892563743863,1.186288236269055,1.2714701647427944
alea-institute/kl3m-003-3.7b,bookmia.01.32,a_game_of_thrones,140,2.1581636234725012,2.2700351180105938,124,0.8857142857142857,1.051836428582783,1.0789704087681826,1.0603079499532124,1.6429980484482345,1.1053212998696285
alea-institute/kl3m-003-3.7b,bookmia.01.33,a_game_of_thrones,138,2.1628107986660168,2.208005391688086,124,0.8985507246376812,1.0208962305209242,1.0211405869785501,1.3256442827937518,1.507395593620006,2.6570705221039996
alea-institute/kl3m-003-3.7b,bookmia.01.36,a_game_of_thrones,143,2.414107947510389,12.8921537399292,0,0.0,5.340338551647852,4.022518735695745,1.0147406601228401,1.8141954710066401,1.016756662356827
alea-institute/kl3m-003-3.7b,bookmia.01.37,a_game_of_thrones,133,2.672589339523338,14.354169845581055,0,0.0,5.370884944164729,1.1690673232302569,1.0225087189685225,1.0330083662217933,1.7494219914347608
alea-institute/kl3m-003-3.7b,bookmia.01.39,a_game_of_thrones,128,2.4133869523211615,16.806900024414062,0,0.0,6.964030367467356,2.165156774281152,1.0300383088604692,2.196915300464845,1.6245777791781808
alea-institute/kl3m-003-3.7b,bookmia.01.41,a_game_of_thrones,136,2.0664558478291677,2.752820805142013,2,0.014705882352941176,1.3321459580343216,1.8402985152337628,1.1421519822612145,1.252333726971861,1.8622798341869242
alea-institute/kl3m-003-3.7b,bookmia.01.42,a_game_of_thrones,132,2.105612768083864,8.569798469543457,0,0.0,4.069978392723221,1.410360305501495,1.3267198808010563,1.6373039602114914,1.497667968867855
alea-institute/kl3m-003-3.7b,bookmia.01.43,a_game_of_thrones,155,2.3258629299285296,14.206295013427734,0,0.0,6.107967426035838,2.1209199518366875,2.2211175766493825,1.8502435628948954,0.9334218497779493
alea-institute/kl3m-003-3.7b,bookmia.01.44,a_game_of_thrones,130,2.3657375735369546,15.106460571289062,0,0.0,6.3855183010445975,1.2504466830815046,1.297058421315368,2.8710639557044253,3.027738462812109
alea-institute/kl3m-003-3.7b,bookmia.01.46,a_game_of_thrones,145,2.485555052043316,17.26639175415039,0,0.0,6.946694558205862,1.9014323424155828,1.215151077780254,1.2270249311501056,1.2790683321003289
alea-institute/kl3m-003-3.7b,bookmia.01.49,a_game_of_thrones,135,2.3201468789290325,18.63975715637207,0,0.0,8.033869461305866,1.1291839301365274,1.246351165141584,2.0536869575369696,1.9735025115206284
alea-institute/kl3m-003-3.7b,bookmia.01.51,a_game_of_thrones,134,1.9526102590861594,13.1130952835083,0,0.0,6.71567468340833,0.9994026016911337,1.0147997303864293,1.0948632553384927,1.8246318106170805
alea-institute/kl3m-003-3.7b,bookmia.01.52,a_game_of_thrones,146,2.1740460855464137,10.187389373779297,0,0.0,4.685912337142959,4.139203146312446,1.3469302858508971,2.3903247906386285,1.7770041330211968
alea-institute/kl3m-003-3.7b,bookmia.01.58,a_game_of_thrones,135,1.979684020945354,15.855888366699219,0,0.0,8.00930259523315,1.265935487151057,1.7470359229433308,1.4843980821584173,1.1515316015114603
alea-institute/kl3m-003-3.7b,bookmia.01.59,a_game_of_thrones,134,2.3963452367426537,16.4388370513916,0,0.0,6.859961911722233,1.6083284300011407,1.8444349060161445,1.8713040269986472,3.9691030111752372
alea-institute/kl3m-003-3.7b,bookmia.01.60,a_game_of_thrones,145,2.2107308163124957,13.984195709228516,0,0.0,6.325598578552493,1.8425132577944223,1.8342948820948688,1.0845020745547262,1.6716612553384655
alea-institute/kl3m-003-3.7b,bookmia.01.62,a_game_of_thrones,135,2.172728343439694,6.817844390869141,0,0.0,3.1379184661786397,1.1197658844257263,1.4442980204858265,1.2453270816684634,1.519017429830601
alea-institute/kl3m-003-3.7b,bookmia.01.69,a_game_of_thrones,139,2.268885440598895,10.178991317749023,0,0.0,4.486339916334504,1.3520304200247797,1.3687313581958351,1.4412270190373335,1.0343006792629252
alea-institute/kl3m-003-3.7b,bookmia.01.71,a_game_of_thrones,134,2.0624695390942,3.4413555935025215,2,0.014925373134328358,1.6685606881805894,1.858617234442267,1.1722723357087872,3.6468054943956454,2.025660520963407
alea-institute/kl3m-003-3.7b,bookmia.01.73,a_game_of_thrones,147,1.828155739591251,10.631145477294922,0,0.0,5.815229658536581,5.210506628727973,2.432984352102806,3.3821249335663297,1.1590457232366058
alea-institute/kl3m-003-3.7b,bookmia.01.74,a_game_of_thrones,134,2.5541763108036024,9.602477073669434,0,0.0,3.759520058600917,2.1428690529569145,1.1043224794439683,1.141490418249826,2.2060384421888104
alea-institute/kl3m-003-3.7b,bookmia.01.75,a_game_of_thrones,137,2.312318319741154,15.462849617004395,0,0.0,6.687163045412944,1.1258926302047985,1.5661549008714943,1.522350139433631,1.325554471606994
alea-institute/kl3m-003-3.7b,bookmia.01.76,a_game_of_thrones,137,2.088063474795968,10.154029846191406,0,0.0,4.862893283061519,3.1932140061639176,1.4842045715986254,1.550331662120775,1.8062210031742199
alea-institute/kl3m-003-3.7b,bookmia.01.77,a_game_of_thrones,148,1.9884023496045768,15.797863006591797,0,0.0,7.945003187978245,1.4358741959299555,1.92254920253311,1.579022876614964,0.9653736500142073
alea-institute/kl3m-003-3.7b,bookmia.01.78,a_game_of_thrones,143,1.9963943735536407,14.779928207397461,0,0.0,7.403310890467375,1.34110290870375,0.9824121735251214,1.6163557667891437,1.013885744747593
alea-institute/kl3m-003-3.7b,bookmia.01.79,a_game_of_thrones,147,2.1711366450236667,11.042448043823242,0,0.0,5.086021678613818,1.5119988406480056,2.143569577329887,0.9486834528029721,1.1808140337003474
alea-institute/kl3m-003-3.7b,bookmia.01.81,a_game_of_thrones,130,1.7002874789365496,3.452096939086914,0,0.0,2.0303019235582678,1.206939520669871,3.8531031367655757,2.872345391505504,0.9928461501121497
alea-institute/kl3m-003-3.7b,bookmia.01.82,a_game_of_thrones,139,2.1180457569270983,13.593744277954102,0,0.0,6.418059776799236,2.16278102057232,2.572862414567945,1.2082962239316521,1.055372942832797
alea-institute/kl3m-003-3.7b,bookmia.01.83,a_game_of_thrones,141,2.2413749217570937,12.867162704467773,0,0.0,5.740745369980648,1.6187621927387965,1.4809140356690038,1.2082700341803658,1.1278070398232212
alea-institute/kl3m-003-3.7b,bookmia.01.87,a_game_of_thrones,146,2.4284878779760457,19.39153480529785,0,0.0,7.985024335990993,0.9559919331806355,0.9569355672094798,1.021846018129139,1.2254054665349507
alea-institute/kl3m-003-3.7b,bookmia.01.88,a_game_of_thrones,127,2.1448384875401407,12.835633277893066,0,0.0,5.9844288287711205,1.62540053732647,1.6998612842954886,2.6909393507712287,1.1896831877783722
alea-institute/kl3m-003-3.7b,bookmia.01.89,a_game_of_thrones,131,2.462127763848176,10.113851547241211,0,0.0,4.107768774530934,2.0916416293884224,3.322734706052425,5.052940350466438,1.3577865619978948
alea-institute/kl3m-003-3.7b,bookmia.01.90,a_game_of_thrones,132,2.033030442574245,17.37057876586914,0,0.0,8.544180353676518,1.4764787342487131,1.4984919296072758,1.5008600909538725,0.9734405097597679
alea-institute/kl3m-003-3.7b,bookmia.01.97,a_game_of_thrones,129,1.8659686990701114,11.300308227539062,0,0.0,6.056000957127774,1.1814553199123958,1.8596917809068423,1.1270884579744014,1.8574609803626971
alea-institute/kl3m-003-3.7b,bookmia.07.02,casino_royale,109,1.7780254978906584,12.459674835205078,0,0.0,7.00759063915927,1.3518655157356454,1.2082748567634685,4.036823498821699,1.621240876936376
alea-institute/kl3m-003-3.7b,bookmia.07.03,casino_royale,137,2.081463153687744,15.57767105102539,0,0.0,7.484000388585458,1.4417782691154666,3.5844384041222437,1.5159567626295627,1.271059317671444
alea-institute/kl3m-003-3.7b,bookmia.07.04,casino_royale,135,2.3644774500457397,15.00484848022461,0,0.0,6.345946957512472,0.9878391775587898,0.9974438061352087,1.323534858076165,1.3378769620098674
alea-institute/kl3m-003-3.7b,bookmia.07.05,casino_royale,132,2.4095279914578316,8.994778633117676,0,0.0,3.733004416219952,1.968440872557929,1.1738347632288584,1.8688318457179502,1.261341278284484
alea-institute/kl3m-003-3.7b,bookmia.07.06,casino_royale,127,1.714413516096932,5.0525336265563965,0,0.0,2.9470915733673726,1.2219702700829689,1.1632959559006602,3.0220184435065804,1.5404943751804372
alea-institute/kl3m-003-3.7b,bookmia.07.07,casino_royale,128,1.9894239450338773,17.556211471557617,0,0.0,8.82477136931146,1.2411504260945145,3.781532492278508,0.9575988637596422,1.085132305087568
alea-institute/kl3m-003-3.7b,bookmia.07.08,casino_royale,139,1.80812511921537,3.222886562347412,0,0.0,1.7824466504541308,1.0784414661006885,1.1273023033653622,1.3477338987205985,1.480736779177692
alea-institute/kl3m-003-3.7b,bookmia.07.09,casino_royale,134,2.328067105728047,17.90000343322754,0,0.0,7.68878327827657,1.9662804791106696,1.0308991050237886,2.210599020253401,1.1530618057338429
alea-institute/kl3m-003-3.7b,bookmia.07.15,casino_royale,151,2.113857473767924,2.5691094308900313,13,0.08609271523178808,1.2153654930720692,1.2383614488793713,1.6714399540388334,1.963472815174556,1.2414651409442687
alea-institute/kl3m-003-3.7b,bookmia.07.16,casino_royale,126,2.196109410665471,13.679760932922363,0,0.0,6.2290889818540895,2.7151726637319276,1.3282264084375506,1.4446994519683718,2.0746469662365894
alea-institute/kl3m-003-3.7b,bookmia.07.17,casino_royale,138,2.036288991982988,17.09642219543457,0,0.0,8.395872227736033,2.352108826724797,0.9373798602407253,0.9250512657989836,1.210150567200871
alea-institute/kl3m-003-3.7b,bookmia.07.20,casino_royale,136,2.370609736424847,18.788293838500977,0,0.0,7.925511124760625,1.2918892857745514,0.9831569269995624,1.3848541422590444,1.0180594628835025
alea-institute/kl3m-003-3.7b,bookmia.07.24,casino_royale,115,1.7808162749340029,13.89760684967041,0,0.0,7.804065498101681,1.2426997863179794,1.1158810974651112,1.073065729847696,1.692780832363024
alea-institute/kl3m-003-3.7b,bookmia.07.25,casino_royale,130,2.142142105445964,2.5063552505453117,3,0.023076923076923078,1.170022868311775,1.208182960991398,1.0011251250075164,1.020676995307043,1.1783384716443857
alea-institute/kl3m-003-3.7b,bookmia.07.26,casino_royale,129,2.058433706457492,11.183296203613281,0,0.0,5.432915409677889,1.4955941044914989,1.7069522434069455,0.9422590434564768,1.6866908081566796
alea-institute/kl3m-003-3.7b,bookmia.07.28,casino_royale,137,2.0874477197429084,2.337641011127421,30,0.21897810218978103,1.1198560754447668,1.145664174018824,2.923130444506418,1.7127508453516322,5.348491647395827
alea-institute/kl3m-003-3.7b,bookmia.07.29,casino_royale,128,2.1172037382399367,11.614692687988281,0,0.0,5.485864434399568,0.986234667338495,1.2998332038258387,1.767204717335536,1.1186005211590002
alea-institute/kl3m-003-3.7b,bookmia.07.30,casino_royale,134,2.034658216657821,2.740556478500366,0,0.0,1.3469370216891126,1.1837505835954993,2.2825440219017006,1.310667054119429,1.3230577628807114
alea-institute/kl3m-003-3.7b,bookmia.07.31,casino_royale,134,2.0667842845862503,13.436884880065918,0,0.0,6.501348486281842,1.151167607940044,2.0047961877197653,1.9039784384441585,1.1581415875845267
alea-institute/kl3m-003-3.7b,bookmia.07.32,casino_royale,147,2.2204521346534762,15.70897102355957,0,0.0,7.074672215805775,1.1279847060740658,2.406655994749435,1.505026017877095,1.1862151709904138
alea-institute/kl3m-003-3.7b,bookmia.07.37,casino_royale,126,2.0369735058823912,2.037695996248306,123,0.9761904761904762,1.0003546881507435,1.0026495630457044,1.221440392934299,1.3616857678849397,1.0972789225692947
alea-institute/kl3m-003-3.7b,bookmia.07.40,casino_royale,131,1.7878955056373642,13.005463600158691,0,0.0,7.274174334658553,1.4643500844637218,2.5081089488088075,3.494315965160422,2.6741795948469687
alea-institute/kl3m-003-3.7b,bookmia.07.41,casino_royale,138,2.0034796524425103,12.818458557128906,0,0.0,6.398097700419112,1.274046397412409,1.1358731288391308,1.5041084240036047,2.137477528810204
alea-institute/kl3m-003-3.7b,bookmia.07.43,casino_royale,130,2.628166905096553,13.368484497070312,0,0.0,5.086619297711301,2.494715988571671,1.069728622052963,1.118457525871797,1.1944270532251073
alea-institute/kl3m-003-3.7b,bookmia.07.44,casino_royale,130,2.0960447297238436,12.28021240234375,0,0.0,5.858754934090401,1.639928963103794,5.449702901343544,1.0657478692765625,1.5985703072622217
alea-institute/kl3m-003-3.7b,bookmia.07.47,casino_royale,132,1.6931842614051702,12.749655723571777,0,0.0,7.529987145634618,4.455247402670192,3.155533019919844,1.1086015007600984,1.4743930040459179
alea-institute/kl3m-003-3.7b,bookmia.07.49,casino_royale,137,1.6811197971137848,14.28433609008789,0,0.0,8.49691742052638,2.3022909934110385,1.0436793246674727,3.864682639836942,2.0746164385419767
alea-institute/kl3m-003-3.7b,bookmia.07.53,casino_royale,147,1.9510538255295726,10.58842945098877,0,0.0,5.427030926794018,2.6732621113760806,5.458646973287625,3.633722978930732,2.9639891082283403
alea-institute/kl3m-003-3.7b,bookmia.07.54,casino_royale,125,2.128464251006255,13.585013389587402,0,0.0,6.382542428497419,1.452020977109011,5.497011045532637,1.8193882218461317,0.9656483433972107
alea-institute/kl3m-003-3.7b,bookmia.07.55,casino_royale,125,2.341752485265024,17.26335906982422,0,0.0,7.371982811356113,2.7631386397359154,1.6363927141139138,2.5230510035866134,6.14678536978156
alea-institute/kl3m-003-3.7b,bookmia.07.56,casino_royale,138,1.7502965763465856,16.16946029663086,0,0.0,9.238125992556965,1.6528080083756167,1.8639427434613567,2.3500841217953554,1.344487974371209
alea-institute/kl3m-003-3.7b,bookmia.07.57,casino_royale,129,1.9986584666428742,18.829418182373047,0,0.0,9.421028403117129,1.132408827948929,1.815456385335443,1.971318985838641,3.5815034388287668
alea-institute/kl3m-003-3.7b,bookmia.07.59,casino_royale,132,1.846576343275074,15.067535400390625,0,0.0,8.159714303318193,1.3043297746163696,1.1726486534542317,2.6165729746944617,2.3747858595947764
alea-institute/kl3m-003-3.7b,bookmia.07.61,casino_royale,129,2.088159648077508,11.439897537231445,0,0.0,5.478459248919851,1.2867150710899944,1.342223193212055,1.9045735540069824,1.2853410088204813
alea-institute/kl3m-003-3.7b,bookmia.07.62,casino_royale,143,2.221204784860789,2.485811471939087,0,0.0,1.1191275513549201,1.1117775432141048,1.2687614944751027,2.951362334459863,1.3756900559985494
alea-institute/kl3m-003-3.7b,bookmia.07.63,casino_royale,129,2.3379034800250795,16.937591552734375,0,0.0,7.244777937775549,1.1846567140189113,1.2921265765442074,3.3025716076823417,1.8005310843000506
alea-institute/kl3m-003-3.7b,bookmia.07.66,casino_royale,135,1.79804130527428,13.634526252746582,0,0.0,7.582988340007417,1.3856837093266103,0.9861523706896563,1.4567326637307585,1.0919496056740159
alea-institute/kl3m-003-3.7b,bookmia.07.70,casino_royale,130,1.9849542499067656,11.291924476623535,0,0.0,5.688758054324891,1.6249024871339777,1.9388764112431107,4.4591312338538875,1.065326793071515
alea-institute/kl3m-003-3.7b,bookmia.07.72,casino_royale,140,2.1319494152811655,2.7818779945373535,0,0.0,1.3048517824098909,1.24828842165408,1.4522740071830424,1.5150967470570018,1.8457313644681679
alea-institute/kl3m-003-3.7b,bookmia.07.73,casino_royale,134,2.0049438044824552,9.670185089111328,0,0.0,4.823170139478066,2.107401704772307,3.3813189961431993,1.5719792512543573,2.529528636009802
alea-institute/kl3m-003-3.7b,bookmia.07.77,casino_royale,122,1.8247851862545414,20.445341110229492,0,0.0,11.204245444470386,1.0072037266316634,1.0686694931344372,1.2622819159168681,2.719276382775254
alea-institute/kl3m-003-3.7b,bookmia.07.80,casino_royale,154,2.1475605260550163,13.01711654663086,0,0.0,6.0613502570485345,2.37455370092528,1.762488120540522,1.1153131895830268,2.3574836667731334
alea-institute/kl3m-003-3.7b,bookmia.07.82,casino_royale,142,1.6255535281244435,1.907616576005239,19,0.13380281690140844,1.173518154278339,1.1877678111986665,1.9886200376671856,1.6271390895034619,1.0283791050823086
alea-institute/kl3m-003-3.7b,bookmia.07.83,casino_royale,122,1.9981392227202943,11.250628471374512,0,0.0,5.630552838083901,1.027340341674707,1.1025006329275826,1.3777732935264548,1.2306188013673052
alea-institute/kl3m-003-3.7b,bookmia.07.84,casino_royale,139,1.794624669053349,11.526185035705566,0,0.0,6.422615956675521,1.4671941963784674,1.0186993695664728,1.1559430716578618,1.347468592212366
alea-institute/kl3m-003-3.7b,bookmia.07.86,casino_royale,133,2.0771454850299436,15.531792640686035,0,0.0,7.477469802969595,1.0858774037391725,1.7987779683080265,5.019744073854973,1.0544051005444126
alea-institute/kl3m-003-3.7b,bookmia.07.90,casino_royale,134,1.96231350979306,11.892971992492676,0,0.0,6.0606890454252005,2.0243395810315437,3.0111751837097125,1.3185708461211565,2.3875176669839413
alea-institute/kl3m-003-3.7b,bookmia.07.95,casino_royale,133,1.9169277522401775,11.706777572631836,0,0.0,6.10705205710072,1.6741183343719777,1.2512745741508662,1.2680048664476418,2.881857186788742
alea-institute/kl3m-003-3.7b,bookmia.07.98,casino_royale,131,1.7037283479711947,2.661700197146274,7,0.05343511450381679,1.562279691076242,1.6674336370071143,3.511809872522224,1.3299435366563024,1.0588112640339775
alea-institute/kl3m-003-3.7b,bookmia.07.99,casino_royale,130,1.7903891897057362,3.1966004371643066,0,0.0,1.7854221057320456,1.0358620828082628,1.0387471848336014,1.2237585698999114,1.1586418107069427
alea-institute/kl3m-003-3.7b,bookmia.10.01,dune,127,1.917785734098632,15.754533767700195,0,0.0,8.214960351191108,1.906613639382432,1.0230905875683995,1.0415806198354332,1.4656733913756836
alea-institute/kl3m-003-3.7b,bookmia.10.02,dune,134,2.2953581856945946,2.4120266397211463,70,0.5223880597014925,1.0508279948435355,1.0615728512712903,1.099997593277862,2.525596961002781,1.1434461642237468
alea-institute/kl3m-003-3.7b,bookmia.10.03,dune,125,1.974673916665197,17.97551727294922,0,0.0,9.103030693445342,0.9630949201301346,1.37378800304443,0.9838856014670189,0.9908524834581578
alea-institute/kl3m-003-3.7b,bookmia.10.07,dune,141,2.052581998131961,11.352659225463867,0,0.0,5.530916297519823,1.3483401167999227,1.4004723679078979,1.7706910544469374,2.217833189263198
alea-institute/kl3m-003-3.7b,bookmia.10.11,dune,135,2.591838171490451,15.984689712524414,0,0.0,6.167317808786005,1.5230721202672075,1.7670261071644864,1.4766524524796831,1.3173890766518601
alea-institute/kl3m-003-3.7b,bookmia.10.12,dune,136,2.1618525804842648,12.207240104675293,0,0.0,5.6466570453850355,1.581868421602936,1.146529141148598,1.200122783201063,1.7425722232472751
alea-institute/kl3m-003-3.7b,bookmia.10.13,dune,120,2.1928720443548326,14.291114807128906,0,0.0,6.517076472345431,1.6622308345960004,1.2344660031560988,0.9838802244258419,1.172578112926199
alea-institute/kl3m-003-3.7b,bookmia.10.14,dune,140,2.349364167046068,13.907986640930176,0,0.0,5.919893916836716,0.9885963324650987,3.5726741914104845,0.9900138965941989,2.6704272513918315
alea-institute/kl3m-003-3.7b,bookmia.10.16,dune,131,2.1975895779031336,12.299764633178711,0,0.0,5.596934367023498,1.0246576302299362,1.0694489819685014,3.7779221703522596,0.9799780639471484
alea-institute/kl3m-003-3.7b,bookmia.10.19,dune,131,2.2153284285532555,16.270652770996094,0,0.0,7.344578149805906,1.5903774199552194,2.046564410297955,1.4885363942247136,0.8972749991475155
alea-institute/kl3m-003-3.7b,bookmia.10.21,dune,128,2.2153118305091084,13.643726348876953,0,0.0,6.158828820835323,1.73197126109634,1.0047524210382615,1.432968510285352,1.3316139487884133
alea-institute/kl3m-003-3.7b,bookmia.10.25,dune,132,2.234439256363795,2.968752596527338,13,0.09848484848484848,1.3286342817654055,1.3583269812294865,1.7038641479578658,2.570278294563213,1.5789456491344531
alea-institute/kl3m-003-3.7b,bookmia.10.32,dune,136,2.145025173930609,6.146819829940796,1,0.007352941176470588,2.8656166392104283,3.5169306509899245,0.9922174898131989,1.0285951447798354,1.0628067207081082
alea-institute/kl3m-003-3.7b,bookmia.10.35,dune,120,2.1184001079561616,15.539104461669922,0,0.0,7.335301958921298,1.0085383540566373,1.040569993807768,1.0540875453000624,1.099571066085221
alea-institute/kl3m-003-3.7b,bookmia.10.36,dune,108,2.3800699482305423,13.79946231842041,0,0.0,5.797923010069343,1.0696894093167533,1.1070578673295433,1.7309616997330348,1.3123905924599255
alea-institute/kl3m-003-3.7b,bookmia.10.37,dune,140,2.449698242797084,11.00272274017334,0,0.0,4.491460437025235,1.1956133290984876,0.9683413796043023,0.9944720854485155,1.2471676688086275
alea-institute/kl3m-003-3.7b,bookmia.10.38,dune,135,2.0743998740083986,16.03249740600586,0,0.0,7.728740059661684,1.1610283773991017,1.3353910957843071,2.667768210480022,1.1111638594851971
alea-institute/kl3m-003-3.7b,bookmia.10.40,dune,130,2.4367572886662785,15.410481452941895,0,0.0,6.324175790760262,1.6779513340825172,4.342692465106613,1.0311565765341302,1.4899386879910366
alea-institute/kl3m-003-3.7b,bookmia.10.41,dune,127,2.1729881240854287,14.182405471801758,0,0.0,6.526683378801656,1.2134544384934154,1.7203780175228145,1.275921031091688,1.0169077918086347
alea-institute/kl3m-003-3.7b,bookmia.10.42,dune,131,1.978258799815298,14.423064231872559,0,0.0,7.290787349571846,1.0972071359904245,1.666765436542527,1.1088823727212076,1.3356463744129723
alea-institute/kl3m-003-3.7b,bookmia.10.44,dune,142,2.325688389150842,12.370616912841797,0,0.0,5.319120553961475,2.1734317268370185,1.0234354030276769,1.0343720653595299,2.347687084617872
alea-institute/kl3m-003-3.7b,bookmia.10.48,dune,139,2.394724623307254,14.92933464050293,0,0.0,6.234259461484407,3.1070056821414935,1.1466614481316688,1.333620230504189,1.2715185233127049
alea-institute/kl3m-003-3.7b,bookmia.10.49,dune,146,2.63674698235373,14.734272003173828,0,0.0,5.588049252272612,1.0140721258598913,1.0593871284287835,1.0332820680986412,2.0708286484264544
alea-institute/kl3m-003-3.7b,bookmia.10.52,dune,132,2.29997181401775,12.474593162536621,0,0.0,5.423802625104844,1.1047772171497525,1.316344030602407,3.319474140473227,1.1787593565831347
alea-institute/kl3m-003-3.7b,bookmia.10.54,dune,132,1.6225804127871841,1.7959352731704712,0,0.0,1.106838994860974,1.0582813545698653,1.1027205164213127,1.234656244357579,3.1097836994946784
alea-institute/kl3m-003-3.7b,bookmia.10.57,dune,131,2.09338027555811,13.593961715698242,0,0.0,6.493785135179988,5.153064676146915,1.221067425808796,1.7358554276112876,2.093659719884387
alea-institute/kl3m-003-3.7b,bookmia.10.58,dune,130,2.0539753394369584,12.92470932006836,0,0.0,6.2925338351975135,1.0065336814397359,1.2238924339620176,1.2961824007203167,0.985511415783618
alea-institute/kl3m-003-3.7b,bookmia.10.59,dune,129,1.923177050959947,5.919261932373047,0,0.0,3.077855951649625,1.3728472980339508,1.2736591998561928,2.0951463642659514,1.7371453588612515
alea-institute/kl3m-003-3.7b,bookmia.10.61,dune,142,2.126168317049184,4.2166666984558105,0,0.0,1.9832233716604044,1.1799619117890952,1.2657283183158494,3.030102635342569,1.4217681534262683
alea-institute/kl3m-003-3.7b,bookmia.10.62,dune,130,2.2714632902227234,10.35534381866455,0,0.0,4.558886715553823,3.066524141899626,1.9860955077710813,1.2915540891490187,1.1808952419666925
alea-institute/kl3m-003-3.7b,bookmia.10.63,dune,123,2.1088035108396883,16.393766403198242,0,0.0,7.773965814705294,4.2710314141755,0.8962850944086813,0.9146271748779419,1.211744634536461
alea-institute/kl3m-003-3.7b,bookmia.10.65,dune,129,1.9434127532168892,2.328292212076485,9,0.06976744186046512,1.198043085918065,1.3062057681549266,1.6336515699805005,1.0492310896518509,1.1032746637630122
alea-institute/kl3m-003-3.7b,bookmia.10.68,dune,148,2.4280850079820673,12.10508918762207,0,0.0,4.985447028348635,1.2224224768986,1.5308731439108443,1.4631175488599149,1.8640436307221775
alea-institute/kl3m-003-3.7b,bookmia.10.70,dune,135,2.049923977792194,16.485916137695312,0,0.0,8.042208548363314,1.6026092421292166,1.065272437838067,1.5086098456630448,2.0347661281256437
alea-institute/kl3m-003-3.7b,bookmia.10.71,dune,127,2.168159210163455,10.191601753234863,0,0.0,4.70057812427277,1.7099378453017973,2.1018905402450048,1.781942446503685,1.3539541443996397
alea-institute/kl3m-003-3.7b,bookmia.10.72,dune,131,2.1143343897156712,14.535820960998535,0,0.0,6.874892179639222,1.3125675609704452,1.3446449943594785,1.406989479477844,2.45017919037187
alea-institute/kl3m-003-3.7b,bookmia.10.74,dune,135,1.841279083607624,2.9611431434750557,3,0.022222222222222223,1.608198979631745,1.7475845786281423,1.890802065517513,1.356208761540717,1.1506009811235738
alea-institute/kl3m-003-3.7b,bookmia.10.76,dune,148,2.201399448816635,12.596578598022461,0,0.0,5.722077656008213,1.969266929874212,3.3341769018963574,1.2133455821460002,1.7765645628109226
alea-institute/kl3m-003-3.7b,bookmia.10.77,dune,159,2.2087458410602703,5.785923957824707,0,0.0,2.6195517158494224,1.261480556792446,2.576056745015031,1.99343717207356,2.5418736901018852
alea-institute/kl3m-003-3.7b,bookmia.10.78,dune,134,2.382140900848482,14.027524948120117,0,0.0,5.888621006055405,2.7575355081503012,1.3580041022597682,2.145854793390502,1.2854073598141909
alea-institute/kl3m-003-3.7b,bookmia.10.79,dune,127,2.1929701928938026,17.328187942504883,0,0.0,7.901697888396253,1.099563548942721,3.6873533682421864,1.136260955110984,1.2778777059619222
alea-institute/kl3m-003-3.7b,bookmia.10.80,dune,138,2.438764636448468,16.047279357910156,0,0.0,6.580085309617881,1.4073712200713056,1.4420423281304853,2.9653562839675,1.791090983068026
alea-institute/kl3m-003-3.7b,bookmia.10.82,dune,126,2.6467843863610474,20.906906127929688,0,0.0,7.8989834743107705,2.3874128619958777,3.35127262100652,1.4885611464557202,1.1689777290358807
alea-institute/kl3m-003-3.7b,bookmia.10.85,dune,145,2.815348073272215,11.570135116577148,0,0.0,4.109664174891683,2.615373363353773,1.5333122706457676,1.2945222867269122,2.1361553752072457
alea-institute/kl3m-003-3.7b,bookmia.10.90,dune,135,2.124285973893927,18.3638916015625,0,0.0,8.64473607943686,0.9429497307504712,0.955690716510132,2.042073832075262,0.9879929275767728
alea-institute/kl3m-003-3.7b,bookmia.10.91,dune,125,2.6521442227913066,13.779394149780273,0,0.0,5.195567432331358,1.9899538603116593,0.9717993440767901,0.9817244091864975,2.1843491866481326
alea-institute/kl3m-003-3.7b,bookmia.10.92,dune,157,2.2477247166665344,18.274555206298828,0,0.0,8.130246142152462,1.1620957772354248,1.351406180061951,1.1303957363861223,1.3115809191769319
alea-institute/kl3m-003-3.7b,bookmia.10.94,dune,141,2.7467271474236292,10.104951858520508,0,0.0,3.678906318743285,1.3553569368494676,1.557724366450786,1.4884484770495587,1.0868037935626482
alea-institute/kl3m-003-3.7b,bookmia.10.98,dune,147,2.3636133592171107,10.852438926696777,0,0.0,4.59146115602062,2.8334528237254406,0.9702870340339639,1.029760699544541,1.0281578441901558
alea-institute/kl3m-003-3.7b,bookmia.10.99,dune,133,2.0944071965387505,11.387845039367676,0,0.0,5.4372640898997115,1.4205859849694555,1.8577224072688057,1.7019192445943496,1.0175475390147446
alea-institute/kl3m-003-3.7b,bookmia.12.01,fahrenheit_451,131,1.931901253850505,21.006879806518555,0,0.0,10.873681956906125,1.2149873199840042,0.9384203476859426,0.9632077107214442,1.9741318893369428
alea-institute/kl3m-003-3.7b,bookmia.12.04,fahrenheit_451,133,1.8333711073096208,17.775972366333008,0,0.0,9.695785155258799,1.0180112999197062,1.072213313575854,2.752750379368297,1.234268248598166
alea-institute/kl3m-003-3.7b,bookmia.12.06,fahrenheit_451,134,1.5951223026986283,1.9544361480511725,5,0.03731343283582089,1.2252578656474535,1.2925888167445196,2.7714924071678526,1.360289398673151,1.0500999255595511
alea-institute/kl3m-003-3.7b,bookmia.12.08,fahrenheit_451,131,2.085515922861763,12.191051483154297,0,0.0,5.8455806304396996,3.1327308186934943,1.7739880210773251,1.001217873322174,3.096698621282874
alea-institute/kl3m-003-3.7b,bookmia.12.09,fahrenheit_451,146,2.5980992675248586,16.202465057373047,0,0.0,6.236276365532682,1.3337688293330627,1.6061909468508022,1.68789538777016,1.2178694083387414
alea-institute/kl3m-003-3.7b,bookmia.12.12,fahrenheit_451,129,2.638721141163729,2.6766865941431854,111,0.8604651162790697,1.014387823096272,1.0215312707175102,1.0450419750390285,3.5810557736113298,1.3658599260985844
alea-institute/kl3m-003-3.7b,bookmia.12.18,fahrenheit_451,133,2.5770979199538364,13.728472709655762,0,0.0,5.327105580024557,1.112682835202603,1.2526589391750262,3.6699464472658603,0.9561860477396559
alea-institute/kl3m-003-3.7b,bookmia.12.19,fahrenheit_451,132,1.7347800090102474,2.1776072541864493,18,0.13636363636363635,1.2552642080703076,1.2982788112081067,1.344833055375072,2.8513475473464105,1.230013714706397
alea-institute/kl3m-003-3.7b,bookmia.12.23,fahrenheit_451,145,2.290566802134031,11.69914722442627,0,0.0,5.1075337394773355,1.083197374316081,1.024124439691504,1.1430924888577445,2.9819637257970006
alea-institute/kl3m-003-3.7b,bookmia.12.26,fahrenheit_451,133,2.3216704337948366,10.22020149230957,0,0.0,4.402089695221884,1.609994356491731,1.0034597079777514,1.6643545772114545,1.9642063427651422
alea-institute/kl3m-003-3.7b,bookmia.12.27,fahrenheit_451,137,2.2127264872283408,13.228294372558594,0,0.0,5.978278132842502,1.4977644562572725,1.4622210509484983,4.112652833537876,0.9278903320516628
alea-institute/kl3m-003-3.7b,bookmia.12.29,fahrenheit_451,144,2.1099987617138445,11.33073616027832,0,0.0,5.37002028905218,0.9741333450243828,0.9958890125784556,1.0184543938065636,1.0834457335578198
alea-institute/kl3m-003-3.7b,bookmia.12.30,fahrenheit_451,136,1.5501418880658628,3.9749066829681396,0,0.0,2.564221193924187,1.0547000535357567,1.115182202437424,1.319979931003833,1.6527122856277625
alea-institute/kl3m-003-3.7b,bookmia.12.32,fahrenheit_451,131,2.1589031496626423,15.466252326965332,0,0.0,7.163939859637586,1.1120520932459692,3.3264919127660124,2.351233352654293,1.1082333962059647
alea-institute/kl3m-003-3.7b,bookmia.12.33,fahrenheit_451,151,2.3808461076056506,2.458694191640601,51,0.33774834437086093,1.0326976547481432,1.046033413210011,1.086709679456269,1.488276486696948,2.004690299503242
alea-institute/kl3m-003-3.7b,bookmia.12.35,fahrenheit_451,138,2.4114271921014576,12.216082572937012,0,0.0,5.0659139172645755,1.080045980842132,1.080239062286273,2.391567852427199,3.3792036524366402
alea-institute/kl3m-003-3.7b,bookmia.12.36,fahrenheit_451,122,2.2570553252957266,15.518299102783203,0,0.0,6.875462434998108,1.6188760101690867,2.569516754149036,1.3914449661982418,1.2166761717064125
alea-institute/kl3m-003-3.7b,bookmia.12.38,fahrenheit_451,148,2.2405434549220593,12.830127716064453,0,0.0,5.726346296867859,1.3722104060657048,1.8215628502662915,1.7983152284172743,2.8894372042855743
alea-institute/kl3m-003-3.7b,bookmia.12.39,fahrenheit_451,126,1.975942465500483,9.75324535369873,0,0.0,4.9359966314749695,2.4828219112217775,1.1169082352027806,3.6627773199847815,1.2936854831942395
alea-institute/kl3m-003-3.7b,bookmia.12.41,fahrenheit_451,132,2.5854495412614513,11.814733505249023,0,0.0,4.569701832001164,1.8118708544410604,2.0556695642614415,2.403600347894461,1.3409810613307138
alea-institute/kl3m-003-3.7b,bookmia.12.45,fahrenheit_451,135,2.0723606877110865,3.885714292526245,0,0.0,1.875018338056779,1.4911221298267885,1.0237005002468176,1.1170413399519679,1.5579493532232713
alea-institute/kl3m-003-3.7b,bookmia.12.47,fahrenheit_451,132,2.5864923276248826,14.820311546325684,0,0.0,5.729888075846272,1.3846832800240447,2.180341193320302,1.0758548938518278,1.6232164296516607
alea-institute/kl3m-003-3.7b,bookmia.12.49,fahrenheit_451,141,1.9781124724578014,11.196756362915039,0,0.0,5.660323423876443,1.7474566297149605,2.582332820431072,2.6248024213961796,1.1370099490786678
alea-institute/kl3m-003-3.7b,bookmia.12.50,fahrenheit_451,127,1.8204310402064676,18.157167434692383,0,0.0,9.974103403902108,2.8152696687445857,1.472877036802389,1.026488293368788,0.9727952358527729
alea-institute/kl3m-003-3.7b,bookmia.12.52,fahrenheit_451,125,1.8768570714867674,3.8753774936000505,5,0.04,2.0648229172454453,2.3103727482420147,5.815735438667855,4.14747604390299,5.791476628604178
alea-institute/kl3m-003-3.7b,bookmia.12.53,fahrenheit_451,124,2.0129500365601123,2.424309019835412,10,0.08064516129032258,1.204356280982643,1.3025208639653665,1.7479574211250162,2.8289797345433754,1.0798015474901148
alea-institute/kl3m-003-3.7b,bookmia.12.54,fahrenheit_451,127,2.4037409428021035,9.679821968078613,0,0.0,4.026982190848982,1.5577097132773208,1.376839924332564,3.4632233549912526,1.0494109381708885
alea-institute/kl3m-003-3.7b,bookmia.12.56,fahrenheit_451,129,2.401832953532219,17.144575119018555,0,0.0,7.1381213642710435,1.8603804917271585,1.2562014798126668,1.5284604691618109,2.087820659998488
alea-institute/kl3m-003-3.7b,bookmia.12.57,fahrenheit_451,135,2.2342191255983415,15.33056926727295,0,0.0,6.86171248452065,3.969804179258772,1.0068149741777697,2.09076492309187,1.1294198386067085
alea-institute/kl3m-003-3.7b,bookmia.12.59,fahrenheit_451,133,2.349355415609154,13.526643753051758,0,0.0,5.757597876924252,2.254780538236214,1.65884938734073,1.6461395533440952,1.5150015775482066
alea-institute/kl3m-003-3.7b,bookmia.12.60,fahrenheit_451,130,2.1425283746202837,17.784130096435547,0,0.0,8.300534222603888,1.235884416804532,1.8624053916182668,2.5130429839056143,0.9157484600646973
alea-institute/kl3m-003-3.7b,bookmia.12.61,fahrenheit_451,131,2.121328235067105,18.559696197509766,0,0.0,8.74909214458396,1.3872627553117864,1.0463151762036424,1.1038449551063096,1.2831440316796074
alea-institute/kl3m-003-3.7b,bookmia.12.62,fahrenheit_451,137,2.1559010412464135,7.365834712982178,0,0.0,3.416592214605403,1.3872563475337434,1.2886895844786774,1.460046185554742,3.10977522129597
alea-institute/kl3m-003-3.7b,bookmia.12.66,fahrenheit_451,135,1.5602565562529318,2.495314121246338,0,0.0,1.599297315076832,1.4348978727457071,2.056976993958936,2.124267540143262,1.0801809983287243
alea-institute/kl3m-003-3.7b,bookmia.12.68,fahrenheit_451,139,2.150845444813143,10.514326095581055,0,0.0,4.888461939902194,2.531298690817344,1.9259890114687068,0.9873698635929313,1.3710899687076934
alea-institute/kl3m-003-3.7b,bookmia.12.72,fahrenheit_451,120,1.6704302321402187,12.8633451461792,0,0.0,7.70061801964527,1.0003024703470549,1.0127963031491165,1.0258485074409667,1.5628974293514268
alea-institute/kl3m-003-3.7b,bookmia.12.73,fahrenheit_451,133,2.1867072682116966,11.206786155700684,0,0.0,5.124959485256418,1.2799921625111899,1.3797637102683296,1.5514224095506521,2.661884706240356
alea-institute/kl3m-003-3.7b,bookmia.12.74,fahrenheit_451,160,1.9453845800824638,3.0451236164197324,9,0.05625,1.5653067509616279,1.6834934170250468,5.567161333764919,0.9820813808318879,1.4374354551638449
alea-institute/kl3m-003-3.7b,bookmia.12.75,fahrenheit_451,115,1.8436954405915458,18.232038497924805,0,0.0,9.888855879621362,1.4206671005291391,1.0521524509557474,1.7300008859449214,1.7487151807090011
alea-institute/kl3m-003-3.7b,bookmia.12.76,fahrenheit_451,138,2.389150066745376,15.360916137695312,0,0.0,6.429448008103043,3.2475403904418165,1.6288748087446852,1.3863355705197398,2.981651699781295
alea-institute/kl3m-003-3.7b,bookmia.12.77,fahrenheit_451,144,2.3295861197576766,12.390288352966309,0,0.0,5.318665082986993,4.639950808961678,1.3064009945522077,1.0429525987617387,1.850667291092301
alea-institute/kl3m-003-3.7b,bookmia.12.80,fahrenheit_451,158,2.5302113887405944,7.7831573486328125,0,0.0,3.076089762012674,1.3963750352028839,1.471210148172383,1.8397641099440587,2.4136115932497613
alea-institute/kl3m-003-3.7b,bookmia.12.86,fahrenheit_451,128,1.9905169142605246,7.000591993331909,1,0.0078125,3.5169718695571213,4.095648789775092,2.9018195124359205,1.5245184165633838,1.0994686374717073
alea-institute/kl3m-003-3.7b,bookmia.12.88,fahrenheit_451,121,2.2856154693319453,11.407365798950195,0,0.0,4.990938306120414,1.0192425905131022,1.0411338750245325,2.2114312639934193,1.09764394253262
alea-institute/kl3m-003-3.7b,bookmia.12.89,fahrenheit_451,129,2.0967674238292333,6.011721134185791,0,0.0,2.8671377978616492,1.5727613991355223,1.7375395152815012,2.1564588543549443,1.096188120660698
alea-institute/kl3m-003-3.7b,bookmia.12.92,fahrenheit_451,144,2.7740483057835568,14.285061836242676,0,0.0,5.149536079260063,1.1887897835689718,1.7795233953655005,1.7511269822483368,2.739369909612596
alea-institute/kl3m-003-3.7b,bookmia.12.93,fahrenheit_451,131,2.0043267759589654,10.130766868591309,0,0.0,5.054448700733575,0.9759381835142034,1.1794618482705854,1.0231746030842626,1.2720528400064615
alea-institute/kl3m-003-3.7b,bookmia.12.94,fahrenheit_451,125,2.010533346531447,14.361116409301758,0,0.0,7.142938680463777,1.7338800525186722,1.3400470041470576,1.4282452481165444,0.9177913030627827
alea-institute/kl3m-003-3.7b,bookmia.12.96,fahrenheit_451,147,2.145179914128032,9.6279616355896,1,0.006802721088435374,4.488183751945651,4.90304063185838,1.0104523108242824,1.244767443603524,1.0952966152591337
alea-institute/kl3m-003-3.7b,bookmia.12.98,fahrenheit_451,127,2.102811262374524,15.182705879211426,0,0.0,7.220194294597273,1.0507199723282916,1.1085755838782911,2.561576447232271,1.2609060486586177
alea-institute/kl3m-003-3.7b,bookmia.18.03,hitchhiker's_guide_to_the_galaxy,139,2.027288109095928,13.045194625854492,0,0.0,6.434800543309069,3.068420068185774,5.123664486631493,0.9506161931183769,1.572948782061926
alea-institute/kl3m-003-3.7b,bookmia.18.08,hitchhiker's_guide_to_the_galaxy,137,1.8978189294325039,12.833117485046387,0,0.0,6.7620347157585865,1.3456309285667263,1.7525290710336134,3.047933417548598,2.1376867940369166
alea-institute/kl3m-003-3.7b,bookmia.18.10,hitchhiker's_guide_to_the_galaxy,158,2.5672558592130463,20.370845794677734,0,0.0,7.934871673025263,1.248696174522308,1.3709372898762588,0.9860563619532379,1.728004511077601
alea-institute/kl3m-003-3.7b,bookmia.18.12,hitchhiker's_guide_to_the_galaxy,135,2.0818926437770844,12.178681373596191,0,0.0,5.849812385859127,1.0004596023035817,1.0098057040532813,1.2580493528683563,1.216947326062137
alea-institute/kl3m-003-3.7b,bookmia.18.15,hitchhiker's_guide_to_the_galaxy,127,1.899614198082475,12.178476333618164,0,0.0,6.411026168319581,1.6807756681297061,1.0866056975289882,1.9685648583904236,1.8154303399758673
alea-institute/kl3m-003-3.7b,bookmia.18.16,hitchhiker's_guide_to_the_galaxy,129,1.7530460534680476,15.782613754272461,0,0.0,9.00296585081136,1.0387687443661089,1.091972554045144,2.5188034031339894,2.943172429020782
alea-institute/kl3m-003-3.7b,bookmia.18.18,hitchhiker's_guide_to_the_galaxy,131,2.231392444090079,6.434669494628906,0,0.0,2.8837013908832367,1.5705769866424861,2.8413543297274333,1.1326445942959436,1.2970147421313118
alea-institute/kl3m-003-3.7b,bookmia.18.23,hitchhiker's_guide_to_the_galaxy,138,2.518086023726568,10.197616577148438,0,0.0,4.049749087625201,1.0299350495870303,1.0770550091507014,1.0694658533854167,1.5003067311677951
alea-institute/kl3m-003-3.7b,bookmia.18.24,hitchhiker's_guide_to_the_galaxy,161,1.9856209043837847,10.969544410705566,0,0.0,5.524490796046409,1.1630232957614597,1.8492417401405268,1.2869647479000803,1.4360040102718827
alea-institute/kl3m-003-3.7b,bookmia.18.25,hitchhiker's_guide_to_the_galaxy,135,1.9790071641957319,2.425754917009423,5,0.037037037037037035,1.2257433731904903,1.3284592080434345,3.0435988785536168,1.0706323102647743,1.0426405132412686
alea-institute/kl3m-003-3.7b,bookmia.18.26,hitchhiker's_guide_to_the_galaxy,150,2.232938640289164,3.0100319385528564,0,0.0,1.348013726952685,1.2386297455127884,3.933244606209908,1.6940522886279665,1.525472204377716
alea-institute/kl3m-003-3.7b,bookmia.18.27,hitchhiker's_guide_to_the_galaxy,151,2.2716907474785946,10.49376106262207,0,0.0,4.6193616249347995,1.8653565889019155,2.737142496654148,2.4955279964677834,1.1188270201489734
alea-institute/kl3m-003-3.7b,bookmia.18.29,hitchhiker's_guide_to_the_galaxy,137,1.9804444187376002,13.097301483154297,0,0.0,6.613314344617126,1.0231527976696617,1.0456449221139255,1.1451607303458882,1.0312349562005187
alea-institute/kl3m-003-3.7b,bookmia.18.31,hitchhiker's_guide_to_the_galaxy,147,2.2391600477842606,4.256613835964042,5,0.034013605442176874,1.900986863433962,2.198160339644157,2.1503546122378028,3.551482294838106,3.5833904081090724
alea-institute/kl3m-003-3.7b,bookmia.18.34,hitchhiker's_guide_to_the_galaxy,128,1.9197494846553127,16.063894271850586,0,0.0,8.367703390598814,2.071893754726298,2.866627160793987,4.981236901440957,1.1553539187303692
alea-institute/kl3m-003-3.7b,bookmia.18.35,hitchhiker's_guide_to_the_galaxy,142,1.9640564257098676,7.926931619644165,1,0.007042253521126761,4.0359999416916645,4.925539718062391,1.05846609361568,1.7857039646928714,1.6927969601734332
alea-institute/kl3m-003-3.7b,bookmia.18.38,hitchhiker's_guide_to_the_galaxy,134,1.8255204877628486,11.644574165344238,0,0.0,6.378769366546257,1.5552595160407754,1.3543916020099451,1.3117823527540389,1.659546111915845
alea-institute/kl3m-003-3.7b,bookmia.18.39,hitchhiker's_guide_to_the_galaxy,144,2.177743684963692,4.595541954040527,0,0.0,2.110230871415497,1.0027274997894784,1.0378600943864467,1.106650084925471,2.0998906979959022
alea-institute/kl3m-003-3.7b,bookmia.18.40,hitchhiker's_guide_to_the_galaxy,138,1.6405780168504966,10.789454460144043,0,0.0,6.576617722122793,0.998029674973194,1.0020729511703248,1.019314450814274,1.2049115524996223
alea-institute/kl3m-003-3.7b,bookmia.18.41,hitchhiker's_guide_to_the_galaxy,150,1.9303585697101273,15.520012855529785,0,0.0,8.039963714026639,3.6225817755467222,1.231387001870652,1.0100296379242155,3.5820033074416453
alea-institute/kl3m-003-3.7b,bookmia.18.43,hitchhiker's_guide_to_the_galaxy,138,1.932036448077955,13.863668441772461,0,0.0,7.1756764503922446,1.1224482528821575,1.4850705599094622,3.698495924467087,1.3728265330387217
alea-institute/kl3m-003-3.7b,bookmia.18.44,hitchhiker's_guide_to_the_galaxy,146,2.4478116572049347,5.248930931091309,0,0.0,2.144336111661821,1.425934323008106,1.6579114104670711,2.3908685924125277,2.4071736407427937
alea-institute/kl3m-003-3.7b,bookmia.18.45,hitchhiker's_guide_to_the_galaxy,136,2.40787375543561,13.04704761505127,0,0.0,5.418493218591072,1.8722032140984375,1.197674388197261,1.2755412716585628,1.7934183533730408
alea-institute/kl3m-003-3.7b,bookmia.18.50,hitchhiker's_guide_to_the_galaxy,144,2.253715878356565,7.316264629364014,1,0.006944444444444444,3.246311879694044,3.5101767706988647,1.0106354315179065,1.2548352068215063,1.142205679199557
alea-institute/kl3m-003-3.7b,bookmia.18.52,hitchhiker's_guide_to_the_galaxy,123,2.2309867641860164,14.135824203491211,0,0.0,6.336130913196483,1.703156376651577,1.044436320390864,2.6853819888416135,1.100789655372125
alea-institute/kl3m-003-3.7b,bookmia.18.53,hitchhiker's_guide_to_the_galaxy,119,1.874683927286792,14.620526313781738,0,0.0,7.79892871591525,1.1788161657965102,1.1870046003624966,2.029747180439986,1.2185410405483703
alea-institute/kl3m-003-3.7b,bookmia.18.57,hitchhiker's_guide_to_the_galaxy,122,2.097509003022483,3.354203579860041,15,0.12295081967213115,1.5991366783297125,1.6897052230443055,1.9685933658410981,5.8555847282597755,1.3217386726539233
alea-institute/kl3m-003-3.7b,bookmia.18.58,hitchhiker's_guide_to_the_galaxy,135,1.9479264474939555,14.881332397460938,0,0.0,7.639576133177952,1.1905497260021485,1.3154769368118717,1.3151396736232766,1.428078481635043
alea-institute/kl3m-003-3.7b,bookmia.18.61,hitchhiker's_guide_to_the_galaxy,144,2.4110659874616736,9.508073806762695,0,0.0,3.943514551740918,1.0529655748821103,1.275085530721871,1.4834525876867348,1.131662602380778
alea-institute/kl3m-003-3.7b,bookmia.18.62,hitchhiker's_guide_to_the_galaxy,149,1.933772500664552,11.287753105163574,0,0.0,5.837167040737456,1.3867292087246346,1.3756332924688934,1.1134861848456514,1.190727296093522
alea-institute/kl3m-003-3.7b,bookmia.18.63,hitchhiker's_guide_to_the_galaxy,133,2.835180391436723,4.513338565826416,0,0.0,1.591905255643818,1.5565295919116864,1.058811202144115,1.0951424928924782,1.2017724596474875
alea-institute/kl3m-003-3.7b,bookmia.18.67,hitchhiker's_guide_to_the_galaxy,145,2.4409205984900773,6.443673610687256,0,0.0,2.6398538382089245,1.4118630612062484,1.6642481814463825,1.888729083066934,2.724788441976422
alea-institute/kl3m-003-3.7b,bookmia.18.68,hitchhiker's_guide_to_the_galaxy,137,2.4695894092331594,16.813547134399414,0,0.0,6.808235843390762,1.2298730116216428,0.9894934910919663,3.4519621013753716,2.0621634713886436
alea-institute/kl3m-003-3.7b,bookmia.18.71,hitchhiker's_guide_to_the_galaxy,137,1.43374265498825,4.038623809814453,0,0.0,2.8168401042985995,1.0789410866235905,1.1199838662296056,1.5241789141346804,1.2829087342852996
alea-institute/kl3m-003-3.7b,bookmia.18.73,hitchhiker's_guide_to_the_galaxy,142,2.3888849934577796,13.625917434692383,0,0.0,5.703881715531905,2.7762857730572876,2.870230010059667,1.2844312474976143,1.6241174231512057
alea-institute/kl3m-003-3.7b,bookmia.18.74,hitchhiker's_guide_to_the_galaxy,123,1.918780804573884,11.16694164276123,0,0.0,5.8198110050622205,1.88176498663612,0.9447759571438472,0.9513346048881355,0.9852777211375693
alea-institute/kl3m-003-3.7b,bookmia.18.78,hitchhiker's_guide_to_the_galaxy,136,1.8888055573813343,13.598259925842285,0,0.0,7.199396397739902,2.424089471859874,0.9807778038796541,1.0121797912981643,1.065866559929312
alea-institute/kl3m-003-3.7b,bookmia.18.80,hitchhiker's_guide_to_the_galaxy,135,1.7890782480373875,2.1753113096513386,6,0.044444444444444446,1.2158838284673392,1.2637435414244442,1.8278470368431463,1.8609794859297772,1.9648058989452817
alea-institute/kl3m-003-3.7b,bookmia.18.81,hitchhiker's_guide_to_the_galaxy,133,2.0929814872815085,7.443658351898193,0,0.0,3.5564855194044114,1.2384784513933118,4.474002825972766,1.138591775050477,3.6608661649359613
alea-institute/kl3m-003-3.7b,bookmia.18.82,hitchhiker's_guide_to_the_galaxy,131,1.971964053296882,2.5888766676187513,4,0.030534351145038167,1.312841713970631,1.5092279702181193,1.118307859472324,1.1180899423995247,1.9058447758138684
alea-institute/kl3m-003-3.7b,bookmia.18.83,hitchhiker's_guide_to_the_galaxy,148,2.266586776699704,15.751487731933594,0,0.0,6.94943070076001,1.4985430005157585,3.297254638111886,1.1304492392293626,1.988702351202134
alea-institute/kl3m-003-3.7b,bookmia.18.84,hitchhiker's_guide_to_the_galaxy,153,2.460689308282537,4.8510308265686035,0,0.0,1.9714113481292888,1.474108322239923,1.6083262339807,2.827641338632047,3.526632563958031
alea-institute/kl3m-003-3.7b,bookmia.18.85,hitchhiker's_guide_to_the_galaxy,127,2.4495796432405137,3.531277233468635,6,0.047244094488188976,1.4415849850863225,1.4605653748282519,2.974290456919184,1.606206594981277,1.419089272511373
alea-institute/kl3m-003-3.7b,bookmia.18.89,hitchhiker's_guide_to_the_galaxy,125,1.7931857326880563,5.643360137939453,0,0.0,3.147114119338789,0.9933481163088752,0.9973752197756512,1.0858368431323422,1.3216421171693291
alea-institute/kl3m-003-3.7b,bookmia.18.90,hitchhiker's_guide_to_the_galaxy,131,2.151414197658096,16.852935791015625,0,0.0,7.83342222495359,1.512974294575462,1.7737017570748481,1.6344590820934812,5.226547589583129
alea-institute/kl3m-003-3.7b,bookmia.18.93,hitchhiker's_guide_to_the_galaxy,147,2.39076217586257,14.17989730834961,0,0.0,5.931119979858977,1.4595204588973125,1.4729910305899088,1.2397059827264976,1.1723890571546
alea-institute/kl3m-003-3.7b,bookmia.18.94,hitchhiker's_guide_to_the_galaxy,138,1.7789556018593113,14.438634872436523,0,0.0,8.116354819280309,1.7653397486651647,1.2813093399817965,1.1203314191461409,1.2653031306732716
alea-institute/kl3m-003-3.7b,bookmia.18.96,hitchhiker's_guide_to_the_galaxy,125,2.1815361003074796,7.051378965377808,1,0.008,3.232299921318717,4.474176338621004,1.3548198981145412,1.154588819480279,1.747415768384992
alea-institute/kl3m-003-3.7b,bookmia.18.98,hitchhiker's_guide_to_the_galaxy,135,2.008370323113545,12.25798225402832,0,0.0,6.103447214368794,2.159879403789714,1.9101650319482777,1.2966040057655024,1.3758428513805374
alea-institute/kl3m-003-3.7b,bookmia.18.99,hitchhiker's_guide_to_the_galaxy,132,2.060683946866916,11.188179016113281,0,0.0,5.4293522464344415,3.9206385541146815,1.8081325980328178,1.1553993854494171,2.120659247757102
alea-institute/kl3m-003-3.7b,bookmia.37.01,the_hunger_games,129,1.927736294485607,3.5236393213272095,1,0.007751937984496124,1.8278637650838285,2.4100274512380615,1.9011168624276025,4.18146783402678,1.0518664077276147
alea-institute/kl3m-003-3.7b,bookmia.37.02,the_hunger_games,131,2.183943741328131,20.399093627929688,0,0.0,9.340484941028883,1.258645480611774,1.7528607347837255,1.1447863471812234,1.923422221975345
alea-institute/kl3m-003-3.7b,bookmia.37.03,the_hunger_games,120,2.0414267029285837,14.538917541503906,0,0.0,7.121939534075218,0.9773929924271251,1.0386724264035327,1.247183769812057,1.104459726339181
alea-institute/kl3m-003-3.7b,bookmia.37.04,the_hunger_games,135,2.5352974408866698,12.979181289672852,0,0.0,5.119391942088516,1.0792490431897255,1.097293474781716,1.1884782439551778,2.198221840987423
alea-institute/kl3m-003-3.7b,bookmia.37.06,the_hunger_games,116,2.1024437365995254,13.65965747833252,0,0.0,6.4970382990726465,1.1774310160414,3.6876474614610792,1.0513415114148459,1.5035425280976629
alea-institute/kl3m-003-3.7b,bookmia.37.08,the_hunger_games,127,1.702759670841647,10.252481460571289,0,0.0,6.021097184844441,1.3042207533216372,1.315468333204887,4.161469153396864,1.2754121697864922
alea-institute/kl3m-003-3.7b,bookmia.37.12,the_hunger_games,119,2.2878038922223034,15.005454063415527,0,0.0,6.558889996834337,1.7568584885476857,1.4157662154561037,2.1757997908860784,1.605547028435483
alea-institute/kl3m-003-3.7b,bookmia.37.19,the_hunger_games,133,2.017629114117279,14.333257675170898,0,0.0,7.104010134906165,1.277697545237261,1.086579193846086,2.0038716587959073,1.183231992243916
alea-institute/kl3m-003-3.7b,bookmia.37.20,the_hunger_games,120,1.901692413041989,14.037440299987793,0,0.0,7.381551403222562,1.162458067653437,1.860133476733829,1.2327377269687372,1.9046425699732252
alea-institute/kl3m-003-3.7b,bookmia.37.21,the_hunger_games,127,2.0636338399646172,13.568843841552734,0,0.0,6.575218713115008,1.288999255805422,1.4627423926135528,5.655944615763236,2.1684435756599
alea-institute/kl3m-003-3.7b,bookmia.37.22,the_hunger_games,131,2.04412774142755,14.314072608947754,0,0.0,7.002533314748367,0.9578071194100974,0.9791669651747842,4.433367894104364,3.244674782865209
alea-institute/kl3m-003-3.7b,bookmia.37.23,the_hunger_games,124,2.225628711057887,14.59727954864502,0,0.0,6.558721801223813,2.724685132192988,0.9341898139427869,0.9434154595946236,0.9697345905505983
alea-institute/kl3m-003-3.7b,bookmia.37.26,the_hunger_games,121,2.22433374971363,13.222441673278809,0,0.0,5.94445041126635,1.307838527158764,0.982274197075018,1.4076164684151955,1.0600951830031142
alea-institute/kl3m-003-3.7b,bookmia.37.28,the_hunger_games,121,1.951126753583008,2.1182420900122665,85,0.7024793388429752,1.0856506816496527,1.0955487252239937,1.9955867571582806,1.1200322455976945,1.339076304337033
alea-institute/kl3m-003-3.7b,bookmia.37.30,the_hunger_games,131,2.3331596707615945,13.012794494628906,0,0.0,5.577327028964651,1.5090404242778546,3.368987963812997,1.792524643984499,2.2618658401604046
alea-institute/kl3m-003-3.7b,bookmia.37.32,the_hunger_games,137,2.339867424211137,5.853566199867055,4,0.029197080291970802,2.501665752212661,2.8778955671182653,1.3380904528210746,1.7883555598642644,1.1788538498868506
alea-institute/kl3m-003-3.7b,bookmia.37.34,the_hunger_games,129,2.3090480339277177,14.286648750305176,0,0.0,6.187246233246789,1.1508104889566908,1.5363329939233794,1.8682569282754753,1.7201686163111112
alea-institute/kl3m-003-3.7b,bookmia.37.35,the_hunger_games,128,2.0122226165483426,10.657660484313965,0,0.0,5.296461930537058,1.0341935140948,1.2338891750843828,4.7053857636789,2.494314911895306
alea-institute/kl3m-003-3.7b,bookmia.37.36,the_hunger_games,125,1.832534419728443,15.28004264831543,0,0.0,8.338202264479008,2.8066167815422154,2.65813286975834,2.2129737728249568,2.551468547680337
alea-institute/kl3m-003-3.7b,bookmia.37.37,the_hunger_games,131,1.9755890374551777,9.364116668701172,0,0.0,4.739911232127206,1.5159768450067863,2.5675548593826374,0.9525623716930923,1.1965855282819193
alea-institute/kl3m-003-3.7b,bookmia.37.39,the_hunger_games,132,2.2598650678436654,14.708047866821289,0,0.0,6.508374360977013,2.4915280670768354,1.065628437969046,1.4045542116222305,1.2841587325237853
alea-institute/kl3m-003-3.7b,bookmia.37.40,the_hunger_games,127,2.1508657421401565,9.771883010864258,0,0.0,4.543232438646323,1.0429398169476911,1.0781793074959132,2.108349932053029,2.1383528646879832
alea-institute/kl3m-003-3.7b,bookmia.37.41,the_hunger_games,126,2.127848669577996,2.2542379835341126,24,0.19047619047619047,1.059397698606632,1.0773462023894356,1.3876207444310404,1.2387285894679747,1.4539010476570107
alea-institute/kl3m-003-3.7b,bookmia.37.42,the_hunger_games,124,1.8444161029535369,13.509199142456055,0,0.0,7.32437714072396,1.0084873350974797,1.1166646131511375,1.0324403741726644,1.071441273855815
alea-institute/kl3m-003-3.7b,bookmia.37.44,the_hunger_games,125,2.661398149190471,15.550052642822266,0,0.0,5.84281335265533,2.466299029623609,1.8816128465366393,1.6023152554278755,1.005888898440918
alea-institute/kl3m-003-3.7b,bookmia.37.45,the_hunger_games,130,2.040580339171664,2.8978898260056187,18,0.13846153846153847,1.4201302298060776,1.45100541060261,1.6927142190769506,1.993449257630209,1.6283973072466846
alea-institute/kl3m-003-3.7b,bookmia.37.47,the_hunger_games,147,1.6617921603632766,2.4473299811943434,11,0.07482993197278912,1.4727052152294087,1.5375828014550066,1.9818292453111082,5.391264907919852,2.009474637619294
alea-institute/kl3m-003-3.7b,bookmia.37.50,the_hunger_games,123,2.3153360933903038,10.821791648864746,0,0.0,4.673961451971579,1.0052974036801825,1.0152696200931228,2.2393291781587914,1.0482541424537382
alea-institute/kl3m-003-3.7b,bookmia.37.51,the_hunger_games,132,2.182772833506478,16.469038009643555,0,0.0,7.545007779479805,1.5408972127647238,1.8925008403018557,3.680457968366523,1.087121756998217
alea-institute/kl3m-003-3.7b,bookmia.37.52,the_hunger_games,143,2.1434461328638976,13.218850135803223,0,0.0,6.167101628134351,1.2472171756032098,1.616635605625324,4.292386635494299,2.0592962412107476
alea-institute/kl3m-003-3.7b,bookmia.37.55,the_hunger_games,122,2.17918716260608,15.18460750579834,0,0.0,6.968014389199658,3.2229515354785483,1.0799997708956424,1.5967500488031319,1.81893640991717
alea-institute/kl3m-003-3.7b,bookmia.37.57,the_hunger_games,134,2.1883499100517634,6.3344879150390625,0,0.0,2.894641248158173,1.0974518584468513,2.116283243825335,1.017921489104445,2.757205981025478
alea-institute/kl3m-003-3.7b,bookmia.37.58,the_hunger_games,131,2.14753411822412,19.628347396850586,0,0.0,9.139946709243452,1.0969518342440596,1.3511522718241493,1.2284016030090563,1.2817502590078202
alea-institute/kl3m-003-3.7b,bookmia.37.59,the_hunger_games,138,2.4216661009468488,13.525290489196777,0,0.0,5.585117817814981,2.1016667241119813,2.7333238380626326,2.92420051925318,0.9440099348141392
alea-institute/kl3m-003-3.7b,bookmia.37.68,the_hunger_games,134,1.9748170186119127,15.023571014404297,0,0.0,7.607576232538383,2.581517094192527,1.9160599089068535,3.5810174045913556,1.2210972996846914
alea-institute/kl3m-003-3.7b,bookmia.37.72,the_hunger_games,126,2.2539976331782308,12.688394546508789,0,0.0,5.6292847693090176,1.4452052462067329,0.9956653959631343,1.1365061447339615,1.1745332971246163
alea-institute/kl3m-003-3.7b,bookmia.37.74,the_hunger_games,130,1.847081501338219,6.762552738189697,0,0.0,3.661209715591974,1.7053129842673698,1.9215791712689594,6.583029170282257,2.159343849271708
alea-institute/kl3m-003-3.7b,bookmia.37.80,the_hunger_games,134,1.877057044930824,8.434065818786621,0,0.0,4.4932389463408375,2.463051491742189,1.1798256173518484,1.3489586437373575,1.47201038146561
alea-institute/kl3m-003-3.7b,bookmia.37.82,the_hunger_games,135,1.892746832150927,14.417625427246094,0,0.0,7.617302632524726,1.1613830268213468,1.2411478041030466,2.37015458423784,1.6157229215599644
alea-institute/kl3m-003-3.7b,bookmia.37.84,the_hunger_games,130,1.8518758134142934,3.1676719188690186,0,0.0,1.710520703345004,1.6287775775882931,1.7489174345250182,2.1584286862532185,1.5311903573469623
alea-institute/kl3m-003-3.7b,bookmia.37.85,the_hunger_games,125,2.211320331495837,6.642337799072266,0,0.0,3.0037881461430276,1.2193286486720971,1.1068191547258357,1.3492687711555147,2.2964284079288073
alea-institute/kl3m-003-3.7b,bookmia.37.86,the_hunger_games,123,1.7096071433585698,14.556148529052734,0,0.0,8.514323647745636,1.3872220948075524,1.6397252938969997,1.1235962348936281,0.908300777948816
alea-institute/kl3m-003-3.7b,bookmia.37.89,the_hunger_games,148,2.094740841289545,8.636271476745605,0,0.0,4.122835296145285,1.7489484531733184,1.8733057902297454,2.54882349850906,0.9896775984523596
alea-institute/kl3m-003-3.7b,bookmia.37.91,the_hunger_games,135,2.4967058803851683,14.207520484924316,0,0.0,5.690506277308288,2.08967803950702,3.2113076360169592,1.2613629026255,0.9190359323300388
alea-institute/kl3m-003-3.7b,bookmia.37.92,the_hunger_games,145,2.0774046718199126,2.1205633238207686,123,0.8482758620689655,1.020775274353767,1.0281001617968095,1.1698856471858332,1.5594419255695284,1.1219956664931274
alea-institute/kl3m-003-3.7b,bookmia.37.93,the_hunger_games,138,2.1030290758033092,2.8019153679617577,8,0.057971014492753624,1.3323236469716853,1.4502674965670472,2.6713697416400364,1.345875579671503,3.336412716781073
alea-institute/kl3m-003-3.7b,bookmia.37.94,the_hunger_games,131,1.90135846994524,6.329483985900879,0,0.0,3.3289272306884725,1.1278473291017197,1.074432889725426,1.8068463376491197,1.8112401059077994
alea-institute/kl3m-003-3.7b,bookmia.37.96,the_hunger_games,143,1.9726074662578936,14.248291969299316,0,0.0,7.223075149527256,1.003833024921341,1.2378298650612667,1.4249609395227794,1.032703830533486
alea-institute/kl3m-003-3.7b,bookmia.37.97,the_hunger_games,125,2.068274678562768,10.786587715148926,0,0.0,5.21525879852886,2.95921736216612,1.2957803170001407,1.8031776857119597,1.7092926552548053
alea-institute/kl3m-003-3.7b,bookmia.37.99,the_hunger_games,134,1.9576341030856859,14.122299194335938,0,0.0,7.21396259498949,2.068925051907784,3.8816667221062673,1.0032622578570929,1.0044895234046582
alea-institute/kl3m-003-3.7b,bookmia.42.00,the_silmarillion,138,1.8531311720000594,16.49286460876465,0,0.0,8.899998477152657,1.0708019270696376,1.0696042319719066,2.887255619674056,2.8126468225287953
alea-institute/kl3m-003-3.7b,bookmia.42.01,the_silmarillion,141,2.181168066089187,16.179765701293945,0,0.0,7.4179362667380815,1.113639048572897,1.1848359118541296,3.9933619831737657,2.806856863221578
alea-institute/kl3m-003-3.7b,bookmia.42.05,the_silmarillion,145,2.5079163437677097,14.730944633483887,0,0.0,5.873778314053808,1.769334331993223,2.9258013726249734,2.364143300026896,1.3594903898596635
alea-institute/kl3m-003-3.7b,bookmia.42.07,the_silmarillion,137,2.6336993347032567,15.07161808013916,0,0.0,5.722603898458024,1.0327992091609237,1.2039006115953328,1.1075369858832773,1.2654297171625648
alea-institute/kl3m-003-3.7b,bookmia.42.08,the_silmarillion,132,2.4448898811026467,18.13888168334961,0,0.0,7.419099659068883,1.570520978280255,1.7512656288773818,3.9034817028060194,1.1813789888979271
alea-institute/kl3m-003-3.7b,bookmia.42.09,the_silmarillion,135,2.259004451333614,13.552996635437012,0,0.0,5.9995440148141075,1.751374997982601,1.1274500571713708,2.2882464585208044,1.3412718417290375
alea-institute/kl3m-003-3.7b,bookmia.42.12,the_silmarillion,132,2.222049045377582,18.12693214416504,0,0.0,8.1577551953111,1.7808601500769699,3.70640475195707,0.926928088408802,1.5695535122894186
alea-institute/kl3m-003-3.7b,bookmia.42.15,the_silmarillion,141,2.7519910461894743,17.524551391601562,0,0.0,6.3679536370101255,3.0053556715802894,1.2191616302151858,1.823378860213999,2.7587479287791026
alea-institute/kl3m-003-3.7b,bookmia.42.16,the_silmarillion,133,2.1028314105727834,10.7420015335083,0,0.0,5.108351282703316,1.4162375311453905,1.025247568291348,1.7876260648022348,1.8709950722866437
alea-institute/kl3m-003-3.7b,bookmia.42.18,the_silmarillion,146,2.305730646538942,13.242822647094727,0,0.0,5.7434387086683785,1.5791957362729407,0.9965076618966215,1.178773644041224,1.5862591172249114
alea-institute/kl3m-003-3.7b,bookmia.42.19,the_silmarillion,158,2.350186375005884,2.7052905559539795,0,0.0,1.151096178892283,1.0402620029375749,1.0693928919277458,1.0811428509322298,1.1546507398759136
alea-institute/kl3m-003-3.7b,bookmia.42.21,the_silmarillion,139,2.3495042083191136,13.93963623046875,0,0.0,5.933011816327611,1.532927336741117,1.8286983794520961,3.664372227630493,1.0367533872198824
alea-institute/kl3m-003-3.7b,bookmia.42.23,the_silmarillion,127,2.1256749992933504,10.648587226867676,0,0.0,5.009508617454523,1.8503723234158629,1.1337270039056009,1.4921474451863317,1.3476352287190123
alea-institute/kl3m-003-3.7b,bookmia.42.25,the_silmarillion,129,1.8641200328774592,2.2741501358654608,53,0.4108527131782946,1.2199590668821247,1.2269336487343876,1.381049332765416,1.2840319953790587,1.9727303004947199
alea-institute/kl3m-003-3.7b,bookmia.42.26,the_silmarillion,141,1.9489250385030321,3.4214900732040405,4,0.028368794326241134,1.7555780779706562,2.0723866791653633,1.6383938607776216,1.1142296523927362,1.3885203079574056
alea-institute/kl3m-003-3.7b,bookmia.42.27,the_silmarillion,142,2.3174719740120158,10.094423294067383,0,0.0,4.355790882161945,2.816323560929166,3.8385791658314554,0.9584393297040376,1.0437115382191222
alea-institute/kl3m-003-3.7b,bookmia.42.28,the_silmarillion,127,2.5233216438622135,10.52722454071045,0,0.0,4.171970928207712,1.7717836726730405,1.7547144115661548,1.0484020253101969,1.1631189583356896
alea-institute/kl3m-003-3.7b,bookmia.42.29,the_silmarillion,143,2.329300584532874,14.876280784606934,0,0.0,6.386586979537583,3.5692369042044816,1.2182526373350184,1.5663552969021877,1.9158463879635286
alea-institute/kl3m-003-3.7b,bookmia.42.30,the_silmarillion,132,1.915035122461356,8.477766036987305,0,0.0,4.426950679677876,2.01487801904301,1.9140552331923373,1.1882297194602502,2.258570608868185
alea-institute/kl3m-003-3.7b,bookmia.42.31,the_silmarillion,141,2.1318099699703454,13.872644424438477,0,0.0,6.507448890780566,2.100161682001195,1.7830087740397211,2.938403872604261,1.4447765381228435
alea-institute/kl3m-003-3.7b,bookmia.42.37,the_silmarillion,133,1.9774474975905956,12.025286674499512,0,0.0,6.08121666398305,1.6495774827005139,1.4091016781063057,2.871379455577276,2.2876517379301786
alea-institute/kl3m-003-3.7b,bookmia.42.39,the_silmarillion,131,2.290178668161796,14.50932502746582,0,0.0,6.335455494881401,1.236976650047699,1.338123797958765,1.6698935477213614,1.4788430001991406
alea-institute/kl3m-003-3.7b,bookmia.42.45,the_silmarillion,136,2.1978804783083272,10.178282737731934,0,0.0,4.630953702071184,1.092254921737184,1.386107519374626,1.2983783261866735,1.1290353505331823
alea-institute/kl3m-003-3.7b,bookmia.42.46,the_silmarillion,129,2.4998242862183284,9.785822868347168,0,0.0,3.9146042873080953,1.2535777472196274,1.445898870302098,3.129788078735244,1.214220481917123
alea-institute/kl3m-003-3.7b,bookmia.42.47,the_silmarillion,139,2.880246437535782,15.034425735473633,0,0.0,5.219840059358413,3.5293314161611438,3.883421252500847,1.3411258451905779,1.6587323636403817
alea-institute/kl3m-003-3.7b,bookmia.42.48,the_silmarillion,144,1.9236293075102568,3.098626823257655,19,0.13194444444444445,1.6108232553745976,1.6609252732925743,1.7164765779022164,1.8867769294944305,0.9439055005034424
alea-institute/kl3m-003-3.7b,bookmia.42.50,the_silmarillion,147,1.8889665189092237,15.340173721313477,0,0.0,8.120934684523471,1.9218684237035637,1.2192066757578768,2.1956488636438656,2.2069512094365424
alea-institute/kl3m-003-3.7b,bookmia.42.54,the_silmarillion,138,2.3783275709813125,10.663418769836426,0,0.0,4.483578670971986,0.9745724184600584,0.9882995021477462,0.9992279403009403,1.064432389943524
alea-institute/kl3m-003-3.7b,bookmia.42.55,the_silmarillion,138,2.199134039462703,14.627634048461914,0,0.0,6.651542737265697,1.173750120048576,1.152409875701847,1.2345623269768426,1.3199457447359046
alea-institute/kl3m-003-3.7b,bookmia.42.58,the_silmarillion,153,2.0543395493638372,12.220118522644043,0,0.0,5.948441447485261,1.156229488825787,1.1040117200140664,1.1213301430938443,3.391845250049606
alea-institute/kl3m-003-3.7b,bookmia.42.61,the_silmarillion,139,3.161150943074148,14.152292251586914,0,0.0,4.4769428940410325,1.4542789290542368,1.273102822420093,0.9902962933620068,2.2478062087037234
alea-institute/kl3m-003-3.7b,bookmia.42.62,the_silmarillion,131,2.1389225158868856,14.1420316696167,0,0.0,6.611755014301128,1.4375069444223567,2.1189397268887724,1.5521012767426385,3.3050174302928546
alea-institute/kl3m-003-3.7b,bookmia.42.63,the_silmarillion,150,1.9473674604944728,14.597784996032715,0,0.0,7.496163560382213,1.1205726298263063,1.2887639329020961,1.93488297431245,1.4705503087981084
alea-institute/kl3m-003-3.7b,bookmia.42.64,the_silmarillion,133,2.543226407742814,17.431983947753906,0,0.0,6.854279231562907,1.4275995034508069,1.2140951958592965,1.1270443391376672,1.4482650182027579
alea-institute/kl3m-003-3.7b,bookmia.42.65,the_silmarillion,122,2.3023343224767365,18.351863861083984,0,0.0,7.970981313149154,1.309418643854246,2.017929526862241,2.8784189854659967,1.3636277633381417
alea-institute/kl3m-003-3.7b,bookmia.42.68,the_silmarillion,129,2.0165192858560115,14.947480201721191,0,0.0,7.412515370700257,2.7441953649123563,2.6721997297881206,1.3652469299604337,1.5618460895518993
alea-institute/kl3m-003-3.7b,bookmia.42.69,the_silmarillion,128,2.5547255673545806,19.704647064208984,0,0.0,7.713019087452573,1.1412813535543307,1.347520940070801,3.258874518097906,1.1544051971559528
alea-institute/kl3m-003-3.7b,bookmia.42.70,the_silmarillion,132,2.2012248398898393,10.623723983764648,0,0.0,4.82627843882423,1.0943161190257549,1.122850752661236,1.1959732174608149,2.6108214307162445
alea-institute/kl3m-003-3.7b,bookmia.42.72,the_silmarillion,145,1.7101614618328689,13.182475090026855,0,0.0,7.708321924117335,1.544564123384322,1.114412117327728,1.370736374056999,1.2781115912908019
alea-institute/kl3m-003-3.7b,bookmia.42.74,the_silmarillion,129,1.6175749485088555,11.319814682006836,0,0.0,6.998015574141951,1.3725377569085468,1.6063165241289588,2.620446478528335,5.006884799167793
alea-institute/kl3m-003-3.7b,bookmia.42.78,the_silmarillion,133,1.8348085371702139,19.439638137817383,0,0.0,10.594913716609758,1.1090378438995065,1.1141298181699308,1.731000236449454,1.3069096389061472
alea-institute/kl3m-003-3.7b,bookmia.42.79,the_silmarillion,133,2.4882639460720792,6.879399299621582,0,0.0,2.7647385682219348,1.3684287499181127,1.198648950770009,1.5813154391117996,1.0446479080484024
alea-institute/kl3m-003-3.7b,bookmia.42.80,the_silmarillion,143,2.4962139814518967,15.397209167480469,0,0.0,6.1682248725026545,2.343256591945372,0.9972779569046627,1.1728829799102842,1.9594497202574648
alea-institute/kl3m-003-3.7b,bookmia.42.86,the_silmarillion,124,2.2860921643601144,10.652490615844727,0,0.0,4.659694294882637,1.3919476009847804,2.3741230091003205,1.7961684926727142,2.1084649190014817
alea-institute/kl3m-003-3.7b,bookmia.42.87,the_silmarillion,130,1.8142285213336715,16.883947372436523,0,0.0,9.306406097080226,0.9388564856841256,0.9543953611479494,1.2515600683018007,0.9951928709598405
alea-institute/kl3m-003-3.7b,bookmia.42.89,the_silmarillion,133,2.2106363533517253,4.0438408851623535,0,0.0,1.8292655320858893,1.820193620299036,1.9951890698888364,1.9930878732064128,1.5906738970165415
alea-institute/kl3m-003-3.7b,bookmia.42.90,the_silmarillion,132,2.1252647102309945,12.448823928833008,0,0.0,5.857540413156321,0.9889966027795799,1.0250447323475007,1.0416606875651677,1.097817813714618
alea-institute/kl3m-003-3.7b,bookmia.42.91,the_silmarillion,141,2.0240307780691085,11.0436429977417,0,0.0,5.456262383656611,2.609178277553547,1.0733247923167764,1.382910082828268,1.5253780487750699
alea-institute/kl3m-003-3.7b,bookmia.42.98,the_silmarillion,149,1.9732445487219312,9.727713584899902,0,0.0,4.9298063897860676,1.2254622236890338,1.217209562019789,3.6399474996301904,1.7322177089486144
alea-institute/kl3m-003-3.7b,bookmia.42.99,the_silmarillion,147,1.931677611811959,12.783842086791992,0,0.0,6.617999819752763,1.5122089223830908,1.0461777149339304,1.9501628520987362,1.0701981729029475
alea-institute/kl3m-003-3.7b,bookmia.44.00,their_eyes_were_watching_god,125,2.8540012186150996,12.105562210083008,0,0.0,4.241610736227091,1.273042751082157,1.672796810249303,3.5439778882862982,1.5311780953104814
alea-institute/kl3m-003-3.7b,bookmia.44.01,their_eyes_were_watching_god,128,3.2023280247194634,10.71481990814209,0,0.0,3.3459470189912075,1.1223852193400767,1.210322021009126,1.3556243335859461,1.0290606091215884
alea-institute/kl3m-003-3.7b,bookmia.44.02,their_eyes_were_watching_god,129,2.373699550835015,11.366426467895508,0,0.0,4.788485747447291,1.6288299981406857,3.5730583966376437,1.6950339608314526,1.1800169531866775
alea-institute/kl3m-003-3.7b,bookmia.44.03,their_eyes_were_watching_god,141,2.4128537033222193,15.440668106079102,0,0.0,6.399338710349117,2.0485055456655066,7.896894212575519,3.2625779302680313,2.112857392969126
alea-institute/kl3m-003-3.7b,bookmia.44.04,their_eyes_were_watching_god,142,2.2680376846965116,16.611347198486328,0,0.0,7.324105463754281,1.2452039115896498,2.5828506740365547,3.009606322114689,1.12514187265894
alea-institute/kl3m-003-3.7b,bookmia.44.05,their_eyes_were_watching_god,125,2.118936372857541,14.535141944885254,0,0.0,6.859640587170416,1.3583047925490443,1.4788298905496449,1.7091230061611022,2.026163752602
alea-institute/kl3m-003-3.7b,bookmia.44.08,their_eyes_were_watching_god,137,2.234367099267271,11.268436431884766,0,0.0,5.043234138016125,0.9702703372204695,1.4966395324396686,0.9861401429816354,1.0238211461006443
alea-institute/kl3m-003-3.7b,bookmia.44.10,their_eyes_were_watching_god,134,2.163289328343791,12.283604621887207,0,0.0,5.678207006776807,1.4881349444409817,1.416820697906042,2.4444376379679946,2.205966083496108
alea-institute/kl3m-003-3.7b,bookmia.44.16,their_eyes_were_watching_god,139,2.9439838030894805,13.667414665222168,0,0.0,4.642489761961084,1.5328323872903364,1.6811884057863513,1.3681128439501609,2.646691433305061
alea-institute/kl3m-003-3.7b,bookmia.44.19,their_eyes_were_watching_god,147,2.6952142738768843,10.649327278137207,0,0.0,3.9511987530471435,2.0158565671123796,1.205450634858375,1.6346038074910518,2.6647437804626692
alea-institute/kl3m-003-3.7b,bookmia.44.22,their_eyes_were_watching_god,135,1.7963913153036697,13.627190589904785,0,0.0,7.58586977893577,1.0412581538443624,1.028014068032772,1.8433490616065227,5.468000202339576
alea-institute/kl3m-003-3.7b,bookmia.44.23,their_eyes_were_watching_god,135,2.078885550451189,13.637417793273926,0,0.0,6.559965646167554,2.5223278619376033,4.933933900592136,0.9162430054512399,0.923432534402758
alea-institute/kl3m-003-3.7b,bookmia.44.25,their_eyes_were_watching_god,133,2.1616358177165704,14.756567001342773,0,0.0,6.8265740604403815,1.4899281401031024,3.3643606336869865,1.734975097390141,1.3631465718885063
alea-institute/kl3m-003-3.7b,bookmia.44.27,their_eyes_were_watching_god,130,2.356853532552934,4.415358543395996,0,0.0,1.873412362037321,1.2436977006910257,1.7535664983155583,1.0083866849867669,1.2227587823478256
alea-institute/kl3m-003-3.7b,bookmia.44.30,their_eyes_were_watching_god,127,2.7107241196905294,3.9113348784546056,2,0.015748031496062992,1.4429114530847735,1.8000653678572605,1.054478486157109,1.3965800426683133,1.0145229532226787
alea-institute/kl3m-003-3.7b,bookmia.44.32,their_eyes_were_watching_god,158,2.4907006839838446,15.57362174987793,0,0.0,6.252707059512312,1.279220868249178,2.0523257483006354,1.02680061100863,1.0145726997226978
alea-institute/kl3m-003-3.7b,bookmia.44.33,their_eyes_were_watching_god,150,2.120589363037143,9.960766792297363,0,0.0,4.697169082292948,1.06624102604922,0.9726749435414495,1.0035013004487772,3.371985966243581
alea-institute/kl3m-003-3.7b,bookmia.44.34,their_eyes_were_watching_god,123,2.058216707451587,18.965988159179688,0,0.0,9.214767371441038,0.9459026428222683,1.0513800169377294,0.9772581806531102,1.0766689374336187
alea-institute/kl3m-003-3.7b,bookmia.44.36,their_eyes_were_watching_god,134,2.0492659089478678,13.519472122192383,0,0.0,6.59722687190631,2.63261630224866,1.6237508040565263,2.9478500821901368,1.3097963583779557
alea-institute/kl3m-003-3.7b,bookmia.44.40,their_eyes_were_watching_god,131,2.977879806080449,6.8949737548828125,0,0.0,2.315396927976797,1.5905720307587996,1.4436035018225704,1.0249859994704347,1.8998718151291656
alea-institute/kl3m-003-3.7b,bookmia.44.45,their_eyes_were_watching_god,137,2.772453839044311,2.772453839044311,136,0.9927007299270073,1.0,1.0057506879306377,2.006200237171768,1.1028105976553186,1.454066759522735
alea-institute/kl3m-003-3.7b,bookmia.44.46,their_eyes_were_watching_god,139,2.405604639013546,11.08100414276123,0,0.0,4.606328057009884,1.259956686109299,2.0297604089716375,1.2799733828651687,2.8131508021750466
alea-institute/kl3m-003-3.7b,bookmia.44.47,their_eyes_were_watching_god,134,2.83111290925933,11.751296997070312,1,0.007462686567164179,4.150769458412261,4.757235984873179,1.4687010786949652,2.8039207420690264,3.3301864908684067
alea-institute/kl3m-003-3.7b,bookmia.44.49,their_eyes_were_watching_god,142,2.2663965114032845,18.80646514892578,0,0.0,8.297958920383875,1.7937519267860669,1.870274149672114,1.1353195883660527,1.071580643333058
alea-institute/kl3m-003-3.7b,bookmia.44.50,their_eyes_were_watching_god,129,3.270127830777837,10.118332862854004,0,0.0,3.0941704381162505,1.6489042726569798,1.1012963255749528,2.6975011756067953,1.2037470142137903
alea-institute/kl3m-003-3.7b,bookmia.44.51,their_eyes_were_watching_god,141,2.812189853637882,8.14304256439209,0,0.0,2.895623335621581,1.0093372083525847,1.019052839619269,1.0598977730202113,1.5880287835243236
alea-institute/kl3m-003-3.7b,bookmia.44.52,their_eyes_were_watching_god,125,2.4436160552371295,11.686932563781738,0,0.0,4.782638638641467,2.0021467688065298,1.090317693852144,1.6616576921790458,2.215838309789283
alea-institute/kl3m-003-3.7b,bookmia.44.53,their_eyes_were_watching_god,137,2.075205353672559,12.496204376220703,0,0.0,6.0216712308041025,1.3404788459457364,2.5428456923479787,1.009955604371665,2.9519494113620106
alea-institute/kl3m-003-3.7b,bookmia.44.54,their_eyes_were_watching_god,142,3.0276089425667676,6.101991176605225,0,0.0,2.015448921032726,1.1591795624554015,2.324982825548673,1.131942750833734,2.8989471637287045
alea-institute/kl3m-003-3.7b,bookmia.44.58,their_eyes_were_watching_god,121,1.97854957461919,13.00761604309082,0,0.0,6.574318991018655,4.092072263368401,0.9591832945344713,0.9673137658696955,1.3480183697012662
alea-institute/kl3m-003-3.7b,bookmia.44.61,their_eyes_were_watching_god,134,2.5758415500072194,9.327174186706543,0,0.0,3.6210201620050744,1.1131515346654552,1.0807634492618687,2.294459223449054,1.5662003705271057
alea-institute/kl3m-003-3.7b,bookmia.44.62,their_eyes_were_watching_god,127,2.435242764703108,12.198659896850586,0,0.0,5.009217180997469,1.4342834355251246,1.6055548868401237,2.5713387684850297,4.704015821386158
alea-institute/kl3m-003-3.7b,bookmia.44.67,their_eyes_were_watching_god,137,1.9108990744545709,11.707459449768066,0,0.0,6.12667597482077,1.1455346735735952,1.382080071594778,1.2817337586274569,2.5352727066119383
alea-institute/kl3m-003-3.7b,bookmia.44.68,their_eyes_were_watching_god,125,2.856095298258588,15.678465843200684,0,0.0,5.489475737297744,1.7858033897967098,3.8957331057888522,1.354770825459617,1.1399568816014578
alea-institute/kl3m-003-3.7b,bookmia.44.72,their_eyes_were_watching_god,143,2.3447830702924195,10.727545738220215,1,0.006993006993006993,4.575069597752758,4.908237767786643,2.4596928277857963,1.2416190644439757,3.085202106299723
alea-institute/kl3m-003-3.7b,bookmia.44.73,their_eyes_were_watching_god,138,2.3162756703829435,12.79149341583252,0,0.0,5.522440001158298,1.2666818351549682,1.9251081965368133,1.1737849694777256,1.5625202166690166
alea-institute/kl3m-003-3.7b,bookmia.44.74,their_eyes_were_watching_god,134,2.685118845465885,14.1478910446167,0,0.0,5.2689999433384305,1.271912976336277,1.301031968111475,1.9936373534449496,1.9979620395287854
alea-institute/kl3m-003-3.7b,bookmia.44.75,their_eyes_were_watching_god,131,2.455065534287488,16.0682373046875,0,0.0,6.54493213328859,1.8617590051638435,4.517074164310291,1.6056501551185711,1.8227093261582408
alea-institute/kl3m-003-3.7b,bookmia.44.76,their_eyes_were_watching_god,139,2.664084004751229,8.313202857971191,0,0.0,3.12047324451673,1.9436463555055883,2.008852228214858,1.5296608105745246,1.660700001663014
alea-institute/kl3m-003-3.7b,bookmia.44.81,their_eyes_were_watching_god,138,3.038576287304328,12.340803146362305,0,0.0,4.061376769747139,1.077762327814667,1.7011521994199061,1.2393208691632043,1.553627762470375
alea-institute/kl3m-003-3.7b,bookmia.44.82,their_eyes_were_watching_god,138,3.3443795619802414,9.958391189575195,0,0.0,2.97764981666098,1.3573753822206767,1.1963917433008442,1.6391601331355332,1.3451165442102666
alea-institute/kl3m-003-3.7b,bookmia.44.85,their_eyes_were_watching_god,134,2.123170339020226,12.834470748901367,0,0.0,6.044955749911265,1.0282271245091672,1.90862533181397,2.1002306388675898,1.3391043782555734
alea-institute/kl3m-003-3.7b,bookmia.44.87,their_eyes_were_watching_god,132,3.3370503239381253,10.184250831604004,0,0.0,3.0518721154871136,1.8423706360614327,1.3273458146545671,1.4727932221380158,1.1082687726808538
alea-institute/kl3m-003-3.7b,bookmia.44.88,their_eyes_were_watching_god,142,2.4413688478165003,3.4811594017420804,30,0.2112676056338028,1.425904735720513,1.435635704470726,3.04937913816324,2.7116630268745823,4.532439749179455
alea-institute/kl3m-003-3.7b,bookmia.44.89,their_eyes_were_watching_god,136,3.1722840327831148,7.755796909332275,0,0.0,2.4448620707295063,1.233270969534276,1.1914488090623825,3.122790896821413,1.0189354029682898
alea-institute/kl3m-003-3.7b,bookmia.44.92,their_eyes_were_watching_god,134,2.7196840961644453,12.299927711486816,0,0.0,4.522557501745638,1.008073276585581,1.0870925364326303,1.1670466337351417,1.266253439103281
alea-institute/kl3m-003-3.7b,bookmia.44.93,their_eyes_were_watching_god,152,2.5568807855766194,10.942073822021484,0,0.0,4.279461867657574,1.2823114824090394,1.3742685349855566,1.5706698818064697,1.4966889928044314
alea-institute/kl3m-003-3.7b,bookmia.44.94,their_eyes_were_watching_god,132,2.4508072925308433,9.751479148864746,0,0.0,3.978884500051741,3.0225474858922294,1.5869213955582162,1.4898381294488492,1.915987599426446
alea-institute/kl3m-003-3.7b,bookmia.44.95,their_eyes_were_watching_god,144,2.646992798661409,8.418025255203247,1,0.006944444444444444,3.1802221976048686,4.237036636383757,0.9887423583719018,1.3199446053351487,1.1454424820022233
alea-institute/kl3m-003-3.7b,bookmia.44.98,their_eyes_were_watching_god,139,2.5084625742223996,14.482532501220703,0,0.0,5.773469634367639,1.032143939634666,1.3029049016640388,2.9522311886352184,2.582993284563435
alea-institute/kl3m-003-3.7b,bookmia.46.01,to_kill_a_mockingbird,134,2.031316666178181,17.38282585144043,0,0.0,8.557418023919103,2.6416420979126554,1.120574707426466,3.123669969408491,1.411677664040958
alea-institute/kl3m-003-3.7b,bookmia.46.02,to_kill_a_mockingbird,135,2.1376518806977267,9.4168119430542,0,0.0,4.40521304150822,1.1696408048772167,1.3503888171423009,2.821700166576189,1.224652439388567
alea-institute/kl3m-003-3.7b,bookmia.46.04,to_kill_a_mockingbird,135,2.4356003147610292,12.067026138305664,0,0.0,4.954436105617612,1.7957919825706483,1.392664517111518,1.1752818357345227,1.6333545132994032
alea-institute/kl3m-003-3.7b,bookmia.46.05,to_kill_a_mockingbird,138,2.35763508876266,10.914057731628418,0,0.0,4.62923960694713,1.8550381988296027,2.5878588402935105,1.046624730163084,2.4454042414258748
alea-institute/kl3m-003-3.7b,bookmia.46.07,to_kill_a_mockingbird,139,2.242318791853224,18.847827911376953,0,0.0,8.405507718106248,1.2951666834253346,1.264210244001393,1.0447008988606892,2.135459441629097
alea-institute/kl3m-003-3.7b,bookmia.46.08,to_kill_a_mockingbird,136,2.1953805252483374,2.9185662815968194,5,0.03676470588235294,1.3294124859136558,1.4842961514556803,4.604030664469659,1.2267008822031802,2.8262571956686195
alea-institute/kl3m-003-3.7b,bookmia.46.09,to_kill_a_mockingbird,134,1.867440622092925,19.323970794677734,0,0.0,10.347836801911532,1.6394602485492809,2.0372743276062515,1.0306149823118151,3.2695870210981615
alea-institute/kl3m-003-3.7b,bookmia.46.10,to_kill_a_mockingbird,131,2.385062586705428,14.22166919708252,0,0.0,5.962807549099757,1.0661496731695896,2.5090812734011867,1.0797881726424134,2.656628612164014
alea-institute/kl3m-003-3.7b,bookmia.46.13,to_kill_a_mockingbird,131,2.163355893524762,16.20197296142578,0,0.0,7.489277658808076,0.9620183531434839,0.9715249112636043,1.4283488746814554,1.840003858279829
alea-institute/kl3m-003-3.7b,bookmia.46.15,to_kill_a_mockingbird,130,1.8139568259151508,9.72617244720459,0,0.0,5.361854432394048,2.0931330403821025,0.9668782829158259,1.1324183134345696,1.3390424926434257
alea-institute/kl3m-003-3.7b,bookmia.46.16,to_kill_a_mockingbird,128,1.9948435739388515,15.438728332519531,0,0.0,7.7393177761981145,1.2956282022495829,1.586609534885699,1.7707114375517925,3.2393435581346384
alea-institute/kl3m-003-3.7b,bookmia.46.19,to_kill_a_mockingbird,126,2.126785232042595,4.8441972732543945,0,0.0,2.277708722192865,1.8188189029236714,4.929973525458292,0.9763933175873986,3.2643534890000483
alea-institute/kl3m-003-3.7b,bookmia.46.20,to_kill_a_mockingbird,133,2.1332660256014067,11.576570510864258,0,0.0,5.4266886417040325,1.5423660768433414,1.0052767078765132,1.2113399566749279,2.2045764742765543
alea-institute/kl3m-003-3.7b,bookmia.46.21,to_kill_a_mockingbird,140,1.629197048522266,9.28486156463623,0,0.0,5.699041483691551,3.181091459498615,1.5416507498312835,3.786798674071017,1.0642977122444648
alea-institute/kl3m-003-3.7b,bookmia.46.22,to_kill_a_mockingbird,131,2.1042651808249695,12.850408554077148,0,0.0,6.106838943673056,1.1697471963199615,1.0018807595312809,1.0068436902507665,1.9901631045123167
alea-institute/kl3m-003-3.7b,bookmia.46.24,to_kill_a_mockingbird,138,1.922201874094806,20.80305290222168,0,0.0,10.822512027784883,0.937759893112809,1.3278380009994808,2.28172534642125,2.2566875749659165
alea-institute/kl3m-003-3.7b,bookmia.46.25,to_kill_a_mockingbird,135,2.3590411683262102,3.3382798707628223,6,0.044444444444444446,1.4151003024383007,1.4561086539531276,2.021286358160329,2.2673845882475097,2.948234112712275
alea-institute/kl3m-003-3.7b,bookmia.46.27,to_kill_a_mockingbird,119,1.782278929459921,13.128540992736816,0,0.0,7.366153959254358,1.1151863665811128,4.40704329302396,1.1886300421863774,3.800242575919299
alea-institute/kl3m-003-3.7b,bookmia.46.30,to_kill_a_mockingbird,148,2.5217121778641247,11.141139030456543,0,0.0,4.418085112272021,1.5523721588199344,1.1854211466664886,1.2747428962088647,1.5206423486440959
alea-institute/kl3m-003-3.7b,bookmia.46.31,to_kill_a_mockingbird,126,1.9719422192170493,16.29003143310547,0,0.0,8.26090707646259,1.048595040165052,1.1290519950224474,1.2254126109585306,1.4259566201527851
alea-institute/kl3m-003-3.7b,bookmia.46.32,to_kill_a_mockingbird,134,1.9371871776855376,10.210021018981934,0,0.0,5.270539231619527,1.008552895061742,1.019804117827683,1.267859473066222,1.7665296251960667
alea-institute/kl3m-003-3.7b,bookmia.46.33,to_kill_a_mockingbird,121,2.4433035233528506,17.560762405395508,0,0.0,7.187302861699948,0.9970795336037938,2.6105929274483395,1.0231842467868442,1.5013830792962355
alea-institute/kl3m-003-3.7b,bookmia.46.34,to_kill_a_mockingbird,137,2.0699143198042185,4.979087829589844,0,0.0,2.4054560046044746,1.1366714647430927,1.2913052529986138,1.326553721462146,2.2557012848965314
alea-institute/kl3m-003-3.7b,bookmia.46.35,to_kill_a_mockingbird,127,2.207121820694824,12.380056381225586,0,0.0,5.609140494713708,1.6047786408865174,0.9712707349015423,0.9984930230048802,2.1103800606952987
alea-institute/kl3m-003-3.7b,bookmia.46.36,to_kill_a_mockingbird,132,1.8004907152891534,2.8156770542263985,4,0.030303030303030304,1.5638386970377736,1.6330862947290932,1.083681336442833,1.210299054200564,1.2164800892974958
alea-institute/kl3m-003-3.7b,bookmia.46.39,to_kill_a_mockingbird,131,2.16276956323129,11.81694507598877,0,0.0,5.463802189972398,1.246765472365844,2.479077937811477,1.2708580619555612,1.1155120464787514
alea-institute/kl3m-003-3.7b,bookmia.46.40,to_kill_a_mockingbird,143,2.071398380383344,2.084910471489259,140,0.9790209790209791,1.0065231735400963,1.0110612017651315,1.0293899429958047,1.2070407528146758,2.017612911189721
alea-institute/kl3m-003-3.7b,bookmia.46.41,to_kill_a_mockingbird,122,2.468948831466851,14.242422103881836,0,0.0,5.768617770591922,1.9380631310295424,1.3793965454775658,1.8316367387546768,1.5723788534214398
alea-institute/kl3m-003-3.7b,bookmia.46.42,to_kill_a_mockingbird,137,2.0478213946441235,11.383648872375488,0,0.0,5.558907091286529,1.6972484534509515,1.6665054044133687,1.2468354319309625,1.4129206783006154
alea-institute/kl3m-003-3.7b,bookmia.46.46,to_kill_a_mockingbird,135,1.9438967060282637,15.1359281539917,0,0.0,7.7863850003209105,3.693168061685604,0.9302072457243674,1.332992974265636,0.9560898989014525
alea-institute/kl3m-003-3.7b,bookmia.46.50,to_kill_a_mockingbird,121,1.9251749495694737,12.412344932556152,0,0.0,6.4473854364934065,1.3558196849076078,1.2975904613746159,1.448818086466033,2.3139149762505116
alea-institute/kl3m-003-3.7b,bookmia.46.52,to_kill_a_mockingbird,133,2.074630899981642,13.001051902770996,0,0.0,6.26668189646941,4.245989844536133,1.0546534078681487,1.5065976743814717,1.0990879374306148
alea-institute/kl3m-003-3.7b,bookmia.46.53,to_kill_a_mockingbird,146,2.1816139755473944,19.64264678955078,0,0.0,9.003722477814708,2.4383732400211886,1.6245458330622713,1.7270358929295144,1.7059407788583794
alea-institute/kl3m-003-3.7b,bookmia.46.59,to_kill_a_mockingbird,141,1.5140739298249752,4.636414051055908,0,0.0,3.0622111375974033,1.280375304910732,1.8583524737888855,3.9449712444175398,2.370717956637512
alea-institute/kl3m-003-3.7b,bookmia.46.61,to_kill_a_mockingbird,139,2.149752238577545,2.5810722426821786,14,0.10071942446043165,1.2006370763870122,1.2555670658009128,1.3418714133241527,1.9195367398551657,1.05538276756425
alea-institute/kl3m-003-3.7b,bookmia.46.62,to_kill_a_mockingbird,133,1.9780764852882857,9.131433486938477,0,0.0,4.616319720118232,1.4875617398008376,2.1971117209804745,3.327408328567563,1.7786544872868706
alea-institute/kl3m-003-3.7b,bookmia.46.65,to_kill_a_mockingbird,134,2.2955975769723613,3.6798155307769775,0,0.0,1.6029880705965225,1.1353518967635818,3.196525798690845,2.187976339904092,1.322896142762751
alea-institute/kl3m-003-3.7b,bookmia.46.66,to_kill_a_mockingbird,133,2.029276451671013,11.776165962219238,0,0.0,5.803135374937271,1.1786988212792247,1.2321578530518233,1.675994792976285,1.527840137293891
alea-institute/kl3m-003-3.7b,bookmia.46.67,to_kill_a_mockingbird,114,1.9014194309047685,17.323436737060547,0,0.0,9.110791893410592,1.900683317984839,1.5712684852059542,1.8180147477520183,1.9136780024457314
alea-institute/kl3m-003-3.7b,bookmia.46.70,to_kill_a_mockingbird,142,2.940490758512169,5.444494724273682,0,0.0,1.8515598828232638,1.6234582328156948,2.496835855972775,1.3838955646971332,2.101311071915031
alea-institute/kl3m-003-3.7b,bookmia.46.72,to_kill_a_mockingbird,133,2.1575276841312347,13.481760025024414,0,0.0,6.248707779827666,1.2255064388010057,1.1369341442542211,1.2453593552385158,1.424379047680296
alea-institute/kl3m-003-3.7b,bookmia.46.76,to_kill_a_mockingbird,131,2.0749832628350813,15.504687309265137,0,0.0,7.4721987338253735,1.1212475652412122,1.1523506554942384,1.2115879685209947,2.867115657342017
alea-institute/kl3m-003-3.7b,bookmia.46.77,to_kill_a_mockingbird,137,2.1547230055851414,14.611058235168457,0,0.0,6.780945020448531,1.3649271724646481,0.9622340403272007,1.0000724584357379,1.0697603075103799
alea-institute/kl3m-003-3.7b,bookmia.46.79,to_kill_a_mockingbird,135,2.1922134955572092,14.873730659484863,0,0.0,6.784800243967256,1.7275471203901602,1.2385288439951578,1.0084162274876889,1.0418990296275437
alea-institute/kl3m-003-3.7b,bookmia.46.80,to_kill_a_mockingbird,129,2.0868210826767832,13.636186599731445,0,0.0,6.534430149728117,1.059481888059743,1.1522805484167014,1.2851232614296588,1.2665683610808591
alea-institute/kl3m-003-3.7b,bookmia.46.82,to_kill_a_mockingbird,120,2.107849777731462,2.7021069514497262,47,0.39166666666666666,1.281925770990105,1.282357186397792,1.3794121120731766,1.5105867280968823,1.9959425789618246
alea-institute/kl3m-003-3.7b,bookmia.46.87,to_kill_a_mockingbird,128,1.7423956234774778,4.578838348388672,0,0.0,2.627898214786728,1.5288079896473827,1.255844162930741,1.241342149446649,2.362789881742792
alea-institute/kl3m-003-3.7b,bookmia.46.90,to_kill_a_mockingbird,137,2.383337903503553,16.66897964477539,0,0.0,6.993964062029001,1.7832375724182774,2.230804102913263,1.1681924196480291,0.9702079333170456
alea-institute/kl3m-003-3.7b,bookmia.46.93,to_kill_a_mockingbird,122,1.944927440688575,20.173311233520508,0,0.0,10.372269325573617,0.9260556447867047,1.247646864229021,0.9402663835402006,0.9509389206261573
alea-institute/kl3m-003-3.7b,bookmia.46.99,to_kill_a_mockingbird,145,1.958811952903915,17.53343963623047,0,0.0,8.951058119814594,3.408496393085859,2.3561113079328257,1.1831280605443517,1.3216301434384963
alea-institute/kl3m-003-3.7b,bookmia.14.00,five_on_a_treasure_island,140,1.8134397282011507,2.5992104380524585,6,0.04285714285714286,1.4333040120560039,1.6403833296802104,3.8312992111886963,0.9936406313872215,1.0413100640743227
alea-institute/kl3m-003-3.7b,bookmia.14.07,five_on_a_treasure_island,125,1.7716065374449828,12.808113098144531,0,0.0,7.229660100835052,1.5157086511651485,4.222658452797595,1.0702526794675098,4.138090957367791
alea-institute/kl3m-003-3.7b,bookmia.14.08,five_on_a_treasure_island,126,1.7584775965742232,16.64535140991211,0,0.0,9.465773941243118,1.071092581973555,1.155716251721526,3.3194082234401043,1.3137289608486729
alea-institute/kl3m-003-3.7b,bookmia.14.09,five_on_a_treasure_island,127,1.998606742612695,13.336387634277344,0,0.0,6.672842310560426,0.9645327388970847,0.9995032435195909,2.677111668349939,1.6572867347149358
alea-institute/kl3m-003-3.7b,bookmia.14.10,five_on_a_treasure_island,147,2.282832724591052,11.194557189941406,0,0.0,4.903800908998624,2.9684314760314328,2.3530051604454467,1.2843880256194096,4.021620529523567
alea-institute/kl3m-003-3.7b,bookmia.14.12,five_on_a_treasure_island,125,2.150453072781209,16.27530288696289,0,0.0,7.568313437276653,1.4191022601639145,1.1182858865463492,1.190480996508856,1.2920140505287439
alea-institute/kl3m-003-3.7b,bookmia.14.13,five_on_a_treasure_island,150,1.5506112899970808,4.230307579040527,0,0.0,2.7281547647241053,2.0301168393994944,1.381872459720604,2.0523629877455405,1.0112969142810937
alea-institute/kl3m-003-3.7b,bookmia.14.14,five_on_a_treasure_island,124,1.9096415940120126,15.382980346679688,0,0.0,8.055427989689525,3.6229522131421406,0.9710628911713186,1.2741677145959338,1.3332863796643866
alea-institute/kl3m-003-3.7b,bookmia.14.15,five_on_a_treasure_island,122,1.881396735935342,14.494806289672852,0,0.0,7.704279492366991,1.0613253986287476,0.9803693742681843,1.0275972678002836,1.2705012107718163
alea-institute/kl3m-003-3.7b,bookmia.14.17,five_on_a_treasure_island,121,1.657176870801236,2.432827949523926,0,0.0,1.468055699056231,1.3524809111016505,1.6936129665301956,3.862039532992876,1.4267860400279924
alea-institute/kl3m-003-3.7b,bookmia.14.18,five_on_a_treasure_island,125,1.721695292990189,15.76305103302002,0,0.0,9.155540528686249,1.4231620025739107,1.5260153729217552,1.5563780245241428,5.233300041584201
alea-institute/kl3m-003-3.7b,bookmia.14.19,five_on_a_treasure_island,134,2.0597470899589476,13.720922470092773,0,0.0,6.661459815615636,0.9685625024381194,0.973962007726245,1.6180733364088533,0.9917272665176615
alea-institute/kl3m-003-3.7b,bookmia.14.23,five_on_a_treasure_island,140,1.7482538161777483,16.49620819091797,0,0.0,9.435819924010833,1.5027453658102499,1.0122977381751832,1.5823801509062512,1.0540798597732295
alea-institute/kl3m-003-3.7b,bookmia.14.24,five_on_a_treasure_island,133,2.0467009767997473,6.522273540496826,0,0.0,3.186725180878719,1.353321663033741,1.5112632456115087,1.0807912106225246,3.5604766163104915
alea-institute/kl3m-003-3.7b,bookmia.14.27,five_on_a_treasure_island,120,2.005487999045969,17.7130184173584,0,0.0,8.832273454533091,1.535805422153411,2.08303487704044,0.9535750378208858,1.1068727092334172
alea-institute/kl3m-003-3.7b,bookmia.14.28,five_on_a_treasure_island,127,1.9934775187710931,10.56586742401123,0,0.0,5.300219001478736,1.2572935589123697,1.607359551141574,2.2577443281681537,1.9293559682882095
alea-institute/kl3m-003-3.7b,bookmia.14.29,five_on_a_treasure_island,124,1.9643265749392382,9.688006401062012,0,0.0,4.931973392133988,0.9680327366493172,0.9783411943304092,1.007624874024241,1.3611579755802425
alea-institute/kl3m-003-3.7b,bookmia.14.33,five_on_a_treasure_island,124,1.9543979545203676,17.693134307861328,0,0.0,9.052984458430542,2.487093306500234,1.6708814574589883,1.0951975579910342,1.1158486758556005
alea-institute/kl3m-003-3.7b,bookmia.14.34,five_on_a_treasure_island,125,2.150797423516924,16.669084548950195,0,0.0,7.750188077542595,2.844146059264863,3.8853743835327874,1.1411092267008667,1.0701177432531628
alea-institute/kl3m-003-3.7b,bookmia.14.35,five_on_a_treasure_island,125,2.138169324419461,13.091743469238281,0,0.0,6.122874984558507,0.9870269762947471,1.0138208431552904,1.0387663179545974,1.313772273325238
alea-institute/kl3m-003-3.7b,bookmia.14.36,five_on_a_treasure_island,128,2.362824997318967,10.560575485229492,0,0.0,4.469470018817428,2.619038400803728,0.9668322475261542,0.9891131236048961,2.7757719575791837
alea-institute/kl3m-003-3.7b,bookmia.14.38,five_on_a_treasure_island,137,2.045862223424254,14.352117538452148,0,0.0,7.015192603942971,0.9696748010268783,0.9733870177339548,1.7276725440378493,1.0461788570051032
alea-institute/kl3m-003-3.7b,bookmia.14.40,five_on_a_treasure_island,130,1.7531946686607485,18.301239013671875,0,0.0,10.438794585002958,2.959608485072542,1.1426071081334235,1.499545198492852,1.060528786376154
alea-institute/kl3m-003-3.7b,bookmia.14.42,five_on_a_treasure_island,133,1.7514761463245307,12.337772369384766,0,0.0,7.044213759505407,1.5579038360005666,1.1209242975123115,1.5892740257055487,1.3583173299305298
alea-institute/kl3m-003-3.7b,bookmia.14.44,five_on_a_treasure_island,137,1.8123199396144707,13.537734985351562,0,0.0,7.469837245310783,1.6414388012767978,1.0187666023193922,0.9636058359554631,1.603845328222578
alea-institute/kl3m-003-3.7b,bookmia.14.46,five_on_a_treasure_island,133,1.7169905925240487,11.816015243530273,0,0.0,6.881817113604701,2.3083722353012575,1.6579171563589106,2.0470250477168213,2.8963597602634192
alea-institute/kl3m-003-3.7b,bookmia.14.47,five_on_a_treasure_island,138,1.6356737742915857,1.7891759438688557,74,0.5362318840579711,1.0938464454158974,1.1178508369357472,1.2191746034152424,1.286893259759772,3.252366719082754
alea-institute/kl3m-003-3.7b,bookmia.14.50,five_on_a_treasure_island,119,2.175687536792908,12.602668762207031,0,0.0,5.79249940493942,1.8601540294961723,2.9083575388935756,2.0599324340274485,1.6516357854419774
alea-institute/kl3m-003-3.7b,bookmia.14.51,five_on_a_treasure_island,127,1.6085722575112664,16.586345672607422,0,0.0,10.311222013905242,1.129248173343834,1.2705423880397186,1.3124920876550559,1.7676290067622413
alea-institute/kl3m-003-3.7b,bookmia.14.52,five_on_a_treasure_island,126,1.8223662476892002,14.079046249389648,0,0.0,7.72569524223914,2.5574950686849243,0.9714419386348803,1.0039698218632025,1.516755277590894
alea-institute/kl3m-003-3.7b,bookmia.14.54,five_on_a_treasure_island,124,1.9466993587153527,16.280954360961914,0,0.0,8.363363499387951,1.2386368933075964,2.6591870112662135,0.9876769559314336,1.1266160844131796
alea-institute/kl3m-003-3.7b,bookmia.14.55,five_on_a_treasure_island,124,1.9242616612630832,3.9689116030931473,3,0.024193548387096774,2.062563362868207,2.3006766420183236,1.4432676783480853,1.324776735446474,3.528047997540377
alea-institute/kl3m-003-3.7b,bookmia.14.59,five_on_a_treasure_island,132,2.3522992415695847,14.473589897155762,0,0.0,6.152954369656719,1.095530629576894,1.3099765917915855,1.853963596867768,1.3034381531949215
alea-institute/kl3m-003-3.7b,bookmia.14.60,five_on_a_treasure_island,131,1.8824412236590016,3.8349063396453857,0,0.0,2.037198448189141,1.2039690642286407,1.2889459570205823,2.503385854027775,3.77808977367244
alea-institute/kl3m-003-3.7b,bookmia.14.71,five_on_a_treasure_island,134,1.731314228412803,16.89069175720215,0,0.0,9.755994307680838,2.274513831401479,1.0588844579458008,1.0350975982604835,1.0289503969369649
alea-institute/kl3m-003-3.7b,bookmia.14.72,five_on_a_treasure_island,123,1.68966412010349,11.558342933654785,0,0.0,6.840615715356996,1.336856257438738,1.7191891363534781,1.6162448462262773,1.9026168003035782
alea-institute/kl3m-003-3.7b,bookmia.14.73,five_on_a_treasure_island,131,1.9338626581060772,15.889398574829102,0,0.0,8.216404876647413,1.0003719271700473,1.4876712232155018,1.6295692567281037,1.7335481857072375
alea-institute/kl3m-003-3.7b,bookmia.14.74,five_on_a_treasure_island,154,1.9407341926700328,15.30666732788086,0,0.0,7.887049852418057,1.578849094088434,2.066728227473094,0.9754387088982602,0.9891316697566429
alea-institute/kl3m-003-3.7b,bookmia.14.75,five_on_a_treasure_island,124,2.038167598609136,15.240044593811035,0,0.0,7.477326498670168,1.0859532141127992,0.9806443132558887,1.0627072797198684,1.1343149666041663
alea-institute/kl3m-003-3.7b,bookmia.14.76,five_on_a_treasure_island,119,1.948765107913788,3.044435501098633,0,0.0,1.5622383060613154,1.2424676084399018,1.0489511297370209,1.0735216264175171,1.4326481207544517
alea-institute/kl3m-003-3.7b,bookmia.14.77,five_on_a_treasure_island,119,1.7579645092223435,13.517875671386719,0,0.0,7.689504310508812,1.402873531374683,1.2148550316334041,1.9781308047725916,2.4841635307514003
alea-institute/kl3m-003-3.7b,bookmia.14.81,five_on_a_treasure_island,126,2.0355534607951995,5.521508455276489,1,0.007936507936507936,2.7125342377986397,3.2050673805376197,2.1058113312239124,1.328849211421055,1.2493685816603743
alea-institute/kl3m-003-3.7b,bookmia.14.84,five_on_a_treasure_island,127,1.574472175636072,13.766117095947266,0,0.0,8.743321926528097,1.300340167909841,0.9806205960115414,2.2123687782805406,1.1582772328842141
alea-institute/kl3m-003-3.7b,bookmia.14.85,five_on_a_treasure_island,137,2.30370029239035,18.25167465209961,0,0.0,7.922764394478342,4.255253938549487,1.292036243333108,0.9911943948272811,1.1975321686482259
alea-institute/kl3m-003-3.7b,bookmia.14.86,five_on_a_treasure_island,123,2.201859996442085,15.335037231445312,0,0.0,6.96458324154338,1.0898433110049008,1.1638802056148632,1.2637714766393784,1.7478967105146543
alea-institute/kl3m-003-3.7b,bookmia.14.88,five_on_a_treasure_island,138,1.9695777142710078,5.933232307434082,0,0.0,3.012438790530348,1.9842424343960512,3.399172240215135,1.6158867008983775,1.7532498834894612
alea-institute/kl3m-003-3.7b,bookmia.14.89,five_on_a_treasure_island,139,1.9643845484420748,14.943833351135254,0,0.0,7.6073869360187105,1.4047637878486459,1.23348170961697,1.5623110659392248,2.858263153409015
alea-institute/kl3m-003-3.7b,bookmia.14.90,five_on_a_treasure_island,115,1.8179027998458048,14.348904609680176,0,0.0,7.893108812471852,2.0387725049824015,1.0262516943495579,1.1497585557063386,1.2505686229140642
alea-institute/kl3m-003-3.7b,bookmia.14.92,five_on_a_treasure_island,131,1.7447634199811928,15.651651382446289,0,0.0,8.970643929831473,1.3501968335718162,0.9777989257119745,1.5406179294117486,1.4757131964895347
alea-institute/kl3m-003-3.7b,bookmia.14.97,five_on_a_treasure_island,132,1.917393871000968,15.170821189880371,0,0.0,7.912209076771745,1.2169505059819514,1.3215935516830466,1.7114773326206225,1.3824779105824472
alea-institute/kl3m-003-3.7b,bookmia.35.03,the_da_vinci_code,140,2.131483815687118,13.234956741333008,0,0.0,6.2092691691710105,1.2158753065959274,0.9690241929624762,2.586170516241326,1.0209602029388636
alea-institute/kl3m-003-3.7b,bookmia.35.04,the_da_vinci_code,127,1.6500600237568004,1.8690896311076357,44,0.3464566929133858,1.1327403877418691,1.147507597872733,1.231894995138092,1.3217027702195745,1.7080717427967869
alea-institute/kl3m-003-3.7b,bookmia.35.06,the_da_vinci_code,138,1.7082243319105213,15.246563911437988,0,0.0,8.925387390065945,1.6418649235495606,1.2357012374645728,0.9642342633813122,0.9430955517379545
alea-institute/kl3m-003-3.7b,bookmia.35.07,the_da_vinci_code,141,1.8001128485891142,10.29172134399414,0,0.0,5.717264532643355,1.2165469331515475,1.2809851431702104,1.0699898461118618,1.3917746882850512
alea-institute/kl3m-003-3.7b,bookmia.35.08,the_da_vinci_code,118,1.6483437189801746,7.5646586418151855,0,0.0,4.589248319213069,3.6963613717107644,1.6230969857566537,0.9111151503166064,1.9399649926753135
alea-institute/kl3m-003-3.7b,bookmia.35.09,the_da_vinci_code,139,1.9758968660796377,14.504239082336426,0,0.0,7.340585093954918,1.0882907496395182,2.2072631346169427,2.5022652971416015,1.2399138967134533
alea-institute/kl3m-003-3.7b,bookmia.35.10,the_da_vinci_code,143,2.022003349470785,14.73216724395752,0,0.0,7.285926231434454,5.720223403979814,1.705519554709479,4.117738145411477,0.988355059602016
alea-institute/kl3m-003-3.7b,bookmia.35.12,the_da_vinci_code,138,1.9901164171276542,13.5784273147583,0,0.0,6.822931160156006,1.2744625920615904,1.606895807788051,1.5571996802852879,1.4853959644897852
alea-institute/kl3m-003-3.7b,bookmia.35.16,the_da_vinci_code,147,2.2027304315108798,14.258901596069336,0,0.0,6.473284879570571,3.726865050269871,3.3407887999253094,1.2850729369496199,1.1965432898968795
alea-institute/kl3m-003-3.7b,bookmia.35.17,the_da_vinci_code,126,1.69204454146102,15.994180679321289,0,0.0,9.452576623964571,1.8146863872623837,2.1142615793932946,1.5278197310021246,1.2476927693635054
alea-institute/kl3m-003-3.7b,bookmia.35.20,the_da_vinci_code,152,2.409968171991702,12.41943359375,0,0.0,5.153360006197112,1.8413190712899263,5.722744728568226,1.4020645636649436,1.348012557637752
alea-institute/kl3m-003-3.7b,bookmia.35.24,the_da_vinci_code,149,1.8088554675282986,15.46983528137207,0,0.0,8.552278254995546,1.459285096523832,1.6372405280235314,1.305560582163953,2.012380648108389
alea-institute/kl3m-003-3.7b,bookmia.35.25,the_da_vinci_code,133,1.739474108742893,3.08161553243796,2,0.015037593984962405,1.7715788449792014,2.425522245431027,2.255555589708777,1.267427188875708,3.016382165110584
alea-institute/kl3m-003-3.7b,bookmia.35.28,the_da_vinci_code,129,2.6887657804933647,12.961774826049805,0,0.0,4.820715482205904,1.0580922411836136,1.451227853566893,2.945311004554087,1.0514390892037764
alea-institute/kl3m-003-3.7b,bookmia.35.29,the_da_vinci_code,139,1.9734346663504805,19.75176239013672,0,0.0,10.008825083965977,1.4545643199588885,1.6915551140581762,0.9702419839687154,3.5178646242264904
alea-institute/kl3m-003-3.7b,bookmia.35.30,the_da_vinci_code,132,2.217777192611362,10.011392593383789,0,0.0,4.514156168048466,1.0983994758296929,2.518052467387253,3.6669679180262693,1.5171563048113916
alea-institute/kl3m-003-3.7b,bookmia.35.31,the_da_vinci_code,144,2.6706965377715175,17.93086814880371,0,0.0,6.7139294544357275,1.0068690243858445,1.251699837981916,1.5560321609179035,3.5901940520613214
alea-institute/kl3m-003-3.7b,bookmia.35.33,the_da_vinci_code,141,2.314301069903498,15.582703590393066,0,0.0,6.733222307607037,1.268164159183366,2.647066831422493,1.0451737571402893,1.0688249206841143
alea-institute/kl3m-003-3.7b,bookmia.35.36,the_da_vinci_code,144,2.392360730962941,10.233871459960938,0,0.0,4.277729243550047,1.7586045447065664,1.9489903131601927,1.560778374497212,2.6108907300019153
alea-institute/kl3m-003-3.7b,bookmia.35.37,the_da_vinci_code,132,1.862978550508463,10.75017261505127,0,0.0,5.7704221082509095,0.9769251985314297,0.9800051369062823,1.0593490644584054,1.0346999114572457
alea-institute/kl3m-003-3.7b,bookmia.35.39,the_da_vinci_code,139,2.796120514875871,10.807245254516602,0,0.0,3.8650856417025254,1.2485719340752448,1.549437693130287,3.2858721577558394,1.5581757442291513
alea-institute/kl3m-003-3.7b,bookmia.35.40,the_da_vinci_code,138,2.337150799054433,13.216851234436035,0,0.0,5.655112729475275,2.1368586135280445,2.0080795791586175,0.9512382220466402,1.1075672910472452
alea-institute/kl3m-003-3.7b,bookmia.35.43,the_da_vinci_code,130,1.9145372735712534,13.786311149597168,0,0.0,7.200858055837732,1.7624933265561176,2.344361456182963,1.161904529424744,1.9436342381196774
alea-institute/kl3m-003-3.7b,bookmia.35.44,the_da_vinci_code,154,2.0464917112090064,12.464980125427246,0,0.0,6.090901838084312,1.6310549780308858,2.126373830930425,2.1053311086640725,1.04398856674497
alea-institute/kl3m-003-3.7b,bookmia.35.45,the_da_vinci_code,118,1.9256636470805861,19.239864349365234,0,0.0,9.991290212355592,0.9823982698857161,1.509381029584555,1.0105872786759484,1.0714141018460004
alea-institute/kl3m-003-3.7b,bookmia.35.46,the_da_vinci_code,135,2.1645812111581177,13.526627540588379,0,0.0,6.2490737103604515,1.1637747786229284,1.0331574339467515,2.41059951747663,1.1259091513725015
alea-institute/kl3m-003-3.7b,bookmia.35.48,the_da_vinci_code,143,2.01153409392577,12.11535930633545,0,0.0,6.022945046231234,2.0634678117743652,1.2052685018007583,1.2499368235482744,1.3174649980870503
alea-institute/kl3m-003-3.7b,bookmia.35.51,the_da_vinci_code,123,2.130967359276246,16.295583724975586,0,0.0,7.647035818751423,1.0920450746752013,1.1335607091751618,1.2476861843791034,1.5998363465639283
alea-institute/kl3m-003-3.7b,bookmia.35.56,the_da_vinci_code,151,2.419526167890822,16.174707412719727,0,0.0,6.685072320098002,1.5208022129701575,1.6239448786935513,3.7918295610605495,1.361774668027888
alea-institute/kl3m-003-3.7b,bookmia.35.57,the_da_vinci_code,142,2.1133704362937222,15.469952583312988,0,0.0,7.32003832250208,1.9441778477337226,1.4137421775204968,1.4657197684210954,1.7585873596347628
alea-institute/kl3m-003-3.7b,bookmia.35.59,the_da_vinci_code,117,2.2134095338913493,17.221351623535156,0,0.0,7.780463289709725,1.3168808330199113,1.1439189153911216,1.7803095548569743,1.460090547684867
alea-institute/kl3m-003-3.7b,bookmia.35.60,the_da_vinci_code,140,2.0334210942812208,3.3054328223734046,7,0.05,1.6255525388566001,1.6443543954399797,1.890726884562561,1.9241089132672458,1.850002293069665
alea-institute/kl3m-003-3.7b,bookmia.35.61,the_da_vinci_code,143,2.016442455588763,3.2508424803614617,4,0.027972027972027972,1.6121672460086531,1.8237655163823805,1.2370482405535863,1.1765528247014194,1.022255279179112
alea-institute/kl3m-003-3.7b,bookmia.35.62,the_da_vinci_code,154,2.214992402555714,19.53619956970215,0,0.0,8.819984911533234,2.2526648225845514,1.3377836926978197,1.4607411333213538,4.18394374260929
alea-institute/kl3m-003-3.7b,bookmia.35.63,the_da_vinci_code,142,2.198719330913302,18.566905975341797,0,0.0,8.444418400428349,3.8471721676073996,3.1974483775479317,1.0744414981571362,1.2140979908419895
alea-institute/kl3m-003-3.7b,bookmia.35.67,the_da_vinci_code,132,1.9751683859571902,9.565950393676758,0,0.0,4.843106269666717,3.378148880750196,1.1633381703357626,3.8689127492729383,4.6080936334179885
alea-institute/kl3m-003-3.7b,bookmia.35.68,the_da_vinci_code,123,2.2395421627429677,14.01774787902832,0,0.0,6.259202488896003,1.108629441145435,0.9622210931143399,0.9705708463578421,0.9940441286933606
alea-institute/kl3m-003-3.7b,bookmia.35.69,the_da_vinci_code,133,1.847658745688802,15.0724515914917,0,0.0,8.157594916626627,1.2105546816941877,1.4684957504446712,1.8653921492564451,2.9366046362678446
alea-institute/kl3m-003-3.7b,bookmia.35.74,the_da_vinci_code,129,1.906172179779879,2.8352986802152977,2,0.015503875968992248,1.4874305219073718,1.843278045960429,1.1467994878869294,2.1512976708499183,1.4588343833250499
alea-institute/kl3m-003-3.7b,bookmia.35.77,the_da_vinci_code,130,1.673280378662793,3.338820526997248,2,0.015384615384615385,1.9953742179571103,2.119082132074298,1.135059588621013,1.221111830894217,1.200743868988101
alea-institute/kl3m-003-3.7b,bookmia.35.79,the_da_vinci_code,130,2.0278448789443178,18.017908096313477,0,0.0,8.88524969705448,1.3909401767692158,1.4038202537675175,1.1541167951754707,1.2361564555673694
alea-institute/kl3m-003-3.7b,bookmia.35.83,the_da_vinci_code,145,1.9868840658928846,16.086898803710938,0,0.0,8.09654628564433,1.5563809830053534,1.1531844260574322,1.428948115114213,1.1831805884452906
alea-institute/kl3m-003-3.7b,bookmia.35.84,the_da_vinci_code,140,2.144877625551349,17.5251522064209,0,0.0,8.170700275693347,1.2248722533577603,2.1914189569840623,0.9782977771159009,1.214521778016805
alea-institute/kl3m-003-3.7b,bookmia.35.87,the_da_vinci_code,132,2.0123725158698633,13.708786010742188,0,0.0,6.812250665636059,1.0602603029225568,1.0996540924462919,4.030211902797265,2.58037658903857
alea-institute/kl3m-003-3.7b,bookmia.35.88,the_da_vinci_code,134,1.6893306313851004,13.831778526306152,0,0.0,8.187727298217121,1.0160073538936196,1.3421769127019894,1.021717039693486,1.056589061562629
alea-institute/kl3m-003-3.7b,bookmia.35.90,the_da_vinci_code,140,1.942031253998201,10.874442100524902,0,0.0,5.599519615421687,1.356886678988689,1.4133096421925515,1.686599535227804,0.9856094676732169
alea-institute/kl3m-003-3.7b,bookmia.35.94,the_da_vinci_code,141,2.0405586912414213,4.365908622741699,0,0.0,2.139565326633951,1.1024435956697087,3.4524410171577258,1.105916482826122,1.1839944169000833
alea-institute/kl3m-003-3.7b,bookmia.35.95,the_da_vinci_code,139,2.165847564644596,16.589853286743164,0,0.0,7.659751109707239,0.9548489096989085,1.1616535108947148,0.9698191181188621,1.0073577431666925
alea-institute/kl3m-003-3.7b,bookmia.35.96,the_da_vinci_code,141,2.1842657684060374,17.075593948364258,0,0.0,7.817544089804205,1.6183589779215035,1.2448534406419227,2.8186182888626643,4.24797595244918
alea-institute/kl3m-003-3.7b,bookmia.35.97,the_da_vinci_code,146,2.470743939269347,8.81741714477539,0,0.0,3.568729646416898,1.7432615079095357,1.2989985976446523,2.826036026480094,1.2120179735629848
alea-institute/kl3m-003-3.7b,bookmia.45.00,things_fall_apart,138,2.823782072740816,16.79172706604004,0,0.0,5.946537881990897,3.0078115696031302,1.1678893127598169,3.9883721638197804,0.954049862539687
alea-institute/kl3m-003-3.7b,bookmia.45.01,things_fall_apart,124,1.6629580579653023,14.766706466674805,0,0.0,8.879782864002282,0.985525330798991,1.560286099730766,1.7764120311558023,0.931456325092705
alea-institute/kl3m-003-3.7b,bookmia.45.03,things_fall_apart,119,1.8853537580604907,12.728989601135254,0,0.0,6.751512572489248,1.88800050898123,1.0432353506341803,1.4866442459121045,1.4745823028821152
alea-institute/kl3m-003-3.7b,bookmia.45.04,things_fall_apart,133,1.896248554086787,15.04867935180664,0,0.0,7.936026803750906,1.5595199923165508,1.1650532107369458,1.423174512084517,1.4973061797667584
alea-institute/kl3m-003-3.7b,bookmia.45.05,things_fall_apart,131,2.0591259460640985,2.3570905610603012,13,0.09923664122137404,1.1447044147861596,1.1674713272621113,1.3376629204338342,1.9579073598409598,1.4387756760661352
alea-institute/kl3m-003-3.7b,bookmia.45.07,things_fall_apart,135,1.8597686710737267,18.863632202148438,0,0.0,10.142999231865558,1.1398413926240265,2.1516450840200436,1.7102842275741892,2.457633909783895
alea-institute/kl3m-003-3.7b,bookmia.45.08,things_fall_apart,122,2.147357233720555,9.64645504951477,1,0.00819672131147541,4.49224511787502,5.358219760647405,1.3665026007473406,1.2081230464171977,1.1411252645439176
alea-institute/kl3m-003-3.7b,bookmia.45.09,things_fall_apart,139,1.8749589816337995,15.087081909179688,0,0.0,8.046619716466077,1.1028445839337337,1.1404683945356544,1.272582194208003,1.9785320861917983
alea-institute/kl3m-003-3.7b,bookmia.45.11,things_fall_apart,130,1.7900172494204105,11.716184616088867,0,0.0,6.545291460114393,1.427355726743374,1.3793136673793291,2.4006415099719294,1.3328513608461607
alea-institute/kl3m-003-3.7b,bookmia.45.12,things_fall_apart,133,2.541472716925708,14.33345890045166,0,0.0,5.639824029978227,1.2158301930411282,1.4299043518693058,1.4555458569481543,2.9553167866926295
alea-institute/kl3m-003-3.7b,bookmia.45.13,things_fall_apart,144,2.078740954590886,11.379144668579102,0,0.0,5.474056131644654,1.5286880785713342,1.0608244553811454,1.4709456377258012,3.427388968542902
alea-institute/kl3m-003-3.7b,bookmia.45.15,things_fall_apart,131,1.9314536351131482,10.382311344146729,1,0.007633587786259542,5.375387301771038,6.201839874368531,1.7757231073818471,2.690607451381363,2.0241640994786274
alea-institute/kl3m-003-3.7b,bookmia.45.16,things_fall_apart,126,1.6573185225637326,7.4763734340667725,1,0.007936507936507936,4.511126456549493,6.150879705230314,1.5152814144990214,4.2698266201235775,1.7551737116863366
alea-institute/kl3m-003-3.7b,bookmia.45.17,things_fall_apart,148,2.1250870298634355,11.037198066711426,0,0.0,5.193762849054097,1.1088022243838451,0.9952256706280035,1.3784865402716229,1.038205199809637
alea-institute/kl3m-003-3.7b,bookmia.45.24,things_fall_apart,135,1.5656745558885734,1.9266383828879852,35,0.25925925925925924,1.2305484403778617,1.2563995027692323,1.392122422121196,1.4245878705011872,3.813894317181926
alea-institute/kl3m-003-3.7b,bookmia.45.27,things_fall_apart,133,1.9362486480930872,2.243095599056687,19,0.14285714285714285,1.1584749723470682,1.18557482334461,1.2239904986597492,1.6835284605421335,1.021561691489699
alea-institute/kl3m-003-3.7b,bookmia.45.28,things_fall_apart,141,2.1466480489384305,16.55478286743164,0,0.0,7.711922257408886,3.1922380313516365,1.301074019691666,1.4897122407751686,1.5415326571860635
alea-institute/kl3m-003-3.7b,bookmia.45.31,things_fall_apart,129,1.9551601002356958,17.207805633544922,0,0.0,8.801225859442667,2.3336901334233846,2.3344417546672385,1.0699497336222867,3.7122974198983956
alea-institute/kl3m-003-3.7b,bookmia.45.38,things_fall_apart,134,1.8966038870404096,13.116726875305176,0,0.0,6.915902136936676,4.3202117270228415,3.1827502684436486,2.8893359778238286,0.9731049625165761
alea-institute/kl3m-003-3.7b,bookmia.45.39,things_fall_apart,134,2.0740205969491194,16.565401077270508,0,0.0,7.987095741304683,4.0640491767164,1.2294825669512106,1.5390790417990372,3.049665906708718
alea-institute/kl3m-003-3.7b,bookmia.45.40,things_fall_apart,122,1.799332187844051,2.2502785275379815,2,0.01639344262295082,1.2506187255140764,1.7913291099308617,2.1342110555074316,1.3639249706675438,1.0264129978016994
alea-institute/kl3m-003-3.7b,bookmia.45.41,things_fall_apart,138,2.220329396548576,14.059048652648926,0,0.0,6.3319652815943535,1.6343734955336222,1.1147553713842588,1.2375183481471712,0.9638686051421906
alea-institute/kl3m-003-3.7b,bookmia.45.44,things_fall_apart,140,2.30554793812584,14.375920295715332,0,0.0,6.235359524730331,1.1417189486341268,1.2049275723799877,1.269665040851032,1.7674859775137006
alea-institute/kl3m-003-3.7b,bookmia.45.46,things_fall_apart,139,2.4652531214256053,17.61281967163086,0,0.0,7.144426476355388,1.3632536858354336,1.2347627518952213,2.443620562382861,1.0491292669169907
alea-institute/kl3m-003-3.7b,bookmia.45.47,things_fall_apart,136,1.947640964140138,13.826131820678711,0,0.0,7.098912004442664,2.287784051930067,1.4159643387210723,1.7440023474015545,1.2284157522271286
alea-institute/kl3m-003-3.7b,bookmia.45.48,things_fall_apart,128,2.183021364529168,16.247100830078125,0,0.0,7.442483657773219,1.0880226268966595,1.5952258108178694,1.0844816911063282,2.9759836616395487
alea-institute/kl3m-003-3.7b,bookmia.45.49,things_fall_apart,141,1.9159834575791865,17.68044662475586,0,0.0,9.227870185839084,1.3053180400954474,1.6768734266923324,0.9259588273363647,0.9562131398727255
alea-institute/kl3m-003-3.7b,bookmia.45.50,things_fall_apart,136,1.6153890830923354,2.396468821913004,2,0.014705882352941176,1.483524215308828,1.8223835057996656,1.3390606217230276,1.7956039932229582,1.3813219285231533
alea-institute/kl3m-003-3.7b,bookmia.45.53,things_fall_apart,132,2.1216589865137836,13.960402488708496,0,0.0,6.5799464369378295,1.8276251619191808,1.145154934029171,2.0465720932056715,2.283121138378702
alea-institute/kl3m-003-3.7b,bookmia.45.56,things_fall_apart,130,2.037437245532279,13.858304023742676,0,0.0,6.801831101365875,1.7631702509523504,0.9531999303323887,0.9771422618523498,1.3825123917487774
alea-institute/kl3m-003-3.7b,bookmia.45.57,things_fall_apart,128,1.8732140539052864,16.32546043395996,0,0.0,8.715213512264953,1.6451127918303787,1.4635441771143909,0.9354105046014809,1.0711852025487076
alea-institute/kl3m-003-3.7b,bookmia.45.58,things_fall_apart,134,2.5080092829233385,12.595732688903809,0,0.0,5.022203376465261,0.9770149798762948,0.9845610175866413,1.529624534704001,1.0681431974793034
alea-institute/kl3m-003-3.7b,bookmia.45.59,things_fall_apart,127,1.660592472202065,1.9026484183894656,23,0.18110236220472442,1.1457648099936386,1.1731804748187629,1.2827588611757728,1.5029444029632326,4.592638023696699
alea-institute/kl3m-003-3.7b,bookmia.45.61,things_fall_apart,129,1.8334793832424154,10.938199996948242,0,0.0,5.965815649153681,1.0397860650816328,1.6671023081936212,3.8110866650531263,1.1450505483348712
alea-institute/kl3m-003-3.7b,bookmia.45.62,things_fall_apart,114,1.7094639101711087,12.453694343566895,0,0.0,7.285146103096346,1.224151844964745,1.6677595714302893,0.9377181877104663,1.7227959211085193
alea-institute/kl3m-003-3.7b,bookmia.45.66,things_fall_apart,141,2.1443320109386326,12.48836898803711,0,0.0,5.823897103774807,1.5232211902968786,4.227334128112833,1.2793058362531018,1.3773309099523219
alea-institute/kl3m-003-3.7b,bookmia.45.67,things_fall_apart,125,1.6245142287947238,13.28179931640625,0,0.0,8.175859023568183,2.122443511345412,1.2211110170860584,2.5227532811457074,0.9097283716301386
alea-institute/kl3m-003-3.7b,bookmia.45.69,things_fall_apart,124,1.511653777973533,13.82201099395752,0,0.0,9.143635398104713,1.8164920389591215,2.217473312246536,2.4609811311390732,1.2446650856139088
alea-institute/kl3m-003-3.7b,bookmia.45.73,things_fall_apart,130,1.687350543788097,13.440608024597168,0,0.0,7.965510233826721,1.147368176110378,1.6845203612819477,1.270549577488083,3.4673995393364647
alea-institute/kl3m-003-3.7b,bookmia.45.74,things_fall_apart,138,1.8914453142929826,14.985365867614746,0,0.0,7.9227063845703825,1.6052347128326645,1.7352048449083328,2.04547707622855,2.3380723641835814
alea-institute/kl3m-003-3.7b,bookmia.45.77,things_fall_apart,126,1.9448197441386237,13.31884479522705,0,0.0,6.848369796413227,1.1361934692072568,1.9308167233029438,0.9910582406536237,4.017391957559344
alea-institute/kl3m-003-3.7b,bookmia.45.79,things_fall_apart,143,2.5616188656283914,13.694029808044434,0,0.0,5.345849841984649,2.828420647542276,2.9403581214587238,1.094216207688017,1.0229766278156023
alea-institute/kl3m-003-3.7b,bookmia.45.80,things_fall_apart,119,1.824122592025904,18.285390853881836,0,0.0,10.024211603877864,1.6033906782720992,3.422813100027905,1.2638736789636802,4.123508896257982
alea-institute/kl3m-003-3.7b,bookmia.45.85,things_fall_apart,125,1.8009305352428928,14.173130989074707,0,0.0,7.86989320893666,1.7108257262814326,1.3802198647680193,1.0123253029957864,3.8975930079311336
alea-institute/kl3m-003-3.7b,bookmia.45.87,things_fall_apart,133,1.5903163097814799,13.664469718933105,0,0.0,8.592296787052819,1.3293909654923177,1.577842262203036,1.7453704636283494,1.610253803534842
alea-institute/kl3m-003-3.7b,bookmia.45.89,things_fall_apart,133,2.176895650580236,12.733930587768555,0,0.0,5.849582447543784,1.1165167211138127,1.9693959401954886,1.386162325244931,1.1581566937745418
alea-institute/kl3m-003-3.7b,bookmia.45.92,things_fall_apart,121,1.790013765559526,11.274398803710938,0,0.0,6.298498380646119,1.3917580022691753,2.151386269715519,1.0353876516827871,1.4590833329417723
alea-institute/kl3m-003-3.7b,bookmia.45.93,things_fall_apart,132,1.923024014983446,11.680840492248535,0,0.0,6.0742041707415115,1.635003610231403,1.1922862211410445,1.0151646622859023,1.859062205714592
alea-institute/kl3m-003-3.7b,bookmia.45.94,things_fall_apart,127,1.9182147481231253,8.326912879943848,0,0.0,4.340970106757497,2.0136668177684154,1.4320767312153726,3.5681811651601474,2.1735085784355226
alea-institute/kl3m-003-3.7b,bookmia.45.95,things_fall_apart,137,1.7711080439525986,11.750630378723145,0,0.0,6.634620862823903,1.3163654802690996,1.4403541955441659,2.451061570248716,0.9454977292670068
alea-institute/kl3m-003-3.7b,bookmia.13.01,fifty_shades_of_grey,119,1.880590912219266,10.975430488586426,0,0.0,5.836160547875046,1.1835371168345603,1.612001813469672,1.9175827930877642,0.976368250119006
alea-institute/kl3m-003-3.7b,bookmia.13.03,fifty_shades_of_grey,136,2.219460727310969,13.252596855163574,0,0.0,5.971088693792756,1.1835889865973412,1.6200113147034378,3.77615090705616,1.6053252393874446
alea-institute/kl3m-003-3.7b,bookmia.13.04,fifty_shades_of_grey,153,2.35692000469867,15.613571166992188,0,0.0,6.62456559232623,1.3527721116882057,1.0814433726599433,2.1123296119597494,1.0503794242651614
alea-institute/kl3m-003-3.7b,bookmia.13.05,fifty_shades_of_grey,144,2.279595029246492,15.01270866394043,0,0.0,6.585691086062247,0.9869379433673481,1.022856560565074,1.5868288085675595,2.1753853920622035
alea-institute/kl3m-003-3.7b,bookmia.13.08,fifty_shades_of_grey,142,2.078322288866358,11.965163230895996,0,0.0,5.757125973672984,1.4755059762051306,2.2745567640953404,1.9395590227526065,1.8374221976670213
alea-institute/kl3m-003-3.7b,bookmia.13.09,fifty_shades_of_grey,136,2.207457556560043,13.357810974121094,0,0.0,6.051219845394005,1.3274993349909872,1.349316980152471,1.7765767693330656,1.3963975138186493
alea-institute/kl3m-003-3.7b,bookmia.13.10,fifty_shades_of_grey,132,1.9979940547592847,9.050102233886719,0,0.0,4.529594175883101,0.998872537878531,1.0561040297654638,3.9285916542193853,1.0263430387462158
alea-institute/kl3m-003-3.7b,bookmia.13.12,fifty_shades_of_grey,146,2.0480586705902395,14.981120109558105,0,0.0,7.314790501211876,3.252168616616988,1.088898817474136,1.2862371178174057,1.0391788211367885
alea-institute/kl3m-003-3.7b,bookmia.13.13,fifty_shades_of_grey,153,2.3186546051412043,7.244503974914551,0,0.0,3.1244429242937484,1.298630704164366,1.2730022489381145,1.2159385336999204,1.8519794849531144
alea-institute/kl3m-003-3.7b,bookmia.13.16,fifty_shades_of_grey,148,1.9117788408129364,15.954438209533691,0,0.0,8.345336745514697,1.7555736729803315,2.8079799745095295,1.0114001621155668,1.1599247561482082
alea-institute/kl3m-003-3.7b,bookmia.13.18,fifty_shades_of_grey,143,2.0507205947435794,2.1836192627638202,108,0.7552447552447552,1.0648058386700205,1.0655459877298823,2.3737290611401685,1.0729119985295144,1.1998294436567347
alea-institute/kl3m-003-3.7b,bookmia.13.22,fifty_shades_of_grey,160,2.229018422627996,14.059621810913086,0,0.0,6.307539528693933,1.5688138408791419,1.1957741255441243,1.0632241774601303,1.0083311026660144
alea-institute/kl3m-003-3.7b,bookmia.13.23,fifty_shades_of_grey,129,2.058853462739133,15.438538551330566,0,0.0,7.498609702310177,2.391240944652639,1.1639271355508531,1.5661355239609083,1.479321658562387
alea-institute/kl3m-003-3.7b,bookmia.13.25,fifty_shades_of_grey,132,2.2558627152715363,5.740285949409008,4,0.030303030303030304,2.5446078391867277,3.319381170042943,1.9404323100904706,1.7509448658666418,2.5671255701135336
alea-institute/kl3m-003-3.7b,bookmia.13.27,fifty_shades_of_grey,140,2.1752233261658276,15.683402061462402,0,0.0,7.210019253106696,2.7929805691116054,2.2349630021505615,1.0363955810559673,1.5210026390048448
alea-institute/kl3m-003-3.7b,bookmia.13.29,fifty_shades_of_grey,137,1.7989207241498528,1.8331549262305296,126,0.9197080291970803,1.0190304117469409,1.0234744660798956,1.024148219212224,1.0314570116230166,1.1747454964755255
alea-institute/kl3m-003-3.7b,bookmia.13.31,fifty_shades_of_grey,134,1.584229488340226,5.194174289703369,0,0.0,3.2786754241932647,1.165096754623948,1.2107722951817703,1.3803286888882498,3.27455951475079
alea-institute/kl3m-003-3.7b,bookmia.13.32,fifty_shades_of_grey,134,2.075589895788789,10.877579689025879,0,0.0,5.240717210608727,1.6621977319607346,0.9994761251823685,1.159802564662765,1.017683840963471
alea-institute/kl3m-003-3.7b,bookmia.13.34,fifty_shades_of_grey,136,2.451429043948712,17.600257873535156,0,0.0,7.179590988766708,2.873407406913866,2.0089210041029966,2.7902549281555284,3.124910449194331
alea-institute/kl3m-003-3.7b,bookmia.13.35,fifty_shades_of_grey,128,2.5577731076829195,14.752443313598633,0,0.0,5.767690366782703,3.2632115534773427,2.112404295469439,1.2141288162891266,0.923259608385326
alea-institute/kl3m-003-3.7b,bookmia.13.37,fifty_shades_of_grey,133,1.8717296104692185,13.204122543334961,0,0.0,7.054503208946327,1.1228801422702948,1.8414149861519826,1.0573355654113625,1.0890691284939085
alea-institute/kl3m-003-3.7b,bookmia.13.41,fifty_shades_of_grey,147,2.476648648881645,14.433923721313477,0,0.0,5.828006216316254,1.217162026864898,1.6037740618051894,2.5551375370834744,1.795311892699944
alea-institute/kl3m-003-3.7b,bookmia.13.42,fifty_shades_of_grey,134,1.7604452859293869,11.672518730163574,0,0.0,6.63043539237366,1.3422066155319652,1.4247745165472356,2.0901586568846877,1.1871406865277656
alea-institute/kl3m-003-3.7b,bookmia.13.43,fifty_shades_of_grey,144,2.219837396737906,14.461771011352539,0,0.0,6.514788440182326,1.389774598835529,1.6239101305640338,1.0840007401321792,3.8169164019298054
alea-institute/kl3m-003-3.7b,bookmia.13.44,fifty_shades_of_grey,133,2.1931392476925473,15.811813354492188,0,0.0,7.209671420147245,0.9719530568118385,1.0824990087195743,1.132779484819292,3.0135488646423596
alea-institute/kl3m-003-3.7b,bookmia.13.45,fifty_shades_of_grey,141,2.0767190506205404,13.089577674865723,0,0.0,6.303008426178039,1.3688061605989046,1.491070204814093,2.834368966993431,2.8698484304593874
alea-institute/kl3m-003-3.7b,bookmia.13.46,fifty_shades_of_grey,136,2.19778685747288,11.597171783447266,0,0.0,5.276749992391093,1.0129167397965633,1.9344590990300268,1.4117418228640541,1.0796457898350822
alea-institute/kl3m-003-3.7b,bookmia.13.47,fifty_shades_of_grey,142,2.6419634929869216,20.482969284057617,0,0.0,7.752934262123437,2.462390788931474,1.0077545818164593,1.012684187694436,1.0557296417859559
alea-institute/kl3m-003-3.7b,bookmia.13.51,fifty_shades_of_grey,125,1.9698353182533466,9.54040813446045,0,0.0,4.843251639390815,2.1520004361614506,2.8779583992333317,1.5219663542757074,2.3685518277711
alea-institute/kl3m-003-3.7b,bookmia.13.52,fifty_shades_of_grey,141,2.1221227053988803,11.296361923217773,0,0.0,5.32314266959152,1.4639476645803988,1.8208405388838138,1.9526429053803784,2.7074877384605607
alea-institute/kl3m-003-3.7b,bookmia.13.53,fifty_shades_of_grey,150,2.515049022745807,15.12492847442627,0,0.0,6.013770840106177,0.9855574132205553,2.1269038632565107,1.0240174942755809,3.3549399944380833
alea-institute/kl3m-003-3.7b,bookmia.13.54,fifty_shades_of_grey,137,2.1693152442483576,4.03026008605957,0,0.0,1.8578489672007115,1.5403840505203523,2.1492948107223744,0.9849294680979502,1.3795360861876147
alea-institute/kl3m-003-3.7b,bookmia.13.58,fifty_shades_of_grey,131,2.2131279881644588,12.804631233215332,0,0.0,5.785761737094716,2.146855450229239,1.1616853318610885,2.8213525365660326,1.2164144997378288
alea-institute/kl3m-003-3.7b,bookmia.13.59,fifty_shades_of_grey,140,2.1610633239532033,13.571118354797363,0,0.0,6.2798337301712674,0.9690885678946226,0.9770202998959506,0.9773649545951345,1.1967589121447824
alea-institute/kl3m-003-3.7b,bookmia.13.61,fifty_shades_of_grey,138,1.9283310016621398,10.680594444274902,0,0.0,5.538776504173133,1.1926285434774515,1.2337285516295924,1.446589868928359,1.519650002504558
alea-institute/kl3m-003-3.7b,bookmia.13.64,fifty_shades_of_grey,123,2.0723028458329296,17.552112579345703,0,0.0,8.469858840680647,1.0090229572954874,1.1488797386923624,3.45701241675035,1.1091485167201514
alea-institute/kl3m-003-3.7b,bookmia.13.67,fifty_shades_of_grey,147,2.0482784794539777,7.041536808013916,0,0.0,3.437782937548132,1.7377101809433817,2.0011478278034147,2.7934896209435576,1.8407617392589073
alea-institute/kl3m-003-3.7b,bookmia.13.72,fifty_shades_of_grey,141,1.698304871863195,12.161893844604492,0,0.0,7.16119587601594,1.4330226800968633,1.9061265744044467,1.8282235425688098,4.72847811262006
alea-institute/kl3m-003-3.7b,bookmia.13.74,fifty_shades_of_grey,131,1.9763427549987682,14.496070861816406,0,0.0,7.33479596347924,1.1285163573859012,1.158781876152494,0.9446046843217181,2.275793450668232
alea-institute/kl3m-003-3.7b,bookmia.13.75,fifty_shades_of_grey,129,2.6809960425760986,12.448719024658203,0,0.0,4.643318687146049,3.438365594808837,1.1811528647166034,2.4783906664444344,1.9129925771128642
alea-institute/kl3m-003-3.7b,bookmia.13.79,fifty_shades_of_grey,134,2.130830490177035,3.207887649536133,0,0.0,1.5054635572018744,1.0595648737756513,1.7927954777217456,1.0813374341135629,1.5869949074963268
alea-institute/kl3m-003-3.7b,bookmia.13.82,fifty_shades_of_grey,131,1.9975568368948307,14.445630073547363,0,0.0,7.231649085891773,1.7043126543961724,3.750318156863833,3.773935903665369,2.1104731505975045
alea-institute/kl3m-003-3.7b,bookmia.13.83,fifty_shades_of_grey,119,1.7721960894276654,11.994425773620605,0,0.0,6.768114344216972,1.5383996452300466,2.664400363455313,1.2439994925382,1.41549705648483
alea-institute/kl3m-003-3.7b,bookmia.13.85,fifty_shades_of_grey,145,1.7587633990355493,11.208616256713867,0,0.0,6.373009731076006,2.248159895810731,1.1385688858150615,0.9662013700062656,1.105653082307539
alea-institute/kl3m-003-3.7b,bookmia.13.87,fifty_shades_of_grey,132,2.142766395531715,14.585596084594727,0,0.0,6.806899769853539,1.0004717139312658,1.0429093714539275,1.0117881103147874,2.931466046343159
alea-institute/kl3m-003-3.7b,bookmia.13.93,fifty_shades_of_grey,135,2.2190097100601567,9.10598087310791,0,0.0,4.103623716392413,3.9457369411772727,2.1316566983163963,1.2725600468069314,1.5624300592631748
alea-institute/kl3m-003-3.7b,bookmia.13.94,fifty_shades_of_grey,133,2.1937429742936634,15.315007209777832,0,0.0,6.981222225775526,2.1561577920157755,1.064703646926229,1.391505184915171,1.3156455218026792
alea-institute/kl3m-003-3.7b,bookmia.13.95,fifty_shades_of_grey,146,2.0782256897129057,16.488618850708008,0,0.0,7.9339885616493415,1.3382875970265913,1.110689074751891,1.0076515290991037,2.1835508229748535
alea-institute/kl3m-003-3.7b,bookmia.13.96,fifty_shades_of_grey,138,2.2390415939760557,14.749791145324707,0,0.0,6.587546736517857,1.0250893006307635,1.1752010873355407,2.418448221464345,1.1417720011285122
alea-institute/kl3m-003-3.7b,bookmia.13.99,fifty_shades_of_grey,151,2.189415750704553,17.699033737182617,0,0.0,8.083907193728315,1.7287855752380568,0.965772152257293,1.3012438302643057,1.0615223516943084
alea-institute/kl3m-003-3.7b,bookmia.17.00,harry_potter_and_the_sorcerer's_stone,128,2.0003987223969943,11.492509841918945,0,0.0,5.745109569030293,2.4575331345380147,2.038097561643025,1.3723548452836158,0.9915835335193941
alea-institute/kl3m-003-3.7b,bookmia.17.03,harry_potter_and_the_sorcerer's_stone,138,1.8777385785246936,3.3922359943389893,0,0.0,1.806553922433766,1.3795418029879478,3.320163367339541,2.2528090495567956,3.6482968762934505
alea-institute/kl3m-003-3.7b,bookmia.17.04,harry_potter_and_the_sorcerer's_stone,140,2.2302432160376546,9.318939208984375,0,0.0,4.178440782589085,0.9863400065063341,1.0197911126631967,1.4047847679541794,1.1550381713493014
alea-institute/kl3m-003-3.7b,bookmia.17.06,harry_potter_and_the_sorcerer's_stone,144,2.469738159326274,11.125870704650879,0,0.0,4.504878649842756,3.5041145329137753,3.17309007108827,1.927706143452791,2.0748249098775227
alea-institute/kl3m-003-3.7b,bookmia.17.08,harry_potter_and_the_sorcerer's_stone,128,2.5312697372689854,17.794416427612305,0,0.0,7.02983809493606,0.9859993320364489,0.9844792746260945,1.0000044081753545,1.020025400789492
alea-institute/kl3m-003-3.7b,bookmia.17.11,harry_potter_and_the_sorcerer's_stone,135,1.8925350748114633,13.654593467712402,0,0.0,7.214975114304124,2.37402204127035,1.4061057800437329,1.4445839165092305,1.4364318267703693
alea-institute/kl3m-003-3.7b,bookmia.17.12,harry_potter_and_the_sorcerer's_stone,155,1.9651628448830678,2.231245815847069,4,0.025806451612903226,1.135399960189983,1.1437243026431185,1.1048654720719913,1.2246001809904865,1.7309939645493047
alea-institute/kl3m-003-3.7b,bookmia.17.13,harry_potter_and_the_sorcerer's_stone,125,1.9545258355895057,11.923871040344238,0,0.0,6.10064641931319,1.5078743978477007,1.5159514147115678,2.193935481636402,1.8808285401022544
alea-institute/kl3m-003-3.7b,bookmia.17.14,harry_potter_and_the_sorcerer's_stone,122,2.057454173376814,18.233179092407227,0,0.0,8.862009821818713,1.933383897297491,0.9272586555633212,1.0697882020769944,0.9261825965637277
alea-institute/kl3m-003-3.7b,bookmia.17.16,harry_potter_and_the_sorcerer's_stone,136,2.0580561278680656,12.948588371276855,0,0.0,6.291659491663262,1.126724203699323,1.796192127162042,1.1911565006323679,1.7515463918511036
alea-institute/kl3m-003-3.7b,bookmia.17.18,harry_potter_and_the_sorcerer's_stone,144,1.742117371140517,15.310609817504883,0,0.0,8.788506487069492,1.09148228592515,0.9643581541253254,1.5525320621066363,3.5519328125758336
alea-institute/kl3m-003-3.7b,bookmia.17.22,harry_potter_and_the_sorcerer's_stone,126,2.077100421961419,17.961252212524414,0,0.0,8.647271948249614,1.2312008580865224,1.3497957411934824,1.2021994140935162,1.8422799216323542
alea-institute/kl3m-003-3.7b,bookmia.17.24,harry_potter_and_the_sorcerer's_stone,132,2.11643406964581,11.028493881225586,0,0.0,5.210884685423359,1.2449728493278884,1.0284873861426171,1.0357457861265547,1.2038535161538004
alea-institute/kl3m-003-3.7b,bookmia.17.26,harry_potter_and_the_sorcerer's_stone,133,2.3958889237239926,13.51171588897705,0,0.0,5.639541864893903,1.2095433118638887,1.0958387288133475,1.0830362614836586,1.024409064730954
alea-institute/kl3m-003-3.7b,bookmia.17.28,harry_potter_and_the_sorcerer's_stone,122,2.03144124156085,18.428972244262695,0,0.0,9.071870683349358,1.8208703408274112,0.9397019418138424,1.1356284221532025,1.4843541399519737
alea-institute/kl3m-003-3.7b,bookmia.17.31,harry_potter_and_the_sorcerer's_stone,157,2.925110198984851,10.572105407714844,0,0.0,3.614258844464682,1.6837971330813395,2.0904994717125955,3.783413754628889,1.056471154808123
alea-institute/kl3m-003-3.7b,bookmia.17.32,harry_potter_and_the_sorcerer's_stone,128,2.407322127003681,9.181113243103027,0,0.0,3.8138282949820566,2.604384227681376,1.9259511737655397,1.1437622600808195,1.6865239075959872
alea-institute/kl3m-003-3.7b,bookmia.17.33,harry_potter_and_the_sorcerer's_stone,136,1.9556764446930601,10.265230178833008,0,0.0,5.248940951704369,1.5548301599856826,2.3977791563505644,1.6233382970356869,2.5804638963871347
alea-institute/kl3m-003-3.7b,bookmia.17.35,harry_potter_and_the_sorcerer's_stone,141,1.9129436314205064,13.344961166381836,0,0.0,6.976139258464289,1.099293072800864,1.8965132856976952,1.0199981652213879,2.0292319699528494
alea-institute/kl3m-003-3.7b,bookmia.17.38,harry_potter_and_the_sorcerer's_stone,143,1.9757976407462803,3.041119400918593,33,0.23076923076923078,1.5391856626420148,1.623813994443706,2.7129276819876256,1.8055852457215351,2.262900552640541
alea-institute/kl3m-003-3.7b,bookmia.17.41,harry_potter_and_the_sorcerer's_stone,137,2.3375706184964735,9.699090957641602,0,0.0,4.14921837265394,1.3428977200951715,1.3961132297326189,2.759886811415053,2.101403377160403
alea-institute/kl3m-003-3.7b,bookmia.17.42,harry_potter_and_the_sorcerer's_stone,136,2.052512732878848,3.155156488607948,2,0.014705882352941176,1.5372165239542925,1.9435989926055564,1.4125622508081936,1.021767966165292,1.182055105142799
alea-institute/kl3m-003-3.7b,bookmia.17.45,harry_potter_and_the_sorcerer's_stone,133,2.436573458998289,7.955652236938477,0,0.0,3.265098455192548,1.8205140795623762,1.5228401522864101,4.631993301341933,0.9172523100488582
alea-institute/kl3m-003-3.7b,bookmia.17.49,harry_potter_and_the_sorcerer's_stone,141,2.576722494239014,9.279668807983398,1,0.0070921985815602835,3.6013458293357945,3.8687894223493395,0.9675568603764317,2.6972529265576797,0.9936574019506222
alea-institute/kl3m-003-3.7b,bookmia.17.51,harry_potter_and_the_sorcerer's_stone,133,1.9555528778972322,12.354894638061523,0,0.0,6.317852499773108,1.3890748754511082,1.2469860961650105,1.5386627538237003,4.96977971814537
alea-institute/kl3m-003-3.7b,bookmia.17.55,harry_potter_and_the_sorcerer's_stone,122,1.9966044479176654,16.397171020507812,0,0.0,8.212528544454083,0.9674147417532591,2.0938124692983924,1.5172671153697734,2.91890036032023
alea-institute/kl3m-003-3.7b,bookmia.17.58,harry_potter_and_the_sorcerer's_stone,122,2.1543539617440595,15.481956481933594,0,0.0,7.186356911099307,1.1000045573085104,1.3741592722594693,1.2471694155049966,1.557735095758175
alea-institute/kl3m-003-3.7b,bookmia.17.62,harry_potter_and_the_sorcerer's_stone,125,2.088155655745417,11.546316146850586,0,0.0,5.529432691036077,1.75402697164536,1.5593565176084094,2.049401118447415,2.6398066538033587
alea-institute/kl3m-003-3.7b,bookmia.17.64,harry_potter_and_the_sorcerer's_stone,132,2.012797486381411,17.127668380737305,0,0.0,8.50938482218063,1.4382291093136257,1.6334498110164997,0.9291883148953817,0.9269521629823609
alea-institute/kl3m-003-3.7b,bookmia.17.65,harry_potter_and_the_sorcerer's_stone,145,2.2885753574798935,17.88117027282715,0,0.0,7.813232024187014,4.398932030865759,1.836606905330871,2.4498034230389916,0.8883922890728719
alea-institute/kl3m-003-3.7b,bookmia.17.66,harry_potter_and_the_sorcerer's_stone,153,1.877283163089172,14.247618675231934,0,0.0,7.58948833898169,2.069970941989528,1.695453850389491,1.0651358078175832,1.1100611774457607
alea-institute/kl3m-003-3.7b,bookmia.17.67,harry_potter_and_the_sorcerer's_stone,137,2.3485983273549342,11.570847511291504,0,0.0,4.926703462453266,2.7428463555198728,0.9757348089752254,2.1986890532605483,0.9206285999022943
alea-institute/kl3m-003-3.7b,bookmia.17.68,harry_potter_and_the_sorcerer's_stone,142,2.186884996328752,8.787028312683105,0,0.0,4.018056883390937,1.1209688564522244,2.6976831389286287,3.2477058952868996,1.4548729710475345
alea-institute/kl3m-003-3.7b,bookmia.17.69,harry_potter_and_the_sorcerer's_stone,133,2.2619325440036504,3.2141464576823635,4,0.03007518796992481,1.420973612233936,1.7083518820441064,1.3371770650474544,2.9858940794301767,1.2874450037188385
alea-institute/kl3m-003-3.7b,bookmia.17.73,harry_potter_and_the_sorcerer's_stone,131,2.345334070709575,13.82130241394043,0,0.0,5.893106055359879,1.226727654067927,1.0148021333374333,1.032365742975458,2.2621722199674306
alea-institute/kl3m-003-3.7b,bookmia.17.76,harry_potter_and_the_sorcerer's_stone,145,1.9492810174533777,2.275786201622778,18,0.12413793103448276,1.1675003148576086,1.2095274290337634,1.514295573532646,2.581400248422073,1.2772069326172792
alea-institute/kl3m-003-3.7b,bookmia.17.77,harry_potter_and_the_sorcerer's_stone,143,2.027773685995945,17.94133758544922,0,0.0,8.847800772519292,1.1846230226435028,1.9667803576625136,2.198293915155249,1.3380701109923876
alea-institute/kl3m-003-3.7b,bookmia.17.79,harry_potter_and_the_sorcerer's_stone,144,2.1807717161346876,10.037710189819336,0,0.0,4.602824823687044,1.4201389057371598,1.0595790355508512,1.5073102198020503,1.5262552137441985
alea-institute/kl3m-003-3.7b,bookmia.17.80,harry_potter_and_the_sorcerer's_stone,136,1.9049603005378364,5.66985559463501,0,0.0,2.9763641756913324,2.1600274223948825,2.2218641604257208,1.2728932255370846,0.9942220914064639
alea-institute/kl3m-003-3.7b,bookmia.17.82,harry_potter_and_the_sorcerer's_stone,133,1.9680268671634935,13.205086708068848,0,0.0,6.709810180132991,2.095193869528554,2.4012081761341553,2.6048929409314883,1.478433549795185
alea-institute/kl3m-003-3.7b,bookmia.17.84,harry_potter_and_the_sorcerer's_stone,141,2.540759830170886,9.379507064819336,0,0.0,3.691614985973897,2.116346228256244,2.4378632589040325,2.2546583426833537,1.0309479983872005
alea-institute/kl3m-003-3.7b,bookmia.17.85,harry_potter_and_the_sorcerer's_stone,135,2.35242667569158,15.20035171508789,0,0.0,6.461562382436088,4.165118453507494,1.8199800532628303,1.2938640242491375,1.055496264670303
alea-institute/kl3m-003-3.7b,bookmia.17.86,harry_potter_and_the_sorcerer's_stone,135,2.0025906766300237,11.657922744750977,0,0.0,5.821420663142718,1.0941603998544114,1.1719121590854156,1.5220317212829668,1.930490709856576
alea-institute/kl3m-003-3.7b,bookmia.17.88,harry_potter_and_the_sorcerer's_stone,133,2.041739071402051,12.530954360961914,0,0.0,6.137392645553369,2.539112692847012,1.006673072847426,1.9914038407777326,1.7318833466423935
alea-institute/kl3m-003-3.7b,bookmia.17.89,harry_potter_and_the_sorcerer's_stone,141,1.9694574910142963,12.300536155700684,0,0.0,6.245646941770623,1.692946508295165,2.156987115216805,5.250625746358968,3.207002359701378
alea-institute/kl3m-003-3.7b,bookmia.17.91,harry_potter_and_the_sorcerer's_stone,138,2.3380113552502473,15.092757225036621,0,0.0,6.455382344976327,1.698055826522864,1.1960588622151198,1.2433333694405915,1.5363885905253103
alea-institute/kl3m-003-3.7b,bookmia.17.94,harry_potter_and_the_sorcerer's_stone,124,2.1313922750226584,14.154467582702637,0,0.0,6.640949086930591,2.7175516610085113,1.1143434386337554,1.0077578393178388,1.657761239840134
alea-institute/kl3m-003-3.7b,bookmia.17.95,harry_potter_and_the_sorcerer's_stone,120,2.424556315476851,10.39158821105957,0,0.0,4.285975188419494,1.1457248317527666,1.110904451915949,1.1734146938770686,2.2537709462290585
alea-institute/kl3m-003-3.7b,bookmia.17.97,harry_potter_and_the_sorcerer's_stone,153,2.629771903915075,16.066179275512695,0,0.0,6.1093432672218295,1.8508307560117914,1.1991789722016393,1.7417182767710324,1.2739546529785708
alea-institute/kl3m-003-3.7b,bookmia.17.98,harry_potter_and_the_sorcerer's_stone,145,2.6456605573040273,5.409203052520752,0,0.0,2.0445567129113575,1.0789358918668799,2.502329552370735,1.39068682779408,1.652529932433823
alea-institute/kl3m-003-3.7b,bookmia.22.01,lord_of_the_flies,146,2.0689795583463435,2.623428874079966,8,0.0547945205479452,1.267982017268828,1.3681348738718615,1.7443337052740535,1.0634448319918457,1.096943260387622
alea-institute/kl3m-003-3.7b,bookmia.22.02,lord_of_the_flies,139,2.167651517672645,14.617889404296875,0,0.0,6.743652881987114,0.9961761833352809,1.4170788053858663,1.0334370572756593,1.3714309316533633
alea-institute/kl3m-003-3.7b,bookmia.22.06,lord_of_the_flies,132,2.252595887208427,11.913347244262695,0,0.0,5.288719255821132,1.6402362406051847,1.1631089300898776,1.355924251658682,1.6054787474382881
alea-institute/kl3m-003-3.7b,bookmia.22.07,lord_of_the_flies,127,1.893466239866588,11.621586799621582,0,0.0,6.137731191045914,1.0964827300420352,1.2055622485167603,1.6140730874393898,3.3976299649145263
alea-institute/kl3m-003-3.7b,bookmia.22.08,lord_of_the_flies,136,1.8632992859668722,2.0880197053415146,96,0.7058823529411765,1.1206035021142802,1.1239297031986701,1.1291813447130357,1.4266102922812807,1.2261355961380203
alea-institute/kl3m-003-3.7b,bookmia.22.10,lord_of_the_flies,135,2.483565332401647,14.557772636413574,0,0.0,5.8616427144020316,1.068132513198072,1.0097119598763755,1.0390943990708008,1.0704133362446588
alea-institute/kl3m-003-3.7b,bookmia.22.11,lord_of_the_flies,134,2.306367141012634,7.085018157958984,0,0.0,3.0719385617192914,1.6802222259423107,1.245397666473108,1.0479143054147386,1.267513820197812
alea-institute/kl3m-003-3.7b,bookmia.22.15,lord_of_the_flies,141,2.4346464383927775,14.236644744873047,0,0.0,5.847520412151225,1.2884372207113872,1.396825231800848,2.442344048827278,1.0600506082037586
alea-institute/kl3m-003-3.7b,bookmia.22.17,lord_of_the_flies,133,1.9873712952835205,11.659436225891113,0,0.0,5.866762921232475,1.300185496390222,2.6617751559714993,1.0906187532024036,1.7710359504394253
alea-institute/kl3m-003-3.7b,bookmia.22.18,lord_of_the_flies,134,2.1133125336187435,9.37980842590332,0,0.0,4.438438837932669,1.3204951155954288,1.6157295010696409,3.926045342891676,1.6033808790983943
alea-institute/kl3m-003-3.7b,bookmia.22.20,lord_of_the_flies,138,2.1155977678926834,7.9186201095581055,0,0.0,3.7429705352004268,1.6372972719422454,1.3218252327016837,1.359890359260413,3.373866495348546
alea-institute/kl3m-003-3.7b,bookmia.22.21,lord_of_the_flies,148,2.183880663715713,18.365293502807617,0,0.0,8.409476675140489,1.086593259163587,1.6146402666071307,2.740951677798704,1.319713551996293
alea-institute/kl3m-003-3.7b,bookmia.22.26,lord_of_the_flies,129,2.2516574465521693,13.905790328979492,0,0.0,6.175801896630685,1.3036348539596054,1.8947442691628438,0.9563123686388495,2.050293085428434
alea-institute/kl3m-003-3.7b,bookmia.22.27,lord_of_the_flies,159,2.1355253435461767,15.556258201599121,0,0.0,7.284511161907804,1.335199077518564,1.9557442111619996,1.0498394593186724,2.7383238971917883
alea-institute/kl3m-003-3.7b,bookmia.22.28,lord_of_the_flies,140,2.1378732575198227,16.443208694458008,0,0.0,7.691386117778567,1.3706199089004747,3.572839716983858,2.1803625587982842,0.9756423897514569
alea-institute/kl3m-003-3.7b,bookmia.22.29,lord_of_the_flies,139,2.0182493759248836,18.255027770996094,0,0.0,9.044981253929802,1.362352850093784,1.0011727934183825,2.096992374663156,1.020110860484855
alea-institute/kl3m-003-3.7b,bookmia.22.32,lord_of_the_flies,148,2.231726517270766,14.85239315032959,0,0.0,6.655113444855668,1.2383311707810336,1.2570517315395313,2.8004381709828494,1.2548395685632274
alea-institute/kl3m-003-3.7b,bookmia.22.38,lord_of_the_flies,130,2.086723684189089,11.411124229431152,0,0.0,5.4684404628615555,1.2315198264633052,1.8359308185174317,1.8757635884406987,1.051739027779887
alea-institute/kl3m-003-3.7b,bookmia.22.39,lord_of_the_flies,131,2.091377689723745,13.469738960266113,0,0.0,6.4406056478709806,1.5907763184939234,1.2149232001530927,1.0113020746617178,1.3851832179162626
alea-institute/kl3m-003-3.7b,bookmia.22.43,lord_of_the_flies,132,2.0644953644836224,13.669624328613281,0,0.0,6.621290879978492,2.1256815143742003,2.1878774575948086,1.254297359948526,1.0754915526318836
alea-institute/kl3m-003-3.7b,bookmia.22.44,lord_of_the_flies,143,2.4310585009044043,12.220623970031738,0,0.0,5.0268736706605015,1.2313135944142408,1.2866827404862249,1.5597469015646799,1.4597473115804682
alea-institute/kl3m-003-3.7b,bookmia.22.45,lord_of_the_flies,123,2.323343305783233,14.112627983093262,0,0.0,6.074275785229118,1.0097674865478434,1.923271938003355,1.131656841326905,1.138559822054923
alea-institute/kl3m-003-3.7b,bookmia.22.46,lord_of_the_flies,129,1.755958561342419,11.962965965270996,0,0.0,6.812783757337296,1.5092008722854489,1.1907477474458712,1.2488685427812665,1.8384669001091143
alea-institute/kl3m-003-3.7b,bookmia.22.48,lord_of_the_flies,139,2.1373981239861246,14.844385147094727,0,0.0,6.945072600424483,2.4995914531434043,1.9071269914731797,3.4818350122154125,1.8301809918205414
alea-institute/kl3m-003-3.7b,bookmia.22.52,lord_of_the_flies,128,2.09944399408748,12.852999687194824,0,0.0,6.122096956809444,1.2809869602364201,1.2560045035235674,1.636542423743499,2.088014603602395
alea-institute/kl3m-003-3.7b,bookmia.22.53,lord_of_the_flies,132,1.7403242160075796,11.042778015136719,0,0.0,6.34524183112822,1.3334979511797775,1.0307344709523691,1.7904271152675753,1.7305175103808927
alea-institute/kl3m-003-3.7b,bookmia.22.57,lord_of_the_flies,132,2.662595432930781,13.28074836730957,0,0.0,4.987895721240362,1.296307096200143,1.777031218528502,2.0018369571941763,3.3639019097604743
alea-institute/kl3m-003-3.7b,bookmia.22.59,lord_of_the_flies,138,2.3286330865141833,17.94639015197754,0,0.0,7.706834647291795,1.0453719275064088,1.3450134708057289,1.7531754524812464,1.0040661739626142
alea-institute/kl3m-003-3.7b,bookmia.22.61,lord_of_the_flies,129,2.1439192091415333,13.877772331237793,0,0.0,6.473085493177106,1.6875184416211368,0.98619709736736,1.104382926306112,3.0498946104055316
alea-institute/kl3m-003-3.7b,bookmia.22.62,lord_of_the_flies,145,2.035431322900193,11.563335418701172,0,0.0,5.6810246008325676,1.0979197750286318,1.1277305204703854,1.1756386788689845,3.133423653545931
alea-institute/kl3m-003-3.7b,bookmia.22.66,lord_of_the_flies,128,2.103851269667757,14.542194366455078,0,0.0,6.912177954837843,1.0378395414869745,1.5487154066283286,1.4398679743966618,1.5077668838794587
alea-institute/kl3m-003-3.7b,bookmia.22.67,lord_of_the_flies,128,1.7930430758356124,5.042536735534668,0,0.0,2.8122786359634406,1.7946681638437252,4.29089785419625,1.0016834502361627,1.1342915747116098
alea-institute/kl3m-003-3.7b,bookmia.22.68,lord_of_the_flies,128,2.432970676747196,13.375513076782227,0,0.0,5.497605542317863,1.0343953624787583,1.069221494397866,1.9535530626489326,1.1353713986729401
alea-institute/kl3m-003-3.7b,bookmia.22.70,lord_of_the_flies,126,1.827905484239593,15.309908866882324,0,0.0,8.37565672781557,2.392740237742185,1.9626405189458827,1.1664894306524018,1.1445930474357802
alea-institute/kl3m-003-3.7b,bookmia.22.77,lord_of_the_flies,129,1.6648065098784701,2.072807751862066,6,0.046511627906976744,1.245074271131592,1.3581983007617988,1.6896855624072717,1.130546833087258,1.4596057800772262
alea-institute/kl3m-003-3.7b,bookmia.22.78,lord_of_the_flies,146,2.272849765457117,14.796356201171875,0,0.0,6.510045857868667,1.1146823840539166,1.4598114051016722,1.098345402002291,1.1709075890983052
alea-institute/kl3m-003-3.7b,bookmia.22.79,lord_of_the_flies,127,1.9844439862906764,13.677035331726074,0,0.0,6.892124658701602,1.1469698626500096,2.786671517206591,1.4681268817081732,0.9235944962585302
alea-institute/kl3m-003-3.7b,bookmia.22.85,lord_of_the_flies,144,1.9409004288346396,2.493560035381681,12,0.08333333333333333,1.2847439252094301,1.5085784535783524,1.8012059069457325,1.7542415994071077,1.0987234993928507
alea-institute/kl3m-003-3.7b,bookmia.22.86,lord_of_the_flies,133,1.9782951152210582,11.550716400146484,0,0.0,5.83872260072572,1.8573759536363894,2.4402035171791083,3.2271894544834447,1.1372988756814635
alea-institute/kl3m-003-3.7b,bookmia.22.88,lord_of_the_flies,142,2.555956731511659,3.4452522359982445,2,0.014084507042253521,1.3479305786059348,1.750853942103604,1.024503040796567,1.687007905564633,1.8568909215610967
alea-institute/kl3m-003-3.7b,bookmia.22.89,lord_of_the_flies,132,1.9243113994624848,14.018309593200684,0,0.0,7.284844644747414,1.3162778474961976,0.9684919607422674,1.0452340414507428,1.2631542919419403
alea-institute/kl3m-003-3.7b,bookmia.22.90,lord_of_the_flies,132,2.021148553932576,3.9660847187042236,0,0.0,1.9622925346023474,1.456299665698767,1.6555451641731218,4.0156052002031295,1.231427563313668
alea-institute/kl3m-003-3.7b,bookmia.22.91,lord_of_the_flies,133,2.1033864433779135,9.862177848815918,0,0.0,4.688714182724239,2.050316194600363,1.0319749902549065,1.0638578350678474,1.2430046791421996
alea-institute/kl3m-003-3.7b,bookmia.22.92,lord_of_the_flies,120,1.4992271292644241,1.8305354255538147,12,0.1,1.2209860599654054,1.223814182092338,2.6334381302414593,2.3076274445252456,1.6205581490407333
alea-institute/kl3m-003-3.7b,bookmia.22.94,lord_of_the_flies,142,2.0592472452203445,13.285615921020508,0,0.0,6.4516856593385485,2.5286812962733167,1.239516485019146,1.3596459939751047,1.5628796702970915
alea-institute/kl3m-003-3.7b,bookmia.22.95,lord_of_the_flies,155,2.3418018350813297,11.863347053527832,0,0.0,5.065905609863792,3.3834807417808346,1.2523462083146755,1.0652260246289045,1.072706362166739
alea-institute/kl3m-003-3.7b,bookmia.22.96,lord_of_the_flies,148,2.2215618370163783,16.86663818359375,0,0.0,7.592243394964928,0.9917490641772453,1.441577418458695,1.0278993045225273,3.3577379949804183
alea-institute/kl3m-003-3.7b,bookmia.22.97,lord_of_the_flies,126,2.204020497026957,11.392417907714844,0,0.0,5.16892557173687,1.8921922740454422,2.17819033233927,2.5970097173466744,3.9997819261519925
alea-institute/kl3m-003-3.7b,bookmia.22.98,lord_of_the_flies,148,2.0327935873265726,20.438053131103516,0,0.0,10.054170407917614,1.1364596145042525,0.9446122996469017,0.9816312525605326,1.4354634919176765
alea-institute/kl3m-003-3.7b,bookmia.22.99,lord_of_the_flies,128,2.52958628066699,19.891252517700195,0,0.0,7.863441017894577,1.5696696839291266,5.0842732365079675,1.2953336542613418,1.5088123001744143
