model,id,novel,n_tok,s_rate,k_crit,binding_token,binding_frac,ratio_skip0,ratio_skip1,ratio_skip5,ratio_skip10,ratio_skip20
common-pile/comma-v0.1-2t,bookmia.00.11,1984,65,0.5286412686786045,15.827496528625488,0,0.0,29.939956387037302,1.0930498526993881,0.9365251839674259,1.1412275825109754,1.6018410675173258
common-pile/comma-v0.1-2t,bookmia.00.26,1984,67,0.5995498570647304,3.2697269439697267,0,0.0,5.453636433136053,1.2147642426175376,0.8967363574096479,1.0827753222498422,1.5978920336939944
common-pile/comma-v0.1-2t,bookmia.00.31,1984,65,0.561237537630094,2.0995583534240723,0,0.0,3.7409442751989803,1.339345566207597,1.4171095276459589,1.1738148875580452,3.935152600437258
common-pile/comma-v0.1-2t,bookmia.00.40,1984,68,0.532197919504324,3.719489097595215,0,0.0,6.988920777930614,2.852752617174806,3.369794670332131,0.871292296326723,0.8453023550144756
common-pile/comma-v0.1-2t,bookmia.00.46,1984,68,0.5578138085593659,6.3052825927734375,0,0.0,11.303561324625027,1.194405198089047,1.0468848704281735,0.9325160621166828,1.2128185927118023
common-pile/comma-v0.1-2t,bookmia.00.48,1984,72,0.6206744202019322,5.587144215901692,0,0.0,9.001731075181015,0.915015800222119,1.454042356411715,0.9223061868265685,1.152953241087437
common-pile/comma-v0.1-2t,bookmia.00.64,1984,72,0.5414164149209043,2.9531543254852295,0,0.0,5.454497211571719,3.3037685574145645,4.233413477323634,1.1458823884993132,0.9762884851983527
common-pile/comma-v0.1-2t,bookmia.00.71,1984,77,0.5692235680592929,5.010080973307292,0,0.0,8.801604948278284,0.9773772025314491,1.1904089111979468,1.0831029243776664,2.4056382058632786
common-pile/comma-v0.1-2t,bookmia.01.00,a_game_of_thrones,75,0.4918329055907545,4.531812349955241,0,0.0,9.214130039778352,1.7522727930439896,2.4191721591939395,4.5249303539005075,1.3548196419622909
common-pile/comma-v0.1-2t,bookmia.01.01,a_game_of_thrones,74,0.5300350097150393,0.94929533520058,15,0.20270270270270271,1.791004967220837,1.8070491034472054,3.4252036465082316,2.418665094133092,0.9877245312204419
common-pile/comma-v0.1-2t,bookmia.01.02,a_game_of_thrones,71,0.9655319182500596,16.966793060302734,0,0.0,17.572482835216398,0.9445313819036155,1.0777383390404454,1.3848372422198998,1.088787258325928
common-pile/comma-v0.1-2t,bookmia.01.03,a_game_of_thrones,66,0.7863647144301394,5.124216079711914,0,0.0,6.5163352140301924,0.9594777708344342,0.9666325273513857,0.9938847886474805,2.2568735482398963
common-pile/comma-v0.1-2t,bookmia.01.04,a_game_of_thrones,79,0.7697066070446602,1.6380807445777856,14,0.17721518987341772,2.128188493622662,2.1654786052415917,2.9655215177718746,3.99093608652044,1.2563674585970477
common-pile/comma-v0.1-2t,bookmia.01.07,a_game_of_thrones,75,0.7401873903851734,15.33285903930664,0,0.0,20.71483416020886,1.5886328791796978,0.9230533267823087,2.4087391343960625,0.9832631601090687
common-pile/comma-v0.1-2t,bookmia.01.10,a_game_of_thrones,80,0.8030707138061728,15.299534797668457,0,0.0,19.051292164740943,1.6910428771267512,1.4384923731869024,3.8422523983035988,1.5515020240730657
common-pile/comma-v0.1-2t,bookmia.01.11,a_game_of_thrones,77,0.6269471727964733,3.784742593765259,0,0.0,6.036780701767205,1.0493663824450372,2.2069743210794166,1.1447076543478043,2.7699082751680772
common-pile/comma-v0.1-2t,bookmia.01.12,a_game_of_thrones,98,0.7900737648942657,4.034715970357259,0,0.0,5.106758570697786,1.0595680382467008,2.405390344248517,1.0738890544707123,1.2709270640929369
common-pile/comma-v0.1-2t,bookmia.01.14,a_game_of_thrones,65,0.5691157763998375,2.5493998527526855,0,0.0,4.479580356882571,1.0607129282631103,1.5000594042283886,1.490813940803816,1.2023809433636157
common-pile/comma-v0.1-2t,bookmia.01.20,a_game_of_thrones,76,0.6503188364839945,2.2002739906311035,0,0.0,3.383377302320008,1.333482438646221,1.6342969630008948,1.0531341284025186,1.1202047789614322
common-pile/comma-v0.1-2t,bookmia.01.22,a_game_of_thrones,75,0.7098858796059567,4.020336786905925,0,0.0,5.663356466728895,1.4154395134442699,1.3022324247121013,1.8018110778996694,0.9470758251550984
common-pile/comma-v0.1-2t,bookmia.01.23,a_game_of_thrones,68,0.7083615756448872,3.4465087890625,0,0.0,4.8654654735116365,4.518923042293356,2.712540967930413,1.3219655983910543,1.3650899648406127
common-pile/comma-v0.1-2t,bookmia.01.26,a_game_of_thrones,71,0.7129973756101201,16.439332962036133,0,0.0,23.056652835459325,1.7575784229319107,2.6729345730604437,1.0230478815745245,2.3924004761807733
common-pile/comma-v0.1-2t,bookmia.01.27,a_game_of_thrones,73,0.7224335219075242,0.8000112246530874,47,0.6438356164383562,1.107383863557059,1.114787441040822,1.6590587306543847,1.5840464986723997,2.1651466300323583
common-pile/comma-v0.1-2t,bookmia.01.31,a_game_of_thrones,73,0.6344702286574705,5.737119674682617,0,0.0,9.04237805897099,1.3866974684392885,1.953788982144857,3.1135575578276056,1.6867332233736834
common-pile/comma-v0.1-2t,bookmia.01.32,a_game_of_thrones,79,0.6910003126030678,0.9618107924858729,2,0.02531645569620253,1.3919107921422418,1.4904446335501658,1.1107277399782063,1.0635125424110372,3.71413487263372
common-pile/comma-v0.1-2t,bookmia.01.33,a_game_of_thrones,77,0.5579581758550913,0.9260511629854591,5,0.06493506493506493,1.6597142994925234,1.7031344082600883,3.6175928703939926,1.2239576300376798,1.3872146311706968
common-pile/comma-v0.1-2t,bookmia.01.36,a_game_of_thrones,80,0.736961696138141,7.481728553771973,0,0.0,10.152126756353898,0.9513784054951048,0.9622394773263554,0.9906140814355429,1.0397162133633848
common-pile/comma-v0.1-2t,bookmia.01.37,a_game_of_thrones,77,0.6092653891151628,2.3404211044311523,0,0.0,3.841382008963532,1.103713803076626,1.2526306244496903,1.7215171532691889,12.53971316017414
common-pile/comma-v0.1-2t,bookmia.01.39,a_game_of_thrones,73,0.6827561393303415,6.67786169052124,0,0.0,9.780742062709237,1.1140992786469768,1.8968999990520745,1.0283399669528765,2.6804472064939127
common-pile/comma-v0.1-2t,bookmia.01.41,a_game_of_thrones,79,0.6606073799955736,1.008923045163484,8,0.10126582278481013,1.52726577951679,1.6891635199726018,6.649600340183562,2.0211626236212115,1.3802461875068557
common-pile/comma-v0.1-2t,bookmia.01.42,a_game_of_thrones,74,0.7543756836963175,2.296409765879313,0,0.0,3.0441195487999835,1.1979426243223683,1.3031946301503123,2.103489642066475,3.933713772184659
common-pile/comma-v0.1-2t,bookmia.01.43,a_game_of_thrones,88,0.6316826656191202,5.362213770548503,0,0.0,8.488777771498492,1.4470982667590992,1.476269349758434,0.9574481055375638,1.477487418776793
common-pile/comma-v0.1-2t,bookmia.01.44,a_game_of_thrones,79,0.6532851673200621,7.2732439041137695,0,0.0,11.133336968219286,1.2156554838405387,1.1355309695672846,3.423202852342129,1.4944101014509439
common-pile/comma-v0.1-2t,bookmia.01.46,a_game_of_thrones,79,0.7357079607412436,2.898006248474121,0,0.0,3.9390714836826146,1.1254770201260453,1.1713350116263117,1.2387647958273365,1.552456857523015
common-pile/comma-v0.1-2t,bookmia.01.49,a_game_of_thrones,72,0.6062270543145363,16.61233139038086,0,0.0,27.402820893839024,1.4089637394791081,6.555391645384104,1.0313752223281938,1.2241769180913304
common-pile/comma-v0.1-2t,bookmia.01.51,a_game_of_thrones,74,0.6629282838810171,7.510831832885742,0,0.0,11.329780332971572,1.221647646907455,1.0141077352039505,1.1625746940422383,3.225969885572473
common-pile/comma-v0.1-2t,bookmia.01.52,a_game_of_thrones,83,0.635273432978286,14.918131828308105,0,0.0,23.483009132569872,1.3154492360372494,1.4728299093607702,2.2246383353907375,1.841611159287328
common-pile/comma-v0.1-2t,bookmia.01.58,a_game_of_thrones,69,0.6105398792881911,4.061628659566243,0,0.0,6.652519839165242,1.1663937167020968,2.2110611624868524,1.5233586462470339,1.3015801638351183
common-pile/comma-v0.1-2t,bookmia.01.59,a_game_of_thrones,74,0.6525166732226162,4.583435694376628,0,0.0,7.024243030818184,1.9969463804743806,3.986001745010836,2.3484697433421293,0.9973022786481206
common-pile/comma-v0.1-2t,bookmia.01.60,a_game_of_thrones,74,0.6614861089089044,13.45168399810791,0,0.0,20.33555023596178,1.687860647692992,0.983006367463963,1.0643115790941862,1.3021230284669887
common-pile/comma-v0.1-2t,bookmia.01.62,a_game_of_thrones,79,0.5935125776539316,9.466540336608887,0,0.0,15.950024806599274,1.0743245033464928,1.131113846228943,1.1660774858185607,1.364567523552063
common-pile/comma-v0.1-2t,bookmia.01.69,a_game_of_thrones,70,0.7541771856056997,3.788921038309733,0,0.0,5.023913624842351,1.0498321982634011,2.3813858667051058,1.148273554220235,1.3993258828530106
common-pile/comma-v0.1-2t,bookmia.01.71,a_game_of_thrones,72,0.6745171195473577,3.243220806121826,0,0.0,4.808211255332149,1.0263617349633627,1.0525483241960047,1.1163017037130902,1.244352799545734
common-pile/comma-v0.1-2t,bookmia.01.73,a_game_of_thrones,80,0.6889859563457484,2.3479393550327847,0,0.0,3.407818887174148,1.307629578265646,1.506545457363199,1.3840648528636041,1.5566634447285672
common-pile/comma-v0.1-2t,bookmia.01.74,a_game_of_thrones,79,0.8118529245869125,12.727742195129395,0,0.0,15.677398959430407,8.22204850841851,2.2230678876674146,1.609426448151941,4.605272102713914
common-pile/comma-v0.1-2t,bookmia.01.75,a_game_of_thrones,69,0.6114124178070257,2.947192668914795,0,0.0,4.820302275648234,1.769616501517993,3.587743290912011,1.2903813227774583,1.2584164668388382
common-pile/comma-v0.1-2t,bookmia.01.76,a_game_of_thrones,76,0.6613324979269264,12.5280122756958,0,0.0,18.943590878971257,5.283980064860879,1.9234720964686498,8.513876446859507,1.9813274096345739
common-pile/comma-v0.1-2t,bookmia.01.77,a_game_of_thrones,78,0.5557954782025398,2.062394618988037,0,0.0,3.7107078050686675,1.618240113596174,0.918276921367142,1.9909035602140757,1.7911139207886726
common-pile/comma-v0.1-2t,bookmia.01.78,a_game_of_thrones,74,0.6278126439766788,3.8381760915120444,0,0.0,6.113569276337512,2.2599685521771904,1.0851954807082773,1.5019225385649342,0.9595982741400848
common-pile/comma-v0.1-2t,bookmia.01.79,a_game_of_thrones,75,0.6733631277298664,4.255255699157715,0,0.0,6.31940705381896,1.3888765546034139,0.9311500587615513,0.9499779477578192,1.7946976443764184
common-pile/comma-v0.1-2t,bookmia.01.81,a_game_of_thrones,72,0.5045493058233146,1.6523346900939941,0,0.0,3.2748725863327546,1.3699582063500562,1.1522709466568823,0.996328437784572,1.2463208941862445
common-pile/comma-v0.1-2t,bookmia.01.82,a_game_of_thrones,75,0.6245416974878004,3.139881134033203,0,0.0,5.027496397219397,1.4493204856617854,1.4661642791127814,0.9969092419125134,1.5046274830797834
common-pile/comma-v0.1-2t,bookmia.01.83,a_game_of_thrones,89,0.6966587513736943,4.524819374084473,0,0.0,6.49502983370594,1.5923253517099412,1.6912496197308016,0.9554001458867192,1.3147140573219274
common-pile/comma-v0.1-2t,bookmia.01.87,a_game_of_thrones,74,0.6832953564355252,3.038928508758545,0,0.0,4.4474596236266,1.09725278992264,1.182585060803937,3.276487525173286,1.8490759108091688
common-pile/comma-v0.1-2t,bookmia.01.88,a_game_of_thrones,68,0.6270989198154172,4.185233434041341,0,0.0,6.673960521688092,1.0526876297609509,1.1226150235417536,1.2055261546299973,2.16962674740663
common-pile/comma-v0.1-2t,bookmia.01.89,a_game_of_thrones,75,0.6234870508305368,4.345793088277181,0,0.0,6.970141693381156,1.159830289768951,1.3504960796221166,1.2324766623109078,1.2961985281874069
common-pile/comma-v0.1-2t,bookmia.01.90,a_game_of_thrones,74,0.6689986286204118,8.08296012878418,0,0.0,12.082177426062305,2.7527658871158494,3.2429383842849258,1.536099485081571,0.8423931437615899
common-pile/comma-v0.1-2t,bookmia.01.97,a_game_of_thrones,69,0.5281566815657769,4.773035049438477,0,0.0,9.037157373998005,1.7606264689609725,1.9019636630628107,2.6632717962333796,1.4743639778837643
common-pile/comma-v0.1-2t,bookmia.07.02,casino_royale,64,0.5705842773288936,2.1044498443603517,0,0.0,3.688236651405861,0.9890220180703878,1.1552903297345267,1.8031183928038756,2.640876298002789
common-pile/comma-v0.1-2t,bookmia.07.03,casino_royale,68,0.7690707674218167,4.018287658691406,0,0.0,5.224860739619651,1.1416603169831487,1.0783783478862303,2.119771811144159,1.0358527774996293
common-pile/comma-v0.1-2t,bookmia.07.04,casino_royale,74,0.716426083167129,15.618780136108398,0,0.0,21.800965239933657,1.040838581931655,1.0283538119840987,1.1665812850284971,1.0476187944333049
common-pile/comma-v0.1-2t,bookmia.07.05,casino_royale,67,0.798725420412064,3.0718352794647217,1,0.014925373134328358,3.8459215156567272,4.0274413221054495,1.0624046142861163,1.1115556744521826,1.1405563760542372
common-pile/comma-v0.1-2t,bookmia.07.06,casino_royale,72,0.643547986820182,0.878242572148641,1,0.013888888888888888,1.3646885549096381,1.6518830413245087,2.66874251802575,1.3930598865148809,1.8601432468849606
common-pile/comma-v0.1-2t,bookmia.07.07,casino_royale,70,0.6284160024642781,4.0719146728515625,0,0.0,6.479648285345865,2.8545834480323093,0.9832040155624407,1.3800275066481171,2.033147834936263
common-pile/comma-v0.1-2t,bookmia.07.08,casino_royale,81,0.6246466003506211,0.795799732208252,0,0.0,1.2739999413453313,1.0370594558868498,1.7580251852628466,3.1041823282495122,3.0086784975154766
common-pile/comma-v0.1-2t,bookmia.07.09,casino_royale,81,0.7928125220148585,16.656070709228516,0,0.0,21.008839097165968,2.5357767076846303,1.109737898878425,2.0385322861806476,1.6485330647438636
common-pile/comma-v0.1-2t,bookmia.07.15,casino_royale,76,0.6408339370486218,1.0983071327209473,0,0.0,1.7138716744297762,1.4390347257534657,3.2005704521073572,1.3499802891713113,1.3422771801309923
common-pile/comma-v0.1-2t,bookmia.07.16,casino_royale,74,0.7242849683275381,2.1107959747314453,0,0.0,2.9143169705779335,1.201544764661867,1.515218312709481,1.6531394351098825,0.9870071684943881
common-pile/comma-v0.1-2t,bookmia.07.17,casino_royale,74,0.7386352937322395,5.707122802734375,0,0.0,7.726577447845658,5.475417746925299,1.0584334426282342,1.134539945001074,1.4079004189183115
common-pile/comma-v0.1-2t,bookmia.07.20,casino_royale,71,0.7887747723399257,6.546135902404785,0,0.0,8.299119256800598,0.9792198276660077,1.430274458758854,1.2350172737090948,2.603246841660623
common-pile/comma-v0.1-2t,bookmia.07.24,casino_royale,61,0.5872289706336946,4.3348236083984375,0,0.0,7.381828596979152,2.34526961084937,0.9412024073880293,1.749298244427715,1.1256504096291422
common-pile/comma-v0.1-2t,bookmia.07.25,casino_royale,71,0.7607794572303098,6.073366165161133,0,0.0,7.983083806273899,1.2147183643118908,1.5678884436852527,1.307240813108412,3.2590773529247947
common-pile/comma-v0.1-2t,bookmia.07.26,casino_royale,67,0.7388147768450118,14.249223709106445,0,0.0,19.286598151102815,1.7262190175771086,2.302503857133331,0.9587231609481852,1.7740623352444296
common-pile/comma-v0.1-2t,bookmia.07.28,casino_royale,76,0.718048467742699,0.9925250302661549,3,0.039473684210526314,1.382253531417339,1.396436676526333,1.5294581166331833,1.2933815565611213,1.0190153758284994
common-pile/comma-v0.1-2t,bookmia.07.29,casino_royale,71,0.6291916685245901,2.4835567474365234,0,0.0,3.947218108053287,0.9892909249966246,0.9914218268313004,1.313634953889039,1.0934269643986492
common-pile/comma-v0.1-2t,bookmia.07.30,casino_royale,68,0.7483409928510937,1.174567461013794,3,0.04411764705882353,1.5695618337555266,1.6567530317387968,1.527526580348466,1.2576536845952533,0.9785183216001287
common-pile/comma-v0.1-2t,bookmia.07.31,casino_royale,89,0.657824255031406,1.5295859575271606,0,0.0,2.3252197617038837,1.3803779046086782,2.594169887295633,1.5892453989615207,1.4507982888863171
common-pile/comma-v0.1-2t,bookmia.07.32,casino_royale,72,0.68591177579811,4.299001057942708,0,0.0,6.267571442319235,1.088701406400531,1.1290409819617897,1.802662390526059,1.3500055851486576
common-pile/comma-v0.1-2t,bookmia.07.37,casino_royale,66,0.6237143326198104,1.1294001340866089,0,0.0,1.8107650810952953,1.4996889275746603,1.016245609742455,1.6770531751364957,1.2333372454907028
common-pile/comma-v0.1-2t,bookmia.07.40,casino_royale,69,0.5305859557969939,3.4100326538085937,0,0.0,6.426918422079942,1.56833085263623,1.2590964743482613,1.5059288803898507,2.066944283856163
common-pile/comma-v0.1-2t,bookmia.07.41,casino_royale,72,0.8098519180448646,7.8598103523254395,0,0.0,9.705243856556525,1.0214053930961926,2.370727933738345,1.1560964149707909,1.1822437171373703
common-pile/comma-v0.1-2t,bookmia.07.43,casino_royale,84,0.9020386259158352,9.031869888305664,0,0.0,10.012730751009308,1.0900267455044461,1.3473775010441253,0.9312205493492399,1.036182170149267
common-pile/comma-v0.1-2t,bookmia.07.44,casino_royale,65,0.7225802046928147,7.475633144378662,0,0.0,10.345748604553489,2.3717106442599336,3.2601951351692713,1.3799758179155608,1.4288677310624003
common-pile/comma-v0.1-2t,bookmia.07.47,casino_royale,74,0.5046461217620469,4.956455230712891,0,0.0,9.821645341108916,2.3867920211768485,0.9215880429506895,1.792744231316234,1.396879599711662
common-pile/comma-v0.1-2t,bookmia.07.49,casino_royale,74,0.4957326521774059,3.1427500247955322,0,0.0,6.339606662969718,1.8808523195036675,1.521223195554585,1.9069519916907307,3.407545873627032
common-pile/comma-v0.1-2t,bookmia.07.53,casino_royale,74,0.6306784412074714,4.211985945701599,1,0.013513513513513514,6.678499962100339,6.961764865743929,0.9926763838092598,2.974720954045786,0.8725529362016808
common-pile/comma-v0.1-2t,bookmia.07.54,casino_royale,78,0.7054311323381308,8.229557991027832,0,0.0,11.665997733543746,1.3997265630848885,2.376386047557902,0.9630366661642613,1.169983450849046
common-pile/comma-v0.1-2t,bookmia.07.55,casino_royale,70,0.6691151066453327,3.9697389602661133,0,0.0,5.9328192127790205,1.2740812053402595,1.4719249978729991,2.501662062514415,0.8318148642301956
common-pile/comma-v0.1-2t,bookmia.07.56,casino_royale,70,0.6303847484701706,2.2582502365112305,0,0.0,3.582336409615864,1.025089427444817,1.3845601396862632,0.9837145748443629,1.0273260619235856
common-pile/comma-v0.1-2t,bookmia.07.57,casino_royale,68,0.720993811707137,3.024324655532837,0,0.0,4.19466104483196,1.4809529821025251,1.7504254847758889,1.1438783130191794,1.0672928952157839
common-pile/comma-v0.1-2t,bookmia.07.59,casino_royale,70,0.5720373541754554,4.57882022857666,0,0.0,8.004407745673621,1.1101188921667209,1.6431068827030475,1.1127237439098183,1.3426365730341678
common-pile/comma-v0.1-2t,bookmia.07.61,casino_royale,68,0.7797088725897772,6.080300331115723,0,0.0,7.798167424875142,1.9736000927367792,3.314481404056731,2.92710690085916,2.7533296928994497
common-pile/comma-v0.1-2t,bookmia.07.62,casino_royale,71,0.7639603102201618,4.68907356262207,0,0.0,6.13784970225842,1.7067227362344979,2.9349345545589043,0.9971959637603262,1.2289064226962334
common-pile/comma-v0.1-2t,bookmia.07.63,casino_royale,74,0.6761632815416538,12.806642532348633,0,0.0,18.940162652945983,1.190332450759581,1.468702118235195,2.145976471059239,3.1833080511005467
common-pile/comma-v0.1-2t,bookmia.07.66,casino_royale,69,0.578617893071106,17.16424560546875,0,0.0,29.664215038990243,0.9316425445369898,0.9905025528502414,1.1646082511456612,2.736155093582325
common-pile/comma-v0.1-2t,bookmia.07.70,casino_royale,70,0.7271358619517488,2.96132755279541,0,0.0,4.072591805397597,3.8719703839261004,2.2117881845822644,3.4176275121830666,1.1532183269648058
common-pile/comma-v0.1-2t,bookmia.07.72,casino_royale,70,0.5765886014466018,2.7658329010009766,0,0.0,4.796891395462526,1.5601334324524547,1.9130165042206357,2.2515139324340665,1.291957972993419
common-pile/comma-v0.1-2t,bookmia.07.73,casino_royale,62,0.6717976106405117,6.608658790588379,0,0.0,9.837276414674188,1.0330819801473496,1.148399575480307,1.5011932772705718,1.1052530462644417
common-pile/comma-v0.1-2t,bookmia.07.77,casino_royale,60,0.5885861164967617,2.9204001426696777,0,0.0,4.961721081787944,1.1336839380963006,1.057842946084875,1.544916408225446,4.529807496341621
common-pile/comma-v0.1-2t,bookmia.07.80,casino_royale,75,0.7140955492187181,4.725628852844238,0,0.0,6.61764221610747,1.2664315619558129,1.3663535335391086,3.7748577142955595,1.6918939816075045
common-pile/comma-v0.1-2t,bookmia.07.82,casino_royale,70,0.42995463365336245,0.7061147774968829,2,0.02857142857142857,1.6423006573902073,1.6807105269641924,1.0918485011990446,1.3670266884309707,1.5140075178399366
common-pile/comma-v0.1-2t,bookmia.07.83,casino_royale,65,0.6627143979443502,7.882927894592285,0,0.0,11.894909661000355,1.3723594757396518,1.0396515674167748,1.1881763922916098,1.1127078208631747
common-pile/comma-v0.1-2t,bookmia.07.84,casino_royale,77,0.523401712436441,3.0172882080078125,0,0.0,5.764765640452916,1.0661726718500943,1.2255401291155192,2.0214117514509318,1.8409924590547977
common-pile/comma-v0.1-2t,bookmia.07.86,casino_royale,71,0.6108585505726156,7.807509422302246,0,0.0,12.781206737604847,2.030004663548801,0.9043875324854708,1.129716497770597,1.0524817997486713
common-pile/comma-v0.1-2t,bookmia.07.90,casino_royale,65,0.5619293390440314,13.932208061218262,0,0.0,24.793523123245514,1.2084272682979456,1.4640601608898176,2.97580526207061,1.039518980391446
common-pile/comma-v0.1-2t,bookmia.07.95,casino_royale,62,0.5827236272239117,2.142512639363607,0,0.0,3.6767217584269085,2.648291161066536,2.2987442951915122,1.2391789402696982,1.4903349132300376
common-pile/comma-v0.1-2t,bookmia.07.98,casino_royale,69,0.5926427550419668,1.2457435250282287,2,0.028985507246376812,2.1020142647993962,2.2949777529151905,2.0234083564524394,1.1570359751177206,1.5114959496929978
common-pile/comma-v0.1-2t,bookmia.07.99,casino_royale,61,0.49131850212820777,1.268883228302002,0,0.0,2.5826082730564286,1.3236724651413867,1.4862031711625852,1.6215949265719094,5.368091324429548
common-pile/comma-v0.1-2t,bookmia.10.01,dune,74,0.7156153648534305,6.092805862426758,0,0.0,8.514079157138642,1.2871363064344037,3.6770658535631653,1.6381193940626784,1.7574430395947755
common-pile/comma-v0.1-2t,bookmia.10.02,dune,62,0.6853316723414531,0.8594345421498192,7,0.11290322580645161,1.2540417681464207,1.2670674727802673,2.159916584673338,1.2683171383795018,1.4791280975076055
common-pile/comma-v0.1-2t,bookmia.10.03,dune,72,0.6334077623670594,2.2752300262451173,0,0.0,3.5920463269072203,1.5200268523567342,1.6865588554267459,1.0299193707683771,1.1019306535290092
common-pile/comma-v0.1-2t,bookmia.10.07,dune,80,0.6808089869693612,3.5721896489461265,0,0.0,5.246977812158181,2.1430025199774545,2.0639431327964033,2.4278821583421997,1.1275795666343784
common-pile/comma-v0.1-2t,bookmia.10.11,dune,71,0.9305509261766534,14.953953742980957,0,0.0,16.070000386139142,3.289495691609885,2.0347581146153653,1.3137079217445558,2.610541335161617
common-pile/comma-v0.1-2t,bookmia.10.12,dune,68,0.8898734354528717,2.936493396759033,0,0.0,3.29990005293798,1.2124077091528944,2.050986388159926,1.36133168873641,2.026362886620594
common-pile/comma-v0.1-2t,bookmia.10.13,dune,68,0.653890021132754,3.225935459136963,0,0.0,4.933452652402578,1.1704615253561554,1.0434871232460718,1.7141211096142481,1.346902765548413
common-pile/comma-v0.1-2t,bookmia.10.14,dune,71,0.7760974063956423,7.2477946281433105,0,0.0,9.3387692941838,1.4171338188346843,0.9258643903179637,1.0424133341837782,1.144304660408998
common-pile/comma-v0.1-2t,bookmia.10.16,dune,60,0.7153674297285747,6.550305366516113,0,0.0,9.156560802609416,1.0277422624387764,1.1659079036885118,1.1086827639205044,1.2060902475694824
common-pile/comma-v0.1-2t,bookmia.10.19,dune,67,0.8066970246699683,4.129158020019531,0,0.0,5.118598301151329,2.3290150172651103,4.3588216604900705,1.2657966516386,1.1864947928405332
common-pile/comma-v0.1-2t,bookmia.10.21,dune,69,0.7823972429004877,12.156708717346191,0,0.0,15.537770394332014,1.1773640317088343,1.473251307195117,1.2303422394841723,1.460057475850335
common-pile/comma-v0.1-2t,bookmia.10.25,dune,76,0.6822956631415159,1.8827570676803589,0,0.0,2.759444577166913,1.096045080606924,1.119976814727086,1.3763448452951892,2.9029881154522945
common-pile/comma-v0.1-2t,bookmia.10.32,dune,79,0.7572581231078719,6.868258476257324,0,0.0,9.069903995310376,2.78572552529143,1.1524201563218577,3.2325157329422067,1.323061975229973
common-pile/comma-v0.1-2t,bookmia.10.35,dune,67,0.7308089567880875,5.168808619181315,0,0.0,7.0727220447574695,1.0968735321641865,1.2544399710750493,1.29713576668658,1.2799887573753168
common-pile/comma-v0.1-2t,bookmia.10.36,dune,68,0.8869657316517662,6.238221645355225,0,0.0,7.033216078977477,1.011962334231597,1.3359705844217002,2.121310599610793,1.0920489700441185
common-pile/comma-v0.1-2t,bookmia.10.37,dune,78,0.714146157518044,4.915625890096028,0,0.0,6.88322108625478,1.148296408341793,2.044464087318342,1.5999546872691228,0.8925444627639038
common-pile/comma-v0.1-2t,bookmia.10.38,dune,66,0.6730297501091949,2.2691331590924944,0,0.0,3.3715198454813353,3.06009826754814,2.708040559564219,1.3435649662924847,0.8876625583255344
common-pile/comma-v0.1-2t,bookmia.10.40,dune,74,0.6489858509458177,1.7979349414514296,8,0.10810810810810811,2.7703761782035135,3.067477800987313,4.401272432618626,1.494481388473622,1.0194703136308816
common-pile/comma-v0.1-2t,bookmia.10.41,dune,77,0.8733504923366127,8.474838256835938,0,0.0,9.703822613257895,1.5671723336175842,1.3263111063289192,1.9475945659511715,1.065096489780164
common-pile/comma-v0.1-2t,bookmia.10.42,dune,70,0.6490507549061493,3.258341073989868,0,0.0,5.020163753543456,1.0723496315826793,1.103200637013436,2.8393669199298213,0.9686542265043864
common-pile/comma-v0.1-2t,bookmia.10.44,dune,83,0.755274103867765,13.635684967041016,0,0.0,18.053955374893114,2.3925848528664146,1.1032315051096326,1.152818332987577,1.2640806264726139
common-pile/comma-v0.1-2t,bookmia.10.48,dune,84,0.8366401969779741,14.640132904052734,0,0.0,17.498720425978004,1.2645970730691412,1.5357483910574277,1.7847131220156376,2.0530973853987953
common-pile/comma-v0.1-2t,bookmia.10.49,dune,74,0.8019797795221395,2.5746508598327638,1,0.013513513513513514,3.210368796787959,3.4575031980076942,1.0584922121649996,1.070652892055022,1.1065129650288084
common-pile/comma-v0.1-2t,bookmia.10.52,dune,77,0.7229638765006199,2.954533100128174,0,0.0,4.08669533314593,1.1398644340843798,1.0292885252207293,1.4642954729104993,1.203416479764022
common-pile/comma-v0.1-2t,bookmia.10.54,dune,71,0.6031301116681168,0.8438071012496948,0,0.0,1.39904654887139,1.2636328757124196,3.0045977110217374,1.0761288508426887,1.3897773083809744
common-pile/comma-v0.1-2t,bookmia.10.57,dune,71,0.6074831442860285,14.75312328338623,0,0.0,24.28565042858184,4.807359542630758,1.0224964514455286,1.5482584371353154,1.3019902806591823
common-pile/comma-v0.1-2t,bookmia.10.58,dune,65,0.5519031643765419,2.6702706813812256,0,0.0,4.838295653545854,0.9758628106596662,0.9515338135445746,1.91933242838565,1.5695770133784706
common-pile/comma-v0.1-2t,bookmia.10.59,dune,73,0.6713304136938957,1.0472923994064331,1,0.0136986301369863,1.560025254395764,2.538330594274947,1.3699191450593446,1.3045586914333855,1.3245270677836585
common-pile/comma-v0.1-2t,bookmia.10.61,dune,83,0.720693251534507,10.672586441040039,0,0.0,14.808778101246078,1.1950658546287798,1.34186686760156,2.025286486497806,2.5350742939589397
common-pile/comma-v0.1-2t,bookmia.10.62,dune,75,0.791447149090751,13.885578155517578,0,0.0,17.544542514898104,3.370677585165337,1.3586112094172875,1.3937617267444262,4.959183653781297
common-pile/comma-v0.1-2t,bookmia.10.63,dune,68,0.7387202501064974,2.3998347600301106,2,0.029411764705882353,3.2486381139330334,3.582941845938145,0.9000861956891935,0.9230595527591473,1.166190703270825
common-pile/comma-v0.1-2t,bookmia.10.65,dune,77,0.5962237161988871,10.702491760253906,0,0.0,17.95046300486945,0.9770750517443344,1.205202644177716,1.0274483742429146,1.2342835153201888
common-pile/comma-v0.1-2t,bookmia.10.68,dune,73,0.9487432888608036,7.308525085449219,0,0.0,7.703374739256259,1.3659072530309082,1.4467598293648554,2.1781683079815677,1.0502211903135634
common-pile/comma-v0.1-2t,bookmia.10.70,dune,77,0.6324972996926302,3.830397129058838,0,0.0,6.055989695007814,2.883806214211824,1.319176726276114,1.1982962643748238,0.9828069876430396
common-pile/comma-v0.1-2t,bookmia.10.71,dune,72,0.7718152769881258,2.9504990577697754,0,0.0,3.82280468622438,3.265429965083763,0.9984956500847751,1.2787797216277255,1.4933829119840778
common-pile/comma-v0.1-2t,bookmia.10.72,dune,70,0.6611219604921379,7.296077728271484,0,0.0,11.035902850421575,1.246703194595516,1.4120398649260437,1.7591297298180648,1.9800239082294948
common-pile/comma-v0.1-2t,bookmia.10.74,dune,78,0.5121534702628059,1.074848711490631,3,0.038461538461538464,2.0986848159772977,2.2479335505181823,1.1974557342583134,1.4809531710076604,2.917541528951185
common-pile/comma-v0.1-2t,bookmia.10.76,dune,75,0.790574782867749,4.7501780192057295,0,0.0,6.008511936055974,2.4694338088902583,1.1043162170627756,1.1841268733716435,6.597466630134993
common-pile/comma-v0.1-2t,bookmia.10.77,dune,82,0.8907480469475435,1.623357931772868,2,0.024390243902439025,1.822465889581084,1.8805260630879148,1.3185765893512853,2.091047896332854,1.8051435161664542
common-pile/comma-v0.1-2t,bookmia.10.78,dune,77,0.8710975655546711,5.4211991628011065,0,0.0,6.223412137937912,1.1020271227490406,1.5034958362426754,1.0067466450030764,2.176700544817702
common-pile/comma-v0.1-2t,bookmia.10.79,dune,68,0.6011079143775746,3.192553997039795,0,0.0,5.311116225021872,2.6350360156550967,1.1558697207223454,1.2046482320194971,1.417997733438066
common-pile/comma-v0.1-2t,bookmia.10.80,dune,80,0.9462983131755389,7.387886047363281,0,0.0,7.807142784151644,1.6315247353094824,2.914603358052478,1.7408786625591521,0.8187081990288688
common-pile/comma-v0.1-2t,bookmia.10.82,dune,73,0.8331802015065789,3.5971553802490233,0,0.0,4.317379810207384,2.4693192562717465,4.625949142812729,2.9807357228888316,1.4094873376823907
common-pile/comma-v0.1-2t,bookmia.10.85,dune,88,0.8980438358968338,4.464148998260498,0,0.0,4.970970034889627,1.5252878093170736,1.176195077591268,1.2581161449322387,1.6177038716892007
common-pile/comma-v0.1-2t,bookmia.10.90,dune,76,0.739606496202737,2.2354159355163574,0,0.0,3.022439563461591,1.0369139963965692,1.8848834656997318,1.072838625164815,1.6276918839864427
common-pile/comma-v0.1-2t,bookmia.10.91,dune,71,0.9275087117044324,8.405938148498535,0,0.0,9.062920964970129,2.341431820424558,1.397322308339884,0.9828194214899297,2.5614308513622372
common-pile/comma-v0.1-2t,bookmia.10.92,dune,82,0.7830639963669125,1.985257284981864,0,0.0,2.5352427058230522,1.1918613794468567,1.2522123111159082,1.37343061801656,1.9182332501141517
common-pile/comma-v0.1-2t,bookmia.10.94,dune,72,1.0084528524894267,13.156478881835938,0,0.0,13.046201266978793,1.446650964802102,3.7699762719813403,1.3722048785015188,1.8137436711227979
common-pile/comma-v0.1-2t,bookmia.10.98,dune,83,0.7375020334897551,10.762833595275879,0,0.0,14.593632432913678,0.9589312122072542,1.1019116885248363,0.9734068889388401,1.024890663584505
common-pile/comma-v0.1-2t,bookmia.10.99,dune,74,0.7768220487456728,6.731956958770752,0,0.0,8.666021992605357,1.557914423282851,1.1525948432909574,1.3797347022988364,1.65853534130136
common-pile/comma-v0.1-2t,bookmia.12.01,fahrenheit_451,71,0.6018624803286182,5.056110382080078,0,0.0,8.400773511117409,1.038353874661289,1.6809870603364756,1.9530069364855878,1.0134970679607993
common-pile/comma-v0.1-2t,bookmia.12.04,fahrenheit_451,65,0.6948308327058484,3.506303310394287,0,0.0,5.046269027440604,1.0726753182230138,1.492309004806376,1.0743408933663714,1.163916312644898
common-pile/comma-v0.1-2t,bookmia.12.06,fahrenheit_451,66,0.5678877809112176,1.673553228378296,0,0.0,2.9469787599461235,1.762947896010005,0.9991694266932142,2.7693499479192845,1.205686961817084
common-pile/comma-v0.1-2t,bookmia.12.08,fahrenheit_451,75,0.7284536985710158,6.046977361043294,0,0.0,8.301114227171137,0.9280499852069997,3.501457140693065,2.2543390720980194,0.9864001239179037
common-pile/comma-v0.1-2t,bookmia.12.09,fahrenheit_451,80,0.9292300782201762,4.963430086771647,0,0.0,5.341443635012844,1.2357007590416063,1.279037861063158,3.007766663501799,1.156869178262067
common-pile/comma-v0.1-2t,bookmia.12.12,fahrenheit_451,72,0.5816066260808018,1.6094967126846313,0,0.0,2.767328707257586,2.339380841964393,4.46652319412167,2.5480157856928005,1.6245950406257192
common-pile/comma-v0.1-2t,bookmia.12.18,fahrenheit_451,66,0.7955818420400692,11.937747955322266,0,0.0,15.00505331382491,1.3580780062352689,2.617963673779104,2.913706055673049,2.4287166385429106
common-pile/comma-v0.1-2t,bookmia.12.19,fahrenheit_451,71,0.6987136739625717,1.4829865992069244,2,0.028169014084507043,2.1224525216410237,2.5342567237582343,1.1402982158508643,1.122674636107728,1.2184197971494881
common-pile/comma-v0.1-2t,bookmia.12.23,fahrenheit_451,80,0.9194768591966916,3.683659871419271,0,0.0,4.006256203813035,1.5035454856031172,1.2645408679099728,1.6334463323352058,0.8997837271543231
common-pile/comma-v0.1-2t,bookmia.12.26,fahrenheit_451,70,0.8475885107680575,12.293109893798828,0,0.0,14.503629694861255,1.2717337632340215,1.082308344574637,1.131551360888953,1.5518649202244759
common-pile/comma-v0.1-2t,bookmia.12.27,fahrenheit_451,89,0.940323794962923,3.991269588470459,0,0.0,4.2445693811543235,1.3437380347927597,2.019289397388233,1.2236554304014828,1.1029222620800188
common-pile/comma-v0.1-2t,bookmia.12.29,fahrenheit_451,82,0.77553949072618,7.469696998596191,0,0.0,9.631613977003164,0.9594641892078615,0.9986701248083723,0.991905591818621,1.1947646426214742
common-pile/comma-v0.1-2t,bookmia.12.30,fahrenheit_451,75,0.524119873783463,0.5868927240371704,0,0.0,1.1197681167870417,1.0911670980560533,1.4776511749267325,2.683137946250791,1.4607326640143712
common-pile/comma-v0.1-2t,bookmia.12.32,fahrenheit_451,69,0.6714510105920011,6.822561740875244,0,0.0,10.160922588916751,2.6538286114430916,2.3331995136774064,0.8640393352883207,0.9815185100070433
common-pile/comma-v0.1-2t,bookmia.12.33,fahrenheit_451,86,0.9446370201809494,1.0953092351555824,2,0.023255813953488372,1.1595027632367945,1.4485631741795182,1.4993767820953123,1.1924757483065112,1.0920847407740517
common-pile/comma-v0.1-2t,bookmia.12.35,fahrenheit_451,67,0.9527572187964406,3.8561083475748696,0,0.0,4.047314752908462,1.2539577391252785,1.1193902832682106,3.476136481297958,1.2108710458804337
common-pile/comma-v0.1-2t,bookmia.12.36,fahrenheit_451,67,0.8312004262740257,12.087407112121582,0,0.0,14.542108894608134,1.8654697297886305,3.291734807711627,1.57668202197993,1.2314981624229622
common-pile/comma-v0.1-2t,bookmia.12.38,fahrenheit_451,77,0.8884128438627846,15.183935165405273,0,0.0,17.091080200266028,2.1969626697751914,1.505031751635428,1.0732078349803764,1.0458982555319407
common-pile/comma-v0.1-2t,bookmia.12.39,fahrenheit_451,74,0.7140182778199669,4.312808354695638,0,0.0,6.0401932116688375,1.4616537504072848,1.2945125363890004,2.443576616645627,1.1802716007041636
common-pile/comma-v0.1-2t,bookmia.12.41,fahrenheit_451,79,0.880901262068609,4.090620040893555,0,0.0,4.643675990754747,2.1937209642797346,3.103343152002477,1.1312491509332518,1.3671841201112052
common-pile/comma-v0.1-2t,bookmia.12.45,fahrenheit_451,79,0.6929363500773039,4.007729530334473,0,0.0,5.783690709669612,1.0223083888606548,1.0451844294626735,1.1304807949996243,1.1258899203379766
common-pile/comma-v0.1-2t,bookmia.12.47,fahrenheit_451,67,0.041846966691294674,3.8755433559417725,0,0.0,92.61228859266382,2.1443788936468127,0.5076554895876956,2.313920089743625,1.591203107461433
common-pile/comma-v0.1-2t,bookmia.12.49,fahrenheit_451,75,0.7118176033901646,13.348888397216797,0,0.0,18.753242872387837,1.1895100266699907,1.8737284161103134,1.232098069192686,1.3514216158463384
common-pile/comma-v0.1-2t,bookmia.12.50,fahrenheit_451,71,0.5501724874599984,2.507871627807617,0,0.0,4.55833703969059,1.0683849048705858,1.3929800818768976,1.3796328129174598,2.87138772094556
common-pile/comma-v0.1-2t,bookmia.12.52,fahrenheit_451,78,0.6824157541011692,2.0193747520446776,3,0.038461538461538464,2.9591561154745882,2.9842362889907266,2.446378338355685,1.8760412111972469,1.1727358361130527
common-pile/comma-v0.1-2t,bookmia.12.53,fahrenheit_451,70,0.7167666390909827,1.4098325967788696,1,0.014285714285714285,1.9669338943660193,2.067623919603012,0.9984346020296013,1.0379322710962187,1.2203901343152619
common-pile/comma-v0.1-2t,bookmia.12.54,fahrenheit_451,66,0.8950451697772405,13.836723327636719,0,0.0,15.45924585133554,1.0105348888745576,1.0762563100403755,2.227326464707525,1.047997119380294
common-pile/comma-v0.1-2t,bookmia.12.56,fahrenheit_451,67,0.8064220499305287,2.5325756072998047,0,0.0,3.1405088780967483,1.4891236627478006,5.418470477528777,3.8507710447091794,1.0997797696141065
common-pile/comma-v0.1-2t,bookmia.12.57,fahrenheit_451,73,0.7087158929558074,4.07668924331665,0,0.0,5.752219307957379,1.8744563386759496,1.1098870973727732,1.1704047004829212,1.2940693643544188
common-pile/comma-v0.1-2t,bookmia.12.59,fahrenheit_451,81,0.8419678428770893,3.9780330657958984,0,0.0,4.724685270879892,1.5290100855630167,1.6522828670527632,3.097173663390671,0.8725736150977542
common-pile/comma-v0.1-2t,bookmia.12.60,fahrenheit_451,70,0.7991184996570038,2.457568032400949,0,0.0,3.0753486916593493,2.9447431985599257,1.2899172860139825,1.9053382883280556,2.368443399487163
common-pile/comma-v0.1-2t,bookmia.12.61,fahrenheit_451,75,0.8836645980540905,16.167959213256836,0,0.0,18.296488564620724,3.995814804376351,1.388488526454372,1.5289951184535346,0.9283412139052241
common-pile/comma-v0.1-2t,bookmia.12.62,fahrenheit_451,75,0.6790219418764213,6.164139747619629,0,0.0,9.077968424091768,1.2944138726018626,2.442243958815331,6.392387544220745,1.6034393235530062
common-pile/comma-v0.1-2t,bookmia.12.66,fahrenheit_451,71,0.5524518762052629,1.1175549825032551,0,0.0,2.0229001486602405,1.3546671344813332,1.6335759023509053,1.1411759902110215,1.1976562648092053
common-pile/comma-v0.1-2t,bookmia.12.68,fahrenheit_451,79,0.6267532845325389,2.1668937471177845,1,0.012658227848101266,3.4573312986049247,3.884160852651448,0.9531817752355574,1.0018811643820826,1.0242403286937674
common-pile/comma-v0.1-2t,bookmia.12.72,fahrenheit_451,69,0.7016605545312379,5.891397953033447,0,0.0,8.39636475926646,1.4207877603378232,4.639346107448352,1.0232309386301464,1.03224362871501
common-pile/comma-v0.1-2t,bookmia.12.73,fahrenheit_451,76,0.7533346258338552,3.855480511983236,0,0.0,5.117885704132688,1.4661846673858956,1.3971027858288567,1.0088027600390697,2.790223668256658
common-pile/comma-v0.1-2t,bookmia.12.74,fahrenheit_451,91,0.6309115970604114,1.2130956252415974,3,0.03296703296703297,1.9227664079939877,2.247362795657425,1.4830673393729115,0.9505224030261407,1.0021572230080278
common-pile/comma-v0.1-2t,bookmia.12.75,fahrenheit_451,64,0.6664384655749142,3.667046546936035,1,0.015625,5.502453319186186,8.082678899892807,1.0889651710351633,1.162252704170785,2.3983644795668484
common-pile/comma-v0.1-2t,bookmia.12.76,fahrenheit_451,75,0.8515541729596967,3.7344844341278076,0,0.0,4.3854924944446925,3.1291623240871336,1.1392519953748166,1.1791225218860395,1.2447550081801608
common-pile/comma-v0.1-2t,bookmia.12.77,fahrenheit_451,81,0.8500387203353966,13.103070259094238,0,0.0,15.414674585557949,3.7536201459813325,1.2422530507613596,1.4477415355257979,1.076834408075764
common-pile/comma-v0.1-2t,bookmia.12.80,fahrenheit_451,87,1.0028710633607825,6.761131763458252,0,0.0,6.741775698264352,1.926130596510933,2.130537944389906,2.9088524036402266,0.9508866537380696
common-pile/comma-v0.1-2t,bookmia.12.86,fahrenheit_451,73,0.6374886270611589,7.375731468200684,0,0.0,11.569981259435199,2.4697842364472176,1.9462058215269795,1.1416518849896198,1.1812533014441948
common-pile/comma-v0.1-2t,bookmia.12.88,fahrenheit_451,66,0.9332686673128479,3.4105536937713623,0,0.0,3.6544178683201047,1.268337821578547,1.2355341991773776,3.024283717349328,0.9966444174253184
common-pile/comma-v0.1-2t,bookmia.12.89,fahrenheit_451,75,0.7897896184204691,5.2189435958862305,0,0.0,6.608017469669705,2.428543806327179,5.677276820617972,1.3172264232818849,1.5420629610441423
common-pile/comma-v0.1-2t,bookmia.12.92,fahrenheit_451,77,1.052111587623573,2.6197675704956054,0,0.0,2.490009236009776,1.1775492648984842,1.503992235452173,2.0921120377129285,2.3498569480640867
common-pile/comma-v0.1-2t,bookmia.12.93,fahrenheit_451,72,0.8119036282296292,13.853028297424316,0,0.0,17.06240471868699,0.9773829164550105,0.996895302895074,1.2204326567539203,1.221842981660927
common-pile/comma-v0.1-2t,bookmia.12.94,fahrenheit_451,63,0.7651499389326163,4.279721260070801,0,0.0,5.59331059483715,1.2549710316946552,1.449062590090076,5.7789776564686495,0.914107453261247
common-pile/comma-v0.1-2t,bookmia.12.96,fahrenheit_451,90,0.877912629314656,7.215401649475098,0,0.0,8.218815185638476,2.084501209095235,1.1449641142222005,1.9067275328285709,1.0981939569709191
common-pile/comma-v0.1-2t,bookmia.12.98,fahrenheit_451,70,0.7872253365996085,3.8893213272094727,0,0.0,4.940543890532355,1.004173345744243,1.0354755560091073,1.061339781398633,1.232212773876011
common-pile/comma-v0.1-2t,bookmia.18.03,hitchhiker's_guide_to_the_galaxy,85,0.6262547906259661,7.8653035163879395,0,0.0,12.55927081775496,0.9750270096723329,0.9348575455883699,1.701156383725156,1.9479762470023556
common-pile/comma-v0.1-2t,bookmia.18.08,hitchhiker's_guide_to_the_galaxy,73,0.619992034877282,12.31586742401123,0,0.0,19.86455749620875,0.9552311762718573,1.2295493491096894,1.7999543784619876,1.4835437058549426
common-pile/comma-v0.1-2t,bookmia.18.10,hitchhiker's_guide_to_the_galaxy,93,0.6535520171555321,7.891075134277344,0,0.0,12.074134769902221,1.0317836235113758,1.041483226095577,1.7903510317684517,1.8773051255046231
common-pile/comma-v0.1-2t,bookmia.18.12,hitchhiker's_guide_to_the_galaxy,71,0.599338764774271,5.742486953735352,0,0.0,9.581370822723516,1.7363731840496595,0.9592278473115525,0.9751191515479759,3.4537250341754
common-pile/comma-v0.1-2t,bookmia.18.15,hitchhiker's_guide_to_the_galaxy,71,0.6424461556305053,5.9912064870198565,0,0.0,9.32561652756721,3.9938218320731846,2.0445204988878323,1.2768218879240663,1.2493286501587937
common-pile/comma-v0.1-2t,bookmia.18.16,hitchhiker's_guide_to_the_galaxy,70,0.6086288954164102,2.5585678100585936,0,0.0,4.203822443080162,3.3248368128105104,1.0091669760613307,1.154387529086563,0.9459420311826273
common-pile/comma-v0.1-2t,bookmia.18.18,hitchhiker's_guide_to_the_galaxy,73,0.6654886162603215,1.0901978015899658,0,0.0,1.6381915106471323,1.5818614355125942,3.920683800004315,1.1194299465822741,2.2266049317387666
common-pile/comma-v0.1-2t,bookmia.18.23,hitchhiker's_guide_to_the_galaxy,78,0.7959840147523453,3.8425798416137695,0,0.0,4.827458554942605,0.9749405209948989,1.0440586657295239,1.0817422358487068,1.4706500056125675
common-pile/comma-v0.1-2t,bookmia.18.24,hitchhiker's_guide_to_the_galaxy,78,0.724457678192945,7.586681365966797,0,0.0,10.472221627757024,1.283383129532228,1.0612381973952696,1.2397900771360906,1.435375409176271
common-pile/comma-v0.1-2t,bookmia.18.25,hitchhiker's_guide_to_the_galaxy,72,0.752555976959821,1.973199486732483,0,0.0,2.62199696387214,1.0196264539011595,1.1899164082796694,2.6062678622245636,1.136783642267017
common-pile/comma-v0.1-2t,bookmia.18.26,hitchhiker's_guide_to_the_galaxy,88,0.7065913902133042,12.368237495422363,0,0.0,17.504087463744312,1.07323825477898,1.818735810505026,1.1221149411469247,4.681926482878111
common-pile/comma-v0.1-2t,bookmia.18.27,hitchhiker's_guide_to_the_galaxy,79,0.6676439423064494,5.0915679931640625,0,0.0,7.6261726805678505,5.307360354784131,3.5696245696196764,1.0414717256925354,2.0285432407591446
common-pile/comma-v0.1-2t,bookmia.18.29,hitchhiker's_guide_to_the_galaxy,73,0.695021485252369,10.911270141601562,0,0.0,15.699183943413743,3.484339338889668,1.5221948259608313,3.509943673607003,2.421105635395815
common-pile/comma-v0.1-2t,bookmia.18.31,hitchhiker's_guide_to_the_galaxy,76,0.783253481208241,1.7852707654237747,3,0.039473684210526314,2.279301411683264,2.6296806568982483,2.4611181611217727,4.481205087070925,1.0469748489982624
common-pile/comma-v0.1-2t,bookmia.18.34,hitchhiker's_guide_to_the_galaxy,65,0.5904353210905628,2.7710301876068115,0,0.0,4.693198541185821,2.5631835350198497,1.2271248345419485,1.4884132358689186,1.0898882077578074
common-pile/comma-v0.1-2t,bookmia.18.35,hitchhiker's_guide_to_the_galaxy,85,0.5703966454750563,2.4541473388671875,0,0.0,4.302527650426914,1.0184051259546634,1.490276612221867,1.0487669062606604,1.092784505131048
common-pile/comma-v0.1-2t,bookmia.18.38,hitchhiker's_guide_to_the_galaxy,69,0.5844955731223761,4.161612192789714,0,0.0,7.120006351046213,1.8293356274884816,2.5498855866978447,1.0546718391111929,1.3463268049507155
common-pile/comma-v0.1-2t,bookmia.18.39,hitchhiker's_guide_to_the_galaxy,75,0.6396090710741891,0.930782675743103,0,0.0,1.4552368279891708,1.0667233196522419,4.688988781177065,3.7708755617854632,2.1060206699858646
common-pile/comma-v0.1-2t,bookmia.18.40,hitchhiker's_guide_to_the_galaxy,74,0.6033743479248161,7.658437252044678,0,0.0,12.692679558526677,1.4366831724711493,0.9347997648155013,1.0095165464617435,1.5634313788402139
common-pile/comma-v0.1-2t,bookmia.18.41,hitchhiker's_guide_to_the_galaxy,78,0.5877534142493194,4.86815071105957,0,0.0,8.282641313580779,0.9551095996260159,2.595431277271043,1.0038158160731927,6.8655373776375574
common-pile/comma-v0.1-2t,bookmia.18.43,hitchhiker's_guide_to_the_galaxy,73,0.6020665510513425,2.496285247802734,0,0.0,4.146194874044511,1.3211107151728851,2.6934415855538236,1.0656327664470924,1.328800563711152
common-pile/comma-v0.1-2t,bookmia.18.44,hitchhiker's_guide_to_the_galaxy,76,0.6918505716371591,0.8082968198413181,47,0.618421052631579,1.1683112697711684,1.190997693365728,3.4959806203617205,2.4425865894834695,1.366292225489455
common-pile/comma-v0.1-2t,bookmia.18.45,hitchhiker's_guide_to_the_galaxy,74,0.7924791843816493,16.626338958740234,0,0.0,20.980158578819115,1.683306337374348,1.3238401962028434,1.9845498217854751,3.4423194965567325
common-pile/comma-v0.1-2t,bookmia.18.50,hitchhiker's_guide_to_the_galaxy,82,0.8259595791999741,8.98297119140625,0,0.0,10.875799999931198,3.0608872622672876,0.955534449262152,1.1160587898015748,1.0324318334097773
common-pile/comma-v0.1-2t,bookmia.18.52,hitchhiker's_guide_to_the_galaxy,66,0.6182568840079387,3.8123629093170166,0,0.0,6.166308872459015,1.0514344041440895,1.3977376818960017,1.1163274691630465,1.1688510061419781
common-pile/comma-v0.1-2t,bookmia.18.53,hitchhiker's_guide_to_the_galaxy,67,0.6270379847859731,2.905314254760742,0,0.0,4.633394348114992,1.097422442939863,1.9224739429541473,1.474967606917421,1.845697851350762
common-pile/comma-v0.1-2t,bookmia.18.57,hitchhiker's_guide_to_the_galaxy,68,0.7028842040780012,1.249362156788508,6,0.08823529411764706,1.7774793480063218,1.8770967033782808,2.5459941130774464,1.257425705704243,1.1032658951432546
common-pile/comma-v0.1-2t,bookmia.18.58,hitchhiker's_guide_to_the_galaxy,72,0.6610648942787588,7.814061641693115,0,0.0,11.820415377250498,0.931093082275391,0.9442787431968607,2.6623405645370752,3.0574678830150877
common-pile/comma-v0.1-2t,bookmia.18.61,hitchhiker's_guide_to_the_galaxy,81,0.7919337382614365,3.0502986907958984,0,0.0,3.851709484548972,1.0749200208583816,1.0089749332450835,1.0454529776913861,1.4100793752580307
common-pile/comma-v0.1-2t,bookmia.18.62,hitchhiker's_guide_to_the_galaxy,83,0.7184184729766143,6.783203125,0,0.0,9.44185510277212,1.1224391860163014,1.2003297685360408,1.4627310227216508,4.846688790533144
common-pile/comma-v0.1-2t,bookmia.18.63,hitchhiker's_guide_to_the_galaxy,76,1.0107830974147,4.2917327880859375,0,0.0,4.2459483138004455,0.9976131995357551,1.0282008149226594,1.1569817385252754,1.4120074486513392
common-pile/comma-v0.1-2t,bookmia.18.67,hitchhiker's_guide_to_the_galaxy,74,0.7092779594318245,0.8379750099684913,45,0.6081081081081081,1.181447976530613,1.275305610150024,3.9095401349885166,3.3330729545891695,1.3483193053841944
common-pile/comma-v0.1-2t,bookmia.18.68,hitchhiker's_guide_to_the_galaxy,72,0.6870894600816121,3.745753765106201,0,0.0,5.451624544875543,1.1058977597252408,1.3615169495242694,2.4943823108177976,1.1149491764979704
common-pile/comma-v0.1-2t,bookmia.18.71,hitchhiker's_guide_to_the_galaxy,73,0.538494473671573,0.6023064473344273,18,0.2465753424657534,1.1185007029464393,1.119338485401698,3.3786811823272944,1.2863420959751557,1.1863253565798741
common-pile/comma-v0.1-2t,bookmia.18.73,hitchhiker's_guide_to_the_galaxy,70,0.6681568120333482,4.6028086344401045,0,0.0,6.8888149481448,1.2219924119410286,1.3958364933798286,1.8174210353787346,0.9873808799945145
common-pile/comma-v0.1-2t,bookmia.18.74,hitchhiker's_guide_to_the_galaxy,66,0.6680322836546658,13.777990341186523,0,0.0,20.6247372743874,1.6507823415116194,1.3251836150810739,1.007424924334352,0.9623535008425741
common-pile/comma-v0.1-2t,bookmia.18.78,hitchhiker's_guide_to_the_galaxy,69,0.523481801128602,2.7914228439331055,0,0.0,5.3324162137345175,0.9742767033241755,2.0044333686072733,0.9988755668449308,1.0616534177047254
common-pile/comma-v0.1-2t,bookmia.18.80,hitchhiker's_guide_to_the_galaxy,75,0.6375595772519915,1.2296221256256104,0,0.0,1.9286387805913388,1.4467524198229762,1.3127453757144278,1.0666649614471326,1.5731817768705083
common-pile/comma-v0.1-2t,bookmia.18.81,hitchhiker's_guide_to_the_galaxy,73,0.667771927115439,2.956787427266439,0,0.0,4.427840265820719,1.123771633210522,2.1787793463576834,1.1229055608161795,1.729147441813438
common-pile/comma-v0.1-2t,bookmia.18.82,hitchhiker's_guide_to_the_galaxy,75,0.6313990435257157,0.7573052769962777,15,0.2,1.1994083373448032,1.230102204885684,1.445600103029091,1.9936807774639258,1.0181456253969772
common-pile/comma-v0.1-2t,bookmia.18.83,hitchhiker's_guide_to_the_galaxy,85,0.8209840740682077,17.455238342285156,0,0.0,21.261360474131397,4.053153812631665,1.0787500885208217,1.0719884783284097,0.9984207706496488
common-pile/comma-v0.1-2t,bookmia.18.84,hitchhiker's_guide_to_the_galaxy,93,0.6992553681587067,1.2600479125976562,0,0.0,1.8019853260699874,1.2884681427700655,1.1882300108329624,3.6168518053066583,2.153368482233005
common-pile/comma-v0.1-2t,bookmia.18.85,hitchhiker's_guide_to_the_galaxy,61,0.8226995906277027,2.3059418201446533,0,0.0,2.802896520691432,1.8273090540463786,1.3145988811443792,1.5059243756116822,2.2797938373327327
common-pile/comma-v0.1-2t,bookmia.18.89,hitchhiker's_guide_to_the_galaxy,80,0.5116026374191593,2.107149839401245,0,0.0,4.118723566459732,0.9925365649596443,1.1689653554562187,1.509220039406477,1.0807209308719472
common-pile/comma-v0.1-2t,bookmia.18.90,hitchhiker's_guide_to_the_galaxy,71,0.8657976511090212,8.632744789123535,0,0.0,9.97085725292237,2.8707904416897922,1.2608173558386535,3.41632078253279,1.1499637946499321
common-pile/comma-v0.1-2t,bookmia.18.93,hitchhiker's_guide_to_the_galaxy,78,0.7463113253377951,5.771712779998779,0,0.0,7.733652946223735,1.290871696072752,1.3763413977518104,1.5949383037458866,2.2459990002956705
common-pile/comma-v0.1-2t,bookmia.18.94,hitchhiker's_guide_to_the_galaxy,85,0.5551955211824221,4.245171546936035,0,0.0,7.646264036667521,2.1258205164690906,0.8899558335336493,1.1240269529001834,1.0828928320787485
common-pile/comma-v0.1-2t,bookmia.18.96,hitchhiker's_guide_to_the_galaxy,76,0.7319425397578955,9.695809364318848,0,0.0,13.246681040735696,2.1141062381173255,0.9893655646465442,1.4551093635939032,1.5354892144726773
common-pile/comma-v0.1-2t,bookmia.18.98,hitchhiker's_guide_to_the_galaxy,74,0.5887952525582388,2.882512664794922,0,0.0,4.895611254117249,2.3886521157978775,1.9771244986682186,0.8558930046579861,1.0632989493385734
common-pile/comma-v0.1-2t,bookmia.18.99,hitchhiker's_guide_to_the_galaxy,70,0.649799983433342,2.301275889078776,0,0.0,3.5415142316864126,1.0618122434034227,1.218744392686454,2.020887001958157,1.161588763699145
common-pile/comma-v0.1-2t,bookmia.37.01,the_hunger_games,64,0.6601919722652799,1.5277085304260254,0,0.0,2.3140368174791406,1.4536357611278046,6.137530775268376,1.7017828922536253,1.0014658366904674
common-pile/comma-v0.1-2t,bookmia.37.02,the_hunger_games,72,0.7369143687849774,16.59465980529785,0,0.0,22.519115528523464,2.0751180954063626,2.402097973157449,2.08715801506219,1.1853555911780136
common-pile/comma-v0.1-2t,bookmia.37.03,the_hunger_games,63,0.77290869894031,2.864419937133789,0,0.0,3.7060262629480403,1.0499889722298628,1.2745722370322583,1.4402007429933505,1.4410929389339149
common-pile/comma-v0.1-2t,bookmia.37.04,the_hunger_games,74,0.7715105659297551,3.6828552881876626,0,0.0,4.773564291694978,1.176972949753614,1.535275354136804,1.9865998009601198,3.2735502192938015
common-pile/comma-v0.1-2t,bookmia.37.06,the_hunger_games,63,0.7166372022525893,7.805241107940674,0,0.0,10.89148188707848,4.424918921095054,0.8320213695563659,0.936742794206492,1.2577433030713994
common-pile/comma-v0.1-2t,bookmia.37.08,the_hunger_games,69,0.6109393173155314,10.512743949890137,0,0.0,17.20750924344361,1.15078081588363,1.276799836438666,1.648083765765651,1.2771006774472382
common-pile/comma-v0.1-2t,bookmia.37.12,the_hunger_games,68,0.664944573034409,4.36760139465332,0,0.0,6.568369111912895,1.911208616372956,2.8748477625831597,1.6548803685332503,1.7802232794566226
common-pile/comma-v0.1-2t,bookmia.37.19,the_hunger_games,65,0.8357210936462507,3.9425981044769287,0,0.0,4.717600326773344,1.0428400890899432,1.0395719607752545,1.3042810349594485,1.7345946637793328
common-pile/comma-v0.1-2t,bookmia.37.20,the_hunger_games,69,0.7268899829830959,8.955994606018066,0,0.0,12.320976785597471,1.1298897743925942,1.242563742533914,1.2992767097751352,1.463633545728627
common-pile/comma-v0.1-2t,bookmia.37.21,the_hunger_games,62,0.6948240697728256,5.082283973693848,0,0.0,7.314490379349571,1.6232527609674592,2.833686283464122,0.9993700755494626,1.2835579310067253
common-pile/comma-v0.1-2t,bookmia.37.22,the_hunger_games,63,0.6650226023221883,3.800689220428467,0,0.0,5.715127887618952,1.0003199540363246,1.6140740560046491,2.0510405200895145,4.789261700749172
common-pile/comma-v0.1-2t,bookmia.37.23,the_hunger_games,78,0.7941015526994912,8.425898551940918,0,0.0,10.610605813951226,7.073985805444252,0.8875059920824598,1.3381979298033901,0.9610831456305988
common-pile/comma-v0.1-2t,bookmia.37.26,the_hunger_games,65,0.7147474072404308,7.582758903503418,0,0.0,10.60900512081562,0.9195899153069823,1.0356200119741452,0.9225294455406478,1.402947599978907
common-pile/comma-v0.1-2t,bookmia.37.28,the_hunger_games,64,0.6980498757609623,0.8386828353007635,3,0.046875,1.2014654889616498,1.2356981100734092,1.3968421400700577,2.120178901194036,1.4766846350779377
common-pile/comma-v0.1-2t,bookmia.37.30,the_hunger_games,75,0.9051325318311971,7.195284843444824,0,0.0,7.949426841269153,2.127328185977895,1.1591169872279345,1.2406241721186333,1.286526483632357
common-pile/comma-v0.1-2t,bookmia.37.32,the_hunger_games,80,0.7175627472389814,5.186376571655273,0,0.0,7.2277673159751865,4.07496314335983,1.664346981437803,1.287209589005666,1.3595477577815616
common-pile/comma-v0.1-2t,bookmia.37.34,the_hunger_games,70,0.8581270585129914,3.022496795654297,0,0.0,3.522201946285019,1.1090989678104755,1.7492979817465735,1.4312576792604592,2.17960682212871
common-pile/comma-v0.1-2t,bookmia.37.35,the_hunger_games,74,0.7075317586219488,7.419553279876709,0,0.0,10.486530377558859,1.0047991018890745,1.1251718085360733,1.061785979107168,2.430802842042991
common-pile/comma-v0.1-2t,bookmia.37.36,the_hunger_games,62,0.7286996303286736,3.561687469482422,0,0.0,4.887730583691876,1.2530537685600396,0.8990395910705814,1.1685400971416051,2.284430025123663
common-pile/comma-v0.1-2t,bookmia.37.37,the_hunger_games,71,0.772291988366981,4.7085771560668945,0,0.0,6.096887222698279,3.5733410735578817,1.1974187925493045,1.6723174092407918,1.452851391323718
common-pile/comma-v0.1-2t,bookmia.37.39,the_hunger_games,70,0.6586020882787684,8.561579704284668,0,0.0,12.99962429007784,1.957396390626957,1.3262223804372828,1.7614046438423387,1.5628085280567294
common-pile/comma-v0.1-2t,bookmia.37.40,the_hunger_games,71,0.7782196784835956,4.022727966308594,0,0.0,5.169141924227749,1.2189715688847056,1.9934035343265726,1.2444044039957802,2.0847581368510943
common-pile/comma-v0.1-2t,bookmia.37.41,the_hunger_games,63,0.817602140990218,1.523669419189294,4,0.06349206349206349,1.8635829614437418,2.0040982998759693,0.958044552480466,1.012140850720704,1.0961476387085853
common-pile/comma-v0.1-2t,bookmia.37.42,the_hunger_games,60,0.6494330750549426,2.830472707748413,0,0.0,4.358374737087347,1.332768965538185,0.9706674320149106,1.0668806894685237,1.3128752769587713
common-pile/comma-v0.1-2t,bookmia.37.44,the_hunger_games,75,0.8994981746401821,14.841316223144531,0,0.0,16.499551240425102,1.0464308907007411,1.78259527928116,3.3511051160067957,0.9793762706060534
common-pile/comma-v0.1-2t,bookmia.37.45,the_hunger_games,83,0.7611513549267049,1.3898904701838126,8,0.0963855421686747,1.8260369126159568,1.8746711124446587,2.5061322902854335,1.892982043326413,1.030852097516386
common-pile/comma-v0.1-2t,bookmia.37.47,the_hunger_games,85,0.5262407397380109,1.6959435939788818,0,0.0,3.222752375316301,1.0634518317665689,1.0997096506376773,1.243578327059745,3.3586526772227785
common-pile/comma-v0.1-2t,bookmia.37.50,the_hunger_games,72,0.7811064994553601,6.4268364906311035,0,0.0,8.227862007437302,0.99915638385578,1.1079831439165473,1.2590933156592636,3.267541916147922
common-pile/comma-v0.1-2t,bookmia.37.51,the_hunger_games,76,0.6619789479056467,8.148737907409668,0,0.0,12.309663219941438,1.6881145956853922,3.187704794234306,1.0388638427673442,1.2078724102378373
common-pile/comma-v0.1-2t,bookmia.37.52,the_hunger_games,86,0.6810030617442492,3.171109199523926,0,0.0,4.656527081393412,1.0884119790376134,1.2854061492022226,1.3172756325642956,1.6412649991619908
common-pile/comma-v0.1-2t,bookmia.37.55,the_hunger_games,68,0.5968171914649066,6.731813430786133,0,0.0,11.279523323151405,1.0278716208585008,3.060009322227141,0.9767869751445344,1.173657469487015
common-pile/comma-v0.1-2t,bookmia.37.57,the_hunger_games,74,0.6426549539357366,1.2269545793533325,0,0.0,1.9091964853600492,1.37361513000468,1.0335712867052806,2.4979883113155976,3.4984270565611433
common-pile/comma-v0.1-2t,bookmia.37.58,the_hunger_games,68,0.8043993213440095,4.5513834953308105,0,0.0,5.6581145390901755,1.0923977512811391,1.9410015530874958,1.2010476949173432,5.889367714627583
common-pile/comma-v0.1-2t,bookmia.37.59,the_hunger_games,74,0.9174188623967233,14.312426567077637,0,0.0,15.600754632062987,1.8105647073850029,3.6914561063111404,1.1036219814120587,1.5127582572995482
common-pile/comma-v0.1-2t,bookmia.37.68,the_hunger_games,68,0.6710919773149049,3.8744752407073975,0,0.0,5.77338929934686,2.170602998030912,1.2135243889276195,1.3591905045939396,3.3239646431977787
common-pile/comma-v0.1-2t,bookmia.37.72,the_hunger_games,64,0.6997090696147805,11.244824409484863,0,0.0,16.07071409789731,1.07651833165575,0.9445779841180096,3.7528550363110145,0.991115456356712
common-pile/comma-v0.1-2t,bookmia.37.74,the_hunger_games,73,0.652297386847466,1.714261531829834,0,0.0,2.6280367917995338,1.7771340559395525,1.2436127069532132,2.283205133206442,1.4637278987750024
common-pile/comma-v0.1-2t,bookmia.37.80,the_hunger_games,76,0.6966363839011922,8.91392707824707,0,0.0,12.795666841758559,1.1794485000210768,1.0431990800640114,1.6356560897809995,1.2054761939767475
common-pile/comma-v0.1-2t,bookmia.37.82,the_hunger_games,74,0.6916720297344373,0.984521252267501,4,0.05405405405405406,1.423393183392859,1.5105659458968677,1.3920558752004422,2.82050614342704,1.3115751548269199
common-pile/comma-v0.1-2t,bookmia.37.84,the_hunger_games,76,0.6864567382774236,6.226260185241699,0,0.0,9.070142134325481,2.0229891373049496,3.8929368955977566,2.578430725729794,1.6186727761123056
common-pile/comma-v0.1-2t,bookmia.37.85,the_hunger_games,65,0.8629756066965499,7.363391876220703,0,0.0,8.53256085001938,1.4506332342585688,0.9774142403237042,1.7432395912505232,2.0583063157599484
common-pile/comma-v0.1-2t,bookmia.37.86,the_hunger_games,71,0.6184725470559239,3.3335418701171875,0,0.0,5.38995932153438,0.9979525052236616,1.7078135404402646,0.9310210526567693,0.966156166151438
common-pile/comma-v0.1-2t,bookmia.37.89,the_hunger_games,83,0.732968127749347,9.180333137512207,0,0.0,12.524873579020893,3.8600597408109603,0.9293011387303151,1.0209211967143992,0.9706529057394648
common-pile/comma-v0.1-2t,bookmia.37.91,the_hunger_games,77,0.746177289688492,5.150896072387695,0,0.0,6.903045889453496,3.706445215199112,0.8621273323438361,0.8786136428175799,1.1044051170317932
common-pile/comma-v0.1-2t,bookmia.37.92,the_hunger_games,73,0.6870657079194974,0.6870657079194974,72,0.9863013698630136,1.0,1.0020139945580715,1.016083114798413,1.1771743553657805,2.4263658537518875
common-pile/comma-v0.1-2t,bookmia.37.93,the_hunger_games,83,0.6457331955474314,0.9563140920769466,13,0.1566265060240964,1.4809740287026982,1.498496129666692,1.6832898569425725,2.3940503987968946,0.9548900291949619
common-pile/comma-v0.1-2t,bookmia.37.94,the_hunger_games,68,0.6422749932026145,0.9532480239868164,0,0.0,1.4841742774906717,1.2431758657699377,1.011297967554137,1.5134198942131825,1.032207877120261
common-pile/comma-v0.1-2t,bookmia.37.96,the_hunger_games,73,0.6962541424170505,2.821608304977417,0,0.0,4.052555141980465,1.2523807296571574,1.1894544309540407,1.2331954277273083,1.8037577413389054
common-pile/comma-v0.1-2t,bookmia.37.97,the_hunger_games,62,0.804574115579321,4.504977226257324,0,0.0,5.599207256392515,1.0320664691895676,1.2154410572788157,1.528850004767615,1.0704911902264245
common-pile/comma-v0.1-2t,bookmia.37.99,the_hunger_games,80,0.6870487555089055,3.5311768849690757,0,0.0,5.1396307127483105,2.295019411609079,0.9104273696342251,2.0629334043338843,1.4108650117067139
common-pile/comma-v0.1-2t,bookmia.42.00,the_silmarillion,87,0.6433136211646622,2.764484087626139,0,0.0,4.2972571956758605,1.0733170641906118,1.3344560381367296,1.0617232465642055,1.0402202927642168
common-pile/comma-v0.1-2t,bookmia.42.01,the_silmarillion,86,0.7370763543612555,5.223597526550293,0,0.0,7.086915074187966,1.0875226435622543,1.9025990304725628,1.4583607392586861,1.2033252604477613
common-pile/comma-v0.1-2t,bookmia.42.05,the_silmarillion,108,0.8790969158511311,9.132159233093262,0,0.0,10.38811428914139,1.423470777883892,0.9298719593624211,1.14030845358845,1.5607540821687613
common-pile/comma-v0.1-2t,bookmia.42.07,the_silmarillion,79,0.8650609689739748,3.1701818307240806,1,0.012658227848101266,3.664691789856323,4.446296742134761,1.2943941492237994,1.4475257908908157,1.8753939675610678
common-pile/comma-v0.1-2t,bookmia.42.08,the_silmarillion,80,0.7287487023251338,8.560314178466797,0,0.0,11.746592688473266,1.7696608261599465,2.4548555963207432,4.6385946368053785,1.8706443360079081
common-pile/comma-v0.1-2t,bookmia.42.09,the_silmarillion,81,0.6396290013058415,3.20536322593689,1,0.012345679012345678,5.011285009580469,5.593017559525952,1.307214205786004,1.144051212721325,1.6825656786029244
common-pile/comma-v0.1-2t,bookmia.42.12,the_silmarillion,84,0.6727522751040232,3.568314552307129,0,0.0,5.304054232674849,1.4547962947526154,2.658833762125142,1.1570539216979352,2.059169030171804
common-pile/comma-v0.1-2t,bookmia.42.15,the_silmarillion,86,0.8429878621357548,6.273226261138916,0,0.0,7.4416566867823715,0.9956164323048793,1.504668060726911,1.2845480346460292,2.929957923754279
common-pile/comma-v0.1-2t,bookmia.42.16,the_silmarillion,81,0.6585373988759458,3.258401870727539,0,0.0,4.947937469138866,1.0410708772028465,1.1904316783718611,1.2506648815796815,1.2890283930860538
common-pile/comma-v0.1-2t,bookmia.42.18,the_silmarillion,93,0.7408740570685649,3.6221775327410017,1,0.010752688172043012,4.889059750685512,7.713819409398691,6.829982469930504,0.8829286673115281,0.9403094917475222
common-pile/comma-v0.1-2t,bookmia.42.19,the_silmarillion,90,0.7998234177836476,1.854787826538086,0,0.0,2.31899665013285,1.0611565246618122,1.1151867960056538,1.100747657934913,7.960168008454098
common-pile/comma-v0.1-2t,bookmia.42.21,the_silmarillion,79,0.7139169911593793,2.9998443126678467,0,0.0,4.201951136918861,1.8752894511283023,2.1477880207894957,1.0104202172152326,1.0620790916058196
common-pile/comma-v0.1-2t,bookmia.42.23,the_silmarillion,70,0.7458475658825751,4.5328779220581055,0,0.0,6.07748570808067,1.9155707001510993,2.243073990336983,1.300502978280488,2.215289352530454
common-pile/comma-v0.1-2t,bookmia.42.25,the_silmarillion,75,0.4938600682077897,2.7206482887268066,0,0.0,5.508945678884295,1.1509952605173595,1.2403415548180539,1.3815681261084833,2.828733269580243
common-pile/comma-v0.1-2t,bookmia.42.26,the_silmarillion,84,0.6078976566144477,1.396994709968567,0,0.0,2.298075498018567,2.066187533169614,1.3426351723003271,1.9312850327646958,2.6191788617462106
common-pile/comma-v0.1-2t,bookmia.42.27,the_silmarillion,94,0.7673454379185813,3.5649404525756836,0,0.0,4.645809144634465,2.5189820143271584,1.6667760483147924,1.7102753953483167,2.6784646459868835
common-pile/comma-v0.1-2t,bookmia.42.28,the_silmarillion,76,0.7059195622911515,9.652318954467773,0,0.0,13.673397749652874,2.723047601342597,1.743214682821093,1.3301078130009591,1.4173549984001574
common-pile/comma-v0.1-2t,bookmia.42.29,the_silmarillion,81,0.7182505662680505,6.888283729553223,0,0.0,9.590363103149327,1.3406806988358482,1.3953990959785567,2.16291394536094,1.693420822533976
common-pile/comma-v0.1-2t,bookmia.42.30,the_silmarillion,81,0.5788031000035935,9.813053131103516,0,0.0,16.954043838124903,1.701790923447002,1.060574619153594,2.1734461625557713,1.5204772253250938
common-pile/comma-v0.1-2t,bookmia.42.31,the_silmarillion,72,0.7454497923360958,3.9634876251220703,0,0.0,5.316907544774096,3.312529396002204,1.242123151700837,1.2447520562382894,3.3763348886913476
common-pile/comma-v0.1-2t,bookmia.42.37,the_silmarillion,77,0.7217356793172791,4.973910013834636,0,0.0,6.891595020686343,4.881728747574388,1.720702480483923,1.2436860717185452,0.9591476025592176
common-pile/comma-v0.1-2t,bookmia.42.39,the_silmarillion,84,0.7144669594952855,2.9525227546691895,0,0.0,4.132483266622874,1.1026430939361584,1.296225110009345,1.4474424557059207,1.6881262138647994
common-pile/comma-v0.1-2t,bookmia.42.45,the_silmarillion,79,0.7242328385964067,2.931543986002604,0,0.0,4.047792132270691,1.5653049763547464,1.0733144279351332,1.344333784560354,1.2921495427253344
common-pile/comma-v0.1-2t,bookmia.42.46,the_silmarillion,73,0.7114147379935316,4.658877690633138,0,0.0,6.54875059767949,1.7636789768444463,2.619018909838222,0.8587567083914903,0.8917199204389052
common-pile/comma-v0.1-2t,bookmia.42.47,the_silmarillion,88,0.7635088665074766,8.230409622192383,0,0.0,10.779717149639398,1.6940321038123503,1.1469365609213875,2.060647521969596,0.9135740725682493
common-pile/comma-v0.1-2t,bookmia.42.48,the_silmarillion,86,0.5180361707053669,0.8622893311760642,2,0.023255813953488372,1.6645349879757554,1.70113125353169,1.5215029886759575,4.7768346600326295,1.5726540130954427
common-pile/comma-v0.1-2t,bookmia.42.50,the_silmarillion,83,0.6454291059113997,4.266653696695964,0,0.0,6.610569089026583,0.9940509153562598,0.9326178092157185,1.035920457960984,1.3807347484309946
common-pile/comma-v0.1-2t,bookmia.42.54,the_silmarillion,95,0.7772196532716239,4.3309628168741865,0,0.0,5.572379440797022,3.398981653852075,0.9493532180327267,0.9787606382453454,1.0077596572915912
common-pile/comma-v0.1-2t,bookmia.42.55,the_silmarillion,77,0.6698176253014481,3.5462632179260254,0,0.0,5.294371309399402,1.399245703350388,3.2052017933581687,0.9612248073880447,1.1000438381316713
common-pile/comma-v0.1-2t,bookmia.42.58,the_silmarillion,97,0.6648032882901944,10.323606491088867,0,0.0,15.528813820461266,1.3460549866566953,8.108238655469743,2.6982860534340936,2.1223517481707783
common-pile/comma-v0.1-2t,bookmia.42.61,the_silmarillion,85,1.0597498942642811,3.1569836139678955,0,0.0,2.97898931724791,0.9807867276730112,1.0110204214837324,1.1458705897404133,1.0470111831702584
common-pile/comma-v0.1-2t,bookmia.42.62,the_silmarillion,77,0.6822709222030064,4.020318349202474,0,0.0,5.89255414289259,1.116682851752309,1.2237499828756393,1.8622249095041572,1.5183853402960812
common-pile/comma-v0.1-2t,bookmia.42.63,the_silmarillion,95,0.6458419821628606,12.335847854614258,0,0.0,19.100411858180433,1.5723578402966778,1.074741096198091,1.8776146567516279,1.0320942613629198
common-pile/comma-v0.1-2t,bookmia.42.64,the_silmarillion,84,0.8366959246712581,4.387713432312012,0,0.0,5.244095618173311,2.2893572871011605,1.4763409382564803,1.3254912971788013,1.4814698487784863
common-pile/comma-v0.1-2t,bookmia.42.65,the_silmarillion,63,0.6763042042039842,3.96164608001709,0,0.0,5.857787154642904,1.0706038867256724,1.704016029306372,3.245594538556695,1.2031237726060648
common-pile/comma-v0.1-2t,bookmia.42.68,the_silmarillion,75,0.7163186219080534,7.151399612426758,0,0.0,9.98354558112369,0.9732103392151478,1.0455681578704463,1.1603127099977746,2.5391617538827056
common-pile/comma-v0.1-2t,bookmia.42.69,the_silmarillion,74,0.752330035675544,14.435437202453613,0,0.0,19.187639091787048,1.0774144226962117,1.8668711558870004,2.42872335108829,1.4939131751308097
common-pile/comma-v0.1-2t,bookmia.42.70,the_silmarillion,74,0.6067577782834138,3.3441526889801025,0,0.0,5.511511856413423,1.022542071571459,1.133852658661844,1.4979923910364907,1.517021106359789
common-pile/comma-v0.1-2t,bookmia.42.72,the_silmarillion,81,0.5468807353243245,5.003867149353027,0,0.0,9.149832543261033,1.194910099465613,1.2865266549596692,1.5461092802639897,1.8994990018152054
common-pile/comma-v0.1-2t,bookmia.42.74,the_silmarillion,72,0.5110304386595238,2.6558822631835937,0,0.0,5.1971116831126505,1.6982529496795102,1.1587388475706948,1.3137690437236156,3.4229329876227186
common-pile/comma-v0.1-2t,bookmia.42.78,the_silmarillion,76,0.658591594374222,7.859074592590332,0,0.0,11.93315350472676,0.9298669752129477,0.9686141943801315,1.026363862337287,1.0847761269045275
common-pile/comma-v0.1-2t,bookmia.42.79,the_silmarillion,78,0.8759525602843524,5.399209340413411,0,0.0,6.163814783143867,1.0295610734048524,1.2178656081607317,1.833239856869587,1.1110720619419105
common-pile/comma-v0.1-2t,bookmia.42.80,the_silmarillion,80,0.7336542372863577,2.974437713623047,0,0.0,4.054277290927815,0.9789280984328979,0.99119849301989,1.0404480314976556,1.3581955318617307
common-pile/comma-v0.1-2t,bookmia.42.86,the_silmarillion,68,0.6405941269548076,8.854780197143555,0,0.0,13.822762065016933,1.7883626282362437,3.5917343873004675,1.3044548649048806,0.8611266561865681
common-pile/comma-v0.1-2t,bookmia.42.87,the_silmarillion,76,0.5133371416687827,1.8121343340192522,0,0.0,3.5301056302457927,1.0866162342536874,0.9991848659753765,1.0438027830294345,1.1322407711532638
common-pile/comma-v0.1-2t,bookmia.42.89,the_silmarillion,84,0.8338885526721195,3.5112903118133545,0,0.0,4.210742911102145,2.7391863144084185,3.8684826063948767,0.9696949468130913,1.1144851259218755
common-pile/comma-v0.1-2t,bookmia.42.90,the_silmarillion,77,0.7508354823418084,4.563418388366699,0,0.0,6.077787339156756,0.9545966110015136,0.9771490118916842,1.0015034530424758,1.3910714691498847
common-pile/comma-v0.1-2t,bookmia.42.91,the_silmarillion,70,0.6903790006652479,14.883922576904297,0,0.0,21.559060403868276,1.536111537356897,1.4490760346346436,0.9544007055753532,0.8718580156271211
common-pile/comma-v0.1-2t,bookmia.42.98,the_silmarillion,86,0.5449578486741578,13.556485176086426,0,0.0,24.87620869956888,0.9231206418961072,1.4605168739694514,0.9730258257045601,1.0202825623346603
common-pile/comma-v0.1-2t,bookmia.42.99,the_silmarillion,81,0.6567533402842644,3.088533878326416,0,0.0,4.702730369044788,1.7529800081741431,0.9721688945085624,1.0154487371306067,2.0020918677517368
common-pile/comma-v0.1-2t,bookmia.44.00,their_eyes_were_watching_god,73,0.9350404644945044,12.578619956970215,0,0.0,13.452487282216591,1.8291379012306703,1.6922425494869224,1.0201752467008285,1.598608052770841
common-pile/comma-v0.1-2t,bookmia.44.01,their_eyes_were_watching_god,82,0.8563523718243481,4.933671951293945,0,0.0,5.761263836735099,1.2183755993804795,2.0293812291626163,1.0180452488981215,1.3151519781465955
common-pile/comma-v0.1-2t,bookmia.44.02,their_eyes_were_watching_god,72,0.5785620881014703,5.6048628489176435,0,0.0,9.687573666138046,1.1790260279938565,3.001242895276036,0.8945937941594699,1.3410293375252818
common-pile/comma-v0.1-2t,bookmia.44.03,their_eyes_were_watching_god,80,0.9337971596100978,2.4428858075823103,0,0.0,2.616077573637432,2.0889654894487633,0.9081664742043241,0.9759216629600258,1.8382850922753806
common-pile/comma-v0.1-2t,bookmia.44.04,their_eyes_were_watching_god,82,0.7490774110329509,15.36439323425293,0,0.0,20.51108871787494,1.3081849378509334,1.3609988925934244,0.9411793416476069,1.8191836293961496
common-pile/comma-v0.1-2t,bookmia.44.05,their_eyes_were_watching_god,68,0.7119931513854758,2.918405771255493,0,0.0,4.098923937086379,1.8357816148143613,1.2219515215565349,4.0745477469054405,1.7015645834501014
common-pile/comma-v0.1-2t,bookmia.44.08,their_eyes_were_watching_god,72,0.7291327579660984,10.502534866333008,0,0.0,14.40414622932266,1.127483341515016,1.1064961931068469,1.1593959322998968,1.317624401753105
common-pile/comma-v0.1-2t,bookmia.44.10,their_eyes_were_watching_god,73,0.8006180639697523,8.646219253540039,0,0.0,10.799430643207042,1.0441400975960689,1.1327868332443534,1.1797368843567482,1.356827132230436
common-pile/comma-v0.1-2t,bookmia.44.16,their_eyes_were_watching_god,82,0.8440995011373161,3.1504902839660645,0,0.0,3.7323683756727513,1.5929979796037053,3.6790478832482614,1.21279346393441,1.331152657279434
common-pile/comma-v0.1-2t,bookmia.44.19,their_eyes_were_watching_god,85,0.8789285224732358,3.2418762842814126,0,0.0,3.688441325307122,1.0302368072271317,1.0192888746684508,1.1140216625052568,1.4453596731166147
common-pile/comma-v0.1-2t,bookmia.44.22,their_eyes_were_watching_god,69,0.5248515533523023,2.158574104309082,0,0.0,4.1127326203418075,1.043090508955555,1.0646086552235086,1.2173355125962213,1.1410768287514375
common-pile/comma-v0.1-2t,bookmia.44.23,their_eyes_were_watching_god,70,0.7453531481808704,3.2738256454467773,0,0.0,4.392314775133059,1.480046777763856,1.606076535617093,1.102709877733436,0.99012534104493
common-pile/comma-v0.1-2t,bookmia.44.25,their_eyes_were_watching_god,78,0.6705970783110718,4.761387189229329,0,0.0,7.100220599262215,1.9193201609081403,1.7202792071554054,1.9996039319349548,1.2457005951353743
common-pile/comma-v0.1-2t,bookmia.44.27,their_eyes_were_watching_god,68,0.5919653934437402,1.509966667741537,1,0.014705882352941176,2.5507684815109766,3.3521896164650267,1.2657677970013652,1.5903009816577514,1.0859883003082584
common-pile/comma-v0.1-2t,bookmia.44.30,their_eyes_were_watching_god,75,0.706015362149312,2.2172818183898926,0,0.0,3.1405574683812185,1.4721783276405962,1.864101626502399,2.5814933745169553,1.071828929825323
common-pile/comma-v0.1-2t,bookmia.44.32,their_eyes_were_watching_god,88,0.7609267875881955,2.985897445678711,0,0.0,3.924027244648197,1.015836276050806,1.0084310863933583,1.2135912940403815,1.0460232271975787
common-pile/comma-v0.1-2t,bookmia.44.33,their_eyes_were_watching_god,76,0.772445908917231,4.073479016621907,0,0.0,5.273481249103733,1.0795820765185895,1.7374387937711955,3.4061738790352956,1.738280834837695
common-pile/comma-v0.1-2t,bookmia.44.34,their_eyes_were_watching_god,68,0.6025688841498821,5.25112247467041,0,0.0,8.714559634254618,0.9281871726098708,0.9523675776787301,1.0633166889124555,1.2385752403992931
common-pile/comma-v0.1-2t,bookmia.44.36,their_eyes_were_watching_god,77,0.578271189553399,9.752589225769043,0,0.0,16.865078879860857,1.3013470948965957,2.465467863066154,0.9680082103631715,0.9920123798218169
common-pile/comma-v0.1-2t,bookmia.44.40,their_eyes_were_watching_god,77,0.9536465928502101,3.4441229502360025,0,0.0,3.611529654756469,1.0449240959941484,1.0976757288038093,1.4143411516919344,1.1720535392162634
common-pile/comma-v0.1-2t,bookmia.44.45,their_eyes_were_watching_god,84,0.7977398582169283,0.8195282490112911,44,0.5238095238095238,1.0273126515742403,1.1114339285156962,1.2534501561870048,1.0313239841947788,1.317234720675301
common-pile/comma-v0.1-2t,bookmia.44.46,their_eyes_were_watching_god,75,0.7440951156362231,5.853355407714844,0,0.0,7.866407512579966,1.2526838165521943,1.4112621038996915,2.1655489255920912,1.5033430059483466
common-pile/comma-v0.1-2t,bookmia.44.47,their_eyes_were_watching_god,79,0.885971259277405,14.012365341186523,0,0.0,15.815823814211488,2.012297408505941,1.389092799348419,1.1562695912932304,1.815111319959367
common-pile/comma-v0.1-2t,bookmia.44.49,their_eyes_were_watching_god,78,0.7228729182890407,3.6784348487854004,0,0.0,5.088632809058395,1.0355523040276455,1.1545217009470845,1.1678470755549213,1.6738336893233612
common-pile/comma-v0.1-2t,bookmia.44.50,their_eyes_were_watching_god,72,0.847420318330302,7.152348041534424,0,0.0,8.440142260958426,2.113800260206142,1.064485495539382,1.0023929104533076,1.017617889937163
common-pile/comma-v0.1-2t,bookmia.44.51,their_eyes_were_watching_god,80,0.6557904990043054,4.928909778594971,0,0.0,7.51598229324547,1.1599107840080136,1.0154570816942432,2.5703058576007836,1.1692080837563965
common-pile/comma-v0.1-2t,bookmia.44.52,their_eyes_were_watching_god,70,0.8059061534597144,2.597447633743286,1,0.014285714285714285,3.2230150155729356,3.232654933777646,2.051550026569254,1.1851497745014088,1.0827463418160637
common-pile/comma-v0.1-2t,bookmia.44.53,their_eyes_were_watching_god,74,0.7301397031848074,3.235666370391846,1,0.013513513513513514,4.4315715968850125,5.562875822957025,1.3088390003693755,1.5431087133149113,0.8877294731897694
common-pile/comma-v0.1-2t,bookmia.44.54,their_eyes_were_watching_god,87,0.5817757674742704,0.6323862967746299,39,0.4482758620689655,1.0869931890083369,1.1364383030875873,1.109420855328851,2.441963856774219,2.1460896701568872
common-pile/comma-v0.1-2t,bookmia.44.58,their_eyes_were_watching_god,65,0.5479153212686272,2.874878474644252,0,0.0,5.2469393773983946,0.8902814454476294,0.9118235668246809,1.1977023052315798,1.0405674504685594
common-pile/comma-v0.1-2t,bookmia.44.61,their_eyes_were_watching_god,74,0.8604426855441837,20.8019962310791,0,0.0,24.175923138823546,1.4844034845486527,1.0902755148439491,1.654721992547671,1.1383089910285236
common-pile/comma-v0.1-2t,bookmia.44.62,their_eyes_were_watching_god,71,0.651494898778654,4.141023635864258,0,0.0,6.356187352544682,2.533915665306974,1.758365963829208,2.132286207869852,1.7566798944163877
common-pile/comma-v0.1-2t,bookmia.44.67,their_eyes_were_watching_god,68,0.7574632816177614,4.5414377848307295,0,0.0,5.9955880305264415,1.042307625054531,2.242245379212788,1.3545574368650353,1.898071653639402
common-pile/comma-v0.1-2t,bookmia.44.68,their_eyes_were_watching_god,73,0.7617439859901028,2.269138145446777,0,0.0,2.978872412753462,2.337609415717605,1.0725470856062793,1.3034689272130742,4.687628902056364
common-pile/comma-v0.1-2t,bookmia.44.72,their_eyes_were_watching_god,78,0.6053257115967706,5.326298236846924,0,0.0,8.79906162055605,1.8621935477000053,1.2807404988482505,2.2636151115445036,1.3738955811544518
common-pile/comma-v0.1-2t,bookmia.44.73,their_eyes_were_watching_god,76,0.8627530730064259,3.0680527687072754,0,0.0,3.5561192010780864,1.011117474202978,2.171757948137958,2.0160411178662287,1.6444163647530032
common-pile/comma-v0.1-2t,bookmia.44.74,their_eyes_were_watching_god,78,0.9949008764042759,8.374642372131348,0,0.0,8.417564574270541,1.4779062491678625,1.3957111069634507,1.8276811724318796,1.7419417827271995
common-pile/comma-v0.1-2t,bookmia.44.75,their_eyes_were_watching_god,79,0.7279950169348327,4.445311864217122,0,0.0,6.106239412096208,1.597848861816928,2.154206134857874,5.522056184959381,3.041125553763848
common-pile/comma-v0.1-2t,bookmia.44.76,their_eyes_were_watching_god,80,0.6786514665858061,1.988465772734748,2,0.025,2.930025013779785,3.332593530135894,1.4973916816588195,1.9740388573764374,1.7844115105534006
common-pile/comma-v0.1-2t,bookmia.44.81,their_eyes_were_watching_god,72,0.8855514594446489,6.27130126953125,0,0.0,7.081803324522934,1.2642737455076687,1.1895153843414117,1.5967942720415447,1.2551627786439492
common-pile/comma-v0.1-2t,bookmia.44.82,their_eyes_were_watching_god,81,1.012877779424632,3.581777572631836,0,0.0,3.5362386710334137,1.0209899022868516,1.8584625555726888,1.1126374976244269,4.083766509429632
common-pile/comma-v0.1-2t,bookmia.44.85,their_eyes_were_watching_god,73,0.8536518878213055,7.269038200378418,0,0.0,8.515225356006056,0.9490891569328143,1.477729691338161,0.9890671785708018,1.347172793925313
common-pile/comma-v0.1-2t,bookmia.44.87,their_eyes_were_watching_god,75,0.8350729766944958,9.698761940002441,0,0.0,11.614268705465067,1.132994339441339,1.171872162431442,1.2052787931053377,1.5878064886429764
common-pile/comma-v0.1-2t,bookmia.44.88,their_eyes_were_watching_god,79,0.5524634192136882,1.229589581489563,0,0.0,2.225648864208271,1.634688520355932,4.246448731147748,2.524767369573367,1.9712368336056547
common-pile/comma-v0.1-2t,bookmia.44.89,their_eyes_were_watching_god,72,0.9312292973518492,7.456727981567383,0,0.0,8.00740269101519,1.0179792224058526,1.1303393859315167,1.1095941922379626,1.3893688208221164
common-pile/comma-v0.1-2t,bookmia.44.92,their_eyes_were_watching_god,70,0.7875070669027515,3.2346582412719727,0,0.0,4.107465668840045,1.1819250858340993,1.8066245640084917,1.3774521352277966,0.9523308718764016
common-pile/comma-v0.1-2t,bookmia.44.93,their_eyes_were_watching_god,88,0.9114836486206885,10.325889587402344,0,0.0,11.328661356710125,1.3112479434679452,1.4353783136476699,2.122821550323766,1.0712879073586241
common-pile/comma-v0.1-2t,bookmia.44.94,their_eyes_were_watching_god,74,0.9322000497062198,12.842823028564453,0,0.0,13.776895884753312,3.1026731820929534,1.0535353186456093,1.7456120210906654,0.8797976396078456
common-pile/comma-v0.1-2t,bookmia.44.95,their_eyes_were_watching_god,92,0.7018998925841,8.524738311767578,0,0.0,12.1452338172942,1.581064268647204,1.5497852850145175,2.1296715238734722,1.1282090578575148
common-pile/comma-v0.1-2t,bookmia.44.98,their_eyes_were_watching_god,74,0.8811750250615282,2.551550587018331,1,0.013513513513513514,2.8956229062894385,3.2052679814547793,1.453993561315404,3.4006458020610966,1.0731931015770373
common-pile/comma-v0.1-2t,bookmia.46.01,to_kill_a_mockingbird,73,0.6828012737939221,2.5356597900390625,0,0.0,3.7136131512319883,1.3399979407769564,0.978862702882291,1.5586397372442515,5.741227743867072
common-pile/comma-v0.1-2t,bookmia.46.02,to_kill_a_mockingbird,78,0.7108023829857587,13.977323532104492,0,0.0,19.664148385929842,1.5061642495962548,1.9142996082164587,4.621324142721134,1.7525262053875568
common-pile/comma-v0.1-2t,bookmia.46.04,to_kill_a_mockingbird,70,0.7659063331558911,5.144528388977051,0,0.0,6.716915850243979,2.481319936260519,1.4547995248112882,1.9579093071512967,1.0089220020309586
common-pile/comma-v0.1-2t,bookmia.46.05,to_kill_a_mockingbird,83,0.7265112940567966,3.8626108169555664,0,0.0,5.316656256487044,1.0708881989796202,1.1408319583490532,1.9081141357274893,1.762045045674134
common-pile/comma-v0.1-2t,bookmia.46.07,to_kill_a_mockingbird,84,0.7265220147882898,3.182063102722168,0,0.0,4.379857785382359,1.1498160064821346,1.8275326401434895,1.5168966964531687,5.797686337502976
common-pile/comma-v0.1-2t,bookmia.46.08,to_kill_a_mockingbird,79,0.7198200650315532,1.0145143899652693,3,0.0379746835443038,1.4093999865380222,1.5176346097522058,1.3965899608683332,1.6905253122614463,2.7131651168705573
common-pile/comma-v0.1-2t,bookmia.46.09,to_kill_a_mockingbird,73,0.6997137077924556,1.6233336130777996,0,0.0,2.3199968715766563,1.0397288485573806,0.963031320733764,1.0173551566287835,1.1729040457619797
common-pile/comma-v0.1-2t,bookmia.46.10,to_kill_a_mockingbird,71,0.7118936348702476,4.184099833170573,0,0.0,5.8774227331491495,1.0971249139761374,1.4602986581582544,1.024934879790485,1.2301164431764033
common-pile/comma-v0.1-2t,bookmia.46.13,to_kill_a_mockingbird,72,0.6942440483088185,1.2517667611440022,2,0.027777777777777776,1.8030644471397508,2.4499972723531007,1.0727419688489948,1.8707117757760099,1.1669494633286404
common-pile/comma-v0.1-2t,bookmia.46.15,to_kill_a_mockingbird,70,0.7260871937257032,3.677565574645996,0,0.0,5.064909017022664,2.7156014279599887,1.177311436152553,1.4238728273704497,0.9713138315296979
common-pile/comma-v0.1-2t,bookmia.46.16,to_kill_a_mockingbird,65,0.6033302101929204,10.95941162109375,0,0.0,18.16486467267962,1.1939484711827844,1.9955057548084774,3.946036291007473,1.4233695546797398
common-pile/comma-v0.1-2t,bookmia.46.19,to_kill_a_mockingbird,65,0.7505305463998792,1.7716700236002605,0,0.0,2.360556851547949,1.745452689862913,1.1111902152828885,0.941035039890276,1.3415803488488858
common-pile/comma-v0.1-2t,bookmia.46.20,to_kill_a_mockingbird,69,0.6579412964323744,11.351018905639648,0,0.0,17.25232777937712,1.0804718781674267,1.1218037418843114,1.090614617329658,1.5714125329512034
common-pile/comma-v0.1-2t,bookmia.46.21,to_kill_a_mockingbird,80,0.4909124298648499,13.235496520996094,0,0.0,26.961013239448587,2.052093827009924,0.9736896580805336,1.0147184501377216,1.3074128230010615
common-pile/comma-v0.1-2t,bookmia.46.22,to_kill_a_mockingbird,74,0.6487654480200852,3.247542381286621,0,0.0,5.005726478186428,1.2121304109167925,1.3537797518497288,2.1458919649127917,0.9683351868956782
common-pile/comma-v0.1-2t,bookmia.46.24,to_kill_a_mockingbird,70,0.6577876165840838,2.0510571797688804,0,0.0,3.1181146133764246,1.2460163248792948,3.0428597199871477,0.9214976652837167,2.026261527852402
common-pile/comma-v0.1-2t,bookmia.46.25,to_kill_a_mockingbird,75,0.7488632709891179,1.862836480140686,0,0.0,2.487552203862534,2.138170595575906,1.4480600434275386,2.0182863106121105,1.5355828131255786
common-pile/comma-v0.1-2t,bookmia.46.27,to_kill_a_mockingbird,74,0.6246670560344537,6.5641021728515625,0,0.0,10.508161282783444,1.0261827082492239,1.1482489826476239,1.8969383315525512,0.9718003180844024
common-pile/comma-v0.1-2t,bookmia.46.30,to_kill_a_mockingbird,86,0.8607502769050718,8.571364402770996,0,0.0,9.958015271967543,1.5388730893440545,1.8222860035363677,1.7215045705710499,2.4452490064674692
common-pile/comma-v0.1-2t,bookmia.46.31,to_kill_a_mockingbird,68,0.7330592946459739,8.012665748596191,0,0.0,10.930446973550557,1.1610055542183773,1.5501717339255126,2.1133625839806434,0.9910168886329458
common-pile/comma-v0.1-2t,bookmia.46.32,to_kill_a_mockingbird,81,0.6975075431316073,9.251562118530273,0,0.0,13.263744900870078,1.0810937906180402,1.536316246567796,1.5812649449983545,0.9579412496478775
common-pile/comma-v0.1-2t,bookmia.46.33,to_kill_a_mockingbird,68,0.7617599039162368,3.017698287963867,0,0.0,3.9614821841498413,1.1070948508589862,1.2372840072684455,1.6249574940182454,1.907377128992739
common-pile/comma-v0.1-2t,bookmia.46.34,to_kill_a_mockingbird,72,0.6610892901972235,0.828674183371665,10,0.1388888888888889,1.2534981214480811,1.2625417064710824,3.047129685419404,5.0849761704626175,1.2847895876297417
common-pile/comma-v0.1-2t,bookmia.46.35,to_kill_a_mockingbird,77,0.7440705645619978,14.611618995666504,0,0.0,19.637410336568994,0.9514228195713091,0.9808565851443932,1.0535835327956942,1.0579596121677544
common-pile/comma-v0.1-2t,bookmia.46.36,to_kill_a_mockingbird,71,0.6270902451175812,12.073777198791504,0,0.0,19.253651755542197,0.9749889001279072,2.6748716621036395,1.6845895748982982,2.0098779621522262
common-pile/comma-v0.1-2t,bookmia.46.39,to_kill_a_mockingbird,74,0.7805621940819486,8.159953117370605,0,0.0,10.453943554066006,1.455438826784308,1.532709125412038,1.2576840977455184,1.0087521724582111
common-pile/comma-v0.1-2t,bookmia.46.40,to_kill_a_mockingbird,85,0.679170748970367,0.7728055715560913,0,0.0,1.1378663947581313,1.0113440776308462,2.1712908091542324,2.46758460559537,1.0169030731557045
common-pile/comma-v0.1-2t,bookmia.46.41,to_kill_a_mockingbird,76,0.8284747125469522,13.316385269165039,0,0.0,16.073375647431554,1.360650545041096,1.9898128590273636,2.353542981828079,1.8317669072051679
common-pile/comma-v0.1-2t,bookmia.46.42,to_kill_a_mockingbird,89,0.7215051950900339,13.71591567993164,0,0.0,19.010141262004474,1.1647814886900048,1.209340933328302,2.1816412204309246,1.2741399247889367
common-pile/comma-v0.1-2t,bookmia.46.46,to_kill_a_mockingbird,69,0.6449387457528352,2.394458293914795,0,0.0,3.7126910263698774,1.0243554785285993,4.2985547901545385,1.1214009549034798,1.0658147530368764
common-pile/comma-v0.1-2t,bookmia.46.50,to_kill_a_mockingbird,79,0.6027602387168206,4.839351336161296,0,0.0,8.028650573341558,1.4065007785364954,1.6121076258644442,3.079688181478047,0.7593769300181529
common-pile/comma-v0.1-2t,bookmia.46.52,to_kill_a_mockingbird,70,0.7288958061159213,8.11744213104248,0,0.0,11.136628943302643,1.146426826667724,1.6637285334635115,1.6144483714847788,1.9513865055338304
common-pile/comma-v0.1-2t,bookmia.46.53,to_kill_a_mockingbird,77,0.7430767828176358,4.760978698730469,0,0.0,6.407115400211471,1.7909162606711921,3.2606621937919185,0.8920692112666561,0.9612375316251018
common-pile/comma-v0.1-2t,bookmia.46.59,to_kill_a_mockingbird,82,0.5604546704633498,1.4840326309204102,0,0.0,2.647908402107707,1.0417993445582163,1.314458327598695,1.9603655302880867,1.1323412717868695
common-pile/comma-v0.1-2t,bookmia.46.61,to_kill_a_mockingbird,79,0.8955455925405215,1.1389116689010903,8,0.10126582278481013,1.2717517437277288,1.285439517513909,4.801978543792396,1.091824731252782,1.9232028934792929
common-pile/comma-v0.1-2t,bookmia.46.62,to_kill_a_mockingbird,76,0.7200737624254998,13.03783130645752,0,0.0,18.106244091634206,1.041633455194312,2.6266795239647585,0.9609294529472403,1.4524928795680179
common-pile/comma-v0.1-2t,bookmia.46.65,to_kill_a_mockingbird,72,0.8889207841946828,1.5506757939321687,3,0.041666666666666664,1.7444476735202028,2.212647799321079,1.091355057858012,1.2627800244401366,1.1363962279931645
common-pile/comma-v0.1-2t,bookmia.46.66,to_kill_a_mockingbird,69,0.6989235261522211,5.266682147979736,0,0.0,7.535419757543956,1.1938112237936225,1.1406365593264154,1.5097433884318154,1.0812414661676422
common-pile/comma-v0.1-2t,bookmia.46.67,to_kill_a_mockingbird,67,0.6208523500006348,2.9377649307250975,0,0.0,4.731825418269084,1.0454036287949684,4.949756417150607,1.6215801773354392,1.0578304035402772
common-pile/comma-v0.1-2t,bookmia.46.70,to_kill_a_mockingbird,84,0.9682630778450892,1.1283726374308267,3,0.03571428571428571,1.1653574976152845,1.5001336429354641,0.9954817906273158,2.0539031946868613,2.2299300618680187
common-pile/comma-v0.1-2t,bookmia.46.72,to_kill_a_mockingbird,73,0.6523009467198461,12.422344207763672,0,0.0,19.043884989329765,1.1491641740662075,1.2329192088873162,5.5686311956848655,1.8622146816359753
common-pile/comma-v0.1-2t,bookmia.46.76,to_kill_a_mockingbird,77,0.6461486250057787,4.626908620198567,0,0.0,7.160749773563609,1.6705099053110122,2.5333257575153687,2.0381700507997293,1.2769635625769489
common-pile/comma-v0.1-2t,bookmia.46.77,to_kill_a_mockingbird,82,0.7923261332697393,3.129741907119751,0,0.0,3.9500677507683095,0.9536164011563554,1.0416950900380064,2.298342687592606,1.174139597802613
common-pile/comma-v0.1-2t,bookmia.46.79,to_kill_a_mockingbird,71,0.7739693583413706,2.823543071746826,0,0.0,3.6481328896504723,1.0049198358148181,1.0812920163477033,1.1439789767765651,1.183850632626964
common-pile/comma-v0.1-2t,bookmia.46.80,to_kill_a_mockingbird,75,0.7338512523658902,3.9335734049479165,0,0.0,5.360178090950072,1.0749701473081512,1.2743034231976498,1.1669418818850998,2.1910745195441326
common-pile/comma-v0.1-2t,bookmia.46.82,to_kill_a_mockingbird,72,0.6255724379752383,2.743523359298706,0,0.0,4.38562058165245,1.1405304830871352,3.4764449294209796,1.212281070229526,5.786754274425344
common-pile/comma-v0.1-2t,bookmia.46.87,to_kill_a_mockingbird,71,0.6060496873400802,2.1145270665486655,0,0.0,3.4890325178273947,1.9127571048253393,1.3447796959292815,1.4885549515693566,1.2052339351193642
common-pile/comma-v0.1-2t,bookmia.46.90,to_kill_a_mockingbird,77,0.8884588940405281,15.878870010375977,0,0.0,17.87237441921724,1.055774733046598,0.9583680168176002,0.9881166696506968,1.5287137841680432
common-pile/comma-v0.1-2t,bookmia.46.93,to_kill_a_mockingbird,73,0.5980114862628919,3.3615825176239014,0,0.0,5.6212674753643705,0.9405291358501543,1.0705375033808313,0.9703467104347913,1.3650666652113588
common-pile/comma-v0.1-2t,bookmia.46.99,to_kill_a_mockingbird,75,0.6311399288945456,4.141178131103516,0,0.0,6.5614263042379095,5.074300732351334,1.0200285554499338,1.0512663573062067,1.1095288973572537
common-pile/comma-v0.1-2t,bookmia.14.00,five_on_a_treasure_island,71,0.51385832767826,1.394008731842041,2,0.028169014084507043,2.7128269734199306,2.968394948605749,1.4176013230821483,1.0180335379370928,1.8015679879467072
common-pile/comma-v0.1-2t,bookmia.14.07,five_on_a_treasure_island,64,0.5505043037316439,2.456460158030192,0,0.0,4.462199734641222,1.040092226955032,1.0960660558120423,1.7903654199982233,1.4668105969579603
common-pile/comma-v0.1-2t,bookmia.14.08,five_on_a_treasure_island,66,0.5057376837484205,2.6548027992248535,0,0.0,5.2493671809227616,0.9492665625767039,1.5260745928661623,0.9595244380319683,1.3977123057497194
common-pile/comma-v0.1-2t,bookmia.14.09,five_on_a_treasure_island,80,0.582240480516154,3.2315480709075928,0,0.0,5.550194771828365,1.671491257322212,0.9650961157757251,1.8760121415047712,1.2143595541697059
common-pile/comma-v0.1-2t,bookmia.14.10,five_on_a_treasure_island,83,0.6085842628736363,4.128948211669922,0,0.0,6.7845136056816475,1.3949911413337033,1.7233568147043363,5.026701126568198,1.1020951142806215
common-pile/comma-v0.1-2t,bookmia.14.12,five_on_a_treasure_island,68,0.6531859901501099,3.5865278244018555,0,0.0,5.490821723805847,1.9783235112343134,1.0367759923822102,1.357773261100373,1.3122062949195896
common-pile/comma-v0.1-2t,bookmia.14.13,five_on_a_treasure_island,86,0.4457441816468771,10.867003440856934,0,0.0,24.37946223034691,6.302789196511076,3.212265920336207,1.0404206190443201,3.4449216087055854
common-pile/comma-v0.1-2t,bookmia.14.14,five_on_a_treasure_island,68,0.7285869577642156,8.689950942993164,0,0.0,11.927129425511067,2.0382265573783185,1.168264138153457,1.590687141397678,1.939962704750777
common-pile/comma-v0.1-2t,bookmia.14.15,five_on_a_treasure_island,65,0.609357546032884,2.75964412689209,0,0.0,4.528776487397706,0.9448889081194443,1.3689447887551554,1.178176097781909,1.0400878363914488
common-pile/comma-v0.1-2t,bookmia.14.17,five_on_a_treasure_island,66,0.5298006957238643,1.4682674407958984,0,0.0,2.7713580836088014,1.1839295269109826,1.019183130106507,1.428766012802849,1.4280888121606885
common-pile/comma-v0.1-2t,bookmia.14.18,five_on_a_treasure_island,67,0.4299285641277211,4.047832012176514,0,0.0,9.415126953448953,1.2716047363304073,0.9953932395907105,1.0471542854743916,2.948288794111837
common-pile/comma-v0.1-2t,bookmia.14.19,five_on_a_treasure_island,70,0.605069279125685,0.9361869692802429,0,0.0,1.5472393023043864,0.9983942725922083,1.047077673381912,1.1156631905778716,1.6961789833370422
common-pile/comma-v0.1-2t,bookmia.14.23,five_on_a_treasure_island,67,0.5141106789040989,2.998588800430298,0,0.0,5.832574430903133,1.6878056086653745,1.5821108541410251,1.1328777595332737,1.6255509005014874
common-pile/comma-v0.1-2t,bookmia.14.24,five_on_a_treasure_island,76,0.5542650751702,12.285919189453125,0,0.0,22.166143493129976,1.436693057798078,1.0514822263583765,1.1476127615355303,1.93507536735467
common-pile/comma-v0.1-2t,bookmia.14.27,five_on_a_treasure_island,64,0.5196148603883853,3.6192870140075684,0,0.0,6.9653262250858985,1.158079640206632,1.7404546202384714,1.6308122653629047,0.9075569988575213
common-pile/comma-v0.1-2t,bookmia.14.28,five_on_a_treasure_island,77,0.6057667590134698,6.768954753875732,0,0.0,11.174193124923876,1.191907776308219,1.2387426149680956,1.8849618864946238,0.9699341776836716
common-pile/comma-v0.1-2t,bookmia.14.29,five_on_a_treasure_island,71,0.6868211817622237,4.93562380472819,0,0.0,7.186184607854588,0.927221357554652,0.9395033595199126,1.3697801127385716,1.2164199594166234
common-pile/comma-v0.1-2t,bookmia.14.33,five_on_a_treasure_island,74,0.5045945111381351,1.5815554724799261,0,0.0,3.1343097032757217,1.7142329008810449,1.2993972074453979,3.9639490244444118,2.8151677599479266
common-pile/comma-v0.1-2t,bookmia.14.34,five_on_a_treasure_island,64,0.6060238686481406,3.9851632118225098,0,0.0,6.575917910151338,4.9228098391927135,1.6272357235048247,0.9069214883844172,1.1216142570523557
common-pile/comma-v0.1-2t,bookmia.14.35,five_on_a_treasure_island,64,0.5806122217517309,4.106947580973308,0,0.0,7.073477662220885,1.1993147183179953,0.9650441913102956,0.9774173255505738,1.0637053866596495
common-pile/comma-v0.1-2t,bookmia.14.36,five_on_a_treasure_island,74,0.7632688930892997,3.062908411026001,0,0.0,4.012882535575378,1.879935112344707,1.207049646991715,1.4151206943937216,1.30470181457789
common-pile/comma-v0.1-2t,bookmia.14.38,five_on_a_treasure_island,71,0.6421408824349165,2.95125150680542,0,0.0,4.595956413201181,0.9637540302837599,1.0568716362911448,1.0270980947190438,1.1971893434691898
common-pile/comma-v0.1-2t,bookmia.14.40,five_on_a_treasure_island,66,0.5772367955283311,12.748567581176758,0,0.0,22.085507507379702,1.0835797286808377,1.0236146765298202,1.0988434465901165,1.6150075981199752
common-pile/comma-v0.1-2t,bookmia.14.42,five_on_a_treasure_island,73,0.4888219560462775,12.09554672241211,0,0.0,24.74427871498269,1.1547136935652875,1.370441739504655,1.8204900733562002,1.1260884742282333
common-pile/comma-v0.1-2t,bookmia.14.44,five_on_a_treasure_island,79,0.5458475913472188,2.9473767280578613,0,0.0,5.399633111475996,1.8929715028470608,1.0664946669709674,1.8297034893727386,1.8661537604774545
common-pile/comma-v0.1-2t,bookmia.14.46,five_on_a_treasure_island,70,0.5362025690467109,4.6641537348429365,0,0.0,8.698491958244649,1.6902309783408505,2.954068816852297,1.6905804164115765,0.9188807809249823
common-pile/comma-v0.1-2t,bookmia.14.47,five_on_a_treasure_island,74,0.6013556554339499,1.1447370052337646,0,0.0,1.9035939795189925,1.26480838336164,1.2690803376247455,2.490060746071364,2.6812294260609235
common-pile/comma-v0.1-2t,bookmia.14.50,five_on_a_treasure_island,70,0.6696781961210916,12.883928298950195,0,0.0,19.238984296601643,1.7504061243187095,3.109591096101193,1.5661748252596692,1.0336252251383837
common-pile/comma-v0.1-2t,bookmia.14.51,five_on_a_treasure_island,69,0.5438462152581617,3.909071683883667,0,0.0,7.187825481194249,1.218085253761592,1.148726766133198,1.5492313846659327,0.8445946311054003
common-pile/comma-v0.1-2t,bookmia.14.52,five_on_a_treasure_island,64,0.5117564320106693,3.2146113395690916,1,0.015625,6.281526012167585,6.890996279818938,1.0297606890203705,1.6314853326257022,1.3079490621560366
common-pile/comma-v0.1-2t,bookmia.14.54,five_on_a_treasure_island,69,0.46908855611285405,1.7425365447998047,0,0.0,3.714728321746955,0.9724069436404404,1.2719369334861408,4.8218368310044895,0.96378585021975
common-pile/comma-v0.1-2t,bookmia.14.55,five_on_a_treasure_island,74,0.4326297868326182,1.7026257514953613,0,0.0,3.9355259469318433,1.5354321947214895,1.4926946298316561,5.8844542677086595,1.9293873905694194
common-pile/comma-v0.1-2t,bookmia.14.59,five_on_a_treasure_island,84,0.6802429486951472,2.194460868835449,0,0.0,3.2259957608452963,1.8671464837495753,3.2648726199155953,1.100260662202555,1.1502910204247097
common-pile/comma-v0.1-2t,bookmia.14.60,five_on_a_treasure_island,80,0.5169699494160169,0.5804306864738464,0,0.0,1.1227551758656698,1.031164068333061,1.5704580236665133,1.1584728113177367,1.06531114221368
common-pile/comma-v0.1-2t,bookmia.14.71,five_on_a_treasure_island,68,0.5220460044478056,16.809175491333008,0,0.0,32.1986479124822,1.2125892533436786,2.357930754156234,1.376759478469327,1.2086508331125805
common-pile/comma-v0.1-2t,bookmia.14.72,five_on_a_treasure_island,64,0.5351153432082221,4.342578570048015,0,0.0,8.115219690791498,1.2305186918703481,1.4304712005424958,1.7134913721208052,9.015459640248654
common-pile/comma-v0.1-2t,bookmia.14.73,five_on_a_treasure_island,63,0.6269443131325442,3.967996120452881,0,0.0,6.329104574897061,2.342606757538358,1.0472072713178826,1.5935874861719037,1.528577571193776
common-pile/comma-v0.1-2t,bookmia.14.74,five_on_a_treasure_island,84,0.6376107408625392,2.7657283782958983,0,0.0,4.337643958999985,1.0163068703870521,1.080139345642722,1.0657228501841383,1.4634643449716778
common-pile/comma-v0.1-2t,bookmia.14.75,five_on_a_treasure_island,66,0.76882242336577,3.3048744201660156,0,0.0,4.298618666320701,2.633363390280926,1.4887060870297066,1.4304691322970253,0.9394817354449551
common-pile/comma-v0.1-2t,bookmia.14.76,five_on_a_treasure_island,71,0.6291221854543745,1.7468101978302002,0,0.0,2.77658336999925,0.9926205106617234,1.0448510398367263,1.2944359368722267,1.4298833393963202
common-pile/comma-v0.1-2t,bookmia.14.77,five_on_a_treasure_island,68,0.5041042916307309,6.386417388916016,0,0.0,12.668841537247271,1.3245427439149764,1.2458387976102974,2.599436745029354,1.5229154882636091
common-pile/comma-v0.1-2t,bookmia.14.81,five_on_a_treasure_island,64,0.5621470509351887,2.248845895131429,0,0.0,4.000458405661376,2.158061759611844,9.504297014915691,1.0459109600616532,2.3790021756278095
common-pile/comma-v0.1-2t,bookmia.14.84,five_on_a_treasure_island,62,0.5144507616516296,16.281591415405273,0,0.0,31.64849316800248,1.0955085124239443,1.0131461976361806,1.3386490317675854,1.3296041596616488
common-pile/comma-v0.1-2t,bookmia.14.85,five_on_a_treasure_island,82,0.6190380137583894,13.982781410217285,0,0.0,22.587920449865564,1.3564586404374772,1.8787023737390105,1.3083717184777484,1.7456343479832421
common-pile/comma-v0.1-2t,bookmia.14.86,five_on_a_treasure_island,66,0.597020424678993,3.3441689809163413,0,0.0,5.601431446360382,1.3085183818836796,1.5209398516985164,2.093579968962462,0.9040635642650515
common-pile/comma-v0.1-2t,bookmia.14.88,five_on_a_treasure_island,69,0.7256226857220099,2.5510457356770835,0,0.0,3.5156642506824864,1.2145535431951209,1.669743880276754,1.608578919423554,1.0311082964544045
common-pile/comma-v0.1-2t,bookmia.14.89,five_on_a_treasure_island,71,0.559155803168671,2.1468252182006835,0,0.0,3.8394043413926395,2.2662902396089204,1.7227185464128587,2.969393791880203,0.9323582739043301
common-pile/comma-v0.1-2t,bookmia.14.90,five_on_a_treasure_island,68,0.5160390231533855,2.9824280738830566,0,0.0,5.779462288836577,1.0851751126314053,1.2114457920763564,1.613021815795941,0.9417028572318903
common-pile/comma-v0.1-2t,bookmia.14.92,five_on_a_treasure_island,73,0.5368322713190159,3.5557150840759277,0,0.0,6.623512173251824,1.1303554727907326,3.235261038503096,1.4753872575895193,2.963112525969875
common-pile/comma-v0.1-2t,bookmia.14.97,five_on_a_treasure_island,70,0.5255146429491417,2.5118825912475584,0,0.0,4.779852711907504,1.1278751184037685,1.4469359474374335,2.8397962497099964,2.045732110398058
common-pile/comma-v0.1-2t,bookmia.35.03,the_da_vinci_code,76,0.7252094177619505,16.364498138427734,0,0.0,22.56520356413707,0.9299247948723396,2.394688901194273,3.4921233908436498,0.9987974101902217
common-pile/comma-v0.1-2t,bookmia.35.04,the_da_vinci_code,66,0.5381534365400218,15.016873359680176,0,0.0,27.904445721333584,1.107354808251067,1.3761569205365547,1.6704336217048759,2.4468492428788626
common-pile/comma-v0.1-2t,bookmia.35.06,the_da_vinci_code,65,0.6334814529095435,1.898107369740804,0,0.0,2.996310880173219,1.2974097932201323,0.954382989135558,1.022683962979524,1.2055905645767389
common-pile/comma-v0.1-2t,bookmia.35.07,the_da_vinci_code,74,0.5344909559318841,5.54279899597168,0,0.0,10.370239074125807,1.16580912865171,1.2290534260469923,1.3698911180140754,2.014236346342769
common-pile/comma-v0.1-2t,bookmia.35.08,the_da_vinci_code,69,0.5956815543710863,3.066190242767334,0,0.0,5.147364762712154,2.0502088763675324,1.4727566461696475,1.009035018021072,1.091767252791496
common-pile/comma-v0.1-2t,bookmia.35.09,the_da_vinci_code,77,0.7065868575851997,5.162168502807617,0,0.0,7.305780524208473,1.710143907944303,0.9356915596746207,1.522989929078294,1.2317721105190766
common-pile/comma-v0.1-2t,bookmia.35.10,the_da_vinci_code,71,0.6738976857639607,4.69587771097819,0,0.0,6.9682354015724695,0.9892410096493617,1.1332109604084968,1.0208613760302419,2.3577542027366674
common-pile/comma-v0.1-2t,bookmia.35.12,the_da_vinci_code,71,0.6504949817356656,3.4954113006591796,0,0.0,5.373463898726234,1.0158205914087244,1.8688564031485264,0.9225592164517753,1.7579469019181697
common-pile/comma-v0.1-2t,bookmia.35.16,the_da_vinci_code,90,0.6386436950936898,2.392066796620687,0,0.0,3.745542021314041,1.1339729536148355,1.3855488467004142,3.8050745193115834,1.6528379521129104
common-pile/comma-v0.1-2t,bookmia.35.17,the_da_vinci_code,70,0.44648430404147715,2.542178153991699,0,0.0,5.693768248918192,1.0789219792940252,1.1121004728647153,1.431615090429833,11.267652324898465
common-pile/comma-v0.1-2t,bookmia.35.20,the_da_vinci_code,86,0.9530380558079456,14.690457344055176,0,0.0,15.414344951420878,2.1990120679219474,2.4296944300515997,2.4884081852997055,1.1695486953688818
common-pile/comma-v0.1-2t,bookmia.35.24,the_da_vinci_code,80,0.5645428224188492,1.2964488809758967,0,0.0,2.296458000158626,1.0899457093643394,1.1817755504060123,3.0206458960901093,1.8802755097605495
common-pile/comma-v0.1-2t,bookmia.35.25,the_da_vinci_code,70,0.514201115502699,1.1058738245205446,5,0.07142857142857142,2.150663993483188,2.2163193924358584,3.5091457184992185,1.3650894596610745,1.5328167320432065
common-pile/comma-v0.1-2t,bookmia.35.28,the_da_vinci_code,72,0.8189460366421253,0.9535651093897652,41,0.5694444444444444,1.164380883140494,1.1644801347374856,1.2619633297574335,1.3642153349085357,1.8614332305837535
common-pile/comma-v0.1-2t,bookmia.35.29,the_da_vinci_code,78,0.632627480012989,2.1166462898254395,0,0.0,3.3458020030713507,1.0670304871548235,2.962599673409579,1.425245832607322,1.460841673700267
common-pile/comma-v0.1-2t,bookmia.35.30,the_da_vinci_code,72,0.5492783511443832,2.503865957260132,0,0.0,4.558464669221901,2.5325772631473695,1.6297700434617064,2.9162917316159636,2.2053613316176213
common-pile/comma-v0.1-2t,bookmia.35.31,the_da_vinci_code,80,0.7533504196084111,3.6186814308166504,0,0.0,4.803450474876789,1.034624365295343,1.559027896512254,4.670579860509588,1.5277513931222735
common-pile/comma-v0.1-2t,bookmia.35.33,the_da_vinci_code,85,0.663610166405191,2.2100845064435686,1,0.011764705882352941,3.3303957930839205,6.213299928735895,1.0965825651480485,1.1765392457389428,1.5929093329150392
common-pile/comma-v0.1-2t,bookmia.35.36,the_da_vinci_code,81,0.7773331362586511,4.463191668192546,0,0.0,5.74167169776673,1.5228325982088875,1.796788734353926,1.386423507441799,0.9794450891397412
common-pile/comma-v0.1-2t,bookmia.35.37,the_da_vinci_code,70,0.6981658403379025,11.422066688537598,0,0.0,16.36010533401273,1.268358657298854,0.974281604863354,1.303012918957659,1.0649539316090446
common-pile/comma-v0.1-2t,bookmia.35.39,the_da_vinci_code,81,0.8119044564140249,15.909952163696289,0,0.0,19.595842882753093,1.3549882470568195,1.061574516398318,1.1026534051127828,1.001471840416625
common-pile/comma-v0.1-2t,bookmia.35.40,the_da_vinci_code,74,0.7563635289162352,8.159631729125977,0,0.0,10.787976174390119,2.5088957564602548,0.941948785925273,0.9947098228370763,1.1741470090207817
common-pile/comma-v0.1-2t,bookmia.35.43,the_da_vinci_code,76,0.4803003760511552,4.398696263631185,0,0.0,9.158219487137552,0.9373939335382471,0.9426932184021599,1.2980023710603503,1.220601414527654
common-pile/comma-v0.1-2t,bookmia.35.44,the_da_vinci_code,78,0.6300694848590771,3.323785146077474,0,0.0,5.275267610874505,1.5183326321486406,5.107527104302803,1.847714659104194,3.4069441909126374
common-pile/comma-v0.1-2t,bookmia.35.45,the_da_vinci_code,74,0.6510179367819807,5.112595240275065,0,0.0,7.853232532342994,4.679845673832667,0.9716109973404172,1.0371277087660418,1.721849691510495
common-pile/comma-v0.1-2t,bookmia.35.46,the_da_vinci_code,73,0.6384384404360625,3.1116504669189453,0,0.0,4.873845730206415,1.1127926938791832,1.1820784882862712,1.8448595682772617,2.1027109040018153
common-pile/comma-v0.1-2t,bookmia.35.48,the_da_vinci_code,77,0.7127275247383884,4.2397966384887695,0,0.0,5.948692159805413,1.261913694761601,1.3402480627342737,1.343711014521918,1.8042679859047372
common-pile/comma-v0.1-2t,bookmia.35.51,the_da_vinci_code,65,0.5079623887193494,2.5037221908569336,0,0.0,4.92895191939151,1.0042989923518746,1.3932214851056643,1.4949183176537806,1.549179133202991
common-pile/comma-v0.1-2t,bookmia.35.56,the_da_vinci_code,79,0.7224924346393029,10.965179443359375,0,0.0,15.176877871162251,1.511044467753687,1.6024894397854024,1.9873493713428345,1.9622229421429083
common-pile/comma-v0.1-2t,bookmia.35.57,the_da_vinci_code,76,0.7189060252231785,7.963438987731934,0,0.0,11.077162672631307,1.595672493230074,2.968270181701121,1.1296022026831376,2.8182756745295063
common-pile/comma-v0.1-2t,bookmia.35.59,the_da_vinci_code,63,0.5875160813999897,1.7408159573872883,0,0.0,2.9630098860257665,1.1932817486450507,1.3068252061911705,1.3628059109309714,1.5473251216650536
common-pile/comma-v0.1-2t,bookmia.35.60,the_da_vinci_code,76,0.603771857069912,1.44280207157135,0,0.0,2.389647769561881,1.6589851506596718,1.4047322626667753,1.6542600607202622,2.2487781922788606
common-pile/comma-v0.1-2t,bookmia.35.61,the_da_vinci_code,77,0.5202305059574428,2.313190132379532,1,0.012987012987012988,4.446471527313243,8.104990994456102,0.9731427390155762,1.008698305583288,1.446134394503412
common-pile/comma-v0.1-2t,bookmia.35.62,the_da_vinci_code,85,0.6179190728447829,7.5207295417785645,0,0.0,12.171059079232728,1.1852490457709526,1.549913694941883,4.10468730727174,1.971509048731485
common-pile/comma-v0.1-2t,bookmia.35.63,the_da_vinci_code,76,0.7142035746647695,15.906513214111328,0,0.0,22.2716796420089,4.165025544150199,3.621725667070919,1.1425604728821743,2.2050596731941776
common-pile/comma-v0.1-2t,bookmia.35.67,the_da_vinci_code,62,0.6287105551726668,4.644858042399089,0,0.0,7.387911661708052,1.8312231039986804,0.97347474722774,1.4058245623820906,2.062214666286557
common-pile/comma-v0.1-2t,bookmia.35.68,the_da_vinci_code,80,0.6501533947760306,5.721667766571045,0,0.0,8.800488950060908,0.9375960883995126,1.6003560491735196,0.9948386301842714,1.6503915917961907
common-pile/comma-v0.1-2t,bookmia.35.69,the_da_vinci_code,67,0.6794876630228697,3.965904474258423,0,0.0,5.836609978487485,1.3298758916098246,1.752026821506761,1.1897111264383522,0.9585860050170479
common-pile/comma-v0.1-2t,bookmia.35.74,the_da_vinci_code,74,0.5998647875876006,1.0396705865859985,0,0.0,1.7331748889063958,1.2111267776429882,1.611743889394235,1.3666976997791325,1.2815924064977233
common-pile/comma-v0.1-2t,bookmia.35.77,the_da_vinci_code,66,0.520617355563693,12.637316703796387,0,0.0,24.27371382983086,1.0140336339508522,1.0519992796481372,1.445344529815446,2.0362077603604716
common-pile/comma-v0.1-2t,bookmia.35.79,the_da_vinci_code,63,0.6078721800068119,2.759330940246582,0,0.0,4.539327560961354,1.1063494270397014,1.2078998418067421,1.2599677989244344,1.7788747925417983
common-pile/comma-v0.1-2t,bookmia.35.83,the_da_vinci_code,80,0.6326212516102317,4.262962977091472,0,0.0,6.738570615895074,0.9726319980554119,1.1227755735884362,2.894941236091085,1.0259501910448359
common-pile/comma-v0.1-2t,bookmia.35.84,the_da_vinci_code,73,0.5968688456207865,14.866724014282227,0,0.0,24.90785726773822,1.3064346119666501,8.433652428717991,0.9541742881515063,1.1565495266452397
common-pile/comma-v0.1-2t,bookmia.35.87,the_da_vinci_code,81,0.7100376657654697,6.186997413635254,0,0.0,8.713618603550056,0.9387808047337298,0.9575130250247211,1.010333352766637,1.602299006659437
common-pile/comma-v0.1-2t,bookmia.35.88,the_da_vinci_code,67,0.4669027815517792,5.348248799641927,0,0.0,11.454737497743542,1.1534675586384322,1.1358966964729547,1.2718120508034247,1.525723039240749
common-pile/comma-v0.1-2t,bookmia.35.90,the_da_vinci_code,77,0.6439240587790427,16.164703369140625,0,0.0,25.10343129559539,1.8833534639121803,5.021295196074156,0.8975213624833323,0.9659577968114285
common-pile/comma-v0.1-2t,bookmia.35.94,the_da_vinci_code,68,0.6548903064515673,2.776320219039917,0,0.0,4.2393667942392135,1.3138332122499894,1.4087517764545296,1.7391944532102857,3.0735595474310498
common-pile/comma-v0.1-2t,bookmia.35.95,the_da_vinci_code,72,0.553505528028554,15.314760208129883,0,0.0,27.66866712727724,0.9249259743739482,0.9397080777950313,1.7399914210066327,1.1417577644818024
common-pile/comma-v0.1-2t,bookmia.35.96,the_da_vinci_code,72,0.6507706967384753,5.233053207397461,0,0.0,8.041316601414927,1.4645721547470407,1.3341814224428177,1.1221558222558348,8.634083824760655
common-pile/comma-v0.1-2t,bookmia.35.97,the_da_vinci_code,76,0.7057484563917612,4.296883265177409,0,0.0,6.088406182488634,4.058034639830162,1.5590384044885934,1.0768612986506838,1.4174629255877649
common-pile/comma-v0.1-2t,bookmia.45.00,things_fall_apart,86,0.9011558081411742,3.9967799186706543,0,0.0,4.435170791291757,1.0204864998331151,1.1090926141549349,1.1992720758219566,1.4555680631998336
common-pile/comma-v0.1-2t,bookmia.45.01,things_fall_apart,65,0.5008207452544801,4.767448743184407,0,0.0,9.5192716922338,1.166661409971387,1.1296812196841688,2.135056954522086,1.2466538071064583
common-pile/comma-v0.1-2t,bookmia.45.03,things_fall_apart,66,0.7025976703992719,11.751351356506348,0,0.0,16.7255768864538,1.3520883252168037,1.1596291021049887,1.6946502861397459,1.70181157591183
common-pile/comma-v0.1-2t,bookmia.45.04,things_fall_apart,64,0.6118379502128689,16.198930740356445,0,0.0,26.47585154650927,1.4416060365533587,1.286056481159309,1.2903435668713068,0.9951584879407301
common-pile/comma-v0.1-2t,bookmia.45.05,things_fall_apart,69,0.6742035481793909,2.553650379180908,0,0.0,3.787654909376771,1.3497967491294185,2.129809800965072,1.9478675349203551,2.383851086689226
common-pile/comma-v0.1-2t,bookmia.45.07,things_fall_apart,68,0.5492874974282217,7.423771381378174,0,0.0,13.515274635116334,1.1705652764881158,1.277982517506651,1.208554289476358,1.5611919656519513
common-pile/comma-v0.1-2t,bookmia.45.08,things_fall_apart,69,0.6212085044226917,9.776785850524902,0,0.0,15.738332268343255,7.167439857015534,1.4844531213700178,2.808426483880557,1.3023706206586447
common-pile/comma-v0.1-2t,bookmia.45.09,things_fall_apart,78,0.5742908662277807,3.2453689575195312,0,0.0,5.651089279613098,1.2107090319799079,1.2807977507106547,1.4319376194694333,1.0307921672725306
common-pile/comma-v0.1-2t,bookmia.45.11,things_fall_apart,67,0.6530956184536718,4.959854443868001,0,0.0,7.594377153549737,1.2945224787393723,7.191446199867854,2.0369555627291738,1.0861093549112562
common-pile/comma-v0.1-2t,bookmia.45.12,things_fall_apart,73,0.7834173210447823,2.701364199320475,0,0.0,3.4481803334624734,1.3014992119290627,1.6246603948184275,5.27024435014541,2.9278128053990944
common-pile/comma-v0.1-2t,bookmia.45.13,things_fall_apart,82,0.6606429778443361,4.319789886474609,0,0.0,6.538766067823791,1.2566520441507487,7.59544526622924,1.0107031652456566,1.4712954331905375
common-pile/comma-v0.1-2t,bookmia.45.15,things_fall_apart,77,0.642017581830938,9.694136619567871,0,0.0,15.099487761568218,3.090794982874768,3.1418727221040363,1.15668507386454,5.27185897382869
common-pile/comma-v0.1-2t,bookmia.45.16,things_fall_apart,68,0.4568015056761342,2.1718571186065674,0,0.0,4.7544876529946976,3.2208678076079944,1.083868665931177,1.136227097527679,1.2687566014185698
common-pile/comma-v0.1-2t,bookmia.45.17,things_fall_apart,75,0.6994755348026626,4.0839080810546875,0,0.0,5.838528837476565,1.620307183522815,1.4953445396378888,1.1708387657997055,1.5430969414003797
common-pile/comma-v0.1-2t,bookmia.45.24,things_fall_apart,66,0.43278375173629363,0.6354228814558486,6,0.09090909090909091,1.468222591320915,1.7739084820045052,2.9470813660321595,2.204102688127242,4.354211153790013
common-pile/comma-v0.1-2t,bookmia.45.27,things_fall_apart,71,0.5999594383674268,0.6997845495223172,5,0.07042253521126761,1.1663864334337808,1.2271609998635182,1.3708508888364537,1.9533273042486587,1.5374002574089363
common-pile/comma-v0.1-2t,bookmia.45.28,things_fall_apart,85,0.6945216880785081,5.538928349812825,0,0.0,7.975169738956676,0.9672409054798875,0.9794551535080277,1.0270404686605275,2.534113242695975
common-pile/comma-v0.1-2t,bookmia.45.31,things_fall_apart,74,0.5593409084943003,7.72370719909668,0,0.0,13.808586287543788,4.3060697723655785,1.152033877019568,1.2846191326125633,0.8671038379687636
common-pile/comma-v0.1-2t,bookmia.45.38,things_fall_apart,71,0.5513540872533732,3.042412281036377,0,0.0,5.518073324154474,1.4363025113348125,1.682783711182776,0.9194196510976838,1.4046254546708614
common-pile/comma-v0.1-2t,bookmia.45.39,things_fall_apart,74,0.6423318131341607,2.3378804524739585,0,0.0,3.639677195913161,1.001043053763653,1.0671662351799556,2.0257653073959347,1.410482896992884
common-pile/comma-v0.1-2t,bookmia.45.40,things_fall_apart,65,0.6045337555280388,1.4038748843595386,2,0.03076923076923077,2.322243996339466,2.626703195512849,2.4980113021313293,1.3700483825091305,1.2042684904801746
common-pile/comma-v0.1-2t,bookmia.45.41,things_fall_apart,72,0.6562336785827659,7.382497787475586,0,0.0,11.249800228813593,1.459947912168071,2.007903673093093,2.7182917226363728,1.08159058932901
common-pile/comma-v0.1-2t,bookmia.45.44,things_fall_apart,76,0.7204015330675434,1.132786750793457,0,0.0,1.5724380068570027,1.2981594413229498,1.7027753154338703,1.7233511484254278,1.607421278834585
common-pile/comma-v0.1-2t,bookmia.45.46,things_fall_apart,91,0.8151399213870767,2.917667007446289,0,0.0,3.579345006782962,1.669633501864899,1.723283537094625,2.208848873268013,2.341923271616176
common-pile/comma-v0.1-2t,bookmia.45.47,things_fall_apart,80,0.6204929911697574,9.296344757080078,0,0.0,14.98219140163783,1.4160529647337499,2.030300102110881,1.4929489470594834,0.8684205404037658
common-pile/comma-v0.1-2t,bookmia.45.48,things_fall_apart,68,0.7537259155154269,5.195021947224935,0,0.0,6.892454989652808,1.4870162120531971,1.0882618530825976,1.1638648590447174,2.8194274275838342
common-pile/comma-v0.1-2t,bookmia.45.49,things_fall_apart,79,0.5833709070485201,2.5132150650024414,0,0.0,4.308091189733279,1.2494161187051644,0.9257514085979957,0.9584537479555135,1.7502046220027778
common-pile/comma-v0.1-2t,bookmia.45.50,things_fall_apart,76,0.5126302514961887,0.8135462641716004,5,0.06578947368421052,1.5870040088292545,1.6038656688946864,2.5518472667621386,1.250452340008478,1.7338048677334155
common-pile/comma-v0.1-2t,bookmia.45.53,things_fall_apart,66,0.714184260697186,3.938990275065104,0,0.0,5.515369760767152,1.3777919724244405,1.7832028162803242,4.0711076530962345,2.2948541002155336
common-pile/comma-v0.1-2t,bookmia.45.56,things_fall_apart,67,0.6943585730678231,4.793288548787435,0,0.0,6.903189122602277,1.0828943806075966,1.2133217477299254,1.0237658540917836,1.506797852519474
common-pile/comma-v0.1-2t,bookmia.45.57,things_fall_apart,65,0.720408637987085,4.152907689412435,0,0.0,5.764655600210731,1.8190181774979064,0.9037074167786794,1.4162066986833457,0.9394361781988295
common-pile/comma-v0.1-2t,bookmia.45.58,things_fall_apart,87,0.8191100858179982,5.079222361246745,0,0.0,6.200903210921176,0.9557821294829414,0.9760152150549554,1.1753731131966216,1.0871453713479786
common-pile/comma-v0.1-2t,bookmia.45.59,things_fall_apart,66,0.49663341460363475,3.042318820953369,0,0.0,6.125884266932496,1.093923049705094,1.4552110709610766,5.111832783625719,2.5742942222393896
common-pile/comma-v0.1-2t,bookmia.45.61,things_fall_apart,72,0.6454366777436535,8.05577564239502,0,0.0,12.481124671372505,1.7530846029307483,1.6039812277694918,1.2789892800680587,1.1632213264546098
common-pile/comma-v0.1-2t,bookmia.45.62,things_fall_apart,64,0.5463154270838174,3.128937244415283,0,0.0,5.727345576011405,1.5707554813207802,0.9414229516479273,0.9685263372280812,2.9018019543271363
common-pile/comma-v0.1-2t,bookmia.45.66,things_fall_apart,81,0.646754137470251,3.8757705688476562,0,0.0,5.9926490520919655,2.5618041891948744,1.9983811485300813,1.8357383243447019,3.5674383399234624
common-pile/comma-v0.1-2t,bookmia.45.67,things_fall_apart,70,0.58707316879592,5.464687983194987,0,0.0,9.308359287485402,1.4941813906882262,2.0578212879189346,1.610943851630764,1.496833857964383
common-pile/comma-v0.1-2t,bookmia.45.69,things_fall_apart,68,0.5381963082867163,4.9267574946085615,0,0.0,9.154201578030712,1.122945030016025,1.6422744974129087,1.3669568165774753,2.161684275418591
common-pile/comma-v0.1-2t,bookmia.45.73,things_fall_apart,70,0.5298604565557017,9.552127838134766,0,0.0,18.027629199256157,1.366141012852796,2.8131113768888527,8.744147067287555,2.704886956874917
common-pile/comma-v0.1-2t,bookmia.45.74,things_fall_apart,82,0.6082799880148254,4.650172869364421,0,0.0,7.644790164050381,1.3859312831246777,1.9342499914313478,3.3103734438706036,1.539884249534567
common-pile/comma-v0.1-2t,bookmia.45.77,things_fall_apart,69,0.6620703608383943,4.239367802937825,0,0.0,6.403198290842411,3.617689100493221,1.4506611957854214,0.9443522467988729,2.344960777373407
common-pile/comma-v0.1-2t,bookmia.45.79,things_fall_apart,81,0.8282065830259076,4.598158121109009,1,0.012345679012345678,5.551945873587884,5.799820635556389,1.8697839959517817,1.6718238768951474,1.1475746337890051
common-pile/comma-v0.1-2t,bookmia.45.80,things_fall_apart,68,0.5761800297533095,1.8502672910690308,0,0.0,3.2112659160735224,1.8405416187187569,7.222423268563604,1.010691261754688,1.538901435117587
common-pile/comma-v0.1-2t,bookmia.45.85,things_fall_apart,67,0.5803643897998669,5.467413584391276,0,0.0,9.42065654006901,1.5402301309109707,1.573955190084545,1.1516700477444677,1.129257889431127
common-pile/comma-v0.1-2t,bookmia.45.87,things_fall_apart,68,0.552417022248379,15.427569389343262,0,0.0,27.927396817990672,1.279519981792478,1.6610606777632784,1.0046530431567766,1.8811315206677772
common-pile/comma-v0.1-2t,bookmia.45.89,things_fall_apart,65,0.5579589519354866,14.091114044189453,0,0.0,25.254750363461724,1.1052354437495635,1.144500928960606,1.4758004415883004,1.259478224972954
common-pile/comma-v0.1-2t,bookmia.45.92,things_fall_apart,71,0.579690555638186,6.838983535766602,0,0.0,11.797645259611846,1.697497351716853,2.0051189337649293,2.7924415655417527,1.0783108342912968
common-pile/comma-v0.1-2t,bookmia.45.93,things_fall_apart,78,0.4778956135876699,4.304576237996419,0,0.0,9.007356660340522,0.9862000389899873,1.0038786697778834,1.065400904315107,1.352502851443792
common-pile/comma-v0.1-2t,bookmia.45.94,things_fall_apart,67,0.6527246243564164,2.4163573582967124,0,0.0,3.7019552628020276,1.8842388671381187,4.881581195589612,1.145564339639144,1.0897691105972056
common-pile/comma-v0.1-2t,bookmia.45.95,things_fall_apart,77,0.562278881625166,2.438239097595215,0,0.0,4.336351901654075,0.985701964546692,1.3248879542948164,0.9665350411357843,1.3391815620518845
common-pile/comma-v0.1-2t,bookmia.13.01,fifty_shades_of_grey,63,0.7106150868880868,11.578572273254395,0,0.0,16.293732692840898,1.0751109127240113,0.9803734270427729,1.0344510236653985,1.3507887183218714
common-pile/comma-v0.1-2t,bookmia.13.03,fifty_shades_of_grey,84,0.7516131619764993,2.559229850769043,0,0.0,3.4049827494227176,1.2307962742579615,1.5101916358219847,2.874503404707464,2.7443090290616476
common-pile/comma-v0.1-2t,bookmia.13.04,fifty_shades_of_grey,92,0.9569971954712054,4.084286212921143,0,0.0,4.267814192402231,1.1511998990105219,1.4760584823625165,1.23636217262201,1.3898970543211322
common-pile/comma-v0.1-2t,bookmia.13.05,fifty_shades_of_grey,79,0.755922648105255,2.8826327323913574,0,0.0,3.8133964362845476,1.001366689084254,1.5764538586708892,1.023618456872737,1.3085948343042546
common-pile/comma-v0.1-2t,bookmia.13.08,fifty_shades_of_grey,72,0.7100558853887815,7.715181827545166,0,0.0,10.865598027288828,1.4967310033905414,2.325734234922381,2.2576453452597853,2.1581290922945238
common-pile/comma-v0.1-2t,bookmia.13.09,fifty_shades_of_grey,79,0.8208426074295184,10.607117652893066,0,0.0,12.922230835591519,7.74449423535251,1.6682694837953025,3.2029362240826336,4.0014389978719835
common-pile/comma-v0.1-2t,bookmia.13.10,fifty_shades_of_grey,77,0.7243040930870458,12.054600715637207,0,0.0,16.643010623147898,1.2932236775142432,1.8682938231639072,2.167077875052585,0.9975846525556148
common-pile/comma-v0.1-2t,bookmia.13.12,fifty_shades_of_grey,76,0.7717977797111522,5.7575734456380205,0,0.0,7.459950775956898,5.725392444573428,1.4736388403566627,2.6535486524257705,1.1930920886591088
common-pile/comma-v0.1-2t,bookmia.13.13,fifty_shades_of_grey,85,1.0095217467311681,12.441998481750488,0,0.0,12.324646320931357,1.0903167111318666,6.438857248212586,1.3673518239473044,1.2716962630978705
common-pile/comma-v0.1-2t,bookmia.13.16,fifty_shades_of_grey,87,0.83062695227896,5.192861557006836,0,0.0,6.251737368694065,1.1525284346227151,0.9855813695769633,1.0134631007774093,1.123146095818683
common-pile/comma-v0.1-2t,bookmia.13.18,fifty_shades_of_grey,80,0.6126555287453052,2.1813011169433594,0,0.0,3.560403872320519,1.5098945792179137,1.3102616825195406,1.038128623921303,1.1437286062303387
common-pile/comma-v0.1-2t,bookmia.13.22,fifty_shades_of_grey,82,0.7602747514567405,6.091594696044922,0,0.0,8.012359590231023,1.2941296804328082,1.3490461481116252,4.54702629767231,0.9512350920355874
common-pile/comma-v0.1-2t,bookmia.13.23,fifty_shades_of_grey,76,0.7939228815543281,12.419095039367676,0,0.0,15.64269695194298,1.149715182105373,3.1072257821269136,0.948924381401346,1.264174689826506
common-pile/comma-v0.1-2t,bookmia.13.25,fifty_shades_of_grey,69,0.7482833722057778,3.999797726670901,3,0.043478260869565216,5.345298152062849,6.311209576989417,3.498909426909433,0.9146153534264932,1.0439728159471693
common-pile/comma-v0.1-2t,bookmia.13.27,fifty_shades_of_grey,75,0.6936315843100459,4.0456461906433105,0,0.0,5.832557631682109,2.0048558190665506,1.0377324784551882,1.3447405477208363,2.9254308401011273
common-pile/comma-v0.1-2t,bookmia.13.29,fifty_shades_of_grey,80,0.5888415224300815,1.1069184601306916,2,0.025,1.8798240578595171,2.205370153105469,0.9876606956634694,1.0164415116105892,1.4437248610776348
common-pile/comma-v0.1-2t,bookmia.13.31,fifty_shades_of_grey,73,0.5040700288450215,2.687692324320475,0,0.0,5.331982007497648,1.1650526577457452,2.6257491107140427,1.185024370128293,3.662189242140505
common-pile/comma-v0.1-2t,bookmia.13.32,fifty_shades_of_grey,73,0.5564532453694676,2.001958465576172,0,0.0,3.597711905241803,3.266775008189056,1.108615147594645,1.0123767462792752,1.1557753925333691
common-pile/comma-v0.1-2t,bookmia.13.34,fifty_shades_of_grey,85,0.7296466534008981,2.510458564758301,0,0.0,3.4406497351245315,2.565658870243961,3.9270934410476395,3.289832700998272,1.4836363452092332
common-pile/comma-v0.1-2t,bookmia.13.35,fifty_shades_of_grey,72,0.740285102629303,6.669425328572591,0,0.0,9.00926589618581,0.9721202672928079,1.3733284229728728,1.1095721707865611,1.0325276516916666
common-pile/comma-v0.1-2t,bookmia.13.37,fifty_shades_of_grey,68,0.6845934971982593,13.117676734924316,0,0.0,19.161264003542552,1.4257169438637542,2.5177317721738657,1.7848298596137075,1.8363244085842547
common-pile/comma-v0.1-2t,bookmia.13.41,fifty_shades_of_grey,82,0.708783535917149,7.117671966552734,0,0.0,10.04209551417223,1.8770621335367756,1.0417594493243665,3.7543294851607336,1.262689923356481
common-pile/comma-v0.1-2t,bookmia.13.42,fifty_shades_of_grey,69,0.6511039293814139,14.297218322753906,0,0.0,21.958427337916827,2.2786634875014253,1.0901673195158372,1.3262942651022487,1.1944808668568874
common-pile/comma-v0.1-2t,bookmia.13.43,fifty_shades_of_grey,78,0.6841377014721123,4.18361218770345,0,0.0,6.1151609956610296,1.6981143644508359,1.1502067285485365,1.7066856864888258,1.6101708276012088
common-pile/comma-v0.1-2t,bookmia.13.44,fifty_shades_of_grey,74,0.7031285376339931,2.8776440620422363,0,0.0,4.092628741432433,1.122232223783577,1.526539815041754,1.433119181784893,1.7491983356215794
common-pile/comma-v0.1-2t,bookmia.13.45,fifty_shades_of_grey,72,0.6879915186561656,4.259217739105225,0,0.0,6.190799775300478,1.74335546859718,2.190596117116734,5.595365598385887,0.9793054519954524
common-pile/comma-v0.1-2t,bookmia.13.46,fifty_shades_of_grey,75,0.7123026308245664,4.423201560974121,0,0.0,6.209722342108709,1.6720631843419802,3.5090459457527947,1.043112313880779,1.0816032670067381
common-pile/comma-v0.1-2t,bookmia.13.47,fifty_shades_of_grey,78,0.7429921667197402,4.970145225524902,0,0.0,6.689364233095155,1.0686329835804016,1.0816837054463944,1.1631061502178552,2.1336122515110705
common-pile/comma-v0.1-2t,bookmia.13.51,fifty_shades_of_grey,69,0.6017040071064377,13.939070701599121,0,0.0,23.165992808708996,1.1272380623246383,1.2351847257390143,1.567234350061869,1.5828903487287784
common-pile/comma-v0.1-2t,bookmia.13.52,fifty_shades_of_grey,79,0.8177847776623417,14.022611618041992,0,0.0,17.147068521042883,1.057383344472968,1.449025814755574,1.5188167255990197,1.0089152169018656
common-pile/comma-v0.1-2t,bookmia.13.53,fifty_shades_of_grey,80,0.7415284223056824,3.2738394737243652,0,0.0,4.414988522685083,1.3816036076974276,1.5639115933860401,1.1282320987180856,3.381914197298462
common-pile/comma-v0.1-2t,bookmia.13.54,fifty_shades_of_grey,79,0.6898589620653663,1.472492013658796,1,0.012658227848101266,2.13448269085366,3.0244469514769636,1.0063194340030899,1.0335126072519878,1.0540960967413509
common-pile/comma-v0.1-2t,bookmia.13.58,fifty_shades_of_grey,70,0.7180756345601543,3.6802215576171875,0,0.0,5.1251168825293005,1.7037490981567107,0.9982563270270522,1.0398960114431683,2.015949543238053
common-pile/comma-v0.1-2t,bookmia.13.59,fifty_shades_of_grey,84,0.8006838952894586,4.35653018951416,0,0.0,5.441011384323164,2.3918194622363504,1.0249730689274708,1.2578809358531584,1.2445882079666013
common-pile/comma-v0.1-2t,bookmia.13.61,fifty_shades_of_grey,77,0.6830091569087025,6.583478927612305,0,0.0,9.638932159283357,1.7673525557303749,2.4470961572187995,3.1052087464593696,1.3034865424276636
common-pile/comma-v0.1-2t,bookmia.13.64,fifty_shades_of_grey,70,0.7115415424164384,5.982536951700847,0,0.0,8.407853364940276,1.0013947309409452,1.0477320261506033,1.7364262001340363,2.1077348672913248
common-pile/comma-v0.1-2t,bookmia.13.67,fifty_shades_of_grey,82,0.9117651057040416,8.947763442993164,0,0.0,9.813671730817042,2.075149524065598,2.70294976622975,9.356394694893217,1.6922644767773227
common-pile/comma-v0.1-2t,bookmia.13.72,fifty_shades_of_grey,82,0.4787276546672768,5.996094703674316,0,0.0,12.525064397714178,2.3111048562802505,1.4545757256535523,3.014859602747618,1.2414021788078993
common-pile/comma-v0.1-2t,bookmia.13.74,fifty_shades_of_grey,73,0.6443336276164221,3.4753074645996094,0,0.0,5.393645955521187,1.1896899510818109,1.0162774896327729,1.2693871615729524,1.5242482250244962
common-pile/comma-v0.1-2t,bookmia.13.75,fifty_shades_of_grey,70,0.8929677240805205,5.321665445963542,0,0.0,5.959527206252841,1.1018751956669155,1.1440725588594758,1.239060924126461,2.4549030396715703
common-pile/comma-v0.1-2t,bookmia.13.79,fifty_shades_of_grey,78,0.7759517628906052,1.3999942143758137,0,0.0,1.8042284086841966,1.1843430307097944,1.2232788964761419,1.2988662915908888,1.3644974363117826
common-pile/comma-v0.1-2t,bookmia.13.82,fifty_shades_of_grey,82,0.5949014597929948,10.793484687805176,0,0.0,18.14331518292279,1.7793885618464225,2.1818445713328103,2.032784197338753,0.9768031005479748
common-pile/comma-v0.1-2t,bookmia.13.83,fifty_shades_of_grey,69,0.7102531561695287,4.677520116170247,0,0.0,6.58570831476007,1.0948215319541537,1.4133077709154795,1.8975137651897234,1.5598405044236112
common-pile/comma-v0.1-2t,bookmia.13.85,fifty_shades_of_grey,81,0.5965152726350373,10.543007850646973,0,0.0,17.67433012079381,1.8898018819111781,0.9025919131456778,1.1575030747033261,1.1788716726431328
common-pile/comma-v0.1-2t,bookmia.13.87,fifty_shades_of_grey,75,0.6793471391897224,10.048579216003418,0,0.0,14.79152356185478,1.1478027861765747,0.9982297933947741,1.1960240874038675,1.4849456079164993
common-pile/comma-v0.1-2t,bookmia.13.93,fifty_shades_of_grey,79,0.6753441872999176,7.841969013214111,0,0.0,11.611810926465447,2.6426431907142005,1.4852362431832362,2.3893780250001337,1.2240976138574102
common-pile/comma-v0.1-2t,bookmia.13.94,fifty_shades_of_grey,75,0.639142621065092,2.3819009607488457,1,0.013333333333333334,3.726712759007612,4.845391418912162,0.9929240985363127,3.1520941371530977,2.9237862368821803
common-pile/comma-v0.1-2t,bookmia.13.95,fifty_shades_of_grey,78,0.6944648049649879,3.4117934703826904,0,0.0,4.9128385571025435,1.231889350496688,1.1088814427374716,1.8447135114736684,1.2733796425204966
common-pile/comma-v0.1-2t,bookmia.13.96,fifty_shades_of_grey,82,0.7586343688949239,2.368951161702474,0,0.0,3.1226520427135966,1.478147833471825,0.9156029609767893,1.4007670045253204,1.0651216527537153
common-pile/comma-v0.1-2t,bookmia.13.99,fifty_shades_of_grey,82,0.7225484199752763,3.1894786834716795,0,0.0,4.4142075400023915,2.3188513682839784,2.262836820865926,1.2866654591346627,0.945590555038132
common-pile/comma-v0.1-2t,bookmia.17.00,harry_potter_and_the_sorcerer's_stone,72,0.7832367727225682,2.866133371988932,0,0.0,3.6593447496420737,2.6656752273717337,1.9499229555984712,0.9089496698883789,0.9721518876192352
common-pile/comma-v0.1-2t,bookmia.17.03,harry_potter_and_the_sorcerer's_stone,80,0.6628634566012217,1.361981987953186,0,0.0,2.0546946349051094,1.356958878741035,1.6361451716233049,1.032312729539428,1.1296448361469025
common-pile/comma-v0.1-2t,bookmia.17.04,harry_potter_and_the_sorcerer's_stone,82,0.6791610963386715,11.23338794708252,0,0.0,16.5400933705438,0.9432843307644386,0.9529178290902739,0.9852538015141062,1.5425854647715256
common-pile/comma-v0.1-2t,bookmia.17.06,harry_potter_and_the_sorcerer's_stone,82,0.88463595009821,13.425674438476562,0,0.0,15.176496542997238,3.1938766611830545,4.098861419250237,2.374878316841797,1.5352542819484831
common-pile/comma-v0.1-2t,bookmia.17.08,harry_potter_and_the_sorcerer's_stone,72,0.6844481786382214,2.1913946151733397,0,0.0,3.2016954439609147,1.0491754272186473,0.9752340662077835,1.9704968835085048,1.2597122036831696
common-pile/comma-v0.1-2t,bookmia.17.11,harry_potter_and_the_sorcerer's_stone,69,0.5687930802322572,15.740984916687012,0,0.0,27.674360789093008,2.5960374844133995,1.4750360400094886,2.1251162523245024,0.9961486606997275
common-pile/comma-v0.1-2t,bookmia.17.12,harry_potter_and_the_sorcerer's_stone,92,0.3649472981615338,0.790502667427063,0,0.0,2.1660734889922897,1.3797335935714212,1.1943605585787915,1.0747163677219251,1.0988079513026603
common-pile/comma-v0.1-2t,bookmia.17.13,harry_potter_and_the_sorcerer's_stone,69,0.517950965571131,7.028572082519531,0,0.0,13.569956520438781,1.6516171408012865,1.2868062375746612,1.6496441422094648,1.718017433557812
common-pile/comma-v0.1-2t,bookmia.17.14,harry_potter_and_the_sorcerer's_stone,72,0.5674492840661565,14.765835762023926,0,0.0,26.021419317364828,1.1589874570254572,0.9192337980574025,1.5871457315432478,0.97831240843694
common-pile/comma-v0.1-2t,bookmia.17.16,harry_potter_and_the_sorcerer's_stone,72,0.6019671197941933,7.662407398223877,0,0.0,12.728946725268948,1.0570768434793618,1.0914142318168514,1.2336203933430534,1.5110171054021342
common-pile/comma-v0.1-2t,bookmia.17.18,harry_potter_and_the_sorcerer's_stone,78,0.5254260109475986,14.803997039794922,0,0.0,28.17522682802878,1.9118893865345876,1.989452775283374,0.8777103606093097,0.8580552328164691
common-pile/comma-v0.1-2t,bookmia.17.22,harry_potter_and_the_sorcerer's_stone,61,0.6910552795436941,4.745250384012858,0,0.0,6.866672644692277,1.3788313338637543,1.2087370246697349,1.2379395746922923,1.57358096214298
common-pile/comma-v0.1-2t,bookmia.17.24,harry_potter_and_the_sorcerer's_stone,68,0.6546161714105343,12.046606063842773,0,0.0,18.402548836954864,1.6074373564641098,1.0660994170421594,1.1754906925534574,1.9272670898665627
common-pile/comma-v0.1-2t,bookmia.17.26,harry_potter_and_the_sorcerer's_stone,77,0.7370566811143974,11.030356407165527,0,0.0,14.965411331036458,1.2983583684307203,1.3473090073625402,3.318492582983553,1.1808425047573723
common-pile/comma-v0.1-2t,bookmia.17.28,harry_potter_and_the_sorcerer's_stone,66,0.637337948082607,3.964750051498413,0,0.0,6.220797087990956,1.5346757146117347,1.6835178220618146,1.0012306271286942,1.1481675591209193
common-pile/comma-v0.1-2t,bookmia.17.31,harry_potter_and_the_sorcerer's_stone,91,0.746243820856528,5.347431818644206,0,0.0,7.165797115085657,3.099708089324866,6.430582357284833,1.0238944508172736,1.1110323494467043
common-pile/comma-v0.1-2t,bookmia.17.32,harry_potter_and_the_sorcerer's_stone,72,0.8709288725011766,3.009337043762207,2,0.027777777777777776,3.4553189574710554,3.837580941860231,1.2232301936025263,1.0160070781984145,1.4813683849122672
common-pile/comma-v0.1-2t,bookmia.17.33,harry_potter_and_the_sorcerer's_stone,75,0.5530198805529138,5.672656059265137,0,0.0,10.25759879300102,1.6093799309142918,1.8358117549739124,2.867529077879541,2.6772232467478947
common-pile/comma-v0.1-2t,bookmia.17.35,harry_potter_and_the_sorcerer's_stone,79,0.7153326867212044,2.1374387741088867,0,0.0,2.988034538035779,1.044062485224473,1.0931689527603377,2.882071271223917,1.2639183571012929
common-pile/comma-v0.1-2t,bookmia.17.38,harry_potter_and_the_sorcerer's_stone,81,0.6252509748973023,1.2043872394345023,7,0.08641975308641975,1.926246080035818,2.0942564151908565,4.152521051926372,2.2591332743121724,2.9604648420578092
common-pile/comma-v0.1-2t,bookmia.17.41,harry_potter_and_the_sorcerer's_stone,73,0.6851034395683647,11.09889030456543,0,0.0,16.20031321337119,1.140224600154667,1.2514303927544097,1.4895788844301858,0.9953776457291003
common-pile/comma-v0.1-2t,bookmia.17.42,harry_potter_and_the_sorcerer's_stone,69,0.48576923589626436,1.6402852535247803,0,0.0,3.37667586235342,1.9470833809219235,0.9922038961910971,1.049896703634856,1.4091784787714443
common-pile/comma-v0.1-2t,bookmia.17.45,harry_potter_and_the_sorcerer's_stone,73,0.6508941112631639,4.040572166442871,0,0.0,6.207725798289212,1.7956022769572266,1.8234931441840498,0.937687476333319,1.586901597675048
common-pile/comma-v0.1-2t,bookmia.17.49,harry_potter_and_the_sorcerer's_stone,86,0.771281461706104,4.3609418869018555,0,0.0,5.654151050454766,1.0869584018258018,1.199037491617823,1.2095227761894274,1.5849228936659787
common-pile/comma-v0.1-2t,bookmia.17.51,harry_potter_and_the_sorcerer's_stone,71,0.5369921699202752,4.167101860046387,0,0.0,7.760079370738418,2.0800384116881845,2.6081994737749383,0.9896942764255571,1.4322636682554009
common-pile/comma-v0.1-2t,bookmia.17.55,harry_potter_and_the_sorcerer's_stone,72,0.46651230624411255,7.972136497497559,0,0.0,17.088802140464797,0.9889590667198711,1.285450214017372,2.744155166296451,1.010274212418968
common-pile/comma-v0.1-2t,bookmia.17.58,harry_potter_and_the_sorcerer's_stone,61,0.5979559050631698,3.5460569858551025,0,0.0,5.930298464868387,1.2261506906625483,0.9257939054756247,1.2926219368005059,1.647582507205632
common-pile/comma-v0.1-2t,bookmia.17.62,harry_potter_and_the_sorcerer's_stone,75,0.6883128936129665,6.970171928405762,0,0.0,10.12645846545051,1.2976793725828595,1.4390706707421153,1.73715122432249,2.216447646720177
common-pile/comma-v0.1-2t,bookmia.17.64,harry_potter_and_the_sorcerer's_stone,66,0.6190472042174873,2.4469686916896274,1,0.015151515151515152,3.952798227693706,4.289867671542706,1.179381426430713,0.983426874862727,1.407064608521272
common-pile/comma-v0.1-2t,bookmia.17.65,harry_potter_and_the_sorcerer's_stone,76,0.5720243579610617,3.355570602416992,0,0.0,5.866132369568446,2.080801240038643,1.854274889211661,0.9895746557077688,1.0287101776020828
common-pile/comma-v0.1-2t,bookmia.17.66,harry_potter_and_the_sorcerer's_stone,86,0.6648357555626798,13.399337768554688,0,0.0,20.154357909367008,1.429884233997022,1.4085709317768422,1.7057685879080156,2.8003823241571504
common-pile/comma-v0.1-2t,bookmia.17.67,harry_potter_and_the_sorcerer's_stone,75,0.641076965116063,4.7745663324991865,0,0.0,7.447727172095133,5.212153524827692,1.200547648490266,0.9279499638474905,0.9865176559422769
common-pile/comma-v0.1-2t,bookmia.17.68,harry_potter_and_the_sorcerer's_stone,78,0.7047335290893292,4.40292485555013,0,0.0,6.247644923663101,1.0923021324600295,1.1856539553336276,1.390638898706895,1.7400853849785392
common-pile/comma-v0.1-2t,bookmia.17.69,harry_potter_and_the_sorcerer's_stone,77,0.6944404658603779,1.4579254984855652,2,0.025974025974025976,2.099424745761707,2.158670662049624,1.0986724997908246,1.3608344554750627,2.37896451142884
common-pile/comma-v0.1-2t,bookmia.17.73,harry_potter_and_the_sorcerer's_stone,76,0.7797895232151376,15.001789093017578,0,0.0,19.238254229377105,0.9483661149542273,0.948730497538835,2.449842058523893,2.088364255385287
common-pile/comma-v0.1-2t,bookmia.17.76,harry_potter_and_the_sorcerer's_stone,83,0.6097152486070371,0.8409445375204087,10,0.12048192771084337,1.3792414400683612,1.4095931635040044,1.6297873771414502,1.870211678340706,1.6714408548894661
common-pile/comma-v0.1-2t,bookmia.17.77,harry_potter_and_the_sorcerer's_stone,77,0.617803441944257,4.767125129699707,0,0.0,7.716248900616896,1.5644127396217575,3.0691385547778154,0.8939784726059988,1.4446331422998695
common-pile/comma-v0.1-2t,bookmia.17.79,harry_potter_and_the_sorcerer's_stone,75,0.7159740878470561,4.900279998779297,0,0.0,6.844214171932543,3.465151188951196,1.214534083966151,1.4424159471005586,1.594181171044424
common-pile/comma-v0.1-2t,bookmia.17.80,harry_potter_and_the_sorcerer's_stone,64,0.3891367414698389,5.6032867431640625,0,0.0,14.3992744606933,1.3253109083596617,3.1087472222753396,0.9992615710405628,1.0339198599045865
common-pile/comma-v0.1-2t,bookmia.17.82,harry_potter_and_the_sorcerer's_stone,78,0.5968707753865121,2.3968124389648438,0,0.0,4.015630414159169,1.5460406424969597,4.738237454205142,2.3892757001645446,2.103287141560318
common-pile/comma-v0.1-2t,bookmia.17.84,harry_potter_and_the_sorcerer's_stone,81,0.7106293634706957,14.7250337600708,0,0.0,20.721116403288082,2.085308130399852,0.9056256849492956,0.9216246985575153,1.1096292901785152
common-pile/comma-v0.1-2t,bookmia.17.85,harry_potter_and_the_sorcerer's_stone,68,0.8587801842003855,7.838437080383301,0,0.0,9.127407949779032,1.9259380837376903,0.9606918372206611,1.5035375462911411,0.9717493111486484
common-pile/comma-v0.1-2t,bookmia.17.86,harry_potter_and_the_sorcerer's_stone,76,0.574378462444383,4.5450700124104815,0,0.0,7.913023049415925,1.1983390454769112,1.6425364772191442,1.432879088079191,1.104864439199543
common-pile/comma-v0.1-2t,bookmia.17.88,harry_potter_and_the_sorcerer's_stone,77,0.6354597824783234,1.9636620112827845,0,0.0,3.0901436494130428,1.679028506584502,1.1054984074080039,1.9640973241937818,1.5565716836280965
common-pile/comma-v0.1-2t,bookmia.17.89,harry_potter_and_the_sorcerer's_stone,77,0.5132098233567508,7.031470775604248,0,0.0,13.700966847465072,2.542745736136084,0.8870398647912375,1.203785429931551,1.0026879635737118
common-pile/comma-v0.1-2t,bookmia.17.91,harry_potter_and_the_sorcerer's_stone,72,0.6163489017370151,2.0655431747436523,0,0.0,3.351256356460553,1.2218489603379499,1.2119940225205739,1.2395615576855066,1.2988092926292472
common-pile/comma-v0.1-2t,bookmia.17.94,harry_potter_and_the_sorcerer's_stone,75,0.6390516908034758,4.595763206481934,0,0.0,7.191535947121443,1.1856579971288375,0.9206193275882869,2.365581092175235,1.1197405922820904
common-pile/comma-v0.1-2t,bookmia.17.95,harry_potter_and_the_sorcerer's_stone,66,0.6511407619167343,3.7892592748006186,0,0.0,5.8194164709430005,1.1113255085898612,1.2222580959096077,0.9776640351112004,1.068880872932831
common-pile/comma-v0.1-2t,bookmia.17.97,harry_potter_and_the_sorcerer's_stone,88,0.7820828265443891,2.859086036682129,0,0.0,3.6557330498035867,1.748877852270221,5.49863298729387,1.1656271201925714,1.194868254880778
common-pile/comma-v0.1-2t,bookmia.17.98,harry_potter_and_the_sorcerer's_stone,90,0.6287623446217504,3.1341819763183594,0,0.0,4.984684600035669,1.827502915098148,1.1287145416212436,1.3131504472695925,3.905192350717188
common-pile/comma-v0.1-2t,bookmia.22.01,lord_of_the_flies,81,0.7214906491003893,1.005576023688683,2,0.024691358024691357,1.3937478260356022,1.4594100993178991,1.3119740274540783,1.0550057703498932,1.3682305715694643
common-pile/comma-v0.1-2t,bookmia.22.02,lord_of_the_flies,73,0.6813521191968903,3.049099349975586,0,0.0,4.475071353075938,1.536521694159585,0.9187689277932515,0.9430133643071701,1.0313661167957933
common-pile/comma-v0.1-2t,bookmia.22.06,lord_of_the_flies,71,0.7249564597132738,15.062137603759766,0,0.0,20.776609963192772,3.8164953164779685,2.2889052639771825,1.2056350658065285,2.5408919830124623
common-pile/comma-v0.1-2t,bookmia.22.07,lord_of_the_flies,70,0.6723221385813564,4.383633295694987,0,0.0,6.520138255367791,1.5356079949761894,1.934477653395486,1.0528272064751807,0.9361863551844015
common-pile/comma-v0.1-2t,bookmia.22.08,lord_of_the_flies,74,0.7146473152739258,0.936258402135637,2,0.02702702702702703,1.3100985368940583,1.3701401567328197,1.1443059968136207,1.215054606565268,1.4228220462540304
common-pile/comma-v0.1-2t,bookmia.22.10,lord_of_the_flies,76,0.7732896121627758,5.966904163360596,0,0.0,7.716260595654523,1.017301110530489,1.0320363730817301,1.0862584309795802,1.2248422029158508
common-pile/comma-v0.1-2t,bookmia.22.11,lord_of_the_flies,86,0.638846932984231,1.7261754989624023,0,0.0,2.7020173532006457,0.9671425221389836,0.9806318823482648,1.1761315625813298,2.0273666384960958
common-pile/comma-v0.1-2t,bookmia.22.15,lord_of_the_flies,82,0.752474410330308,16.576265335083008,0,0.0,22.029008704504182,1.699876497608716,1.2876773583878454,1.34655559457184,0.9202269204621111
common-pile/comma-v0.1-2t,bookmia.22.17,lord_of_the_flies,76,0.6654702443508898,7.831043243408203,0,0.0,11.767683543907703,2.1023982451676186,1.2957544063971642,3.2489728434105367,1.0802657327349148
common-pile/comma-v0.1-2t,bookmia.22.18,lord_of_the_flies,71,0.7988180701377062,4.992636998494466,0,0.0,6.250030119666419,1.322132439570287,1.4327318017359314,2.1338154964961245,1.4324624005645346
common-pile/comma-v0.1-2t,bookmia.22.20,lord_of_the_flies,81,0.8125331465804593,5.1230878829956055,0,0.0,6.305081712119794,3.3134462431068976,2.186435648631118,2.7538179677534127,1.4800379863976227
common-pile/comma-v0.1-2t,bookmia.22.21,lord_of_the_flies,78,0.7470600589069663,2.491021292550223,0,0.0,3.334432436656927,1.7761065664119606,2.7225656430397502,0.9514805135585183,1.1086574938467713
common-pile/comma-v0.1-2t,bookmia.22.26,lord_of_the_flies,68,0.7300696144106661,2.4117329915364585,0,0.0,3.303428801763351,0.9926332726430962,1.0130252430310935,2.1086962672978466,1.701101665256059
common-pile/comma-v0.1-2t,bookmia.22.27,lord_of_the_flies,83,0.7511885617561878,7.800375461578369,0,0.0,10.384044511197079,1.0225516395501948,1.7851818499541814,1.3011918530761097,1.7032336488486008
common-pile/comma-v0.1-2t,bookmia.22.28,lord_of_the_flies,74,0.7156591167303806,5.154522895812988,0,0.0,7.202483382538837,1.9357413090469484,1.7583328797657978,0.9017389450131422,1.1115317582237196
common-pile/comma-v0.1-2t,bookmia.22.29,lord_of_the_flies,70,0.7597882029932812,16.245746612548828,0,0.0,21.381941110097085,2.535249266483581,1.1773018267968147,1.0894533674925402,0.9912458637510222
common-pile/comma-v0.1-2t,bookmia.22.32,lord_of_the_flies,79,0.8316579873849838,14.233930587768555,0,0.0,17.115125212137848,6.244899085567674,2.1324495883340853,1.353871975940958,1.649883551667803
common-pile/comma-v0.1-2t,bookmia.22.38,lord_of_the_flies,79,0.8299482996045984,3.2396137714385986,0,0.0,3.9033922630867566,3.2091186386452475,1.5588236457863804,0.9369338672390162,1.4050749946914787
common-pile/comma-v0.1-2t,bookmia.22.39,lord_of_the_flies,67,0.6389270960817744,7.034902095794678,0,0.0,11.010492650783275,0.937894514896054,1.0739996557642169,2.6170461579468234,0.9808401107627133
common-pile/comma-v0.1-2t,bookmia.22.43,lord_of_the_flies,68,0.7142349829788173,6.246582984924316,0,0.0,8.745837341755601,1.085288396260072,1.195738994891558,1.2833113318615428,3.7522589161799234
common-pile/comma-v0.1-2t,bookmia.22.44,lord_of_the_flies,83,0.7415704694644286,4.406809171040853,0,0.0,5.942535945671494,1.2897314268506825,1.3804272821818966,1.7274248530743277,4.461775893968342
common-pile/comma-v0.1-2t,bookmia.22.45,lord_of_the_flies,73,0.7851487373237844,4.516330401102702,0,0.0,5.752197241629429,1.5917981376905412,0.9949420962725344,1.0283728994160195,1.2551799569300228
common-pile/comma-v0.1-2t,bookmia.22.46,lord_of_the_flies,72,0.5979212970934127,3.380842447280884,0,0.0,5.654326854914983,1.1775974571588512,2.7610267254822562,1.2819554114142473,1.4423076123344512
common-pile/comma-v0.1-2t,bookmia.22.48,lord_of_the_flies,70,0.7741118631094396,4.536495844523112,0,0.0,5.860258782627348,2.0467564589378835,1.2780822089250343,1.2914206774307604,1.2185947069899552
common-pile/comma-v0.1-2t,bookmia.22.52,lord_of_the_flies,70,0.7214282656168919,7.136826515197754,0,0.0,9.892635006607438,1.1942148903790784,1.4826355020276252,2.8882333988007804,1.8977262968619637
common-pile/comma-v0.1-2t,bookmia.22.53,lord_of_the_flies,72,0.6419046477948707,2.1803640365600585,0,0.0,3.3967101563296724,2.180337755797393,2.164116347069445,1.2554568335566698,1.1289699283064472
common-pile/comma-v0.1-2t,bookmia.22.57,lord_of_the_flies,74,0.9518819287466158,6.299813270568848,0,0.0,6.618271741815799,1.3364749569841552,2.9176155261626393,2.1607888547311096,1.533991614598108
common-pile/comma-v0.1-2t,bookmia.22.59,lord_of_the_flies,76,0.7310077912693522,13.199718475341797,0,0.0,18.056877960796093,0.9481389771867806,0.9666926416376525,0.9877261170947673,3.645044959439452
common-pile/comma-v0.1-2t,bookmia.22.61,lord_of_the_flies,75,0.6997023926939033,3.0943241119384766,0,0.0,4.422343190831621,0.9597429979849951,1.3366349976425629,1.2956434608721914,0.9815389220731102
common-pile/comma-v0.1-2t,bookmia.22.62,lord_of_the_flies,83,0.726840869286069,6.786491870880127,0,0.0,9.3369706598173,1.024813360297215,1.7218380643567726,1.1477887520016175,2.0013294234707963
common-pile/comma-v0.1-2t,bookmia.22.66,lord_of_the_flies,74,0.7223577843500335,5.468880971272786,0,0.0,7.570875665434411,1.1409300265125302,1.8528550955179137,2.160771706843771,1.0749102831098987
common-pile/comma-v0.1-2t,bookmia.22.67,lord_of_the_flies,74,0.6789778166306543,11.461217880249023,0,0.0,16.880106535915914,2.0780982445008256,1.3065035501348774,3.273235875231894,1.3302705441270941
common-pile/comma-v0.1-2t,bookmia.22.68,lord_of_the_flies,74,0.8675447301477407,5.160927772521973,0,0.0,5.948889542148541,1.0046331971425686,1.407898774139845,1.0414838389608971,1.7473997415997387
common-pile/comma-v0.1-2t,bookmia.22.70,lord_of_the_flies,70,0.6418012562527041,3.404135513305664,0,0.0,5.304033733404399,0.9223631252570089,1.1475589186692896,1.9188568016793315,4.054515462208959
common-pile/comma-v0.1-2t,bookmia.22.77,lord_of_the_flies,70,0.5752128886281194,0.6247900048265043,40,0.5714285714285714,1.0861891608802894,1.1083780850810843,1.1814725455241146,3.834056645094931,2.955362319526448
common-pile/comma-v0.1-2t,bookmia.22.78,lord_of_the_flies,84,0.6883660096076865,2.0383679072062173,0,0.0,2.961168736916461,1.8146267345049956,5.0666186532988435,3.290304219715085,1.293220794329785
common-pile/comma-v0.1-2t,bookmia.22.79,lord_of_the_flies,74,0.628307175829832,3.9957974751790366,0,0.0,6.359624127961959,0.9705779338301476,1.049173867867575,1.6538173513744052,1.4576936872222706
common-pile/comma-v0.1-2t,bookmia.22.85,lord_of_the_flies,74,0.73145131640471,5.387003421783447,0,0.0,7.3648147196755245,1.1408289187557248,4.3703919496532855,1.3763790085456933,1.3223406472303354
common-pile/comma-v0.1-2t,bookmia.22.86,lord_of_the_flies,67,0.7559336472464069,11.803210258483887,0,0.0,15.614082401912809,1.7490017220830907,0.9689632868905393,1.7615899701803817,1.5605705900096063
common-pile/comma-v0.1-2t,bookmia.22.88,lord_of_the_flies,74,0.8818753411920772,1.425898790359497,0,0.0,1.616893821333109,1.2268695640082734,1.1269385890583095,1.348121446446116,1.1401677828980221
common-pile/comma-v0.1-2t,bookmia.22.89,lord_of_the_flies,75,0.7144484706915959,3.3967373371124268,0,0.0,4.754348950910817,1.5538472036785758,1.0633179347545334,1.089509885608387,1.2680561111028528
common-pile/comma-v0.1-2t,bookmia.22.90,lord_of_the_flies,68,0.6962043279100326,8.253177642822266,0,0.0,11.854533664847867,1.8827528979563728,1.0000868566996983,1.3516530016587334,0.9696916434698465
common-pile/comma-v0.1-2t,bookmia.22.91,lord_of_the_flies,85,0.7621733240719741,13.529825210571289,0,0.0,17.751638352136332,1.3149655880283457,1.5310737246422779,1.2275887507401513,1.9394761156799123
common-pile/comma-v0.1-2t,bookmia.22.92,lord_of_the_flies,78,0.6607047592403028,0.8525047898292542,0,0.0,1.2902961238079902,1.0012210980347587,1.4664658684754837,1.0446060906542245,1.3106029198748075
common-pile/comma-v0.1-2t,bookmia.22.94,lord_of_the_flies,76,0.698982434248684,6.42133903503418,0,0.0,9.186695860156044,1.5136872712404568,3.605684435738465,0.9389826036315887,3.512844272836414
common-pile/comma-v0.1-2t,bookmia.22.95,lord_of_the_flies,81,0.8968714733406806,4.971617221832275,0,0.0,5.5432883859199125,1.371325346679352,1.447741955133557,1.0542123630283637,1.4707937581188255
common-pile/comma-v0.1-2t,bookmia.22.96,lord_of_the_flies,79,0.7066894696727948,4.285689830780029,0,0.0,6.064459730473064,0.968630837847653,1.7679326635743922,1.070397569852785,1.108376037659509
common-pile/comma-v0.1-2t,bookmia.22.97,lord_of_the_flies,71,0.6572121359166285,5.535571575164795,0,0.0,8.422807907288883,1.7946784414829247,2.301135032792412,2.6553339912201226,1.0352398355709884
common-pile/comma-v0.1-2t,bookmia.22.98,lord_of_the_flies,79,0.665821798307327,5.656998952229817,0,0.0,8.496265767524008,1.3946749950536506,0.9287786046207422,1.0858690836925422,1.0633076754465218
common-pile/comma-v0.1-2t,bookmia.22.99,lord_of_the_flies,76,0.7205472811520152,7.964611530303955,0,0.0,11.053558508429992,1.5194558927356234,2.3474303305034723,6.4854293841139015,1.8289479191831026
