prompt_id,rank,reward
cta_qa_0000,0,-36.750000
cta_qa_0000,1,-36.750000
cta_qa_0000,2,-0.381592
cta_qa_0000,3,-36.750000
cta_qa_0000,4,-0.381592
cta_qa_0000,5,-36.750000
cta_qa_0000,6,-36.750000
cta_qa_0000,7,-36.750000
cta_qa_0000,8,-36.875000
cta_qa_0000,9,-36.750000
cta_qa_0000,10,-0.381592
cta_qa_0000,11,-36.750000
cta_qa_0000,12,-0.381592
cta_qa_0000,13,-0.381592
cta_qa_0000,14,-36.750000
cta_qa_0000,15,-36.750000
cta_qa_0000,16,-36.875000
cta_qa_0000,17,-36.875000
cta_qa_0000,18,-36.875000
cta_qa_0000,19,-36.875000
cta_qa_0000,20,-36.875000
cta_qa_0000,21,-36.875000
cta_qa_0000,22,-36.875000
cta_qa_0000,23,-36.875000
cta_qa_0000,24,-36.875000
cta_qa_0000,25,-36.875000
cta_qa_0000,26,-36.875000
cta_qa_0000,27,-36.875000
cta_qa_0000,28,-36.875000
cta_qa_0000,29,-36.875000
cta_qa_0000,30,-36.875000
cta_qa_0000,31,-36.875000
cta_qa_0000,32,-36.750000
cta_qa_0000,33,-36.750000
cta_qa_0000,34,-0.381592
cta_qa_0000,35,-36.750000
cta_qa_0000,36,-36.750000
cta_qa_0000,37,-0.205184
cta_qa_0000,38,-0.160343
cta_qa_0000,39,-36.750000
cta_qa_0000,40,-36.750000
cta_qa_0000,41,-37.250000
cta_qa_0000,42,-36.750000
cta_qa_0000,43,-0.381592
cta_qa_0000,44,-36.750000
cta_qa_0000,45,-36.750000
cta_qa_0000,46,-0.381592
cta_qa_0000,47,-36.750000
cta_qa_0000,48,-36.750000
cta_qa_0000,49,-36.750000
cta_qa_0000,50,-0.348862
cta_qa_0000,51,-0.348862
cta_qa_0000,52,-36.750000
cta_qa_0000,53,-0.381592
cta_qa_0000,54,-36.750000
cta_qa_0000,55,-36.750000
cta_qa_0000,56,-36.875000
cta_qa_0000,57,-36.875000
cta_qa_0000,58,-36.875000
cta_qa_0000,59,-36.875000
cta_qa_0000,60,-36.750000
cta_qa_0000,61,-0.205184
cta_qa_0000,62,-37.250000
cta_qa_0000,63,-36.750000
cta_qa_0001,0,-0.324033
cta_qa_0001,1,-37.500000
cta_qa_0001,2,-37.500000
cta_qa_0001,3,-0.407523
cta_qa_0001,4,-37.500000
cta_qa_0001,5,-37.500000
cta_qa_0001,6,-0.324033
cta_qa_0001,7,-0.407523
cta_qa_0001,8,-0.407523
cta_qa_0001,9,-37.500000
cta_qa_0001,10,-0.407523
cta_qa_0001,11,-37.500000
cta_qa_0001,12,-0.407523
cta_qa_0001,13,-37.500000
cta_qa_0001,14,-37.500000
cta_qa_0001,15,-0.407523
cta_qa_0001,16,-37.875000
cta_qa_0001,17,-37.875000
cta_qa_0001,18,-37.875000
cta_qa_0001,19,-37.875000
cta_qa_0001,20,-0.228713
cta_qa_0001,21,-37.500000
cta_qa_0001,22,-0.407523
cta_qa_0001,23,-0.407523
cta_qa_0001,24,-37.875000
cta_qa_0001,25,-37.875000
cta_qa_0001,26,-37.875000
cta_qa_0001,27,-37.875000
cta_qa_0001,28,-37.500000
cta_qa_0001,29,-37.500000
cta_qa_0001,30,-0.228713
cta_qa_0001,31,-37.500000
cta_qa_0001,32,-37.500000
cta_qa_0001,33,-37.500000
cta_qa_0001,34,-0.291257
cta_qa_0001,35,-0.407523
cta_qa_0001,36,-37.500000
cta_qa_0001,37,-37.500000
cta_qa_0001,38,-37.500000
cta_qa_0001,39,-0.228713
cta_qa_0001,40,-0.321129
cta_qa_0001,41,-0.407523
cta_qa_0001,42,-37.500000
cta_qa_0001,43,-37.500000
cta_qa_0001,44,-37.500000
cta_qa_0001,45,-37.500000
cta_qa_0001,46,-0.228713
cta_qa_0001,47,-0.228713
cta_qa_0001,48,-0.228713
cta_qa_0001,49,-0.228713
cta_qa_0001,50,-37.500000
cta_qa_0001,51,-0.407523
cta_qa_0001,52,-37.500000
cta_qa_0001,53,-37.500000
cta_qa_0001,54,-0.228713
cta_qa_0001,55,-37.500000
cta_qa_0001,56,-37.500000
cta_qa_0001,57,-37.500000
cta_qa_0001,58,-0.228713
cta_qa_0001,59,-0.261864
cta_qa_0001,60,-37.500000
cta_qa_0001,61,-0.228713
cta_qa_0001,62,-0.407523
cta_qa_0001,63,-37.500000
cta_qa_0002,0,-0.348578
cta_qa_0002,1,-0.378523
cta_qa_0002,2,-0.288703
cta_qa_0002,3,-36.625000
cta_qa_0002,4,-36.625000
cta_qa_0002,5,-0.378523
cta_qa_0002,6,-0.288703
cta_qa_0002,7,-0.288703
cta_qa_0002,8,-36.625000
cta_qa_0002,9,-0.378523
cta_qa_0002,10,-37.000000
cta_qa_0002,11,-36.625000
cta_qa_0002,12,-0.407454
cta_qa_0002,13,-0.288703
cta_qa_0002,14,-36.625000
cta_qa_0002,15,-36.625000
cta_qa_0002,16,-36.625000
cta_qa_0002,17,-0.288703
cta_qa_0002,18,-37.000000
cta_qa_0002,19,-0.288703
cta_qa_0002,20,-0.378523
cta_qa_0002,21,-0.288703
cta_qa_0002,22,-0.288703
cta_qa_0002,23,-36.625000
cta_qa_0002,24,-0.288703
cta_qa_0002,25,-0.288703
cta_qa_0002,26,-36.625000
cta_qa_0002,27,-37.000000
cta_qa_0002,28,-37.437500
cta_qa_0002,29,-37.437500
cta_qa_0002,30,-37.437500
cta_qa_0002,31,-37.437500
cta_qa_0002,32,-37.437500
cta_qa_0002,33,-37.437500
cta_qa_0002,34,-37.437500
cta_qa_0002,35,-37.437500
cta_qa_0002,36,-36.625000
cta_qa_0002,37,-0.288703
cta_qa_0002,38,-0.288703
cta_qa_0002,39,-0.378523
cta_qa_0002,40,-37.437500
cta_qa_0002,41,-37.437500
cta_qa_0002,42,-37.437500
cta_qa_0002,43,-37.437500
cta_qa_0002,44,-0.288703
cta_qa_0002,45,-0.288703
cta_qa_0002,46,-0.288703
cta_qa_0002,47,-36.625000
cta_qa_0002,48,-0.288703
cta_qa_0002,49,-0.288066
cta_qa_0002,50,-0.288703
cta_qa_0002,51,-36.625000
cta_qa_0002,52,-0.288703
cta_qa_0002,53,-0.288703
cta_qa_0002,54,-0.288703
cta_qa_0002,55,-36.625000
cta_qa_0002,56,-37.125000
cta_qa_0002,57,-0.345935
cta_qa_0002,58,-36.937500
cta_qa_0002,59,-37.125000
cta_qa_0002,60,-36.625000
cta_qa_0002,61,-36.625000
cta_qa_0002,62,-0.288703
cta_qa_0002,63,-0.288703
cta_qa_0003,0,-35.125000
cta_qa_0003,1,-35.250000
cta_qa_0003,2,-35.250000
cta_qa_0003,3,-38.437500
cta_qa_0003,4,-0.376165
cta_qa_0003,5,-0.287873
cta_qa_0003,6,-35.125000
cta_qa_0003,7,-0.287873
cta_qa_0003,8,-35.125000
cta_qa_0003,9,-0.287873
cta_qa_0003,10,-0.376165
cta_qa_0003,11,-35.125000
cta_qa_0003,12,-35.500000
cta_qa_0003,13,-0.381417
cta_qa_0003,14,-35.125000
cta_qa_0003,15,-35.125000
cta_qa_0003,16,-35.125000
cta_qa_0003,17,-0.376165
cta_qa_0003,18,-35.125000
cta_qa_0003,19,-35.125000
cta_qa_0003,20,-35.125000
cta_qa_0003,21,-35.125000
cta_qa_0003,22,-0.376165
cta_qa_0003,23,-35.125000
cta_qa_0003,24,-0.376165
cta_qa_0003,25,-0.287873
cta_qa_0003,26,-0.287873
cta_qa_0003,27,-35.125000
cta_qa_0003,28,-0.491882
cta_qa_0003,29,-37.750000
cta_qa_0003,30,-0.348362
cta_qa_0003,31,-0.317118
cta_qa_0003,32,-0.347723
cta_qa_0003,33,-35.125000
cta_qa_0003,34,-0.376165
cta_qa_0003,35,-0.381709
cta_qa_0003,36,-35.125000
cta_qa_0003,37,-35.125000
cta_qa_0003,38,-0.376165
cta_qa_0003,39,-0.287873
cta_qa_0003,40,-35.125000
cta_qa_0003,41,-0.376165
cta_qa_0003,42,-0.376165
cta_qa_0003,43,-0.376165
cta_qa_0003,44,-0.376165
cta_qa_0003,45,-35.125000
cta_qa_0003,46,-0.376165
cta_qa_0003,47,-35.125000
cta_qa_0003,48,-0.376165
cta_qa_0003,49,-0.376165
cta_qa_0003,50,-35.125000
cta_qa_0003,51,-35.125000
cta_qa_0003,52,-35.500000
cta_qa_0003,53,-0.287873
cta_qa_0003,54,-35.125000
cta_qa_0003,55,-35.125000
cta_qa_0003,56,-35.125000
cta_qa_0003,57,-0.376165
cta_qa_0003,58,-35.125000
cta_qa_0003,59,-0.376165
cta_qa_0003,60,-0.287873
cta_qa_0003,61,-35.125000
cta_qa_0003,62,-35.125000
cta_qa_0003,63,-0.376165
cta_qa_0004,0,-27.625000
cta_qa_0004,1,-36.125000
cta_qa_0004,2,-27.625000
cta_qa_0004,3,-0.471220
cta_qa_0004,4,-36.125000
cta_qa_0004,5,-37.000000
cta_qa_0004,6,-0.380650
cta_qa_0004,7,-27.625000
cta_qa_0004,8,-30.500000
cta_qa_0004,9,-0.354958
cta_qa_0004,10,-0.354958
cta_qa_0004,11,-0.383803
cta_qa_0004,12,-27.625000
cta_qa_0004,13,-27.625000
cta_qa_0004,14,-0.471220
cta_qa_0004,15,-0.471220
cta_qa_0004,16,-0.293465
cta_qa_0004,17,-31.750000
cta_qa_0004,18,-0.354478
cta_qa_0004,19,-0.354478
cta_qa_0004,20,-0.471220
cta_qa_0004,21,-27.625000
cta_qa_0004,22,-27.625000
cta_qa_0004,23,-0.471220
cta_qa_0004,24,-33.000000
cta_qa_0004,25,-0.293578
cta_qa_0004,26,-0.293578
cta_qa_0004,27,-0.319021
cta_qa_0004,28,-27.625000
cta_qa_0004,29,-27.625000
cta_qa_0004,30,-0.471220
cta_qa_0004,31,-0.471220
cta_qa_0004,32,-0.471220
cta_qa_0004,33,-27.625000
cta_qa_0004,34,-0.471220
cta_qa_0004,35,-27.625000
cta_qa_0004,36,-0.414660
cta_qa_0004,37,-0.414660
cta_qa_0004,38,-0.356329
cta_qa_0004,39,-37.187500
cta_qa_0004,40,-33.000000
cta_qa_0004,41,-0.293578
cta_qa_0004,42,-33.000000
cta_qa_0004,43,-0.468529
cta_qa_0004,44,-0.352297
cta_qa_0004,45,-0.354214
cta_qa_0004,46,-0.322515
cta_qa_0004,47,-34.125000
cta_qa_0004,48,-0.324033
cta_qa_0004,49,-0.324033
cta_qa_0004,50,-24.375000
cta_qa_0004,51,-0.353621
cta_qa_0004,52,-27.000000
cta_qa_0004,53,-27.000000
cta_qa_0004,54,-27.000000
cta_qa_0004,55,-27.000000
cta_qa_0004,56,-27.625000
cta_qa_0004,57,-0.471220
cta_qa_0004,58,-0.386055
cta_qa_0004,59,-27.625000
cta_qa_0004,60,-33.000000
cta_qa_0004,61,-0.468529
cta_qa_0004,62,-0.468529
cta_qa_0004,63,-33.000000
cta_qa_0005,0,-38.062500
cta_qa_0005,1,-0.468566
cta_qa_0005,2,-0.412469
cta_qa_0005,3,-0.468566
cta_qa_0005,4,-38.062500
cta_qa_0005,5,-0.468566
cta_qa_0005,6,-0.412559
cta_qa_0005,7,-0.349880
cta_qa_0005,8,-38.000000
cta_qa_0005,9,-0.435782
cta_qa_0005,10,-0.320434
cta_qa_0005,11,-0.435782
cta_qa_0005,12,-0.349880
cta_qa_0005,13,-0.468566
cta_qa_0005,14,-38.062500
cta_qa_0005,15,-0.468566
cta_qa_0005,16,-0.347558
cta_qa_0005,17,-0.437286
cta_qa_0005,18,-0.437286
cta_qa_0005,19,-38.062500
cta_qa_0005,20,-0.468566
cta_qa_0005,21,-38.062500
cta_qa_0005,22,-0.384054
cta_qa_0005,23,-0.468566
cta_qa_0005,24,-38.062500
cta_qa_0005,25,-0.349880
cta_qa_0005,26,-0.446035
cta_qa_0005,27,-0.468566
cta_qa_0005,28,-0.349880
cta_qa_0005,29,-0.349880
cta_qa_0005,30,-0.351103
cta_qa_0005,31,-38.062500
cta_qa_0005,32,-0.468566
cta_qa_0005,33,-0.412469
cta_qa_0005,34,-0.468566
cta_qa_0005,35,-38.062500
cta_qa_0005,36,-0.446035
cta_qa_0005,37,-0.468566
cta_qa_0005,38,-38.062500
cta_qa_0005,39,-38.062500
cta_qa_0005,40,-0.468566
cta_qa_0005,41,-0.349880
cta_qa_0005,42,-0.446035
cta_qa_0005,43,-38.062500
cta_qa_0005,44,-37.875000
cta_qa_0005,45,-0.340529
cta_qa_0005,46,-0.340529
cta_qa_0005,47,-0.340529
cta_qa_0005,48,-37.812500
cta_qa_0005,49,-0.192952
cta_qa_0005,50,-0.340529
cta_qa_0005,51,-37.875000
cta_qa_0005,52,-0.345063
cta_qa_0005,53,-0.345063
cta_qa_0005,54,-33.000000
cta_qa_0005,55,-33.000000
cta_qa_0005,56,-38.062500
cta_qa_0005,57,-38.062500
cta_qa_0005,58,-0.468566
cta_qa_0005,59,-0.468566
cta_qa_0005,60,-0.349880
cta_qa_0005,61,-37.687500
cta_qa_0005,62,-0.468566
cta_qa_0005,63,-38.062500
cta_qa_0006,0,-0.129302
cta_qa_0006,1,-37.375000
cta_qa_0006,2,-37.375000
cta_qa_0006,3,-37.375000
cta_qa_0006,4,-0.309587
cta_qa_0006,5,-0.309587
cta_qa_0006,6,-37.250000
cta_qa_0006,7,-0.309587
cta_qa_0006,8,-37.375000
cta_qa_0006,9,-37.375000
cta_qa_0006,10,-37.375000
cta_qa_0006,11,-0.129302
cta_qa_0006,12,-0.252580
cta_qa_0006,13,-0.309441
cta_qa_0006,14,-37.625000
cta_qa_0006,15,-0.309441
cta_qa_0006,16,-37.375000
cta_qa_0006,17,-37.375000
cta_qa_0006,18,-37.375000
cta_qa_0006,19,-0.157981
cta_qa_0006,20,-0.313626
cta_qa_0006,21,-0.313626
cta_qa_0006,22,-0.425038
cta_qa_0006,23,-37.937500
cta_qa_0006,24,-37.250000
cta_qa_0006,25,-37.250000
cta_qa_0006,26,-37.250000
cta_qa_0006,27,-37.250000
cta_qa_0006,28,-0.248580
cta_qa_0006,29,-0.221121
cta_qa_0006,30,-0.221121
cta_qa_0006,31,-37.437500
cta_qa_0006,32,-0.129302
cta_qa_0006,33,-37.375000
cta_qa_0006,34,-0.196197
cta_qa_0006,35,-37.375000
cta_qa_0006,36,-37.250000
cta_qa_0006,37,-37.250000
cta_qa_0006,38,-37.250000
cta_qa_0006,39,-37.250000
cta_qa_0006,40,-37.375000
cta_qa_0006,41,-37.375000
cta_qa_0006,42,-37.375000
cta_qa_0006,43,-0.274170
cta_qa_0006,44,-37.375000
cta_qa_0006,45,-37.375000
cta_qa_0006,46,-0.129302
cta_qa_0006,47,-37.375000
cta_qa_0006,48,-37.250000
cta_qa_0006,49,-37.250000
cta_qa_0006,50,-37.250000
cta_qa_0006,51,-37.250000
cta_qa_0006,52,-37.375000
cta_qa_0006,53,-0.274170
cta_qa_0006,54,-37.375000
cta_qa_0006,55,-37.375000
cta_qa_0006,56,-37.375000
cta_qa_0006,57,-37.375000
cta_qa_0006,58,-37.375000
cta_qa_0006,59,-0.129302
cta_qa_0006,60,-37.375000
cta_qa_0006,61,-37.375000
cta_qa_0006,62,-0.274170
cta_qa_0006,63,-36.750000
cta_qa_0007,0,-37.687500
cta_qa_0007,1,-0.344424
cta_qa_0007,2,-37.687500
cta_qa_0007,3,-37.687500
cta_qa_0007,4,-37.687500
cta_qa_0007,5,-0.311563
cta_qa_0007,6,-0.342824
cta_qa_0007,7,-37.687500
cta_qa_0007,8,-37.687500
cta_qa_0007,9,-37.687500
cta_qa_0007,10,-0.342824
cta_qa_0007,11,-37.687500
cta_qa_0007,12,-37.750000
cta_qa_0007,13,-37.750000
cta_qa_0007,14,-37.750000
cta_qa_0007,15,-37.500000
cta_qa_0007,16,-37.750000
cta_qa_0007,17,-37.750000
cta_qa_0007,18,-37.750000
cta_qa_0007,19,-37.312500
cta_qa_0007,20,-37.750000
cta_qa_0007,21,-37.750000
cta_qa_0007,22,-37.750000
cta_qa_0007,23,-37.750000
cta_qa_0007,24,-0.289038
cta_qa_0007,25,-38.250000
cta_qa_0007,26,-0.289038
cta_qa_0007,27,-0.287745
cta_qa_0007,28,-37.750000
cta_qa_0007,29,-37.750000
cta_qa_0007,30,-37.750000
cta_qa_0007,31,-37.750000
cta_qa_0007,32,-0.342824
cta_qa_0007,33,-37.687500
cta_qa_0007,34,-0.342824
cta_qa_0007,35,-37.687500
cta_qa_0007,36,-37.687500
cta_qa_0007,37,-37.687500
cta_qa_0007,38,-37.687500
cta_qa_0007,39,-0.342824
cta_qa_0007,40,-37.687500
cta_qa_0007,41,-0.317333
cta_qa_0007,42,-0.317333
cta_qa_0007,43,-0.317333
cta_qa_0007,44,-37.437500
cta_qa_0007,45,-0.342824
cta_qa_0007,46,-37.687500
cta_qa_0007,47,-37.437500
cta_qa_0007,48,-37.500000
cta_qa_0007,49,-37.750000
cta_qa_0007,50,-37.750000
cta_qa_0007,51,-37.750000
cta_qa_0007,52,-37.687500
cta_qa_0007,53,-37.437500
cta_qa_0007,54,-37.687500
cta_qa_0007,55,-0.342824
cta_qa_0007,56,-37.687500
cta_qa_0007,57,-0.408249
cta_qa_0007,58,-37.687500
cta_qa_0007,59,-37.687500
cta_qa_0007,60,-0.342824
cta_qa_0007,61,-0.342824
cta_qa_0007,62,-37.687500
cta_qa_0007,63,-37.000000
cta_qa_0008,0,-37.000000
cta_qa_0008,1,-37.000000
cta_qa_0008,2,-37.000000
cta_qa_0008,3,-37.000000
cta_qa_0008,4,-37.000000
cta_qa_0008,5,-37.000000
cta_qa_0008,6,-37.000000
cta_qa_0008,7,-37.000000
cta_qa_0008,8,-37.000000
cta_qa_0008,9,-37.000000
cta_qa_0008,10,-37.000000
cta_qa_0008,11,-37.000000
cta_qa_0008,12,-0.412417
cta_qa_0008,13,-36.875000
cta_qa_0008,14,-36.875000
cta_qa_0008,15,-36.875000
cta_qa_0008,16,-37.000000
cta_qa_0008,17,-37.000000
cta_qa_0008,18,-37.000000
cta_qa_0008,19,-37.000000
cta_qa_0008,20,-37.000000
cta_qa_0008,21,-37.000000
cta_qa_0008,22,-37.000000
cta_qa_0008,23,-37.000000
cta_qa_0008,24,-37.125000
cta_qa_0008,25,-37.000000
cta_qa_0008,26,-37.000000
cta_qa_0008,27,-37.000000
cta_qa_0008,28,-36.875000
cta_qa_0008,29,-36.875000
cta_qa_0008,30,-0.349138
cta_qa_0008,31,-36.875000
cta_qa_0008,32,-37.000000
cta_qa_0008,33,-37.000000
cta_qa_0008,34,-37.000000
cta_qa_0008,35,-37.000000
cta_qa_0008,36,-37.000000
cta_qa_0008,37,-37.000000
cta_qa_0008,38,-37.000000
cta_qa_0008,39,-37.000000
cta_qa_0008,40,-37.000000
cta_qa_0008,41,-37.000000
cta_qa_0008,42,-37.000000
cta_qa_0008,43,-37.000000
cta_qa_0008,44,-37.000000
cta_qa_0008,45,-37.000000
cta_qa_0008,46,-36.375000
cta_qa_0008,47,-37.000000
cta_qa_0008,48,-37.000000
cta_qa_0008,49,-37.000000
cta_qa_0008,50,-37.000000
cta_qa_0008,51,-37.000000
cta_qa_0008,52,-37.000000
cta_qa_0008,53,-37.000000
cta_qa_0008,54,-37.000000
cta_qa_0008,55,-37.000000
cta_qa_0008,56,-0.447351
cta_qa_0008,57,-0.358214
cta_qa_0008,58,-0.358214
cta_qa_0008,59,-37.562500
cta_qa_0008,60,-37.000000
cta_qa_0008,61,-37.000000
cta_qa_0008,62,-37.000000
cta_qa_0008,63,-37.000000
cta_qa_0009,0,-35.250000
cta_qa_0009,1,-35.250000
cta_qa_0009,2,-35.250000
cta_qa_0009,3,-35.250000
cta_qa_0009,4,-35.250000
cta_qa_0009,5,-35.250000
cta_qa_0009,6,-35.250000
cta_qa_0009,7,-35.250000
cta_qa_0009,8,-35.250000
cta_qa_0009,9,-35.250000
cta_qa_0009,10,-35.250000
cta_qa_0009,11,-35.250000
cta_qa_0009,12,-35.250000
cta_qa_0009,13,-35.250000
cta_qa_0009,14,-35.250000
cta_qa_0009,15,-35.250000
cta_qa_0009,16,-35.250000
cta_qa_0009,17,-35.250000
cta_qa_0009,18,-35.250000
cta_qa_0009,19,-35.250000
cta_qa_0009,20,-35.250000
cta_qa_0009,21,-35.250000
cta_qa_0009,22,-35.250000
cta_qa_0009,23,-35.250000
cta_qa_0009,24,-35.250000
cta_qa_0009,25,-35.250000
cta_qa_0009,26,-35.250000
cta_qa_0009,27,-35.250000
cta_qa_0009,28,-0.346884
cta_qa_0009,29,-35.500000
cta_qa_0009,30,-35.500000
cta_qa_0009,31,-35.500000
cta_qa_0009,32,-35.250000
cta_qa_0009,33,-35.250000
cta_qa_0009,34,-35.250000
cta_qa_0009,35,-35.250000
cta_qa_0009,36,-35.500000
cta_qa_0009,37,-0.383007
cta_qa_0009,38,-35.500000
cta_qa_0009,39,-35.500000
cta_qa_0009,40,-35.250000
cta_qa_0009,41,-35.250000
cta_qa_0009,42,-35.250000
cta_qa_0009,43,-35.250000
cta_qa_0009,44,-35.250000
cta_qa_0009,45,-35.250000
cta_qa_0009,46,-35.250000
cta_qa_0009,47,-35.250000
cta_qa_0009,48,-35.500000
cta_qa_0009,49,-35.500000
cta_qa_0009,50,-0.383007
cta_qa_0009,51,-35.500000
cta_qa_0009,52,-35.250000
cta_qa_0009,53,-35.250000
cta_qa_0009,54,-35.250000
cta_qa_0009,55,-35.250000
cta_qa_0009,56,-35.250000
cta_qa_0009,57,-35.250000
cta_qa_0009,58,-35.250000
cta_qa_0009,59,-35.250000
cta_qa_0009,60,-35.250000
cta_qa_0009,61,-35.250000
cta_qa_0009,62,-35.250000
cta_qa_0009,63,-35.250000
cta_qa_0010,0,-0.221107
cta_qa_0010,1,-36.562500
cta_qa_0010,2,-36.750000
cta_qa_0010,3,-0.221107
cta_qa_0010,4,-0.221107
cta_qa_0010,5,-36.750000
cta_qa_0010,6,-36.750000
cta_qa_0010,7,-0.407417
cta_qa_0010,8,-36.750000
cta_qa_0010,9,-0.221107
cta_qa_0010,10,-0.221107
cta_qa_0010,11,-0.407417
cta_qa_0010,12,-36.812500
cta_qa_0010,13,-36.812500
cta_qa_0010,14,-36.812500
cta_qa_0010,15,-0.377430
cta_qa_0010,16,-0.221107
cta_qa_0010,17,-0.407417
cta_qa_0010,18,-0.221107
cta_qa_0010,19,-36.750000
cta_qa_0010,20,-36.812500
cta_qa_0010,21,-36.812500
cta_qa_0010,22,-36.812500
cta_qa_0010,23,-0.377430
cta_qa_0010,24,-0.408581
cta_qa_0010,25,-0.381189
cta_qa_0010,26,-0.558349
cta_qa_0010,27,-37.687500
cta_qa_0010,28,-0.377430
cta_qa_0010,29,-0.377430
cta_qa_0010,30,-36.812500
cta_qa_0010,31,-36.812500
cta_qa_0010,32,-0.221107
cta_qa_0010,33,-0.221107
cta_qa_0010,34,-0.221107
cta_qa_0010,35,-36.750000
cta_qa_0010,36,-36.750000
cta_qa_0010,37,-0.221107
cta_qa_0010,38,-36.750000
cta_qa_0010,39,-0.221107
cta_qa_0010,40,-36.750000
cta_qa_0010,41,-0.221107
cta_qa_0010,42,-36.750000
cta_qa_0010,43,-0.221107
cta_qa_0010,44,-0.221107
cta_qa_0010,45,-0.221107
cta_qa_0010,46,-0.221107
cta_qa_0010,47,-36.562500
cta_qa_0010,48,-0.407417
cta_qa_0010,49,-36.750000
cta_qa_0010,50,-0.221107
cta_qa_0010,51,-0.407417
cta_qa_0010,52,-0.407417
cta_qa_0010,53,-0.407417
cta_qa_0010,54,-0.221107
cta_qa_0010,55,-36.562500
cta_qa_0010,56,-0.221107
cta_qa_0010,57,-36.750000
cta_qa_0010,58,-36.562500
cta_qa_0010,59,-0.221107
cta_qa_0010,60,-0.221107
cta_qa_0010,61,-36.750000
cta_qa_0010,62,-0.221107
cta_qa_0010,63,-0.407417
cta_qa_0011,0,-0.406035
cta_qa_0011,1,-0.469836
cta_qa_0011,2,-0.469836
cta_qa_0011,3,-37.250000
cta_qa_0011,4,-33.125000
cta_qa_0011,5,-33.125000
cta_qa_0011,6,-33.125000
cta_qa_0011,7,-33.125000
cta_qa_0011,8,-36.812500
cta_qa_0011,9,-0.403065
cta_qa_0011,10,-0.223591
cta_qa_0011,11,-0.346328
cta_qa_0011,12,-0.376127
cta_qa_0011,13,-37.062500
cta_qa_0011,14,-0.376127
cta_qa_0011,15,-0.469836
cta_qa_0011,16,-0.402882
cta_qa_0011,17,-0.404695
cta_qa_0011,18,-34.875000
cta_qa_0011,19,-0.404695
cta_qa_0011,20,-0.438581
cta_qa_0011,21,-0.348948
cta_qa_0011,22,-37.250000
cta_qa_0011,23,-0.465682
cta_qa_0011,24,-34.875000
cta_qa_0011,25,-36.125000
cta_qa_0011,26,-34.875000
cta_qa_0011,27,-34.875000
cta_qa_0011,28,-37.187500
cta_qa_0011,29,-0.282368
cta_qa_0011,30,-37.187500
cta_qa_0011,31,-0.254996
cta_qa_0011,32,-0.469836
cta_qa_0011,33,-0.469836
cta_qa_0011,34,-0.469836
cta_qa_0011,35,-37.312500
cta_qa_0011,36,-37.187500
cta_qa_0011,37,-0.254996
cta_qa_0011,38,-0.254996
cta_qa_0011,39,-0.282368
cta_qa_0011,40,-33.125000
cta_qa_0011,41,-33.125000
cta_qa_0011,42,-33.125000
cta_qa_0011,43,-33.125000
cta_qa_0011,44,-33.125000
cta_qa_0011,45,-33.125000
cta_qa_0011,46,-33.125000
cta_qa_0011,47,-33.125000
cta_qa_0011,48,-0.376127
cta_qa_0011,49,-0.438581
cta_qa_0011,50,-0.346932
cta_qa_0011,51,-37.250000
cta_qa_0011,52,-0.376178
cta_qa_0011,53,-0.404695
cta_qa_0011,54,-34.875000
cta_qa_0011,55,-0.284987
cta_qa_0011,56,-0.191194
cta_qa_0011,57,-36.687500
cta_qa_0011,58,-0.191194
cta_qa_0011,59,-0.191194
cta_qa_0011,60,-0.467127
cta_qa_0011,61,-0.312322
cta_qa_0011,62,-34.125000
cta_qa_0011,63,-0.376147
cta_qa_0012,0,-37.437500
cta_qa_0012,1,-37.437500
cta_qa_0012,2,-37.437500
cta_qa_0012,3,-37.437500
cta_qa_0012,4,-37.437500
cta_qa_0012,5,-37.437500
cta_qa_0012,6,-37.437500
cta_qa_0012,7,-37.437500
cta_qa_0012,8,-37.437500
cta_qa_0012,9,-37.437500
cta_qa_0012,10,-37.437500
cta_qa_0012,11,-37.437500
cta_qa_0012,12,-37.437500
cta_qa_0012,13,-37.437500
cta_qa_0012,14,-37.437500
cta_qa_0012,15,-37.437500
cta_qa_0012,16,-37.437500
cta_qa_0012,17,-37.437500
cta_qa_0012,18,-37.437500
cta_qa_0012,19,-37.437500
cta_qa_0012,20,-37.125000
cta_qa_0012,21,-0.404916
cta_qa_0012,22,-37.125000
cta_qa_0012,23,-37.125000
cta_qa_0012,24,-37.437500
cta_qa_0012,25,-37.437500
cta_qa_0012,26,-37.437500
cta_qa_0012,27,-37.437500
cta_qa_0012,28,-37.437500
cta_qa_0012,29,-37.437500
cta_qa_0012,30,-37.437500
cta_qa_0012,31,-37.437500
cta_qa_0012,32,-37.437500
cta_qa_0012,33,-37.437500
cta_qa_0012,34,-37.437500
cta_qa_0012,35,-37.437500
cta_qa_0012,36,-37.437500
cta_qa_0012,37,-37.437500
cta_qa_0012,38,-37.437500
cta_qa_0012,39,-37.437500
cta_qa_0012,40,-37.125000
cta_qa_0012,41,-37.125000
cta_qa_0012,42,-37.125000
cta_qa_0012,43,-0.433043
cta_qa_0012,44,-37.437500
cta_qa_0012,45,-37.437500
cta_qa_0012,46,-37.437500
cta_qa_0012,47,-37.437500
cta_qa_0012,48,-37.437500
cta_qa_0012,49,-37.437500
cta_qa_0012,50,-37.437500
cta_qa_0012,51,-37.437500
cta_qa_0012,52,-0.311454
cta_qa_0012,53,-37.250000
cta_qa_0012,54,-0.311454
cta_qa_0012,55,-0.311454
cta_qa_0012,56,-37.437500
cta_qa_0012,57,-37.437500
cta_qa_0012,58,-37.437500
cta_qa_0012,59,-37.437500
cta_qa_0012,60,-37.437500
cta_qa_0012,61,-37.437500
cta_qa_0012,62,-37.437500
cta_qa_0012,63,-37.437500
cta_qa_0013,0,-35.250000
cta_qa_0013,1,-35.250000
cta_qa_0013,2,-35.250000
cta_qa_0013,3,-0.505362
cta_qa_0013,4,-35.250000
cta_qa_0013,5,-0.505362
cta_qa_0013,6,-35.250000
cta_qa_0013,7,-0.505362
cta_qa_0013,8,-0.505362
cta_qa_0013,9,-0.505362
cta_qa_0013,10,-35.250000
cta_qa_0013,11,-0.505362
cta_qa_0013,12,-35.250000
cta_qa_0013,13,-35.250000
cta_qa_0013,14,-0.505362
cta_qa_0013,15,-35.250000
cta_qa_0013,16,-0.505362
cta_qa_0013,17,-35.250000
cta_qa_0013,18,-35.250000
cta_qa_0013,19,-0.505362
cta_qa_0013,20,-0.505362
cta_qa_0013,21,-0.505362
cta_qa_0013,22,-0.505362
cta_qa_0013,23,-35.250000
cta_qa_0013,24,-0.539907
cta_qa_0013,25,-0.539907
cta_qa_0013,26,-35.000000
cta_qa_0013,27,-0.506025
cta_qa_0013,28,-35.250000
cta_qa_0013,29,-35.250000
cta_qa_0013,30,-35.250000
cta_qa_0013,31,-0.505362
cta_qa_0013,32,-0.505362
cta_qa_0013,33,-0.505362
cta_qa_0013,34,-35.250000
cta_qa_0013,35,-0.505362
cta_qa_0013,36,-0.539907
cta_qa_0013,37,-0.539907
cta_qa_0013,38,-0.506025
cta_qa_0013,39,-37.125000
cta_qa_0013,40,-0.505362
cta_qa_0013,41,-0.505362
cta_qa_0013,42,-35.250000
cta_qa_0013,43,-35.250000
cta_qa_0013,44,-35.000000
cta_qa_0013,45,-35.000000
cta_qa_0013,46,-35.000000
cta_qa_0013,47,-35.000000
cta_qa_0013,48,-0.443256
cta_qa_0013,49,-0.443256
cta_qa_0013,50,-36.500000
cta_qa_0013,51,-0.506502
cta_qa_0013,52,-0.412554
cta_qa_0013,53,-0.442458
cta_qa_0013,54,-35.687500
cta_qa_0013,55,-0.442458
cta_qa_0013,56,-35.250000
cta_qa_0013,57,-35.250000
cta_qa_0013,58,-0.505362
cta_qa_0013,59,-35.250000
cta_qa_0013,60,-0.505362
cta_qa_0013,61,-0.505362
cta_qa_0013,62,-35.250000
cta_qa_0013,63,-35.250000
cta_qa_0014,0,-37.875000
cta_qa_0014,1,-0.249842
cta_qa_0014,2,-0.318281
cta_qa_0014,3,-37.375000
cta_qa_0014,4,-35.875000
cta_qa_0014,5,-0.326406
cta_qa_0014,6,-0.319491
cta_qa_0014,7,-0.289253
cta_qa_0014,8,-37.437500
cta_qa_0014,9,-37.437500
cta_qa_0014,10,-0.348652
cta_qa_0014,11,-37.437500
cta_qa_0014,12,-0.281088
cta_qa_0014,13,-37.375000
cta_qa_0014,14,-0.318281
cta_qa_0014,15,-0.374789
cta_qa_0014,16,-37.437500
cta_qa_0014,17,-0.290434
cta_qa_0014,18,-0.349788
cta_qa_0014,19,-0.258422
cta_qa_0014,20,-0.348652
cta_qa_0014,21,-0.349788
cta_qa_0014,22,-0.349788
cta_qa_0014,23,-37.437500
cta_qa_0014,24,-0.314393
cta_qa_0014,25,-0.318281
cta_qa_0014,26,-37.375000
cta_qa_0014,27,-0.345941
cta_qa_0014,28,-0.349788
cta_qa_0014,29,-0.374791
cta_qa_0014,30,-37.437500
cta_qa_0014,31,-0.258422
cta_qa_0014,32,-0.258676
cta_qa_0014,33,-37.437500
cta_qa_0014,34,-37.437500
cta_qa_0014,35,-0.258676
cta_qa_0014,36,-0.381785
cta_qa_0014,37,-36.937500
cta_qa_0014,38,-0.353769
cta_qa_0014,39,-0.320393
cta_qa_0014,40,-0.412292
cta_qa_0014,41,-0.320181
cta_qa_0014,42,-0.320515
cta_qa_0014,43,-35.625000
cta_qa_0014,44,-0.258422
cta_qa_0014,45,-0.258422
cta_qa_0014,46,-37.437500
cta_qa_0014,47,-0.408582
cta_qa_0014,48,-0.352273
cta_qa_0014,49,-37.437500
cta_qa_0014,50,-0.348652
cta_qa_0014,51,-0.258422
cta_qa_0014,52,-37.937500
cta_qa_0014,53,-0.351001
cta_qa_0014,54,-0.346105
cta_qa_0014,55,-0.352409
cta_qa_0014,56,-0.374789
cta_qa_0014,57,-37.375000
cta_qa_0014,58,-34.250000
cta_qa_0014,59,-0.318281
cta_qa_0014,60,-0.286616
cta_qa_0014,61,-0.253052
cta_qa_0014,62,-37.375000
cta_qa_0014,63,-37.375000
cta_qa_0015,0,-37.437500
cta_qa_0015,1,-0.355771
cta_qa_0015,2,-37.437500
cta_qa_0015,3,-0.355771
cta_qa_0015,4,-0.355771
cta_qa_0015,5,-0.355771
cta_qa_0015,6,-37.437500
cta_qa_0015,7,-37.437500
cta_qa_0015,8,-37.750000
cta_qa_0015,9,-37.750000
cta_qa_0015,10,-37.750000
cta_qa_0015,11,-37.750000
cta_qa_0015,12,-0.355771
cta_qa_0015,13,-37.437500
cta_qa_0015,14,-0.355771
cta_qa_0015,15,-0.355771
cta_qa_0015,16,-37.437500
cta_qa_0015,17,-37.437500
cta_qa_0015,18,-0.355771
cta_qa_0015,19,-37.437500
cta_qa_0015,20,-37.437500
cta_qa_0015,21,-0.355771
cta_qa_0015,22,-0.355771
cta_qa_0015,23,-37.437500
cta_qa_0015,24,-0.355771
cta_qa_0015,25,-37.437500
cta_qa_0015,26,-0.355771
cta_qa_0015,27,-37.437500
cta_qa_0015,28,-37.437500
cta_qa_0015,29,-0.355771
cta_qa_0015,30,-0.355771
cta_qa_0015,31,-37.437500
cta_qa_0015,32,-37.437500
cta_qa_0015,33,-0.471500
cta_qa_0015,34,-0.352920
cta_qa_0015,35,-0.355771
cta_qa_0015,36,-37.437500
cta_qa_0015,37,-0.355771
cta_qa_0015,38,-37.437500
cta_qa_0015,39,-0.355771
cta_qa_0015,40,-37.437500
cta_qa_0015,41,-37.437500
cta_qa_0015,42,-0.471500
cta_qa_0015,43,-37.437500
cta_qa_0015,44,-37.750000
cta_qa_0015,45,-37.750000
cta_qa_0015,46,-37.750000
cta_qa_0015,47,-37.750000
cta_qa_0015,48,-0.355771
cta_qa_0015,49,-0.355771
cta_qa_0015,50,-0.355771
cta_qa_0015,51,-37.437500
cta_qa_0015,52,-37.750000
cta_qa_0015,53,-37.750000
cta_qa_0015,54,-37.750000
cta_qa_0015,55,-37.750000
cta_qa_0015,56,-37.437500
cta_qa_0015,57,-37.437500
cta_qa_0015,58,-0.355771
cta_qa_0015,59,-37.437500
cta_qa_0015,60,-37.437500
cta_qa_0015,61,-0.355771
cta_qa_0015,62,-37.437500
cta_qa_0015,63,-0.355771
cta_qa_0016,0,-37.125000
cta_qa_0016,1,-0.409769
cta_qa_0016,2,-0.409769
cta_qa_0016,3,-0.409769
cta_qa_0016,4,-0.346272
cta_qa_0016,5,-0.346272
cta_qa_0016,6,-0.436023
cta_qa_0016,7,-35.875000
cta_qa_0016,8,-35.875000
cta_qa_0016,9,-0.378723
cta_qa_0016,10,-35.875000
cta_qa_0016,11,-0.346272
cta_qa_0016,12,-35.875000
cta_qa_0016,13,-0.378723
cta_qa_0016,14,-35.875000
cta_qa_0016,15,-0.436023
cta_qa_0016,16,-35.875000
cta_qa_0016,17,-0.436023
cta_qa_0016,18,-35.875000
cta_qa_0016,19,-35.875000
cta_qa_0016,20,-35.875000
cta_qa_0016,21,-0.346272
cta_qa_0016,22,-0.378723
cta_qa_0016,23,-35.875000
cta_qa_0016,24,-35.875000
cta_qa_0016,25,-35.875000
cta_qa_0016,26,-35.875000
cta_qa_0016,27,-35.875000
cta_qa_0016,28,-35.875000
cta_qa_0016,29,-35.875000
cta_qa_0016,30,-35.875000
cta_qa_0016,31,-35.875000
cta_qa_0016,32,-0.346272
cta_qa_0016,33,-35.875000
cta_qa_0016,34,-35.875000
cta_qa_0016,35,-0.346272
cta_qa_0016,36,-0.351894
cta_qa_0016,37,-0.290511
cta_qa_0016,38,-0.351894
cta_qa_0016,39,-34.125000
cta_qa_0016,40,-0.350764
cta_qa_0016,41,-0.350764
cta_qa_0016,42,-0.315653
cta_qa_0016,43,-36.250000
cta_qa_0016,44,-35.875000
cta_qa_0016,45,-35.875000
cta_qa_0016,46,-0.346272
cta_qa_0016,47,-35.875000
cta_qa_0016,48,-35.875000
cta_qa_0016,49,-35.875000
cta_qa_0016,50,-35.875000
cta_qa_0016,51,-35.875000
cta_qa_0016,52,-35.875000
cta_qa_0016,53,-0.346272
cta_qa_0016,54,-35.875000
cta_qa_0016,55,-0.346272
cta_qa_0016,56,-35.875000
cta_qa_0016,57,-0.346272
cta_qa_0016,58,-35.875000
cta_qa_0016,59,-35.875000
cta_qa_0016,60,-0.346272
cta_qa_0016,61,-35.875000
cta_qa_0016,62,-0.346272
cta_qa_0016,63,-35.875000
cta_qa_0017,0,-36.937500
cta_qa_0017,1,-36.937500
cta_qa_0017,2,-36.937500
cta_qa_0017,3,-36.937500
cta_qa_0017,4,-0.373827
cta_qa_0017,5,-37.125000
cta_qa_0017,6,-0.373827
cta_qa_0017,7,-0.373827
cta_qa_0017,8,-37.125000
cta_qa_0017,9,-0.373827
cta_qa_0017,10,-37.125000
cta_qa_0017,11,-37.125000
cta_qa_0017,12,-0.373827
cta_qa_0017,13,-0.373827
cta_qa_0017,14,-0.373827
cta_qa_0017,15,-37.125000
cta_qa_0017,16,-37.125000
cta_qa_0017,17,-37.125000
cta_qa_0017,18,-0.373827
cta_qa_0017,19,-0.373827
cta_qa_0017,20,-0.349975
cta_qa_0017,21,-37.000000
cta_qa_0017,22,-0.349975
cta_qa_0017,23,-0.351656
cta_qa_0017,24,-37.125000
cta_qa_0017,25,-0.373827
cta_qa_0017,26,-0.373827
cta_qa_0017,27,-37.125000
cta_qa_0017,28,-0.413235
cta_qa_0017,29,-37.437500
cta_qa_0017,30,-0.380268
cta_qa_0017,31,-0.321121
cta_qa_0017,32,-0.379178
cta_qa_0017,33,-37.687500
cta_qa_0017,34,-0.350438
cta_qa_0017,35,-0.409024
cta_qa_0017,36,-0.373827
cta_qa_0017,37,-37.125000
cta_qa_0017,38,-37.125000
cta_qa_0017,39,-37.125000
cta_qa_0017,40,-0.349975
cta_qa_0017,41,-0.349975
cta_qa_0017,42,-0.351656
cta_qa_0017,43,-37.000000
cta_qa_0017,44,-0.351656
cta_qa_0017,45,-37.000000
cta_qa_0017,46,-0.349975
cta_qa_0017,47,-0.349975
cta_qa_0017,48,-37.125000
cta_qa_0017,49,-37.125000
cta_qa_0017,50,-37.125000
cta_qa_0017,51,-0.373827
cta_qa_0017,52,-37.125000
cta_qa_0017,53,-0.373827
cta_qa_0017,54,-0.373827
cta_qa_0017,55,-37.125000
cta_qa_0017,56,-37.125000
cta_qa_0017,57,-0.373827
cta_qa_0017,58,-0.373827
cta_qa_0017,59,-37.125000
cta_qa_0017,60,-0.351534
cta_qa_0017,61,-0.317635
cta_qa_0017,62,-37.562500
cta_qa_0017,63,-0.351534
cta_qa_0018,0,-37.000000
cta_qa_0018,1,-37.000000
cta_qa_0018,2,-37.000000
cta_qa_0018,3,-37.000000
cta_qa_0018,4,-0.442459
cta_qa_0018,5,-37.000000
cta_qa_0018,6,-37.000000
cta_qa_0018,7,-37.000000
cta_qa_0018,8,-37.000000
cta_qa_0018,9,-37.000000
cta_qa_0018,10,-37.000000
cta_qa_0018,11,-37.000000
cta_qa_0018,12,-0.419017
cta_qa_0018,13,-0.419017
cta_qa_0018,14,-37.250000
cta_qa_0018,15,-0.419017
cta_qa_0018,16,-37.000000
cta_qa_0018,17,-37.000000
cta_qa_0018,18,-37.000000
cta_qa_0018,19,-37.000000
cta_qa_0018,20,-0.442459
cta_qa_0018,21,-37.000000
cta_qa_0018,22,-37.000000
cta_qa_0018,23,-37.000000
cta_qa_0018,24,-37.000000
cta_qa_0018,25,-37.000000
cta_qa_0018,26,-37.000000
cta_qa_0018,27,-37.000000
cta_qa_0018,28,-37.000000
cta_qa_0018,29,-37.000000
cta_qa_0018,30,-37.000000
cta_qa_0018,31,-37.000000
cta_qa_0018,32,-37.000000
cta_qa_0018,33,-37.000000
cta_qa_0018,34,-37.000000
cta_qa_0018,35,-37.000000
cta_qa_0018,36,-37.000000
cta_qa_0018,37,-0.442459
cta_qa_0018,38,-37.000000
cta_qa_0018,39,-37.000000
cta_qa_0018,40,-37.000000
cta_qa_0018,41,-37.000000
cta_qa_0018,42,-37.000000
cta_qa_0018,43,-37.000000
cta_qa_0018,44,-0.442459
cta_qa_0018,45,-37.000000
cta_qa_0018,46,-37.000000
cta_qa_0018,47,-0.442459
cta_qa_0018,48,-37.000000
cta_qa_0018,49,-0.442459
cta_qa_0018,50,-37.000000
cta_qa_0018,51,-37.000000
cta_qa_0018,52,-37.000000
cta_qa_0018,53,-0.442459
cta_qa_0018,54,-37.000000
cta_qa_0018,55,-37.000000
cta_qa_0018,56,-37.000000
cta_qa_0018,57,-37.000000
cta_qa_0018,58,-37.000000
cta_qa_0018,59,-37.000000
cta_qa_0018,60,-0.439132
cta_qa_0018,61,-0.447757
cta_qa_0018,62,-36.125000
cta_qa_0018,63,-0.439132
cta_qa_0019,0,-0.504541
cta_qa_0019,1,-0.504541
cta_qa_0019,2,-0.503430
cta_qa_0019,3,-25.250000
cta_qa_0019,4,-0.504541
cta_qa_0019,5,-0.504541
cta_qa_0019,6,-25.250000
cta_qa_0019,7,-0.529754
cta_qa_0019,8,-36.312500
cta_qa_0019,9,-37.125000
cta_qa_0019,10,-37.125000
cta_qa_0019,11,-36.312500
cta_qa_0019,12,-0.474778
cta_qa_0019,13,-0.474778
cta_qa_0019,14,-16.250000
cta_qa_0019,15,-0.527065
cta_qa_0019,16,-37.125000
cta_qa_0019,17,-37.125000
cta_qa_0019,18,-37.125000
cta_qa_0019,19,-37.125000
cta_qa_0019,20,-0.504541
cta_qa_0019,21,-0.503430
cta_qa_0019,22,-25.250000
cta_qa_0019,23,-0.503430
cta_qa_0019,24,-0.504541
cta_qa_0019,25,-0.504541
cta_qa_0019,26,-0.504541
cta_qa_0019,27,-25.250000
cta_qa_0019,28,-0.501175
cta_qa_0019,29,-0.408776
cta_qa_0019,30,-0.408776
cta_qa_0019,31,-36.625000
cta_qa_0019,32,-37.125000
cta_qa_0019,33,-36.312500
cta_qa_0019,34,-37.125000
cta_qa_0019,35,-36.312500
cta_qa_0019,36,-37.125000
cta_qa_0019,37,-37.125000
cta_qa_0019,38,-37.125000
cta_qa_0019,39,-37.125000
cta_qa_0019,40,-0.504541
cta_qa_0019,41,-0.504541
cta_qa_0019,42,-0.504541
cta_qa_0019,43,-21.875000
cta_qa_0019,44,-0.504541
cta_qa_0019,45,-0.504541
cta_qa_0019,46,-25.250000
cta_qa_0019,47,-0.504541
cta_qa_0019,48,-37.125000
cta_qa_0019,49,-36.312500
cta_qa_0019,50,-36.312500
cta_qa_0019,51,-37.125000
cta_qa_0019,52,-36.312500
cta_qa_0019,53,-36.312500
cta_qa_0019,54,-37.125000
cta_qa_0019,55,-37.125000
cta_qa_0019,56,-37.125000
cta_qa_0019,57,-37.125000
cta_qa_0019,58,-37.125000
cta_qa_0019,59,-36.312500
cta_qa_0019,60,-37.125000
cta_qa_0019,61,-37.125000
cta_qa_0019,62,-36.312500
cta_qa_0019,63,-37.125000
cta_qa_0020,0,-0.284631
cta_qa_0020,1,-0.351239
cta_qa_0020,2,-30.375000
cta_qa_0020,3,-0.351239
cta_qa_0020,4,-37.562500
cta_qa_0020,5,-0.284631
cta_qa_0020,6,-0.284631
cta_qa_0020,7,-0.351239
cta_qa_0020,8,-0.374813
cta_qa_0020,9,-32.500000
cta_qa_0020,10,-32.500000
cta_qa_0020,11,-32.500000
cta_qa_0020,12,-32.500000
cta_qa_0020,13,-32.500000
cta_qa_0020,14,-0.348315
cta_qa_0020,15,-0.348315
cta_qa_0020,16,-32.500000
cta_qa_0020,17,-32.500000
cta_qa_0020,18,-32.500000
cta_qa_0020,19,-0.348315
cta_qa_0020,20,-0.347390
cta_qa_0020,21,-0.347390
cta_qa_0020,22,-0.347390
cta_qa_0020,23,-27.125000
cta_qa_0020,24,-32.500000
cta_qa_0020,25,-0.319156
cta_qa_0020,26,-32.500000
cta_qa_0020,27,-32.500000
cta_qa_0020,28,-32.500000
cta_qa_0020,29,-32.500000
cta_qa_0020,30,-32.500000
cta_qa_0020,31,-32.500000
cta_qa_0020,32,-32.500000
cta_qa_0020,33,-32.500000
cta_qa_0020,34,-32.500000
cta_qa_0020,35,-32.500000
cta_qa_0020,36,-32.500000
cta_qa_0020,37,-32.500000
cta_qa_0020,38,-0.319156
cta_qa_0020,39,-32.500000
cta_qa_0020,40,-32.500000
cta_qa_0020,41,-32.500000
cta_qa_0020,42,-32.500000
cta_qa_0020,43,-32.500000
cta_qa_0020,44,-32.500000
cta_qa_0020,45,-32.500000
cta_qa_0020,46,-32.500000
cta_qa_0020,47,-32.500000
cta_qa_0020,48,-32.500000
cta_qa_0020,49,-32.500000
cta_qa_0020,50,-38.437500
cta_qa_0020,51,-32.500000
cta_qa_0020,52,-32.500000
cta_qa_0020,53,-32.500000
cta_qa_0020,54,-0.374813
cta_qa_0020,55,-32.500000
cta_qa_0020,56,-0.284631
cta_qa_0020,57,-0.284631
cta_qa_0020,58,-31.625000
cta_qa_0020,59,-0.284631
cta_qa_0020,60,-32.500000
cta_qa_0020,61,-32.500000
cta_qa_0020,62,-32.500000
cta_qa_0020,63,-32.500000
cta_qa_0021,0,-37.562500
cta_qa_0021,1,-37.562500
cta_qa_0021,2,-37.562500
cta_qa_0021,3,-37.562500
cta_qa_0021,4,-37.562500
cta_qa_0021,5,-37.562500
cta_qa_0021,6,-37.562500
cta_qa_0021,7,-37.562500
cta_qa_0021,8,-37.562500
cta_qa_0021,9,-37.562500
cta_qa_0021,10,-37.562500
cta_qa_0021,11,-37.562500
cta_qa_0021,12,-37.562500
cta_qa_0021,13,-37.562500
cta_qa_0021,14,-37.562500
cta_qa_0021,15,-37.562500
cta_qa_0021,16,-37.562500
cta_qa_0021,17,-37.562500
cta_qa_0021,18,-37.562500
cta_qa_0021,19,-37.562500
cta_qa_0021,20,-37.562500
cta_qa_0021,21,-37.562500
cta_qa_0021,22,-37.562500
cta_qa_0021,23,-37.562500
cta_qa_0021,24,-37.562500
cta_qa_0021,25,-37.562500
cta_qa_0021,26,-37.562500
cta_qa_0021,27,-37.562500
cta_qa_0021,28,-37.562500
cta_qa_0021,29,-37.562500
cta_qa_0021,30,-37.562500
cta_qa_0021,31,-37.562500
cta_qa_0021,32,-37.562500
cta_qa_0021,33,-37.562500
cta_qa_0021,34,-37.562500
cta_qa_0021,35,-37.562500
cta_qa_0021,36,-37.562500
cta_qa_0021,37,-37.562500
cta_qa_0021,38,-37.562500
cta_qa_0021,39,-37.562500
cta_qa_0021,40,-37.562500
cta_qa_0021,41,-37.562500
cta_qa_0021,42,-37.562500
cta_qa_0021,43,-37.562500
cta_qa_0021,44,-37.562500
cta_qa_0021,45,-37.562500
cta_qa_0021,46,-37.562500
cta_qa_0021,47,-37.562500
cta_qa_0021,48,-37.562500
cta_qa_0021,49,-37.562500
cta_qa_0021,50,-37.562500
cta_qa_0021,51,-37.562500
cta_qa_0021,52,-37.562500
cta_qa_0021,53,-37.562500
cta_qa_0021,54,-37.562500
cta_qa_0021,55,-37.562500
cta_qa_0021,56,-37.562500
cta_qa_0021,57,-37.562500
cta_qa_0021,58,-37.562500
cta_qa_0021,59,-37.562500
cta_qa_0021,60,-37.562500
cta_qa_0021,61,-37.562500
cta_qa_0021,62,-37.562500
cta_qa_0021,63,-37.562500
cta_qa_0022,0,-37.562500
cta_qa_0022,1,-37.562500
cta_qa_0022,2,-0.344868
cta_qa_0022,3,-37.562500
cta_qa_0022,4,-0.344868
cta_qa_0022,5,-37.562500
cta_qa_0022,6,-37.562500
cta_qa_0022,7,-37.562500
cta_qa_0022,8,-37.562500
cta_qa_0022,9,-37.562500
cta_qa_0022,10,-0.344868
cta_qa_0022,11,-37.562500
cta_qa_0022,12,-37.562500
cta_qa_0022,13,-37.562500
cta_qa_0022,14,-37.562500
cta_qa_0022,15,-37.562500
cta_qa_0022,16,-0.322616
cta_qa_0022,17,-36.875000
cta_qa_0022,18,-0.322616
cta_qa_0022,19,-0.322616
cta_qa_0022,20,-37.562500
cta_qa_0022,21,-37.562500
cta_qa_0022,22,-37.562500
cta_qa_0022,23,-37.562500
cta_qa_0022,24,-0.353905
cta_qa_0022,25,-0.353905
cta_qa_0022,26,-0.353905
cta_qa_0022,27,-37.937500
cta_qa_0022,28,-0.344868
cta_qa_0022,29,-37.562500
cta_qa_0022,30,-0.344868
cta_qa_0022,31,-37.562500
cta_qa_0022,32,-37.562500
cta_qa_0022,33,-0.344868
cta_qa_0022,34,-0.344868
cta_qa_0022,35,-37.562500
cta_qa_0022,36,-0.288310
cta_qa_0022,37,-0.288310
cta_qa_0022,38,-0.288310
cta_qa_0022,39,-37.062500
cta_qa_0022,40,-37.562500
cta_qa_0022,41,-37.562500
cta_qa_0022,42,-37.562500
cta_qa_0022,43,-37.562500
cta_qa_0022,44,-0.259726
cta_qa_0022,45,-0.259726
cta_qa_0022,46,-0.346310
cta_qa_0022,47,-37.875000
cta_qa_0022,48,-37.562500
cta_qa_0022,49,-37.562500
cta_qa_0022,50,-0.344868
cta_qa_0022,51,-38.500000
cta_qa_0022,52,-37.562500
cta_qa_0022,53,-37.562500
cta_qa_0022,54,-37.562500
cta_qa_0022,55,-37.562500
cta_qa_0022,56,-37.562500
cta_qa_0022,57,-37.562500
cta_qa_0022,58,-37.562500
cta_qa_0022,59,-0.344868
cta_qa_0022,60,-37.687500
cta_qa_0022,61,-0.322803
cta_qa_0022,62,-0.322803
cta_qa_0022,63,-0.322803
cta_qa_0023,0,-37.937500
cta_qa_0023,1,-37.937500
cta_qa_0023,2,-37.937500
cta_qa_0023,3,-37.937500
cta_qa_0023,4,-37.937500
cta_qa_0023,5,-37.937500
cta_qa_0023,6,-37.937500
cta_qa_0023,7,-37.937500
cta_qa_0023,8,-37.937500
cta_qa_0023,9,-37.937500
cta_qa_0023,10,-37.937500
cta_qa_0023,11,-37.937500
cta_qa_0023,12,-37.937500
cta_qa_0023,13,-37.937500
cta_qa_0023,14,-37.937500
cta_qa_0023,15,-37.937500
cta_qa_0023,16,-37.937500
cta_qa_0023,17,-37.937500
cta_qa_0023,18,-37.937500
cta_qa_0023,19,-37.937500
cta_qa_0023,20,-37.937500
cta_qa_0023,21,-37.937500
cta_qa_0023,22,-37.937500
cta_qa_0023,23,-37.937500
cta_qa_0023,24,-37.937500
cta_qa_0023,25,-37.937500
cta_qa_0023,26,-37.937500
cta_qa_0023,27,-37.937500
cta_qa_0023,28,-37.937500
cta_qa_0023,29,-37.937500
cta_qa_0023,30,-37.937500
cta_qa_0023,31,-37.937500
cta_qa_0023,32,-37.937500
cta_qa_0023,33,-37.937500
cta_qa_0023,34,-37.937500
cta_qa_0023,35,-37.937500
cta_qa_0023,36,-37.937500
cta_qa_0023,37,-37.937500
cta_qa_0023,38,-37.937500
cta_qa_0023,39,-37.937500
cta_qa_0023,40,-37.937500
cta_qa_0023,41,-37.937500
cta_qa_0023,42,-37.937500
cta_qa_0023,43,-37.937500
cta_qa_0023,44,-37.937500
cta_qa_0023,45,-37.937500
cta_qa_0023,46,-37.937500
cta_qa_0023,47,-37.937500
cta_qa_0023,48,-37.937500
cta_qa_0023,49,-37.937500
cta_qa_0023,50,-37.937500
cta_qa_0023,51,-37.937500
cta_qa_0023,52,-37.937500
cta_qa_0023,53,-37.937500
cta_qa_0023,54,-37.937500
cta_qa_0023,55,-37.937500
cta_qa_0023,56,-37.937500
cta_qa_0023,57,-37.937500
cta_qa_0023,58,-37.937500
cta_qa_0023,59,-37.937500
cta_qa_0023,60,-37.937500
cta_qa_0023,61,-37.937500
cta_qa_0023,62,-37.937500
cta_qa_0023,63,-37.937500
cta_qa_0024,0,-36.937500
cta_qa_0024,1,-36.937500
cta_qa_0024,2,-36.937500
cta_qa_0024,3,-37.625000
cta_qa_0024,4,-37.625000
cta_qa_0024,5,-37.625000
cta_qa_0024,6,-37.625000
cta_qa_0024,7,-37.625000
cta_qa_0024,8,-37.625000
cta_qa_0024,9,-37.625000
cta_qa_0024,10,-37.625000
cta_qa_0024,11,-36.937500
cta_qa_0024,12,-36.937500
cta_qa_0024,13,-37.625000
cta_qa_0024,14,-37.625000
cta_qa_0024,15,-36.937500
cta_qa_0024,16,-37.625000
cta_qa_0024,17,-36.937500
cta_qa_0024,18,-37.625000
cta_qa_0024,19,-37.625000
cta_qa_0024,20,-36.937500
cta_qa_0024,21,-37.625000
cta_qa_0024,22,-37.625000
cta_qa_0024,23,-37.625000
cta_qa_0024,24,-37.250000
cta_qa_0024,25,-37.250000
cta_qa_0024,26,-37.250000
cta_qa_0024,27,-0.408953
cta_qa_0024,28,-37.625000
cta_qa_0024,29,-37.625000
cta_qa_0024,30,-37.625000
cta_qa_0024,31,-37.625000
cta_qa_0024,32,-37.625000
cta_qa_0024,33,-37.625000
cta_qa_0024,34,-36.937500
cta_qa_0024,35,-37.625000
cta_qa_0024,36,-36.937500
cta_qa_0024,37,-37.625000
cta_qa_0024,38,-37.625000
cta_qa_0024,39,-37.625000
cta_qa_0024,40,-0.380707
cta_qa_0024,41,-0.381935
cta_qa_0024,42,-37.437500
cta_qa_0024,43,-0.380707
cta_qa_0024,44,-37.625000
cta_qa_0024,45,-37.625000
cta_qa_0024,46,-37.625000
cta_qa_0024,47,-37.625000
cta_qa_0024,48,-38.187500
cta_qa_0024,49,-0.321416
cta_qa_0024,50,-0.321416
cta_qa_0024,51,-0.317540
cta_qa_0024,52,-36.937500
cta_qa_0024,53,-37.625000
cta_qa_0024,54,-37.625000
cta_qa_0024,55,-37.625000
cta_qa_0024,56,-36.937500
cta_qa_0024,57,-37.625000
cta_qa_0024,58,-37.625000
cta_qa_0024,59,-36.937500
cta_qa_0024,60,-36.937500
cta_qa_0024,61,-37.625000
cta_qa_0024,62,-37.625000
cta_qa_0024,63,-37.625000
cta_qa_0025,0,-36.250000
cta_qa_0025,1,-36.250000
cta_qa_0025,2,-36.250000
cta_qa_0025,3,-36.250000
cta_qa_0025,4,-36.250000
cta_qa_0025,5,-36.250000
cta_qa_0025,6,-36.250000
cta_qa_0025,7,-36.250000
cta_qa_0025,8,-36.250000
cta_qa_0025,9,-36.250000
cta_qa_0025,10,-36.250000
cta_qa_0025,11,-36.250000
cta_qa_0025,12,-36.250000
cta_qa_0025,13,-36.250000
cta_qa_0025,14,-36.250000
cta_qa_0025,15,-0.564905
cta_qa_0025,16,-36.250000
cta_qa_0025,17,-36.250000
cta_qa_0025,18,-36.250000
cta_qa_0025,19,-36.250000
cta_qa_0025,20,-36.250000
cta_qa_0025,21,-36.250000
cta_qa_0025,22,-36.250000
cta_qa_0025,23,-36.250000
cta_qa_0025,24,-36.250000
cta_qa_0025,25,-36.250000
cta_qa_0025,26,-36.250000
cta_qa_0025,27,-36.250000
cta_qa_0025,28,-0.377337
cta_qa_0025,29,-0.377337
cta_qa_0025,30,-37.000000
cta_qa_0025,31,-0.377337
cta_qa_0025,32,-36.250000
cta_qa_0025,33,-36.250000
cta_qa_0025,34,-36.250000
cta_qa_0025,35,-36.250000
cta_qa_0025,36,-37.000000
cta_qa_0025,37,-0.377337
cta_qa_0025,38,-0.377337
cta_qa_0025,39,-37.000000
cta_qa_0025,40,-36.250000
cta_qa_0025,41,-36.250000
cta_qa_0025,42,-36.250000
cta_qa_0025,43,-36.250000
cta_qa_0025,44,-36.250000
cta_qa_0025,45,-36.250000
cta_qa_0025,46,-36.250000
cta_qa_0025,47,-36.250000
cta_qa_0025,48,-36.250000
cta_qa_0025,49,-36.250000
cta_qa_0025,50,-0.564905
cta_qa_0025,51,-36.250000
cta_qa_0025,52,-36.250000
cta_qa_0025,53,-36.250000
cta_qa_0025,54,-36.250000
cta_qa_0025,55,-36.250000
cta_qa_0025,56,-0.377337
cta_qa_0025,57,-37.000000
cta_qa_0025,58,-0.377337
cta_qa_0025,59,-0.377337
cta_qa_0025,60,-36.250000
cta_qa_0025,61,-36.250000
cta_qa_0025,62,-0.564905
cta_qa_0025,63,-36.250000
cta_qa_0026,0,-37.312500
cta_qa_0026,1,-37.312500
cta_qa_0026,2,-37.312500
cta_qa_0026,3,-37.312500
cta_qa_0026,4,-37.125000
cta_qa_0026,5,-37.125000
cta_qa_0026,6,-37.125000
cta_qa_0026,7,-0.313131
cta_qa_0026,8,-37.312500
cta_qa_0026,9,-37.312500
cta_qa_0026,10,-37.312500
cta_qa_0026,11,-37.312500
cta_qa_0026,12,-37.312500
cta_qa_0026,13,-37.312500
cta_qa_0026,14,-37.312500
cta_qa_0026,15,-37.312500
cta_qa_0026,16,-37.125000
cta_qa_0026,17,-37.125000
cta_qa_0026,18,-37.125000
cta_qa_0026,19,-0.434519
cta_qa_0026,20,-37.312500
cta_qa_0026,21,-37.312500
cta_qa_0026,22,-37.312500
cta_qa_0026,23,-37.312500
cta_qa_0026,24,-37.125000
cta_qa_0026,25,-0.434519
cta_qa_0026,26,-37.125000
cta_qa_0026,27,-37.125000
cta_qa_0026,28,-37.312500
cta_qa_0026,29,-37.312500
cta_qa_0026,30,-37.312500
cta_qa_0026,31,-37.312500
cta_qa_0026,32,-37.312500
cta_qa_0026,33,-37.312500
cta_qa_0026,34,-37.312500
cta_qa_0026,35,-37.312500
cta_qa_0026,36,-37.312500
cta_qa_0026,37,-37.312500
cta_qa_0026,38,-37.312500
cta_qa_0026,39,-37.312500
cta_qa_0026,40,-37.312500
cta_qa_0026,41,-37.312500
cta_qa_0026,42,-37.312500
cta_qa_0026,43,-37.312500
cta_qa_0026,44,-37.312500
cta_qa_0026,45,-37.312500
cta_qa_0026,46,-37.312500
cta_qa_0026,47,-37.312500
cta_qa_0026,48,-37.312500
cta_qa_0026,49,-37.312500
cta_qa_0026,50,-37.312500
cta_qa_0026,51,-37.312500
cta_qa_0026,52,-37.312500
cta_qa_0026,53,-37.312500
cta_qa_0026,54,-37.312500
cta_qa_0026,55,-37.312500
cta_qa_0026,56,-37.125000
cta_qa_0026,57,-37.125000
cta_qa_0026,58,-37.125000
cta_qa_0026,59,-0.434519
cta_qa_0026,60,-37.312500
cta_qa_0026,61,-37.312500
cta_qa_0026,62,-37.312500
cta_qa_0026,63,-37.312500
cta_qa_0027,0,-38.375000
cta_qa_0027,1,-38.375000
cta_qa_0027,2,-38.375000
cta_qa_0027,3,-38.375000
cta_qa_0027,4,-38.375000
cta_qa_0027,5,-38.375000
cta_qa_0027,6,-38.375000
cta_qa_0027,7,-38.375000
cta_qa_0027,8,-38.375000
cta_qa_0027,9,-38.375000
cta_qa_0027,10,-38.375000
cta_qa_0027,11,-38.375000
cta_qa_0027,12,-38.375000
cta_qa_0027,13,-38.375000
cta_qa_0027,14,-38.375000
cta_qa_0027,15,-38.375000
cta_qa_0027,16,-38.375000
cta_qa_0027,17,-38.375000
cta_qa_0027,18,-38.375000
cta_qa_0027,19,-38.375000
cta_qa_0027,20,-38.375000
cta_qa_0027,21,-38.375000
cta_qa_0027,22,-38.375000
cta_qa_0027,23,-38.375000
cta_qa_0027,24,-38.375000
cta_qa_0027,25,-38.375000
cta_qa_0027,26,-38.375000
cta_qa_0027,27,-38.375000
cta_qa_0027,28,-38.375000
cta_qa_0027,29,-38.375000
cta_qa_0027,30,-38.375000
cta_qa_0027,31,-38.375000
cta_qa_0027,32,-38.375000
cta_qa_0027,33,-38.375000
cta_qa_0027,34,-38.375000
cta_qa_0027,35,-38.375000
cta_qa_0027,36,-38.375000
cta_qa_0027,37,-38.375000
cta_qa_0027,38,-38.375000
cta_qa_0027,39,-38.375000
cta_qa_0027,40,-38.375000
cta_qa_0027,41,-38.375000
cta_qa_0027,42,-38.375000
cta_qa_0027,43,-38.375000
cta_qa_0027,44,-38.375000
cta_qa_0027,45,-38.375000
cta_qa_0027,46,-38.375000
cta_qa_0027,47,-38.375000
cta_qa_0027,48,-38.312500
cta_qa_0027,49,-38.312500
cta_qa_0027,50,-38.312500
cta_qa_0027,51,-0.349979
cta_qa_0027,52,-38.375000
cta_qa_0027,53,-38.375000
cta_qa_0027,54,-38.375000
cta_qa_0027,55,-38.375000
cta_qa_0027,56,-0.283280
cta_qa_0027,57,-38.312500
cta_qa_0027,58,-38.312500
cta_qa_0027,59,-38.312500
cta_qa_0027,60,-38.375000
cta_qa_0027,61,-38.375000
cta_qa_0027,62,-38.375000
cta_qa_0027,63,-38.375000
cta_qa_0028,0,-37.812500
cta_qa_0028,1,-37.812500
cta_qa_0028,2,-37.812500
cta_qa_0028,3,-37.812500
cta_qa_0028,4,-37.812500
cta_qa_0028,5,-37.812500
cta_qa_0028,6,-37.812500
cta_qa_0028,7,-37.812500
cta_qa_0028,8,-37.812500
cta_qa_0028,9,-37.812500
cta_qa_0028,10,-37.812500
cta_qa_0028,11,-37.812500
cta_qa_0028,12,-37.812500
cta_qa_0028,13,-37.812500
cta_qa_0028,14,-37.812500
cta_qa_0028,15,-37.812500
cta_qa_0028,16,-37.625000
cta_qa_0028,17,-0.343560
cta_qa_0028,18,-37.625000
cta_qa_0028,19,-37.625000
cta_qa_0028,20,-37.812500
cta_qa_0028,21,-37.812500
cta_qa_0028,22,-37.812500
cta_qa_0028,23,-37.812500
cta_qa_0028,24,-37.812500
cta_qa_0028,25,-37.812500
cta_qa_0028,26,-37.812500
cta_qa_0028,27,-37.812500
cta_qa_0028,28,-37.625000
cta_qa_0028,29,-37.625000
cta_qa_0028,30,-37.625000
cta_qa_0028,31,-0.343560
cta_qa_0028,32,-37.812500
cta_qa_0028,33,-37.812500
cta_qa_0028,34,-37.812500
cta_qa_0028,35,-37.812500
cta_qa_0028,36,-37.812500
cta_qa_0028,37,-37.812500
cta_qa_0028,38,-37.812500
cta_qa_0028,39,-37.812500
cta_qa_0028,40,-37.812500
cta_qa_0028,41,-37.812500
cta_qa_0028,42,-37.812500
cta_qa_0028,43,-37.812500
cta_qa_0028,44,-37.812500
cta_qa_0028,45,-37.812500
cta_qa_0028,46,-37.812500
cta_qa_0028,47,-37.812500
cta_qa_0028,48,-37.812500
cta_qa_0028,49,-37.812500
cta_qa_0028,50,-37.812500
cta_qa_0028,51,-37.812500
cta_qa_0028,52,-37.812500
cta_qa_0028,53,-37.812500
cta_qa_0028,54,-37.812500
cta_qa_0028,55,-37.812500
cta_qa_0028,56,-37.625000
cta_qa_0028,57,-37.625000
cta_qa_0028,58,-37.625000
cta_qa_0028,59,-0.343560
cta_qa_0028,60,-37.812500
cta_qa_0028,61,-37.812500
cta_qa_0028,62,-37.812500
cta_qa_0028,63,-37.812500
cta_qa_0029,0,-36.250000
cta_qa_0029,1,-36.250000
cta_qa_0029,2,-36.250000
cta_qa_0029,3,-36.250000
cta_qa_0029,4,-36.250000
cta_qa_0029,5,-36.250000
cta_qa_0029,6,-36.250000
cta_qa_0029,7,-36.250000
cta_qa_0029,8,-36.250000
cta_qa_0029,9,-36.250000
cta_qa_0029,10,-36.250000
cta_qa_0029,11,-36.250000
cta_qa_0029,12,-36.250000
cta_qa_0029,13,-36.250000
cta_qa_0029,14,-36.250000
cta_qa_0029,15,-36.250000
cta_qa_0029,16,-36.250000
cta_qa_0029,17,-36.250000
cta_qa_0029,18,-36.250000
cta_qa_0029,19,-36.250000
cta_qa_0029,20,-36.250000
cta_qa_0029,21,-36.250000
cta_qa_0029,22,-36.250000
cta_qa_0029,23,-36.250000
cta_qa_0029,24,-36.250000
cta_qa_0029,25,-36.250000
cta_qa_0029,26,-36.250000
cta_qa_0029,27,-36.250000
cta_qa_0029,28,-36.250000
cta_qa_0029,29,-36.250000
cta_qa_0029,30,-36.250000
cta_qa_0029,31,-36.250000
cta_qa_0029,32,-36.250000
cta_qa_0029,33,-36.250000
cta_qa_0029,34,-36.250000
cta_qa_0029,35,-36.250000
cta_qa_0029,36,-36.250000
cta_qa_0029,37,-36.250000
cta_qa_0029,38,-0.373515
cta_qa_0029,39,-36.250000
cta_qa_0029,40,-36.250000
cta_qa_0029,41,-36.250000
cta_qa_0029,42,-36.250000
cta_qa_0029,43,-36.250000
cta_qa_0029,44,-36.250000
cta_qa_0029,45,-36.250000
cta_qa_0029,46,-36.250000
cta_qa_0029,47,-36.250000
cta_qa_0029,48,-36.250000
cta_qa_0029,49,-36.250000
cta_qa_0029,50,-36.250000
cta_qa_0029,51,-36.250000
cta_qa_0029,52,-36.250000
cta_qa_0029,53,-36.250000
cta_qa_0029,54,-36.250000
cta_qa_0029,55,-36.250000
cta_qa_0029,56,-36.250000
cta_qa_0029,57,-36.250000
cta_qa_0029,58,-36.250000
cta_qa_0029,59,-36.250000
cta_qa_0029,60,-36.250000
cta_qa_0029,61,-36.250000
cta_qa_0029,62,-36.250000
cta_qa_0029,63,-36.250000
cta_qa_0030,0,-37.750000
cta_qa_0030,1,-37.750000
cta_qa_0030,2,-37.750000
cta_qa_0030,3,-37.750000
cta_qa_0030,4,-37.750000
cta_qa_0030,5,-37.750000
cta_qa_0030,6,-37.750000
cta_qa_0030,7,-37.750000
cta_qa_0030,8,-37.750000
cta_qa_0030,9,-37.750000
cta_qa_0030,10,-37.750000
cta_qa_0030,11,-37.750000
cta_qa_0030,12,-37.750000
cta_qa_0030,13,-37.750000
cta_qa_0030,14,-37.750000
cta_qa_0030,15,-37.750000
cta_qa_0030,16,-37.750000
cta_qa_0030,17,-37.750000
cta_qa_0030,18,-37.750000
cta_qa_0030,19,-37.750000
cta_qa_0030,20,-37.750000
cta_qa_0030,21,-37.750000
cta_qa_0030,22,-37.750000
cta_qa_0030,23,-37.750000
cta_qa_0030,24,-37.750000
cta_qa_0030,25,-37.750000
cta_qa_0030,26,-37.750000
cta_qa_0030,27,-37.750000
cta_qa_0030,28,-37.687500
cta_qa_0030,29,-37.687500
cta_qa_0030,30,-0.315803
cta_qa_0030,31,-37.687500
cta_qa_0030,32,-37.750000
cta_qa_0030,33,-37.750000
cta_qa_0030,34,-37.750000
cta_qa_0030,35,-37.750000
cta_qa_0030,36,-37.750000
cta_qa_0030,37,-37.750000
cta_qa_0030,38,-37.750000
cta_qa_0030,39,-37.750000
cta_qa_0030,40,-37.750000
cta_qa_0030,41,-37.750000
cta_qa_0030,42,-37.750000
cta_qa_0030,43,-37.750000
cta_qa_0030,44,-37.750000
cta_qa_0030,45,-37.750000
cta_qa_0030,46,-37.750000
cta_qa_0030,47,-37.750000
cta_qa_0030,48,-37.750000
cta_qa_0030,49,-37.750000
cta_qa_0030,50,-37.750000
cta_qa_0030,51,-37.750000
cta_qa_0030,52,-0.315803
cta_qa_0030,53,-37.687500
cta_qa_0030,54,-37.687500
cta_qa_0030,55,-0.315803
cta_qa_0030,56,-37.687500
cta_qa_0030,57,-0.347766
cta_qa_0030,58,-37.687500
cta_qa_0030,59,-37.687500
cta_qa_0030,60,-0.357042
cta_qa_0030,61,-36.500000
cta_qa_0030,62,-0.357042
cta_qa_0030,63,-0.357042
cta_qa_0031,0,-37.625000
cta_qa_0031,1,-0.260253
cta_qa_0031,2,-37.625000
cta_qa_0031,3,-37.625000
cta_qa_0031,4,-0.356872
cta_qa_0031,5,-0.381213
cta_qa_0031,6,-0.356872
cta_qa_0031,7,-36.375000
cta_qa_0031,8,-37.625000
cta_qa_0031,9,-37.625000
cta_qa_0031,10,-37.625000
cta_qa_0031,11,-0.265332
cta_qa_0031,12,-38.000000
cta_qa_0031,13,-38.000000
cta_qa_0031,14,-38.000000
cta_qa_0031,15,-38.000000
cta_qa_0031,16,-0.410649
cta_qa_0031,17,-0.410649
cta_qa_0031,18,-0.410649
cta_qa_0031,19,-37.625000
cta_qa_0031,20,-37.625000
cta_qa_0031,21,-37.625000
cta_qa_0031,22,-37.625000
cta_qa_0031,23,-0.260253
cta_qa_0031,24,-37.687500
cta_qa_0031,25,-0.356872
cta_qa_0031,26,-0.356872
cta_qa_0031,27,-0.356872
cta_qa_0031,28,-0.322940
cta_qa_0031,29,-0.438692
cta_qa_0031,30,-0.438692
cta_qa_0031,31,-36.625000
cta_qa_0031,32,-37.625000
cta_qa_0031,33,-0.410649
cta_qa_0031,34,-0.326042
cta_qa_0031,35,-0.410649
cta_qa_0031,36,-37.625000
cta_qa_0031,37,-37.625000
cta_qa_0031,38,-0.265332
cta_qa_0031,39,-37.625000
cta_qa_0031,40,-38.000000
cta_qa_0031,41,-38.000000
cta_qa_0031,42,-38.000000
cta_qa_0031,43,-38.000000
cta_qa_0031,44,-38.000000
cta_qa_0031,45,-38.000000
cta_qa_0031,46,-38.000000
cta_qa_0031,47,-38.000000
cta_qa_0031,48,-37.625000
cta_qa_0031,49,-37.625000
cta_qa_0031,50,-37.625000
cta_qa_0031,51,-0.410649
cta_qa_0031,52,-0.410649
cta_qa_0031,53,-0.265332
cta_qa_0031,54,-0.326042
cta_qa_0031,55,-37.625000
cta_qa_0031,56,-0.356872
cta_qa_0031,57,-0.356872
cta_qa_0031,58,-0.356872
cta_qa_0031,59,-37.375000
cta_qa_0031,60,-37.625000
cta_qa_0031,61,-0.410649
cta_qa_0031,62,-37.625000
cta_qa_0031,63,-0.410649
cta_qa_0032,0,-0.441875
cta_qa_0032,1,-0.476295
cta_qa_0032,2,-0.441875
cta_qa_0032,3,-35.000000
cta_qa_0032,4,-0.382676
cta_qa_0032,5,-0.437289
cta_qa_0032,6,-0.437289
cta_qa_0032,7,-36.250000
cta_qa_0032,8,-0.448843
cta_qa_0032,9,-0.353727
cta_qa_0032,10,-0.469900
cta_qa_0032,11,-37.250000
cta_qa_0032,12,-0.322087
cta_qa_0032,13,-33.625000
cta_qa_0032,14,-0.321675
cta_qa_0032,15,-0.322370
cta_qa_0032,16,-0.416248
cta_qa_0032,17,-33.000000
cta_qa_0032,18,-0.416248
cta_qa_0032,19,-0.416248
cta_qa_0032,20,-37.250000
cta_qa_0032,21,-0.353727
cta_qa_0032,22,-37.250000
cta_qa_0032,23,-0.316171
cta_qa_0032,24,-0.293104
cta_qa_0032,25,-0.260905
cta_qa_0032,26,-37.375000
cta_qa_0032,27,-0.290426
cta_qa_0032,28,-0.321144
cta_qa_0032,29,-0.353727
cta_qa_0032,30,-0.324009
cta_qa_0032,31,-37.250000
cta_qa_0032,32,-38.250000
cta_qa_0032,33,-0.350283
cta_qa_0032,34,-0.406048
cta_qa_0032,35,-0.406048
cta_qa_0032,36,-0.347569
cta_qa_0032,37,-0.347569
cta_qa_0032,38,-37.187500
cta_qa_0032,39,-37.187500
cta_qa_0032,40,-0.406048
cta_qa_0032,41,-0.350283
cta_qa_0032,42,-0.290370
cta_qa_0032,43,-36.000000
cta_qa_0032,44,-33.000000
cta_qa_0032,45,-0.260905
cta_qa_0032,46,-0.374788
cta_qa_0032,47,-0.260905
cta_qa_0032,48,-0.263931
cta_qa_0032,49,-0.322643
cta_qa_0032,50,-17.500000
cta_qa_0032,51,-0.293104
cta_qa_0032,52,-0.288363
cta_qa_0032,53,-28.375000
cta_qa_0032,54,-0.384314
cta_qa_0032,55,-0.324354
cta_qa_0032,56,-0.420377
cta_qa_0032,57,-0.383989
cta_qa_0032,58,-32.500000
cta_qa_0032,59,-0.385915
cta_qa_0032,60,-37.250000
cta_qa_0032,61,-0.353727
cta_qa_0032,62,-0.352526
cta_qa_0032,63,-0.382421
cta_qa_0033,0,-36.437500
cta_qa_0033,1,-0.323879
cta_qa_0033,2,-0.324727
cta_qa_0033,3,-0.323879
cta_qa_0033,4,-37.250000
cta_qa_0033,5,-37.250000
cta_qa_0033,6,-37.250000
cta_qa_0033,7,-37.250000
cta_qa_0033,8,-0.372160
cta_qa_0033,9,-0.323879
cta_qa_0033,10,-36.437500
cta_qa_0033,11,-36.437500
cta_qa_0033,12,-38.562500
cta_qa_0033,13,-0.290986
cta_qa_0033,14,-0.323700
cta_qa_0033,15,-0.323700
cta_qa_0033,16,-36.437500
cta_qa_0033,17,-36.437500
cta_qa_0033,18,-36.437500
cta_qa_0033,19,-0.323879
cta_qa_0033,20,-0.383799
cta_qa_0033,21,-0.323879
cta_qa_0033,22,-36.437500
cta_qa_0033,23,-0.323879
cta_qa_0033,24,-0.323685
cta_qa_0033,25,-37.187500
cta_qa_0033,26,-37.187500
cta_qa_0033,27,-0.321274
cta_qa_0033,28,-37.812500
cta_qa_0033,29,-0.349636
cta_qa_0033,30,-0.350266
cta_qa_0033,31,-0.383928
cta_qa_0033,32,-37.812500
cta_qa_0033,33,-0.353620
cta_qa_0033,34,-0.349636
cta_qa_0033,35,-0.350266
cta_qa_0033,36,-36.437500
cta_qa_0033,37,-0.356682
cta_qa_0033,38,-0.323879
cta_qa_0033,39,-0.379921
cta_qa_0033,40,-0.382561
cta_qa_0033,41,-0.323879
cta_qa_0033,42,-36.437500
cta_qa_0033,43,-0.353914
cta_qa_0033,44,-0.323879
cta_qa_0033,45,-0.323879
cta_qa_0033,46,-0.323879
cta_qa_0033,47,-36.437500
cta_qa_0033,48,-0.372160
cta_qa_0033,49,-36.437500
cta_qa_0033,50,-0.323879
cta_qa_0033,51,-0.323879
cta_qa_0033,52,-37.187500
cta_qa_0033,53,-0.323357
cta_qa_0033,54,-37.187500
cta_qa_0033,55,-37.187500
cta_qa_0033,56,-36.437500
cta_qa_0033,57,-0.379921
cta_qa_0033,58,-36.437500
cta_qa_0033,59,-0.354201
cta_qa_0033,60,-36.437500
cta_qa_0033,61,-0.356682
cta_qa_0033,62,-0.356682
cta_qa_0033,63,-0.323879
cta_qa_0034,0,-0.322501
cta_qa_0034,1,-38.875000
cta_qa_0034,2,-0.439993
cta_qa_0034,3,-0.320173
cta_qa_0034,4,-0.323220
cta_qa_0034,5,-0.349645
cta_qa_0034,6,-0.322591
cta_qa_0034,7,-38.125000
cta_qa_0034,8,-0.349645
cta_qa_0034,9,-0.349645
cta_qa_0034,10,-0.349645
cta_qa_0034,11,-38.125000
cta_qa_0034,12,-38.125000
cta_qa_0034,13,-0.349645
cta_qa_0034,14,-38.125000
cta_qa_0034,15,-38.125000
cta_qa_0034,16,-37.312500
cta_qa_0034,17,-37.687500
cta_qa_0034,18,-37.312500
cta_qa_0034,19,-37.312500
cta_qa_0034,20,-0.411529
cta_qa_0034,21,-38.125000
cta_qa_0034,22,-38.125000
cta_qa_0034,23,-0.349645
cta_qa_0034,24,-38.125000
cta_qa_0034,25,-0.411529
cta_qa_0034,26,-0.291369
cta_qa_0034,27,-0.349645
cta_qa_0034,28,-38.125000
cta_qa_0034,29,-38.125000
cta_qa_0034,30,-38.250000
cta_qa_0034,31,-0.349645
cta_qa_0034,32,-37.937500
cta_qa_0034,33,-0.292952
cta_qa_0034,34,-0.292952
cta_qa_0034,35,-0.292952
cta_qa_0034,36,-0.411529
cta_qa_0034,37,-0.349645
cta_qa_0034,38,-38.125000
cta_qa_0034,39,-0.349645
cta_qa_0034,40,-0.384872
cta_qa_0034,41,-37.375000
cta_qa_0034,42,-37.375000
cta_qa_0034,43,-37.500000
cta_qa_0034,44,-0.326798
cta_qa_0034,45,-36.812500
cta_qa_0034,46,-0.346783
cta_qa_0034,47,-0.346783
cta_qa_0034,48,-0.356328
cta_qa_0034,49,-38.125000
cta_qa_0034,50,-0.388363
cta_qa_0034,51,-0.356328
cta_qa_0034,52,-0.410085
cta_qa_0034,53,-37.375000
cta_qa_0034,54,-0.282678
cta_qa_0034,55,-37.375000
cta_qa_0034,56,-0.349645
cta_qa_0034,57,-0.349645
cta_qa_0034,58,-38.125000
cta_qa_0034,59,-0.349645
cta_qa_0034,60,-37.312500
cta_qa_0034,61,-37.312500
cta_qa_0034,62,-37.312500
cta_qa_0034,63,-37.312500
cta_qa_0035,0,-0.386690
cta_qa_0035,1,-37.562500
cta_qa_0035,2,-37.562500
cta_qa_0035,3,-0.413692
cta_qa_0035,4,-0.343571
cta_qa_0035,5,-36.125000
cta_qa_0035,6,-36.125000
cta_qa_0035,7,-0.343571
cta_qa_0035,8,-0.322359
cta_qa_0035,9,-0.322359
cta_qa_0035,10,-0.322359
cta_qa_0035,11,-37.562500
cta_qa_0035,12,-0.314739
cta_qa_0035,13,-0.347545
cta_qa_0035,14,-0.347545
cta_qa_0035,15,-35.875000
cta_qa_0035,16,-0.348710
cta_qa_0035,17,-0.439640
cta_qa_0035,18,-0.381213
cta_qa_0035,19,-36.250000
cta_qa_0035,20,-36.125000
cta_qa_0035,21,-0.463211
cta_qa_0035,22,-0.408383
cta_qa_0035,23,-0.378241
cta_qa_0035,24,-0.411435
cta_qa_0035,25,-0.353195
cta_qa_0035,26,-33.000000
cta_qa_0035,27,-0.350493
cta_qa_0035,28,-0.383532
cta_qa_0035,29,-0.384451
cta_qa_0035,30,-0.384451
cta_qa_0035,31,-37.562500
cta_qa_0035,32,-0.314739
cta_qa_0035,33,-0.379685
cta_qa_0035,34,-0.314739
cta_qa_0035,35,-35.875000
cta_qa_0035,36,-37.562500
cta_qa_0035,37,-0.384451
cta_qa_0035,38,-0.322359
cta_qa_0035,39,-0.322359
cta_qa_0035,40,-0.386690
cta_qa_0035,41,-0.381747
cta_qa_0035,42,-0.322359
cta_qa_0035,43,-37.562500
cta_qa_0035,44,-0.384451
cta_qa_0035,45,-0.384451
cta_qa_0035,46,-37.562500
cta_qa_0035,47,-0.384451
cta_qa_0035,48,-36.125000
cta_qa_0035,49,-0.349275
cta_qa_0035,50,-36.125000
cta_qa_0035,51,-36.125000
cta_qa_0035,52,-0.498528
cta_qa_0035,53,-35.875000
cta_qa_0035,54,-0.314739
cta_qa_0035,55,-35.875000
cta_qa_0035,56,-0.383777
cta_qa_0035,57,-0.381383
cta_qa_0035,58,-0.410047
cta_qa_0035,59,-36.875000
cta_qa_0035,60,-0.412374
cta_qa_0035,61,-0.386690
cta_qa_0035,62,-0.414525
cta_qa_0035,63,-37.562500
cta_qa_0036,0,-0.373208
cta_qa_0036,1,-0.403612
cta_qa_0036,2,-0.496164
cta_qa_0036,3,-37.750000
cta_qa_0036,4,-37.562500
cta_qa_0036,5,-0.374023
cta_qa_0036,6,-0.373238
cta_qa_0036,7,-0.402804
cta_qa_0036,8,-37.562500
cta_qa_0036,9,-0.373235
cta_qa_0036,10,-0.375811
cta_qa_0036,11,-0.374023
cta_qa_0036,12,-0.375811
cta_qa_0036,13,-37.562500
cta_qa_0036,14,-0.374023
cta_qa_0036,15,-37.562500
cta_qa_0036,16,-37.562500
cta_qa_0036,17,-37.562500
cta_qa_0036,18,-37.562500
cta_qa_0036,19,-0.436338
cta_qa_0036,20,-0.464701
cta_qa_0036,21,-0.374023
cta_qa_0036,22,-0.374023
cta_qa_0036,23,-37.562500
cta_qa_0036,24,-37.500000
cta_qa_0036,25,-37.500000
cta_qa_0036,26,-37.500000
cta_qa_0036,27,-37.500000
cta_qa_0036,28,-0.374023
cta_qa_0036,29,-37.562500
cta_qa_0036,30,-37.937500
cta_qa_0036,31,-0.374023
cta_qa_0036,32,-0.374023
cta_qa_0036,33,-0.374023
cta_qa_0036,34,-37.562500
cta_qa_0036,35,-0.464701
cta_qa_0036,36,-0.374023
cta_qa_0036,37,-0.374023
cta_qa_0036,38,-37.562500
cta_qa_0036,39,-37.562500
cta_qa_0036,40,-37.562500
cta_qa_0036,41,-37.937500
cta_qa_0036,42,-0.374023
cta_qa_0036,43,-0.374023
cta_qa_0036,44,-37.500000
cta_qa_0036,45,-38.062500
cta_qa_0036,46,-37.500000
cta_qa_0036,47,-37.500000
cta_qa_0036,48,-37.562500
cta_qa_0036,49,-0.375811
cta_qa_0036,50,-37.562500
cta_qa_0036,51,-37.562500
cta_qa_0036,52,-0.373208
cta_qa_0036,53,-38.375000
cta_qa_0036,54,-37.750000
cta_qa_0036,55,-37.750000
cta_qa_0036,56,-37.562500
cta_qa_0036,57,-0.374023
cta_qa_0036,58,-0.374023
cta_qa_0036,59,-0.464701
cta_qa_0036,60,-0.374023
cta_qa_0036,61,-0.374023
cta_qa_0036,62,-37.562500
cta_qa_0036,63,-37.562500
cta_qa_0037,0,-36.500000
cta_qa_0037,1,-36.500000
cta_qa_0037,2,-36.500000
cta_qa_0037,3,-36.500000
cta_qa_0037,4,-36.500000
cta_qa_0037,5,-36.500000
cta_qa_0037,6,-36.500000
cta_qa_0037,7,-36.500000
cta_qa_0037,8,-36.375000
cta_qa_0037,9,-36.375000
cta_qa_0037,10,-0.346803
cta_qa_0037,11,-36.375000
cta_qa_0037,12,-36.375000
cta_qa_0037,13,-0.346803
cta_qa_0037,14,-36.375000
cta_qa_0037,15,-36.375000
cta_qa_0037,16,-0.313243
cta_qa_0037,17,-0.313243
cta_qa_0037,18,-36.875000
cta_qa_0037,19,-0.313243
cta_qa_0037,20,-36.500000
cta_qa_0037,21,-36.500000
cta_qa_0037,22,-36.500000
cta_qa_0037,23,-36.500000
cta_qa_0037,24,-36.500000
cta_qa_0037,25,-36.500000
cta_qa_0037,26,-36.500000
cta_qa_0037,27,-36.500000
cta_qa_0037,28,-0.313243
cta_qa_0037,29,-0.313243
cta_qa_0037,30,-36.875000
cta_qa_0037,31,-0.313243
cta_qa_0037,32,-36.500000
cta_qa_0037,33,-36.500000
cta_qa_0037,34,-36.500000
cta_qa_0037,35,-36.500000
cta_qa_0037,36,-36.500000
cta_qa_0037,37,-36.500000
cta_qa_0037,38,-36.500000
cta_qa_0037,39,-36.500000
cta_qa_0037,40,-36.500000
cta_qa_0037,41,-36.500000
cta_qa_0037,42,-36.500000
cta_qa_0037,43,-36.500000
cta_qa_0037,44,-36.375000
cta_qa_0037,45,-0.346800
cta_qa_0037,46,-36.375000
cta_qa_0037,47,-0.346800
cta_qa_0037,48,-0.407430
cta_qa_0037,49,-37.312500
cta_qa_0037,50,-0.407430
cta_qa_0037,51,-0.407430
cta_qa_0037,52,-36.500000
cta_qa_0037,53,-36.500000
cta_qa_0037,54,-36.500000
cta_qa_0037,55,-36.500000
cta_qa_0037,56,-0.346800
cta_qa_0037,57,-36.375000
cta_qa_0037,58,-36.375000
cta_qa_0037,59,-36.375000
cta_qa_0037,60,-36.500000
cta_qa_0037,61,-36.000000
cta_qa_0037,62,-36.500000
cta_qa_0037,63,-37.312500
cta_qa_0038,0,-37.562500
cta_qa_0038,1,-37.562500
cta_qa_0038,2,-0.364423
cta_qa_0038,3,-0.280137
cta_qa_0038,4,-37.250000
cta_qa_0038,5,-37.250000
cta_qa_0038,6,-37.250000
cta_qa_0038,7,-37.250000
cta_qa_0038,8,-37.562500
cta_qa_0038,9,-0.280137
cta_qa_0038,10,-0.280137
cta_qa_0038,11,-0.280137
cta_qa_0038,12,-0.469755
cta_qa_0038,13,-0.378510
cta_qa_0038,14,-0.469755
cta_qa_0038,15,-37.625000
cta_qa_0038,16,-0.469755
cta_qa_0038,17,-37.625000
cta_qa_0038,18,-0.469755
cta_qa_0038,19,-0.469755
cta_qa_0038,20,-36.875000
cta_qa_0038,21,-0.346231
cta_qa_0038,22,-0.347321
cta_qa_0038,23,-0.346231
cta_qa_0038,24,-0.280137
cta_qa_0038,25,-37.562500
cta_qa_0038,26,-37.562500
cta_qa_0038,27,-37.562500
cta_qa_0038,28,-37.625000
cta_qa_0038,29,-0.469755
cta_qa_0038,30,-0.469755
cta_qa_0038,31,-0.469755
cta_qa_0038,32,-0.441484
cta_qa_0038,33,-0.441484
cta_qa_0038,34,-0.441484
cta_qa_0038,35,-35.625000
cta_qa_0038,36,-0.469755
cta_qa_0038,37,-37.625000
cta_qa_0038,38,-0.412165
cta_qa_0038,39,-0.469755
cta_qa_0038,40,-0.280137
cta_qa_0038,41,-37.562500
cta_qa_0038,42,-37.562500
cta_qa_0038,43,-37.562500
cta_qa_0038,44,-0.469755
cta_qa_0038,45,-0.469755
cta_qa_0038,46,-37.625000
cta_qa_0038,47,-0.469755
cta_qa_0038,48,-37.250000
cta_qa_0038,49,-37.250000
cta_qa_0038,50,-37.250000
cta_qa_0038,51,-37.250000
cta_qa_0038,52,-0.412165
cta_qa_0038,53,-0.469755
cta_qa_0038,54,-37.625000
cta_qa_0038,55,-0.469755
cta_qa_0038,56,-37.250000
cta_qa_0038,57,-37.250000
cta_qa_0038,58,-37.250000
cta_qa_0038,59,-37.250000
cta_qa_0038,60,-37.250000
cta_qa_0038,61,-37.250000
cta_qa_0038,62,-37.250000
cta_qa_0038,63,-37.250000
cta_qa_0039,0,-38.062500
cta_qa_0039,1,-37.687500
cta_qa_0039,2,-37.687500
cta_qa_0039,3,-37.687500
cta_qa_0039,4,-37.687500
cta_qa_0039,5,-37.687500
cta_qa_0039,6,-37.687500
cta_qa_0039,7,-37.687500
cta_qa_0039,8,-37.875000
cta_qa_0039,9,-0.406028
cta_qa_0039,10,-37.875000
cta_qa_0039,11,-0.406028
cta_qa_0039,12,-37.500000
cta_qa_0039,13,-0.373245
cta_qa_0039,14,-0.313105
cta_qa_0039,15,-0.313105
cta_qa_0039,16,-38.062500
cta_qa_0039,17,-37.687500
cta_qa_0039,18,-37.687500
cta_qa_0039,19,-37.687500
cta_qa_0039,20,-37.687500
cta_qa_0039,21,-37.687500
cta_qa_0039,22,-37.687500
cta_qa_0039,23,-37.687500
cta_qa_0039,24,-0.406028
cta_qa_0039,25,-37.875000
cta_qa_0039,26,-0.406028
cta_qa_0039,27,-37.875000
cta_qa_0039,28,-37.875000
cta_qa_0039,29,-37.875000
cta_qa_0039,30,-0.406028
cta_qa_0039,31,-37.875000
cta_qa_0039,32,-37.687500
cta_qa_0039,33,-37.687500
cta_qa_0039,34,-37.687500
cta_qa_0039,35,-37.687500
cta_qa_0039,36,-37.875000
cta_qa_0039,37,-0.406028
cta_qa_0039,38,-37.875000
cta_qa_0039,39,-37.875000
cta_qa_0039,40,-37.875000
cta_qa_0039,41,-0.406028
cta_qa_0039,42,-37.875000
cta_qa_0039,43,-37.875000
cta_qa_0039,44,-0.406028
cta_qa_0039,45,-37.875000
cta_qa_0039,46,-0.435008
cta_qa_0039,47,-0.406028
cta_qa_0039,48,-37.500000
cta_qa_0039,49,-0.499785
cta_qa_0039,50,-0.380857
cta_qa_0039,51,-36.812500
cta_qa_0039,52,-37.875000
cta_qa_0039,53,-0.406028
cta_qa_0039,54,-0.406028
cta_qa_0039,55,-38.000000
cta_qa_0039,56,-37.875000
cta_qa_0039,57,-37.875000
cta_qa_0039,58,-0.406028
cta_qa_0039,59,-37.875000
cta_qa_0039,60,-0.406028
cta_qa_0039,61,-37.875000
cta_qa_0039,62,-0.406028
cta_qa_0039,63,-0.406028
cta_qa_0040,0,-0.438766
cta_qa_0040,1,-37.812500
cta_qa_0040,2,-0.438766
cta_qa_0040,3,-35.875000
cta_qa_0040,4,-0.407247
cta_qa_0040,5,-0.373484
cta_qa_0040,6,-0.378930
cta_qa_0040,7,-34.250000
cta_qa_0040,8,-0.407344
cta_qa_0040,9,-37.562500
cta_qa_0040,10,-0.407344
cta_qa_0040,11,-36.875000
cta_qa_0040,12,-23.250000
cta_qa_0040,13,-0.228326
cta_qa_0040,14,-0.283800
cta_qa_0040,15,-0.289626
cta_qa_0040,16,-31.875000
cta_qa_0040,17,-0.408688
cta_qa_0040,18,-0.222105
cta_qa_0040,19,-0.407564
cta_qa_0040,20,-0.379026
cta_qa_0040,21,-0.445745
cta_qa_0040,22,-36.437500
cta_qa_0040,23,-0.377592
cta_qa_0040,24,-0.441374
cta_qa_0040,25,-0.407222
cta_qa_0040,26,-0.472342
cta_qa_0040,27,-10.499995
cta_qa_0040,28,-0.256669
cta_qa_0040,29,-0.291098
cta_qa_0040,30,-36.750000
cta_qa_0040,31,-0.320498
cta_qa_0040,32,-35.375000
cta_qa_0040,33,-0.494073
cta_qa_0040,34,-0.255126
cta_qa_0040,35,-0.494073
cta_qa_0040,36,-0.407344
cta_qa_0040,37,-0.407344
cta_qa_0040,38,-0.407344
cta_qa_0040,39,-37.250000
cta_qa_0040,40,-36.875000
cta_qa_0040,41,-0.407344
cta_qa_0040,42,-0.407344
cta_qa_0040,43,-0.407344
cta_qa_0040,44,-0.407220
cta_qa_0040,45,-0.404840
cta_qa_0040,46,-0.442051
cta_qa_0040,47,-36.750000
cta_qa_0040,48,-0.438766
cta_qa_0040,49,-37.812500
cta_qa_0040,50,-0.438766
cta_qa_0040,51,-0.438766
cta_qa_0040,52,-0.494073
cta_qa_0040,53,-0.340590
cta_qa_0040,54,-35.375000
cta_qa_0040,55,-0.317774
cta_qa_0040,56,-0.380517
cta_qa_0040,57,-0.377618
cta_qa_0040,58,-0.403164
cta_qa_0040,59,-34.500000
cta_qa_0040,60,-0.379026
cta_qa_0040,61,-0.435778
cta_qa_0040,62,-35.375000
cta_qa_0040,63,-0.413905
cta_qa_0041,0,-0.321541
cta_qa_0041,1,-0.321541
cta_qa_0041,2,-0.374801
cta_qa_0041,3,-37.312500
cta_qa_0041,4,-0.321541
cta_qa_0041,5,-0.351766
cta_qa_0041,6,-0.321541
cta_qa_0041,7,-37.312500
cta_qa_0041,8,-0.344454
cta_qa_0041,9,-36.625000
cta_qa_0041,10,-0.283711
cta_qa_0041,11,-0.283711
cta_qa_0041,12,-0.344454
cta_qa_0041,13,-0.283711
cta_qa_0041,14,-0.320414
cta_qa_0041,15,-36.625000
cta_qa_0041,16,-0.292643
cta_qa_0041,17,-0.261887
cta_qa_0041,18,-30.250000
cta_qa_0041,19,-0.264297
cta_qa_0041,20,-0.471498
cta_qa_0041,21,-36.562500
cta_qa_0041,22,-36.562500
cta_qa_0041,23,-36.562500
cta_qa_0041,24,-0.354827
cta_qa_0041,25,-0.352370
cta_qa_0041,26,-33.250000
cta_qa_0041,27,-0.385166
cta_qa_0041,28,-37.375000
cta_qa_0041,29,-0.352502
cta_qa_0041,30,-0.322808
cta_qa_0041,31,-0.353356
cta_qa_0041,32,-36.625000
cta_qa_0041,33,-0.321699
cta_qa_0041,34,-0.283711
cta_qa_0041,35,-0.283711
cta_qa_0041,36,-36.562500
cta_qa_0041,37,-36.562500
cta_qa_0041,38,-36.562500
cta_qa_0041,39,-0.471498
cta_qa_0041,40,-0.384732
cta_qa_0041,41,-0.350285
cta_qa_0041,42,-0.384732
cta_qa_0041,43,-36.562500
cta_qa_0041,44,-0.321541
cta_qa_0041,45,-37.312500
cta_qa_0041,46,-37.312500
cta_qa_0041,47,-0.315712
cta_qa_0041,48,-0.316463
cta_qa_0041,49,-0.325817
cta_qa_0041,50,-37.312500
cta_qa_0041,51,-0.321541
cta_qa_0041,52,-0.260763
cta_qa_0041,53,-0.289520
cta_qa_0041,54,-0.321541
cta_qa_0041,55,-37.312500
cta_qa_0041,56,-35.250000
cta_qa_0041,57,-0.318016
cta_qa_0041,58,-0.352003
cta_qa_0041,59,-0.350854
cta_qa_0041,60,-0.321541
cta_qa_0041,61,-37.312500
cta_qa_0041,62,-0.321541
cta_qa_0041,63,-0.321541
cta_qa_0042,0,-37.875000
cta_qa_0042,1,-0.465825
cta_qa_0042,2,-0.377333
cta_qa_0042,3,-37.875000
cta_qa_0042,4,-0.465740
cta_qa_0042,5,-37.062500
cta_qa_0042,6,-0.440276
cta_qa_0042,7,-0.465740
cta_qa_0042,8,-37.375000
cta_qa_0042,9,-0.376718
cta_qa_0042,10,-37.812500
cta_qa_0042,11,-0.406040
cta_qa_0042,12,-0.465740
cta_qa_0042,13,-0.465740
cta_qa_0042,14,-0.405225
cta_qa_0042,15,-37.062500
cta_qa_0042,16,-0.465825
cta_qa_0042,17,-0.465825
cta_qa_0042,18,-37.875000
cta_qa_0042,19,-0.465825
cta_qa_0042,20,-0.406040
cta_qa_0042,21,-0.463197
cta_qa_0042,22,-0.463197
cta_qa_0042,23,-37.812500
cta_qa_0042,24,-0.405225
cta_qa_0042,25,-37.062500
cta_qa_0042,26,-0.465740
cta_qa_0042,27,-0.405225
cta_qa_0042,28,-0.376098
cta_qa_0042,29,-36.000000
cta_qa_0042,30,-0.370321
cta_qa_0042,31,-0.319275
cta_qa_0042,32,-0.465825
cta_qa_0042,33,-37.875000
cta_qa_0042,34,-0.465825
cta_qa_0042,35,-38.062500
cta_qa_0042,36,-0.350033
cta_qa_0042,37,-0.370321
cta_qa_0042,38,-38.125000
cta_qa_0042,39,-0.343536
cta_qa_0042,40,-0.494923
cta_qa_0042,41,-37.062500
cta_qa_0042,42,-0.494923
cta_qa_0042,43,-0.494923
cta_qa_0042,44,-0.409201
cta_qa_0042,45,-37.062500
cta_qa_0042,46,-0.409201
cta_qa_0042,47,-37.062500
cta_qa_0042,48,-37.062500
cta_qa_0042,49,-0.466220
cta_qa_0042,50,-0.405225
cta_qa_0042,51,-0.465740
cta_qa_0042,52,-0.440276
cta_qa_0042,53,-0.409201
cta_qa_0042,54,-37.187500
cta_qa_0042,55,-0.405225
cta_qa_0042,56,-0.375861
cta_qa_0042,57,-0.491886
cta_qa_0042,58,-0.409556
cta_qa_0042,59,-37.500000
cta_qa_0042,60,-0.345842
cta_qa_0042,61,-0.463197
cta_qa_0042,62,-0.409422
cta_qa_0042,63,-37.375000
cta_qa_0043,0,-37.812500
cta_qa_0043,1,-0.285065
cta_qa_0043,2,-0.285065
cta_qa_0043,3,-0.285065
cta_qa_0043,4,-37.812500
cta_qa_0043,5,-37.812500
cta_qa_0043,6,-37.812500
cta_qa_0043,7,-0.285065
cta_qa_0043,8,-0.285065
cta_qa_0043,9,-0.285065
cta_qa_0043,10,-37.812500
cta_qa_0043,11,-37.812500
cta_qa_0043,12,-0.285065
cta_qa_0043,13,-0.285065
cta_qa_0043,14,-37.812500
cta_qa_0043,15,-0.285065
cta_qa_0043,16,-37.812500
cta_qa_0043,17,-37.812500
cta_qa_0043,18,-37.812500
cta_qa_0043,19,-37.812500
cta_qa_0043,20,-37.812500
cta_qa_0043,21,-0.285065
cta_qa_0043,22,-37.812500
cta_qa_0043,23,-37.812500
cta_qa_0043,24,-37.812500
cta_qa_0043,25,-0.285065
cta_qa_0043,26,-37.812500
cta_qa_0043,27,-37.812500
cta_qa_0043,28,-0.350857
cta_qa_0043,29,-0.320903
cta_qa_0043,30,-36.750000
cta_qa_0043,31,-0.320903
cta_qa_0043,32,-0.350867
cta_qa_0043,33,-0.351788
cta_qa_0043,34,-38.500000
cta_qa_0043,35,-0.351788
cta_qa_0043,36,-0.285065
cta_qa_0043,37,-0.285065
cta_qa_0043,38,-37.812500
cta_qa_0043,39,-37.812500
cta_qa_0043,40,-37.812500
cta_qa_0043,41,-0.285065
cta_qa_0043,42,-37.812500
cta_qa_0043,43,-37.812500
cta_qa_0043,44,-0.285065
cta_qa_0043,45,-37.812500
cta_qa_0043,46,-37.812500
cta_qa_0043,47,-37.812500
cta_qa_0043,48,-37.812500
cta_qa_0043,49,-37.812500
cta_qa_0043,50,-0.285065
cta_qa_0043,51,-37.812500
cta_qa_0043,52,-37.812500
cta_qa_0043,53,-37.812500
cta_qa_0043,54,-37.812500
cta_qa_0043,55,-0.285065
cta_qa_0043,56,-37.812500
cta_qa_0043,57,-37.812500
cta_qa_0043,58,-37.812500
cta_qa_0043,59,-37.812500
cta_qa_0043,60,-37.812500
cta_qa_0043,61,-37.812500
cta_qa_0043,62,-37.812500
cta_qa_0043,63,-0.285065
cta_qa_0044,0,-38.625000
cta_qa_0044,1,-38.625000
cta_qa_0044,2,-38.625000
cta_qa_0044,3,-38.625000
cta_qa_0044,4,-38.625000
cta_qa_0044,5,-38.625000
cta_qa_0044,6,-38.625000
cta_qa_0044,7,-38.625000
cta_qa_0044,8,-38.625000
cta_qa_0044,9,-38.625000
cta_qa_0044,10,-38.625000
cta_qa_0044,11,-38.625000
cta_qa_0044,12,-38.125000
cta_qa_0044,13,-0.184777
cta_qa_0044,14,-38.125000
cta_qa_0044,15,-0.184777
cta_qa_0044,16,-38.625000
cta_qa_0044,17,-38.625000
cta_qa_0044,18,-38.625000
cta_qa_0044,19,-38.625000
cta_qa_0044,20,-38.625000
cta_qa_0044,21,-38.625000
cta_qa_0044,22,-38.625000
cta_qa_0044,23,-38.625000
cta_qa_0044,24,-0.184777
cta_qa_0044,25,-0.184777
cta_qa_0044,26,-0.184777
cta_qa_0044,27,-38.125000
cta_qa_0044,28,-38.625000
cta_qa_0044,29,-38.625000
cta_qa_0044,30,-38.625000
cta_qa_0044,31,-38.625000
cta_qa_0044,32,-38.625000
cta_qa_0044,33,-38.625000
cta_qa_0044,34,-38.625000
cta_qa_0044,35,-38.625000
cta_qa_0044,36,-38.625000
cta_qa_0044,37,-38.625000
cta_qa_0044,38,-38.625000
cta_qa_0044,39,-38.625000
cta_qa_0044,40,-0.184777
cta_qa_0044,41,-0.184777
cta_qa_0044,42,-0.184777
cta_qa_0044,43,-38.125000
cta_qa_0044,44,-38.625000
cta_qa_0044,45,-38.625000
cta_qa_0044,46,-38.625000
cta_qa_0044,47,-38.625000
cta_qa_0044,48,-38.625000
cta_qa_0044,49,-38.625000
cta_qa_0044,50,-38.625000
cta_qa_0044,51,-38.625000
cta_qa_0044,52,-38.625000
cta_qa_0044,53,-38.625000
cta_qa_0044,54,-38.625000
cta_qa_0044,55,-38.625000
cta_qa_0044,56,-0.184777
cta_qa_0044,57,-0.184777
cta_qa_0044,58,-0.184777
cta_qa_0044,59,-38.125000
cta_qa_0044,60,-38.625000
cta_qa_0044,61,-38.625000
cta_qa_0044,62,-38.625000
cta_qa_0044,63,-38.625000
cta_qa_0045,0,-0.350073
cta_qa_0045,1,-0.440849
cta_qa_0045,2,-37.062500
cta_qa_0045,3,-0.469706
cta_qa_0045,4,-0.281942
cta_qa_0045,5,-0.281942
cta_qa_0045,6,-36.375000
cta_qa_0045,7,-36.375000
cta_qa_0045,8,-0.281942
cta_qa_0045,9,-0.281942
cta_qa_0045,10,-0.434540
cta_qa_0045,11,-36.375000
cta_qa_0045,12,-0.418993
cta_qa_0045,13,-0.418988
cta_qa_0045,14,-0.416838
cta_qa_0045,15,-36.000000
cta_qa_0045,16,-38.062500
cta_qa_0045,17,-0.356670
cta_qa_0045,18,-0.468510
cta_qa_0045,19,-0.356129
cta_qa_0045,20,-36.000000
cta_qa_0045,21,-0.473921
cta_qa_0045,22,-0.473921
cta_qa_0045,23,-0.473858
cta_qa_0045,24,-0.200657
cta_qa_0045,25,-38.750000
cta_qa_0045,26,-0.229322
cta_qa_0045,27,-0.229322
cta_qa_0045,28,-36.375000
cta_qa_0045,29,-0.281942
cta_qa_0045,30,-0.281942
cta_qa_0045,31,-36.250000
cta_qa_0045,32,-0.473858
cta_qa_0045,33,-35.875000
cta_qa_0045,34,-36.000000
cta_qa_0045,35,-0.441356
cta_qa_0045,36,-0.285407
cta_qa_0045,37,-37.062500
cta_qa_0045,38,-37.062500
cta_qa_0045,39,-37.062500
cta_qa_0045,40,-0.281942
cta_qa_0045,41,-36.375000
cta_qa_0045,42,-0.434540
cta_qa_0045,43,-0.281942
cta_qa_0045,44,-0.382648
cta_qa_0045,45,-0.382648
cta_qa_0045,46,-0.413892
cta_qa_0045,47,-36.375000
cta_qa_0045,48,-0.281942
cta_qa_0045,49,-0.281942
cta_qa_0045,50,-36.375000
cta_qa_0045,51,-0.281942
cta_qa_0045,52,-0.418993
cta_qa_0045,53,-36.125000
cta_qa_0045,54,-0.418988
cta_qa_0045,55,-0.418993
cta_qa_0045,56,-0.316419
cta_qa_0045,57,-0.281942
cta_qa_0045,58,-36.375000
cta_qa_0045,59,-0.281942
cta_qa_0045,60,-0.382648
cta_qa_0045,61,-36.500000
cta_qa_0045,62,-0.413778
cta_qa_0045,63,-0.294581
cta_qa_0046,0,-38.375000
cta_qa_0046,1,-38.375000
cta_qa_0046,2,-38.375000
cta_qa_0046,3,-38.375000
cta_qa_0046,4,-38.375000
cta_qa_0046,5,-38.375000
cta_qa_0046,6,-38.375000
cta_qa_0046,7,-38.375000
cta_qa_0046,8,-38.312500
cta_qa_0046,9,-0.433430
cta_qa_0046,10,-38.312500
cta_qa_0046,11,-38.312500
cta_qa_0046,12,-38.375000
cta_qa_0046,13,-38.375000
cta_qa_0046,14,-38.375000
cta_qa_0046,15,-38.375000
cta_qa_0046,16,-0.377332
cta_qa_0046,17,-0.377332
cta_qa_0046,18,-37.125000
cta_qa_0046,19,-0.377332
cta_qa_0046,20,-38.375000
cta_qa_0046,21,-38.375000
cta_qa_0046,22,-38.375000
cta_qa_0046,23,-38.375000
cta_qa_0046,24,-38.375000
cta_qa_0046,25,-38.375000
cta_qa_0046,26,-38.375000
cta_qa_0046,27,-38.375000
cta_qa_0046,28,-38.312500
cta_qa_0046,29,-0.433430
cta_qa_0046,30,-0.433430
cta_qa_0046,31,-38.312500
cta_qa_0046,32,-38.375000
cta_qa_0046,33,-38.375000
cta_qa_0046,34,-38.375000
cta_qa_0046,35,-38.375000
cta_qa_0046,36,-0.435829
cta_qa_0046,37,-0.320467
cta_qa_0046,38,-37.437500
cta_qa_0046,39,-0.320467
cta_qa_0046,40,-38.375000
cta_qa_0046,41,-38.375000
cta_qa_0046,42,-38.375000
cta_qa_0046,43,-38.375000
cta_qa_0046,44,-38.375000
cta_qa_0046,45,-38.375000
cta_qa_0046,46,-38.375000
cta_qa_0046,47,-38.375000
cta_qa_0046,48,-38.312500
cta_qa_0046,49,-38.312500
cta_qa_0046,50,-38.312500
cta_qa_0046,51,-0.315354
cta_qa_0046,52,-38.375000
cta_qa_0046,53,-38.375000
cta_qa_0046,54,-38.375000
cta_qa_0046,55,-38.375000
cta_qa_0046,56,-38.312500
cta_qa_0046,57,-0.315354
cta_qa_0046,58,-38.312500
cta_qa_0046,59,-38.312500
cta_qa_0046,60,-38.375000
cta_qa_0046,61,-38.375000
cta_qa_0046,62,-38.375000
cta_qa_0046,63,-38.375000
cta_qa_0047,0,-35.375000
cta_qa_0047,1,-35.375000
cta_qa_0047,2,-35.375000
cta_qa_0047,3,-35.375000
cta_qa_0047,4,-35.375000
cta_qa_0047,5,-35.375000
cta_qa_0047,6,-35.375000
cta_qa_0047,7,-35.375000
cta_qa_0047,8,-35.125000
cta_qa_0047,9,-35.125000
cta_qa_0047,10,-35.125000
cta_qa_0047,11,-0.407267
cta_qa_0047,12,-35.125000
cta_qa_0047,13,-35.125000
cta_qa_0047,14,-35.125000
cta_qa_0047,15,-0.407267
cta_qa_0047,16,-35.375000
cta_qa_0047,17,-35.375000
cta_qa_0047,18,-35.375000
cta_qa_0047,19,-35.375000
cta_qa_0047,20,-35.375000
cta_qa_0047,21,-35.375000
cta_qa_0047,22,-35.375000
cta_qa_0047,23,-35.375000
cta_qa_0047,24,-35.375000
cta_qa_0047,25,-35.375000
cta_qa_0047,26,-35.375000
cta_qa_0047,27,-35.375000
cta_qa_0047,28,-0.258264
cta_qa_0047,29,-0.258264
cta_qa_0047,30,-0.258264
cta_qa_0047,31,-37.625000
cta_qa_0047,32,-35.375000
cta_qa_0047,33,-35.375000
cta_qa_0047,34,-35.375000
cta_qa_0047,35,-35.375000
cta_qa_0047,36,-0.223731
cta_qa_0047,37,-38.437500
cta_qa_0047,38,-0.370755
cta_qa_0047,39,-0.370755
cta_qa_0047,40,-37.625000
cta_qa_0047,41,-0.258264
cta_qa_0047,42,-0.258264
cta_qa_0047,43,-0.258264
cta_qa_0047,44,-35.375000
cta_qa_0047,45,-35.375000
cta_qa_0047,46,-35.375000
cta_qa_0047,47,-35.375000
cta_qa_0047,48,-0.407267
cta_qa_0047,49,-0.407267
cta_qa_0047,50,-35.125000
cta_qa_0047,51,-35.125000
cta_qa_0047,52,-0.407267
cta_qa_0047,53,-35.125000
cta_qa_0047,54,-35.125000
cta_qa_0047,55,-35.125000
cta_qa_0047,56,-0.407267
cta_qa_0047,57,-35.125000
cta_qa_0047,58,-35.125000
cta_qa_0047,59,-35.125000
cta_qa_0047,60,-35.375000
cta_qa_0047,61,-35.375000
cta_qa_0047,62,-35.375000
cta_qa_0047,63,-35.375000
cta_qa_0048,0,-37.687500
cta_qa_0048,1,-37.687500
cta_qa_0048,2,-37.687500
cta_qa_0048,3,-37.687500
cta_qa_0048,4,-37.687500
cta_qa_0048,5,-37.687500
cta_qa_0048,6,-37.687500
cta_qa_0048,7,-37.687500
cta_qa_0048,8,-37.687500
cta_qa_0048,9,-37.687500
cta_qa_0048,10,-37.687500
cta_qa_0048,11,-37.687500
cta_qa_0048,12,-37.687500
cta_qa_0048,13,-37.687500
cta_qa_0048,14,-37.687500
cta_qa_0048,15,-37.687500
cta_qa_0048,16,-37.687500
cta_qa_0048,17,-37.687500
cta_qa_0048,18,-37.687500
cta_qa_0048,19,-37.687500
cta_qa_0048,20,-37.687500
cta_qa_0048,21,-37.375000
cta_qa_0048,22,-37.687500
cta_qa_0048,23,-37.687500
cta_qa_0048,24,-37.687500
cta_qa_0048,25,-37.687500
cta_qa_0048,26,-37.687500
cta_qa_0048,27,-37.687500
cta_qa_0048,28,-37.687500
cta_qa_0048,29,-37.687500
cta_qa_0048,30,-37.687500
cta_qa_0048,31,-37.687500
cta_qa_0048,32,-37.687500
cta_qa_0048,33,-37.687500
cta_qa_0048,34,-37.687500
cta_qa_0048,35,-37.687500
cta_qa_0048,36,-37.687500
cta_qa_0048,37,-37.687500
cta_qa_0048,38,-37.687500
cta_qa_0048,39,-37.687500
cta_qa_0048,40,-0.382787
cta_qa_0048,41,-37.812500
cta_qa_0048,42,-0.352006
cta_qa_0048,43,-0.382787
cta_qa_0048,44,-37.687500
cta_qa_0048,45,-37.687500
cta_qa_0048,46,-37.687500
cta_qa_0048,47,-37.687500
cta_qa_0048,48,-37.687500
cta_qa_0048,49,-37.687500
cta_qa_0048,50,-37.687500
cta_qa_0048,51,-37.687500
cta_qa_0048,52,-37.375000
cta_qa_0048,53,-37.687500
cta_qa_0048,54,-37.687500
cta_qa_0048,55,-37.687500
cta_qa_0048,56,-37.687500
cta_qa_0048,57,-37.687500
cta_qa_0048,58,-37.687500
cta_qa_0048,59,-37.687500
cta_qa_0048,60,-37.687500
cta_qa_0048,61,-37.687500
cta_qa_0048,62,-37.687500
cta_qa_0048,63,-37.687500
cta_qa_0049,0,-37.250000
cta_qa_0049,1,-37.250000
cta_qa_0049,2,-0.409163
cta_qa_0049,3,-0.314869
cta_qa_0049,4,-0.314869
cta_qa_0049,5,-0.314869
cta_qa_0049,6,-35.750000
cta_qa_0049,7,-35.750000
cta_qa_0049,8,-0.314869
cta_qa_0049,9,-35.750000
cta_qa_0049,10,-0.316559
cta_qa_0049,11,-37.250000
cta_qa_0049,12,-37.000000
cta_qa_0049,13,-37.000000
cta_qa_0049,14,-37.875000
cta_qa_0049,15,-37.000000
cta_qa_0049,16,-0.314869
cta_qa_0049,17,-0.314869
cta_qa_0049,18,-37.250000
cta_qa_0049,19,-0.314869
cta_qa_0049,20,-37.250000
cta_qa_0049,21,-0.314869
cta_qa_0049,22,-37.250000
cta_qa_0049,23,-37.250000
cta_qa_0049,24,-0.225032
cta_qa_0049,25,-0.285625
cta_qa_0049,26,-37.937500
cta_qa_0049,27,-0.410413
cta_qa_0049,28,-0.314869
cta_qa_0049,29,-0.314869
cta_qa_0049,30,-0.314869
cta_qa_0049,31,-37.250000
cta_qa_0049,32,-37.250000
cta_qa_0049,33,-0.314869
cta_qa_0049,34,-37.250000
cta_qa_0049,35,-35.750000
cta_qa_0049,36,-35.750000
cta_qa_0049,37,-0.316559
cta_qa_0049,38,-35.750000
cta_qa_0049,39,-0.314869
cta_qa_0049,40,-35.750000
cta_qa_0049,41,-0.316559
cta_qa_0049,42,-0.314869
cta_qa_0049,43,-0.314869
cta_qa_0049,44,-35.750000
cta_qa_0049,45,-0.314869
cta_qa_0049,46,-0.314869
cta_qa_0049,47,-0.316559
cta_qa_0049,48,-37.250000
cta_qa_0049,49,-0.314869
cta_qa_0049,50,-35.750000
cta_qa_0049,51,-35.750000
cta_qa_0049,52,-0.314869
cta_qa_0049,53,-37.250000
cta_qa_0049,54,-0.314869
cta_qa_0049,55,-0.314869
cta_qa_0049,56,-0.410413
cta_qa_0049,57,-38.937500
cta_qa_0049,58,-0.285625
cta_qa_0049,59,-0.410413
cta_qa_0049,60,-0.316559
cta_qa_0049,61,-35.750000
cta_qa_0049,62,-0.316559
cta_qa_0049,63,-35.750000
cta_qa_0050,0,-0.497002
cta_qa_0050,1,-0.465591
cta_qa_0050,2,-25.500000
cta_qa_0050,3,-0.465591
cta_qa_0050,4,-31.625000
cta_qa_0050,5,-0.379896
cta_qa_0050,6,-0.471086
cta_qa_0050,7,-0.471086
cta_qa_0050,8,-31.625000
cta_qa_0050,9,-0.382145
cta_qa_0050,10,-0.441028
cta_qa_0050,11,-0.471086
cta_qa_0050,12,3.750005
cta_qa_0050,13,-0.471173
cta_qa_0050,14,-0.471173
cta_qa_0050,15,-0.446276
cta_qa_0050,16,-0.437316
cta_qa_0050,17,-0.471173
cta_qa_0050,18,-37.812500
cta_qa_0050,19,-0.471173
cta_qa_0050,20,-0.497002
cta_qa_0050,21,-0.497002
cta_qa_0050,22,-0.465591
cta_qa_0050,23,-24.375000
cta_qa_0050,24,-0.498447
cta_qa_0050,25,-17.375000
cta_qa_0050,26,-0.499796
cta_qa_0050,27,-0.499787
cta_qa_0050,28,-34.125000
cta_qa_0050,29,-24.375000
cta_qa_0050,30,-0.437278
cta_qa_0050,31,-0.437282
cta_qa_0050,32,-0.465591
cta_qa_0050,33,-24.375000
cta_qa_0050,34,-0.497002
cta_qa_0050,35,-0.465591
cta_qa_0050,36,-0.469945
cta_qa_0050,37,-0.414152
cta_qa_0050,38,-0.999992
cta_qa_0050,39,-0.499796
cta_qa_0050,40,-0.400493
cta_qa_0050,41,-12.249999
cta_qa_0050,42,-0.316044
cta_qa_0050,43,-0.316202
cta_qa_0050,44,-0.437308
cta_qa_0050,45,-31.250000
cta_qa_0050,46,-0.437308
cta_qa_0050,47,-0.471086
cta_qa_0050,48,-0.497002
cta_qa_0050,49,-0.442776
cta_qa_0050,50,-0.464386
cta_qa_0050,51,-31.375000
cta_qa_0050,52,-0.465591
cta_qa_0050,53,-0.442776
cta_qa_0050,54,-24.375000
cta_qa_0050,55,-0.440103
cta_qa_0050,56,-0.471086
cta_qa_0050,57,-0.437308
cta_qa_0050,58,-31.625000
cta_qa_0050,59,-0.349808
cta_qa_0050,60,-0.499796
cta_qa_0050,61,-0.439994
cta_qa_0050,62,-17.375000
cta_qa_0050,63,-0.439676
cta_qa_0051,0,-35.875000
cta_qa_0051,1,-35.875000
cta_qa_0051,2,-35.875000
cta_qa_0051,3,-35.875000
cta_qa_0051,4,-35.875000
cta_qa_0051,5,-35.875000
cta_qa_0051,6,-35.875000
cta_qa_0051,7,-35.875000
cta_qa_0051,8,-35.875000
cta_qa_0051,9,-35.875000
cta_qa_0051,10,-35.875000
cta_qa_0051,11,-35.875000
cta_qa_0051,12,-35.875000
cta_qa_0051,13,-35.875000
cta_qa_0051,14,-35.875000
cta_qa_0051,15,-35.875000
cta_qa_0051,16,-35.875000
cta_qa_0051,17,-35.875000
cta_qa_0051,18,-35.875000
cta_qa_0051,19,-35.875000
cta_qa_0051,20,-35.875000
cta_qa_0051,21,-35.875000
cta_qa_0051,22,-35.875000
cta_qa_0051,23,-35.875000
cta_qa_0051,24,-0.249839
cta_qa_0051,25,-0.249839
cta_qa_0051,26,-0.249839
cta_qa_0051,27,-35.125000
cta_qa_0051,28,-35.875000
cta_qa_0051,29,-35.875000
cta_qa_0051,30,-35.875000
cta_qa_0051,31,-35.875000
cta_qa_0051,32,-35.875000
cta_qa_0051,33,-35.875000
cta_qa_0051,34,-35.875000
cta_qa_0051,35,-35.875000
cta_qa_0051,36,-0.256082
cta_qa_0051,37,-0.256082
cta_qa_0051,38,-36.000000
cta_qa_0051,39,-0.256082
cta_qa_0051,40,-0.256082
cta_qa_0051,41,-0.256082
cta_qa_0051,42,-0.256082
cta_qa_0051,43,-36.000000
cta_qa_0051,44,-0.472729
cta_qa_0051,45,-37.750000
cta_qa_0051,46,-0.472729
cta_qa_0051,47,-0.472729
cta_qa_0051,48,-35.875000
cta_qa_0051,49,-35.875000
cta_qa_0051,50,-35.875000
cta_qa_0051,51,-35.875000
cta_qa_0051,52,-35.875000
cta_qa_0051,53,-35.875000
cta_qa_0051,54,-35.875000
cta_qa_0051,55,-35.875000
cta_qa_0051,56,-35.875000
cta_qa_0051,57,-35.875000
cta_qa_0051,58,-35.875000
cta_qa_0051,59,-35.875000
cta_qa_0051,60,-35.875000
cta_qa_0051,61,-35.875000
cta_qa_0051,62,-35.875000
cta_qa_0051,63,-35.875000
cta_qa_0052,0,-38.312500
cta_qa_0052,1,-38.312500
cta_qa_0052,2,-38.312500
cta_qa_0052,3,-38.312500
cta_qa_0052,4,-38.312500
cta_qa_0052,5,-38.312500
cta_qa_0052,6,-38.312500
cta_qa_0052,7,-38.312500
cta_qa_0052,8,-38.312500
cta_qa_0052,9,-38.312500
cta_qa_0052,10,-38.312500
cta_qa_0052,11,-38.312500
cta_qa_0052,12,-38.312500
cta_qa_0052,13,-38.312500
cta_qa_0052,14,-38.312500
cta_qa_0052,15,-38.312500
cta_qa_0052,16,-38.312500
cta_qa_0052,17,-38.312500
cta_qa_0052,18,-38.312500
cta_qa_0052,19,-38.312500
cta_qa_0052,20,-38.312500
cta_qa_0052,21,-38.312500
cta_qa_0052,22,-38.312500
cta_qa_0052,23,-38.312500
cta_qa_0052,24,-38.312500
cta_qa_0052,25,-38.312500
cta_qa_0052,26,-38.312500
cta_qa_0052,27,-38.312500
cta_qa_0052,28,-38.062500
cta_qa_0052,29,-0.404725
cta_qa_0052,30,-38.062500
cta_qa_0052,31,-38.062500
cta_qa_0052,32,-38.312500
cta_qa_0052,33,-38.312500
cta_qa_0052,34,-38.312500
cta_qa_0052,35,-38.312500
cta_qa_0052,36,-38.312500
cta_qa_0052,37,-38.312500
cta_qa_0052,38,-38.312500
cta_qa_0052,39,-38.312500
cta_qa_0052,40,-38.312500
cta_qa_0052,41,-38.312500
cta_qa_0052,42,-38.312500
cta_qa_0052,43,-38.312500
cta_qa_0052,44,-38.062500
cta_qa_0052,45,-0.309172
cta_qa_0052,46,-38.062500
cta_qa_0052,47,-38.062500
cta_qa_0052,48,-0.340273
cta_qa_0052,49,-0.340273
cta_qa_0052,50,-38.000000
cta_qa_0052,51,-0.340273
cta_qa_0052,52,-38.312500
cta_qa_0052,53,-38.312500
cta_qa_0052,54,-38.312500
cta_qa_0052,55,-38.312500
cta_qa_0052,56,-38.312500
cta_qa_0052,57,-38.312500
cta_qa_0052,58,-38.312500
cta_qa_0052,59,-38.312500
cta_qa_0052,60,-38.312500
cta_qa_0052,61,-38.312500
cta_qa_0052,62,-38.312500
cta_qa_0052,63,-38.312500
cta_qa_0053,0,-0.255302
cta_qa_0053,1,-37.562500
cta_qa_0053,2,-37.312500
cta_qa_0053,3,-37.312500
cta_qa_0053,4,-0.352891
cta_qa_0053,5,-0.352891
cta_qa_0053,6,-0.352891
cta_qa_0053,7,-38.500000
cta_qa_0053,8,-37.312500
cta_qa_0053,9,-37.312500
cta_qa_0053,10,-37.312500
cta_qa_0053,11,-0.255302
cta_qa_0053,12,-37.312500
cta_qa_0053,13,-37.312500
cta_qa_0053,14,-37.312500
cta_qa_0053,15,-0.255302
cta_qa_0053,16,-38.125000
cta_qa_0053,17,-0.379469
cta_qa_0053,18,-0.407200
cta_qa_0053,19,-0.379469
cta_qa_0053,20,-0.409575
cta_qa_0053,21,-0.409575
cta_qa_0053,22,-0.409575
cta_qa_0053,23,-38.250000
cta_qa_0053,24,-0.255302
cta_qa_0053,25,-37.312500
cta_qa_0053,26,-0.318566
cta_qa_0053,27,-0.255302
cta_qa_0053,28,-0.255302
cta_qa_0053,29,-0.255302
cta_qa_0053,30,-37.312500
cta_qa_0053,31,-37.312500
cta_qa_0053,32,-0.318566
cta_qa_0053,33,-0.318566
cta_qa_0053,34,-37.312500
cta_qa_0053,35,-37.312500
cta_qa_0053,36,-37.312500
cta_qa_0053,37,-37.312500
cta_qa_0053,38,-37.312500
cta_qa_0053,39,-0.323233
cta_qa_0053,40,-37.312500
cta_qa_0053,41,-0.255302
cta_qa_0053,42,-37.312500
cta_qa_0053,43,-37.312500
cta_qa_0053,44,-0.255302
cta_qa_0053,45,-37.312500
cta_qa_0053,46,-0.255302
cta_qa_0053,47,-37.312500
cta_qa_0053,48,-0.322917
cta_qa_0053,49,-0.318566
cta_qa_0053,50,-37.312500
cta_qa_0053,51,-0.255302
cta_qa_0053,52,-37.312500
cta_qa_0053,53,-0.351815
cta_qa_0053,54,-37.312500
cta_qa_0053,55,-0.286550
cta_qa_0053,56,-37.312500
cta_qa_0053,57,-0.288519
cta_qa_0053,58,-0.255302
cta_qa_0053,59,-37.312500
cta_qa_0053,60,-0.255302
cta_qa_0053,61,-0.255302
cta_qa_0053,62,-0.255302
cta_qa_0053,63,-37.312500
cta_qa_0054,0,-0.349401
cta_qa_0054,1,-0.438533
cta_qa_0054,2,-38.062500
cta_qa_0054,3,-0.438533
cta_qa_0054,4,-38.062500
cta_qa_0054,5,-0.248896
cta_qa_0054,6,-0.438533
cta_qa_0054,7,-0.438533
cta_qa_0054,8,-0.465943
cta_qa_0054,9,-0.528404
cta_qa_0054,10,-0.528404
cta_qa_0054,11,-37.062500
cta_qa_0054,12,-0.316556
cta_qa_0054,13,-38.750000
cta_qa_0054,14,-0.316556
cta_qa_0054,15,-0.316556
cta_qa_0054,16,-38.750000
cta_qa_0054,17,-0.406013
cta_qa_0054,18,-0.316556
cta_qa_0054,19,-0.316556
cta_qa_0054,20,-38.000000
cta_qa_0054,21,-38.000000
cta_qa_0054,22,-0.380350
cta_qa_0054,23,-38.000000
cta_qa_0054,24,-38.062500
cta_qa_0054,25,-0.349401
cta_qa_0054,26,-0.349401
cta_qa_0054,27,-0.349401
cta_qa_0054,28,-0.561023
cta_qa_0054,29,-0.561023
cta_qa_0054,30,-0.472300
cta_qa_0054,31,-38.687500
cta_qa_0054,32,-0.438533
cta_qa_0054,33,-0.349401
cta_qa_0054,34,-38.062500
cta_qa_0054,35,-0.349401
cta_qa_0054,36,-38.750000
cta_qa_0054,37,-0.406013
cta_qa_0054,38,-0.316556
cta_qa_0054,39,-0.316556
cta_qa_0054,40,-38.062500
cta_qa_0054,41,-0.438533
cta_qa_0054,42,-0.349401
cta_qa_0054,43,-38.062500
cta_qa_0054,44,-0.414114
cta_qa_0054,45,-0.467221
cta_qa_0054,46,-0.468503
cta_qa_0054,47,-36.437500
cta_qa_0054,48,-0.438533
cta_qa_0054,49,-38.062500
cta_qa_0054,50,-0.438533
cta_qa_0054,51,-0.349401
cta_qa_0054,52,-0.416685
cta_qa_0054,53,-0.416685
cta_qa_0054,54,-36.375000
cta_qa_0054,55,-0.498452
cta_qa_0054,56,-0.380350
cta_qa_0054,57,-38.000000
cta_qa_0054,58,-0.380350
cta_qa_0054,59,-0.380350
cta_qa_0054,60,-0.407222
cta_qa_0054,61,-0.527081
cta_qa_0054,62,-37.687500
cta_qa_0054,63,-0.527081
cta_qa_0055,0,-37.125000
cta_qa_0055,1,-37.125000
cta_qa_0055,2,-37.125000
cta_qa_0055,3,-37.125000
cta_qa_0055,4,-37.687500
cta_qa_0055,5,-37.687500
cta_qa_0055,6,-37.687500
cta_qa_0055,7,-37.687500
cta_qa_0055,8,-37.687500
cta_qa_0055,9,-38.187500
cta_qa_0055,10,-0.224708
cta_qa_0055,11,-0.224708
cta_qa_0055,12,-37.687500
cta_qa_0055,13,-0.224708
cta_qa_0055,14,-37.687500
cta_qa_0055,15,-37.437500
cta_qa_0055,16,-37.687500
cta_qa_0055,17,-0.224708
cta_qa_0055,18,-37.687500
cta_qa_0055,19,-37.687500
cta_qa_0055,20,-37.687500
cta_qa_0055,21,-37.687500
cta_qa_0055,22,-37.687500
cta_qa_0055,23,-37.687500
cta_qa_0055,24,-0.224708
cta_qa_0055,25,-0.351532
cta_qa_0055,26,-37.687500
cta_qa_0055,27,-0.224708
cta_qa_0055,28,-0.224708
cta_qa_0055,29,-37.687500
cta_qa_0055,30,-37.687500
cta_qa_0055,31,-37.687500
cta_qa_0055,32,-37.687500
cta_qa_0055,33,-37.687500
cta_qa_0055,34,-0.224708
cta_qa_0055,35,-37.437500
cta_qa_0055,36,-37.687500
cta_qa_0055,37,-37.687500
cta_qa_0055,38,-0.224708
cta_qa_0055,39,-37.687500
cta_qa_0055,40,-0.224708
cta_qa_0055,41,-0.224708
cta_qa_0055,42,-37.687500
cta_qa_0055,43,-37.687500
cta_qa_0055,44,-0.351532
cta_qa_0055,45,-37.687500
cta_qa_0055,46,-37.687500
cta_qa_0055,47,-0.224708
cta_qa_0055,48,-37.687500
cta_qa_0055,49,-0.224708
cta_qa_0055,50,-37.687500
cta_qa_0055,51,-37.687500
cta_qa_0055,52,-0.224708
cta_qa_0055,53,-37.687500
cta_qa_0055,54,-37.687500
cta_qa_0055,55,-0.224708
cta_qa_0055,56,-37.687500
cta_qa_0055,57,-37.687500
cta_qa_0055,58,-0.224708
cta_qa_0055,59,-37.687500
cta_qa_0055,60,-37.687500
cta_qa_0055,61,-37.687500
cta_qa_0055,62,-0.224708
cta_qa_0055,63,-0.224708
cta_qa_0056,0,-36.812500
cta_qa_0056,1,-0.244408
cta_qa_0056,2,-0.244408
cta_qa_0056,3,-0.244408
cta_qa_0056,4,-0.217258
cta_qa_0056,5,-0.219872
cta_qa_0056,6,-36.375000
cta_qa_0056,7,-37.187500
cta_qa_0056,8,-37.500000
cta_qa_0056,9,-37.500000
cta_qa_0056,10,-37.500000
cta_qa_0056,11,-0.244408
cta_qa_0056,12,-0.217258
cta_qa_0056,13,-36.375000
cta_qa_0056,14,-0.217258
cta_qa_0056,15,-36.375000
cta_qa_0056,16,-0.217258
cta_qa_0056,17,-0.217258
cta_qa_0056,18,-37.187500
cta_qa_0056,19,-36.375000
cta_qa_0056,20,-36.375000
cta_qa_0056,21,-0.165353
cta_qa_0056,22,-0.217258
cta_qa_0056,23,-36.375000
cta_qa_0056,24,-0.219872
cta_qa_0056,25,-0.217258
cta_qa_0056,26,-36.375000
cta_qa_0056,27,-37.187500
cta_qa_0056,28,-0.219872
cta_qa_0056,29,-0.219872
cta_qa_0056,30,-0.217258
cta_qa_0056,31,-36.375000
cta_qa_0056,32,-0.227906
cta_qa_0056,33,-0.165353
cta_qa_0056,34,-0.195508
cta_qa_0056,35,-36.375000
cta_qa_0056,36,-36.375000
cta_qa_0056,37,-37.187500
cta_qa_0056,38,-0.219872
cta_qa_0056,39,-36.375000
cta_qa_0056,40,-0.219872
cta_qa_0056,41,-0.219872
cta_qa_0056,42,-36.375000
cta_qa_0056,43,-0.217258
cta_qa_0056,44,-0.219872
cta_qa_0056,45,-0.219872
cta_qa_0056,46,-37.187500
cta_qa_0056,47,-0.217258
cta_qa_0056,48,-36.500000
cta_qa_0056,49,-0.311069
cta_qa_0056,50,-36.500000
cta_qa_0056,51,-0.311069
cta_qa_0056,52,-0.308884
cta_qa_0056,53,-0.311069
cta_qa_0056,54,-0.248659
cta_qa_0056,55,-36.875000
cta_qa_0056,56,-37.187500
cta_qa_0056,57,-37.187500
cta_qa_0056,58,-0.219872
cta_qa_0056,59,-0.165353
cta_qa_0056,60,-0.391533
cta_qa_0056,61,-37.500000
cta_qa_0056,62,-37.500000
cta_qa_0056,63,-0.244408
cta_qa_0057,0,-37.187500
cta_qa_0057,1,-0.415677
cta_qa_0057,2,-0.415677
cta_qa_0057,3,-0.415677
cta_qa_0057,4,-37.312500
cta_qa_0057,5,-37.312500
cta_qa_0057,6,-37.312500
cta_qa_0057,7,-37.312500
cta_qa_0057,8,-37.312500
cta_qa_0057,9,-37.312500
cta_qa_0057,10,-37.312500
cta_qa_0057,11,-37.312500
cta_qa_0057,12,-37.312500
cta_qa_0057,13,-37.312500
cta_qa_0057,14,-37.312500
cta_qa_0057,15,-37.312500
cta_qa_0057,16,-37.312500
cta_qa_0057,17,-37.312500
cta_qa_0057,18,-37.312500
cta_qa_0057,19,-37.312500
cta_qa_0057,20,-37.312500
cta_qa_0057,21,-37.312500
cta_qa_0057,22,-37.312500
cta_qa_0057,23,-37.312500
cta_qa_0057,24,-37.312500
cta_qa_0057,25,-37.312500
cta_qa_0057,26,-37.312500
cta_qa_0057,27,-37.312500
cta_qa_0057,28,-37.312500
cta_qa_0057,29,-37.312500
cta_qa_0057,30,-37.312500
cta_qa_0057,31,-37.312500
cta_qa_0057,32,-0.387191
cta_qa_0057,33,-0.387191
cta_qa_0057,34,-0.387191
cta_qa_0057,35,-37.187500
cta_qa_0057,36,-37.312500
cta_qa_0057,37,-37.312500
cta_qa_0057,38,-37.312500
cta_qa_0057,39,-37.312500
cta_qa_0057,40,-37.312500
cta_qa_0057,41,-37.562500
cta_qa_0057,42,-37.312500
cta_qa_0057,43,-37.312500
cta_qa_0057,44,-37.312500
cta_qa_0057,45,-37.312500
cta_qa_0057,46,-37.312500
cta_qa_0057,47,-37.312500
cta_qa_0057,48,-37.312500
cta_qa_0057,49,-37.312500
cta_qa_0057,50,-37.312500
cta_qa_0057,51,-37.312500
cta_qa_0057,52,-0.414351
cta_qa_0057,53,-0.414351
cta_qa_0057,54,-0.414351
cta_qa_0057,55,-37.125000
cta_qa_0057,56,-0.414351
cta_qa_0057,57,-37.312500
cta_qa_0057,58,-0.414351
cta_qa_0057,59,-0.414351
cta_qa_0057,60,-37.312500
cta_qa_0057,61,-37.312500
cta_qa_0057,62,-37.312500
cta_qa_0057,63,-37.312500
cta_qa_0058,0,-0.410957
cta_qa_0058,1,-34.375000
cta_qa_0058,2,-0.410957
cta_qa_0058,3,-0.410957
cta_qa_0058,4,-34.375000
cta_qa_0058,5,-34.375000
cta_qa_0058,6,-34.375000
cta_qa_0058,7,-34.375000
cta_qa_0058,8,-0.410957
cta_qa_0058,9,-0.410957
cta_qa_0058,10,-33.625000
cta_qa_0058,11,-0.410957
cta_qa_0058,12,-34.375000
cta_qa_0058,13,-0.410957
cta_qa_0058,14,-0.502523
cta_qa_0058,15,-34.375000
cta_qa_0058,16,-34.375000
cta_qa_0058,17,-34.375000
cta_qa_0058,18,-34.375000
cta_qa_0058,19,-34.375000
cta_qa_0058,20,-34.375000
cta_qa_0058,21,-34.375000
cta_qa_0058,22,-34.375000
cta_qa_0058,23,-34.375000
cta_qa_0058,24,-0.410957
cta_qa_0058,25,-0.410957
cta_qa_0058,26,-33.625000
cta_qa_0058,27,-0.410957
cta_qa_0058,28,-34.375000
cta_qa_0058,29,-0.502523
cta_qa_0058,30,-34.375000
cta_qa_0058,31,-0.410957
cta_qa_0058,32,-0.410957
cta_qa_0058,33,-0.410957
cta_qa_0058,34,-34.375000
cta_qa_0058,35,-0.410957
cta_qa_0058,36,-34.375000
cta_qa_0058,37,-34.375000
cta_qa_0058,38,-34.375000
cta_qa_0058,39,-34.375000
cta_qa_0058,40,-34.375000
cta_qa_0058,41,-34.375000
cta_qa_0058,42,-34.375000
cta_qa_0058,43,-34.375000
cta_qa_0058,44,-34.375000
cta_qa_0058,45,-34.375000
cta_qa_0058,46,-34.375000
cta_qa_0058,47,-34.375000
cta_qa_0058,48,-0.410957
cta_qa_0058,49,-0.410957
cta_qa_0058,50,-35.625000
cta_qa_0058,51,-0.410957
cta_qa_0058,52,-34.375000
cta_qa_0058,53,-34.375000
cta_qa_0058,54,-34.375000
cta_qa_0058,55,-34.375000
cta_qa_0058,56,-0.410957
cta_qa_0058,57,-34.375000
cta_qa_0058,58,-34.375000
cta_qa_0058,59,-0.410957
cta_qa_0058,60,-0.410957
cta_qa_0058,61,-0.410957
cta_qa_0058,62,-0.410957
cta_qa_0058,63,-34.375000
cta_qa_0059,0,-37.625000
cta_qa_0059,1,-37.625000
cta_qa_0059,2,-37.625000
cta_qa_0059,3,-37.625000
cta_qa_0059,4,-37.062500
cta_qa_0059,5,-0.319754
cta_qa_0059,6,-0.319754
cta_qa_0059,7,-0.319754
cta_qa_0059,8,-0.319754
cta_qa_0059,9,-0.319754
cta_qa_0059,10,-37.062500
cta_qa_0059,11,-0.319754
cta_qa_0059,12,-0.319754
cta_qa_0059,13,-37.062500
cta_qa_0059,14,-0.319754
cta_qa_0059,15,-0.319754
cta_qa_0059,16,-37.625000
cta_qa_0059,17,-37.625000
cta_qa_0059,18,-37.625000
cta_qa_0059,19,-37.625000
cta_qa_0059,20,-0.319754
cta_qa_0059,21,-0.319754
cta_qa_0059,22,-0.319754
cta_qa_0059,23,-37.062500
cta_qa_0059,24,-37.625000
cta_qa_0059,25,-37.625000
cta_qa_0059,26,-37.625000
cta_qa_0059,27,-37.625000
cta_qa_0059,28,-37.625000
cta_qa_0059,29,-37.625000
cta_qa_0059,30,-37.625000
cta_qa_0059,31,-37.625000
cta_qa_0059,32,-37.062500
cta_qa_0059,33,-0.319754
cta_qa_0059,34,-0.319754
cta_qa_0059,35,-0.319754
cta_qa_0059,36,-37.062500
cta_qa_0059,37,-0.319754
cta_qa_0059,38,-0.501179
cta_qa_0059,39,-0.319754
cta_qa_0059,40,-0.319754
cta_qa_0059,41,-0.319754
cta_qa_0059,42,-0.319754
cta_qa_0059,43,-37.062500
cta_qa_0059,44,-0.319754
cta_qa_0059,45,-37.062500
cta_qa_0059,46,-0.319754
cta_qa_0059,47,-37.062500
cta_qa_0059,48,-0.378286
cta_qa_0059,49,-37.250000
cta_qa_0059,50,-37.250000
cta_qa_0059,51,-37.250000
cta_qa_0059,52,-37.062500
cta_qa_0059,53,-0.319754
cta_qa_0059,54,-0.319754
cta_qa_0059,55,-0.319754
cta_qa_0059,56,-37.250000
cta_qa_0059,57,-37.250000
cta_qa_0059,58,-0.378286
cta_qa_0059,59,-37.250000
cta_qa_0059,60,-37.062500
cta_qa_0059,61,-0.319754
cta_qa_0059,62,-0.319754
cta_qa_0059,63,-0.319754
cta_qa_0060,0,-38.375000
cta_qa_0060,1,-38.375000
cta_qa_0060,2,-38.375000
cta_qa_0060,3,-38.375000
cta_qa_0060,4,-38.375000
cta_qa_0060,5,-38.375000
cta_qa_0060,6,-38.375000
cta_qa_0060,7,-38.375000
cta_qa_0060,8,-38.375000
cta_qa_0060,9,-38.375000
cta_qa_0060,10,-38.375000
cta_qa_0060,11,-38.375000
cta_qa_0060,12,-38.375000
cta_qa_0060,13,-38.375000
cta_qa_0060,14,-38.375000
cta_qa_0060,15,-38.375000
cta_qa_0060,16,-38.375000
cta_qa_0060,17,-38.375000
cta_qa_0060,18,-38.375000
cta_qa_0060,19,-38.375000
cta_qa_0060,20,-38.375000
cta_qa_0060,21,-38.375000
cta_qa_0060,22,-38.375000
cta_qa_0060,23,-38.375000
cta_qa_0060,24,-38.375000
cta_qa_0060,25,-38.375000
cta_qa_0060,26,-38.375000
cta_qa_0060,27,-38.375000
cta_qa_0060,28,-38.375000
cta_qa_0060,29,-38.375000
cta_qa_0060,30,-38.375000
cta_qa_0060,31,-38.375000
cta_qa_0060,32,-38.375000
cta_qa_0060,33,-38.375000
cta_qa_0060,34,-38.375000
cta_qa_0060,35,-38.125000
cta_qa_0060,36,-38.375000
cta_qa_0060,37,-38.375000
cta_qa_0060,38,-38.375000
cta_qa_0060,39,-38.375000
cta_qa_0060,40,-38.375000
cta_qa_0060,41,-38.375000
cta_qa_0060,42,-38.375000
cta_qa_0060,43,-38.375000
cta_qa_0060,44,-38.375000
cta_qa_0060,45,-38.375000
cta_qa_0060,46,-38.375000
cta_qa_0060,47,-38.375000
cta_qa_0060,48,-38.375000
cta_qa_0060,49,-38.375000
cta_qa_0060,50,-38.375000
cta_qa_0060,51,-38.375000
cta_qa_0060,52,-38.375000
cta_qa_0060,53,-38.375000
cta_qa_0060,54,-38.375000
cta_qa_0060,55,-38.375000
cta_qa_0060,56,-38.375000
cta_qa_0060,57,-38.375000
cta_qa_0060,58,-38.375000
cta_qa_0060,59,-38.375000
cta_qa_0060,60,-38.375000
cta_qa_0060,61,-38.375000
cta_qa_0060,62,-38.375000
cta_qa_0060,63,-38.375000
cta_qa_0061,0,-0.411938
cta_qa_0061,1,-34.000000
cta_qa_0061,2,-34.000000
cta_qa_0061,3,-0.472507
cta_qa_0061,4,-37.375000
cta_qa_0061,5,-0.442324
cta_qa_0061,6,-0.441254
cta_qa_0061,7,-0.528280
cta_qa_0061,8,-0.411938
cta_qa_0061,9,-0.411938
cta_qa_0061,10,-0.411070
cta_qa_0061,11,-37.250000
cta_qa_0061,12,-0.316071
cta_qa_0061,13,-37.625000
cta_qa_0061,14,-0.379827
cta_qa_0061,15,-0.441140
cta_qa_0061,16,-36.625000
cta_qa_0061,17,-36.625000
cta_qa_0061,18,-36.625000
cta_qa_0061,19,-36.625000
cta_qa_0061,20,-34.000000
cta_qa_0061,21,-34.000000
cta_qa_0061,22,-0.439956
cta_qa_0061,23,-0.411938
cta_qa_0061,24,-0.442107
cta_qa_0061,25,-0.379829
cta_qa_0061,26,-0.439636
cta_qa_0061,27,-34.000000
cta_qa_0061,28,-34.125000
cta_qa_0061,29,-0.412017
cta_qa_0061,30,-0.284513
cta_qa_0061,31,-0.412017
cta_qa_0061,32,-0.286933
cta_qa_0061,33,-36.750000
cta_qa_0061,34,-0.286933
cta_qa_0061,35,-0.414438
cta_qa_0061,36,-0.284182
cta_qa_0061,37,-0.412017
cta_qa_0061,38,-0.410012
cta_qa_0061,39,-34.125000
cta_qa_0061,40,-0.410012
cta_qa_0061,41,-0.443188
cta_qa_0061,42,-36.750000
cta_qa_0061,43,-0.319334
cta_qa_0061,44,-0.412285
cta_qa_0061,45,-36.312500
cta_qa_0061,46,-0.351418
cta_qa_0061,47,-0.316071
cta_qa_0061,48,-0.407342
cta_qa_0061,49,-0.445102
cta_qa_0061,50,-37.875000
cta_qa_0061,51,-0.445102
cta_qa_0061,52,-0.411938
cta_qa_0061,53,-34.000000
cta_qa_0061,54,-0.411938
cta_qa_0061,55,-0.410800
cta_qa_0061,56,-37.125000
cta_qa_0061,57,-0.412017
cta_qa_0061,58,-34.125000
cta_qa_0061,59,-0.284182
cta_qa_0061,60,-34.000000
cta_qa_0061,61,-0.524040
cta_qa_0061,62,-0.411938
cta_qa_0061,63,-0.379829
cta_qa_0062,0,-37.000000
cta_qa_0062,1,-0.291963
cta_qa_0062,2,-0.408814
cta_qa_0062,3,-37.000000
cta_qa_0062,4,-0.318792
cta_qa_0062,5,-37.750000
cta_qa_0062,6,-0.318792
cta_qa_0062,7,-0.318792
cta_qa_0062,8,-0.442524
cta_qa_0062,9,-0.319619
cta_qa_0062,10,-0.442524
cta_qa_0062,11,-34.750000
cta_qa_0062,12,-0.325408
cta_qa_0062,13,-0.322294
cta_qa_0062,14,-0.258138
cta_qa_0062,15,-36.750000
cta_qa_0062,16,-0.411361
cta_qa_0062,17,-37.375000
cta_qa_0062,18,-0.411361
cta_qa_0062,19,-0.324018
cta_qa_0062,20,-36.875000
cta_qa_0062,21,-0.376162
cta_qa_0062,22,-36.875000
cta_qa_0062,23,-0.376162
cta_qa_0062,24,-36.687500
cta_qa_0062,25,-0.411361
cta_qa_0062,26,-0.316324
cta_qa_0062,27,-0.294904
cta_qa_0062,28,-0.411361
cta_qa_0062,29,-36.687500
cta_qa_0062,30,-0.411361
cta_qa_0062,31,-37.375000
cta_qa_0062,32,-0.289033
cta_qa_0062,33,-36.750000
cta_qa_0062,34,-0.325408
cta_qa_0062,35,-0.289033
cta_qa_0062,36,-36.875000
cta_qa_0062,37,-0.376162
cta_qa_0062,38,-0.376162
cta_qa_0062,39,-0.376162
cta_qa_0062,40,-37.062500
cta_qa_0062,41,-0.408814
cta_qa_0062,42,-0.408814
cta_qa_0062,43,-0.408814
cta_qa_0062,44,-37.000000
cta_qa_0062,45,-0.324016
cta_qa_0062,46,-0.408814
cta_qa_0062,47,-0.408814
cta_qa_0062,48,-0.378467
cta_qa_0062,49,-0.378467
cta_qa_0062,50,-0.352661
cta_qa_0062,51,-31.250000
cta_qa_0062,52,-0.408814
cta_qa_0062,53,-0.408814
cta_qa_0062,54,-0.251555
cta_qa_0062,55,-37.000000
cta_qa_0062,56,-0.289655
cta_qa_0062,57,-36.500000
cta_qa_0062,58,-0.320432
cta_qa_0062,59,-0.261868
cta_qa_0062,60,-0.376162
cta_qa_0062,61,-0.376162
cta_qa_0062,62,-36.875000
cta_qa_0062,63,-36.750000
cta_qa_0063,0,-0.502575
cta_qa_0063,1,-36.687500
cta_qa_0063,2,-33.875000
cta_qa_0063,3,-0.384865
cta_qa_0063,4,-35.937500
cta_qa_0063,5,-0.409566
cta_qa_0063,6,-0.319616
cta_qa_0063,7,-0.320088
cta_qa_0063,8,-35.000000
cta_qa_0063,9,-35.000000
cta_qa_0063,10,-0.495874
cta_qa_0063,11,-0.348225
cta_qa_0063,12,-0.383555
cta_qa_0063,13,-35.875000
cta_qa_0063,14,-35.875000
cta_qa_0063,15,-0.383555
cta_qa_0063,16,-0.346065
cta_qa_0063,17,-0.376537
cta_qa_0063,18,-0.376537
cta_qa_0063,19,-36.687500
cta_qa_0063,20,-35.625000
cta_qa_0063,21,-0.383555
cta_qa_0063,22,-35.875000
cta_qa_0063,23,-0.382353
cta_qa_0063,24,-0.383555
cta_qa_0063,25,-35.875000
cta_qa_0063,26,-35.875000
cta_qa_0063,27,-0.383555
cta_qa_0063,28,-0.383555
cta_qa_0063,29,-35.625000
cta_qa_0063,30,-0.443811
cta_qa_0063,31,-0.411228
cta_qa_0063,32,-35.875000
cta_qa_0063,33,-0.383555
cta_qa_0063,34,-35.875000
cta_qa_0063,35,-0.350081
cta_qa_0063,36,-0.383555
cta_qa_0063,37,-35.625000
cta_qa_0063,38,-0.383555
cta_qa_0063,39,-0.383555
cta_qa_0063,40,-0.349516
cta_qa_0063,41,-35.875000
cta_qa_0063,42,-0.349516
cta_qa_0063,43,-0.349516
cta_qa_0063,44,-36.375000
cta_qa_0063,45,-36.250000
cta_qa_0063,46,-36.375000
cta_qa_0063,47,-35.125000
cta_qa_0063,48,-0.383555
cta_qa_0063,49,-0.409799
cta_qa_0063,50,-0.474883
cta_qa_0063,51,-35.625000
cta_qa_0063,52,-35.375000
cta_qa_0063,53,-35.375000
cta_qa_0063,54,-35.375000
cta_qa_0063,55,-35.750000
cta_qa_0063,56,-0.350081
cta_qa_0063,57,-35.625000
cta_qa_0063,58,-35.875000
cta_qa_0063,59,-35.625000
cta_qa_0063,60,-0.383555
cta_qa_0063,61,-35.625000
cta_qa_0063,62,-35.625000
cta_qa_0063,63,-0.502694
cta_qa_0064,0,-35.500000
cta_qa_0064,1,-35.500000
cta_qa_0064,2,-0.441843
cta_qa_0064,3,-0.322791
cta_qa_0064,4,-0.322361
cta_qa_0064,5,-0.441698
cta_qa_0064,6,-35.125000
cta_qa_0064,7,-38.562500
cta_qa_0064,8,-0.322791
cta_qa_0064,9,-0.322791
cta_qa_0064,10,-0.322791
cta_qa_0064,11,-35.500000
cta_qa_0064,12,-35.500000
cta_qa_0064,13,-0.322791
cta_qa_0064,14,-35.500000
cta_qa_0064,15,-0.322791
cta_qa_0064,16,-35.500000
cta_qa_0064,17,-0.322791
cta_qa_0064,18,-0.322791
cta_qa_0064,19,-0.322791
cta_qa_0064,20,-0.383354
cta_qa_0064,21,-0.322473
cta_qa_0064,22,-0.383354
cta_qa_0064,23,-37.312500
cta_qa_0064,24,-35.500000
cta_qa_0064,25,-35.500000
cta_qa_0064,26,-0.322791
cta_qa_0064,27,-0.322791
cta_qa_0064,28,-0.322791
cta_qa_0064,29,-35.500000
cta_qa_0064,30,-35.500000
cta_qa_0064,31,-0.322791
cta_qa_0064,32,-0.322791
cta_qa_0064,33,-0.322791
cta_qa_0064,34,-35.500000
cta_qa_0064,35,-35.750000
cta_qa_0064,36,-0.438782
cta_qa_0064,37,-0.379817
cta_qa_0064,38,-0.187307
cta_qa_0064,39,-36.437500
cta_qa_0064,40,-0.322791
cta_qa_0064,41,-35.500000
cta_qa_0064,42,-35.500000
cta_qa_0064,43,-0.322791
cta_qa_0064,44,-35.500000
cta_qa_0064,45,-0.322791
cta_qa_0064,46,-35.500000
cta_qa_0064,47,-35.500000
cta_qa_0064,48,-0.441843
cta_qa_0064,49,-35.500000
cta_qa_0064,50,-0.322791
cta_qa_0064,51,-35.500000
cta_qa_0064,52,-35.375000
cta_qa_0064,53,-35.375000
cta_qa_0064,54,-35.375000
cta_qa_0064,55,-35.375000
cta_qa_0064,56,-0.322791
cta_qa_0064,57,-0.322791
cta_qa_0064,58,-0.322791
cta_qa_0064,59,-35.500000
cta_qa_0064,60,-0.441843
cta_qa_0064,61,-0.322791
cta_qa_0064,62,-0.322791
cta_qa_0064,63,-35.500000
cta_qa_0065,0,-0.354500
cta_qa_0065,1,-0.324765
cta_qa_0065,2,-33.375000
cta_qa_0065,3,-0.324765
cta_qa_0065,4,-24.375000
cta_qa_0065,5,-0.445890
cta_qa_0065,6,-0.445890
cta_qa_0065,7,-0.384077
cta_qa_0065,8,-31.500000
cta_qa_0065,9,-0.412836
cta_qa_0065,10,-0.439986
cta_qa_0065,11,-0.499786
cta_qa_0065,12,-33.125000
cta_qa_0065,13,-33.125000
cta_qa_0065,14,-0.411014
cta_qa_0065,15,-0.440133
cta_qa_0065,16,-33.375000
cta_qa_0065,17,-0.441702
cta_qa_0065,18,-0.382063
cta_qa_0065,19,-0.288539
cta_qa_0065,20,-0.346041
cta_qa_0065,21,-0.469878
cta_qa_0065,22,-34.000000
cta_qa_0065,23,-0.290710
cta_qa_0065,24,-0.318479
cta_qa_0065,25,-0.289689
cta_qa_0065,26,-0.221021
cta_qa_0065,27,-36.625000
cta_qa_0065,28,-0.469878
cta_qa_0065,29,-0.469878
cta_qa_0065,30,-34.000000
cta_qa_0065,31,-0.469878
cta_qa_0065,32,-33.125000
cta_qa_0065,33,-0.412133
cta_qa_0065,34,-0.385604
cta_qa_0065,35,-0.440133
cta_qa_0065,36,-36.000000
cta_qa_0065,37,-37.062500
cta_qa_0065,38,-37.437500
cta_qa_0065,39,-0.464487
cta_qa_0065,40,-21.750000
cta_qa_0065,41,-0.437298
cta_qa_0065,42,-0.437298
cta_qa_0065,43,-0.437298
cta_qa_0065,44,-24.375000
cta_qa_0065,45,-0.445813
cta_qa_0065,46,-0.384077
cta_qa_0065,47,-0.380146
cta_qa_0065,48,-0.378836
cta_qa_0065,49,-0.440133
cta_qa_0065,50,-33.125000
cta_qa_0065,51,-0.440133
cta_qa_0065,52,-36.250000
cta_qa_0065,53,-0.317349
cta_qa_0065,54,-0.377160
cta_qa_0065,55,-0.253140
cta_qa_0065,56,-33.125000
cta_qa_0065,57,-0.349578
cta_qa_0065,58,-0.349578
cta_qa_0065,59,-0.469849
cta_qa_0065,60,-0.285148
cta_qa_0065,61,-37.000000
cta_qa_0065,62,-0.384199
cta_qa_0065,63,-0.354500
cta_qa_0066,0,-0.560869
cta_qa_0066,1,-37.125000
cta_qa_0066,2,-0.560869
cta_qa_0066,3,-0.413715
cta_qa_0066,4,-0.384863
cta_qa_0066,5,-0.493826
cta_qa_0066,6,-19.750000
cta_qa_0066,7,-19.750000
cta_qa_0066,8,-0.560869
cta_qa_0066,9,-37.125000
cta_qa_0066,10,-0.560869
cta_qa_0066,11,-0.413715
cta_qa_0066,12,-0.432717
cta_qa_0066,13,-0.350750
cta_qa_0066,14,-31.875000
cta_qa_0066,15,-0.382074
cta_qa_0066,16,-0.286834
cta_qa_0066,17,-0.384863
cta_qa_0066,18,-0.411681
cta_qa_0066,19,-19.750000
cta_qa_0066,20,-30.375000
cta_qa_0066,21,-0.404558
cta_qa_0066,22,-0.350835
cta_qa_0066,23,-0.404558
cta_qa_0066,24,-0.496792
cta_qa_0066,25,-0.496792
cta_qa_0066,26,-0.496792
cta_qa_0066,27,-8.624996
cta_qa_0066,28,-0.560822
cta_qa_0066,29,-0.560822
cta_qa_0066,30,-36.375000
cta_qa_0066,31,-0.413285
cta_qa_0066,32,-0.349112
cta_qa_0066,33,-33.000000
cta_qa_0066,34,-33.000000
cta_qa_0066,35,-0.435743
cta_qa_0066,36,-0.435743
cta_qa_0066,37,-33.000000
cta_qa_0066,38,-33.000000
cta_qa_0066,39,-0.435743
cta_qa_0066,40,-0.415298
cta_qa_0066,41,-0.441863
cta_qa_0066,42,-0.320898
cta_qa_0066,43,-18.500000
cta_qa_0066,44,-30.125000
cta_qa_0066,45,-0.352531
cta_qa_0066,46,-0.408956
cta_qa_0066,47,-0.353151
cta_qa_0066,48,-31.250000
cta_qa_0066,49,-0.501204
cta_qa_0066,50,-0.501204
cta_qa_0066,51,-0.501204
cta_qa_0066,52,-32.500000
cta_qa_0066,53,-0.285470
cta_qa_0066,54,-0.467024
cta_qa_0066,55,-0.324898
cta_qa_0066,56,-0.384735
cta_qa_0066,57,-0.470045
cta_qa_0066,58,-0.384735
cta_qa_0066,59,-15.249999
cta_qa_0066,60,-15.249999
cta_qa_0066,61,-0.415034
cta_qa_0066,62,-0.352952
cta_qa_0066,63,-0.470045
cta_qa_0067,0,-36.250000
cta_qa_0067,1,-0.357071
cta_qa_0067,2,-0.385775
cta_qa_0067,3,-0.385775
cta_qa_0067,4,-0.381251
cta_qa_0067,5,-37.000000
cta_qa_0067,6,-37.000000
cta_qa_0067,7,-37.000000
cta_qa_0067,8,-0.263566
cta_qa_0067,9,-36.000000
cta_qa_0067,10,-0.385615
cta_qa_0067,11,-0.356872
cta_qa_0067,12,-0.327847
cta_qa_0067,13,-37.812500
cta_qa_0067,14,-0.204001
cta_qa_0067,15,-0.133113
cta_qa_0067,16,-36.500000
cta_qa_0067,17,-36.375000
cta_qa_0067,18,-34.250000
cta_qa_0067,19,-34.250000
cta_qa_0067,20,-0.381251
cta_qa_0067,21,-37.000000
cta_qa_0067,22,-37.000000
cta_qa_0067,23,-0.381251
cta_qa_0067,24,-0.385751
cta_qa_0067,25,-0.384459
cta_qa_0067,26,-36.187500
cta_qa_0067,27,-0.353062
cta_qa_0067,28,-0.356889
cta_qa_0067,29,-37.500000
cta_qa_0067,30,-36.125000
cta_qa_0067,31,-0.386872
cta_qa_0067,32,-0.356679
cta_qa_0067,33,-37.375000
cta_qa_0067,34,-0.386872
cta_qa_0067,35,-0.354991
cta_qa_0067,36,-0.387742
cta_qa_0067,37,-0.356868
cta_qa_0067,38,-36.437500
cta_qa_0067,39,-0.385448
cta_qa_0067,40,-34.250000
cta_qa_0067,41,-34.250000
cta_qa_0067,42,-36.375000
cta_qa_0067,43,-34.250000
cta_qa_0067,44,-37.000000
cta_qa_0067,45,-37.000000
cta_qa_0067,46,-0.316599
cta_qa_0067,47,-0.381251
cta_qa_0067,48,-37.000000
cta_qa_0067,49,-0.383150
cta_qa_0067,50,-0.383150
cta_qa_0067,51,-0.383150
cta_qa_0067,52,-0.411544
cta_qa_0067,53,-0.388517
cta_qa_0067,54,-35.125000
cta_qa_0067,55,-0.388324
cta_qa_0067,56,-0.419003
cta_qa_0067,57,-0.419190
cta_qa_0067,58,-0.389570
cta_qa_0067,59,-37.437500
cta_qa_0067,60,-37.000000
cta_qa_0067,61,-0.383150
cta_qa_0067,62,-0.316599
cta_qa_0067,63,-0.316599
cta_qa_0068,0,-37.875000
cta_qa_0068,1,-37.875000
cta_qa_0068,2,-37.875000
cta_qa_0068,3,-37.875000
cta_qa_0068,4,-37.875000
cta_qa_0068,5,-37.875000
cta_qa_0068,6,-37.875000
cta_qa_0068,7,-37.875000
cta_qa_0068,8,-0.349128
cta_qa_0068,9,-37.875000
cta_qa_0068,10,-37.875000
cta_qa_0068,11,-37.875000
cta_qa_0068,12,-37.875000
cta_qa_0068,13,-37.875000
cta_qa_0068,14,-37.875000
cta_qa_0068,15,-37.875000
cta_qa_0068,16,-37.875000
cta_qa_0068,17,-37.875000
cta_qa_0068,18,-0.382925
cta_qa_0068,19,-37.875000
cta_qa_0068,20,-0.349065
cta_qa_0068,21,-0.408677
cta_qa_0068,22,-37.562500
cta_qa_0068,23,-0.349065
cta_qa_0068,24,-37.625000
cta_qa_0068,25,-0.295378
cta_qa_0068,26,-0.295378
cta_qa_0068,27,-0.295378
cta_qa_0068,28,-37.875000
cta_qa_0068,29,-37.875000
cta_qa_0068,30,-37.875000
cta_qa_0068,31,-37.875000
cta_qa_0068,32,-37.875000
cta_qa_0068,33,-37.875000
cta_qa_0068,34,-37.875000
cta_qa_0068,35,-37.875000
cta_qa_0068,36,-37.875000
cta_qa_0068,37,-37.875000
cta_qa_0068,38,-37.875000
cta_qa_0068,39,-37.875000
cta_qa_0068,40,-37.875000
cta_qa_0068,41,-37.875000
cta_qa_0068,42,-37.875000
cta_qa_0068,43,-37.875000
cta_qa_0068,44,-0.259977
cta_qa_0068,45,-0.259977
cta_qa_0068,46,-0.259977
cta_qa_0068,47,-38.062500
cta_qa_0068,48,-37.875000
cta_qa_0068,49,-37.875000
cta_qa_0068,50,-37.875000
cta_qa_0068,51,-37.875000
cta_qa_0068,52,-37.875000
cta_qa_0068,53,-37.875000
cta_qa_0068,54,-37.875000
cta_qa_0068,55,-37.875000
cta_qa_0068,56,-0.349065
cta_qa_0068,57,-0.349065
cta_qa_0068,58,-0.349065
cta_qa_0068,59,-37.562500
cta_qa_0068,60,-37.875000
cta_qa_0068,61,-37.875000
cta_qa_0068,62,-37.875000
cta_qa_0068,63,-37.875000
cta_qa_0069,0,-0.223506
cta_qa_0069,1,-30.750000
cta_qa_0069,2,-0.223506
cta_qa_0069,3,-0.223506
cta_qa_0069,4,-30.750000
cta_qa_0069,5,-0.404732
cta_qa_0069,6,-0.404732
cta_qa_0069,7,-0.223506
cta_qa_0069,8,-30.750000
cta_qa_0069,9,-0.223506
cta_qa_0069,10,-0.192398
cta_qa_0069,11,-0.223506
cta_qa_0069,12,-0.189817
cta_qa_0069,13,-35.750000
cta_qa_0069,14,-0.189817
cta_qa_0069,15,-0.189817
cta_qa_0069,16,-0.189817
cta_qa_0069,17,-0.189817
cta_qa_0069,18,-0.189817
cta_qa_0069,19,-32.375000
cta_qa_0069,20,-0.370829
cta_qa_0069,21,-35.750000
cta_qa_0069,22,-0.370829
cta_qa_0069,23,-0.220173
cta_qa_0069,24,-0.281907
cta_qa_0069,25,-32.875000
cta_qa_0069,26,-0.189817
cta_qa_0069,27,-0.189817
cta_qa_0069,28,-32.875000
cta_qa_0069,29,-34.750000
cta_qa_0069,30,-0.189817
cta_qa_0069,31,-0.219375
cta_qa_0069,32,-33.750000
cta_qa_0069,33,-33.750000
cta_qa_0069,34,-33.750000
cta_qa_0069,35,-0.373498
cta_qa_0069,36,-31.500000
cta_qa_0069,37,-0.251487
cta_qa_0069,38,-33.750000
cta_qa_0069,39,-33.750000
cta_qa_0069,40,-32.875000
cta_qa_0069,41,-32.375000
cta_qa_0069,42,-0.189817
cta_qa_0069,43,-0.189817
cta_qa_0069,44,-33.250000
cta_qa_0069,45,-33.250000
cta_qa_0069,46,-33.250000
cta_qa_0069,47,-33.250000
cta_qa_0069,48,-0.189817
cta_qa_0069,49,-32.875000
cta_qa_0069,50,-0.189817
cta_qa_0069,51,-0.189817
cta_qa_0069,52,-0.223506
cta_qa_0069,53,-0.251625
cta_qa_0069,54,-28.625000
cta_qa_0069,55,-0.223506
cta_qa_0069,56,-0.495864
cta_qa_0069,57,-0.439952
cta_qa_0069,58,-36.250000
cta_qa_0069,59,-0.495864
cta_qa_0069,60,-0.223506
cta_qa_0069,61,-30.750000
cta_qa_0069,62,-0.223506
cta_qa_0069,63,-0.223506
cta_qa_0070,0,-36.500000
cta_qa_0070,1,-37.000000
cta_qa_0070,2,-36.500000
cta_qa_0070,3,-0.409705
cta_qa_0070,4,-0.378406
cta_qa_0070,5,-36.500000
cta_qa_0070,6,-36.500000
cta_qa_0070,7,-36.500000
cta_qa_0070,8,-36.500000
cta_qa_0070,9,-36.500000
cta_qa_0070,10,-0.409705
cta_qa_0070,11,-36.500000
cta_qa_0070,12,-36.500000
cta_qa_0070,13,-37.000000
cta_qa_0070,14,-36.500000
cta_qa_0070,15,-0.378406
cta_qa_0070,16,-37.000000
cta_qa_0070,17,-0.378406
cta_qa_0070,18,-37.000000
cta_qa_0070,19,-36.500000
cta_qa_0070,20,-0.316529
cta_qa_0070,21,-36.500000
cta_qa_0070,22,-0.316529
cta_qa_0070,23,-0.347971
cta_qa_0070,24,-0.378406
cta_qa_0070,25,-36.500000
cta_qa_0070,26,-0.409705
cta_qa_0070,27,-36.500000
cta_qa_0070,28,-36.500000
cta_qa_0070,29,-36.500000
cta_qa_0070,30,-0.378406
cta_qa_0070,31,-0.409705
cta_qa_0070,32,-36.500000
cta_qa_0070,33,-0.378406
cta_qa_0070,34,-0.378406
cta_qa_0070,35,-36.500000
cta_qa_0070,36,-36.500000
cta_qa_0070,37,-0.409705
cta_qa_0070,38,-36.500000
cta_qa_0070,39,-0.378406
cta_qa_0070,40,-36.500000
cta_qa_0070,41,-0.496008
cta_qa_0070,42,-37.000000
cta_qa_0070,43,-0.409705
cta_qa_0070,44,-0.409705
cta_qa_0070,45,-36.500000
cta_qa_0070,46,-36.500000
cta_qa_0070,47,-36.750000
cta_qa_0070,48,-36.500000
cta_qa_0070,49,-0.378406
cta_qa_0070,50,-36.500000
cta_qa_0070,51,-0.409705
cta_qa_0070,52,-37.125000
cta_qa_0070,53,-36.500000
cta_qa_0070,54,-0.378406
cta_qa_0070,55,-36.500000
cta_qa_0070,56,-0.378406
cta_qa_0070,57,-36.500000
cta_qa_0070,58,-0.378406
cta_qa_0070,59,-36.500000
cta_qa_0070,60,-0.409599
cta_qa_0070,61,-36.500000
cta_qa_0070,62,-0.409705
cta_qa_0070,63,-36.500000
cta_qa_0071,0,-0.386029
cta_qa_0071,1,-0.353747
cta_qa_0071,2,-37.562500
cta_qa_0071,3,-0.355112
cta_qa_0071,4,-0.440729
cta_qa_0071,5,-36.875000
cta_qa_0071,6,-36.875000
cta_qa_0071,7,-0.492691
cta_qa_0071,8,-0.409475
cta_qa_0071,9,-0.410713
cta_qa_0071,10,-0.410875
cta_qa_0071,11,-37.000000
cta_qa_0071,12,-0.292606
cta_qa_0071,13,-0.414144
cta_qa_0071,14,-0.355257
cta_qa_0071,15,-28.500000
cta_qa_0071,16,-0.381386
cta_qa_0071,17,-0.382657
cta_qa_0071,18,-0.382657
cta_qa_0071,19,-32.500000
cta_qa_0071,20,-36.625000
cta_qa_0071,21,-0.412009
cta_qa_0071,22,-0.414289
cta_qa_0071,23,-0.383153
cta_qa_0071,24,-0.385611
cta_qa_0071,25,-0.382777
cta_qa_0071,26,-0.382777
cta_qa_0071,27,-36.437500
cta_qa_0071,28,-37.000000
cta_qa_0071,29,-0.440729
cta_qa_0071,30,-0.440729
cta_qa_0071,31,-0.410713
cta_qa_0071,32,-0.383538
cta_qa_0071,33,-0.352783
cta_qa_0071,34,-0.383044
cta_qa_0071,35,-36.250000
cta_qa_0071,36,-0.428945
cta_qa_0071,37,-0.315480
cta_qa_0071,38,-0.350781
cta_qa_0071,39,-36.500000
cta_qa_0071,40,-0.346559
cta_qa_0071,41,-37.750000
cta_qa_0071,42,-0.440236
cta_qa_0071,43,-0.440236
cta_qa_0071,44,-0.350974
cta_qa_0071,45,-37.562500
cta_qa_0071,46,-0.356730
cta_qa_0071,47,-0.413477
cta_qa_0071,48,-0.383153
cta_qa_0071,49,-0.432915
cta_qa_0071,50,-0.432915
cta_qa_0071,51,-37.625000
cta_qa_0071,52,-37.562500
cta_qa_0071,53,-0.350974
cta_qa_0071,54,-0.355112
cta_qa_0071,55,-0.355112
cta_qa_0071,56,-0.350518
cta_qa_0071,57,-0.292606
cta_qa_0071,58,-0.356475
cta_qa_0071,59,-28.500000
cta_qa_0071,60,-37.625000
cta_qa_0071,61,-0.319043
cta_qa_0071,62,-0.355755
cta_qa_0071,63,-0.413370
cta_qa_0072,0,-0.288030
cta_qa_0072,1,-36.625000
cta_qa_0072,2,-0.255557
cta_qa_0072,3,-0.326786
cta_qa_0072,4,-36.375000
cta_qa_0072,5,-36.375000
cta_qa_0072,6,-37.125000
cta_qa_0072,7,-36.375000
cta_qa_0072,8,-0.325656
cta_qa_0072,9,-36.250000
cta_qa_0072,10,-0.355953
cta_qa_0072,11,-0.355953
cta_qa_0072,12,-0.328321
cta_qa_0072,13,-36.375000
cta_qa_0072,14,-0.328321
cta_qa_0072,15,-0.262702
cta_qa_0072,16,-36.250000
cta_qa_0072,17,-0.412848
cta_qa_0072,18,-0.412114
cta_qa_0072,19,-0.384729
cta_qa_0072,20,-0.531041
cta_qa_0072,21,-0.384729
cta_qa_0072,22,-0.384729
cta_qa_0072,23,-35.625000
cta_qa_0072,24,-0.194586
cta_qa_0072,25,-0.194586
cta_qa_0072,26,-36.375000
cta_qa_0072,27,-0.328321
cta_qa_0072,28,-36.375000
cta_qa_0072,29,-36.375000
cta_qa_0072,30,-36.375000
cta_qa_0072,31,-36.375000
cta_qa_0072,32,-34.750000
cta_qa_0072,33,-0.291963
cta_qa_0072,34,-0.265300
cta_qa_0072,35,-0.297234
cta_qa_0072,36,-0.472326
cta_qa_0072,37,-0.355093
cta_qa_0072,38,-36.875000
cta_qa_0072,39,-0.472326
cta_qa_0072,40,-0.423191
cta_qa_0072,41,-36.750000
cta_qa_0072,42,-0.423191
cta_qa_0072,43,-0.423191
cta_qa_0072,44,-34.750000
cta_qa_0072,45,-0.297234
cta_qa_0072,46,-0.291963
cta_qa_0072,47,-0.321278
cta_qa_0072,48,-36.625000
cta_qa_0072,49,-0.322905
cta_qa_0072,50,-0.322905
cta_qa_0072,51,-0.322905
cta_qa_0072,52,-0.419989
cta_qa_0072,53,-35.250000
cta_qa_0072,54,-0.452186
cta_qa_0072,55,-0.391691
cta_qa_0072,56,-36.375000
cta_qa_0072,57,-36.375000
cta_qa_0072,58,-36.375000
cta_qa_0072,59,-36.375000
cta_qa_0072,60,-0.382673
cta_qa_0072,61,-36.375000
cta_qa_0072,62,-0.289090
cta_qa_0072,63,-0.289090
cta_qa_0073,0,-37.000000
cta_qa_0073,1,-36.687500
cta_qa_0073,2,-37.000000
cta_qa_0073,3,-37.000000
cta_qa_0073,4,-36.687500
cta_qa_0073,5,-36.687500
cta_qa_0073,6,-36.687500
cta_qa_0073,7,-37.000000
cta_qa_0073,8,-37.625000
cta_qa_0073,9,-0.400564
cta_qa_0073,10,-0.374792
cta_qa_0073,11,-0.374809
cta_qa_0073,12,-37.000000
cta_qa_0073,13,-36.687500
cta_qa_0073,14,-36.687500
cta_qa_0073,15,-36.687500
cta_qa_0073,16,-0.375874
cta_qa_0073,17,-0.369486
cta_qa_0073,18,-37.125000
cta_qa_0073,19,-0.408567
cta_qa_0073,20,-0.373067
cta_qa_0073,21,-0.338009
cta_qa_0073,22,-0.373067
cta_qa_0073,23,-37.625000
cta_qa_0073,24,-36.687500
cta_qa_0073,25,-36.687500
cta_qa_0073,26,-36.687500
cta_qa_0073,27,-36.687500
cta_qa_0073,28,-0.373067
cta_qa_0073,29,-0.373067
cta_qa_0073,30,-0.373067
cta_qa_0073,31,-37.625000
cta_qa_0073,32,-0.373067
cta_qa_0073,33,-37.625000
cta_qa_0073,34,-37.625000
cta_qa_0073,35,-0.338009
cta_qa_0073,36,-37.625000
cta_qa_0073,37,-0.373067
cta_qa_0073,38,-0.373067
cta_qa_0073,39,-37.625000
cta_qa_0073,40,-0.369486
cta_qa_0073,41,-0.369486
cta_qa_0073,42,-37.125000
cta_qa_0073,43,-0.408567
cta_qa_0073,44,-0.338009
cta_qa_0073,45,-0.373067
cta_qa_0073,46,-0.373067
cta_qa_0073,47,-37.625000
cta_qa_0073,48,-37.312500
cta_qa_0073,49,-0.338009
cta_qa_0073,50,-37.625000
cta_qa_0073,51,-0.373067
cta_qa_0073,52,-36.750000
cta_qa_0073,53,-0.438657
cta_qa_0073,54,-36.750000
cta_qa_0073,55,-36.750000
cta_qa_0073,56,-0.408567
cta_qa_0073,57,-37.125000
cta_qa_0073,58,-0.375874
cta_qa_0073,59,-0.408567
cta_qa_0073,60,-0.408567
cta_qa_0073,61,-0.408567
cta_qa_0073,62,-0.408567
cta_qa_0073,63,-37.125000
cta_qa_0074,0,-38.875000
cta_qa_0074,1,-38.875000
cta_qa_0074,2,-38.875000
cta_qa_0074,3,-38.875000
cta_qa_0074,4,-39.000000
cta_qa_0074,5,-39.000000
cta_qa_0074,6,-0.216863
cta_qa_0074,7,-0.216863
cta_qa_0074,8,-0.254076
cta_qa_0074,9,-39.000000
cta_qa_0074,10,-39.000000
cta_qa_0074,11,-0.216863
cta_qa_0074,12,-0.216863
cta_qa_0074,13,-39.000000
cta_qa_0074,14,-38.875000
cta_qa_0074,15,-38.812500
cta_qa_0074,16,-39.000000
cta_qa_0074,17,-39.000000
cta_qa_0074,18,-0.216863
cta_qa_0074,19,-39.000000
cta_qa_0074,20,-39.000000
cta_qa_0074,21,-39.000000
cta_qa_0074,22,-0.276960
cta_qa_0074,23,-0.287100
cta_qa_0074,24,-39.000000
cta_qa_0074,25,-39.000000
cta_qa_0074,26,-39.000000
cta_qa_0074,27,-0.276960
cta_qa_0074,28,-0.216863
cta_qa_0074,29,-39.000000
cta_qa_0074,30,-39.000000
cta_qa_0074,31,-0.216863
cta_qa_0074,32,-0.306009
cta_qa_0074,33,-0.281046
cta_qa_0074,34,-37.500000
cta_qa_0074,35,-0.306009
cta_qa_0074,36,-39.125000
cta_qa_0074,37,-0.372150
cta_qa_0074,38,-0.372150
cta_qa_0074,39,-0.376316
cta_qa_0074,40,-39.000000
cta_qa_0074,41,-0.400317
cta_qa_0074,42,-39.000000
cta_qa_0074,43,-0.307125
cta_qa_0074,44,-0.306009
cta_qa_0074,45,-0.306009
cta_qa_0074,46,-37.500000
cta_qa_0074,47,-0.306009
cta_qa_0074,48,-39.000000
cta_qa_0074,49,-39.000000
cta_qa_0074,50,-39.000000
cta_qa_0074,51,-0.216863
cta_qa_0074,52,-39.000000
cta_qa_0074,53,-39.000000
cta_qa_0074,54,-38.937500
cta_qa_0074,55,-0.276960
cta_qa_0074,56,-0.400317
cta_qa_0074,57,-39.000000
cta_qa_0074,58,-39.000000
cta_qa_0074,59,-0.276960
cta_qa_0074,60,-39.000000
cta_qa_0074,61,-0.276960
cta_qa_0074,62,-39.000000
cta_qa_0074,63,-39.000000
cta_qa_0075,0,-37.250000
cta_qa_0075,1,-37.250000
cta_qa_0075,2,-37.250000
cta_qa_0075,3,-38.750000
cta_qa_0075,4,-0.316920
cta_qa_0075,5,-0.315848
cta_qa_0075,6,-38.687500
cta_qa_0075,7,-0.316920
cta_qa_0075,8,-36.000000
cta_qa_0075,9,-0.315269
cta_qa_0075,10,-36.875000
cta_qa_0075,11,-36.000000
cta_qa_0075,12,-38.937500
cta_qa_0075,13,-37.125000
cta_qa_0075,14,-36.625000
cta_qa_0075,15,-0.378069
cta_qa_0075,16,-37.125000
cta_qa_0075,17,-0.378069
cta_qa_0075,18,-0.378069
cta_qa_0075,19,-0.378069
cta_qa_0075,20,-35.625000
cta_qa_0075,21,-35.625000
cta_qa_0075,22,-35.625000
cta_qa_0075,23,-35.625000
cta_qa_0075,24,-0.410296
cta_qa_0075,25,-0.346285
cta_qa_0075,26,-38.562500
cta_qa_0075,27,-0.344508
cta_qa_0075,28,-0.472050
cta_qa_0075,29,-0.472050
cta_qa_0075,30,-0.472050
cta_qa_0075,31,-36.000000
cta_qa_0075,32,-0.316348
cta_qa_0075,33,-0.315269
cta_qa_0075,34,-0.315269
cta_qa_0075,35,-36.000000
cta_qa_0075,36,-0.315269
cta_qa_0075,37,-0.472050
cta_qa_0075,38,-36.000000
cta_qa_0075,39,-0.315269
cta_qa_0075,40,-36.000000
cta_qa_0075,41,-0.315269
cta_qa_0075,42,-0.284405
cta_qa_0075,43,-0.315269
cta_qa_0075,44,-0.378069
cta_qa_0075,45,-0.378069
cta_qa_0075,46,-38.937500
cta_qa_0075,47,-37.125000
cta_qa_0075,48,-36.625000
cta_qa_0075,49,-0.378069
cta_qa_0075,50,-37.125000
cta_qa_0075,51,-0.378069
cta_qa_0075,52,-0.472050
cta_qa_0075,53,-36.875000
cta_qa_0075,54,-36.875000
cta_qa_0075,55,-36.250000
cta_qa_0075,56,-0.344508
cta_qa_0075,57,-37.687500
cta_qa_0075,58,-0.377961
cta_qa_0075,59,-0.344508
cta_qa_0075,60,-36.000000
cta_qa_0075,61,-36.000000
cta_qa_0075,62,-0.472050
cta_qa_0075,63,-36.000000
cta_qa_0076,0,-0.284320
cta_qa_0076,1,-0.284320
cta_qa_0076,2,-37.562500
cta_qa_0076,3,-0.284320
cta_qa_0076,4,-37.000000
cta_qa_0076,5,-0.284320
cta_qa_0076,6,-0.323225
cta_qa_0076,7,-0.284320
cta_qa_0076,8,-37.000000
cta_qa_0076,9,-0.323225
cta_qa_0076,10,-0.323225
cta_qa_0076,11,-0.323225
cta_qa_0076,12,-37.000000
cta_qa_0076,13,-0.284320
cta_qa_0076,14,-0.284320
cta_qa_0076,15,-0.323225
cta_qa_0076,16,-37.000000
cta_qa_0076,17,-0.323225
cta_qa_0076,18,-0.284320
cta_qa_0076,19,-37.000000
cta_qa_0076,20,-0.284320
cta_qa_0076,21,-0.284320
cta_qa_0076,22,-37.000000
cta_qa_0076,23,-0.284320
cta_qa_0076,24,-0.284320
cta_qa_0076,25,-0.284320
cta_qa_0076,26,-37.000000
cta_qa_0076,27,-37.000000
cta_qa_0076,28,-37.125000
cta_qa_0076,29,-37.125000
cta_qa_0076,30,-0.414887
cta_qa_0076,31,-37.125000
cta_qa_0076,32,-0.284320
cta_qa_0076,33,-37.562500
cta_qa_0076,34,-0.284320
cta_qa_0076,35,-0.284320
cta_qa_0076,36,-37.000000
cta_qa_0076,37,-37.562500
cta_qa_0076,38,-37.000000
cta_qa_0076,39,-0.350472
cta_qa_0076,40,-0.414887
cta_qa_0076,41,-0.351764
cta_qa_0076,42,-0.380781
cta_qa_0076,43,-37.125000
cta_qa_0076,44,-37.125000
cta_qa_0076,45,-0.414887
cta_qa_0076,46,-37.125000
cta_qa_0076,47,-0.351764
cta_qa_0076,48,-37.000000
cta_qa_0076,49,-0.284320
cta_qa_0076,50,-0.284320
cta_qa_0076,51,-0.323225
cta_qa_0076,52,-0.284320
cta_qa_0076,53,-37.000000
cta_qa_0076,54,-0.350472
cta_qa_0076,55,-0.323225
cta_qa_0076,56,-37.000000
cta_qa_0076,57,-37.000000
cta_qa_0076,58,-37.000000
cta_qa_0076,59,-0.323225
cta_qa_0076,60,-0.290971
cta_qa_0076,61,-30.625000
cta_qa_0076,62,-0.382432
cta_qa_0076,63,-0.290971
cta_qa_0077,0,-0.473351
cta_qa_0077,1,-38.062500
cta_qa_0077,2,-0.444826
cta_qa_0077,3,-0.442236
cta_qa_0077,4,-0.354944
cta_qa_0077,5,-0.407269
cta_qa_0077,6,-36.750000
cta_qa_0077,7,-0.349497
cta_qa_0077,8,-0.345191
cta_qa_0077,9,-37.812500
cta_qa_0077,10,-37.812500
cta_qa_0077,11,-37.750000
cta_qa_0077,12,-36.562500
cta_qa_0077,13,-0.410667
cta_qa_0077,14,-0.410667
cta_qa_0077,15,-0.381936
cta_qa_0077,16,-0.350961
cta_qa_0077,17,-0.413247
cta_qa_0077,18,-0.407269
cta_qa_0077,19,-37.562500
cta_qa_0077,20,-37.812500
cta_qa_0077,21,-0.283381
cta_qa_0077,22,-0.345191
cta_qa_0077,23,-0.345191
cta_qa_0077,24,-37.562500
cta_qa_0077,25,-37.562500
cta_qa_0077,26,-37.562500
cta_qa_0077,27,-37.375000
cta_qa_0077,28,-37.625000
cta_qa_0077,29,-37.937500
cta_qa_0077,30,-0.433824
cta_qa_0077,31,-37.625000
cta_qa_0077,32,-0.283381
cta_qa_0077,33,-0.283381
cta_qa_0077,34,-37.812500
cta_qa_0077,35,-0.345191
cta_qa_0077,36,-0.349497
cta_qa_0077,37,-0.413247
cta_qa_0077,38,-0.350961
cta_qa_0077,39,-36.250000
cta_qa_0077,40,-37.812500
cta_qa_0077,41,-37.812500
cta_qa_0077,42,-0.345191
cta_qa_0077,43,-37.812500
cta_qa_0077,44,-0.345191
cta_qa_0077,45,-37.750000
cta_qa_0077,46,-37.812500
cta_qa_0077,47,-0.345191
cta_qa_0077,48,-0.283381
cta_qa_0077,49,-0.283381
cta_qa_0077,50,-37.812500
cta_qa_0077,51,-0.345191
cta_qa_0077,52,-0.345191
cta_qa_0077,53,-37.812500
cta_qa_0077,54,-0.464528
cta_qa_0077,55,-37.812500
cta_qa_0077,56,-37.625000
cta_qa_0077,57,-37.812500
cta_qa_0077,58,-0.251408
cta_qa_0077,59,-0.345191
cta_qa_0077,60,-0.494454
cta_qa_0077,61,-0.444193
cta_qa_0077,62,-0.412659
cta_qa_0077,63,-35.375000
cta_qa_0078,0,-38.000000
cta_qa_0078,1,-38.000000
cta_qa_0078,2,-38.000000
cta_qa_0078,3,-38.000000
cta_qa_0078,4,-38.000000
cta_qa_0078,5,-0.311227
cta_qa_0078,6,-38.000000
cta_qa_0078,7,-0.248676
cta_qa_0078,8,-37.625000
cta_qa_0078,9,-0.313677
cta_qa_0078,10,-0.313677
cta_qa_0078,11,-0.313677
cta_qa_0078,12,-0.252365
cta_qa_0078,13,-38.500000
cta_qa_0078,14,-0.252365
cta_qa_0078,15,-0.219419
cta_qa_0078,16,-38.000000
cta_qa_0078,17,-38.000000
cta_qa_0078,18,-0.311227
cta_qa_0078,19,-0.311227
cta_qa_0078,20,-38.000000
cta_qa_0078,21,-38.000000
cta_qa_0078,22,-0.311227
cta_qa_0078,23,-38.000000
cta_qa_0078,24,-38.312500
cta_qa_0078,25,-0.222849
cta_qa_0078,26,-0.246865
cta_qa_0078,27,-0.251151
cta_qa_0078,28,-0.318098
cta_qa_0078,29,-0.318098
cta_qa_0078,30,-38.375000
cta_qa_0078,31,-0.318098
cta_qa_0078,32,-38.000000
cta_qa_0078,33,-0.311227
cta_qa_0078,34,-0.374819
cta_qa_0078,35,-38.000000
cta_qa_0078,36,-0.315094
cta_qa_0078,37,-0.315094
cta_qa_0078,38,-38.687500
cta_qa_0078,39,-0.315094
cta_qa_0078,40,-0.311227
cta_qa_0078,41,-38.000000
cta_qa_0078,42,-38.000000
cta_qa_0078,43,-0.311227
cta_qa_0078,44,-0.311227
cta_qa_0078,45,-37.812500
cta_qa_0078,46,-0.311227
cta_qa_0078,47,-0.374819
cta_qa_0078,48,-0.311227
cta_qa_0078,49,-0.251183
cta_qa_0078,50,-38.000000
cta_qa_0078,51,-38.000000
cta_qa_0078,52,-0.311227
cta_qa_0078,53,-37.812500
cta_qa_0078,54,-38.000000
cta_qa_0078,55,-38.000000
cta_qa_0078,56,-0.219419
cta_qa_0078,57,-38.437500
cta_qa_0078,58,-0.220007
cta_qa_0078,59,-0.188213
cta_qa_0078,60,-0.311227
cta_qa_0078,61,-38.000000
cta_qa_0078,62,-0.251183
cta_qa_0078,63,-0.221308
cta_qa_0079,0,-36.562500
cta_qa_0079,1,-36.562500
cta_qa_0079,2,-36.562500
cta_qa_0079,3,-36.562500
cta_qa_0079,4,-0.350537
cta_qa_0079,5,-0.350740
cta_qa_0079,6,-0.350537
cta_qa_0079,7,-38.062500
cta_qa_0079,8,-36.562500
cta_qa_0079,9,-36.562500
cta_qa_0079,10,-36.562500
cta_qa_0079,11,-36.562500
cta_qa_0079,12,-36.312500
cta_qa_0079,13,-36.312500
cta_qa_0079,14,-0.407405
cta_qa_0079,15,-36.312500
cta_qa_0079,16,-37.187500
cta_qa_0079,17,-0.350537
cta_qa_0079,18,-0.350537
cta_qa_0079,19,-0.350537
cta_qa_0079,20,-35.375000
cta_qa_0079,21,-35.375000
cta_qa_0079,22,-0.319033
cta_qa_0079,23,-0.319033
cta_qa_0079,24,-36.562500
cta_qa_0079,25,-36.562500
cta_qa_0079,26,-36.562500
cta_qa_0079,27,-36.562500
cta_qa_0079,28,-36.562500
cta_qa_0079,29,-36.562500
cta_qa_0079,30,-36.562500
cta_qa_0079,31,-36.562500
cta_qa_0079,32,-36.562500
cta_qa_0079,33,-36.562500
cta_qa_0079,34,-36.562500
cta_qa_0079,35,-36.562500
cta_qa_0079,36,-0.319033
cta_qa_0079,37,-0.319033
cta_qa_0079,38,-0.319033
cta_qa_0079,39,-33.375000
cta_qa_0079,40,-0.310449
cta_qa_0079,41,-37.875000
cta_qa_0079,42,-35.000000
cta_qa_0079,43,-0.320508
cta_qa_0079,44,-36.562500
cta_qa_0079,45,-36.562500
cta_qa_0079,46,-36.562500
cta_qa_0079,47,-36.562500
cta_qa_0079,48,-36.562500
cta_qa_0079,49,-36.562500
cta_qa_0079,50,-36.562500
cta_qa_0079,51,-36.562500
cta_qa_0079,52,-36.562500
cta_qa_0079,53,-36.562500
cta_qa_0079,54,-36.562500
cta_qa_0079,55,-36.562500
cta_qa_0079,56,-0.351523
cta_qa_0079,57,-0.351523
cta_qa_0079,58,-37.125000
cta_qa_0079,59,-0.351523
cta_qa_0079,60,-36.562500
cta_qa_0079,61,-36.562500
cta_qa_0079,62,-36.562500
cta_qa_0079,63,-36.562500
cta_qa_0080,0,-0.380737
cta_qa_0080,1,-0.438749
cta_qa_0080,2,-38.562500
cta_qa_0080,3,-0.407576
cta_qa_0080,4,-0.309422
cta_qa_0080,5,-0.159160
cta_qa_0080,6,-0.156057
cta_qa_0080,7,-38.437500
cta_qa_0080,8,-0.190499
cta_qa_0080,9,-37.500000
cta_qa_0080,10,-37.500000
cta_qa_0080,11,-37.500000
cta_qa_0080,12,-37.500000
cta_qa_0080,13,-0.190499
cta_qa_0080,14,-0.159163
cta_qa_0080,15,-0.190499
cta_qa_0080,16,-39.000000
cta_qa_0080,17,-39.000000
cta_qa_0080,18,-37.750000
cta_qa_0080,19,-37.750000
cta_qa_0080,20,-0.313622
cta_qa_0080,21,-0.313622
cta_qa_0080,22,-0.344850
cta_qa_0080,23,-38.000000
cta_qa_0080,24,-37.250000
cta_qa_0080,25,-0.190499
cta_qa_0080,26,-37.500000
cta_qa_0080,27,-0.190499
cta_qa_0080,28,-0.155233
cta_qa_0080,29,-0.312306
cta_qa_0080,30,-37.687500
cta_qa_0080,31,-37.687500
cta_qa_0080,32,-0.190499
cta_qa_0080,33,-0.190499
cta_qa_0080,34,-0.190499
cta_qa_0080,35,-37.500000
cta_qa_0080,36,-37.500000
cta_qa_0080,37,-0.192198
cta_qa_0080,38,-37.500000
cta_qa_0080,39,-0.186151
cta_qa_0080,40,-0.159660
cta_qa_0080,41,-0.159660
cta_qa_0080,42,-37.687500
cta_qa_0080,43,-37.687500
cta_qa_0080,44,-0.253437
cta_qa_0080,45,-0.253437
cta_qa_0080,46,-37.875000
cta_qa_0080,47,-0.282306
cta_qa_0080,48,-0.155233
cta_qa_0080,49,-0.366468
cta_qa_0080,50,-37.687500
cta_qa_0080,51,-37.687500
cta_qa_0080,52,-0.190499
cta_qa_0080,53,-0.190499
cta_qa_0080,54,-37.500000
cta_qa_0080,55,-37.500000
cta_qa_0080,56,-38.562500
cta_qa_0080,57,-37.625000
cta_qa_0080,58,-37.625000
cta_qa_0080,59,-37.625000
cta_qa_0080,60,-37.875000
cta_qa_0080,61,-0.253437
cta_qa_0080,62,-0.282306
cta_qa_0080,63,-0.253437
cta_qa_0081,0,-33.125000
cta_qa_0081,1,-33.125000
cta_qa_0081,2,-33.125000
cta_qa_0081,3,-33.125000
cta_qa_0081,4,-33.125000
cta_qa_0081,5,-33.125000
cta_qa_0081,6,-33.125000
cta_qa_0081,7,-33.125000
cta_qa_0081,8,-33.125000
cta_qa_0081,9,-33.125000
cta_qa_0081,10,-33.125000
cta_qa_0081,11,-33.125000
cta_qa_0081,12,-33.125000
cta_qa_0081,13,-33.125000
cta_qa_0081,14,-33.125000
cta_qa_0081,15,-33.125000
cta_qa_0081,16,-33.125000
cta_qa_0081,17,-33.125000
cta_qa_0081,18,-33.125000
cta_qa_0081,19,-33.125000
cta_qa_0081,20,-33.125000
cta_qa_0081,21,-33.125000
cta_qa_0081,22,-33.125000
cta_qa_0081,23,-33.125000
cta_qa_0081,24,-33.000000
cta_qa_0081,25,-33.000000
cta_qa_0081,26,-0.280306
cta_qa_0081,27,-33.000000
cta_qa_0081,28,-31.625000
cta_qa_0081,29,-0.284596
cta_qa_0081,30,-0.284545
cta_qa_0081,31,-0.284596
cta_qa_0081,32,-33.125000
cta_qa_0081,33,-33.125000
cta_qa_0081,34,-33.125000
cta_qa_0081,35,-33.125000
cta_qa_0081,36,-33.125000
cta_qa_0081,37,-33.125000
cta_qa_0081,38,-33.125000
cta_qa_0081,39,-33.125000
cta_qa_0081,40,-33.125000
cta_qa_0081,41,-33.125000
cta_qa_0081,42,-33.125000
cta_qa_0081,43,-33.125000
cta_qa_0081,44,-33.125000
cta_qa_0081,45,-33.500000
cta_qa_0081,46,-33.125000
cta_qa_0081,47,-33.125000
cta_qa_0081,48,-33.000000
cta_qa_0081,49,-0.461845
cta_qa_0081,50,-0.280306
cta_qa_0081,51,-33.000000
cta_qa_0081,52,-33.000000
cta_qa_0081,53,-33.000000
cta_qa_0081,54,-0.280306
cta_qa_0081,55,-33.000000
cta_qa_0081,56,-33.125000
cta_qa_0081,57,-33.125000
cta_qa_0081,58,-33.125000
cta_qa_0081,59,-33.125000
cta_qa_0081,60,-0.284596
cta_qa_0081,61,-0.284596
cta_qa_0081,62,-31.625000
cta_qa_0081,63,-0.284596
cta_qa_0082,0,-38.375000
cta_qa_0082,1,-38.375000
cta_qa_0082,2,-38.375000
cta_qa_0082,3,-38.375000
cta_qa_0082,4,-38.375000
cta_qa_0082,5,-38.375000
cta_qa_0082,6,-38.375000
cta_qa_0082,7,-38.375000
cta_qa_0082,8,-38.375000
cta_qa_0082,9,-38.375000
cta_qa_0082,10,-38.375000
cta_qa_0082,11,-38.375000
cta_qa_0082,12,-38.375000
cta_qa_0082,13,-38.375000
cta_qa_0082,14,-38.312500
cta_qa_0082,15,-38.375000
cta_qa_0082,16,-38.375000
cta_qa_0082,17,-38.375000
cta_qa_0082,18,-38.375000
cta_qa_0082,19,-38.375000
cta_qa_0082,20,-38.375000
cta_qa_0082,21,-38.375000
cta_qa_0082,22,-38.375000
cta_qa_0082,23,-38.375000
cta_qa_0082,24,-38.375000
cta_qa_0082,25,-38.375000
cta_qa_0082,26,-38.375000
cta_qa_0082,27,-38.375000
cta_qa_0082,28,-0.320910
cta_qa_0082,29,-38.875000
cta_qa_0082,30,-0.320910
cta_qa_0082,31,-0.320910
cta_qa_0082,32,-38.375000
cta_qa_0082,33,-38.375000
cta_qa_0082,34,-38.375000
cta_qa_0082,35,-38.375000
cta_qa_0082,36,-38.375000
cta_qa_0082,37,-38.375000
cta_qa_0082,38,-38.375000
cta_qa_0082,39,-38.375000
cta_qa_0082,40,-38.375000
cta_qa_0082,41,-38.375000
cta_qa_0082,42,-38.375000
cta_qa_0082,43,-38.375000
cta_qa_0082,44,-38.375000
cta_qa_0082,45,-38.375000
cta_qa_0082,46,-38.375000
cta_qa_0082,47,-38.375000
cta_qa_0082,48,-38.375000
cta_qa_0082,49,-38.375000
cta_qa_0082,50,-38.375000
cta_qa_0082,51,-38.375000
cta_qa_0082,52,-38.375000
cta_qa_0082,53,-38.375000
cta_qa_0082,54,-38.375000
cta_qa_0082,55,-38.375000
cta_qa_0082,56,-38.375000
cta_qa_0082,57,-38.375000
cta_qa_0082,58,-38.375000
cta_qa_0082,59,-38.375000
cta_qa_0082,60,-38.375000
cta_qa_0082,61,-38.375000
cta_qa_0082,62,-38.375000
cta_qa_0082,63,-38.375000
cta_qa_0083,0,-37.875000
cta_qa_0083,1,-37.875000
cta_qa_0083,2,-37.875000
cta_qa_0083,3,-0.343520
cta_qa_0083,4,-37.875000
cta_qa_0083,5,-37.875000
cta_qa_0083,6,-0.188939
cta_qa_0083,7,-37.875000
cta_qa_0083,8,-0.220598
cta_qa_0083,9,-37.875000
cta_qa_0083,10,-0.188939
cta_qa_0083,11,-37.875000
cta_qa_0083,12,-0.401749
cta_qa_0083,13,-0.374761
cta_qa_0083,14,-38.312500
cta_qa_0083,15,-0.401749
cta_qa_0083,16,-37.625000
cta_qa_0083,17,-37.625000
cta_qa_0083,18,-37.625000
cta_qa_0083,19,-37.625000
cta_qa_0083,20,-0.189702
cta_qa_0083,21,-37.875000
cta_qa_0083,22,-37.875000
cta_qa_0083,23,-0.343520
cta_qa_0083,24,-37.875000
cta_qa_0083,25,-37.875000
cta_qa_0083,26,-37.875000
cta_qa_0083,27,-0.256923
cta_qa_0083,28,-38.062500
cta_qa_0083,29,-0.319860
cta_qa_0083,30,-0.319860
cta_qa_0083,31,-0.319860
cta_qa_0083,32,-37.875000
cta_qa_0083,33,-37.875000
cta_qa_0083,34,-37.875000
cta_qa_0083,35,-0.220598
cta_qa_0083,36,-0.374751
cta_qa_0083,37,-37.562500
cta_qa_0083,38,-0.374751
cta_qa_0083,39,-0.374751
cta_qa_0083,40,-38.187500
cta_qa_0083,41,-0.374751
cta_qa_0083,42,-0.374751
cta_qa_0083,43,-0.374751
cta_qa_0083,44,-37.875000
cta_qa_0083,45,-0.189702
cta_qa_0083,46,-37.875000
cta_qa_0083,47,-0.258659
cta_qa_0083,48,-37.625000
cta_qa_0083,49,-37.625000
cta_qa_0083,50,-37.625000
cta_qa_0083,51,-37.625000
cta_qa_0083,52,-0.471335
cta_qa_0083,53,-0.471335
cta_qa_0083,54,-38.875000
cta_qa_0083,55,-0.471335
cta_qa_0083,56,-0.351392
cta_qa_0083,57,-0.438714
cta_qa_0083,58,-38.062500
cta_qa_0083,59,-0.351392
cta_qa_0083,60,-37.875000
cta_qa_0083,61,-0.189702
cta_qa_0083,62,-37.875000
cta_qa_0083,63,-37.875000
cta_qa_0084,0,-0.348789
cta_qa_0084,1,-0.348789
cta_qa_0084,2,-30.500000
cta_qa_0084,3,-0.376062
cta_qa_0084,4,-0.344756
cta_qa_0084,5,-36.437500
cta_qa_0084,6,-0.527103
cta_qa_0084,7,-0.343520
cta_qa_0084,8,-36.812500
cta_qa_0084,9,-36.812500
cta_qa_0084,10,-0.377473
cta_qa_0084,11,-36.812500
cta_qa_0084,12,-0.348789
cta_qa_0084,13,-0.348789
cta_qa_0084,14,-30.500000
cta_qa_0084,15,-0.318707
cta_qa_0084,16,-36.812500
cta_qa_0084,17,-36.812500
cta_qa_0084,18,-36.812500
cta_qa_0084,19,-36.812500
cta_qa_0084,20,-0.314815
cta_qa_0084,21,-0.343520
cta_qa_0084,22,-36.437500
cta_qa_0084,23,-0.527103
cta_qa_0084,24,-0.348789
cta_qa_0084,25,-30.500000
cta_qa_0084,26,-0.348789
cta_qa_0084,27,-0.348789
cta_qa_0084,28,-33.000000
cta_qa_0084,29,-0.411942
cta_qa_0084,30,-0.349624
cta_qa_0084,31,-0.349534
cta_qa_0084,32,-0.382559
cta_qa_0084,33,-36.375000
cta_qa_0084,34,-0.382559
cta_qa_0084,35,-0.382559
cta_qa_0084,36,-0.349534
cta_qa_0084,37,-0.349449
cta_qa_0084,38,-32.875000
cta_qa_0084,39,-0.349534
cta_qa_0084,40,-0.381051
cta_qa_0084,41,-0.381051
cta_qa_0084,42,-0.379902
cta_qa_0084,43,-38.312500
cta_qa_0084,44,-38.000000
cta_qa_0084,45,-0.315695
cta_qa_0084,46,-0.315695
cta_qa_0084,47,-0.254485
cta_qa_0084,48,-36.812500
cta_qa_0084,49,-36.812500
cta_qa_0084,50,-0.377473
cta_qa_0084,51,-36.812500
cta_qa_0084,52,-0.286869
cta_qa_0084,53,-0.254639
cta_qa_0084,54,-36.125000
cta_qa_0084,55,-0.254639
cta_qa_0084,56,-0.255008
cta_qa_0084,57,-36.812500
cta_qa_0084,58,-37.437500
cta_qa_0084,59,-36.812500
cta_qa_0084,60,-0.374761
cta_qa_0084,61,-0.378819
cta_qa_0084,62,-34.375000
cta_qa_0084,63,-0.498419
cta_qa_0085,0,-33.750000
cta_qa_0085,1,-0.383413
cta_qa_0085,2,-0.350886
cta_qa_0085,3,-0.383413
cta_qa_0085,4,-0.412663
cta_qa_0085,5,-33.750000
cta_qa_0085,6,-33.750000
cta_qa_0085,7,-33.750000
cta_qa_0085,8,-34.750000
cta_qa_0085,9,-0.445179
cta_qa_0085,10,-0.445179
cta_qa_0085,11,-0.445179
cta_qa_0085,12,-33.750000
cta_qa_0085,13,-35.000000
cta_qa_0085,14,-33.750000
cta_qa_0085,15,-35.000000
cta_qa_0085,16,-0.381210
cta_qa_0085,17,-0.379232
cta_qa_0085,18,-0.382885
cta_qa_0085,19,-37.125000
cta_qa_0085,20,-34.750000
cta_qa_0085,21,-34.750000
cta_qa_0085,22,-33.750000
cta_qa_0085,23,-0.412663
cta_qa_0085,24,-33.750000
cta_qa_0085,25,-33.750000
cta_qa_0085,26,-35.000000
cta_qa_0085,27,-33.750000
cta_qa_0085,28,-0.506315
cta_qa_0085,29,-0.416399
cta_qa_0085,30,-31.375000
cta_qa_0085,31,-0.469971
cta_qa_0085,32,-0.498377
cta_qa_0085,33,-0.350678
cta_qa_0085,34,-34.125000
cta_qa_0085,35,-0.384039
cta_qa_0085,36,-0.498377
cta_qa_0085,37,-38.062500
cta_qa_0085,38,-0.350678
cta_qa_0085,39,-0.350678
cta_qa_0085,40,-0.350678
cta_qa_0085,41,-33.750000
cta_qa_0085,42,-0.350678
cta_qa_0085,43,-0.350678
cta_qa_0085,44,-33.750000
cta_qa_0085,45,-33.750000
cta_qa_0085,46,-0.412663
cta_qa_0085,47,-36.437500
cta_qa_0085,48,-0.384039
cta_qa_0085,49,-0.350678
cta_qa_0085,50,-0.384039
cta_qa_0085,51,-34.125000
cta_qa_0085,52,-0.412663
cta_qa_0085,53,-33.750000
cta_qa_0085,54,-0.412663
cta_qa_0085,55,-33.750000
cta_qa_0085,56,-0.322622
cta_qa_0085,57,-0.288677
cta_qa_0085,58,-37.312500
cta_qa_0085,59,-0.288677
cta_qa_0085,60,-0.415154
cta_qa_0085,61,-37.250000
cta_qa_0085,62,-0.441588
cta_qa_0085,63,-0.384182
cta_qa_0086,0,-36.875000
cta_qa_0086,1,-36.875000
cta_qa_0086,2,-36.875000
cta_qa_0086,3,-36.875000
cta_qa_0086,4,-36.875000
cta_qa_0086,5,-36.875000
cta_qa_0086,6,-36.875000
cta_qa_0086,7,-36.875000
cta_qa_0086,8,-36.875000
cta_qa_0086,9,-0.252948
cta_qa_0086,10,-36.875000
cta_qa_0086,11,-36.875000
cta_qa_0086,12,-36.875000
cta_qa_0086,13,-36.875000
cta_qa_0086,14,-36.875000
cta_qa_0086,15,-36.875000
cta_qa_0086,16,-36.875000
cta_qa_0086,17,-36.875000
cta_qa_0086,18,-36.875000
cta_qa_0086,19,-36.875000
cta_qa_0086,20,-36.875000
cta_qa_0086,21,-36.875000
cta_qa_0086,22,-36.875000
cta_qa_0086,23,-36.875000
cta_qa_0086,24,-36.875000
cta_qa_0086,25,-36.875000
cta_qa_0086,26,-36.875000
cta_qa_0086,27,-36.875000
cta_qa_0086,28,-36.875000
cta_qa_0086,29,-36.875000
cta_qa_0086,30,-36.875000
cta_qa_0086,31,-36.875000
cta_qa_0086,32,-36.875000
cta_qa_0086,33,-36.875000
cta_qa_0086,34,-36.875000
cta_qa_0086,35,-36.875000
cta_qa_0086,36,-36.875000
cta_qa_0086,37,-36.875000
cta_qa_0086,38,-36.875000
cta_qa_0086,39,-36.875000
cta_qa_0086,40,-36.875000
cta_qa_0086,41,-36.875000
cta_qa_0086,42,-36.875000
cta_qa_0086,43,-36.875000
cta_qa_0086,44,-36.875000
cta_qa_0086,45,-36.875000
cta_qa_0086,46,-36.875000
cta_qa_0086,47,-36.875000
cta_qa_0086,48,-36.875000
cta_qa_0086,49,-36.875000
cta_qa_0086,50,-36.875000
cta_qa_0086,51,-36.875000
cta_qa_0086,52,-36.875000
cta_qa_0086,53,-36.875000
cta_qa_0086,54,-36.875000
cta_qa_0086,55,-36.875000
cta_qa_0086,56,-36.875000
cta_qa_0086,57,-36.875000
cta_qa_0086,58,-0.404647
cta_qa_0086,59,-36.875000
cta_qa_0086,60,-36.875000
cta_qa_0086,61,-36.875000
cta_qa_0086,62,-36.875000
cta_qa_0086,63,-36.875000
cta_qa_0087,0,-36.812500
cta_qa_0087,1,-36.750000
cta_qa_0087,2,-0.377687
cta_qa_0087,3,-0.435935
cta_qa_0087,4,-36.875000
cta_qa_0087,5,-0.348801
cta_qa_0087,6,-0.410170
cta_qa_0087,7,-36.875000
cta_qa_0087,8,-0.350141
cta_qa_0087,9,-0.430883
cta_qa_0087,10,-0.368978
cta_qa_0087,11,-36.375000
cta_qa_0087,12,-0.290157
cta_qa_0087,13,-0.260158
cta_qa_0087,14,-0.260158
cta_qa_0087,15,-36.875000
cta_qa_0087,16,-0.286371
cta_qa_0087,17,-0.351312
cta_qa_0087,18,-36.875000
cta_qa_0087,19,-0.287565
cta_qa_0087,20,-0.380110
cta_qa_0087,21,-0.347680
cta_qa_0087,22,-0.373430
cta_qa_0087,23,-36.875000
cta_qa_0087,24,-0.318710
cta_qa_0087,25,-0.313581
cta_qa_0087,26,-36.375000
cta_qa_0087,27,-0.430883
cta_qa_0087,28,-0.464326
cta_qa_0087,29,-0.347680
cta_qa_0087,30,-36.875000
cta_qa_0087,31,-0.464326
cta_qa_0087,32,-0.380110
cta_qa_0087,33,-36.875000
cta_qa_0087,34,-0.380110
cta_qa_0087,35,-36.875000
cta_qa_0087,36,-0.348873
cta_qa_0087,37,-36.875000
cta_qa_0087,38,-0.380110
cta_qa_0087,39,-0.464326
cta_qa_0087,40,-36.875000
cta_qa_0087,41,-0.373430
cta_qa_0087,42,-0.383904
cta_qa_0087,43,-0.383904
cta_qa_0087,44,-36.375000
cta_qa_0087,45,-0.377455
cta_qa_0087,46,-0.321539
cta_qa_0087,47,-0.287565
cta_qa_0087,48,-0.260158
cta_qa_0087,49,-0.291529
cta_qa_0087,50,-0.287565
cta_qa_0087,51,-36.875000
cta_qa_0087,52,-36.875000
cta_qa_0087,53,-0.287565
cta_qa_0087,54,-0.260158
cta_qa_0087,55,-0.312284
cta_qa_0087,56,-36.875000
cta_qa_0087,57,-36.875000
cta_qa_0087,58,-0.347680
cta_qa_0087,59,-36.875000
cta_qa_0087,60,-36.375000
cta_qa_0087,61,-0.346189
cta_qa_0087,62,-0.346189
cta_qa_0087,63,-0.260158
cta_qa_0088,0,-37.562500
cta_qa_0088,1,-0.233255
cta_qa_0088,2,-0.233255
cta_qa_0088,3,-0.233255
cta_qa_0088,4,-0.233255
cta_qa_0088,5,-37.562500
cta_qa_0088,6,-0.229632
cta_qa_0088,7,-0.233255
cta_qa_0088,8,-37.687500
cta_qa_0088,9,-37.687500
cta_qa_0088,10,-37.687500
cta_qa_0088,11,-37.687500
cta_qa_0088,12,-0.233255
cta_qa_0088,13,-37.562500
cta_qa_0088,14,-37.562500
cta_qa_0088,15,-0.233255
cta_qa_0088,16,-37.562500
cta_qa_0088,17,-0.233255
cta_qa_0088,18,-37.562500
cta_qa_0088,19,-0.233255
cta_qa_0088,20,-0.233255
cta_qa_0088,21,-0.233255
cta_qa_0088,22,-0.233255
cta_qa_0088,23,-37.562500
cta_qa_0088,24,-37.562500
cta_qa_0088,25,-0.233255
cta_qa_0088,26,-0.233255
cta_qa_0088,27,-0.233255
cta_qa_0088,28,-0.233255
cta_qa_0088,29,-37.562500
cta_qa_0088,30,-0.233255
cta_qa_0088,31,-37.562500
cta_qa_0088,32,-0.233255
cta_qa_0088,33,-0.233255
cta_qa_0088,34,-0.233255
cta_qa_0088,35,-37.562500
cta_qa_0088,36,-37.250000
cta_qa_0088,37,-0.233255
cta_qa_0088,38,-37.562500
cta_qa_0088,39,-0.233255
cta_qa_0088,40,-0.233255
cta_qa_0088,41,-37.562500
cta_qa_0088,42,-0.233255
cta_qa_0088,43,-0.233255
cta_qa_0088,44,-37.562500
cta_qa_0088,45,-37.562500
cta_qa_0088,46,-37.562500
cta_qa_0088,47,-0.233255
cta_qa_0088,48,-37.562500
cta_qa_0088,49,-37.562500
cta_qa_0088,50,-0.233255
cta_qa_0088,51,-0.233255
cta_qa_0088,52,-37.562500
cta_qa_0088,53,-0.233255
cta_qa_0088,54,-37.562500
cta_qa_0088,55,-37.562500
cta_qa_0088,56,-37.687500
cta_qa_0088,57,-37.687500
cta_qa_0088,58,-37.687500
cta_qa_0088,59,-37.687500
cta_qa_0088,60,-37.562500
cta_qa_0088,61,-37.562500
cta_qa_0088,62,-0.262249
cta_qa_0088,63,-37.562500
cta_qa_0089,0,-37.562500
cta_qa_0089,1,-37.562500
cta_qa_0089,2,-37.562500
cta_qa_0089,3,-0.344484
cta_qa_0089,4,-37.625000
cta_qa_0089,5,-37.625000
cta_qa_0089,6,-37.625000
cta_qa_0089,7,-37.625000
cta_qa_0089,8,-0.350883
cta_qa_0089,9,-0.350883
cta_qa_0089,10,-37.125000
cta_qa_0089,11,-0.349033
cta_qa_0089,12,-37.562500
cta_qa_0089,13,-37.562500
cta_qa_0089,14,-0.344484
cta_qa_0089,15,-37.562500
cta_qa_0089,16,-0.349033
cta_qa_0089,17,-37.125000
cta_qa_0089,18,-0.349033
cta_qa_0089,19,-0.350883
cta_qa_0089,20,-37.125000
cta_qa_0089,21,-0.349033
cta_qa_0089,22,-0.349033
cta_qa_0089,23,-37.125000
cta_qa_0089,24,-0.349033
cta_qa_0089,25,-0.349033
cta_qa_0089,26,-37.125000
cta_qa_0089,27,-0.349033
cta_qa_0089,28,-37.562500
cta_qa_0089,29,-37.562500
cta_qa_0089,30,-0.344484
cta_qa_0089,31,-37.562500
cta_qa_0089,32,-0.349033
cta_qa_0089,33,-0.349033
cta_qa_0089,34,-0.349033
cta_qa_0089,35,-37.125000
cta_qa_0089,36,-37.125000
cta_qa_0089,37,-0.350883
cta_qa_0089,38,-0.349033
cta_qa_0089,39,-0.349033
cta_qa_0089,40,-37.625000
cta_qa_0089,41,-37.625000
cta_qa_0089,42,-37.625000
cta_qa_0089,43,-37.625000
cta_qa_0089,44,-0.349033
cta_qa_0089,45,-0.349033
cta_qa_0089,46,-37.125000
cta_qa_0089,47,-0.349033
cta_qa_0089,48,-37.625000
cta_qa_0089,49,-37.625000
cta_qa_0089,50,-37.625000
cta_qa_0089,51,-37.625000
cta_qa_0089,52,-0.383298
cta_qa_0089,53,-0.383298
cta_qa_0089,54,-37.437500
cta_qa_0089,55,-0.533698
cta_qa_0089,56,-0.349033
cta_qa_0089,57,-0.349033
cta_qa_0089,58,-0.350883
cta_qa_0089,59,-37.125000
cta_qa_0089,60,-37.125000
cta_qa_0089,61,-0.349033
cta_qa_0089,62,-37.125000
cta_qa_0089,63,-0.349033
cta_qa_0090,0,-0.281909
cta_qa_0090,1,-37.375000
cta_qa_0090,2,-37.375000
cta_qa_0090,3,-37.375000
cta_qa_0090,4,-0.281909
cta_qa_0090,5,-0.348731
cta_qa_0090,6,-37.375000
cta_qa_0090,7,-37.375000
cta_qa_0090,8,-0.281909
cta_qa_0090,9,-37.375000
cta_qa_0090,10,-0.281909
cta_qa_0090,11,-37.375000
cta_qa_0090,12,-37.375000
cta_qa_0090,13,-0.281909
cta_qa_0090,14,-0.406898
cta_qa_0090,15,-37.375000
cta_qa_0090,16,-0.469859
cta_qa_0090,17,-0.250958
cta_qa_0090,18,-38.312500
cta_qa_0090,19,-0.281909
cta_qa_0090,20,-38.250000
cta_qa_0090,21,-0.316208
cta_qa_0090,22,-0.316208
cta_qa_0090,23,-0.316208
cta_qa_0090,24,-37.437500
cta_qa_0090,25,-37.437500
cta_qa_0090,26,-37.437500
cta_qa_0090,27,-37.437500
cta_qa_0090,28,-37.375000
cta_qa_0090,29,-37.375000
cta_qa_0090,30,-0.281909
cta_qa_0090,31,-37.375000
cta_qa_0090,32,-37.437500
cta_qa_0090,33,-37.437500
cta_qa_0090,34,-37.437500
cta_qa_0090,35,-37.437500
cta_qa_0090,36,-37.375000
cta_qa_0090,37,-0.346574
cta_qa_0090,38,-0.250958
cta_qa_0090,39,-37.375000
cta_qa_0090,40,-37.375000
cta_qa_0090,41,-0.408414
cta_qa_0090,42,-37.375000
cta_qa_0090,43,-0.281909
cta_qa_0090,44,-0.282360
cta_qa_0090,45,-0.282360
cta_qa_0090,46,-38.187500
cta_qa_0090,47,-0.282360
cta_qa_0090,48,-0.340805
cta_qa_0090,49,-38.562500
cta_qa_0090,50,-0.343554
cta_qa_0090,51,-0.343554
cta_qa_0090,52,-37.437500
cta_qa_0090,53,-37.437500
cta_qa_0090,54,-37.437500
cta_qa_0090,55,-37.437500
cta_qa_0090,56,-0.281909
cta_qa_0090,57,-0.281909
cta_qa_0090,58,-0.281909
cta_qa_0090,59,-37.375000
cta_qa_0090,60,-0.430953
cta_qa_0090,61,-37.375000
cta_qa_0090,62,-37.375000
cta_qa_0090,63,-37.375000
cta_qa_0091,0,-37.875000
cta_qa_0091,1,-0.352518
cta_qa_0091,2,-37.875000
cta_qa_0091,3,-0.382832
cta_qa_0091,4,-0.288190
cta_qa_0091,5,-0.288190
cta_qa_0091,6,-0.288190
cta_qa_0091,7,-37.125000
cta_qa_0091,8,-0.288190
cta_qa_0091,9,-36.625000
cta_qa_0091,10,-0.288190
cta_qa_0091,11,-0.288190
cta_qa_0091,12,-0.346771
cta_qa_0091,13,-37.937500
cta_qa_0091,14,-0.561057
cta_qa_0091,15,-37.875000
cta_qa_0091,16,-0.350238
cta_qa_0091,17,-0.350238
cta_qa_0091,18,-37.687500
cta_qa_0091,19,-0.376160
cta_qa_0091,20,-37.875000
cta_qa_0091,21,-0.377871
cta_qa_0091,22,-37.875000
cta_qa_0091,23,-0.415291
cta_qa_0091,24,-0.352518
cta_qa_0091,25,-0.322332
cta_qa_0091,26,-37.875000
cta_qa_0091,27,-0.561057
cta_qa_0091,28,-0.379542
cta_qa_0091,29,-0.288190
cta_qa_0091,30,-36.625000
cta_qa_0091,31,-0.528483
cta_qa_0091,32,-0.379414
cta_qa_0091,33,-0.380853
cta_qa_0091,34,-0.440751
cta_qa_0091,35,-37.375000
cta_qa_0091,36,-0.288190
cta_qa_0091,37,-0.288190
cta_qa_0091,38,-0.288190
cta_qa_0091,39,-36.625000
cta_qa_0091,40,-37.562500
cta_qa_0091,41,-0.414049
cta_qa_0091,42,-0.414049
cta_qa_0091,43,-0.502451
cta_qa_0091,44,-0.561057
cta_qa_0091,45,-0.352518
cta_qa_0091,46,-0.351571
cta_qa_0091,47,-37.875000
cta_qa_0091,48,-0.352518
cta_qa_0091,49,-0.376401
cta_qa_0091,50,-0.351571
cta_qa_0091,51,-37.875000
cta_qa_0091,52,-0.377871
cta_qa_0091,53,-37.875000
cta_qa_0091,54,-0.561057
cta_qa_0091,55,-0.408606
cta_qa_0091,56,-0.288190
cta_qa_0091,57,-0.288190
cta_qa_0091,58,-36.625000
cta_qa_0091,59,-0.288190
cta_qa_0091,60,-0.502451
cta_qa_0091,61,-0.502451
cta_qa_0091,62,-37.562500
cta_qa_0091,63,-37.937500
cta_qa_0092,0,-29.125000
cta_qa_0092,1,-0.408928
cta_qa_0092,2,-0.408928
cta_qa_0092,3,-0.408928
cta_qa_0092,4,-0.376396
cta_qa_0092,5,-0.376396
cta_qa_0092,6,-0.376396
cta_qa_0092,7,-27.000000
cta_qa_0092,8,-0.408928
cta_qa_0092,9,-0.320862
cta_qa_0092,10,-0.408928
cta_qa_0092,11,-29.125000
cta_qa_0092,12,-0.406051
cta_qa_0092,13,-0.406051
cta_qa_0092,14,-33.875000
cta_qa_0092,15,-0.406051
cta_qa_0092,16,-37.625000
cta_qa_0092,17,-0.316659
cta_qa_0092,18,-0.195000
cta_qa_0092,19,-0.380752
cta_qa_0092,20,-0.410139
cta_qa_0092,21,-0.410139
cta_qa_0092,22,-35.875000
cta_qa_0092,23,-0.410139
cta_qa_0092,24,-0.354517
cta_qa_0092,25,-0.321526
cta_qa_0092,26,-29.125000
cta_qa_0092,27,-0.408928
cta_qa_0092,28,-6.249987
cta_qa_0092,29,-0.255491
cta_qa_0092,30,-0.347902
cta_qa_0092,31,-0.255491
cta_qa_0092,32,-0.408928
cta_qa_0092,33,-0.350235
cta_qa_0092,34,-29.125000
cta_qa_0092,35,-0.350235
cta_qa_0092,36,-0.410345
cta_qa_0092,37,-0.327477
cta_qa_0092,38,-29.875000
cta_qa_0092,39,-0.410345
cta_qa_0092,40,-0.349691
cta_qa_0092,41,-0.349691
cta_qa_0092,42,-0.349691
cta_qa_0092,43,-6.874993
cta_qa_0092,44,-0.224691
cta_qa_0092,45,-0.258703
cta_qa_0092,46,-0.291393
cta_qa_0092,47,-6.249987
cta_qa_0092,48,-0.472622
cta_qa_0092,49,-0.472622
cta_qa_0092,50,-0.472622
cta_qa_0092,51,-36.312500
cta_qa_0092,52,-0.380773
cta_qa_0092,53,-26.750000
cta_qa_0092,54,-0.313749
cta_qa_0092,55,-0.380773
cta_qa_0092,56,-0.320859
cta_qa_0092,57,-0.316529
cta_qa_0092,58,-29.125000
cta_qa_0092,59,-29.125000
cta_qa_0092,60,-0.189337
cta_qa_0092,61,-0.410345
cta_qa_0092,62,-0.323242
cta_qa_0092,63,-27.625000
cta_qa_0093,0,-37.187500
cta_qa_0093,1,-37.187500
cta_qa_0093,2,-37.187500
cta_qa_0093,3,-37.187500
cta_qa_0093,4,-37.062500
cta_qa_0093,5,-37.062500
cta_qa_0093,6,-0.374829
cta_qa_0093,7,-37.062500
cta_qa_0093,8,-0.559807
cta_qa_0093,9,-0.559807
cta_qa_0093,10,-36.812500
cta_qa_0093,11,-0.559807
cta_qa_0093,12,-37.062500
cta_qa_0093,13,-37.062500
cta_qa_0093,14,-37.062500
cta_qa_0093,15,-0.468570
cta_qa_0093,16,-37.062500
cta_qa_0093,17,-0.468570
cta_qa_0093,18,-37.062500
cta_qa_0093,19,-0.468570
cta_qa_0093,20,-0.468570
cta_qa_0093,21,-0.468570
cta_qa_0093,22,-0.468570
cta_qa_0093,23,-37.062500
cta_qa_0093,24,-0.468570
cta_qa_0093,25,-0.468570
cta_qa_0093,26,-37.062500
cta_qa_0093,27,-37.062500
cta_qa_0093,28,-37.062500
cta_qa_0093,29,-37.062500
cta_qa_0093,30,-0.468570
cta_qa_0093,31,-0.468570
cta_qa_0093,32,-0.374829
cta_qa_0093,33,-0.468570
cta_qa_0093,34,-37.062500
cta_qa_0093,35,-37.062500
cta_qa_0093,36,-37.062500
cta_qa_0093,37,-37.062500
cta_qa_0093,38,-0.468570
cta_qa_0093,39,-0.468570
cta_qa_0093,40,-0.468570
cta_qa_0093,41,-37.062500
cta_qa_0093,42,-0.468570
cta_qa_0093,43,-37.062500
cta_qa_0093,44,-37.062500
cta_qa_0093,45,-37.062500
cta_qa_0093,46,-0.468570
cta_qa_0093,47,-37.062500
cta_qa_0093,48,-0.468570
cta_qa_0093,49,-0.468570
cta_qa_0093,50,-0.468570
cta_qa_0093,51,-37.062500
cta_qa_0093,52,-0.468570
cta_qa_0093,53,-37.062500
cta_qa_0093,54,-0.468570
cta_qa_0093,55,-37.062500
cta_qa_0093,56,-28.125000
cta_qa_0093,57,-28.125000
cta_qa_0093,58,-28.125000
cta_qa_0093,59,-28.125000
cta_qa_0093,60,-37.062500
cta_qa_0093,61,-37.062500
cta_qa_0093,62,-0.468570
cta_qa_0093,63,-0.468570
cta_qa_0094,0,-37.375000
cta_qa_0094,1,-37.125000
cta_qa_0094,2,-0.384181
cta_qa_0094,3,-0.476194
cta_qa_0094,4,-0.441299
cta_qa_0094,5,-36.812500
cta_qa_0094,6,-0.531034
cta_qa_0094,7,-0.383016
cta_qa_0094,8,-36.687500
cta_qa_0094,9,-0.384596
cta_qa_0094,10,-0.382887
cta_qa_0094,11,-0.355812
cta_qa_0094,12,-0.412299
cta_qa_0094,13,-0.444735
cta_qa_0094,14,-0.441299
cta_qa_0094,15,-36.812500
cta_qa_0094,16,-37.375000
cta_qa_0094,17,-0.353072
cta_qa_0094,18,-0.351097
cta_qa_0094,19,-0.351097
cta_qa_0094,20,-0.443558
cta_qa_0094,21,-0.476094
cta_qa_0094,22,-34.875000
cta_qa_0094,23,-0.355977
cta_qa_0094,24,-0.384596
cta_qa_0094,25,-0.442251
cta_qa_0094,26,-36.625000
cta_qa_0094,27,-36.812500
cta_qa_0094,28,-0.291801
cta_qa_0094,29,-0.291801
cta_qa_0094,30,-37.062500
cta_qa_0094,31,-0.318290
cta_qa_0094,32,-37.125000
cta_qa_0094,33,-0.384181
cta_qa_0094,34,-0.499798
cta_qa_0094,35,-0.384181
cta_qa_0094,36,-0.347921
cta_qa_0094,37,-37.250000
cta_qa_0094,38,-37.250000
cta_qa_0094,39,-37.250000
cta_qa_0094,40,-35.875000
cta_qa_0094,41,-0.323400
cta_qa_0094,42,-0.352630
cta_qa_0094,43,-0.442776
cta_qa_0094,44,-0.354176
cta_qa_0094,45,-35.875000
cta_qa_0094,46,-0.285419
cta_qa_0094,47,-0.442776
cta_qa_0094,48,-0.479804
cta_qa_0094,49,-37.375000
cta_qa_0094,50,-0.509315
cta_qa_0094,51,-0.479804
cta_qa_0094,52,-0.385303
cta_qa_0094,53,-0.350892
cta_qa_0094,54,-0.499791
cta_qa_0094,55,-37.875000
cta_qa_0094,56,-0.383021
cta_qa_0094,57,-0.385303
cta_qa_0094,58,-0.385449
cta_qa_0094,59,-34.375000
cta_qa_0094,60,-0.386874
cta_qa_0094,61,-0.445180
cta_qa_0094,62,-36.687500
cta_qa_0094,63,-0.384596
cta_qa_0095,0,-36.937500
cta_qa_0095,1,-0.313385
cta_qa_0095,2,-0.373122
cta_qa_0095,3,-0.373122
cta_qa_0095,4,-0.257040
cta_qa_0095,5,-0.314168
cta_qa_0095,6,-37.500000
cta_qa_0095,7,-0.257040
cta_qa_0095,8,-36.250000
cta_qa_0095,9,-0.341013
cta_qa_0095,10,-0.312327
cta_qa_0095,11,-0.341043
cta_qa_0095,12,-0.342546
cta_qa_0095,13,-37.937500
cta_qa_0095,14,-0.342546
cta_qa_0095,15,-0.373129
cta_qa_0095,16,-36.375000
cta_qa_0095,17,-0.437311
cta_qa_0095,18,-0.379571
cta_qa_0095,19,-0.439797
cta_qa_0095,20,-0.279699
cta_qa_0095,21,-0.373423
cta_qa_0095,22,-0.288823
cta_qa_0095,23,-19.000000
cta_qa_0095,24,-0.316263
cta_qa_0095,25,-0.343540
cta_qa_0095,26,-19.000000
cta_qa_0095,27,-0.316371
cta_qa_0095,28,-0.378654
cta_qa_0095,29,-32.250000
cta_qa_0095,30,-0.377548
cta_qa_0095,31,-0.347633
cta_qa_0095,32,-0.281076
cta_qa_0095,33,-36.250000
cta_qa_0095,34,-0.341043
cta_qa_0095,35,-0.341013
cta_qa_0095,36,-0.406049
cta_qa_0095,37,-0.378763
cta_qa_0095,38,-34.750000
cta_qa_0095,39,-0.378763
cta_qa_0095,40,-0.311045
cta_qa_0095,41,-0.311045
cta_qa_0095,42,-36.250000
cta_qa_0095,43,-0.341043
cta_qa_0095,44,-0.341043
cta_qa_0095,45,-36.250000
cta_qa_0095,46,-0.341013
cta_qa_0095,47,-0.341013
cta_qa_0095,48,-36.250000
cta_qa_0095,49,-0.311109
cta_qa_0095,50,-0.341013
cta_qa_0095,51,-0.438477
cta_qa_0095,52,-36.937500
cta_qa_0095,53,-0.313385
cta_qa_0095,54,-0.373122
cta_qa_0095,55,-0.313385
cta_qa_0095,56,-0.465924
cta_qa_0095,57,-0.438619
cta_qa_0095,58,-36.187500
cta_qa_0095,59,-0.465924
cta_qa_0095,60,-0.438477
cta_qa_0095,61,-36.250000
cta_qa_0095,62,-0.341013
cta_qa_0095,63,-0.438477
cta_qa_0096,0,-0.439866
cta_qa_0096,1,-0.379212
cta_qa_0096,2,-0.439866
cta_qa_0096,3,-36.500000
cta_qa_0096,4,-36.812500
cta_qa_0096,5,-36.812500
cta_qa_0096,6,-36.812500
cta_qa_0096,7,-0.439837
cta_qa_0096,8,-0.439866
cta_qa_0096,9,-36.500000
cta_qa_0096,10,-0.379212
cta_qa_0096,11,-0.379212
cta_qa_0096,12,-36.500000
cta_qa_0096,13,-36.500000
cta_qa_0096,14,-0.379212
cta_qa_0096,15,-0.439866
cta_qa_0096,16,-0.411350
cta_qa_0096,17,-35.500000
cta_qa_0096,18,-0.524943
cta_qa_0096,19,-0.411350
cta_qa_0096,20,-0.380014
cta_qa_0096,21,-0.380014
cta_qa_0096,22,-0.380014
cta_qa_0096,23,-35.500000
cta_qa_0096,24,-36.500000
cta_qa_0096,25,-36.500000
cta_qa_0096,26,-0.379212
cta_qa_0096,27,-0.379212
cta_qa_0096,28,-0.445616
cta_qa_0096,29,-0.383019
cta_qa_0096,30,-0.445616
cta_qa_0096,31,-37.125000
cta_qa_0096,32,-36.625000
cta_qa_0096,33,-0.351747
cta_qa_0096,34,-0.407315
cta_qa_0096,35,-0.407315
cta_qa_0096,36,-0.378649
cta_qa_0096,37,-37.312500
cta_qa_0096,38,-0.379212
cta_qa_0096,39,-0.439866
cta_qa_0096,40,-36.500000
cta_qa_0096,41,-0.439866
cta_qa_0096,42,-36.500000
cta_qa_0096,43,-0.439866
cta_qa_0096,44,-36.500000
cta_qa_0096,45,-0.439866
cta_qa_0096,46,-0.439866
cta_qa_0096,47,-0.379212
cta_qa_0096,48,-36.500000
cta_qa_0096,49,-0.379212
cta_qa_0096,50,-0.379212
cta_qa_0096,51,-0.379212
cta_qa_0096,52,-36.500000
cta_qa_0096,53,-0.379212
cta_qa_0096,54,-36.500000
cta_qa_0096,55,-0.379212
cta_qa_0096,56,-0.439866
cta_qa_0096,57,-0.379212
cta_qa_0096,58,-36.500000
cta_qa_0096,59,-36.500000
cta_qa_0096,60,-0.379212
cta_qa_0096,61,-35.125000
cta_qa_0096,62,-0.439866
cta_qa_0096,63,-36.500000
cta_qa_0097,0,-36.812500
cta_qa_0097,1,-36.812500
cta_qa_0097,2,-0.506124
cta_qa_0097,3,-0.506124
cta_qa_0097,4,-36.625000
cta_qa_0097,5,-0.346006
cta_qa_0097,6,-0.379902
cta_qa_0097,7,-0.379902
cta_qa_0097,8,-0.506124
cta_qa_0097,9,-0.499813
cta_qa_0097,10,-0.506124
cta_qa_0097,11,-36.812500
cta_qa_0097,12,-36.812500
cta_qa_0097,13,-36.812500
cta_qa_0097,14,-0.506124
cta_qa_0097,15,-0.471089
cta_qa_0097,16,-0.471248
cta_qa_0097,17,-0.409781
cta_qa_0097,18,-0.409781
cta_qa_0097,19,-37.062500
cta_qa_0097,20,-0.506124
cta_qa_0097,21,-0.506124
cta_qa_0097,22,-0.443894
cta_qa_0097,23,-36.812500
cta_qa_0097,24,-0.412475
cta_qa_0097,25,-0.412475
cta_qa_0097,26,-0.412475
cta_qa_0097,27,-29.875000
cta_qa_0097,28,-36.812500
cta_qa_0097,29,-36.812500
cta_qa_0097,30,-0.506124
cta_qa_0097,31,-0.506124
cta_qa_0097,32,-0.471580
cta_qa_0097,33,-0.406113
cta_qa_0097,34,-0.406113
cta_qa_0097,35,-38.062500
cta_qa_0097,36,-0.506124
cta_qa_0097,37,-0.471089
cta_qa_0097,38,-36.812500
cta_qa_0097,39,-0.379702
cta_qa_0097,40,-0.469840
cta_qa_0097,41,-0.347734
cta_qa_0097,42,-0.469840
cta_qa_0097,43,-36.687500
cta_qa_0097,44,-0.506124
cta_qa_0097,45,-0.506124
cta_qa_0097,46,-0.506124
cta_qa_0097,47,-36.812500
cta_qa_0097,48,-0.506124
cta_qa_0097,49,-36.812500
cta_qa_0097,50,-0.506124
cta_qa_0097,51,-0.499813
cta_qa_0097,52,-0.471248
cta_qa_0097,53,-37.062500
cta_qa_0097,54,-37.062500
cta_qa_0097,55,-37.062500
cta_qa_0097,56,-0.506124
cta_qa_0097,57,-0.506124
cta_qa_0097,58,-36.812500
cta_qa_0097,59,-0.499813
cta_qa_0097,60,-0.506124
cta_qa_0097,61,-0.506124
cta_qa_0097,62,-0.506124
cta_qa_0097,63,-36.812500
cta_qa_0098,0,-35.937500
cta_qa_0098,1,-35.937500
cta_qa_0098,2,-35.937500
cta_qa_0098,3,-35.937500
cta_qa_0098,4,-35.750000
cta_qa_0098,5,-0.467337
cta_qa_0098,6,-0.468568
cta_qa_0098,7,-35.750000
cta_qa_0098,8,-0.349160
cta_qa_0098,9,-0.349251
cta_qa_0098,10,-0.349160
cta_qa_0098,11,-34.750000
cta_qa_0098,12,-35.937500
cta_qa_0098,13,-35.937500
cta_qa_0098,14,-35.937500
cta_qa_0098,15,-34.125000
cta_qa_0098,16,-0.380670
cta_qa_0098,17,-7.124994
cta_qa_0098,18,-0.380670
cta_qa_0098,19,-0.379235
cta_qa_0098,20,-35.937500
cta_qa_0098,21,-35.937500
cta_qa_0098,22,-34.125000
cta_qa_0098,23,-35.937500
cta_qa_0098,24,-35.937500
cta_qa_0098,25,-35.937500
cta_qa_0098,26,-35.937500
cta_qa_0098,27,-34.125000
cta_qa_0098,28,-0.468568
cta_qa_0098,29,-35.750000
cta_qa_0098,30,-0.468568
cta_qa_0098,31,-0.468568
cta_qa_0098,32,-0.439796
cta_qa_0098,33,-0.439796
cta_qa_0098,34,-36.500000
cta_qa_0098,35,-0.401542
cta_qa_0098,36,-36.250000
cta_qa_0098,37,-35.937500
cta_qa_0098,38,-34.125000
cta_qa_0098,39,-35.937500
cta_qa_0098,40,-35.937500
cta_qa_0098,41,-35.937500
cta_qa_0098,42,-35.937500
cta_qa_0098,43,-35.937500
cta_qa_0098,44,-35.750000
cta_qa_0098,45,-0.468568
cta_qa_0098,46,-0.468568
cta_qa_0098,47,-0.468568
cta_qa_0098,48,-35.937500
cta_qa_0098,49,-35.937500
cta_qa_0098,50,-35.937500
cta_qa_0098,51,-34.125000
cta_qa_0098,52,-35.937500
cta_qa_0098,53,-35.937500
cta_qa_0098,54,-34.125000
cta_qa_0098,55,-35.937500
cta_qa_0098,56,-0.501167
cta_qa_0098,57,-30.125000
cta_qa_0098,58,-0.502502
cta_qa_0098,59,-0.440043
cta_qa_0098,60,-35.937500
cta_qa_0098,61,-35.937500
cta_qa_0098,62,-35.937500
cta_qa_0098,63,-35.937500
cta_qa_0099,0,-34.375000
cta_qa_0099,1,-0.383042
cta_qa_0099,2,-0.320415
cta_qa_0099,3,-0.320415
cta_qa_0099,4,-0.349040
cta_qa_0099,5,-34.500000
cta_qa_0099,6,-0.344939
cta_qa_0099,7,-0.350068
cta_qa_0099,8,-37.687500
cta_qa_0099,9,-37.687500
cta_qa_0099,10,-0.407475
cta_qa_0099,11,-0.407475
cta_qa_0099,12,-0.352049
cta_qa_0099,13,-0.411223
cta_qa_0099,14,-0.353069
cta_qa_0099,15,-35.750000
cta_qa_0099,16,-34.500000
cta_qa_0099,17,-0.403091
cta_qa_0099,18,-0.349040
cta_qa_0099,19,-0.344939
cta_qa_0099,20,-37.687500
cta_qa_0099,21,-0.407475
cta_qa_0099,22,-0.407475
cta_qa_0099,23,-0.407475
cta_qa_0099,24,-0.291878
cta_qa_0099,25,-0.378886
cta_qa_0099,26,-34.500000
cta_qa_0099,27,-0.259755
cta_qa_0099,28,-0.319221
cta_qa_0099,29,-34.500000
cta_qa_0099,30,-34.500000
cta_qa_0099,31,-0.350068
cta_qa_0099,32,-37.687500
cta_qa_0099,33,-0.318560
cta_qa_0099,34,-0.318560
cta_qa_0099,35,-37.687500
cta_qa_0099,36,-0.350068
cta_qa_0099,37,-34.500000
cta_qa_0099,38,-34.500000
cta_qa_0099,39,-0.403091
cta_qa_0099,40,-35.750000
cta_qa_0099,41,-0.381124
cta_qa_0099,42,-35.750000
cta_qa_0099,43,-0.411223
cta_qa_0099,44,-0.403091
cta_qa_0099,45,-34.500000
cta_qa_0099,46,-0.378886
cta_qa_0099,47,-0.291878
cta_qa_0099,48,-35.750000
cta_qa_0099,49,-0.409781
cta_qa_0099,50,-0.411223
cta_qa_0099,51,-0.409781
cta_qa_0099,52,-0.292424
cta_qa_0099,53,-35.750000
cta_qa_0099,54,-0.411223
cta_qa_0099,55,-0.470055
cta_qa_0099,56,-0.403091
cta_qa_0099,57,-0.349040
cta_qa_0099,58,-34.500000
cta_qa_0099,59,-0.315086
cta_qa_0099,60,-0.291878
cta_qa_0099,61,-0.291878
cta_qa_0099,62,-34.500000
cta_qa_0099,63,-0.403091
cta_qa_0100,0,-0.383855
cta_qa_0100,1,-0.383855
cta_qa_0100,2,-0.383855
cta_qa_0100,3,-33.625000
cta_qa_0100,4,-0.359994
cta_qa_0100,5,-0.419576
cta_qa_0100,6,-0.387068
cta_qa_0100,7,-38.437500
cta_qa_0100,8,-0.355644
cta_qa_0100,9,-0.412259
cta_qa_0100,10,-0.412259
cta_qa_0100,11,-38.250000
cta_qa_0100,12,-38.437500
cta_qa_0100,13,-0.416860
cta_qa_0100,14,-38.437500
cta_qa_0100,15,-0.416860
cta_qa_0100,16,-0.357445
cta_qa_0100,17,-38.000000
cta_qa_0100,18,-0.357445
cta_qa_0100,19,-0.357445
cta_qa_0100,20,-38.437500
cta_qa_0100,21,-0.416860
cta_qa_0100,22,-38.437500
cta_qa_0100,23,-0.358321
cta_qa_0100,24,-38.437500
cta_qa_0100,25,-38.437500
cta_qa_0100,26,-0.416860
cta_qa_0100,27,-38.437500
cta_qa_0100,28,-0.412763
cta_qa_0100,29,-36.687500
cta_qa_0100,30,-0.414512
cta_qa_0100,31,-0.414512
cta_qa_0100,32,-0.416860
cta_qa_0100,33,-0.416860
cta_qa_0100,34,-0.327272
cta_qa_0100,35,-38.437500
cta_qa_0100,36,-38.437500
cta_qa_0100,37,-0.443594
cta_qa_0100,38,-0.416860
cta_qa_0100,39,-0.416860
cta_qa_0100,40,-0.440265
cta_qa_0100,41,-36.687500
cta_qa_0100,42,-0.414512
cta_qa_0100,43,-0.414512
cta_qa_0100,44,-38.437500
cta_qa_0100,45,-0.416860
cta_qa_0100,46,-0.382413
cta_qa_0100,47,-0.416860
cta_qa_0100,48,-38.437500
cta_qa_0100,49,-38.437500
cta_qa_0100,50,-0.416860
cta_qa_0100,51,-0.416860
cta_qa_0100,52,-38.437500
cta_qa_0100,53,-38.437500
cta_qa_0100,54,-0.327272
cta_qa_0100,55,-0.416860
cta_qa_0100,56,-0.382413
cta_qa_0100,57,-0.416860
cta_qa_0100,58,-0.382413
cta_qa_0100,59,-38.437500
cta_qa_0100,60,-38.437500
cta_qa_0100,61,-0.416860
cta_qa_0100,62,-38.437500
cta_qa_0100,63,-0.416860
cta_qa_0101,0,-0.413569
cta_qa_0101,1,-37.375000
cta_qa_0101,2,-0.290813
cta_qa_0101,3,-0.287464
cta_qa_0101,4,-0.438675
cta_qa_0101,5,-38.125000
cta_qa_0101,6,-0.258409
cta_qa_0101,7,-0.289412
cta_qa_0101,8,-36.375000
cta_qa_0101,9,-0.292926
cta_qa_0101,10,-0.321665
cta_qa_0101,11,-0.252354
cta_qa_0101,12,-0.221948
cta_qa_0101,13,-38.375000
cta_qa_0101,14,-0.279604
cta_qa_0101,15,-0.257138
cta_qa_0101,16,-0.221948
cta_qa_0101,17,-37.687500
cta_qa_0101,18,-0.258008
cta_qa_0101,19,-0.221948
cta_qa_0101,20,-0.292290
cta_qa_0101,21,-37.687500
cta_qa_0101,22,-0.382522
cta_qa_0101,23,-0.382522
cta_qa_0101,24,-0.321665
cta_qa_0101,25,-38.062500
cta_qa_0101,26,-0.317246
cta_qa_0101,27,-0.256516
cta_qa_0101,28,-0.290692
cta_qa_0101,29,-0.258409
cta_qa_0101,30,-38.125000
cta_qa_0101,31,-0.321798
cta_qa_0101,32,-38.250000
cta_qa_0101,33,-38.125000
cta_qa_0101,34,-0.290692
cta_qa_0101,35,-0.260722
cta_qa_0101,36,-37.000000
cta_qa_0101,37,-0.256032
cta_qa_0101,38,-0.410006
cta_qa_0101,39,-0.348570
cta_qa_0101,40,-0.318795
cta_qa_0101,41,-0.350039
cta_qa_0101,42,-31.125000
cta_qa_0101,43,-0.317584
cta_qa_0101,44,-0.287087
cta_qa_0101,45,-38.375000
cta_qa_0101,46,-0.289515
cta_qa_0101,47,-0.289515
cta_qa_0101,48,-0.255100
cta_qa_0101,49,-0.230102
cta_qa_0101,50,-0.286727
cta_qa_0101,51,-38.687500
cta_qa_0101,52,-0.258409
cta_qa_0101,53,-0.259022
cta_qa_0101,54,-0.290689
cta_qa_0101,55,-38.125000
cta_qa_0101,56,-0.253172
cta_qa_0101,57,-0.192797
cta_qa_0101,58,-0.290689
cta_qa_0101,59,-38.125000
cta_qa_0101,60,-35.250000
cta_qa_0101,61,-0.376134
cta_qa_0101,62,-0.408518
cta_qa_0101,63,-0.379930
cta_qa_0102,0,-36.875000
cta_qa_0102,1,-33.750000
cta_qa_0102,2,-0.438685
cta_qa_0102,3,-0.438685
cta_qa_0102,4,-35.375000
cta_qa_0102,5,-0.384305
cta_qa_0102,6,-0.445891
cta_qa_0102,7,-35.375000
cta_qa_0102,8,-0.255726
cta_qa_0102,9,-36.750000
cta_qa_0102,10,-0.323846
cta_qa_0102,11,-0.406031
cta_qa_0102,12,-17.000000
cta_qa_0102,13,-0.409006
cta_qa_0102,14,-0.443369
cta_qa_0102,15,-0.409006
cta_qa_0102,16,-0.378809
cta_qa_0102,17,-0.442931
cta_qa_0102,18,-0.355138
cta_qa_0102,19,-31.000000
cta_qa_0102,20,-0.379881
cta_qa_0102,21,-0.438685
cta_qa_0102,22,-0.438685
cta_qa_0102,23,-25.875000
cta_qa_0102,24,-27.000000
cta_qa_0102,25,-0.253818
cta_qa_0102,26,-0.381496
cta_qa_0102,27,-0.438685
cta_qa_0102,28,-0.289640
cta_qa_0102,29,-0.438685
cta_qa_0102,30,-0.438685
cta_qa_0102,31,-25.875000
cta_qa_0102,32,-36.000000
cta_qa_0102,33,-0.347491
cta_qa_0102,34,-0.499788
cta_qa_0102,35,-0.383912
cta_qa_0102,36,-0.406035
cta_qa_0102,37,-33.625000
cta_qa_0102,38,-0.320067
cta_qa_0102,39,-0.291691
cta_qa_0102,40,-0.438685
cta_qa_0102,41,-35.750000
cta_qa_0102,42,-0.253818
cta_qa_0102,43,-0.320517
cta_qa_0102,44,-0.438685
cta_qa_0102,45,-0.253818
cta_qa_0102,46,-25.875000
cta_qa_0102,47,-0.322928
cta_qa_0102,48,-32.250000
cta_qa_0102,49,-0.413820
cta_qa_0102,50,-0.414999
cta_qa_0102,51,-0.499784
cta_qa_0102,52,-0.438685
cta_qa_0102,53,-0.381313
cta_qa_0102,54,-0.438685
cta_qa_0102,55,-25.000000
cta_qa_0102,56,-35.875000
cta_qa_0102,57,-36.750000
cta_qa_0102,58,-0.382272
cta_qa_0102,59,-0.501171
cta_qa_0102,60,-34.000000
cta_qa_0102,61,-0.438685
cta_qa_0102,62,-0.438685
cta_qa_0102,63,-0.354350
cta_qa_0103,0,-37.875000
cta_qa_0103,1,-37.875000
cta_qa_0103,2,-37.437500
cta_qa_0103,3,-37.875000
cta_qa_0103,4,-37.875000
cta_qa_0103,5,-37.875000
cta_qa_0103,6,-37.875000
cta_qa_0103,7,-37.875000
cta_qa_0103,8,-37.875000
cta_qa_0103,9,-37.875000
cta_qa_0103,10,-37.875000
cta_qa_0103,11,-37.437500
cta_qa_0103,12,-37.875000
cta_qa_0103,13,-37.875000
cta_qa_0103,14,-37.875000
cta_qa_0103,15,-37.875000
cta_qa_0103,16,-37.875000
cta_qa_0103,17,-37.875000
cta_qa_0103,18,-37.875000
cta_qa_0103,19,-37.875000
cta_qa_0103,20,-37.875000
cta_qa_0103,21,-37.875000
cta_qa_0103,22,-37.875000
cta_qa_0103,23,-37.875000
cta_qa_0103,24,-38.000000
cta_qa_0103,25,-0.314865
cta_qa_0103,26,-0.162851
cta_qa_0103,27,-38.000000
cta_qa_0103,28,-37.875000
cta_qa_0103,29,-37.875000
cta_qa_0103,30,-37.875000
cta_qa_0103,31,-37.875000
cta_qa_0103,32,-37.875000
cta_qa_0103,33,-37.875000
cta_qa_0103,34,-37.875000
cta_qa_0103,35,-37.875000
cta_qa_0103,36,-37.875000
cta_qa_0103,37,-37.875000
cta_qa_0103,38,-37.875000
cta_qa_0103,39,-37.875000
cta_qa_0103,40,-37.875000
cta_qa_0103,41,-37.875000
cta_qa_0103,42,-37.875000
cta_qa_0103,43,-37.875000
cta_qa_0103,44,-0.314865
cta_qa_0103,45,-0.314865
cta_qa_0103,46,-38.000000
cta_qa_0103,47,-38.000000
cta_qa_0103,48,-38.000000
cta_qa_0103,49,-0.314865
cta_qa_0103,50,-38.000000
cta_qa_0103,51,-38.000000
cta_qa_0103,52,-37.875000
cta_qa_0103,53,-37.875000
cta_qa_0103,54,-37.875000
cta_qa_0103,55,-37.875000
cta_qa_0103,56,-37.875000
cta_qa_0103,57,-37.875000
cta_qa_0103,58,-37.437500
cta_qa_0103,59,-37.875000
cta_qa_0103,60,-37.875000
cta_qa_0103,61,-37.875000
cta_qa_0103,62,-37.875000
cta_qa_0103,63,-37.875000
cta_qa_0104,0,-0.441179
cta_qa_0104,1,-0.352664
cta_qa_0104,2,-37.625000
cta_qa_0104,3,-0.441179
cta_qa_0104,4,-0.320674
cta_qa_0104,5,-0.382245
cta_qa_0104,6,-0.320674
cta_qa_0104,7,-37.312500
cta_qa_0104,8,-37.125000
cta_qa_0104,9,-0.379914
cta_qa_0104,10,-0.410925
cta_qa_0104,11,-0.410925
cta_qa_0104,12,-37.625000
cta_qa_0104,13,-0.352664
cta_qa_0104,14,-0.441179
cta_qa_0104,15,-0.352664
cta_qa_0104,16,-0.352664
cta_qa_0104,17,-37.625000
cta_qa_0104,18,-0.441179
cta_qa_0104,19,-37.625000
cta_qa_0104,20,-0.352664
cta_qa_0104,21,-0.441179
cta_qa_0104,22,-37.625000
cta_qa_0104,23,-37.625000
cta_qa_0104,24,-37.437500
cta_qa_0104,25,-37.437500
cta_qa_0104,26,-0.376969
cta_qa_0104,27,-37.437500
cta_qa_0104,28,-0.502382
cta_qa_0104,29,-0.502382
cta_qa_0104,30,-37.312500
cta_qa_0104,31,-0.352923
cta_qa_0104,32,-0.409994
cta_qa_0104,33,-0.409994
cta_qa_0104,34,-0.350699
cta_qa_0104,35,-37.250000
cta_qa_0104,36,-0.407277
cta_qa_0104,37,-36.375000
cta_qa_0104,38,-0.407277
cta_qa_0104,39,-0.407277
cta_qa_0104,40,-37.312500
cta_qa_0104,41,-0.414175
cta_qa_0104,42,-0.502382
cta_qa_0104,43,-0.502382
cta_qa_0104,44,-0.350699
cta_qa_0104,45,-37.250000
cta_qa_0104,46,-36.937500
cta_qa_0104,47,-0.350699
cta_qa_0104,48,-37.625000
cta_qa_0104,49,-0.352664
cta_qa_0104,50,-37.625000
cta_qa_0104,51,-0.441179
cta_qa_0104,52,-0.441179
cta_qa_0104,53,-37.625000
cta_qa_0104,54,-37.625000
cta_qa_0104,55,-0.441179
cta_qa_0104,56,-37.500000
cta_qa_0104,57,-0.346160
cta_qa_0104,58,-0.316078
cta_qa_0104,59,-0.347108
cta_qa_0104,60,-0.440975
cta_qa_0104,61,-0.440975
cta_qa_0104,62,-37.687500
cta_qa_0104,63,-0.346965
cta_qa_0105,0,-37.062500
cta_qa_0105,1,-37.062500
cta_qa_0105,2,-37.062500
cta_qa_0105,3,-37.062500
cta_qa_0105,4,-37.062500
cta_qa_0105,5,-37.062500
cta_qa_0105,6,-37.062500
cta_qa_0105,7,-37.062500
cta_qa_0105,8,-37.250000
cta_qa_0105,9,-37.250000
cta_qa_0105,10,-37.250000
cta_qa_0105,11,-0.414156
cta_qa_0105,12,-37.062500
cta_qa_0105,13,-37.062500
cta_qa_0105,14,-37.062500
cta_qa_0105,15,-37.062500
cta_qa_0105,16,-37.062500
cta_qa_0105,17,-37.062500
cta_qa_0105,18,-37.062500
cta_qa_0105,19,-37.062500
cta_qa_0105,20,-0.528117
cta_qa_0105,21,-37.250000
cta_qa_0105,22,-37.250000
cta_qa_0105,23,-37.250000
cta_qa_0105,24,-37.250000
cta_qa_0105,25,-0.528117
cta_qa_0105,26,-37.250000
cta_qa_0105,27,-37.250000
cta_qa_0105,28,-0.317132
cta_qa_0105,29,-37.000000
cta_qa_0105,30,-0.317132
cta_qa_0105,31,-36.750000
cta_qa_0105,32,-37.062500
cta_qa_0105,33,-37.062500
cta_qa_0105,34,-37.062500
cta_qa_0105,35,-37.062500
cta_qa_0105,36,-0.317132
cta_qa_0105,37,-0.317132
cta_qa_0105,38,-0.317132
cta_qa_0105,39,-37.000000
cta_qa_0105,40,-0.528117
cta_qa_0105,41,-37.250000
cta_qa_0105,42,-0.528117
cta_qa_0105,43,-37.250000
cta_qa_0105,44,-37.062500
cta_qa_0105,45,-37.062500
cta_qa_0105,46,-37.062500
cta_qa_0105,47,-37.062500
cta_qa_0105,48,-37.062500
cta_qa_0105,49,-37.062500
cta_qa_0105,50,-37.062500
cta_qa_0105,51,-37.062500
cta_qa_0105,52,-37.062500
cta_qa_0105,53,-37.062500
cta_qa_0105,54,-37.062500
cta_qa_0105,55,-37.062500
cta_qa_0105,56,-37.062500
cta_qa_0105,57,-37.062500
cta_qa_0105,58,-37.062500
cta_qa_0105,59,-37.062500
cta_qa_0105,60,-0.322324
cta_qa_0105,61,-37.437500
cta_qa_0105,62,-0.322324
cta_qa_0105,63,-0.322324
cta_qa_0106,0,-29.125000
cta_qa_0106,1,-0.415961
cta_qa_0106,2,-0.475614
cta_qa_0106,3,-0.410722
cta_qa_0106,4,-0.315063
cta_qa_0106,5,-31.500000
cta_qa_0106,6,-0.315063
cta_qa_0106,7,-0.315063
cta_qa_0106,8,-35.375000
cta_qa_0106,9,-35.375000
cta_qa_0106,10,-35.375000
cta_qa_0106,11,-35.375000
cta_qa_0106,12,-35.437500
cta_qa_0106,13,-0.347093
cta_qa_0106,14,-35.312500
cta_qa_0106,15,-35.437500
cta_qa_0106,16,-0.475614
cta_qa_0106,17,-29.125000
cta_qa_0106,18,-0.475614
cta_qa_0106,19,-0.475614
cta_qa_0106,20,-0.347093
cta_qa_0106,21,-35.437500
cta_qa_0106,22,-35.437500
cta_qa_0106,23,-35.437500
cta_qa_0106,24,-35.437500
cta_qa_0106,25,-35.437500
cta_qa_0106,26,-35.437500
cta_qa_0106,27,-0.347093
cta_qa_0106,28,-34.625000
cta_qa_0106,29,-35.375000
cta_qa_0106,30,-35.312500
cta_qa_0106,31,-35.312500
cta_qa_0106,32,-0.347093
cta_qa_0106,33,-35.437500
cta_qa_0106,34,-32.250000
cta_qa_0106,35,-34.000000
cta_qa_0106,36,-0.315063
cta_qa_0106,37,-37.562500
cta_qa_0106,38,-0.315063
cta_qa_0106,39,-0.315063
cta_qa_0106,40,-35.437500
cta_qa_0106,41,-0.347093
cta_qa_0106,42,-34.000000
cta_qa_0106,43,-0.347093
cta_qa_0106,44,-0.347093
cta_qa_0106,45,-35.437500
cta_qa_0106,46,-35.437500
cta_qa_0106,47,-35.437500
cta_qa_0106,48,-0.226636
cta_qa_0106,49,-0.253867
cta_qa_0106,50,-0.226636
cta_qa_0106,51,-38.062500
cta_qa_0106,52,-35.375000
cta_qa_0106,53,-35.375000
cta_qa_0106,54,-35.375000
cta_qa_0106,55,-35.375000
cta_qa_0106,56,-35.375000
cta_qa_0106,57,-35.375000
cta_qa_0106,58,-35.375000
cta_qa_0106,59,-34.000000
cta_qa_0106,60,-35.375000
cta_qa_0106,61,-35.375000
cta_qa_0106,62,-35.375000
cta_qa_0106,63,-34.000000
cta_qa_0107,0,-36.000000
cta_qa_0107,1,-0.319719
cta_qa_0107,2,-0.321015
cta_qa_0107,3,-0.322767
cta_qa_0107,4,-0.322767
cta_qa_0107,5,-0.321015
cta_qa_0107,6,-36.000000
cta_qa_0107,7,-0.322491
cta_qa_0107,8,-0.355432
cta_qa_0107,9,-0.357048
cta_qa_0107,10,-32.500000
cta_qa_0107,11,-0.355432
cta_qa_0107,12,-36.625000
cta_qa_0107,13,-36.625000
cta_qa_0107,14,-33.625000
cta_qa_0107,15,-33.625000
cta_qa_0107,16,-0.322767
cta_qa_0107,17,-0.321015
cta_qa_0107,18,-0.321015
cta_qa_0107,19,-36.000000
cta_qa_0107,20,-0.224752
cta_qa_0107,21,-32.500000
cta_qa_0107,22,-32.500000
cta_qa_0107,23,-0.323680
cta_qa_0107,24,-32.875000
cta_qa_0107,25,-0.355432
cta_qa_0107,26,-0.357048
cta_qa_0107,27,-32.500000
cta_qa_0107,28,-29.500000
cta_qa_0107,29,-0.384795
cta_qa_0107,30,-0.444190
cta_qa_0107,31,-0.385252
cta_qa_0107,32,-0.322491
cta_qa_0107,33,-0.322491
cta_qa_0107,34,-0.322491
cta_qa_0107,35,-36.000000
cta_qa_0107,36,-0.357048
cta_qa_0107,37,-32.500000
cta_qa_0107,38,-0.355432
cta_qa_0107,39,-0.357048
cta_qa_0107,40,-0.355432
cta_qa_0107,41,-0.357048
cta_qa_0107,42,-0.323680
cta_qa_0107,43,-32.875000
cta_qa_0107,44,-33.500000
cta_qa_0107,45,-0.256944
cta_qa_0107,46,-33.500000
cta_qa_0107,47,-0.256944
cta_qa_0107,48,-0.357048
cta_qa_0107,49,-32.500000
cta_qa_0107,50,-32.500000
cta_qa_0107,51,-0.384450
cta_qa_0107,52,-33.500000
cta_qa_0107,53,-36.375000
cta_qa_0107,54,-0.377480
cta_qa_0107,55,-36.375000
cta_qa_0107,56,-0.323680
cta_qa_0107,57,-32.500000
cta_qa_0107,58,-0.355432
cta_qa_0107,59,-32.500000
cta_qa_0107,60,-36.000000
cta_qa_0107,61,-0.318792
cta_qa_0107,62,-0.318792
cta_qa_0107,63,-0.318792
cta_qa_0108,0,-0.433712
cta_qa_0108,1,-0.433712
cta_qa_0108,2,-36.625000
cta_qa_0108,3,-0.433712
cta_qa_0108,4,-36.625000
cta_qa_0108,5,-36.625000
cta_qa_0108,6,-0.433712
cta_qa_0108,7,-36.625000
cta_qa_0108,8,-36.562500
cta_qa_0108,9,-36.562500
cta_qa_0108,10,-36.562500
cta_qa_0108,11,-36.562500
cta_qa_0108,12,-36.562500
cta_qa_0108,13,-36.562500
cta_qa_0108,14,-36.562500
cta_qa_0108,15,-36.562500
cta_qa_0108,16,-0.349225
cta_qa_0108,17,-0.349225
cta_qa_0108,18,-36.875000
cta_qa_0108,19,-0.349225
cta_qa_0108,20,-36.562500
cta_qa_0108,21,-36.562500
cta_qa_0108,22,-36.562500
cta_qa_0108,23,-36.562500
cta_qa_0108,24,-36.562500
cta_qa_0108,25,-36.562500
cta_qa_0108,26,-36.562500
cta_qa_0108,27,-36.562500
cta_qa_0108,28,-36.562500
cta_qa_0108,29,-36.562500
cta_qa_0108,30,-36.562500
cta_qa_0108,31,-36.562500
cta_qa_0108,32,-0.349225
cta_qa_0108,33,-0.349225
cta_qa_0108,34,-0.349225
cta_qa_0108,35,-37.875000
cta_qa_0108,36,-0.433712
cta_qa_0108,37,-36.625000
cta_qa_0108,38,-36.625000
cta_qa_0108,39,-36.625000
cta_qa_0108,40,-36.625000
cta_qa_0108,41,-0.433712
cta_qa_0108,42,-36.625000
cta_qa_0108,43,-36.625000
cta_qa_0108,44,-36.562500
cta_qa_0108,45,-36.562500
cta_qa_0108,46,-36.562500
cta_qa_0108,47,-36.562500
cta_qa_0108,48,-36.562500
cta_qa_0108,49,-36.562500
cta_qa_0108,50,-36.562500
cta_qa_0108,51,-36.562500
cta_qa_0108,52,-36.562500
cta_qa_0108,53,-36.562500
cta_qa_0108,54,-36.562500
cta_qa_0108,55,-36.562500
cta_qa_0108,56,-36.625000
cta_qa_0108,57,-36.625000
cta_qa_0108,58,-0.433712
cta_qa_0108,59,-36.625000
cta_qa_0108,60,-36.562500
cta_qa_0108,61,-36.562500
cta_qa_0108,62,-36.562500
cta_qa_0108,63,-36.562500
cta_qa_0109,0,-0.249025
cta_qa_0109,1,-0.380069
cta_qa_0109,2,-38.187500
cta_qa_0109,3,-0.249025
cta_qa_0109,4,-0.249025
cta_qa_0109,5,-0.249025
cta_qa_0109,6,-0.526788
cta_qa_0109,7,-38.437500
cta_qa_0109,8,-38.187500
cta_qa_0109,9,-0.249025
cta_qa_0109,10,-0.249025
cta_qa_0109,11,-0.471124
cta_qa_0109,12,-0.442077
cta_qa_0109,13,-39.187500
cta_qa_0109,14,-39.187500
cta_qa_0109,15,-0.442077
cta_qa_0109,16,-38.187500
cta_qa_0109,17,-0.526788
cta_qa_0109,18,-0.380069
cta_qa_0109,19,-0.249025
cta_qa_0109,20,-0.410495
cta_qa_0109,21,-39.187500
cta_qa_0109,22,-39.187500
cta_qa_0109,23,-39.187500
cta_qa_0109,24,-0.471124
cta_qa_0109,25,-38.187500
cta_qa_0109,26,-0.249025
cta_qa_0109,27,-0.249025
cta_qa_0109,28,-0.442077
cta_qa_0109,29,-39.187500
cta_qa_0109,30,-39.187500
cta_qa_0109,31,-39.187500
cta_qa_0109,32,-0.526788
cta_qa_0109,33,-38.187500
cta_qa_0109,34,-0.526788
cta_qa_0109,35,-0.249025
cta_qa_0109,36,-39.187500
cta_qa_0109,37,-39.187500
cta_qa_0109,38,-0.442077
cta_qa_0109,39,-0.442077
cta_qa_0109,40,-0.249025
cta_qa_0109,41,-0.249025
cta_qa_0109,42,-38.187500
cta_qa_0109,43,-0.471124
cta_qa_0109,44,-0.491586
cta_qa_0109,45,-39.187500
cta_qa_0109,46,-39.187500
cta_qa_0109,47,-39.187500
cta_qa_0109,48,-0.249025
cta_qa_0109,49,-0.249025
cta_qa_0109,50,-38.187500
cta_qa_0109,51,-0.249025
cta_qa_0109,52,-39.125000
cta_qa_0109,53,-39.125000
cta_qa_0109,54,-39.125000
cta_qa_0109,55,-39.125000
cta_qa_0109,56,-0.491586
cta_qa_0109,57,-39.187500
cta_qa_0109,58,-0.404806
cta_qa_0109,59,-39.187500
cta_qa_0109,60,-39.187500
cta_qa_0109,61,-0.442077
cta_qa_0109,62,-0.491586
cta_qa_0109,63,-39.187500
cta_qa_0110,0,-37.500000
cta_qa_0110,1,-37.500000
cta_qa_0110,2,-37.500000
cta_qa_0110,3,-0.468581
cta_qa_0110,4,-37.375000
cta_qa_0110,5,-36.750000
cta_qa_0110,6,-37.375000
cta_qa_0110,7,-37.375000
cta_qa_0110,8,-0.532429
cta_qa_0110,9,-0.532429
cta_qa_0110,10,-37.500000
cta_qa_0110,11,-37.500000
cta_qa_0110,12,-37.375000
cta_qa_0110,13,-37.375000
cta_qa_0110,14,-37.375000
cta_qa_0110,15,-37.375000
cta_qa_0110,16,-0.468534
cta_qa_0110,17,-0.353831
cta_qa_0110,18,-37.687500
cta_qa_0110,19,-0.385250
cta_qa_0110,20,-0.408296
cta_qa_0110,21,-0.468565
cta_qa_0110,22,-0.468565
cta_qa_0110,23,-37.750000
cta_qa_0110,24,-0.532429
cta_qa_0110,25,-37.500000
cta_qa_0110,26,-37.500000
cta_qa_0110,27,-37.500000
cta_qa_0110,28,-0.532429
cta_qa_0110,29,-37.500000
cta_qa_0110,30,-37.500000
cta_qa_0110,31,-37.500000
cta_qa_0110,32,-37.500000
cta_qa_0110,33,-37.500000
cta_qa_0110,34,-37.500000
cta_qa_0110,35,-0.532429
cta_qa_0110,36,-0.532429
cta_qa_0110,37,-0.532429
cta_qa_0110,38,-37.500000
cta_qa_0110,39,-37.500000
cta_qa_0110,40,-37.375000
cta_qa_0110,41,-37.375000
cta_qa_0110,42,-37.375000
cta_qa_0110,43,-37.375000
cta_qa_0110,44,-0.532429
cta_qa_0110,45,-37.500000
cta_qa_0110,46,-37.500000
cta_qa_0110,47,-37.500000
cta_qa_0110,48,-0.381597
cta_qa_0110,49,-0.468534
cta_qa_0110,50,-0.468534
cta_qa_0110,51,-36.750000
cta_qa_0110,52,-37.375000
cta_qa_0110,53,-37.375000
cta_qa_0110,54,-37.375000
cta_qa_0110,55,-37.375000
cta_qa_0110,56,-37.500000
cta_qa_0110,57,-37.500000
cta_qa_0110,58,-0.532429
cta_qa_0110,59,-37.500000
cta_qa_0110,60,-0.408296
cta_qa_0110,61,-0.408296
cta_qa_0110,62,-37.187500
cta_qa_0110,63,-0.408296
cta_qa_0111,0,-0.313454
cta_qa_0111,1,-0.313454
cta_qa_0111,2,-0.427768
cta_qa_0111,3,-37.375000
cta_qa_0111,4,-38.187500
cta_qa_0111,5,-38.187500
cta_qa_0111,6,-38.187500
cta_qa_0111,7,-38.187500
cta_qa_0111,8,-37.375000
cta_qa_0111,9,-0.313454
cta_qa_0111,10,-37.375000
cta_qa_0111,11,-0.427768
cta_qa_0111,12,-38.187500
cta_qa_0111,13,-0.335213
cta_qa_0111,14,-38.187500
cta_qa_0111,15,-38.187500
cta_qa_0111,16,-0.313454
cta_qa_0111,17,-0.313454
cta_qa_0111,18,-37.375000
cta_qa_0111,19,-0.313454
cta_qa_0111,20,-0.335213
cta_qa_0111,21,-38.187500
cta_qa_0111,22,-38.187500
cta_qa_0111,23,-38.187500
cta_qa_0111,24,-21.250000
cta_qa_0111,25,-0.372273
cta_qa_0111,26,-0.372273
cta_qa_0111,27,-0.408471
cta_qa_0111,28,-0.313454
cta_qa_0111,29,-37.375000
cta_qa_0111,30,-0.313454
cta_qa_0111,31,-0.313454
cta_qa_0111,32,-0.335213
cta_qa_0111,33,-38.187500
cta_qa_0111,34,-38.187500
cta_qa_0111,35,-38.187500
cta_qa_0111,36,-38.187500
cta_qa_0111,37,-38.187500
cta_qa_0111,38,-38.187500
cta_qa_0111,39,-38.187500
cta_qa_0111,40,-37.375000
cta_qa_0111,41,-0.313454
cta_qa_0111,42,-0.313454
cta_qa_0111,43,-0.313454
cta_qa_0111,44,-37.375000
cta_qa_0111,45,-0.313454
cta_qa_0111,46,-37.375000
cta_qa_0111,47,-37.375000
cta_qa_0111,48,-37.375000
cta_qa_0111,49,-0.313454
cta_qa_0111,50,-0.313454
cta_qa_0111,51,-37.375000
cta_qa_0111,52,-0.313454
cta_qa_0111,53,-0.313454
cta_qa_0111,54,-0.313454
cta_qa_0111,55,-37.375000
cta_qa_0111,56,-0.313454
cta_qa_0111,57,-37.375000
cta_qa_0111,58,-0.313454
cta_qa_0111,59,-0.427768
cta_qa_0111,60,-0.313454
cta_qa_0111,61,-37.375000
cta_qa_0111,62,-0.313454
cta_qa_0111,63,-37.375000
cta_qa_0112,0,-0.315649
cta_qa_0112,1,-36.125000
cta_qa_0112,2,-36.125000
cta_qa_0112,3,-36.125000
cta_qa_0112,4,-0.315649
cta_qa_0112,5,-36.125000
cta_qa_0112,6,-36.125000
cta_qa_0112,7,-36.125000
cta_qa_0112,8,-36.125000
cta_qa_0112,9,-36.125000
cta_qa_0112,10,-36.125000
cta_qa_0112,11,-0.315649
cta_qa_0112,12,-0.315649
cta_qa_0112,13,-36.125000
cta_qa_0112,14,-36.125000
cta_qa_0112,15,-36.125000
cta_qa_0112,16,-0.353422
cta_qa_0112,17,-0.351342
cta_qa_0112,18,-0.351342
cta_qa_0112,19,-36.812500
cta_qa_0112,20,-0.381945
cta_qa_0112,21,-0.316788
cta_qa_0112,22,-36.937500
cta_qa_0112,23,-0.381945
cta_qa_0112,24,-0.384064
cta_qa_0112,25,-36.125000
cta_qa_0112,26,-0.315649
cta_qa_0112,27,-36.125000
cta_qa_0112,28,-0.315649
cta_qa_0112,29,-0.315649
cta_qa_0112,30,-36.125000
cta_qa_0112,31,-0.315649
cta_qa_0112,32,-0.351342
cta_qa_0112,33,-36.812500
cta_qa_0112,34,-0.351342
cta_qa_0112,35,-0.414191
cta_qa_0112,36,-0.317881
cta_qa_0112,37,-0.324533
cta_qa_0112,38,-0.353473
cta_qa_0112,39,-36.125000
cta_qa_0112,40,-0.322507
cta_qa_0112,41,-0.441476
cta_qa_0112,42,-0.322507
cta_qa_0112,43,-35.500000
cta_qa_0112,44,-36.125000
cta_qa_0112,45,-0.384064
cta_qa_0112,46,-0.315649
cta_qa_0112,47,-36.125000
cta_qa_0112,48,-36.125000
cta_qa_0112,49,-36.125000
cta_qa_0112,50,-36.125000
cta_qa_0112,51,-36.125000
cta_qa_0112,52,-0.381945
cta_qa_0112,53,-0.316788
cta_qa_0112,54,-36.875000
cta_qa_0112,55,-0.316788
cta_qa_0112,56,-0.477212
cta_qa_0112,57,-32.250000
cta_qa_0112,58,-0.477212
cta_qa_0112,59,-0.474067
cta_qa_0112,60,-0.414191
cta_qa_0112,61,-0.351342
cta_qa_0112,62,-36.812500
cta_qa_0112,63,-0.351342
cta_qa_0113,0,-0.284496
cta_qa_0113,1,-35.500000
cta_qa_0113,2,-0.318654
cta_qa_0113,3,-0.342181
cta_qa_0113,4,-35.625000
cta_qa_0113,5,-0.376039
cta_qa_0113,6,-0.340083
cta_qa_0113,7,-0.340083
cta_qa_0113,8,-36.937500
cta_qa_0113,9,-0.283678
cta_qa_0113,10,-0.317796
cta_qa_0113,11,-0.317796
cta_qa_0113,12,-0.316144
cta_qa_0113,13,-37.062500
cta_qa_0113,14,-0.286376
cta_qa_0113,15,-0.286376
cta_qa_0113,16,-0.280166
cta_qa_0113,17,-0.317796
cta_qa_0113,18,-0.341749
cta_qa_0113,19,-36.937500
cta_qa_0113,20,-0.286376
cta_qa_0113,21,-0.286376
cta_qa_0113,22,-36.750000
cta_qa_0113,23,-0.316109
cta_qa_0113,24,-36.687500
cta_qa_0113,25,-0.375874
cta_qa_0113,26,-0.375874
cta_qa_0113,27,-36.687500
cta_qa_0113,28,-0.318468
cta_qa_0113,29,-36.937500
cta_qa_0113,30,-0.317796
cta_qa_0113,31,-36.937500
cta_qa_0113,32,-37.062500
cta_qa_0113,33,-0.377441
cta_qa_0113,34,-0.286376
cta_qa_0113,35,-0.338711
cta_qa_0113,36,-36.937500
cta_qa_0113,37,-36.937500
cta_qa_0113,38,-0.317796
cta_qa_0113,39,-36.937500
cta_qa_0113,40,-36.937500
cta_qa_0113,41,-0.287204
cta_qa_0113,42,-36.937500
cta_qa_0113,43,-0.347560
cta_qa_0113,44,-35.250000
cta_qa_0113,45,-0.317787
cta_qa_0113,46,-0.317787
cta_qa_0113,47,-0.317787
cta_qa_0113,48,-36.937500
cta_qa_0113,49,-0.283678
cta_qa_0113,50,-0.283678
cta_qa_0113,51,-36.937500
cta_qa_0113,52,-36.687500
cta_qa_0113,53,-0.340131
cta_qa_0113,54,-0.347357
cta_qa_0113,55,-0.347357
cta_qa_0113,56,-0.286376
cta_qa_0113,57,-0.309680
cta_qa_0113,58,-0.316109
cta_qa_0113,59,-36.750000
cta_qa_0113,60,-0.283678
cta_qa_0113,61,-36.937500
cta_qa_0113,62,-0.283678
cta_qa_0113,63,-0.283678
cta_qa_0114,0,-35.500000
cta_qa_0114,1,-35.500000
cta_qa_0114,2,-35.500000
cta_qa_0114,3,-35.500000
cta_qa_0114,4,-0.347529
cta_qa_0114,5,-0.347529
cta_qa_0114,6,-36.500000
cta_qa_0114,7,-0.347529
cta_qa_0114,8,-35.500000
cta_qa_0114,9,-35.500000
cta_qa_0114,10,-35.500000
cta_qa_0114,11,-35.500000
cta_qa_0114,12,-0.347529
cta_qa_0114,13,-0.347529
cta_qa_0114,14,-36.375000
cta_qa_0114,15,-0.347529
cta_qa_0114,16,-0.347529
cta_qa_0114,17,-36.500000
cta_qa_0114,18,-0.347529
cta_qa_0114,19,-36.500000
cta_qa_0114,20,-35.500000
cta_qa_0114,21,-35.500000
cta_qa_0114,22,-35.500000
cta_qa_0114,23,-35.500000
cta_qa_0114,24,-35.500000
cta_qa_0114,25,-0.312308
cta_qa_0114,26,-35.500000
cta_qa_0114,27,-35.500000
cta_qa_0114,28,-35.500000
cta_qa_0114,29,-35.500000
cta_qa_0114,30,-35.500000
cta_qa_0114,31,-35.500000
cta_qa_0114,32,-35.500000
cta_qa_0114,33,-35.500000
cta_qa_0114,34,-35.500000
cta_qa_0114,35,-35.500000
cta_qa_0114,36,-0.347529
cta_qa_0114,37,-0.347529
cta_qa_0114,38,-36.937500
cta_qa_0114,39,-36.375000
cta_qa_0114,40,-35.500000
cta_qa_0114,41,-35.500000
cta_qa_0114,42,-35.500000
cta_qa_0114,43,-35.500000
cta_qa_0114,44,-37.125000
cta_qa_0114,45,-0.347529
cta_qa_0114,46,-0.347529
cta_qa_0114,47,-0.347529
cta_qa_0114,48,-36.375000
cta_qa_0114,49,-0.347529
cta_qa_0114,50,-0.347529
cta_qa_0114,51,-36.750000
cta_qa_0114,52,-0.347603
cta_qa_0114,53,-0.347603
cta_qa_0114,54,-0.347603
cta_qa_0114,55,-36.937500
cta_qa_0114,56,-36.500000
cta_qa_0114,57,-0.347529
cta_qa_0114,58,-0.347529
cta_qa_0114,59,-0.347529
cta_qa_0114,60,-35.500000
cta_qa_0114,61,-35.500000
cta_qa_0114,62,-35.500000
cta_qa_0114,63,-35.500000
cta_qa_0115,0,-0.191792
cta_qa_0115,1,-0.406037
cta_qa_0115,2,-36.937500
cta_qa_0115,3,-0.344396
cta_qa_0115,4,-37.250000
cta_qa_0115,5,-0.351441
cta_qa_0115,6,-0.346116
cta_qa_0115,7,-0.285055
cta_qa_0115,8,-0.406037
cta_qa_0115,9,-37.562500
cta_qa_0115,10,-0.320268
cta_qa_0115,11,-0.406037
cta_qa_0115,12,-0.440156
cta_qa_0115,13,-0.351411
cta_qa_0115,14,-37.312500
cta_qa_0115,15,-0.440156
cta_qa_0115,16,-0.351298
cta_qa_0115,17,-0.318892
cta_qa_0115,18,-37.125000
cta_qa_0115,19,-37.562500
cta_qa_0115,20,-0.408415
cta_qa_0115,21,-0.408415
cta_qa_0115,22,-37.625000
cta_qa_0115,23,-0.408415
cta_qa_0115,24,-0.471531
cta_qa_0115,25,-0.471531
cta_qa_0115,26,-35.875000
cta_qa_0115,27,-0.471531
cta_qa_0115,28,-0.407482
cta_qa_0115,29,-0.411601
cta_qa_0115,30,-0.319292
cta_qa_0115,31,-37.312500
cta_qa_0115,32,-37.437500
cta_qa_0115,33,-0.351441
cta_qa_0115,34,-0.285055
cta_qa_0115,35,-0.351441
cta_qa_0115,36,-37.250000
cta_qa_0115,37,-0.440156
cta_qa_0115,38,-0.440156
cta_qa_0115,39,-0.354337
cta_qa_0115,40,-36.750000
cta_qa_0115,41,-0.320268
cta_qa_0115,42,-0.191792
cta_qa_0115,43,-0.406037
cta_qa_0115,44,-0.406037
cta_qa_0115,45,-37.937500
cta_qa_0115,46,-0.406037
cta_qa_0115,47,-0.406037
cta_qa_0115,48,-37.625000
cta_qa_0115,49,-0.440156
cta_qa_0115,50,-0.351411
cta_qa_0115,51,-0.351411
cta_qa_0115,52,-0.408415
cta_qa_0115,53,-0.408415
cta_qa_0115,54,-37.500000
cta_qa_0115,55,-37.687500
cta_qa_0115,56,-0.441669
cta_qa_0115,57,-0.441669
cta_qa_0115,58,-0.355105
cta_qa_0115,59,-36.750000
cta_qa_0115,60,-0.440156
cta_qa_0115,61,-37.312500
cta_qa_0115,62,-0.353200
cta_qa_0115,63,-37.625000
cta_qa_0116,0,-37.687500
cta_qa_0116,1,-37.687500
cta_qa_0116,2,-37.687500
cta_qa_0116,3,-37.687500
cta_qa_0116,4,-37.687500
cta_qa_0116,5,-37.687500
cta_qa_0116,6,-37.687500
cta_qa_0116,7,-37.687500
cta_qa_0116,8,-37.687500
cta_qa_0116,9,-37.687500
cta_qa_0116,10,-37.687500
cta_qa_0116,11,-37.687500
cta_qa_0116,12,-37.687500
cta_qa_0116,13,-37.687500
cta_qa_0116,14,-37.687500
cta_qa_0116,15,-37.687500
cta_qa_0116,16,-37.687500
cta_qa_0116,17,-37.687500
cta_qa_0116,18,-37.687500
cta_qa_0116,19,-37.687500
cta_qa_0116,20,-37.687500
cta_qa_0116,21,-37.687500
cta_qa_0116,22,-37.687500
cta_qa_0116,23,-37.687500
cta_qa_0116,24,-37.687500
cta_qa_0116,25,-38.000000
cta_qa_0116,26,-37.687500
cta_qa_0116,27,-0.502509
cta_qa_0116,28,-37.687500
cta_qa_0116,29,-37.687500
cta_qa_0116,30,-37.687500
cta_qa_0116,31,-37.687500
cta_qa_0116,32,-37.687500
cta_qa_0116,33,-37.687500
cta_qa_0116,34,-37.687500
cta_qa_0116,35,-37.687500
cta_qa_0116,36,-37.687500
cta_qa_0116,37,-37.687500
cta_qa_0116,38,-37.687500
cta_qa_0116,39,-37.687500
cta_qa_0116,40,-0.502509
cta_qa_0116,41,-0.502509
cta_qa_0116,42,-37.687500
cta_qa_0116,43,-38.000000
cta_qa_0116,44,-38.062500
cta_qa_0116,45,-37.687500
cta_qa_0116,46,-37.687500
cta_qa_0116,47,-37.687500
cta_qa_0116,48,-37.687500
cta_qa_0116,49,-37.687500
cta_qa_0116,50,-37.687500
cta_qa_0116,51,-37.687500
cta_qa_0116,52,-37.687500
cta_qa_0116,53,-37.687500
cta_qa_0116,54,-0.502509
cta_qa_0116,55,-37.687500
cta_qa_0116,56,-37.687500
cta_qa_0116,57,-37.687500
cta_qa_0116,58,-37.687500
cta_qa_0116,59,-37.687500
cta_qa_0116,60,-37.687500
cta_qa_0116,61,-37.687500
cta_qa_0116,62,-37.687500
cta_qa_0116,63,-37.687500
cta_qa_0117,0,-0.251734
cta_qa_0117,1,-34.625000
cta_qa_0117,2,-34.625000
cta_qa_0117,3,-0.284730
cta_qa_0117,4,-0.290981
cta_qa_0117,5,-36.000000
cta_qa_0117,6,-0.444124
cta_qa_0117,7,-0.445076
cta_qa_0117,8,-0.410316
cta_qa_0117,9,-32.875000
cta_qa_0117,10,-0.321968
cta_qa_0117,11,-0.413721
cta_qa_0117,12,-0.380597
cta_qa_0117,13,-0.297087
cta_qa_0117,14,-0.286617
cta_qa_0117,15,-23.000000
cta_qa_0117,16,-0.324560
cta_qa_0117,17,-0.291562
cta_qa_0117,18,-30.375000
cta_qa_0117,19,-0.319213
cta_qa_0117,20,-0.287768
cta_qa_0117,21,-0.382804
cta_qa_0117,22,-25.875000
cta_qa_0117,23,-0.286617
cta_qa_0117,24,-35.125000
cta_qa_0117,25,-0.223922
cta_qa_0117,26,-0.317945
cta_qa_0117,27,-0.191749
cta_qa_0117,28,-32.875000
cta_qa_0117,29,-0.351907
cta_qa_0117,30,-0.410316
cta_qa_0117,31,-0.381710
cta_qa_0117,32,-35.375000
cta_qa_0117,33,-0.324231
cta_qa_0117,34,-0.321548
cta_qa_0117,35,-0.380597
cta_qa_0117,36,-0.469945
cta_qa_0117,37,-0.469945
cta_qa_0117,38,-34.625000
cta_qa_0117,39,-0.469945
cta_qa_0117,40,-0.471309
cta_qa_0117,41,-30.625000
cta_qa_0117,42,-0.385146
cta_qa_0117,43,-0.386883
cta_qa_0117,44,-35.000000
cta_qa_0117,45,-0.383283
cta_qa_0117,46,-0.384208
cta_qa_0117,47,-0.410495
cta_qa_0117,48,-0.321976
cta_qa_0117,49,-32.875000
cta_qa_0117,50,-0.321976
cta_qa_0117,51,-0.321976
cta_qa_0117,52,-32.875000
cta_qa_0117,53,-0.290947
cta_qa_0117,54,-0.287477
cta_qa_0117,55,-0.320640
cta_qa_0117,56,-0.409006
cta_qa_0117,57,-35.750000
cta_qa_0117,58,-0.289948
cta_qa_0117,59,-0.289948
cta_qa_0117,60,-0.419378
cta_qa_0117,61,-0.350260
cta_qa_0117,62,-0.258285
cta_qa_0117,63,-1.499971
cta_qa_0118,0,-0.411471
cta_qa_0118,1,-36.250000
cta_qa_0118,2,-36.250000
cta_qa_0118,3,-36.250000
cta_qa_0118,4,-36.812500
cta_qa_0118,5,-0.347070
cta_qa_0118,6,-0.348095
cta_qa_0118,7,-0.434408
cta_qa_0118,8,-0.378636
cta_qa_0118,9,-38.000000
cta_qa_0118,10,-0.406020
cta_qa_0118,11,-0.406020
cta_qa_0118,12,-0.414310
cta_qa_0118,13,-0.443720
cta_qa_0118,14,-0.497148
cta_qa_0118,15,-33.125000
cta_qa_0118,16,-0.322083
cta_qa_0118,17,-0.381122
cta_qa_0118,18,-34.750000
cta_qa_0118,19,-0.408520
cta_qa_0118,20,-0.442411
cta_qa_0118,21,-0.439929
cta_qa_0118,22,-34.125000
cta_qa_0118,23,-0.504909
cta_qa_0118,24,-0.533568
cta_qa_0118,25,-0.501112
cta_qa_0118,26,-0.533568
cta_qa_0118,27,-34.500000
cta_qa_0118,28,-37.062500
cta_qa_0118,29,-0.382454
cta_qa_0118,30,-0.468543
cta_qa_0118,31,-0.382454
cta_qa_0118,32,-0.438525
cta_qa_0118,33,-0.382122
cta_qa_0118,34,-0.343521
cta_qa_0118,35,-35.750000
cta_qa_0118,36,-0.408688
cta_qa_0118,37,-33.625000
cta_qa_0118,38,-34.750000
cta_qa_0118,39,-0.498527
cta_qa_0118,40,-0.471105
cta_qa_0118,41,-0.528390
cta_qa_0118,42,-0.503552
cta_qa_0118,43,-33.375000
cta_qa_0118,44,-0.471105
cta_qa_0118,45,-37.250000
cta_qa_0118,46,-0.504758
cta_qa_0118,47,-0.442252
cta_qa_0118,48,-0.381749
cta_qa_0118,49,-0.413495
cta_qa_0118,50,-34.000000
cta_qa_0118,51,-0.383433
cta_qa_0118,52,-0.384722
cta_qa_0118,53,-34.000000
cta_qa_0118,54,-0.439740
cta_qa_0118,55,-0.442332
cta_qa_0118,56,-0.381347
cta_qa_0118,57,-0.409910
cta_qa_0118,58,-34.250000
cta_qa_0118,59,-0.408832
cta_qa_0118,60,-0.382454
cta_qa_0118,61,-36.562500
cta_qa_0118,62,-0.382454
cta_qa_0118,63,-0.440988
cta_qa_0119,0,-37.687500
cta_qa_0119,1,-37.687500
cta_qa_0119,2,-37.687500
cta_qa_0119,3,-37.750000
cta_qa_0119,4,-0.304209
cta_qa_0119,5,-37.687500
cta_qa_0119,6,-37.687500
cta_qa_0119,7,-37.687500
cta_qa_0119,8,-37.875000
cta_qa_0119,9,-37.687500
cta_qa_0119,10,-37.687500
cta_qa_0119,11,-37.687500
cta_qa_0119,12,-37.687500
cta_qa_0119,13,-37.687500
cta_qa_0119,14,-37.687500
cta_qa_0119,15,-37.687500
cta_qa_0119,16,-0.304209
cta_qa_0119,17,-37.687500
cta_qa_0119,18,-37.687500
cta_qa_0119,19,-37.687500
cta_qa_0119,20,-37.687500
cta_qa_0119,21,-37.687500
cta_qa_0119,22,-37.687500
cta_qa_0119,23,-37.687500
cta_qa_0119,24,-37.687500
cta_qa_0119,25,-37.687500
cta_qa_0119,26,-37.687500
cta_qa_0119,27,-37.687500
cta_qa_0119,28,-0.304209
cta_qa_0119,29,-37.687500
cta_qa_0119,30,-37.687500
cta_qa_0119,31,-37.687500
cta_qa_0119,32,-37.687500
cta_qa_0119,33,-37.687500
cta_qa_0119,34,-37.687500
cta_qa_0119,35,-37.687500
cta_qa_0119,36,-37.687500
cta_qa_0119,37,-37.687500
cta_qa_0119,38,-37.687500
cta_qa_0119,39,-37.687500
cta_qa_0119,40,-37.687500
cta_qa_0119,41,-37.687500
cta_qa_0119,42,-37.687500
cta_qa_0119,43,-37.687500
cta_qa_0119,44,-37.687500
cta_qa_0119,45,-37.687500
cta_qa_0119,46,-37.687500
cta_qa_0119,47,-37.687500
cta_qa_0119,48,-37.687500
cta_qa_0119,49,-37.687500
cta_qa_0119,50,-37.687500
cta_qa_0119,51,-37.687500
cta_qa_0119,52,-37.687500
cta_qa_0119,53,-37.687500
cta_qa_0119,54,-37.687500
cta_qa_0119,55,-37.687500
cta_qa_0119,56,-37.687500
cta_qa_0119,57,-37.687500
cta_qa_0119,58,-37.687500
cta_qa_0119,59,-37.687500
cta_qa_0119,60,-37.687500
cta_qa_0119,61,-37.687500
cta_qa_0119,62,-37.687500
cta_qa_0119,63,-37.687500
cta_qa_0120,0,-0.277050
cta_qa_0120,1,-36.750000
cta_qa_0120,2,-36.750000
cta_qa_0120,3,-36.750000
cta_qa_0120,4,-0.277050
cta_qa_0120,5,-36.750000
cta_qa_0120,6,-36.750000
cta_qa_0120,7,-36.250000
cta_qa_0120,8,-36.750000
cta_qa_0120,9,-36.750000
cta_qa_0120,10,-36.750000
cta_qa_0120,11,-36.750000
cta_qa_0120,12,-0.466132
cta_qa_0120,13,-37.062500
cta_qa_0120,14,-0.466132
cta_qa_0120,15,-0.434841
cta_qa_0120,16,-36.750000
cta_qa_0120,17,-0.458439
cta_qa_0120,18,-36.750000
cta_qa_0120,19,-36.750000
cta_qa_0120,20,-0.497240
cta_qa_0120,21,-0.497240
cta_qa_0120,22,-0.497240
cta_qa_0120,23,-37.312500
cta_qa_0120,24,-37.375000
cta_qa_0120,25,-0.465990
cta_qa_0120,26,-0.498474
cta_qa_0120,27,-0.497240
cta_qa_0120,28,-36.750000
cta_qa_0120,29,-36.750000
cta_qa_0120,30,-36.750000
cta_qa_0120,31,-36.125000
cta_qa_0120,32,-36.750000
cta_qa_0120,33,-36.750000
cta_qa_0120,34,-36.750000
cta_qa_0120,35,-36.125000
cta_qa_0120,36,-36.750000
cta_qa_0120,37,-36.750000
cta_qa_0120,38,-36.750000
cta_qa_0120,39,-36.750000
cta_qa_0120,40,-36.750000
cta_qa_0120,41,-36.750000
cta_qa_0120,42,-36.750000
cta_qa_0120,43,-36.750000
cta_qa_0120,44,-36.750000
cta_qa_0120,45,-36.750000
cta_qa_0120,46,-36.750000
cta_qa_0120,47,-36.750000
cta_qa_0120,48,-36.750000
cta_qa_0120,49,-36.125000
cta_qa_0120,50,-36.750000
cta_qa_0120,51,-36.750000
cta_qa_0120,52,-36.250000
cta_qa_0120,53,-0.274150
cta_qa_0120,54,-36.750000
cta_qa_0120,55,-36.750000
cta_qa_0120,56,-36.750000
cta_qa_0120,57,-36.500000
cta_qa_0120,58,-36.750000
cta_qa_0120,59,-36.750000
cta_qa_0120,60,-36.750000
cta_qa_0120,61,-0.277050
cta_qa_0120,62,-36.750000
cta_qa_0120,63,-36.750000
cta_qa_0121,0,-36.750000
cta_qa_0121,1,-36.750000
cta_qa_0121,2,-36.750000
cta_qa_0121,3,-0.401116
cta_qa_0121,4,-0.461636
cta_qa_0121,5,-36.750000
cta_qa_0121,6,-36.750000
cta_qa_0121,7,-36.750000
cta_qa_0121,8,-0.401116
cta_qa_0121,9,-36.375000
cta_qa_0121,10,-0.401116
cta_qa_0121,11,-36.750000
cta_qa_0121,12,-0.401116
cta_qa_0121,13,-36.375000
cta_qa_0121,14,-36.750000
cta_qa_0121,15,-36.750000
cta_qa_0121,16,-36.750000
cta_qa_0121,17,-0.401116
cta_qa_0121,18,-36.750000
cta_qa_0121,19,-0.461636
cta_qa_0121,20,-36.750000
cta_qa_0121,21,-38.375000
cta_qa_0121,22,-36.750000
cta_qa_0121,23,-0.430760
cta_qa_0121,24,-0.401116
cta_qa_0121,25,-36.750000
cta_qa_0121,26,-36.750000
cta_qa_0121,27,-36.750000
cta_qa_0121,28,-36.750000
cta_qa_0121,29,-36.750000
cta_qa_0121,30,-36.750000
cta_qa_0121,31,-36.375000
cta_qa_0121,32,-0.461636
cta_qa_0121,33,-36.750000
cta_qa_0121,34,-0.401116
cta_qa_0121,35,-0.401116
cta_qa_0121,36,-36.250000
cta_qa_0121,37,-0.343622
cta_qa_0121,38,-0.343622
cta_qa_0121,39,-0.343622
cta_qa_0121,40,-36.375000
cta_qa_0121,41,-36.750000
cta_qa_0121,42,-36.750000
cta_qa_0121,43,-36.750000
cta_qa_0121,44,-0.401116
cta_qa_0121,45,-36.375000
cta_qa_0121,46,-36.750000
cta_qa_0121,47,-36.750000
cta_qa_0121,48,-0.373569
cta_qa_0121,49,-0.401116
cta_qa_0121,50,-0.401116
cta_qa_0121,51,-36.750000
cta_qa_0121,52,-0.401116
cta_qa_0121,53,-36.750000
cta_qa_0121,54,-36.750000
cta_qa_0121,55,-36.375000
cta_qa_0121,56,-36.750000
cta_qa_0121,57,-0.401116
cta_qa_0121,58,-36.750000
cta_qa_0121,59,-0.401116
cta_qa_0121,60,-36.750000
cta_qa_0121,61,-36.750000
cta_qa_0121,62,-36.375000
cta_qa_0121,63,-36.375000
cta_qa_0122,0,-35.687500
cta_qa_0122,1,-0.311504
cta_qa_0122,2,-0.311504
cta_qa_0122,3,-0.311504
cta_qa_0122,4,-0.371981
cta_qa_0122,5,-0.371981
cta_qa_0122,6,-0.407219
cta_qa_0122,7,-32.125000
cta_qa_0122,8,-0.311504
cta_qa_0122,9,-35.687500
cta_qa_0122,10,-0.311504
cta_qa_0122,11,-35.687500
cta_qa_0122,12,-35.687500
cta_qa_0122,13,-0.311504
cta_qa_0122,14,-35.687500
cta_qa_0122,15,-35.687500
cta_qa_0122,16,-35.687500
cta_qa_0122,17,-0.311504
cta_qa_0122,18,-35.687500
cta_qa_0122,19,-0.311504
cta_qa_0122,20,-35.687500
cta_qa_0122,21,-0.311504
cta_qa_0122,22,-0.311504
cta_qa_0122,23,-35.687500
cta_qa_0122,24,-35.687500
cta_qa_0122,25,-35.687500
cta_qa_0122,26,-0.311504
cta_qa_0122,27,-35.687500
cta_qa_0122,28,-0.315523
cta_qa_0122,29,-37.437500
cta_qa_0122,30,-0.249765
cta_qa_0122,31,-0.315523
cta_qa_0122,32,-0.311504
cta_qa_0122,33,-0.311504
cta_qa_0122,34,-35.687500
cta_qa_0122,35,-35.687500
cta_qa_0122,36,-35.687500
cta_qa_0122,37,-0.311504
cta_qa_0122,38,-35.687500
cta_qa_0122,39,-35.687500
cta_qa_0122,40,-0.311504
cta_qa_0122,41,-0.311504
cta_qa_0122,42,-35.687500
cta_qa_0122,43,-35.687500
cta_qa_0122,44,-35.687500
cta_qa_0122,45,-0.279391
cta_qa_0122,46,-35.687500
cta_qa_0122,47,-0.311504
cta_qa_0122,48,-0.311504
cta_qa_0122,49,-35.687500
cta_qa_0122,50,-0.408675
cta_qa_0122,51,-0.311504
cta_qa_0122,52,-35.687500
cta_qa_0122,53,-35.687500
cta_qa_0122,54,-0.311504
cta_qa_0122,55,-35.687500
cta_qa_0122,56,-35.687500
cta_qa_0122,57,-0.311504
cta_qa_0122,58,-0.311504
cta_qa_0122,59,-35.687500
cta_qa_0122,60,-35.687500
cta_qa_0122,61,-0.311504
cta_qa_0122,62,-0.311504
cta_qa_0122,63,-0.311504
cta_qa_0123,0,-0.443006
cta_qa_0123,1,-0.443002
cta_qa_0123,2,-39.062500
cta_qa_0123,3,-0.443002
cta_qa_0123,4,-38.562500
cta_qa_0123,5,-0.376117
cta_qa_0123,6,-0.376117
cta_qa_0123,7,-0.376117
cta_qa_0123,8,-0.251543
cta_qa_0123,9,-37.562500
cta_qa_0123,10,-0.251543
cta_qa_0123,11,-0.251543
cta_qa_0123,12,-38.625000
cta_qa_0123,13,-0.502474
cta_qa_0123,14,-0.502474
cta_qa_0123,15,-0.502474
cta_qa_0123,16,-38.812500
cta_qa_0123,17,-0.407404
cta_qa_0123,18,-38.812500
cta_qa_0123,19,-0.401584
cta_qa_0123,20,-0.407404
cta_qa_0123,21,-0.407404
cta_qa_0123,22,-0.407404
cta_qa_0123,23,-38.812500
cta_qa_0123,24,-0.313264
cta_qa_0123,25,-0.475146
cta_qa_0123,26,-0.502414
cta_qa_0123,27,-38.937500
cta_qa_0123,28,-0.438554
cta_qa_0123,29,-0.438554
cta_qa_0123,30,-38.437500
cta_qa_0123,31,-0.404655
cta_qa_0123,32,-38.625000
cta_qa_0123,33,-38.625000
cta_qa_0123,34,-38.625000
cta_qa_0123,35,-38.625000
cta_qa_0123,36,-0.407404
cta_qa_0123,37,-38.812500
cta_qa_0123,38,-0.407404
cta_qa_0123,39,-0.407404
cta_qa_0123,40,-0.248049
cta_qa_0123,41,-38.625000
cta_qa_0123,42,-38.625000
cta_qa_0123,43,-38.625000
cta_qa_0123,44,-0.407404
cta_qa_0123,45,-38.812500
cta_qa_0123,46,-0.407404
cta_qa_0123,47,-0.407404
cta_qa_0123,48,-0.438602
cta_qa_0123,49,-38.625000
cta_qa_0123,50,-0.443436
cta_qa_0123,51,-0.438602
cta_qa_0123,52,-0.438618
cta_qa_0123,53,-0.407404
cta_qa_0123,54,-0.407404
cta_qa_0123,55,-38.812500
cta_qa_0123,56,-0.407404
cta_qa_0123,57,-0.407404
cta_qa_0123,58,-38.812500
cta_qa_0123,59,-0.406031
cta_qa_0123,60,-0.322786
cta_qa_0123,61,-38.562500
cta_qa_0123,62,-0.531033
cta_qa_0123,63,-0.531033
cta_qa_0124,0,-36.812500
cta_qa_0124,1,-0.352046
cta_qa_0124,2,-36.812500
cta_qa_0124,3,-36.500000
cta_qa_0124,4,-0.312351
cta_qa_0124,5,-0.220946
cta_qa_0124,6,-36.812500
cta_qa_0124,7,-36.500000
cta_qa_0124,8,-36.812500
cta_qa_0124,9,-0.220946
cta_qa_0124,10,-36.812500
cta_qa_0124,11,-36.500000
cta_qa_0124,12,-0.289284
cta_qa_0124,13,-36.500000
cta_qa_0124,14,-36.500000
cta_qa_0124,15,-0.382714
cta_qa_0124,16,-36.750000
cta_qa_0124,17,-36.937500
cta_qa_0124,18,-36.750000
cta_qa_0124,19,-36.750000
cta_qa_0124,20,-36.750000
cta_qa_0124,21,-36.750000
cta_qa_0124,22,-36.937500
cta_qa_0124,23,-36.750000
cta_qa_0124,24,-36.500000
cta_qa_0124,25,-0.220946
cta_qa_0124,26,-36.500000
cta_qa_0124,27,-36.500000
cta_qa_0124,28,-36.500000
cta_qa_0124,29,-0.377275
cta_qa_0124,30,-36.500000
cta_qa_0124,31,-36.500000
cta_qa_0124,32,-36.750000
cta_qa_0124,33,-36.750000
cta_qa_0124,34,-36.750000
cta_qa_0124,35,-36.750000
cta_qa_0124,36,-0.404539
cta_qa_0124,37,-0.192210
cta_qa_0124,38,-36.500000
cta_qa_0124,39,-36.812500
cta_qa_0124,40,-0.417156
cta_qa_0124,41,-0.417156
cta_qa_0124,42,-37.250000
cta_qa_0124,43,-0.412835
cta_qa_0124,44,-0.351921
cta_qa_0124,45,-0.351921
cta_qa_0124,46,-36.625000
cta_qa_0124,47,-32.625000
cta_qa_0124,48,-0.351921
cta_qa_0124,49,-0.283295
cta_qa_0124,50,-36.625000
cta_qa_0124,51,-0.383659
cta_qa_0124,52,-0.351921
cta_qa_0124,53,-32.625000
cta_qa_0124,54,-0.351921
cta_qa_0124,55,-0.351921
cta_qa_0124,56,-0.320554
cta_qa_0124,57,-36.500000
cta_qa_0124,58,-0.440033
cta_qa_0124,59,-0.320554
cta_qa_0124,60,-36.625000
cta_qa_0124,61,-0.351921
cta_qa_0124,62,-0.351921
cta_qa_0124,63,-0.351921
cta_qa_0125,0,-34.375000
cta_qa_0125,1,-0.379497
cta_qa_0125,2,-0.379497
cta_qa_0125,3,-34.375000
cta_qa_0125,4,-0.377172
cta_qa_0125,5,-0.315497
cta_qa_0125,6,-34.500000
cta_qa_0125,7,-0.315497
cta_qa_0125,8,-0.317490
cta_qa_0125,9,-0.347047
cta_qa_0125,10,-36.625000
cta_qa_0125,11,-0.347047
cta_qa_0125,12,-0.379497
cta_qa_0125,13,-0.433602
cta_qa_0125,14,-34.375000
cta_qa_0125,15,-0.409499
cta_qa_0125,16,-35.125000
cta_qa_0125,17,-0.279408
cta_qa_0125,18,-0.279408
cta_qa_0125,19,-0.310132
cta_qa_0125,20,-35.375000
cta_qa_0125,21,-35.375000
cta_qa_0125,22,-35.375000
cta_qa_0125,23,-35.375000
cta_qa_0125,24,-0.376111
cta_qa_0125,25,-0.376111
cta_qa_0125,26,-0.376111
cta_qa_0125,27,-31.375000
cta_qa_0125,28,-35.375000
cta_qa_0125,29,-35.375000
cta_qa_0125,30,-35.375000
cta_qa_0125,31,-35.375000
cta_qa_0125,32,-0.409499
cta_qa_0125,33,-34.375000
cta_qa_0125,34,-0.498444
cta_qa_0125,35,-0.409499
cta_qa_0125,36,-0.347047
cta_qa_0125,37,-36.625000
cta_qa_0125,38,-0.347047
cta_qa_0125,39,-0.403598
cta_qa_0125,40,-0.436176
cta_qa_0125,41,-0.379497
cta_qa_0125,42,-34.375000
cta_qa_0125,43,-0.379497
cta_qa_0125,44,-0.466084
cta_qa_0125,45,-0.408452
cta_qa_0125,46,-0.317882
cta_qa_0125,47,-31.750000
cta_qa_0125,48,-33.875000
cta_qa_0125,49,-0.379497
cta_qa_0125,50,-0.379497
cta_qa_0125,51,-0.379356
cta_qa_0125,52,-34.375000
cta_qa_0125,53,-0.379497
cta_qa_0125,54,-0.379497
cta_qa_0125,55,-0.345137
cta_qa_0125,56,-35.500000
cta_qa_0125,57,-35.500000
cta_qa_0125,58,-35.500000
cta_qa_0125,59,-0.277517
cta_qa_0125,60,-0.308538
cta_qa_0125,61,-21.750000
cta_qa_0125,62,-0.283663
cta_qa_0125,63,-0.308538
cta_qa_0126,0,-0.381639
cta_qa_0126,1,-0.381639
cta_qa_0126,2,-0.381639
cta_qa_0126,3,-39.375000
cta_qa_0126,4,-39.125000
cta_qa_0126,5,-39.125000
cta_qa_0126,6,-39.125000
cta_qa_0126,7,-39.125000
cta_qa_0126,8,-39.375000
cta_qa_0126,9,-0.381639
cta_qa_0126,10,-0.381639
cta_qa_0126,11,-0.381639
cta_qa_0126,12,-0.381639
cta_qa_0126,13,-39.375000
cta_qa_0126,14,-0.381639
cta_qa_0126,15,-39.375000
cta_qa_0126,16,-0.381639
cta_qa_0126,17,-39.375000
cta_qa_0126,18,-0.381639
cta_qa_0126,19,-0.381639
cta_qa_0126,20,-39.125000
cta_qa_0126,21,-39.125000
cta_qa_0126,22,-39.125000
cta_qa_0126,23,-39.125000
cta_qa_0126,24,-39.125000
cta_qa_0126,25,-39.125000
cta_qa_0126,26,-39.125000
cta_qa_0126,27,-39.125000
cta_qa_0126,28,-39.125000
cta_qa_0126,29,-39.125000
cta_qa_0126,30,-39.125000
cta_qa_0126,31,-39.125000
cta_qa_0126,32,-39.375000
cta_qa_0126,33,-0.381639
cta_qa_0126,34,-0.381639
cta_qa_0126,35,-0.381639
cta_qa_0126,36,-39.125000
cta_qa_0126,37,-39.125000
cta_qa_0126,38,-39.125000
cta_qa_0126,39,-39.125000
cta_qa_0126,40,-39.125000
cta_qa_0126,41,-39.125000
cta_qa_0126,42,-39.125000
cta_qa_0126,43,-39.125000
cta_qa_0126,44,-39.125000
cta_qa_0126,45,-39.125000
cta_qa_0126,46,-39.125000
cta_qa_0126,47,-39.125000
cta_qa_0126,48,-39.125000
cta_qa_0126,49,-39.125000
cta_qa_0126,50,-39.125000
cta_qa_0126,51,-39.125000
cta_qa_0126,52,-39.375000
cta_qa_0126,53,-0.381639
cta_qa_0126,54,-39.375000
cta_qa_0126,55,-0.381639
cta_qa_0126,56,-39.125000
cta_qa_0126,57,-39.125000
cta_qa_0126,58,-39.125000
cta_qa_0126,59,-39.125000
cta_qa_0126,60,-39.125000
cta_qa_0126,61,-39.125000
cta_qa_0126,62,-39.125000
cta_qa_0126,63,-39.125000
cta_qa_0127,0,-0.430004
cta_qa_0127,1,-0.430004
cta_qa_0127,2,-0.430004
cta_qa_0127,3,-38.500000
cta_qa_0127,4,-37.812500
cta_qa_0127,5,-0.271397
cta_qa_0127,6,-0.437296
cta_qa_0127,7,-0.437296
cta_qa_0127,8,-0.437296
cta_qa_0127,9,-0.437296
cta_qa_0127,10,-0.188185
cta_qa_0127,11,-37.812500
cta_qa_0127,12,-0.437296
cta_qa_0127,13,-0.437296
cta_qa_0127,14,-0.285736
cta_qa_0127,15,-37.812500
cta_qa_0127,16,-0.437296
cta_qa_0127,17,-37.812500
cta_qa_0127,18,-0.437296
cta_qa_0127,19,-0.437296
cta_qa_0127,20,-37.875000
cta_qa_0127,21,-0.289195
cta_qa_0127,22,-37.000000
cta_qa_0127,23,-0.434484
cta_qa_0127,24,-0.437296
cta_qa_0127,25,-0.437296
cta_qa_0127,26,-0.437296
cta_qa_0127,27,-37.812500
cta_qa_0127,28,-38.750000
cta_qa_0127,29,-0.398803
cta_qa_0127,30,-0.398803
cta_qa_0127,31,-0.286915
cta_qa_0127,32,-0.307987
cta_qa_0127,33,-36.500000
cta_qa_0127,34,-0.307987
cta_qa_0127,35,-0.307987
cta_qa_0127,36,-0.191154
cta_qa_0127,37,-35.750000
cta_qa_0127,38,-0.312306
cta_qa_0127,39,-0.190548
cta_qa_0127,40,-38.750000
cta_qa_0127,41,-0.398803
cta_qa_0127,42,-0.398803
cta_qa_0127,43,-0.319467
cta_qa_0127,44,-38.750000
cta_qa_0127,45,-0.398803
cta_qa_0127,46,-0.398803
cta_qa_0127,47,-0.398803
cta_qa_0127,48,-0.398803
cta_qa_0127,49,-38.750000
cta_qa_0127,50,-0.398803
cta_qa_0127,51,-0.398803
cta_qa_0127,52,-30.125000
cta_qa_0127,53,-30.125000
cta_qa_0127,54,-30.125000
cta_qa_0127,55,-30.125000
cta_qa_0127,56,-30.125000
cta_qa_0127,57,-30.125000
cta_qa_0127,58,-30.125000
cta_qa_0127,59,-30.125000
cta_qa_0127,60,-0.307987
cta_qa_0127,61,-36.000000
cta_qa_0127,62,-0.307987
cta_qa_0127,63,-0.307987
cta_qa_0128,0,-36.687500
cta_qa_0128,1,-36.687500
cta_qa_0128,2,-36.687500
cta_qa_0128,3,-36.687500
cta_qa_0128,4,-0.160957
cta_qa_0128,5,-37.375000
cta_qa_0128,6,-0.160957
cta_qa_0128,7,-0.160957
cta_qa_0128,8,-36.687500
cta_qa_0128,9,-36.687500
cta_qa_0128,10,-36.687500
cta_qa_0128,11,-36.687500
cta_qa_0128,12,-36.687500
cta_qa_0128,13,-36.687500
cta_qa_0128,14,-36.687500
cta_qa_0128,15,-36.687500
cta_qa_0128,16,-36.687500
cta_qa_0128,17,-36.687500
cta_qa_0128,18,-36.687500
cta_qa_0128,19,-36.687500
cta_qa_0128,20,-36.687500
cta_qa_0128,21,-36.687500
cta_qa_0128,22,-36.687500
cta_qa_0128,23,-36.687500
cta_qa_0128,24,-0.296590
cta_qa_0128,25,-0.296590
cta_qa_0128,26,-0.296590
cta_qa_0128,27,-37.875000
cta_qa_0128,28,-36.687500
cta_qa_0128,29,-36.687500
cta_qa_0128,30,-36.687500
cta_qa_0128,31,-36.687500
cta_qa_0128,32,-36.687500
cta_qa_0128,33,-36.687500
cta_qa_0128,34,-36.687500
cta_qa_0128,35,-36.687500
cta_qa_0128,36,-36.687500
cta_qa_0128,37,-36.687500
cta_qa_0128,38,-36.687500
cta_qa_0128,39,-36.687500
cta_qa_0128,40,-36.687500
cta_qa_0128,41,-36.687500
cta_qa_0128,42,-36.687500
cta_qa_0128,43,-36.687500
cta_qa_0128,44,-37.375000
cta_qa_0128,45,-0.319979
cta_qa_0128,46,-36.812500
cta_qa_0128,47,-36.812500
cta_qa_0128,48,-36.687500
cta_qa_0128,49,-36.687500
cta_qa_0128,50,-36.687500
cta_qa_0128,51,-36.687500
cta_qa_0128,52,-0.295944
cta_qa_0128,53,-0.295944
cta_qa_0128,54,-0.295944
cta_qa_0128,55,-37.937500
cta_qa_0128,56,-0.264909
cta_qa_0128,57,-0.264909
cta_qa_0128,58,-0.264909
cta_qa_0128,59,-37.937500
cta_qa_0128,60,-36.687500
cta_qa_0128,61,-36.687500
cta_qa_0128,62,-36.687500
cta_qa_0128,63,-36.687500
cta_qa_0129,0,-36.625000
cta_qa_0129,1,-36.625000
cta_qa_0129,2,-36.500000
cta_qa_0129,3,-36.625000
cta_qa_0129,4,-36.500000
cta_qa_0129,5,-37.062500
cta_qa_0129,6,-36.625000
cta_qa_0129,7,-36.625000
cta_qa_0129,8,-36.750000
cta_qa_0129,9,-36.750000
cta_qa_0129,10,-0.443643
cta_qa_0129,11,-36.750000
cta_qa_0129,12,-37.062500
cta_qa_0129,13,-36.625000
cta_qa_0129,14,-36.875000
cta_qa_0129,15,-36.625000
cta_qa_0129,16,-36.750000
cta_qa_0129,17,-0.415171
cta_qa_0129,18,-36.937500
cta_qa_0129,19,-36.750000
cta_qa_0129,20,-37.125000
cta_qa_0129,21,-0.443643
cta_qa_0129,22,-37.187500
cta_qa_0129,23,-36.750000
cta_qa_0129,24,-37.000000
cta_qa_0129,25,-36.625000
cta_qa_0129,26,-36.625000
cta_qa_0129,27,-36.625000
cta_qa_0129,28,-36.812500
cta_qa_0129,29,-0.318744
cta_qa_0129,30,-36.750000
cta_qa_0129,31,-0.386046
cta_qa_0129,32,-0.443643
cta_qa_0129,33,-37.187500
cta_qa_0129,34,-36.750000
cta_qa_0129,35,-36.750000
cta_qa_0129,36,-37.062500
cta_qa_0129,37,-36.625000
cta_qa_0129,38,-36.625000
cta_qa_0129,39,-36.625000
cta_qa_0129,40,-37.062500
cta_qa_0129,41,-36.625000
cta_qa_0129,42,-36.625000
cta_qa_0129,43,-36.625000
cta_qa_0129,44,-36.750000
cta_qa_0129,45,-36.750000
cta_qa_0129,46,-36.750000
cta_qa_0129,47,-0.443643
cta_qa_0129,48,-37.187500
cta_qa_0129,49,-36.750000
cta_qa_0129,50,-36.750000
cta_qa_0129,51,-0.443643
cta_qa_0129,52,-36.812500
cta_qa_0129,53,-36.750000
cta_qa_0129,54,-36.937500
cta_qa_0129,55,-0.443643
cta_qa_0129,56,-37.000000
cta_qa_0129,57,-36.625000
cta_qa_0129,58,-36.625000
cta_qa_0129,59,-36.625000
cta_qa_0129,60,-36.625000
cta_qa_0129,61,-36.625000
cta_qa_0129,62,-36.625000
cta_qa_0129,63,-36.625000
cta_qa_0130,0,-36.812500
cta_qa_0130,1,-34.125000
cta_qa_0130,2,-36.375000
cta_qa_0130,3,-34.125000
cta_qa_0130,4,-36.312500
cta_qa_0130,5,-0.252274
cta_qa_0130,6,-36.250000
cta_qa_0130,7,-36.250000
cta_qa_0130,8,-36.000000
cta_qa_0130,9,-0.383359
cta_qa_0130,10,-0.444275
cta_qa_0130,11,-0.383359
cta_qa_0130,12,-35.375000
cta_qa_0130,13,-0.286782
cta_qa_0130,14,-0.291358
cta_qa_0130,15,-0.435917
cta_qa_0130,16,-0.416986
cta_qa_0130,17,-28.875000
cta_qa_0130,18,-37.625000
cta_qa_0130,19,-0.352106
cta_qa_0130,20,-0.445486
cta_qa_0130,21,-33.375000
cta_qa_0130,22,-0.498258
cta_qa_0130,23,-0.351766
cta_qa_0130,24,-0.445486
cta_qa_0130,25,-29.125000
cta_qa_0130,26,-0.350613
cta_qa_0130,27,-0.415830
cta_qa_0130,28,-0.387211
cta_qa_0130,29,-0.325056
cta_qa_0130,30,-35.375000
cta_qa_0130,31,-0.325056
cta_qa_0130,32,-0.319271
cta_qa_0130,33,-35.000000
cta_qa_0130,34,-0.355436
cta_qa_0130,35,-0.323090
cta_qa_0130,36,-34.125000
cta_qa_0130,37,-36.000000
cta_qa_0130,38,-34.125000
cta_qa_0130,39,-34.125000
cta_qa_0130,40,-0.416535
cta_qa_0130,41,-0.498240
cta_qa_0130,42,-0.385900
cta_qa_0130,43,-35.000000
cta_qa_0130,44,-0.412548
cta_qa_0130,45,-33.750000
cta_qa_0130,46,-0.412548
cta_qa_0130,47,-0.412548
cta_qa_0130,48,-0.252274
cta_qa_0130,49,-34.000000
cta_qa_0130,50,-36.250000
cta_qa_0130,51,-34.000000
cta_qa_0130,52,-0.255966
cta_qa_0130,53,-0.317259
cta_qa_0130,54,-34.750000
cta_qa_0130,55,-0.434588
cta_qa_0130,56,-34.000000
cta_qa_0130,57,-0.252274
cta_qa_0130,58,-34.000000
cta_qa_0130,59,-36.250000
cta_qa_0130,60,-0.222724
cta_qa_0130,61,-0.222724
cta_qa_0130,62,-34.000000
cta_qa_0130,63,-0.347578
cta_qa_0131,0,-39.375000
cta_qa_0131,1,-39.375000
cta_qa_0131,2,-0.321532
cta_qa_0131,3,-0.411753
cta_qa_0131,4,-0.351899
cta_qa_0131,5,-0.413355
cta_qa_0131,6,-0.378614
cta_qa_0131,7,-36.500000
cta_qa_0131,8,-37.687500
cta_qa_0131,9,-0.282390
cta_qa_0131,10,-0.288688
cta_qa_0131,11,-37.687500
cta_qa_0131,12,-37.687500
cta_qa_0131,13,-0.319718
cta_qa_0131,14,-0.351888
cta_qa_0131,15,-37.687500
cta_qa_0131,16,-0.383290
cta_qa_0131,17,-0.440921
cta_qa_0131,18,-37.812500
cta_qa_0131,19,-0.406026
cta_qa_0131,20,-37.687500
cta_qa_0131,21,-37.687500
cta_qa_0131,22,-0.349326
cta_qa_0131,23,-0.291087
cta_qa_0131,24,-0.260692
cta_qa_0131,25,-0.260692
cta_qa_0131,26,-0.379750
cta_qa_0131,27,-39.375000
cta_qa_0131,28,-0.383516
cta_qa_0131,29,-0.403334
cta_qa_0131,30,-38.250000
cta_qa_0131,31,-0.403334
cta_qa_0131,32,-0.378614
cta_qa_0131,33,-36.500000
cta_qa_0131,34,-0.317379
cta_qa_0131,35,-36.750000
cta_qa_0131,36,-0.406018
cta_qa_0131,37,-0.379750
cta_qa_0131,38,-0.349604
cta_qa_0131,39,-39.375000
cta_qa_0131,40,-37.687500
cta_qa_0131,41,-0.291087
cta_qa_0131,42,-38.125000
cta_qa_0131,43,-0.291087
cta_qa_0131,44,-0.347367
cta_qa_0131,45,-37.937500
cta_qa_0131,46,-0.347367
cta_qa_0131,47,-0.353605
cta_qa_0131,48,-39.375000
cta_qa_0131,49,-0.383523
cta_qa_0131,50,-0.350754
cta_qa_0131,51,-0.349604
cta_qa_0131,52,-0.321532
cta_qa_0131,53,-0.321532
cta_qa_0131,54,-0.349604
cta_qa_0131,55,-39.375000
cta_qa_0131,56,-37.687500
cta_qa_0131,57,-37.687500
cta_qa_0131,58,-0.291087
cta_qa_0131,59,-37.687500
cta_qa_0131,60,-0.321532
cta_qa_0131,61,-39.375000
cta_qa_0131,62,-39.375000
cta_qa_0131,63,-0.260692
cta_qa_0132,0,-0.528377
cta_qa_0132,1,-36.937500
cta_qa_0132,2,-0.344526
cta_qa_0132,3,-0.588918
cta_qa_0132,4,-0.528336
cta_qa_0132,5,-0.471255
cta_qa_0132,6,-35.875000
cta_qa_0132,7,-0.528336
cta_qa_0132,8,-0.438654
cta_qa_0132,9,-39.375000
cta_qa_0132,10,-38.875000
cta_qa_0132,11,-0.410069
cta_qa_0132,12,-0.444019
cta_qa_0132,13,-0.284100
cta_qa_0132,14,-0.528352
cta_qa_0132,15,-39.187500
cta_qa_0132,16,-0.596528
cta_qa_0132,17,-0.538695
cta_qa_0132,18,-0.595978
cta_qa_0132,19,-39.437500
cta_qa_0132,20,-38.875000
cta_qa_0132,21,-0.442336
cta_qa_0132,22,-0.442698
cta_qa_0132,23,-0.472750
cta_qa_0132,24,-0.471160
cta_qa_0132,25,-0.412556
cta_qa_0132,26,-0.471160
cta_qa_0132,27,-38.750000
cta_qa_0132,28,-37.750000
cta_qa_0132,29,-38.812500
cta_qa_0132,30,-38.812500
cta_qa_0132,31,-38.812500
cta_qa_0132,32,-0.411096
cta_qa_0132,33,-0.438654
cta_qa_0132,34,-38.875000
cta_qa_0132,35,-38.875000
cta_qa_0132,36,-38.687500
cta_qa_0132,37,-0.499805
cta_qa_0132,38,-0.416375
cta_qa_0132,39,-0.498416
cta_qa_0132,40,-0.411525
cta_qa_0132,41,-38.875000
cta_qa_0132,42,-0.411525
cta_qa_0132,43,-0.442698
cta_qa_0132,44,-0.527857
cta_qa_0132,45,-0.439651
cta_qa_0132,46,-0.468556
cta_qa_0132,47,-38.812500
cta_qa_0132,48,-38.750000
cta_qa_0132,49,-0.286317
cta_qa_0132,50,-0.376140
cta_qa_0132,51,-0.407499
cta_qa_0132,52,-0.528336
cta_qa_0132,53,-0.531043
cta_qa_0132,54,-0.560921
cta_qa_0132,55,-35.875000
cta_qa_0132,56,-38.875000
cta_qa_0132,57,-0.385230
cta_qa_0132,58,-38.875000
cta_qa_0132,59,-0.440078
cta_qa_0132,60,-0.562286
cta_qa_0132,61,-0.439869
cta_qa_0132,62,-0.439869
cta_qa_0132,63,-35.625000
cta_qa_0133,0,-0.373388
cta_qa_0133,1,-0.376147
cta_qa_0133,2,-0.373388
cta_qa_0133,3,-36.750000
cta_qa_0133,4,-36.000000
cta_qa_0133,5,-0.376178
cta_qa_0133,6,-0.376158
cta_qa_0133,7,-0.404695
cta_qa_0133,8,-0.191194
cta_qa_0133,9,-0.191194
cta_qa_0133,10,-36.375000
cta_qa_0133,11,-0.191194
cta_qa_0133,12,-37.062500
cta_qa_0133,13,-0.376127
cta_qa_0133,14,-0.438565
cta_qa_0133,15,-0.376127
cta_qa_0133,16,-0.254996
cta_qa_0133,17,-0.284808
cta_qa_0133,18,-0.284808
cta_qa_0133,19,-37.187500
cta_qa_0133,20,-0.377600
cta_qa_0133,21,-0.313745
cta_qa_0133,22,-37.437500
cta_qa_0133,23,-0.251326
cta_qa_0133,24,-35.875000
cta_qa_0133,25,-0.284987
cta_qa_0133,26,-0.404695
cta_qa_0133,27,-0.404695
cta_qa_0133,28,-0.254996
cta_qa_0133,29,-0.254996
cta_qa_0133,30,-0.284808
cta_qa_0133,31,-37.187500
cta_qa_0133,32,-0.252400
cta_qa_0133,33,-36.562500
cta_qa_0133,34,-0.221304
cta_qa_0133,35,-0.283682
cta_qa_0133,36,-0.404695
cta_qa_0133,37,-35.875000
cta_qa_0133,38,-0.314705
cta_qa_0133,39,-0.404695
cta_qa_0133,40,-0.347563
cta_qa_0133,41,-0.376127
cta_qa_0133,42,-0.376127
cta_qa_0133,43,-37.062500
cta_qa_0133,44,-0.346318
cta_qa_0133,45,-35.375000
cta_qa_0133,46,-0.379183
cta_qa_0133,47,-0.346318
cta_qa_0133,48,-37.187500
cta_qa_0133,49,-0.254996
cta_qa_0133,50,-0.284808
cta_qa_0133,51,-0.282368
cta_qa_0133,52,-37.062500
cta_qa_0133,53,-0.347563
cta_qa_0133,54,-0.376127
cta_qa_0133,55,-0.346276
cta_qa_0133,56,-37.187500
cta_qa_0133,57,-0.254996
cta_qa_0133,58,-0.254996
cta_qa_0133,59,-0.254996
cta_qa_0133,60,-0.404695
cta_qa_0133,61,-0.404695
cta_qa_0133,62,-0.376178
cta_qa_0133,63,-35.875000
cta_qa_0134,0,-33.125000
cta_qa_0134,1,-0.228220
cta_qa_0134,2,-0.259191
cta_qa_0134,3,-0.229992
cta_qa_0134,4,-37.062500
cta_qa_0134,5,-0.229992
cta_qa_0134,6,-38.250000
cta_qa_0134,7,-0.259191
cta_qa_0134,8,-0.228220
cta_qa_0134,9,-30.125000
cta_qa_0134,10,-0.229992
cta_qa_0134,11,-0.232063
cta_qa_0134,12,-38.312500
cta_qa_0134,13,-0.293650
cta_qa_0134,14,-0.293650
cta_qa_0134,15,-0.318014
cta_qa_0134,16,-0.189067
cta_qa_0134,17,-34.875000
cta_qa_0134,18,-0.228220
cta_qa_0134,19,-0.229992
cta_qa_0134,20,-34.875000
cta_qa_0134,21,-0.353358
cta_qa_0134,22,-0.321702
cta_qa_0134,23,-0.321702
cta_qa_0134,24,-0.259189
cta_qa_0134,25,-35.375000
cta_qa_0134,26,-35.375000
cta_qa_0134,27,-0.344831
cta_qa_0134,28,-38.437500
cta_qa_0134,29,-0.350449
cta_qa_0134,30,-0.228227
cta_qa_0134,31,-0.319288
cta_qa_0134,32,-38.062500
cta_qa_0134,33,-0.322083
cta_qa_0134,34,-0.351045
cta_qa_0134,35,-0.322225
cta_qa_0134,36,-0.230793
cta_qa_0134,37,-31.375000
cta_qa_0134,38,-0.229992
cta_qa_0134,39,-0.229992
cta_qa_0134,40,-0.199897
cta_qa_0134,41,-0.165450
cta_qa_0134,42,-37.125000
cta_qa_0134,43,-36.812500
cta_qa_0134,44,-0.255999
cta_qa_0134,45,-33.000000
cta_qa_0134,46,-0.255999
cta_qa_0134,47,-0.260174
cta_qa_0134,48,-36.937500
cta_qa_0134,49,-36.937500
cta_qa_0134,50,-36.937500
cta_qa_0134,51,-36.937500
cta_qa_0134,52,-33.000000
cta_qa_0134,53,-0.255999
cta_qa_0134,54,-0.255999
cta_qa_0134,55,-33.000000
cta_qa_0134,56,-33.250000
cta_qa_0134,57,-0.232063
cta_qa_0134,58,-0.232063
cta_qa_0134,59,-0.259191
cta_qa_0134,60,-0.232063
cta_qa_0134,61,-31.375000
cta_qa_0134,62,-0.232063
cta_qa_0134,63,-0.232063
cta_qa_0135,0,-0.345879
cta_qa_0135,1,-35.500000
cta_qa_0135,2,-0.469869
cta_qa_0135,3,-0.384686
cta_qa_0135,4,-0.258851
cta_qa_0135,5,-0.381700
cta_qa_0135,6,-34.625000
cta_qa_0135,7,-0.408513
cta_qa_0135,8,-0.413213
cta_qa_0135,9,-35.500000
cta_qa_0135,10,-34.875000
cta_qa_0135,11,-0.384991
cta_qa_0135,12,-0.320293
cta_qa_0135,13,-0.322614
cta_qa_0135,14,-0.443273
cta_qa_0135,15,-35.500000
cta_qa_0135,16,-33.000000
cta_qa_0135,17,-0.383748
cta_qa_0135,18,-0.415964
cta_qa_0135,19,-0.354485
cta_qa_0135,20,-0.443273
cta_qa_0135,21,-0.443357
cta_qa_0135,22,-0.443357
cta_qa_0135,23,-35.250000
cta_qa_0135,24,-0.353283
cta_qa_0135,25,-0.351683
cta_qa_0135,26,-34.750000
cta_qa_0135,27,-0.439842
cta_qa_0135,28,-0.444094
cta_qa_0135,29,-0.383894
cta_qa_0135,30,-35.125000
cta_qa_0135,31,-34.625000
cta_qa_0135,32,-35.500000
cta_qa_0135,33,-0.354016
cta_qa_0135,34,-0.322769
cta_qa_0135,35,-0.376369
cta_qa_0135,36,-0.443273
cta_qa_0135,37,-35.500000
cta_qa_0135,38,-0.384164
cta_qa_0135,39,-0.443357
cta_qa_0135,40,-0.316422
cta_qa_0135,41,-0.350577
cta_qa_0135,42,-0.319559
cta_qa_0135,43,-35.125000
cta_qa_0135,44,-0.322769
cta_qa_0135,45,-0.345879
cta_qa_0135,46,-0.469869
cta_qa_0135,47,-35.500000
cta_qa_0135,48,-0.443357
cta_qa_0135,49,-0.322614
cta_qa_0135,50,-35.500000
cta_qa_0135,51,-0.380525
cta_qa_0135,52,-35.375000
cta_qa_0135,53,-0.321400
cta_qa_0135,54,-0.439842
cta_qa_0135,55,-0.321892
cta_qa_0135,56,-35.000000
cta_qa_0135,57,-0.443273
cta_qa_0135,58,-35.500000
cta_qa_0135,59,-0.469869
cta_qa_0135,60,-0.349813
cta_qa_0135,61,-0.350577
cta_qa_0135,62,-34.750000
cta_qa_0135,63,-0.445908
cta_qa_0136,0,-33.500000
cta_qa_0136,1,-0.437292
cta_qa_0136,2,-0.437292
cta_qa_0136,3,-32.625000
cta_qa_0136,4,-0.381401
cta_qa_0136,5,-0.407450
cta_qa_0136,6,-0.378923
cta_qa_0136,7,-33.500000
cta_qa_0136,8,-0.350539
cta_qa_0136,9,-0.435820
cta_qa_0136,10,-33.125000
cta_qa_0136,11,-0.384704
cta_qa_0136,12,-0.438698
cta_qa_0136,13,-0.496830
cta_qa_0136,14,-36.312500
cta_qa_0136,15,-36.000000
cta_qa_0136,16,-0.410417
cta_qa_0136,17,-32.250000
cta_qa_0136,18,-0.350530
cta_qa_0136,19,-0.351312
cta_qa_0136,20,-0.437292
cta_qa_0136,21,-0.437292
cta_qa_0136,22,-0.437292
cta_qa_0136,23,-33.500000
cta_qa_0136,24,-0.354954
cta_qa_0136,25,-0.378923
cta_qa_0136,26,-0.437292
cta_qa_0136,27,-33.500000
cta_qa_0136,28,-25.625000
cta_qa_0136,29,-25.625000
cta_qa_0136,30,-25.625000
cta_qa_0136,31,-25.625000
cta_qa_0136,32,-32.250000
cta_qa_0136,33,-0.408711
cta_qa_0136,34,-0.435820
cta_qa_0136,35,-0.408711
cta_qa_0136,36,-0.410236
cta_qa_0136,37,-0.496830
cta_qa_0136,38,-0.435891
cta_qa_0136,39,-36.375000
cta_qa_0136,40,-0.417933
cta_qa_0136,41,-33.125000
cta_qa_0136,42,-0.435820
cta_qa_0136,43,-0.380427
cta_qa_0136,44,-0.279333
cta_qa_0136,45,-29.500000
cta_qa_0136,46,-27.250000
cta_qa_0136,47,-0.491238
cta_qa_0136,48,-0.410236
cta_qa_0136,49,-0.314752
cta_qa_0136,50,-0.496830
cta_qa_0136,51,-37.000000
cta_qa_0136,52,-35.875000
cta_qa_0136,53,-0.499785
cta_qa_0136,54,-0.499785
cta_qa_0136,55,-0.499785
cta_qa_0136,56,-0.411510
cta_qa_0136,57,-0.471240
cta_qa_0136,58,-35.875000
cta_qa_0136,59,-0.496830
cta_qa_0136,60,-0.496830
cta_qa_0136,61,-36.000000
cta_qa_0136,62,-0.496830
cta_qa_0136,63,-0.496830
cta_qa_0137,0,-36.625000
cta_qa_0137,1,-0.319957
cta_qa_0137,2,-0.319957
cta_qa_0137,3,-0.319957
cta_qa_0137,4,-36.125000
cta_qa_0137,5,-36.125000
cta_qa_0137,6,-36.125000
cta_qa_0137,7,-36.125000
cta_qa_0137,8,-0.350108
cta_qa_0137,9,-0.350108
cta_qa_0137,10,-0.350108
cta_qa_0137,11,-35.625000
cta_qa_0137,12,-0.409977
cta_qa_0137,13,-0.409977
cta_qa_0137,14,-0.409977
cta_qa_0137,15,-37.750000
cta_qa_0137,16,-36.125000
cta_qa_0137,17,-36.125000
cta_qa_0137,18,-36.125000
cta_qa_0137,19,-36.125000
cta_qa_0137,20,-36.125000
cta_qa_0137,21,-36.125000
cta_qa_0137,22,-36.125000
cta_qa_0137,23,-36.125000
cta_qa_0137,24,-36.125000
cta_qa_0137,25,-36.125000
cta_qa_0137,26,-0.532434
cta_qa_0137,27,-36.125000
cta_qa_0137,28,-0.382748
cta_qa_0137,29,-0.378716
cta_qa_0137,30,-37.062500
cta_qa_0137,31,-0.378716
cta_qa_0137,32,-0.406007
cta_qa_0137,33,-0.406007
cta_qa_0137,34,-0.406007
cta_qa_0137,35,-35.812500
cta_qa_0137,36,-36.687500
cta_qa_0137,37,-0.406021
cta_qa_0137,38,-0.406021
cta_qa_0137,39,-0.406021
cta_qa_0137,40,-0.407280
cta_qa_0137,41,-0.350563
cta_qa_0137,42,-0.378716
cta_qa_0137,43,-36.125000
cta_qa_0137,44,-36.125000
cta_qa_0137,45,-36.125000
cta_qa_0137,46,-36.125000
cta_qa_0137,47,-36.125000
cta_qa_0137,48,-0.319957
cta_qa_0137,49,-0.319957
cta_qa_0137,50,-36.625000
cta_qa_0137,51,-0.319957
cta_qa_0137,52,-36.687500
cta_qa_0137,53,-0.410090
cta_qa_0137,54,-0.410090
cta_qa_0137,55,-0.410090
cta_qa_0137,56,-0.410090
cta_qa_0137,57,-0.410090
cta_qa_0137,58,-0.410090
cta_qa_0137,59,-37.000000
cta_qa_0137,60,-36.125000
cta_qa_0137,61,-36.125000
cta_qa_0137,62,-0.532434
cta_qa_0137,63,-36.125000
cta_qa_0138,0,-0.440376
cta_qa_0138,1,-36.625000
cta_qa_0138,2,-37.062500
cta_qa_0138,3,-37.062500
cta_qa_0138,4,-0.343587
cta_qa_0138,5,-36.437500
cta_qa_0138,6,-0.321157
cta_qa_0138,7,-0.343587
cta_qa_0138,8,-0.412494
cta_qa_0138,9,-37.937500
cta_qa_0138,10,-0.406076
cta_qa_0138,11,-0.412494
cta_qa_0138,12,-36.812500
cta_qa_0138,13,-36.812500
cta_qa_0138,14,-36.812500
cta_qa_0138,15,-36.812500
cta_qa_0138,16,-37.687500
cta_qa_0138,17,-0.437330
cta_qa_0138,18,-0.437330
cta_qa_0138,19,-0.437330
cta_qa_0138,20,-37.062500
cta_qa_0138,21,-0.472936
cta_qa_0138,22,-0.438767
cta_qa_0138,23,-0.444016
cta_qa_0138,24,-0.412494
cta_qa_0138,25,-0.406076
cta_qa_0138,26,-0.412494
cta_qa_0138,27,-37.937500
cta_qa_0138,28,-0.468550
cta_qa_0138,29,-0.409923
cta_qa_0138,30,-37.687500
cta_qa_0138,31,-0.468550
cta_qa_0138,32,-36.812500
cta_qa_0138,33,-36.812500
cta_qa_0138,34,-36.812500
cta_qa_0138,35,-36.812500
cta_qa_0138,36,-0.441510
cta_qa_0138,37,-0.412494
cta_qa_0138,38,-0.412682
cta_qa_0138,39,-37.937500
cta_qa_0138,40,-37.937500
cta_qa_0138,41,-0.406076
cta_qa_0138,42,-0.406076
cta_qa_0138,43,-37.937500
cta_qa_0138,44,-36.812500
cta_qa_0138,45,-36.812500
cta_qa_0138,46,-36.812500
cta_qa_0138,47,-36.812500
cta_qa_0138,48,-0.343587
cta_qa_0138,49,-37.250000
cta_qa_0138,50,-37.250000
cta_qa_0138,51,-0.467149
cta_qa_0138,52,-36.812500
cta_qa_0138,53,-36.812500
cta_qa_0138,54,-36.875000
cta_qa_0138,55,-36.812500
cta_qa_0138,56,-37.937500
cta_qa_0138,57,-0.406076
cta_qa_0138,58,-0.412494
cta_qa_0138,59,-0.441510
cta_qa_0138,60,-37.500000
cta_qa_0138,61,-0.499813
cta_qa_0138,62,-0.498515
cta_qa_0138,63,-0.498331
cta_qa_0139,0,-38.000000
cta_qa_0139,1,-0.410995
cta_qa_0139,2,-37.875000
cta_qa_0139,3,-37.875000
cta_qa_0139,4,-0.279578
cta_qa_0139,5,-0.252687
cta_qa_0139,6,-38.500000
cta_qa_0139,7,-0.279578
cta_qa_0139,8,-38.062500
cta_qa_0139,9,-38.062500
cta_qa_0139,10,-38.062500
cta_qa_0139,11,-38.062500
cta_qa_0139,12,-0.410995
cta_qa_0139,13,-0.249822
cta_qa_0139,14,-37.875000
cta_qa_0139,15,-0.249822
cta_qa_0139,16,-0.377166
cta_qa_0139,17,-0.442934
cta_qa_0139,18,-37.875000
cta_qa_0139,19,-0.348353
cta_qa_0139,20,-37.875000
cta_qa_0139,21,-0.410995
cta_qa_0139,22,-37.875000
cta_qa_0139,23,-0.249822
cta_qa_0139,24,-38.187500
cta_qa_0139,25,-0.412564
cta_qa_0139,26,-0.407327
cta_qa_0139,27,-0.319846
cta_qa_0139,28,-0.252687
cta_qa_0139,29,-38.250000
cta_qa_0139,30,-0.279578
cta_qa_0139,31,-0.279578
cta_qa_0139,32,-0.249822
cta_qa_0139,33,-37.875000
cta_qa_0139,34,-0.249822
cta_qa_0139,35,-37.875000
cta_qa_0139,36,-38.062500
cta_qa_0139,37,-38.062500
cta_qa_0139,38,-38.062500
cta_qa_0139,39,-38.062500
cta_qa_0139,40,-0.410995
cta_qa_0139,41,-37.875000
cta_qa_0139,42,-0.410995
cta_qa_0139,43,-37.875000
cta_qa_0139,44,-0.279578
cta_qa_0139,45,-0.279578
cta_qa_0139,46,-38.500000
cta_qa_0139,47,-0.215116
cta_qa_0139,48,-37.875000
cta_qa_0139,49,-0.410995
cta_qa_0139,50,-0.220567
cta_qa_0139,51,-37.875000
cta_qa_0139,52,-37.875000
cta_qa_0139,53,-0.410995
cta_qa_0139,54,-0.249822
cta_qa_0139,55,-37.875000
cta_qa_0139,56,-0.442386
cta_qa_0139,57,-0.253903
cta_qa_0139,58,-0.253903
cta_qa_0139,59,-38.562500
cta_qa_0139,60,-38.500000
cta_qa_0139,61,-0.279578
cta_qa_0139,62,-0.279578
cta_qa_0139,63,-0.279578
cta_qa_0140,0,-0.317885
cta_qa_0140,1,-30.375000
cta_qa_0140,2,-0.351405
cta_qa_0140,3,-0.348764
cta_qa_0140,4,-30.875000
cta_qa_0140,5,-31.125000
cta_qa_0140,6,-0.351405
cta_qa_0140,7,-0.351854
cta_qa_0140,8,-0.309770
cta_qa_0140,9,-0.309770
cta_qa_0140,10,-34.500000
cta_qa_0140,11,-34.500000
cta_qa_0140,12,-0.227262
cta_qa_0140,13,-0.374770
cta_qa_0140,14,-31.875000
cta_qa_0140,15,-0.344707
cta_qa_0140,16,-31.125000
cta_qa_0140,17,-0.322769
cta_qa_0140,18,-0.320496
cta_qa_0140,19,-0.344839
cta_qa_0140,20,-0.348764
cta_qa_0140,21,-0.344839
cta_qa_0140,22,-0.351854
cta_qa_0140,23,-30.375000
cta_qa_0140,24,-31.875000
cta_qa_0140,25,-0.349607
cta_qa_0140,26,-0.227262
cta_qa_0140,27,-0.348284
cta_qa_0140,28,-0.284956
cta_qa_0140,29,-35.812500
cta_qa_0140,30,-0.251513
cta_qa_0140,31,-0.284956
cta_qa_0140,32,-0.348764
cta_qa_0140,33,-0.348829
cta_qa_0140,34,-30.875000
cta_qa_0140,35,-31.125000
cta_qa_0140,36,-0.257033
cta_qa_0140,37,-0.309770
cta_qa_0140,38,-34.500000
cta_qa_0140,39,-0.256824
cta_qa_0140,40,-0.348764
cta_qa_0140,41,-0.344839
cta_qa_0140,42,-31.125000
cta_qa_0140,43,-0.351405
cta_qa_0140,44,-0.344839
cta_qa_0140,45,-30.875000
cta_qa_0140,46,-0.344839
cta_qa_0140,47,-0.348764
cta_qa_0140,48,-0.379600
cta_qa_0140,49,-0.378367
cta_qa_0140,50,-31.750000
cta_qa_0140,51,-0.374784
cta_qa_0140,52,-36.500000
cta_qa_0140,53,-36.562500
cta_qa_0140,54,-36.500000
cta_qa_0140,55,-36.750000
cta_qa_0140,56,-30.375000
cta_qa_0140,57,-30.375000
cta_qa_0140,58,-0.344839
cta_qa_0140,59,-0.344839
cta_qa_0140,60,-36.750000
cta_qa_0140,61,-36.750000
cta_qa_0140,62,-36.500000
cta_qa_0140,63,-36.500000
cta_qa_0141,0,-37.562500
cta_qa_0141,1,-37.562500
cta_qa_0141,2,-37.562500
cta_qa_0141,3,-37.562500
cta_qa_0141,4,-37.625000
cta_qa_0141,5,-37.625000
cta_qa_0141,6,-0.400447
cta_qa_0141,7,-37.625000
cta_qa_0141,8,-0.376900
cta_qa_0141,9,-0.440899
cta_qa_0141,10,-37.750000
cta_qa_0141,11,-0.376900
cta_qa_0141,12,-37.562500
cta_qa_0141,13,-37.562500
cta_qa_0141,14,-37.562500
cta_qa_0141,15,-37.562500
cta_qa_0141,16,-37.562500
cta_qa_0141,17,-37.812500
cta_qa_0141,18,-37.562500
cta_qa_0141,19,-37.562500
cta_qa_0141,20,-37.562500
cta_qa_0141,21,-37.562500
cta_qa_0141,22,-37.562500
cta_qa_0141,23,-37.562500
cta_qa_0141,24,-38.062500
cta_qa_0141,25,-0.467204
cta_qa_0141,26,-0.467204
cta_qa_0141,27,-0.467204
cta_qa_0141,28,-37.562500
cta_qa_0141,29,-37.562500
cta_qa_0141,30,-37.562500
cta_qa_0141,31,-37.562500
cta_qa_0141,32,-37.625000
cta_qa_0141,33,-0.384304
cta_qa_0141,34,-37.625000
cta_qa_0141,35,-37.625000
cta_qa_0141,36,-37.625000
cta_qa_0141,37,-37.625000
cta_qa_0141,38,-37.625000
cta_qa_0141,39,-0.400447
cta_qa_0141,40,-0.320852
cta_qa_0141,41,-0.320852
cta_qa_0141,42,-0.354806
cta_qa_0141,43,-36.812500
cta_qa_0141,44,-0.410303
cta_qa_0141,45,-0.410303
cta_qa_0141,46,-0.410303
cta_qa_0141,47,-34.750000
cta_qa_0141,48,-0.400447
cta_qa_0141,49,-37.625000
cta_qa_0141,50,-37.625000
cta_qa_0141,51,-0.400447
cta_qa_0141,52,-0.400447
cta_qa_0141,53,-37.625000
cta_qa_0141,54,-37.625000
cta_qa_0141,55,-37.625000
cta_qa_0141,56,-37.562500
cta_qa_0141,57,-37.562500
cta_qa_0141,58,-37.562500
cta_qa_0141,59,-37.562500
cta_qa_0141,60,-37.625000
cta_qa_0141,61,-37.625000
cta_qa_0141,62,-37.625000
cta_qa_0141,63,-0.382829
cta_qa_0142,0,-0.311213
cta_qa_0142,1,-36.937500
cta_qa_0142,2,-0.311213
cta_qa_0142,3,-0.249762
cta_qa_0142,4,-0.283100
cta_qa_0142,5,-0.283100
cta_qa_0142,6,-37.312500
cta_qa_0142,7,-0.283100
cta_qa_0142,8,-37.312500
cta_qa_0142,9,-0.218555
cta_qa_0142,10,-0.218555
cta_qa_0142,11,-0.218555
cta_qa_0142,12,-36.875000
cta_qa_0142,13,-36.875000
cta_qa_0142,14,-37.000000
cta_qa_0142,15,-36.875000
cta_qa_0142,16,-0.218555
cta_qa_0142,17,-37.937500
cta_qa_0142,18,-0.218555
cta_qa_0142,19,-0.218555
cta_qa_0142,20,-36.812500
cta_qa_0142,21,-0.189973
cta_qa_0142,22,-0.189973
cta_qa_0142,23,-0.189973
cta_qa_0142,24,-0.252858
cta_qa_0142,25,-36.812500
cta_qa_0142,26,-0.224200
cta_qa_0142,27,-0.252858
cta_qa_0142,28,-0.217871
cta_qa_0142,29,-38.312500
cta_qa_0142,30,-37.687500
cta_qa_0142,31,-0.218555
cta_qa_0142,32,-36.875000
cta_qa_0142,33,-36.875000
cta_qa_0142,34,-36.875000
cta_qa_0142,35,-36.875000
cta_qa_0142,36,-37.312500
cta_qa_0142,37,-0.218555
cta_qa_0142,38,-0.218555
cta_qa_0142,39,-0.218555
cta_qa_0142,40,-0.307343
cta_qa_0142,41,-0.218555
cta_qa_0142,42,-0.218555
cta_qa_0142,43,-37.937500
cta_qa_0142,44,-0.218555
cta_qa_0142,45,-0.218555
cta_qa_0142,46,-38.312500
cta_qa_0142,47,-0.249127
cta_qa_0142,48,-0.255134
cta_qa_0142,49,-0.223724
cta_qa_0142,50,-36.812500
cta_qa_0142,51,-0.223724
cta_qa_0142,52,-37.062500
cta_qa_0142,53,-0.402662
cta_qa_0142,54,-0.402662
cta_qa_0142,55,-37.062500
cta_qa_0142,56,-0.189973
cta_qa_0142,57,-36.625000
cta_qa_0142,58,-0.158895
cta_qa_0142,59,-0.189973
cta_qa_0142,60,-0.252861
cta_qa_0142,61,-0.222422
cta_qa_0142,62,-38.062500
cta_qa_0142,63,-0.222531
cta_qa_0143,0,-37.750000
cta_qa_0143,1,-0.316092
cta_qa_0143,2,-37.750000
cta_qa_0143,3,-0.343543
cta_qa_0143,4,-0.316092
cta_qa_0143,5,-37.750000
cta_qa_0143,6,-37.750000
cta_qa_0143,7,-37.750000
cta_qa_0143,8,-0.316092
cta_qa_0143,9,-0.222776
cta_qa_0143,10,-37.750000
cta_qa_0143,11,-0.285013
cta_qa_0143,12,-0.351321
cta_qa_0143,13,-0.316144
cta_qa_0143,14,-0.377309
cta_qa_0143,15,-37.500000
cta_qa_0143,16,-0.285013
cta_qa_0143,17,-37.750000
cta_qa_0143,18,-0.316092
cta_qa_0143,19,-37.750000
cta_qa_0143,20,-0.377309
cta_qa_0143,21,-0.344609
cta_qa_0143,22,-0.344609
cta_qa_0143,23,-37.500000
cta_qa_0143,24,-0.281048
cta_qa_0143,25,-0.281048
cta_qa_0143,26,-37.750000
cta_qa_0143,27,-0.316092
cta_qa_0143,28,-0.281048
cta_qa_0143,29,-37.750000
cta_qa_0143,30,-0.316092
cta_qa_0143,31,-0.344837
cta_qa_0143,32,-37.750000
cta_qa_0143,33,-0.187323
cta_qa_0143,34,-0.285013
cta_qa_0143,35,-37.750000
cta_qa_0143,36,-37.250000
cta_qa_0143,37,-0.253912
cta_qa_0143,38,-0.282294
cta_qa_0143,39,-0.336331
cta_qa_0143,40,-37.750000
cta_qa_0143,41,-0.316092
cta_qa_0143,42,-37.750000
cta_qa_0143,43,-0.316092
cta_qa_0143,44,-37.562500
cta_qa_0143,45,-37.562500
cta_qa_0143,46,-38.187500
cta_qa_0143,47,-0.430302
cta_qa_0143,48,-0.189663
cta_qa_0143,49,-0.285013
cta_qa_0143,50,-37.750000
cta_qa_0143,51,-0.285013
cta_qa_0143,52,-37.750000
cta_qa_0143,53,-37.750000
cta_qa_0143,54,-0.316092
cta_qa_0143,55,-37.750000
cta_qa_0143,56,-37.750000
cta_qa_0143,57,-0.281048
cta_qa_0143,58,-37.750000
cta_qa_0143,59,-0.343543
cta_qa_0143,60,-37.750000
cta_qa_0143,61,-0.285013
cta_qa_0143,62,-0.316092
cta_qa_0143,63,-0.285013
cta_qa_0144,0,-0.259710
cta_qa_0144,1,-37.375000
cta_qa_0144,2,-0.340868
cta_qa_0144,3,-0.289790
cta_qa_0144,4,-0.347631
cta_qa_0144,5,-37.062500
cta_qa_0144,6,-0.384687
cta_qa_0144,7,-37.062500
cta_qa_0144,8,-0.257227
cta_qa_0144,9,-0.285937
cta_qa_0144,10,-0.257227
cta_qa_0144,11,-37.437500
cta_qa_0144,12,-0.289775
cta_qa_0144,13,-31.375000
cta_qa_0144,14,-0.321936
cta_qa_0144,15,-0.225926
cta_qa_0144,16,-0.347631
cta_qa_0144,17,-36.562500
cta_qa_0144,18,-0.283465
cta_qa_0144,19,-0.384687
cta_qa_0144,20,-37.062500
cta_qa_0144,21,-0.347631
cta_qa_0144,22,-0.317153
cta_qa_0144,23,-36.562500
cta_qa_0144,24,-0.379705
cta_qa_0144,25,-36.562500
cta_qa_0144,26,-37.062500
cta_qa_0144,27,-36.562500
cta_qa_0144,28,-0.347631
cta_qa_0144,29,-36.562500
cta_qa_0144,30,-37.250000
cta_qa_0144,31,-37.375000
cta_qa_0144,32,-0.159869
cta_qa_0144,33,-0.323377
cta_qa_0144,34,-37.437500
cta_qa_0144,35,-0.382030
cta_qa_0144,36,-0.384687
cta_qa_0144,37,-0.283465
cta_qa_0144,38,-0.347631
cta_qa_0144,39,-37.375000
cta_qa_0144,40,-37.062500
cta_qa_0144,41,-37.062500
cta_qa_0144,42,-37.062500
cta_qa_0144,43,-0.283465
cta_qa_0144,44,-37.375000
cta_qa_0144,45,-37.062500
cta_qa_0144,46,-37.062500
cta_qa_0144,47,-0.347631
cta_qa_0144,48,-0.283465
cta_qa_0144,49,-37.062500
cta_qa_0144,50,-37.250000
cta_qa_0144,51,-0.347631
cta_qa_0144,52,-36.562500
cta_qa_0144,53,-0.468550
cta_qa_0144,54,-0.347631
cta_qa_0144,55,-0.347631
cta_qa_0144,56,-37.062500
cta_qa_0144,57,-0.347631
cta_qa_0144,58,-0.347631
cta_qa_0144,59,-37.375000
cta_qa_0144,60,-37.562500
cta_qa_0144,61,-0.348179
cta_qa_0144,62,-0.348179
cta_qa_0144,63,-0.348179
cta_qa_0145,0,-37.750000
cta_qa_0145,1,-37.625000
cta_qa_0145,2,-37.750000
cta_qa_0145,3,-37.750000
cta_qa_0145,4,-37.812500
cta_qa_0145,5,-0.221368
cta_qa_0145,6,-37.500000
cta_qa_0145,7,-37.812500
cta_qa_0145,8,-37.750000
cta_qa_0145,9,-37.750000
cta_qa_0145,10,-37.750000
cta_qa_0145,11,-37.750000
cta_qa_0145,12,-37.750000
cta_qa_0145,13,-37.750000
cta_qa_0145,14,-37.750000
cta_qa_0145,15,-37.750000
cta_qa_0145,16,-37.750000
cta_qa_0145,17,-37.750000
cta_qa_0145,18,-37.750000
cta_qa_0145,19,-37.750000
cta_qa_0145,20,-37.812500
cta_qa_0145,21,-37.812500
cta_qa_0145,22,-0.351884
cta_qa_0145,23,-37.812500
cta_qa_0145,24,-0.317391
cta_qa_0145,25,-0.317391
cta_qa_0145,26,-0.317391
cta_qa_0145,27,-36.750000
cta_qa_0145,28,-37.750000
cta_qa_0145,29,-37.750000
cta_qa_0145,30,-37.750000
cta_qa_0145,31,-37.750000
cta_qa_0145,32,-37.750000
cta_qa_0145,33,-37.750000
cta_qa_0145,34,-37.750000
cta_qa_0145,35,-37.750000
cta_qa_0145,36,-37.750000
cta_qa_0145,37,-37.750000
cta_qa_0145,38,-37.750000
cta_qa_0145,39,-37.750000
cta_qa_0145,40,-37.812500
cta_qa_0145,41,-37.812500
cta_qa_0145,42,-0.465975
cta_qa_0145,43,-0.465975
cta_qa_0145,44,-37.750000
cta_qa_0145,45,-37.437500
cta_qa_0145,46,-37.750000
cta_qa_0145,47,-37.750000
cta_qa_0145,48,-37.750000
cta_qa_0145,49,-37.750000
cta_qa_0145,50,-37.750000
cta_qa_0145,51,-37.750000
cta_qa_0145,52,-37.750000
cta_qa_0145,53,-37.750000
cta_qa_0145,54,-37.750000
cta_qa_0145,55,-37.750000
cta_qa_0145,56,-0.221368
cta_qa_0145,57,-37.812500
cta_qa_0145,58,-37.812500
cta_qa_0145,59,-37.812500
cta_qa_0145,60,-0.377217
cta_qa_0145,61,-0.439706
cta_qa_0145,62,-0.439706
cta_qa_0145,63,-38.562500
cta_qa_0146,0,-0.372241
cta_qa_0146,1,-0.372241
cta_qa_0146,2,-0.372241
cta_qa_0146,3,-38.062500
cta_qa_0146,4,-38.062500
cta_qa_0146,5,-0.402075
cta_qa_0146,6,-0.372241
cta_qa_0146,7,-0.373497
cta_qa_0146,8,-38.687500
cta_qa_0146,9,-38.687500
cta_qa_0146,10,-38.687500
cta_qa_0146,11,-0.709527
cta_qa_0146,12,-0.403407
cta_qa_0146,13,-37.875000
cta_qa_0146,14,-0.403407
cta_qa_0146,15,-0.403407
cta_qa_0146,16,-38.625000
cta_qa_0146,17,-38.625000
cta_qa_0146,18,-38.625000
cta_qa_0146,19,-38.625000
cta_qa_0146,20,-38.750000
cta_qa_0146,21,-0.314533
cta_qa_0146,22,-0.313450
cta_qa_0146,23,-0.314533
cta_qa_0146,24,-38.250000
cta_qa_0146,25,-0.314533
cta_qa_0146,26,-0.313450
cta_qa_0146,27,-0.314533
cta_qa_0146,28,-38.687500
cta_qa_0146,29,-38.687500
cta_qa_0146,30,-38.687500
cta_qa_0146,31,-0.403442
cta_qa_0146,32,-37.125000
cta_qa_0146,33,-0.401944
cta_qa_0146,34,-0.401944
cta_qa_0146,35,-0.401944
cta_qa_0146,36,-38.625000
cta_qa_0146,37,-38.625000
cta_qa_0146,38,-38.625000
cta_qa_0146,39,-38.625000
cta_qa_0146,40,-38.250000
cta_qa_0146,41,-0.314533
cta_qa_0146,42,-0.314533
cta_qa_0146,43,-0.314533
cta_qa_0146,44,-0.372241
cta_qa_0146,45,-0.372241
cta_qa_0146,46,-0.372241
cta_qa_0146,47,-37.750000
cta_qa_0146,48,-0.314533
cta_qa_0146,49,-0.313450
cta_qa_0146,50,-0.314533
cta_qa_0146,51,-38.250000
cta_qa_0146,52,-0.465684
cta_qa_0146,53,-38.687500
cta_qa_0146,54,-38.687500
cta_qa_0146,55,-38.687500
cta_qa_0146,56,-38.562500
cta_qa_0146,57,-0.309675
cta_qa_0146,58,-0.309675
cta_qa_0146,59,-0.309675
cta_qa_0146,60,-0.309675
cta_qa_0146,61,-38.562500
cta_qa_0146,62,-0.309675
cta_qa_0146,63,-0.309675
cta_qa_0147,0,-22.875000
cta_qa_0147,1,-22.875000
cta_qa_0147,2,-22.875000
cta_qa_0147,3,-22.875000
cta_qa_0147,4,-37.812500
cta_qa_0147,5,-0.249810
cta_qa_0147,6,-0.344867
cta_qa_0147,7,-0.344867
cta_qa_0147,8,-22.875000
cta_qa_0147,9,-22.875000
cta_qa_0147,10,-22.875000
cta_qa_0147,11,-22.875000
cta_qa_0147,12,-37.250000
cta_qa_0147,13,-0.344867
cta_qa_0147,14,-0.344867
cta_qa_0147,15,-37.250000
cta_qa_0147,16,-0.401848
cta_qa_0147,17,-0.401848
cta_qa_0147,18,-0.401848
cta_qa_0147,19,-38.687500
cta_qa_0147,20,-22.875000
cta_qa_0147,21,-22.875000
cta_qa_0147,22,-22.875000
cta_qa_0147,23,-22.875000
cta_qa_0147,24,-37.812500
cta_qa_0147,25,-0.374793
cta_qa_0147,26,-0.374793
cta_qa_0147,27,-0.374793
cta_qa_0147,28,-22.875000
cta_qa_0147,29,-22.875000
cta_qa_0147,30,-22.875000
cta_qa_0147,31,-22.875000
cta_qa_0147,32,-0.312265
cta_qa_0147,33,-0.312265
cta_qa_0147,34,-38.375000
cta_qa_0147,35,-0.312265
cta_qa_0147,36,-22.875000
cta_qa_0147,37,-22.875000
cta_qa_0147,38,-22.875000
cta_qa_0147,39,-22.875000
cta_qa_0147,40,-0.344867
cta_qa_0147,41,-37.250000
cta_qa_0147,42,-0.344867
cta_qa_0147,43,-0.344867
cta_qa_0147,44,-0.312303
cta_qa_0147,45,-0.312303
cta_qa_0147,46,-37.937500
cta_qa_0147,47,-0.312303
cta_qa_0147,48,-22.875000
cta_qa_0147,49,-22.875000
cta_qa_0147,50,-22.875000
cta_qa_0147,51,-22.875000
cta_qa_0147,52,-0.312303
cta_qa_0147,53,-0.312303
cta_qa_0147,54,-0.312303
cta_qa_0147,55,-37.750000
cta_qa_0147,56,-0.433272
cta_qa_0147,57,-0.433272
cta_qa_0147,58,-0.433272
cta_qa_0147,59,-37.000000
cta_qa_0147,60,-0.344530
cta_qa_0147,61,-0.374793
cta_qa_0147,62,-0.374793
cta_qa_0147,63,-37.000000
cta_qa_0148,0,-37.875000
cta_qa_0148,1,-37.875000
cta_qa_0148,2,-37.875000
cta_qa_0148,3,-0.258852
cta_qa_0148,4,-37.875000
cta_qa_0148,5,-0.258852
cta_qa_0148,6,-0.258852
cta_qa_0148,7,-37.875000
cta_qa_0148,8,-0.258852
cta_qa_0148,9,-37.875000
cta_qa_0148,10,-0.258852
cta_qa_0148,11,-37.875000
cta_qa_0148,12,-37.875000
cta_qa_0148,13,-37.875000
cta_qa_0148,14,-37.875000
cta_qa_0148,15,-0.258852
cta_qa_0148,16,-37.875000
cta_qa_0148,17,-37.875000
cta_qa_0148,18,-0.258852
cta_qa_0148,19,-37.875000
cta_qa_0148,20,-37.875000
cta_qa_0148,21,-0.258852
cta_qa_0148,22,-37.875000
cta_qa_0148,23,-0.258852
cta_qa_0148,24,-0.287547
cta_qa_0148,25,-0.317229
cta_qa_0148,26,-38.125000
cta_qa_0148,27,-0.287547
cta_qa_0148,28,-0.258852
cta_qa_0148,29,-37.875000
cta_qa_0148,30,-0.258852
cta_qa_0148,31,-0.258852
cta_qa_0148,32,-0.258852
cta_qa_0148,33,-37.875000
cta_qa_0148,34,-0.258852
cta_qa_0148,35,-37.875000
cta_qa_0148,36,-37.875000
cta_qa_0148,37,-0.258852
cta_qa_0148,38,-37.875000
cta_qa_0148,39,-0.258852
cta_qa_0148,40,-37.750000
cta_qa_0148,41,-37.750000
cta_qa_0148,42,-37.750000
cta_qa_0148,43,-37.750000
cta_qa_0148,44,-0.256844
cta_qa_0148,45,-37.875000
cta_qa_0148,46,-37.875000
cta_qa_0148,47,-37.875000
cta_qa_0148,48,-37.875000
cta_qa_0148,49,-37.875000
cta_qa_0148,50,-37.875000
cta_qa_0148,51,-0.258852
cta_qa_0148,52,-37.750000
cta_qa_0148,53,-37.750000
cta_qa_0148,54,-37.750000
cta_qa_0148,55,-37.750000
cta_qa_0148,56,-0.258852
cta_qa_0148,57,-37.875000
cta_qa_0148,58,-37.875000
cta_qa_0148,59,-37.875000
cta_qa_0148,60,-0.258852
cta_qa_0148,61,-37.875000
cta_qa_0148,62,-0.258852
cta_qa_0148,63,-37.875000
cta_qa_0149,0,-0.351892
cta_qa_0149,1,-0.317032
cta_qa_0149,2,-0.351892
cta_qa_0149,3,-36.937500
cta_qa_0149,4,-0.351892
cta_qa_0149,5,-0.351892
cta_qa_0149,6,-37.000000
cta_qa_0149,7,-0.438553
cta_qa_0149,8,-0.379466
cta_qa_0149,9,-0.437280
cta_qa_0149,10,-0.379466
cta_qa_0149,11,-35.375000
cta_qa_0149,12,-37.312500
cta_qa_0149,13,-0.380283
cta_qa_0149,14,-0.351892
cta_qa_0149,15,-0.351892
cta_qa_0149,16,-0.350186
cta_qa_0149,17,-0.350186
cta_qa_0149,18,-37.062500
cta_qa_0149,19,-0.350186
cta_qa_0149,20,-37.437500
cta_qa_0149,21,-37.437500
cta_qa_0149,22,-37.437500
cta_qa_0149,23,-37.437500
cta_qa_0149,24,-37.000000
cta_qa_0149,25,-0.313931
cta_qa_0149,26,-0.351892
cta_qa_0149,27,-0.351892
cta_qa_0149,28,-37.437500
cta_qa_0149,29,-37.437500
cta_qa_0149,30,-37.437500
cta_qa_0149,31,-37.437500
cta_qa_0149,32,-37.437500
cta_qa_0149,33,-37.437500
cta_qa_0149,34,-37.437500
cta_qa_0149,35,-37.437500
cta_qa_0149,36,-0.411690
cta_qa_0149,37,-34.500000
cta_qa_0149,38,-0.411690
cta_qa_0149,39,-34.500000
cta_qa_0149,40,-0.288343
cta_qa_0149,41,-0.318410
cta_qa_0149,42,-37.437500
cta_qa_0149,43,-0.321266
cta_qa_0149,44,-36.937500
cta_qa_0149,45,-0.351892
cta_qa_0149,46,-0.351892
cta_qa_0149,47,-0.411293
cta_qa_0149,48,-0.383508
cta_qa_0149,49,-0.381947
cta_qa_0149,50,-37.000000
cta_qa_0149,51,-0.351892
cta_qa_0149,52,-34.500000
cta_qa_0149,53,-0.411690
cta_qa_0149,54,-0.350187
cta_qa_0149,55,-0.411690
cta_qa_0149,56,-0.351892
cta_qa_0149,57,-0.351892
cta_qa_0149,58,-0.351892
cta_qa_0149,59,-37.000000
cta_qa_0149,60,-34.500000
cta_qa_0149,61,-0.411690
cta_qa_0149,62,-0.529767
cta_qa_0149,63,-0.413390
cta_qa_0150,0,-0.250524
cta_qa_0150,1,-0.250524
cta_qa_0150,2,-36.250000
cta_qa_0150,3,-0.250524
cta_qa_0150,4,-37.062500
cta_qa_0150,5,-37.062500
cta_qa_0150,6,-37.062500
cta_qa_0150,7,-37.062500
cta_qa_0150,8,-0.379736
cta_qa_0150,9,-0.413157
cta_qa_0150,10,-38.187500
cta_qa_0150,11,-0.379736
cta_qa_0150,12,-37.062500
cta_qa_0150,13,-37.062500
cta_qa_0150,14,-37.062500
cta_qa_0150,15,-37.062500
cta_qa_0150,16,-37.062500
cta_qa_0150,17,-37.062500
cta_qa_0150,18,-37.062500
cta_qa_0150,19,-37.062500
cta_qa_0150,20,-0.349791
cta_qa_0150,21,-0.349791
cta_qa_0150,22,-24.750000
cta_qa_0150,23,-0.351210
cta_qa_0150,24,-0.348779
cta_qa_0150,25,-37.250000
cta_qa_0150,26,-0.321275
cta_qa_0150,27,-0.348779
cta_qa_0150,28,-37.062500
cta_qa_0150,29,-37.062500
cta_qa_0150,30,-0.251615
cta_qa_0150,31,-37.062500
cta_qa_0150,32,-37.062500
cta_qa_0150,33,-37.062500
cta_qa_0150,34,-37.062500
cta_qa_0150,35,-37.062500
cta_qa_0150,36,-37.062500
cta_qa_0150,37,-37.125000
cta_qa_0150,38,-37.062500
cta_qa_0150,39,-37.062500
cta_qa_0150,40,-0.318644
cta_qa_0150,41,-36.625000
cta_qa_0150,42,-0.318644
cta_qa_0150,43,-0.318644
cta_qa_0150,44,-0.349791
cta_qa_0150,45,-0.351210
cta_qa_0150,46,-24.750000
cta_qa_0150,47,-0.349791
cta_qa_0150,48,-0.251615
cta_qa_0150,49,-37.062500
cta_qa_0150,50,-37.062500
cta_qa_0150,51,-37.062500
cta_qa_0150,52,-25.500000
cta_qa_0150,53,-0.442178
cta_qa_0150,54,-0.442178
cta_qa_0150,55,-0.473134
cta_qa_0150,56,-0.318644
cta_qa_0150,57,-36.625000
cta_qa_0150,58,-0.318644
cta_qa_0150,59,-0.318644
cta_qa_0150,60,-36.937500
cta_qa_0150,61,-0.349791
cta_qa_0150,62,-0.349791
cta_qa_0150,63,-0.349791
cta_qa_0151,0,-0.382795
cta_qa_0151,1,-36.437500
cta_qa_0151,2,-36.437500
cta_qa_0151,3,-0.353914
cta_qa_0151,4,-36.437500
cta_qa_0151,5,-0.353905
cta_qa_0151,6,-36.437500
cta_qa_0151,7,-0.353914
cta_qa_0151,8,-0.356682
cta_qa_0151,9,-0.353914
cta_qa_0151,10,-36.437500
cta_qa_0151,11,-0.356682
cta_qa_0151,12,-36.437500
cta_qa_0151,13,-0.385010
cta_qa_0151,14,-0.385010
cta_qa_0151,15,-0.385010
cta_qa_0151,16,-0.353005
cta_qa_0151,17,-37.500000
cta_qa_0151,18,-0.325808
cta_qa_0151,19,-0.353005
cta_qa_0151,20,-36.437500
cta_qa_0151,21,-0.323879
cta_qa_0151,22,-0.314979
cta_qa_0151,23,-36.437500
cta_qa_0151,24,-0.353905
cta_qa_0151,25,-0.354201
cta_qa_0151,26,-36.437500
cta_qa_0151,27,-0.385010
cta_qa_0151,28,-0.353905
cta_qa_0151,29,-36.437500
cta_qa_0151,30,-0.372160
cta_qa_0151,31,-36.437500
cta_qa_0151,32,-0.354201
cta_qa_0151,33,-0.354201
cta_qa_0151,34,-0.352423
cta_qa_0151,35,-36.437500
cta_qa_0151,36,-0.379921
cta_qa_0151,37,-0.385010
cta_qa_0151,38,-36.437500
cta_qa_0151,39,-0.353914
cta_qa_0151,40,-37.500000
cta_qa_0151,41,-37.500000
cta_qa_0151,42,-0.355143
cta_qa_0151,43,-37.812500
cta_qa_0151,44,-36.437500
cta_qa_0151,45,-0.379921
cta_qa_0151,46,-0.356682
cta_qa_0151,47,-36.437500
cta_qa_0151,48,-37.500000
cta_qa_0151,49,-37.812500
cta_qa_0151,50,-37.500000
cta_qa_0151,51,-0.353005
cta_qa_0151,52,-0.323879
cta_qa_0151,53,-0.354201
cta_qa_0151,54,-0.385010
cta_qa_0151,55,-36.437500
cta_qa_0151,56,-36.437500
cta_qa_0151,57,-0.353914
cta_qa_0151,58,-0.385010
cta_qa_0151,59,-0.351933
cta_qa_0151,60,-36.437500
cta_qa_0151,61,-0.353914
cta_qa_0151,62,-0.382795
cta_qa_0151,63,-36.437500
cta_qa_0152,0,-0.406025
cta_qa_0152,1,-0.406025
cta_qa_0152,2,-0.406025
cta_qa_0152,3,-36.250000
cta_qa_0152,4,-27.000000
cta_qa_0152,5,-27.000000
cta_qa_0152,6,-27.000000
cta_qa_0152,7,-27.000000
cta_qa_0152,8,-27.000000
cta_qa_0152,9,-27.000000
cta_qa_0152,10,-27.000000
cta_qa_0152,11,-27.000000
cta_qa_0152,12,-27.000000
cta_qa_0152,13,-27.000000
cta_qa_0152,14,-27.000000
cta_qa_0152,15,-27.000000
cta_qa_0152,16,-36.000000
cta_qa_0152,17,-0.406025
cta_qa_0152,18,-0.406025
cta_qa_0152,19,-0.406025
cta_qa_0152,20,-0.406025
cta_qa_0152,21,-36.250000
cta_qa_0152,22,-0.406025
cta_qa_0152,23,-0.406025
cta_qa_0152,24,-27.000000
cta_qa_0152,25,-27.000000
cta_qa_0152,26,-27.000000
cta_qa_0152,27,-27.000000
cta_qa_0152,28,-27.000000
cta_qa_0152,29,-27.000000
cta_qa_0152,30,-27.000000
cta_qa_0152,31,-27.000000
cta_qa_0152,32,-0.376177
cta_qa_0152,33,-35.625000
cta_qa_0152,34,-0.376177
cta_qa_0152,35,-0.376177
cta_qa_0152,36,-27.000000
cta_qa_0152,37,-27.000000
cta_qa_0152,38,-27.000000
cta_qa_0152,39,-27.000000
cta_qa_0152,40,-35.625000
cta_qa_0152,41,-0.376177
cta_qa_0152,42,-0.376177
cta_qa_0152,43,-0.376177
cta_qa_0152,44,-0.406025
cta_qa_0152,45,-0.406025
cta_qa_0152,46,-36.250000
cta_qa_0152,47,-0.406025
cta_qa_0152,48,-27.000000
cta_qa_0152,49,-27.000000
cta_qa_0152,50,-27.000000
cta_qa_0152,51,-27.000000
cta_qa_0152,52,-0.437268
cta_qa_0152,53,-0.437268
cta_qa_0152,54,-0.437268
cta_qa_0152,55,-37.625000
cta_qa_0152,56,-27.000000
cta_qa_0152,57,-27.000000
cta_qa_0152,58,-27.000000
cta_qa_0152,59,-27.000000
cta_qa_0152,60,-0.252915
cta_qa_0152,61,-35.750000
cta_qa_0152,62,-0.437268
cta_qa_0152,63,-0.437268
cta_qa_0153,0,-0.525406
cta_qa_0153,1,-0.505709
cta_qa_0153,2,-35.375000
cta_qa_0153,3,-35.375000
cta_qa_0153,4,-0.404906
cta_qa_0153,5,-36.125000
cta_qa_0153,6,-0.404906
cta_qa_0153,7,-0.404906
cta_qa_0153,8,-0.404906
cta_qa_0153,9,-0.404906
cta_qa_0153,10,-0.404906
cta_qa_0153,11,-36.125000
cta_qa_0153,12,-0.475250
cta_qa_0153,13,-0.415412
cta_qa_0153,14,-0.411357
cta_qa_0153,15,-36.750000
cta_qa_0153,16,-0.404906
cta_qa_0153,17,-0.404906
cta_qa_0153,18,-36.125000
cta_qa_0153,19,-38.125000
cta_qa_0153,20,-0.525406
cta_qa_0153,21,-0.525406
cta_qa_0153,22,-0.525406
cta_qa_0153,23,-35.375000
cta_qa_0153,24,-36.125000
cta_qa_0153,25,-0.404906
cta_qa_0153,26,-0.404906
cta_qa_0153,27,-36.125000
cta_qa_0153,28,-0.502306
cta_qa_0153,29,-0.475251
cta_qa_0153,30,-37.125000
cta_qa_0153,31,-0.526910
cta_qa_0153,32,-35.375000
cta_qa_0153,33,-35.375000
cta_qa_0153,34,-0.476937
cta_qa_0153,35,-0.442270
cta_qa_0153,36,-0.476937
cta_qa_0153,37,-0.476937
cta_qa_0153,38,-0.476937
cta_qa_0153,39,-35.375000
cta_qa_0153,40,-0.476937
cta_qa_0153,41,-35.375000
cta_qa_0153,42,-0.476937
cta_qa_0153,43,-0.476937
cta_qa_0153,44,-0.476937
cta_qa_0153,45,-35.375000
cta_qa_0153,46,-0.476937
cta_qa_0153,47,-0.505540
cta_qa_0153,48,-0.476937
cta_qa_0153,49,-0.525406
cta_qa_0153,50,-35.375000
cta_qa_0153,51,-0.476937
cta_qa_0153,52,-0.525406
cta_qa_0153,53,-0.476937
cta_qa_0153,54,-0.476937
cta_qa_0153,55,-35.250000
cta_qa_0153,56,-36.125000
cta_qa_0153,57,-36.125000
cta_qa_0153,58,-36.125000
cta_qa_0153,59,-0.404906
cta_qa_0153,60,-0.476937
cta_qa_0153,61,-0.476937
cta_qa_0153,62,-0.476937
cta_qa_0153,63,-35.375000
cta_qa_0154,0,-35.562500
cta_qa_0154,1,-35.562500
cta_qa_0154,2,-35.875000
cta_qa_0154,3,-35.562500
cta_qa_0154,4,-35.562500
cta_qa_0154,5,-33.625000
cta_qa_0154,6,-35.562500
cta_qa_0154,7,-35.562500
cta_qa_0154,8,-35.562500
cta_qa_0154,9,-35.562500
cta_qa_0154,10,-35.562500
cta_qa_0154,11,-35.562500
cta_qa_0154,12,-35.875000
cta_qa_0154,13,-35.562500
cta_qa_0154,14,-35.562500
cta_qa_0154,15,-35.562500
cta_qa_0154,16,-35.562500
cta_qa_0154,17,-35.562500
cta_qa_0154,18,-35.562500
cta_qa_0154,19,-35.562500
cta_qa_0154,20,-0.404425
cta_qa_0154,21,-38.000000
cta_qa_0154,22,-0.404425
cta_qa_0154,23,-0.404425
cta_qa_0154,24,-35.562500
cta_qa_0154,25,-35.562500
cta_qa_0154,26,-35.562500
cta_qa_0154,27,-35.562500
cta_qa_0154,28,-35.875000
cta_qa_0154,29,-31.875000
cta_qa_0154,30,-35.562500
cta_qa_0154,31,-35.562500
cta_qa_0154,32,-35.562500
cta_qa_0154,33,-35.562500
cta_qa_0154,34,-35.875000
cta_qa_0154,35,-35.562500
cta_qa_0154,36,-31.250000
cta_qa_0154,37,-0.404425
cta_qa_0154,38,-0.404425
cta_qa_0154,39,-0.404425
cta_qa_0154,40,-35.562500
cta_qa_0154,41,-35.562500
cta_qa_0154,42,-33.625000
cta_qa_0154,43,-35.562500
cta_qa_0154,44,-35.562500
cta_qa_0154,45,-35.562500
cta_qa_0154,46,-35.562500
cta_qa_0154,47,-35.562500
cta_qa_0154,48,-37.500000
cta_qa_0154,49,-0.380847
cta_qa_0154,50,-0.380847
cta_qa_0154,51,-0.380847
cta_qa_0154,52,-35.562500
cta_qa_0154,53,-35.562500
cta_qa_0154,54,-35.875000
cta_qa_0154,55,-35.562500
cta_qa_0154,56,-0.438576
cta_qa_0154,57,-35.187500
cta_qa_0154,58,-0.438576
cta_qa_0154,59,-0.438576
cta_qa_0154,60,-35.250000
cta_qa_0154,61,-0.437308
cta_qa_0154,62,-35.250000
cta_qa_0154,63,-0.437308
cta_qa_0155,0,-36.625000
cta_qa_0155,1,-0.414875
cta_qa_0155,2,-0.446136
cta_qa_0155,3,-0.481285
cta_qa_0155,4,-0.413478
cta_qa_0155,5,-0.417259
cta_qa_0155,6,-38.375000
cta_qa_0155,7,-0.413668
cta_qa_0155,8,-36.000000
cta_qa_0155,9,-35.375000
cta_qa_0155,10,-0.346300
cta_qa_0155,11,-0.264869
cta_qa_0155,12,-0.410376
cta_qa_0155,13,-34.000000
cta_qa_0155,14,-0.412439
cta_qa_0155,15,-0.562243
cta_qa_0155,16,-34.000000
cta_qa_0155,17,-0.444383
cta_qa_0155,18,-0.413450
cta_qa_0155,19,-0.382637
cta_qa_0155,20,-0.320438
cta_qa_0155,21,-0.378259
cta_qa_0155,22,-0.435880
cta_qa_0155,23,-37.375000
cta_qa_0155,24,-0.323209
cta_qa_0155,25,-0.322069
cta_qa_0155,26,-0.323209
cta_qa_0155,27,-34.625000
cta_qa_0155,28,-0.385836
cta_qa_0155,29,-0.444798
cta_qa_0155,30,-0.562243
cta_qa_0155,31,-36.625000
cta_qa_0155,32,-0.377522
cta_qa_0155,33,-0.437288
cta_qa_0155,34,-37.687500
cta_qa_0155,35,-0.408355
cta_qa_0155,36,-0.409493
cta_qa_0155,37,-0.383910
cta_qa_0155,38,-37.062500
cta_qa_0155,39,-0.437288
cta_qa_0155,40,-38.000000
cta_qa_0155,41,-0.433430
cta_qa_0155,42,-0.375588
cta_qa_0155,43,-0.433430
cta_qa_0155,44,-0.373277
cta_qa_0155,45,-0.345436
cta_qa_0155,46,-38.250000
cta_qa_0155,47,-0.434681
cta_qa_0155,48,-37.437500
cta_qa_0155,49,-0.368913
cta_qa_0155,50,-38.187500
cta_qa_0155,51,-0.368913
cta_qa_0155,52,-36.750000
cta_qa_0155,53,-0.354170
cta_qa_0155,54,-0.415273
cta_qa_0155,55,-0.413887
cta_qa_0155,56,-0.320397
cta_qa_0155,57,-37.812500
cta_qa_0155,58,-0.262959
cta_qa_0155,59,-0.318516
cta_qa_0155,60,-31.750000
cta_qa_0155,61,-0.254833
cta_qa_0155,62,-0.344926
cta_qa_0155,63,-0.291528
cta_qa_0156,0,-0.253597
cta_qa_0156,1,-0.167441
cta_qa_0156,2,-38.750000
cta_qa_0156,3,-0.134298
cta_qa_0156,4,-0.319848
cta_qa_0156,5,-38.500000
cta_qa_0156,6,-0.292165
cta_qa_0156,7,-0.155237
cta_qa_0156,8,-0.254048
cta_qa_0156,9,-35.875000
cta_qa_0156,10,-0.126591
cta_qa_0156,11,-0.224185
cta_qa_0156,12,-0.160219
cta_qa_0156,13,-0.255877
cta_qa_0156,14,-38.125000
cta_qa_0156,15,-0.227008
cta_qa_0156,16,-0.131799
cta_qa_0156,17,-0.260413
cta_qa_0156,18,-35.937500
cta_qa_0156,19,-0.228913
cta_qa_0156,20,-37.937500
cta_qa_0156,21,-0.227417
cta_qa_0156,22,-0.351089
cta_qa_0156,23,-0.190771
cta_qa_0156,24,-0.224032
cta_qa_0156,25,-0.175775
cta_qa_0156,26,-38.250000
cta_qa_0156,27,-0.195915
cta_qa_0156,28,-38.562500
cta_qa_0156,29,-0.224816
cta_qa_0156,30,-0.224120
cta_qa_0156,31,-0.256216
cta_qa_0156,32,-0.161599
cta_qa_0156,33,-0.227057
cta_qa_0156,34,-0.166270
cta_qa_0156,35,-37.375000
cta_qa_0156,36,-0.222632
cta_qa_0156,37,-39.250000
cta_qa_0156,38,-0.226004
cta_qa_0156,39,-0.153501
cta_qa_0156,40,-0.200993
cta_qa_0156,41,-0.195786
cta_qa_0156,42,-0.190061
cta_qa_0156,43,-39.125000
cta_qa_0156,44,-37.500000
cta_qa_0156,45,-0.223881
cta_qa_0156,46,-0.320299
cta_qa_0156,47,-0.253540
cta_qa_0156,48,-0.258267
cta_qa_0156,49,-0.196797
cta_qa_0156,50,-38.187500
cta_qa_0156,51,-0.193558
cta_qa_0156,52,-0.248097
cta_qa_0156,53,-0.255433
cta_qa_0156,54,-0.259046
cta_qa_0156,55,-37.562500
cta_qa_0156,56,-0.224428
cta_qa_0156,57,-37.812500
cta_qa_0156,58,-0.257082
cta_qa_0156,59,-0.260303
cta_qa_0156,60,-0.228627
cta_qa_0156,61,-0.257677
cta_qa_0156,62,-0.282380
cta_qa_0156,63,-38.250000
cta_qa_0157,0,-0.412464
cta_qa_0157,1,-34.000000
cta_qa_0157,2,-0.412278
cta_qa_0157,3,-0.474964
cta_qa_0157,4,-0.253030
cta_qa_0157,5,-35.500000
cta_qa_0157,6,-0.253030
cta_qa_0157,7,-0.253030
cta_qa_0157,8,-0.497265
cta_qa_0157,9,-35.750000
cta_qa_0157,10,-0.225199
cta_qa_0157,11,-37.250000
cta_qa_0157,12,-0.533464
cta_qa_0157,13,-0.253217
cta_qa_0157,14,-32.875000
cta_qa_0157,15,-32.875000
cta_qa_0157,16,-0.441957
cta_qa_0157,17,-0.464400
cta_qa_0157,18,-32.875000
cta_qa_0157,19,-0.378285
cta_qa_0157,20,-34.250000
cta_qa_0157,21,-0.559610
cta_qa_0157,22,-0.474964
cta_qa_0157,23,-0.412296
cta_qa_0157,24,-0.532256
cta_qa_0157,25,-0.440962
cta_qa_0157,26,-32.875000
cta_qa_0157,27,-0.532256
cta_qa_0157,28,-0.440996
cta_qa_0157,29,-0.528511
cta_qa_0157,30,-0.440996
cta_qa_0157,31,-37.375000
cta_qa_0157,32,-0.532256
cta_qa_0157,33,-0.532256
cta_qa_0157,34,-0.532256
cta_qa_0157,35,-32.875000
cta_qa_0157,36,-34.000000
cta_qa_0157,37,-0.409698
cta_qa_0157,38,-0.472125
cta_qa_0157,39,-0.412464
cta_qa_0157,40,-0.444520
cta_qa_0157,41,-0.383042
cta_qa_0157,42,-0.444520
cta_qa_0157,43,-38.562500
cta_qa_0157,44,-0.378285
cta_qa_0157,45,-0.412783
cta_qa_0157,46,-0.470925
cta_qa_0157,47,-32.250000
cta_qa_0157,48,-37.250000
cta_qa_0157,49,-37.250000
cta_qa_0157,50,-0.287793
cta_qa_0157,51,-0.287793
cta_qa_0157,52,-0.342206
cta_qa_0157,53,-36.937500
cta_qa_0157,54,-36.937500
cta_qa_0157,55,-0.342206
cta_qa_0157,56,-0.289081
cta_qa_0157,57,-0.253748
cta_qa_0157,58,-34.875000
cta_qa_0157,59,-0.253748
cta_qa_0157,60,-32.875000
cta_qa_0157,61,-0.469770
cta_qa_0157,62,-0.532256
cta_qa_0157,63,-0.378285
cta_qa_0158,0,-0.350165
cta_qa_0158,1,-38.562500
cta_qa_0158,2,-38.562500
cta_qa_0158,3,-0.498238
cta_qa_0158,4,-0.378878
cta_qa_0158,5,-38.562500
cta_qa_0158,6,-0.498238
cta_qa_0158,7,-38.562500
cta_qa_0158,8,-38.562500
cta_qa_0158,9,-0.350165
cta_qa_0158,10,-0.350165
cta_qa_0158,11,-38.562500
cta_qa_0158,12,-0.350165
cta_qa_0158,13,-38.562500
cta_qa_0158,14,-0.350165
cta_qa_0158,15,-38.562500
cta_qa_0158,16,-0.350165
cta_qa_0158,17,-0.350165
cta_qa_0158,18,-38.562500
cta_qa_0158,19,-0.498238
cta_qa_0158,20,-38.500000
cta_qa_0158,21,-38.500000
cta_qa_0158,22,-0.345387
cta_qa_0158,23,-39.062500
cta_qa_0158,24,-0.471305
cta_qa_0158,25,-38.500000
cta_qa_0158,26,-0.471305
cta_qa_0158,27,-0.471305
cta_qa_0158,28,-0.350165
cta_qa_0158,29,-38.562500
cta_qa_0158,30,-38.562500
cta_qa_0158,31,-0.498238
cta_qa_0158,32,-0.350165
cta_qa_0158,33,-0.350165
cta_qa_0158,34,-38.562500
cta_qa_0158,35,-38.562500
cta_qa_0158,36,-38.562500
cta_qa_0158,37,-38.562500
cta_qa_0158,38,-0.350165
cta_qa_0158,39,-38.562500
cta_qa_0158,40,-38.562500
cta_qa_0158,41,-0.350165
cta_qa_0158,42,-0.498238
cta_qa_0158,43,-0.350165
cta_qa_0158,44,-38.562500
cta_qa_0158,45,-38.562500
cta_qa_0158,46,-0.350165
cta_qa_0158,47,-0.350165
cta_qa_0158,48,-0.350165
cta_qa_0158,49,-0.350165
cta_qa_0158,50,-38.562500
cta_qa_0158,51,-38.562500
cta_qa_0158,52,-0.350165
cta_qa_0158,53,-38.562500
cta_qa_0158,54,-38.562500
cta_qa_0158,55,-0.498238
cta_qa_0158,56,-38.562500
cta_qa_0158,57,-0.350165
cta_qa_0158,58,-38.562500
cta_qa_0158,59,-0.350165
cta_qa_0158,60,-38.500000
cta_qa_0158,61,-38.500000
cta_qa_0158,62,-38.500000
cta_qa_0158,63,-0.315003
cta_qa_0159,0,-36.125000
cta_qa_0159,1,-36.125000
cta_qa_0159,2,-36.125000
cta_qa_0159,3,-36.125000
cta_qa_0159,4,-0.322824
cta_qa_0159,5,-36.187500
cta_qa_0159,6,-0.348573
cta_qa_0159,7,-36.187500
cta_qa_0159,8,-0.188172
cta_qa_0159,9,-0.414375
cta_qa_0159,10,-36.187500
cta_qa_0159,11,-36.187500
cta_qa_0159,12,-0.469975
cta_qa_0159,13,-0.188172
cta_qa_0159,14,-0.188172
cta_qa_0159,15,-36.187500
cta_qa_0159,16,-0.285621
cta_qa_0159,17,-0.285621
cta_qa_0159,18,-0.379957
cta_qa_0159,19,-35.250000
cta_qa_0159,20,-0.284497
cta_qa_0159,21,-35.250000
cta_qa_0159,22,-35.250000
cta_qa_0159,23,-35.250000
cta_qa_0159,24,-35.250000
cta_qa_0159,25,-0.406061
cta_qa_0159,26,-35.250000
cta_qa_0159,27,-0.285621
cta_qa_0159,28,-0.441246
cta_qa_0159,29,-0.188172
cta_qa_0159,30,-36.187500
cta_qa_0159,31,-0.409793
cta_qa_0159,32,-35.875000
cta_qa_0159,33,-36.187500
cta_qa_0159,34,-36.187500
cta_qa_0159,35,-0.348573
cta_qa_0159,36,-36.187500
cta_qa_0159,37,-36.187500
cta_qa_0159,38,-0.379846
cta_qa_0159,39,-0.188172
cta_qa_0159,40,-0.347621
cta_qa_0159,41,-35.250000
cta_qa_0159,42,-35.250000
cta_qa_0159,43,-35.250000
cta_qa_0159,44,-36.187500
cta_qa_0159,45,-36.187500
cta_qa_0159,46,-0.188172
cta_qa_0159,47,-0.188172
cta_qa_0159,48,-36.187500
cta_qa_0159,49,-0.469975
cta_qa_0159,50,-36.187500
cta_qa_0159,51,-0.348573
cta_qa_0159,52,-34.875000
cta_qa_0159,53,-0.378810
cta_qa_0159,54,-35.250000
cta_qa_0159,55,-0.285621
cta_qa_0159,56,-35.250000
cta_qa_0159,57,-0.406061
cta_qa_0159,58,-35.250000
cta_qa_0159,59,-0.283605
cta_qa_0159,60,-36.187500
cta_qa_0159,61,-0.469975
cta_qa_0159,62,-0.348573
cta_qa_0159,63,-0.188172
cta_qa_0160,0,-0.407431
cta_qa_0160,1,-34.250000
cta_qa_0160,2,-0.407431
cta_qa_0160,3,-0.407431
cta_qa_0160,4,-0.407431
cta_qa_0160,5,-0.407431
cta_qa_0160,6,-36.812500
cta_qa_0160,7,-0.407431
cta_qa_0160,8,-13.749999
cta_qa_0160,9,-13.749999
cta_qa_0160,10,-13.749999
cta_qa_0160,11,-13.749999
cta_qa_0160,12,-0.440032
cta_qa_0160,13,-0.440032
cta_qa_0160,14,-0.440032
cta_qa_0160,15,-31.750000
cta_qa_0160,16,-13.749999
cta_qa_0160,17,-13.749999
cta_qa_0160,18,-13.749999
cta_qa_0160,19,-13.749999
cta_qa_0160,20,-37.687500
cta_qa_0160,21,-0.413233
cta_qa_0160,22,-0.413233
cta_qa_0160,23,-0.413233
cta_qa_0160,24,-0.413233
cta_qa_0160,25,-0.413233
cta_qa_0160,26,-34.625000
cta_qa_0160,27,-0.348714
cta_qa_0160,28,-0.440032
cta_qa_0160,29,-0.440032
cta_qa_0160,30,-0.440032
cta_qa_0160,31,-31.750000
cta_qa_0160,32,-0.349183
cta_qa_0160,33,-28.500000
cta_qa_0160,34,-0.380503
cta_qa_0160,35,-0.380503
cta_qa_0160,36,-31.875000
cta_qa_0160,37,-0.379481
cta_qa_0160,38,-0.379481
cta_qa_0160,39,-31.875000
cta_qa_0160,40,-0.372113
cta_qa_0160,41,-0.285464
cta_qa_0160,42,-0.407431
cta_qa_0160,43,-34.250000
cta_qa_0160,44,-36.625000
cta_qa_0160,45,-0.348044
cta_qa_0160,46,-0.348044
cta_qa_0160,47,-0.348044
cta_qa_0160,48,-0.409851
cta_qa_0160,49,-0.409851
cta_qa_0160,50,-35.500000
cta_qa_0160,51,-0.409851
cta_qa_0160,52,-0.440032
cta_qa_0160,53,-0.440032
cta_qa_0160,54,-36.687500
cta_qa_0160,55,-0.440032
cta_qa_0160,56,-28.500000
cta_qa_0160,57,-0.380503
cta_qa_0160,58,-0.377595
cta_qa_0160,59,-0.292815
cta_qa_0160,60,-0.440032
cta_qa_0160,61,-0.285163
cta_qa_0160,62,-0.440032
cta_qa_0160,63,-31.750000
cta_qa_0161,0,-0.407304
cta_qa_0161,1,-0.499756
cta_qa_0161,2,-37.875000
cta_qa_0161,3,-0.408649
cta_qa_0161,4,-37.687500
cta_qa_0161,5,-0.495565
cta_qa_0161,6,-0.346118
cta_qa_0161,7,-0.346212
cta_qa_0161,8,-37.687500
cta_qa_0161,9,-0.288396
cta_qa_0161,10,-0.407304
cta_qa_0161,11,-0.407304
cta_qa_0161,12,-0.407342
cta_qa_0161,13,-0.499756
cta_qa_0161,14,-37.625000
cta_qa_0161,15,-0.407304
cta_qa_0161,16,-37.187500
cta_qa_0161,17,-0.503811
cta_qa_0161,18,-36.375000
cta_qa_0161,19,-0.503811
cta_qa_0161,20,-36.250000
cta_qa_0161,21,-36.250000
cta_qa_0161,22,-0.378148
cta_qa_0161,23,-0.345985
cta_qa_0161,24,-0.503811
cta_qa_0161,25,-36.375000
cta_qa_0161,26,-0.503811
cta_qa_0161,27,-36.375000
cta_qa_0161,28,-0.345985
cta_qa_0161,29,-36.250000
cta_qa_0161,30,-0.594850
cta_qa_0161,31,-0.345985
cta_qa_0161,32,-0.594850
cta_qa_0161,33,-0.345985
cta_qa_0161,34,-36.250000
cta_qa_0161,35,-0.378148
cta_qa_0161,36,-36.500000
cta_qa_0161,37,-0.438576
cta_qa_0161,38,-0.469823
cta_qa_0161,39,-0.342359
cta_qa_0161,40,-0.441027
cta_qa_0161,41,-0.592192
cta_qa_0161,42,-0.471184
cta_qa_0161,43,-36.062500
cta_qa_0161,44,-38.937500
cta_qa_0161,45,-37.687500
cta_qa_0161,46,-0.469823
cta_qa_0161,47,-0.590765
cta_qa_0161,48,-0.596149
cta_qa_0161,49,-0.408552
cta_qa_0161,50,-0.494644
cta_qa_0161,51,-36.000000
cta_qa_0161,52,-0.318616
cta_qa_0161,53,-0.318616
cta_qa_0161,54,-4.124989
cta_qa_0161,55,-0.408729
cta_qa_0161,56,-0.317456
cta_qa_0161,57,-0.465782
cta_qa_0161,58,-0.317456
cta_qa_0161,59,-36.250000
cta_qa_0161,60,-34.125000
cta_qa_0161,61,-0.347428
cta_qa_0161,62,-0.346118
cta_qa_0161,63,-0.346227
cta_qa_0162,0,-34.250000
cta_qa_0162,1,-34.250000
cta_qa_0162,2,-34.250000
cta_qa_0162,3,-34.250000
cta_qa_0162,4,-33.750000
cta_qa_0162,5,-0.377522
cta_qa_0162,6,-0.377522
cta_qa_0162,7,-0.377522
cta_qa_0162,8,-34.250000
cta_qa_0162,9,-36.312500
cta_qa_0162,10,-34.250000
cta_qa_0162,11,-34.250000
cta_qa_0162,12,-0.380034
cta_qa_0162,13,-0.380034
cta_qa_0162,14,-34.187500
cta_qa_0162,15,-0.380034
cta_qa_0162,16,-34.250000
cta_qa_0162,17,-34.250000
cta_qa_0162,18,-34.250000
cta_qa_0162,19,-34.250000
cta_qa_0162,20,-34.250000
cta_qa_0162,21,-34.250000
cta_qa_0162,22,-34.250000
cta_qa_0162,23,-34.250000
cta_qa_0162,24,-34.250000
cta_qa_0162,25,-34.250000
cta_qa_0162,26,-34.250000
cta_qa_0162,27,-34.250000
cta_qa_0162,28,-34.250000
cta_qa_0162,29,-34.250000
cta_qa_0162,30,-34.250000
cta_qa_0162,31,-32.125000
cta_qa_0162,32,-0.377522
cta_qa_0162,33,-34.250000
cta_qa_0162,34,-0.377522
cta_qa_0162,35,-0.377522
cta_qa_0162,36,-34.250000
cta_qa_0162,37,-34.250000
cta_qa_0162,38,-34.250000
cta_qa_0162,39,-34.250000
cta_qa_0162,40,-34.250000
cta_qa_0162,41,-34.250000
cta_qa_0162,42,-34.250000
cta_qa_0162,43,-34.250000
cta_qa_0162,44,-34.250000
cta_qa_0162,45,-34.250000
cta_qa_0162,46,-34.250000
cta_qa_0162,47,-34.250000
cta_qa_0162,48,-34.250000
cta_qa_0162,49,-34.875000
cta_qa_0162,50,-34.250000
cta_qa_0162,51,-34.250000
cta_qa_0162,52,-34.250000
cta_qa_0162,53,-35.812500
cta_qa_0162,54,-34.250000
cta_qa_0162,55,-32.125000
cta_qa_0162,56,-0.377402
cta_qa_0162,57,-34.625000
cta_qa_0162,58,-0.377402
cta_qa_0162,59,-0.377402
cta_qa_0162,60,-0.313507
cta_qa_0162,61,-0.313507
cta_qa_0162,62,-0.313507
cta_qa_0162,63,-34.000000
cta_qa_0163,0,-0.288394
cta_qa_0163,1,-36.375000
cta_qa_0163,2,-0.288394
cta_qa_0163,3,-0.256727
cta_qa_0163,4,-0.411419
cta_qa_0163,5,-0.351515
cta_qa_0163,6,-0.411419
cta_qa_0163,7,-36.500000
cta_qa_0163,8,-36.500000
cta_qa_0163,9,-0.289820
cta_qa_0163,10,-36.500000
cta_qa_0163,11,-0.289820
cta_qa_0163,12,-0.320077
cta_qa_0163,13,-35.625000
cta_qa_0163,14,-0.255030
cta_qa_0163,15,-0.320077
cta_qa_0163,16,-35.750000
cta_qa_0163,17,-0.287614
cta_qa_0163,18,-0.347860
cta_qa_0163,19,-0.379086
cta_qa_0163,20,-0.255873
cta_qa_0163,21,-0.230296
cta_qa_0163,22,-35.562500
cta_qa_0163,23,-0.255435
cta_qa_0163,24,-0.354166
cta_qa_0163,25,-36.625000
cta_qa_0163,26,-0.289218
cta_qa_0163,27,-0.354011
cta_qa_0163,28,-36.500000
cta_qa_0163,29,-0.290114
cta_qa_0163,30,-36.500000
cta_qa_0163,31,-0.290114
cta_qa_0163,32,-0.290114
cta_qa_0163,33,-0.439680
cta_qa_0163,34,-36.500000
cta_qa_0163,35,-36.500000
cta_qa_0163,36,-0.288394
cta_qa_0163,37,-0.256727
cta_qa_0163,38,-0.406063
cta_qa_0163,39,-36.500000
cta_qa_0163,40,-0.289820
cta_qa_0163,41,-36.500000
cta_qa_0163,42,-0.353711
cta_qa_0163,43,-36.500000
cta_qa_0163,44,-0.320795
cta_qa_0163,45,-0.292626
cta_qa_0163,46,-37.500000
cta_qa_0163,47,-0.292626
cta_qa_0163,48,-36.500000
cta_qa_0163,49,-0.289820
cta_qa_0163,50,-0.290256
cta_qa_0163,51,-0.439680
cta_qa_0163,52,-0.286007
cta_qa_0163,53,-0.320915
cta_qa_0163,54,-38.312500
cta_qa_0163,55,-0.378171
cta_qa_0163,56,-0.225018
cta_qa_0163,57,-0.320419
cta_qa_0163,58,-37.500000
cta_qa_0163,59,-0.225018
cta_qa_0163,60,-0.290114
cta_qa_0163,61,-36.500000
cta_qa_0163,62,-36.500000
cta_qa_0163,63,-0.439680
cta_qa_0164,0,-37.187500
cta_qa_0164,1,-36.937500
cta_qa_0164,2,-0.281956
cta_qa_0164,3,-36.937500
cta_qa_0164,4,-0.345876
cta_qa_0164,5,-0.345876
cta_qa_0164,6,-0.405066
cta_qa_0164,7,-36.250000
cta_qa_0164,8,-34.625000
cta_qa_0164,9,-0.315187
cta_qa_0164,10,-0.290708
cta_qa_0164,11,-0.315187
cta_qa_0164,12,-0.379073
cta_qa_0164,13,-31.500000
cta_qa_0164,14,-0.350652
cta_qa_0164,15,-0.437292
cta_qa_0164,16,-34.625000
cta_qa_0164,17,-0.290992
cta_qa_0164,18,-0.290992
cta_qa_0164,19,-0.407516
cta_qa_0164,20,-0.291428
cta_qa_0164,21,-0.347749
cta_qa_0164,22,-0.347749
cta_qa_0164,23,-38.250000
cta_qa_0164,24,-0.290992
cta_qa_0164,25,-0.315187
cta_qa_0164,26,-33.625000
cta_qa_0164,27,-0.290992
cta_qa_0164,28,-33.125000
cta_qa_0164,29,-0.469924
cta_qa_0164,30,-0.468549
cta_qa_0164,31,-0.441434
cta_qa_0164,32,-0.377687
cta_qa_0164,33,-38.437500
cta_qa_0164,34,-0.290992
cta_qa_0164,35,-0.290992
cta_qa_0164,36,-0.377687
cta_qa_0164,37,-0.228084
cta_qa_0164,38,-0.217520
cta_qa_0164,39,-35.000000
cta_qa_0164,40,-33.625000
cta_qa_0164,41,-34.625000
cta_qa_0164,42,-0.315187
cta_qa_0164,43,-0.315187
cta_qa_0164,44,-0.290983
cta_qa_0164,45,-35.000000
cta_qa_0164,46,-0.287832
cta_qa_0164,47,-0.377687
cta_qa_0164,48,-37.187500
cta_qa_0164,49,-0.350750
cta_qa_0164,50,-0.346698
cta_qa_0164,51,-0.350750
cta_qa_0164,52,-37.437500
cta_qa_0164,53,-0.314062
cta_qa_0164,54,-0.377406
cta_qa_0164,55,-0.377406
cta_qa_0164,56,-34.250000
cta_qa_0164,57,-0.502373
cta_qa_0164,58,-0.344461
cta_qa_0164,59,-0.377473
cta_qa_0164,60,-0.468550
cta_qa_0164,61,-37.375000
cta_qa_0164,62,-0.345876
cta_qa_0164,63,-0.405066
cta_qa_0165,0,-0.409760
cta_qa_0165,1,-0.409760
cta_qa_0165,2,-0.377923
cta_qa_0165,3,-36.000000
cta_qa_0165,4,-0.381831
cta_qa_0165,5,-0.381831
cta_qa_0165,6,-0.381831
cta_qa_0165,7,-35.750000
cta_qa_0165,8,-0.470981
cta_qa_0165,9,-0.470981
cta_qa_0165,10,-36.000000
cta_qa_0165,11,-0.409760
cta_qa_0165,12,-36.000000
cta_qa_0165,13,-36.375000
cta_qa_0165,14,-0.465652
cta_qa_0165,15,-0.409760
cta_qa_0165,16,-0.378448
cta_qa_0165,17,-36.687500
cta_qa_0165,18,-0.281948
cta_qa_0165,19,-0.406054
cta_qa_0165,20,-0.470981
cta_qa_0165,21,-35.500000
cta_qa_0165,22,-0.470981
cta_qa_0165,23,-36.000000
cta_qa_0165,24,-0.378773
cta_qa_0165,25,-36.000000
cta_qa_0165,26,-0.406043
cta_qa_0165,27,-0.379674
cta_qa_0165,28,-36.000000
cta_qa_0165,29,-36.000000
cta_qa_0165,30,-0.465652
cta_qa_0165,31,-36.000000
cta_qa_0165,32,-0.409558
cta_qa_0165,33,-0.465955
cta_qa_0165,34,-0.409760
cta_qa_0165,35,-36.000000
cta_qa_0165,36,-0.470981
cta_qa_0165,37,-36.000000
cta_qa_0165,38,-36.000000
cta_qa_0165,39,-0.281922
cta_qa_0165,40,-0.470981
cta_qa_0165,41,-0.465652
cta_qa_0165,42,-36.000000
cta_qa_0165,43,-0.409760
cta_qa_0165,44,-0.470981
cta_qa_0165,45,-0.379849
cta_qa_0165,46,-0.502173
cta_qa_0165,47,-36.000000
cta_qa_0165,48,-0.438678
cta_qa_0165,49,-37.750000
cta_qa_0165,50,-0.410367
cta_qa_0165,51,-0.411207
cta_qa_0165,52,-35.750000
cta_qa_0165,53,-0.381831
cta_qa_0165,54,-35.750000
cta_qa_0165,55,-35.750000
cta_qa_0165,56,-36.000000
cta_qa_0165,57,-35.625000
cta_qa_0165,58,-38.187500
cta_qa_0165,59,-0.409760
cta_qa_0165,60,-0.490272
cta_qa_0165,61,-38.187500
cta_qa_0165,62,-0.468544
cta_qa_0165,63,-0.468544
cta_qa_0166,0,-37.000000
cta_qa_0166,1,-0.285360
cta_qa_0166,2,-37.000000
cta_qa_0166,3,-0.313647
cta_qa_0166,4,-0.313647
cta_qa_0166,5,-37.000000
cta_qa_0166,6,-0.313647
cta_qa_0166,7,-0.285313
cta_qa_0166,8,-33.000000
cta_qa_0166,9,-0.313647
cta_qa_0166,10,-37.000000
cta_qa_0166,11,-37.000000
cta_qa_0166,12,-37.000000
cta_qa_0166,13,-0.313647
cta_qa_0166,14,-0.313647
cta_qa_0166,15,-0.371716
cta_qa_0166,16,-0.373186
cta_qa_0166,17,-0.319585
cta_qa_0166,18,-0.285606
cta_qa_0166,19,-29.250000
cta_qa_0166,20,-37.000000
cta_qa_0166,21,-0.316479
cta_qa_0166,22,-0.313647
cta_qa_0166,23,-37.000000
cta_qa_0166,24,-37.000000
cta_qa_0166,25,-37.000000
cta_qa_0166,26,-0.377952
cta_qa_0166,27,-37.000000
cta_qa_0166,28,-0.371716
cta_qa_0166,29,-37.000000
cta_qa_0166,30,-0.313647
cta_qa_0166,31,-0.316479
cta_qa_0166,32,-0.285360
cta_qa_0166,33,-0.313647
cta_qa_0166,34,-37.000000
cta_qa_0166,35,-0.374784
cta_qa_0166,36,-0.341996
cta_qa_0166,37,-36.812500
cta_qa_0166,38,-0.285734
cta_qa_0166,39,-0.285734
cta_qa_0166,40,-0.377952
cta_qa_0166,41,-37.000000
cta_qa_0166,42,-37.000000
cta_qa_0166,43,-0.313347
cta_qa_0166,44,-37.000000
cta_qa_0166,45,-0.316479
cta_qa_0166,46,-37.000000
cta_qa_0166,47,-0.313647
cta_qa_0166,48,-0.344770
cta_qa_0166,49,-0.406047
cta_qa_0166,50,-36.500000
cta_qa_0166,51,-0.344770
cta_qa_0166,52,-0.313647
cta_qa_0166,53,-37.000000
cta_qa_0166,54,-37.000000
cta_qa_0166,55,-0.371716
cta_qa_0166,56,-0.313647
cta_qa_0166,57,-37.000000
cta_qa_0166,58,-0.313647
cta_qa_0166,59,-37.000000
cta_qa_0166,60,-37.000000
cta_qa_0166,61,-37.000000
cta_qa_0166,62,-37.000000
cta_qa_0166,63,-0.313647
cta_qa_0167,0,-31.375000
cta_qa_0167,1,-31.375000
cta_qa_0167,2,-31.375000
cta_qa_0167,3,-31.375000
cta_qa_0167,4,-0.325274
cta_qa_0167,5,-0.325274
cta_qa_0167,6,-36.000000
cta_qa_0167,7,-0.317660
cta_qa_0167,8,-0.322338
cta_qa_0167,9,-0.322338
cta_qa_0167,10,-36.000000
cta_qa_0167,11,-0.322338
cta_qa_0167,12,-0.230807
cta_qa_0167,13,-0.230807
cta_qa_0167,14,-0.230807
cta_qa_0167,15,-29.625000
cta_qa_0167,16,-29.625000
cta_qa_0167,17,-0.230807
cta_qa_0167,18,-0.230807
cta_qa_0167,19,-29.625000
cta_qa_0167,20,-29.625000
cta_qa_0167,21,-29.625000
cta_qa_0167,22,-0.230807
cta_qa_0167,23,-0.230807
cta_qa_0167,24,-0.498288
cta_qa_0167,25,-0.347995
cta_qa_0167,26,-0.287476
cta_qa_0167,27,-35.937500
cta_qa_0167,28,-31.500000
cta_qa_0167,29,-0.190874
cta_qa_0167,30,-31.500000
cta_qa_0167,31,-31.500000
cta_qa_0167,32,-31.375000
cta_qa_0167,33,-31.375000
cta_qa_0167,34,-31.375000
cta_qa_0167,35,-31.375000
cta_qa_0167,36,-35.375000
cta_qa_0167,37,-33.375000
cta_qa_0167,38,-0.325086
cta_qa_0167,39,-0.325086
cta_qa_0167,40,-31.375000
cta_qa_0167,41,-31.375000
cta_qa_0167,42,-31.375000
cta_qa_0167,43,-31.375000
cta_qa_0167,44,-36.000000
cta_qa_0167,45,-0.325274
cta_qa_0167,46,-0.325274
cta_qa_0167,47,-0.322338
cta_qa_0167,48,-0.323584
cta_qa_0167,49,-0.353342
cta_qa_0167,50,-0.323584
cta_qa_0167,51,-29.000000
cta_qa_0167,52,-0.381686
cta_qa_0167,53,-0.440226
cta_qa_0167,54,-0.323584
cta_qa_0167,55,-32.875000
cta_qa_0167,56,-0.356146
cta_qa_0167,57,-34.125000
cta_qa_0167,58,-0.412757
cta_qa_0167,59,-0.326275
cta_qa_0167,60,-0.354488
cta_qa_0167,61,-0.321179
cta_qa_0167,62,-0.195734
cta_qa_0167,63,-35.000000
cta_qa_0168,0,-0.399331
cta_qa_0168,1,-0.430557
cta_qa_0168,2,-36.250000
cta_qa_0168,3,-36.250000
cta_qa_0168,4,-0.320579
cta_qa_0168,5,-37.187500
cta_qa_0168,6,-0.320579
cta_qa_0168,7,-0.378567
cta_qa_0168,8,-0.351756
cta_qa_0168,9,-0.351756
cta_qa_0168,10,-37.000000
cta_qa_0168,11,-0.320523
cta_qa_0168,12,-34.375000
cta_qa_0168,13,-0.190936
cta_qa_0168,14,-0.190936
cta_qa_0168,15,-0.190936
cta_qa_0168,16,-34.625000
cta_qa_0168,17,-34.625000
cta_qa_0168,18,-34.625000
cta_qa_0168,19,-34.625000
cta_qa_0168,20,-0.190936
cta_qa_0168,21,-34.375000
cta_qa_0168,22,-0.190936
cta_qa_0168,23,-0.190936
cta_qa_0168,24,-0.190936
cta_qa_0168,25,-34.375000
cta_qa_0168,26,-0.190936
cta_qa_0168,27,-34.375000
cta_qa_0168,28,-34.625000
cta_qa_0168,29,-34.625000
cta_qa_0168,30,-34.625000
cta_qa_0168,31,-34.625000
cta_qa_0168,32,-0.190936
cta_qa_0168,33,-34.375000
cta_qa_0168,34,-34.375000
cta_qa_0168,35,-34.375000
cta_qa_0168,36,-0.190936
cta_qa_0168,37,-0.190936
cta_qa_0168,38,-34.375000
cta_qa_0168,39,-34.375000
cta_qa_0168,40,-0.190936
cta_qa_0168,41,-0.190936
cta_qa_0168,42,-34.375000
cta_qa_0168,43,-34.375000
cta_qa_0168,44,-34.375000
cta_qa_0168,45,-0.190936
cta_qa_0168,46,-34.375000
cta_qa_0168,47,-0.374809
cta_qa_0168,48,-0.190936
cta_qa_0168,49,-0.190936
cta_qa_0168,50,-34.375000
cta_qa_0168,51,-34.375000
cta_qa_0168,52,-0.190936
cta_qa_0168,53,-34.375000
cta_qa_0168,54,-34.375000
cta_qa_0168,55,-0.374809
cta_qa_0168,56,-34.375000
cta_qa_0168,57,-0.190936
cta_qa_0168,58,-34.375000
cta_qa_0168,59,-0.190936
cta_qa_0168,60,-34.875000
cta_qa_0168,61,-0.349553
cta_qa_0168,62,-0.378399
cta_qa_0168,63,-0.349553
cta_qa_0169,0,-0.314987
cta_qa_0169,1,-0.354180
cta_qa_0169,2,-0.352156
cta_qa_0169,3,-38.062500
cta_qa_0169,4,-37.437500
cta_qa_0169,5,-0.378916
cta_qa_0169,6,-0.349645
cta_qa_0169,7,-0.502348
cta_qa_0169,8,-0.383404
cta_qa_0169,9,-0.498450
cta_qa_0169,10,-0.347033
cta_qa_0169,11,-38.312500
cta_qa_0169,12,-0.345277
cta_qa_0169,13,-0.345277
cta_qa_0169,14,-37.562500
cta_qa_0169,15,-0.381739
cta_qa_0169,16,-0.349741
cta_qa_0169,17,-37.437500
cta_qa_0169,18,-0.345277
cta_qa_0169,19,-0.381739
cta_qa_0169,20,-0.502348
cta_qa_0169,21,-0.378916
cta_qa_0169,22,-37.437500
cta_qa_0169,23,-0.381739
cta_qa_0169,24,-0.349372
cta_qa_0169,25,-0.381739
cta_qa_0169,26,-37.437500
cta_qa_0169,27,-0.349741
cta_qa_0169,28,-38.062500
cta_qa_0169,29,-0.476670
cta_qa_0169,30,-0.471582
cta_qa_0169,31,-0.475156
cta_qa_0169,32,-0.345277
cta_qa_0169,33,-37.375000
cta_qa_0169,34,-0.381739
cta_qa_0169,35,-37.437500
cta_qa_0169,36,-37.312500
cta_qa_0169,37,-0.315557
cta_qa_0169,38,-0.467216
cta_qa_0169,39,-0.381941
cta_qa_0169,40,-0.502348
cta_qa_0169,41,-0.345277
cta_qa_0169,42,-0.381739
cta_qa_0169,43,-37.437500
cta_qa_0169,44,-0.349645
cta_qa_0169,45,-0.381739
cta_qa_0169,46,-37.375000
cta_qa_0169,47,-0.502348
cta_qa_0169,48,-37.375000
cta_qa_0169,49,-0.345277
cta_qa_0169,50,-0.502348
cta_qa_0169,51,-0.345277
cta_qa_0169,52,-37.312500
cta_qa_0169,53,-0.350789
cta_qa_0169,54,-37.312500
cta_qa_0169,55,-0.381941
cta_qa_0169,56,-37.312500
cta_qa_0169,57,-0.350789
cta_qa_0169,58,-0.315557
cta_qa_0169,59,-0.350789
cta_qa_0169,60,-37.375000
cta_qa_0169,61,-0.345277
cta_qa_0169,62,-0.345277
cta_qa_0169,63,-37.375000
cta_qa_0170,0,-33.750000
cta_qa_0170,1,-33.750000
cta_qa_0170,2,-33.750000
cta_qa_0170,3,-33.750000
cta_qa_0170,4,-0.249824
cta_qa_0170,5,-0.249824
cta_qa_0170,6,-0.313140
cta_qa_0170,7,-33.500000
cta_qa_0170,8,-33.500000
cta_qa_0170,9,-0.249824
cta_qa_0170,10,-0.313140
cta_qa_0170,11,-33.500000
cta_qa_0170,12,-33.500000
cta_qa_0170,13,-0.249824
cta_qa_0170,14,-33.500000
cta_qa_0170,15,-0.249824
cta_qa_0170,16,-0.249824
cta_qa_0170,17,-0.249824
cta_qa_0170,18,-33.500000
cta_qa_0170,19,-0.313140
cta_qa_0170,20,-33.500000
cta_qa_0170,21,-33.500000
cta_qa_0170,22,-0.249824
cta_qa_0170,23,-33.500000
cta_qa_0170,24,-0.249824
cta_qa_0170,25,-33.500000
cta_qa_0170,26,-0.249824
cta_qa_0170,27,-33.500000
cta_qa_0170,28,-33.500000
cta_qa_0170,29,-33.500000
cta_qa_0170,30,-0.249824
cta_qa_0170,31,-0.249824
cta_qa_0170,32,-0.313140
cta_qa_0170,33,-33.500000
cta_qa_0170,34,-33.500000
cta_qa_0170,35,-0.249824
cta_qa_0170,36,-0.249824
cta_qa_0170,37,-0.249824
cta_qa_0170,38,-33.500000
cta_qa_0170,39,-0.249824
cta_qa_0170,40,-33.750000
cta_qa_0170,41,-33.750000
cta_qa_0170,42,-33.750000
cta_qa_0170,43,-33.750000
cta_qa_0170,44,-0.313140
cta_qa_0170,45,-0.249824
cta_qa_0170,46,-33.500000
cta_qa_0170,47,-0.313140
cta_qa_0170,48,-33.500000
cta_qa_0170,49,-0.313140
cta_qa_0170,50,-33.500000
cta_qa_0170,51,-0.249824
cta_qa_0170,52,-0.249824
cta_qa_0170,53,-0.249824
cta_qa_0170,54,-33.500000
cta_qa_0170,55,-33.500000
cta_qa_0170,56,-33.500000
cta_qa_0170,57,-0.249824
cta_qa_0170,58,-33.500000
cta_qa_0170,59,-33.500000
cta_qa_0170,60,-33.500000
cta_qa_0170,61,-33.500000
cta_qa_0170,62,-0.313140
cta_qa_0170,63,-0.249824
cta_qa_0171,0,-0.412311
cta_qa_0171,1,-37.000000
cta_qa_0171,2,-37.000000
cta_qa_0171,3,-37.000000
cta_qa_0171,4,-0.351233
cta_qa_0171,5,-37.125000
cta_qa_0171,6,-0.432961
cta_qa_0171,7,-37.125000
cta_qa_0171,8,-37.125000
cta_qa_0171,9,-0.351233
cta_qa_0171,10,-0.432961
cta_qa_0171,11,-0.351233
cta_qa_0171,12,-0.351233
cta_qa_0171,13,-0.351233
cta_qa_0171,14,-0.351233
cta_qa_0171,15,-37.125000
cta_qa_0171,16,-0.432961
cta_qa_0171,17,-37.125000
cta_qa_0171,18,-37.125000
cta_qa_0171,19,-0.352663
cta_qa_0171,20,-37.125000
cta_qa_0171,21,-37.125000
cta_qa_0171,22,-0.352663
cta_qa_0171,23,-37.125000
cta_qa_0171,24,-37.375000
cta_qa_0171,25,-37.375000
cta_qa_0171,26,-37.375000
cta_qa_0171,27,-37.375000
cta_qa_0171,28,-0.352663
cta_qa_0171,29,-0.351233
cta_qa_0171,30,-0.432961
cta_qa_0171,31,-37.125000
cta_qa_0171,32,-0.352663
cta_qa_0171,33,-0.351233
cta_qa_0171,34,-37.125000
cta_qa_0171,35,-0.351233
cta_qa_0171,36,-37.125000
cta_qa_0171,37,-37.125000
cta_qa_0171,38,-0.351233
cta_qa_0171,39,-0.352663
cta_qa_0171,40,-0.462922
cta_qa_0171,41,-37.000000
cta_qa_0171,42,-0.412311
cta_qa_0171,43,-0.412311
cta_qa_0171,44,-0.352663
cta_qa_0171,45,-0.351233
cta_qa_0171,46,-37.125000
cta_qa_0171,47,-37.125000
cta_qa_0171,48,-0.351233
cta_qa_0171,49,-0.351233
cta_qa_0171,50,-37.125000
cta_qa_0171,51,-37.125000
cta_qa_0171,52,-37.125000
cta_qa_0171,53,-0.352663
cta_qa_0171,54,-37.125000
cta_qa_0171,55,-0.432961
cta_qa_0171,56,-37.125000
cta_qa_0171,57,-0.432961
cta_qa_0171,58,-37.125000
cta_qa_0171,59,-37.125000
cta_qa_0171,60,-0.352663
cta_qa_0171,61,-37.125000
cta_qa_0171,62,-37.125000
cta_qa_0171,63,-0.351233
cta_qa_0172,0,-39.500000
cta_qa_0172,1,-39.500000
cta_qa_0172,2,-0.340942
cta_qa_0172,3,-0.340942
cta_qa_0172,4,-0.340942
cta_qa_0172,5,-39.500000
cta_qa_0172,6,-0.340942
cta_qa_0172,7,-0.340942
cta_qa_0172,8,-39.000000
cta_qa_0172,9,-39.000000
cta_qa_0172,10,-39.000000
cta_qa_0172,11,-39.000000
cta_qa_0172,12,-0.340942
cta_qa_0172,13,-39.500000
cta_qa_0172,14,-0.432111
cta_qa_0172,15,-0.340942
cta_qa_0172,16,-38.812500
cta_qa_0172,17,-38.812500
cta_qa_0172,18,-0.459605
cta_qa_0172,19,-38.812500
cta_qa_0172,20,-39.500000
cta_qa_0172,21,-0.340942
cta_qa_0172,22,-0.432611
cta_qa_0172,23,-0.432611
cta_qa_0172,24,-39.000000
cta_qa_0172,25,-39.000000
cta_qa_0172,26,-39.000000
cta_qa_0172,27,-39.000000
cta_qa_0172,28,-0.340942
cta_qa_0172,29,-0.340942
cta_qa_0172,30,-0.340942
cta_qa_0172,31,-39.500000
cta_qa_0172,32,-0.403183
cta_qa_0172,33,-38.937500
cta_qa_0172,34,-0.403183
cta_qa_0172,35,-0.427354
cta_qa_0172,36,-0.428839
cta_qa_0172,37,-38.937500
cta_qa_0172,38,-0.428839
cta_qa_0172,39,-0.522330
cta_qa_0172,40,-0.403183
cta_qa_0172,41,-38.937500
cta_qa_0172,42,-0.403183
cta_qa_0172,43,-0.427354
cta_qa_0172,44,-0.340942
cta_qa_0172,45,-0.340942
cta_qa_0172,46,-0.275091
cta_qa_0172,47,-39.500000
cta_qa_0172,48,-0.340942
cta_qa_0172,49,-0.340942
cta_qa_0172,50,-39.500000
cta_qa_0172,51,-39.500000
cta_qa_0172,52,-39.000000
cta_qa_0172,53,-39.000000
cta_qa_0172,54,-39.000000
cta_qa_0172,55,-39.000000
cta_qa_0172,56,-0.427354
cta_qa_0172,57,-38.937500
cta_qa_0172,58,-0.403183
cta_qa_0172,59,-0.427354
cta_qa_0172,60,-0.427354
cta_qa_0172,61,-38.937500
cta_qa_0172,62,-0.403183
cta_qa_0172,63,-0.403183
cta_qa_0173,0,-0.249846
cta_qa_0173,1,-0.249846
cta_qa_0173,2,-37.500000
cta_qa_0173,3,-37.500000
cta_qa_0173,4,-0.250628
cta_qa_0173,5,-38.500000
cta_qa_0173,6,-0.345479
cta_qa_0173,7,-0.345479
cta_qa_0173,8,-0.379670
cta_qa_0173,9,-0.376007
cta_qa_0173,10,-36.562500
cta_qa_0173,11,-0.379670
cta_qa_0173,12,-38.812500
cta_qa_0173,13,-0.410407
cta_qa_0173,14,-0.410407
cta_qa_0173,15,-0.410407
cta_qa_0173,16,-0.249846
cta_qa_0173,17,-37.500000
cta_qa_0173,18,-0.249846
cta_qa_0173,19,-0.249846
cta_qa_0173,20,-37.687500
cta_qa_0173,21,-0.275174
cta_qa_0173,22,-37.687500
cta_qa_0173,23,-37.687500
cta_qa_0173,24,-35.875000
cta_qa_0173,25,-0.404758
cta_qa_0173,26,-0.404758
cta_qa_0173,27,-0.404758
cta_qa_0173,28,-0.249846
cta_qa_0173,29,-0.249846
cta_qa_0173,30,-37.500000
cta_qa_0173,31,-0.249846
cta_qa_0173,32,-37.750000
cta_qa_0173,33,-37.750000
cta_qa_0173,34,-37.750000
cta_qa_0173,35,-37.750000
cta_qa_0173,36,-37.750000
cta_qa_0173,37,-37.750000
cta_qa_0173,38,-37.750000
cta_qa_0173,39,-37.750000
cta_qa_0173,40,-0.404758
cta_qa_0173,41,-0.404758
cta_qa_0173,42,-36.937500
cta_qa_0173,43,-0.404758
cta_qa_0173,44,-0.249846
cta_qa_0173,45,-0.249846
cta_qa_0173,46,-37.500000
cta_qa_0173,47,-0.249846
cta_qa_0173,48,-0.249846
cta_qa_0173,49,-37.500000
cta_qa_0173,50,-0.249846
cta_qa_0173,51,-0.399548
cta_qa_0173,52,-0.379280
cta_qa_0173,53,-0.408254
cta_qa_0173,54,-0.408254
cta_qa_0173,55,-37.937500
cta_qa_0173,56,-37.500000
cta_qa_0173,57,-0.249846
cta_qa_0173,58,-0.399548
cta_qa_0173,59,-0.249846
cta_qa_0173,60,-0.469720
cta_qa_0173,61,-0.408484
cta_qa_0173,62,-37.375000
cta_qa_0173,63,-0.408484
cta_qa_0174,0,-0.255977
cta_qa_0174,1,-0.220289
cta_qa_0174,2,-0.255977
cta_qa_0174,3,-37.937500
cta_qa_0174,4,-0.310925
cta_qa_0174,5,-0.192636
cta_qa_0174,6,-37.312500
cta_qa_0174,7,-37.312500
cta_qa_0174,8,-0.192636
cta_qa_0174,9,-37.312500
cta_qa_0174,10,-0.310925
cta_qa_0174,11,-0.192636
cta_qa_0174,12,-0.192636
cta_qa_0174,13,-0.192636
cta_qa_0174,14,-0.192636
cta_qa_0174,15,-37.312500
cta_qa_0174,16,-37.812500
cta_qa_0174,17,-37.812500
cta_qa_0174,18,-37.812500
cta_qa_0174,19,-37.812500
cta_qa_0174,20,-37.312500
cta_qa_0174,21,-38.250000
cta_qa_0174,22,-0.192636
cta_qa_0174,23,-0.192636
cta_qa_0174,24,-0.192636
cta_qa_0174,25,-37.312500
cta_qa_0174,26,-37.312500
cta_qa_0174,27,-0.192636
cta_qa_0174,28,-0.284080
cta_qa_0174,29,-0.192636
cta_qa_0174,30,-37.312500
cta_qa_0174,31,-0.192636
cta_qa_0174,32,-0.192636
cta_qa_0174,33,-0.192636
cta_qa_0174,34,-0.284080
cta_qa_0174,35,-37.312500
cta_qa_0174,36,-0.310925
cta_qa_0174,37,-37.312500
cta_qa_0174,38,-0.310925
cta_qa_0174,39,-0.310925
cta_qa_0174,40,-0.192636
cta_qa_0174,41,-0.192636
cta_qa_0174,42,-37.312500
cta_qa_0174,43,-37.312500
cta_qa_0174,44,-0.192636
cta_qa_0174,45,-37.312500
cta_qa_0174,46,-0.192636
cta_qa_0174,47,-0.192636
cta_qa_0174,48,-37.812500
cta_qa_0174,49,-37.812500
cta_qa_0174,50,-37.812500
cta_qa_0174,51,-37.812500
cta_qa_0174,52,-37.812500
cta_qa_0174,53,-37.812500
cta_qa_0174,54,-37.812500
cta_qa_0174,55,-37.812500
cta_qa_0174,56,-37.625000
cta_qa_0174,57,-0.312314
cta_qa_0174,58,-37.625000
cta_qa_0174,59,-37.625000
cta_qa_0174,60,-37.312500
cta_qa_0174,61,-0.192636
cta_qa_0174,62,-0.310925
cta_qa_0174,63,-0.192636
cta_qa_0175,0,-0.653018
cta_qa_0175,1,-38.125000
cta_qa_0175,2,-0.653018
cta_qa_0175,3,-0.653018
cta_qa_0175,4,-0.400949
cta_qa_0175,5,-38.500000
cta_qa_0175,6,-38.187500
cta_qa_0175,7,-38.500000
cta_qa_0175,8,-0.465835
cta_qa_0175,9,-38.500000
cta_qa_0175,10,-38.500000
cta_qa_0175,11,-0.405455
cta_qa_0175,12,-38.312500
cta_qa_0175,13,-0.409519
cta_qa_0175,14,-0.437293
cta_qa_0175,15,-0.409519
cta_qa_0175,16,-35.875000
cta_qa_0175,17,-0.344750
cta_qa_0175,18,-0.374800
cta_qa_0175,19,-0.374800
cta_qa_0175,20,-0.653018
cta_qa_0175,21,-0.653018
cta_qa_0175,22,-0.310462
cta_qa_0175,23,-38.500000
cta_qa_0175,24,-38.500000
cta_qa_0175,25,-0.314758
cta_qa_0175,26,-38.500000
cta_qa_0175,27,-38.500000
cta_qa_0175,28,-38.500000
cta_qa_0175,29,-38.500000
cta_qa_0175,30,-38.500000
cta_qa_0175,31,-38.500000
cta_qa_0175,32,-0.317296
cta_qa_0175,33,-38.500000
cta_qa_0175,34,-0.317296
cta_qa_0175,35,-0.317296
cta_qa_0175,36,-0.379416
cta_qa_0175,37,-0.409519
cta_qa_0175,38,-0.437293
cta_qa_0175,39,-38.250000
cta_qa_0175,40,-38.500000
cta_qa_0175,41,-38.500000
cta_qa_0175,42,-38.500000
cta_qa_0175,43,-0.400949
cta_qa_0175,44,-38.500000
cta_qa_0175,45,-38.187500
cta_qa_0175,46,-38.500000
cta_qa_0175,47,-0.465835
cta_qa_0175,48,-38.500000
cta_qa_0175,49,-0.465835
cta_qa_0175,50,-38.500000
cta_qa_0175,51,-0.405455
cta_qa_0175,52,-0.465835
cta_qa_0175,53,-38.500000
cta_qa_0175,54,-38.500000
cta_qa_0175,55,-38.500000
cta_qa_0175,56,-0.280235
cta_qa_0175,57,-38.500000
cta_qa_0175,58,-0.346613
cta_qa_0175,59,-0.280235
cta_qa_0175,60,-38.500000
cta_qa_0175,61,-38.500000
cta_qa_0175,62,-38.500000
cta_qa_0175,63,-0.400949
cta_qa_0176,0,-0.227533
cta_qa_0176,1,-0.323092
cta_qa_0176,2,-36.125000
cta_qa_0176,3,-35.125000
cta_qa_0176,4,-0.471544
cta_qa_0176,5,-0.253516
cta_qa_0176,6,-36.125000
cta_qa_0176,7,-0.419727
cta_qa_0176,8,-0.344975
cta_qa_0176,9,-35.125000
cta_qa_0176,10,-0.228203
cta_qa_0176,11,-0.196283
cta_qa_0176,12,-36.125000
cta_qa_0176,13,-0.385902
cta_qa_0176,14,-0.358292
cta_qa_0176,15,-0.471544
cta_qa_0176,16,-36.125000
cta_qa_0176,17,-22.625000
cta_qa_0176,18,-0.386053
cta_qa_0176,19,-0.417315
cta_qa_0176,20,-0.291332
cta_qa_0176,21,-33.000000
cta_qa_0176,22,-0.357245
cta_qa_0176,23,-0.356123
cta_qa_0176,24,-0.411831
cta_qa_0176,25,-34.375000
cta_qa_0176,26,-0.353474
cta_qa_0176,27,-0.353474
cta_qa_0176,28,-0.471544
cta_qa_0176,29,-0.381499
cta_qa_0176,30,-36.125000
cta_qa_0176,31,-0.415029
cta_qa_0176,32,-0.222854
cta_qa_0176,33,-36.000000
cta_qa_0176,34,-0.292454
cta_qa_0176,35,-0.321800
cta_qa_0176,36,-0.498230
cta_qa_0176,37,-0.476513
cta_qa_0176,38,-0.386353
cta_qa_0176,39,-34.375000
cta_qa_0176,40,-0.380656
cta_qa_0176,41,-38.437500
cta_qa_0176,42,-0.413139
cta_qa_0176,43,-34.375000
cta_qa_0176,44,-36.812500
cta_qa_0176,45,-0.383782
cta_qa_0176,46,-0.417147
cta_qa_0176,47,-0.293985
cta_qa_0176,48,-0.350022
cta_qa_0176,49,-0.414013
cta_qa_0176,50,-0.466996
cta_qa_0176,51,-34.875000
cta_qa_0176,52,-34.375000
cta_qa_0176,53,-0.498230
cta_qa_0176,54,-0.479640
cta_qa_0176,55,-0.498230
cta_qa_0176,56,-36.125000
cta_qa_0176,57,-0.471544
cta_qa_0176,58,-36.125000
cta_qa_0176,59,-0.327456
cta_qa_0176,60,-36.125000
cta_qa_0176,61,-36.562500
cta_qa_0176,62,-0.353066
cta_qa_0176,63,-0.322912
cta_qa_0177,0,-36.250000
cta_qa_0177,1,-36.250000
cta_qa_0177,2,-0.495483
cta_qa_0177,3,-36.250000
cta_qa_0177,4,-0.494152
cta_qa_0177,5,-0.494152
cta_qa_0177,6,-0.494152
cta_qa_0177,7,-38.187500
cta_qa_0177,8,-36.250000
cta_qa_0177,9,-0.439200
cta_qa_0177,10,-0.495483
cta_qa_0177,11,-36.937500
cta_qa_0177,12,-0.493915
cta_qa_0177,13,-38.187500
cta_qa_0177,14,-0.407388
cta_qa_0177,15,-0.493915
cta_qa_0177,16,-0.495483
cta_qa_0177,17,-36.250000
cta_qa_0177,18,-36.250000
cta_qa_0177,19,-36.250000
cta_qa_0177,20,-36.250000
cta_qa_0177,21,-0.495483
cta_qa_0177,22,-0.495483
cta_qa_0177,23,-0.495483
cta_qa_0177,24,-0.495483
cta_qa_0177,25,-36.250000
cta_qa_0177,26,-0.495483
cta_qa_0177,27,-0.495483
cta_qa_0177,28,-36.250000
cta_qa_0177,29,-0.495483
cta_qa_0177,30,-0.495483
cta_qa_0177,31,-36.250000
cta_qa_0177,32,-0.495483
cta_qa_0177,33,-36.250000
cta_qa_0177,34,-0.495483
cta_qa_0177,35,-36.250000
cta_qa_0177,36,-0.495483
cta_qa_0177,37,-36.250000
cta_qa_0177,38,-36.250000
cta_qa_0177,39,-0.495483
cta_qa_0177,40,-0.495483
cta_qa_0177,41,-36.250000
cta_qa_0177,42,-37.375000
cta_qa_0177,43,-0.495483
cta_qa_0177,44,-36.250000
cta_qa_0177,45,-0.495483
cta_qa_0177,46,-0.495483
cta_qa_0177,47,-0.495483
cta_qa_0177,48,-0.495483
cta_qa_0177,49,-0.495483
cta_qa_0177,50,-36.250000
cta_qa_0177,51,-0.495483
cta_qa_0177,52,-0.439996
cta_qa_0177,53,-0.494152
cta_qa_0177,54,-0.381403
cta_qa_0177,55,-38.437500
cta_qa_0177,56,-0.495483
cta_qa_0177,57,-36.937500
cta_qa_0177,58,-37.125000
cta_qa_0177,59,-36.250000
cta_qa_0177,60,-36.250000
cta_qa_0177,61,-0.495483
cta_qa_0177,62,-0.495483
cta_qa_0177,63,-0.495483
cta_qa_0178,0,-0.347559
cta_qa_0178,1,-0.315055
cta_qa_0178,2,-0.318872
cta_qa_0178,3,-37.250000
cta_qa_0178,4,-36.000000
cta_qa_0178,5,-0.256630
cta_qa_0178,6,-36.125000
cta_qa_0178,7,-0.408865
cta_qa_0178,8,-36.000000
cta_qa_0178,9,-36.000000
cta_qa_0178,10,-36.000000
cta_qa_0178,11,-0.256630
cta_qa_0178,12,-0.256489
cta_qa_0178,13,-0.316313
cta_qa_0178,14,-0.260755
cta_qa_0178,15,-36.000000
cta_qa_0178,16,-0.256630
cta_qa_0178,17,-36.000000
cta_qa_0178,18,-36.000000
cta_qa_0178,19,-0.253529
cta_qa_0178,20,-36.312500
cta_qa_0178,21,-36.375000
cta_qa_0178,22,-36.187500
cta_qa_0178,23,-36.187500
cta_qa_0178,24,-0.250783
cta_qa_0178,25,-36.000000
cta_qa_0178,26,-0.256630
cta_qa_0178,27,-0.408865
cta_qa_0178,28,-0.408865
cta_qa_0178,29,-0.253529
cta_qa_0178,30,-36.000000
cta_qa_0178,31,-0.290981
cta_qa_0178,32,-36.312500
cta_qa_0178,33,-36.187500
cta_qa_0178,34,-36.375000
cta_qa_0178,35,-36.312500
cta_qa_0178,36,-0.287828
cta_qa_0178,37,-0.257593
cta_qa_0178,38,-0.287828
cta_qa_0178,39,-37.875000
cta_qa_0178,40,-36.000000
cta_qa_0178,41,-36.000000
cta_qa_0178,42,-0.408865
cta_qa_0178,43,-0.408865
cta_qa_0178,44,-36.312500
cta_qa_0178,45,-36.187500
cta_qa_0178,46,-36.187500
cta_qa_0178,47,-36.187500
cta_qa_0178,48,-36.000000
cta_qa_0178,49,-0.256630
cta_qa_0178,50,-0.408865
cta_qa_0178,51,-0.256630
cta_qa_0178,52,-36.000000
cta_qa_0178,53,-0.256630
cta_qa_0178,54,-36.000000
cta_qa_0178,55,-36.000000
cta_qa_0178,56,-36.187500
cta_qa_0178,57,-36.187500
cta_qa_0178,58,-36.187500
cta_qa_0178,59,-36.187500
cta_qa_0178,60,-36.125000
cta_qa_0178,61,-0.253529
cta_qa_0178,62,-0.253529
cta_qa_0178,63,-0.256630
cta_qa_0179,0,-0.338588
cta_qa_0179,1,-0.335000
cta_qa_0179,2,-37.687500
cta_qa_0179,3,-37.687500
cta_qa_0179,4,-37.687500
cta_qa_0179,5,-0.335000
cta_qa_0179,6,-37.687500
cta_qa_0179,7,-0.338588
cta_qa_0179,8,-0.410676
cta_qa_0179,9,-0.347302
cta_qa_0179,10,-37.062500
cta_qa_0179,11,-0.347302
cta_qa_0179,12,-37.812500
cta_qa_0179,13,-37.812500
cta_qa_0179,14,-37.187500
cta_qa_0179,15,-37.812500
cta_qa_0179,16,-0.335000
cta_qa_0179,17,-37.687500
cta_qa_0179,18,-0.335000
cta_qa_0179,19,-0.335000
cta_qa_0179,20,-0.335000
cta_qa_0179,21,-37.687500
cta_qa_0179,22,-37.687500
cta_qa_0179,23,-0.335000
cta_qa_0179,24,-0.374791
cta_qa_0179,25,-35.500000
cta_qa_0179,26,-0.374791
cta_qa_0179,27,-0.374791
cta_qa_0179,28,-37.750000
cta_qa_0179,29,-37.250000
cta_qa_0179,30,-0.307127
cta_qa_0179,31,-37.750000
cta_qa_0179,32,-37.187500
cta_qa_0179,33,-37.812500
cta_qa_0179,34,-37.812500
cta_qa_0179,35,-37.812500
cta_qa_0179,36,-37.812500
cta_qa_0179,37,-37.812500
cta_qa_0179,38,-37.812500
cta_qa_0179,39,-37.812500
cta_qa_0179,40,-37.812500
cta_qa_0179,41,-37.812500
cta_qa_0179,42,-37.187500
cta_qa_0179,43,-37.812500
cta_qa_0179,44,-37.187500
cta_qa_0179,45,-37.187500
cta_qa_0179,46,-37.812500
cta_qa_0179,47,-37.812500
cta_qa_0179,48,-37.812500
cta_qa_0179,49,-37.812500
cta_qa_0179,50,-37.187500
cta_qa_0179,51,-37.187500
cta_qa_0179,52,-0.370467
cta_qa_0179,53,-0.374780
cta_qa_0179,54,-37.500000
cta_qa_0179,55,-0.370467
cta_qa_0179,56,-37.750000
cta_qa_0179,57,-0.369335
cta_qa_0179,58,-37.750000
cta_qa_0179,59,-37.750000
cta_qa_0179,60,-37.812500
cta_qa_0179,61,-37.812500
cta_qa_0179,62,-37.187500
cta_qa_0179,63,-37.812500
cta_qa_0180,0,-0.318108
cta_qa_0180,1,-0.318108
cta_qa_0180,2,-29.375000
cta_qa_0180,3,-0.318108
cta_qa_0180,4,-34.875000
cta_qa_0180,5,-34.875000
cta_qa_0180,6,-34.875000
cta_qa_0180,7,-0.307602
cta_qa_0180,8,-34.875000
cta_qa_0180,9,-34.875000
cta_qa_0180,10,-34.875000
cta_qa_0180,11,-34.875000
cta_qa_0180,12,-34.875000
cta_qa_0180,13,-34.875000
cta_qa_0180,14,-34.875000
cta_qa_0180,15,-34.875000
cta_qa_0180,16,-0.285248
cta_qa_0180,17,-0.285248
cta_qa_0180,18,-0.289156
cta_qa_0180,19,-36.500000
cta_qa_0180,20,-34.875000
cta_qa_0180,21,-34.875000
cta_qa_0180,22,-34.875000
cta_qa_0180,23,-34.875000
cta_qa_0180,24,-0.318108
cta_qa_0180,25,-0.318108
cta_qa_0180,26,-36.812500
cta_qa_0180,27,-0.318108
cta_qa_0180,28,-34.875000
cta_qa_0180,29,-34.875000
cta_qa_0180,30,-34.875000
cta_qa_0180,31,-34.875000
cta_qa_0180,32,-34.875000
cta_qa_0180,33,-34.875000
cta_qa_0180,34,-34.875000
cta_qa_0180,35,-34.875000
cta_qa_0180,36,-34.875000
cta_qa_0180,37,-34.875000
cta_qa_0180,38,-34.875000
cta_qa_0180,39,-34.875000
cta_qa_0180,40,-34.875000
cta_qa_0180,41,-34.875000
cta_qa_0180,42,-34.875000
cta_qa_0180,43,-35.500000
cta_qa_0180,44,-34.875000
cta_qa_0180,45,-34.875000
cta_qa_0180,46,-34.875000
cta_qa_0180,47,-0.305690
cta_qa_0180,48,-37.937500
cta_qa_0180,49,-0.253924
cta_qa_0180,50,-0.253924
cta_qa_0180,51,-0.253924
cta_qa_0180,52,-0.285248
cta_qa_0180,53,-0.285248
cta_qa_0180,54,-36.937500
cta_qa_0180,55,-0.285248
cta_qa_0180,56,-34.875000
cta_qa_0180,57,-34.875000
cta_qa_0180,58,-34.875000
cta_qa_0180,59,-34.875000
cta_qa_0180,60,-34.875000
cta_qa_0180,61,-34.875000
cta_qa_0180,62,-34.875000
cta_qa_0180,63,-34.875000
cta_qa_0181,0,-36.500000
cta_qa_0181,1,-36.500000
cta_qa_0181,2,-36.500000
cta_qa_0181,3,-36.500000
cta_qa_0181,4,-36.750000
cta_qa_0181,5,-36.750000
cta_qa_0181,6,-0.380623
cta_qa_0181,7,-36.750000
cta_qa_0181,8,-36.750000
cta_qa_0181,9,-0.380623
cta_qa_0181,10,-0.380623
cta_qa_0181,11,-36.750000
cta_qa_0181,12,-0.357012
cta_qa_0181,13,-37.000000
cta_qa_0181,14,-0.357012
cta_qa_0181,15,-0.357012
cta_qa_0181,16,-36.500000
cta_qa_0181,17,-36.500000
cta_qa_0181,18,-36.500000
cta_qa_0181,19,-36.500000
cta_qa_0181,20,-36.500000
cta_qa_0181,21,-36.500000
cta_qa_0181,22,-36.500000
cta_qa_0181,23,-36.500000
cta_qa_0181,24,-37.000000
cta_qa_0181,25,-0.357012
cta_qa_0181,26,-0.357012
cta_qa_0181,27,-0.357012
cta_qa_0181,28,-36.500000
cta_qa_0181,29,-36.500000
cta_qa_0181,30,-36.500000
cta_qa_0181,31,-36.500000
cta_qa_0181,32,-36.500000
cta_qa_0181,33,-36.500000
cta_qa_0181,34,-36.500000
cta_qa_0181,35,-36.500000
cta_qa_0181,36,-36.500000
cta_qa_0181,37,-36.500000
cta_qa_0181,38,-36.500000
cta_qa_0181,39,-36.500000
cta_qa_0181,40,-0.420379
cta_qa_0181,41,-0.420379
cta_qa_0181,42,-37.125000
cta_qa_0181,43,-0.420379
cta_qa_0181,44,-36.500000
cta_qa_0181,45,-36.500000
cta_qa_0181,46,-36.500000
cta_qa_0181,47,-36.500000
cta_qa_0181,48,-36.500000
cta_qa_0181,49,-36.500000
cta_qa_0181,50,-36.500000
cta_qa_0181,51,-36.500000
cta_qa_0181,52,-0.357071
cta_qa_0181,53,-37.812500
cta_qa_0181,54,-0.357071
cta_qa_0181,55,-0.357071
cta_qa_0181,56,-36.750000
cta_qa_0181,57,-36.750000
cta_qa_0181,58,-0.380623
cta_qa_0181,59,-36.750000
cta_qa_0181,60,-36.750000
cta_qa_0181,61,-36.750000
cta_qa_0181,62,-36.750000
cta_qa_0181,63,-0.380623
cta_qa_0182,0,-33.875000
cta_qa_0182,1,-33.875000
cta_qa_0182,2,-33.875000
cta_qa_0182,3,-33.875000
cta_qa_0182,4,-0.251896
cta_qa_0182,5,-0.221838
cta_qa_0182,6,-0.251896
cta_qa_0182,7,-34.875000
cta_qa_0182,8,-0.314875
cta_qa_0182,9,-0.164789
cta_qa_0182,10,-37.375000
cta_qa_0182,11,-0.317389
cta_qa_0182,12,-0.251896
cta_qa_0182,13,-34.875000
cta_qa_0182,14,-0.221838
cta_qa_0182,15,-34.875000
cta_qa_0182,16,-33.500000
cta_qa_0182,17,-33.500000
cta_qa_0182,18,-33.500000
cta_qa_0182,19,-0.281879
cta_qa_0182,20,-0.221838
cta_qa_0182,21,-0.221838
cta_qa_0182,22,-0.251896
cta_qa_0182,23,-34.875000
cta_qa_0182,24,-0.281879
cta_qa_0182,25,-33.500000
cta_qa_0182,26,-0.281879
cta_qa_0182,27,-33.500000
cta_qa_0182,28,-33.875000
cta_qa_0182,29,-33.875000
cta_qa_0182,30,-33.875000
cta_qa_0182,31,-33.875000
cta_qa_0182,32,-0.251896
cta_qa_0182,33,-34.875000
cta_qa_0182,34,-0.221838
cta_qa_0182,35,-0.221838
cta_qa_0182,36,-0.347395
cta_qa_0182,37,-0.347395
cta_qa_0182,38,-35.500000
cta_qa_0182,39,-0.257660
cta_qa_0182,40,-0.221838
cta_qa_0182,41,-0.221838
cta_qa_0182,42,-34.875000
cta_qa_0182,43,-0.251896
cta_qa_0182,44,-0.221838
cta_qa_0182,45,-0.221838
cta_qa_0182,46,-34.875000
cta_qa_0182,47,-34.875000
cta_qa_0182,48,-0.281879
cta_qa_0182,49,-33.500000
cta_qa_0182,50,-33.500000
cta_qa_0182,51,-0.281879
cta_qa_0182,52,-0.378640
cta_qa_0182,53,-35.500000
cta_qa_0182,54,-0.433538
cta_qa_0182,55,-0.378640
cta_qa_0182,56,-0.221838
cta_qa_0182,57,-34.875000
cta_qa_0182,58,-0.251896
cta_qa_0182,59,-0.251896
cta_qa_0182,60,-0.406035
cta_qa_0182,61,-0.347281
cta_qa_0182,62,-37.812500
cta_qa_0182,63,-0.374778
cta_qa_0183,0,-38.625000
cta_qa_0183,1,-38.625000
cta_qa_0183,2,-38.625000
cta_qa_0183,3,-38.625000
cta_qa_0183,4,-0.409663
cta_qa_0183,5,-38.312500
cta_qa_0183,6,-36.625000
cta_qa_0183,7,-0.409663
cta_qa_0183,8,-0.409663
cta_qa_0183,9,-0.409663
cta_qa_0183,10,-37.500000
cta_qa_0183,11,-0.409663
cta_qa_0183,12,-38.625000
cta_qa_0183,13,-38.625000
cta_qa_0183,14,-38.625000
cta_qa_0183,15,-38.625000
cta_qa_0183,16,-38.625000
cta_qa_0183,17,-38.625000
cta_qa_0183,18,-38.625000
cta_qa_0183,19,-38.625000
cta_qa_0183,20,-0.436111
cta_qa_0183,21,-38.687500
cta_qa_0183,22,-38.687500
cta_qa_0183,23,-38.687500
cta_qa_0183,24,-38.625000
cta_qa_0183,25,-38.625000
cta_qa_0183,26,-38.625000
cta_qa_0183,27,-38.625000
cta_qa_0183,28,-38.625000
cta_qa_0183,29,-38.625000
cta_qa_0183,30,-38.625000
cta_qa_0183,31,-38.625000
cta_qa_0183,32,-0.409663
cta_qa_0183,33,-36.937500
cta_qa_0183,34,-0.409663
cta_qa_0183,35,-0.409663
cta_qa_0183,36,-38.625000
cta_qa_0183,37,-38.625000
cta_qa_0183,38,-38.625000
cta_qa_0183,39,-38.625000
cta_qa_0183,40,-38.625000
cta_qa_0183,41,-38.625000
cta_qa_0183,42,-38.625000
cta_qa_0183,43,-38.625000
cta_qa_0183,44,-38.625000
cta_qa_0183,45,-38.625000
cta_qa_0183,46,-38.625000
cta_qa_0183,47,-38.625000
cta_qa_0183,48,-38.375000
cta_qa_0183,49,-0.412869
cta_qa_0183,50,-0.412869
cta_qa_0183,51,-0.412869
cta_qa_0183,52,-38.687500
cta_qa_0183,53,-38.687500
cta_qa_0183,54,-0.436111
cta_qa_0183,55,-38.687500
cta_qa_0183,56,-38.625000
cta_qa_0183,57,-38.625000
cta_qa_0183,58,-38.625000
cta_qa_0183,59,-38.625000
cta_qa_0183,60,-0.436111
cta_qa_0183,61,-38.687500
cta_qa_0183,62,-38.687500
cta_qa_0183,63,-38.687500
cta_qa_0184,0,-0.465758
cta_qa_0184,1,-0.189800
cta_qa_0184,2,-35.250000
cta_qa_0184,3,-0.189800
cta_qa_0184,4,-0.189800
cta_qa_0184,5,-0.189800
cta_qa_0184,6,-0.189800
cta_qa_0184,7,-35.250000
cta_qa_0184,8,-36.625000
cta_qa_0184,9,-36.625000
cta_qa_0184,10,-36.625000
cta_qa_0184,11,-36.625000
cta_qa_0184,12,-0.437274
cta_qa_0184,13,-36.625000
cta_qa_0184,14,-36.625000
cta_qa_0184,15,-36.625000
cta_qa_0184,16,-0.189800
cta_qa_0184,17,-0.189800
cta_qa_0184,18,-0.189800
cta_qa_0184,19,-35.250000
cta_qa_0184,20,-0.189800
cta_qa_0184,21,-35.250000
cta_qa_0184,22,-0.189800
cta_qa_0184,23,-35.250000
cta_qa_0184,24,-0.189800
cta_qa_0184,25,-35.250000
cta_qa_0184,26,-0.189800
cta_qa_0184,27,-35.250000
cta_qa_0184,28,-0.189800
cta_qa_0184,29,-0.189800
cta_qa_0184,30,-35.250000
cta_qa_0184,31,-0.189800
cta_qa_0184,32,-0.189800
cta_qa_0184,33,-0.189800
cta_qa_0184,34,-35.250000
cta_qa_0184,35,-0.189800
cta_qa_0184,36,-35.250000
cta_qa_0184,37,-0.189800
cta_qa_0184,38,-0.189800
cta_qa_0184,39,-0.189800
cta_qa_0184,40,-35.250000
cta_qa_0184,41,-0.189800
cta_qa_0184,42,-35.250000
cta_qa_0184,43,-0.189800
cta_qa_0184,44,-0.225900
cta_qa_0184,45,-0.225900
cta_qa_0184,46,-36.000000
cta_qa_0184,47,-0.225900
cta_qa_0184,48,-0.189800
cta_qa_0184,49,-0.189800
cta_qa_0184,50,-35.250000
cta_qa_0184,51,-0.189800
cta_qa_0184,52,-0.189800
cta_qa_0184,53,-0.189800
cta_qa_0184,54,-35.250000
cta_qa_0184,55,-0.465758
cta_qa_0184,56,-36.625000
cta_qa_0184,57,-36.625000
cta_qa_0184,58,-36.625000
cta_qa_0184,59,-36.625000
cta_qa_0184,60,-35.250000
cta_qa_0184,61,-0.189800
cta_qa_0184,62,-0.189800
cta_qa_0184,63,-35.250000
cta_qa_0185,0,-0.280242
cta_qa_0185,1,-0.280242
cta_qa_0185,2,-37.000000
cta_qa_0185,3,-0.280242
cta_qa_0185,4,-37.000000
cta_qa_0185,5,-0.280242
cta_qa_0185,6,-37.000000
cta_qa_0185,7,-37.000000
cta_qa_0185,8,-37.000000
cta_qa_0185,9,-37.000000
cta_qa_0185,10,-0.320107
cta_qa_0185,11,-37.000000
cta_qa_0185,12,-0.383444
cta_qa_0185,13,-37.000000
cta_qa_0185,14,-0.280242
cta_qa_0185,15,-37.000000
cta_qa_0185,16,-0.280242
cta_qa_0185,17,-0.280242
cta_qa_0185,18,-0.437321
cta_qa_0185,19,-37.000000
cta_qa_0185,20,-0.280242
cta_qa_0185,21,-37.000000
cta_qa_0185,22,-0.280242
cta_qa_0185,23,-37.000000
cta_qa_0185,24,-36.937500
cta_qa_0185,25,-36.937500
cta_qa_0185,26,-36.937500
cta_qa_0185,27,-36.937500
cta_qa_0185,28,-37.000000
cta_qa_0185,29,-0.280242
cta_qa_0185,30,-37.000000
cta_qa_0185,31,-0.280242
cta_qa_0185,32,-33.125000
cta_qa_0185,33,-0.440920
cta_qa_0185,34,-0.440920
cta_qa_0185,35,-0.474720
cta_qa_0185,36,-37.000000
cta_qa_0185,37,-37.000000
cta_qa_0185,38,-0.280242
cta_qa_0185,39,-0.280242
cta_qa_0185,40,-36.625000
cta_qa_0185,41,-36.625000
cta_qa_0185,42,-36.625000
cta_qa_0185,43,-36.625000
cta_qa_0185,44,-0.280242
cta_qa_0185,45,-37.000000
cta_qa_0185,46,-0.251577
cta_qa_0185,47,-0.437321
cta_qa_0185,48,-37.375000
cta_qa_0185,49,-0.372104
cta_qa_0185,50,-0.372104
cta_qa_0185,51,-0.343553
cta_qa_0185,52,-37.000000
cta_qa_0185,53,-0.437321
cta_qa_0185,54,-37.000000
cta_qa_0185,55,-0.280242
cta_qa_0185,56,-37.000000
cta_qa_0185,57,-0.280242
cta_qa_0185,58,-0.280242
cta_qa_0185,59,-0.280242
cta_qa_0185,60,-0.280242
cta_qa_0185,61,-0.437321
cta_qa_0185,62,-0.280242
cta_qa_0185,63,-37.000000
cta_qa_0186,0,-0.192997
cta_qa_0186,1,-35.500000
cta_qa_0186,2,-0.228631
cta_qa_0186,3,-0.228631
cta_qa_0186,4,-0.195623
cta_qa_0186,5,-0.225535
cta_qa_0186,6,-0.195623
cta_qa_0186,7,-36.937500
cta_qa_0186,8,-37.937500
cta_qa_0186,9,-37.937500
cta_qa_0186,10,-0.319839
cta_qa_0186,11,-37.937500
cta_qa_0186,12,-38.250000
cta_qa_0186,13,-38.250000
cta_qa_0186,14,-38.250000
cta_qa_0186,15,-38.250000
cta_qa_0186,16,-37.937500
cta_qa_0186,17,-37.937500
cta_qa_0186,18,-37.937500
cta_qa_0186,19,-0.318812
cta_qa_0186,20,-0.316416
cta_qa_0186,21,-0.316416
cta_qa_0186,22,-37.312500
cta_qa_0186,23,-0.290848
cta_qa_0186,24,-0.256882
cta_qa_0186,25,-37.125000
cta_qa_0186,26,-0.256682
cta_qa_0186,27,-0.286831
cta_qa_0186,28,-0.262576
cta_qa_0186,29,-37.937500
cta_qa_0186,30,-37.937500
cta_qa_0186,31,-0.321688
cta_qa_0186,32,-37.937500
cta_qa_0186,33,-0.319839
cta_qa_0186,34,-0.321688
cta_qa_0186,35,-0.321688
cta_qa_0186,36,-0.290848
cta_qa_0186,37,-33.500000
cta_qa_0186,38,-0.290848
cta_qa_0186,39,-0.290848
cta_qa_0186,40,-0.321688
cta_qa_0186,41,-37.937500
cta_qa_0186,42,-0.321688
cta_qa_0186,43,-37.937500
cta_qa_0186,44,-37.937500
cta_qa_0186,45,-0.321546
cta_qa_0186,46,-0.353067
cta_qa_0186,47,-37.937500
cta_qa_0186,48,-0.289868
cta_qa_0186,49,-0.287038
cta_qa_0186,50,-36.250000
cta_qa_0186,51,-0.289868
cta_qa_0186,52,-37.937500
cta_qa_0186,53,-0.319839
cta_qa_0186,54,-37.937500
cta_qa_0186,55,-37.937500
cta_qa_0186,56,-0.289170
cta_qa_0186,57,-38.187500
cta_qa_0186,58,-0.321963
cta_qa_0186,59,-0.289170
cta_qa_0186,60,-36.687500
cta_qa_0186,61,-0.290848
cta_qa_0186,62,-0.290848
cta_qa_0186,63,-0.260745
cta_qa_0187,0,-0.376064
cta_qa_0187,1,-0.376064
cta_qa_0187,2,-37.812500
cta_qa_0187,3,-37.375000
cta_qa_0187,4,-0.445383
cta_qa_0187,5,-36.125000
cta_qa_0187,6,-0.468548
cta_qa_0187,7,-0.476521
cta_qa_0187,8,-37.125000
cta_qa_0187,9,-37.375000
cta_qa_0187,10,-0.376064
cta_qa_0187,11,-38.437500
cta_qa_0187,12,-0.352533
cta_qa_0187,13,-34.875000
cta_qa_0187,14,-0.352533
cta_qa_0187,15,-0.352533
cta_qa_0187,16,-0.443707
cta_qa_0187,17,-0.528329
cta_qa_0187,18,-0.443707
cta_qa_0187,19,-37.937500
cta_qa_0187,20,-37.375000
cta_qa_0187,21,-37.375000
cta_qa_0187,22,-0.376064
cta_qa_0187,23,-38.250000
cta_qa_0187,24,-0.376064
cta_qa_0187,25,-0.376064
cta_qa_0187,26,-37.375000
cta_qa_0187,27,-37.375000
cta_qa_0187,28,-37.375000
cta_qa_0187,29,-37.812500
cta_qa_0187,30,-0.376064
cta_qa_0187,31,-0.376064
cta_qa_0187,32,-36.375000
cta_qa_0187,33,-0.504800
cta_qa_0187,34,-0.447943
cta_qa_0187,35,-0.472318
cta_qa_0187,36,-31.000000
cta_qa_0187,37,-31.000000
cta_qa_0187,38,-31.000000
cta_qa_0187,39,-31.000000
cta_qa_0187,40,-0.376064
cta_qa_0187,41,-0.376064
cta_qa_0187,42,-38.250000
cta_qa_0187,43,-0.376064
cta_qa_0187,44,-0.411311
cta_qa_0187,45,-36.625000
cta_qa_0187,46,-0.381058
cta_qa_0187,47,-0.434566
cta_qa_0187,48,-36.937500
cta_qa_0187,49,-0.465734
cta_qa_0187,50,-0.316531
cta_qa_0187,51,-0.286016
cta_qa_0187,52,-0.437271
cta_qa_0187,53,-0.412851
cta_qa_0187,54,-0.411428
cta_qa_0187,55,-35.250000
cta_qa_0187,56,-0.376064
cta_qa_0187,57,-0.376064
cta_qa_0187,58,-37.375000
cta_qa_0187,59,-0.376064
cta_qa_0187,60,-0.411428
cta_qa_0187,61,-0.437271
cta_qa_0187,62,-35.500000
cta_qa_0187,63,-0.441246
cta_qa_0188,0,-36.875000
cta_qa_0188,1,-0.438769
cta_qa_0188,2,-0.281086
cta_qa_0188,3,-0.281086
cta_qa_0188,4,-0.412546
cta_qa_0188,5,-0.313468
cta_qa_0188,6,-38.000000
cta_qa_0188,7,-0.313468
cta_qa_0188,8,-38.750000
cta_qa_0188,9,-0.379750
cta_qa_0188,10,-0.379750
cta_qa_0188,11,-0.417296
cta_qa_0188,12,-0.412558
cta_qa_0188,13,-33.500000
cta_qa_0188,14,-0.319851
cta_qa_0188,15,-0.406044
cta_qa_0188,16,-0.251719
cta_qa_0188,17,-0.251719
cta_qa_0188,18,-37.437500
cta_qa_0188,19,-0.281859
cta_qa_0188,20,-0.349029
cta_qa_0188,21,-37.812500
cta_qa_0188,22,-37.812500
cta_qa_0188,23,-37.812500
cta_qa_0188,24,-37.812500
cta_qa_0188,25,-0.408783
cta_qa_0188,26,-37.812500
cta_qa_0188,27,-37.812500
cta_qa_0188,28,-0.408783
cta_qa_0188,29,-37.812500
cta_qa_0188,30,-0.354959
cta_qa_0188,31,-0.408783
cta_qa_0188,32,-0.281086
cta_qa_0188,33,-0.281086
cta_qa_0188,34,-0.281086
cta_qa_0188,35,-36.875000
cta_qa_0188,36,-37.812500
cta_qa_0188,37,-0.408783
cta_qa_0188,38,-37.812500
cta_qa_0188,39,-37.812500
cta_qa_0188,40,-0.281086
cta_qa_0188,41,-0.281086
cta_qa_0188,42,-36.875000
cta_qa_0188,43,-0.281086
cta_qa_0188,44,-37.937500
cta_qa_0188,45,-0.281086
cta_qa_0188,46,-0.281086
cta_qa_0188,47,-0.386043
cta_qa_0188,48,-37.937500
cta_qa_0188,49,-37.937500
cta_qa_0188,50,-37.937500
cta_qa_0188,51,-37.937500
cta_qa_0188,52,-0.281086
cta_qa_0188,53,-0.438769
cta_qa_0188,54,-0.281086
cta_qa_0188,55,-37.187500
cta_qa_0188,56,-37.812500
cta_qa_0188,57,-37.812500
cta_qa_0188,58,-0.408783
cta_qa_0188,59,-37.812500
cta_qa_0188,60,-0.449712
cta_qa_0188,61,-38.312500
cta_qa_0188,62,-0.379750
cta_qa_0188,63,-0.379750
cta_qa_0189,0,-0.381414
cta_qa_0189,1,-0.324035
cta_qa_0189,2,-34.875000
cta_qa_0189,3,-0.464515
cta_qa_0189,4,-0.498402
cta_qa_0189,5,-0.472123
cta_qa_0189,6,-0.473372
cta_qa_0189,7,-36.812500
cta_qa_0189,8,-0.467190
cta_qa_0189,9,-36.937500
cta_qa_0189,10,-0.467190
cta_qa_0189,11,-0.467190
cta_qa_0189,12,-0.501141
cta_qa_0189,13,-0.344381
cta_qa_0189,14,-37.500000
cta_qa_0189,15,-0.344381
cta_qa_0189,16,-36.500000
cta_qa_0189,17,-36.500000
cta_qa_0189,18,-0.377377
cta_qa_0189,19,-0.501081
cta_qa_0189,20,-25.875000
cta_qa_0189,21,-25.875000
cta_qa_0189,22,-25.875000
cta_qa_0189,23,-25.875000
cta_qa_0189,24,-0.499801
cta_qa_0189,25,-0.318042
cta_qa_0189,26,-0.318042
cta_qa_0189,27,-37.812500
cta_qa_0189,28,-0.376183
cta_qa_0189,29,-0.319751
cta_qa_0189,30,-32.625000
cta_qa_0189,31,-0.378763
cta_qa_0189,32,-0.501163
cta_qa_0189,33,-0.498536
cta_qa_0189,34,-0.501163
cta_qa_0189,35,-24.750000
cta_qa_0189,36,-0.377377
cta_qa_0189,37,-0.501081
cta_qa_0189,38,-36.500000
cta_qa_0189,39,-0.377377
cta_qa_0189,40,-36.500000
cta_qa_0189,41,-36.500000
cta_qa_0189,42,-0.377377
cta_qa_0189,43,-36.500000
cta_qa_0189,44,-0.318042
cta_qa_0189,45,-0.499801
cta_qa_0189,46,-37.812500
cta_qa_0189,47,-0.318042
cta_qa_0189,48,-0.318042
cta_qa_0189,49,-37.812500
cta_qa_0189,50,-0.499801
cta_qa_0189,51,-0.499801
cta_qa_0189,52,-0.316193
cta_qa_0189,53,-0.499801
cta_qa_0189,54,-0.316193
cta_qa_0189,55,-37.812500
cta_qa_0189,56,-0.318042
cta_qa_0189,57,-37.812500
cta_qa_0189,58,-37.812500
cta_qa_0189,59,-0.499801
cta_qa_0189,60,-0.448528
cta_qa_0189,61,-16.000000
cta_qa_0189,62,-0.474102
cta_qa_0189,63,-0.444935
cta_qa_0190,0,-36.625000
cta_qa_0190,1,-36.625000
cta_qa_0190,2,-37.875000
cta_qa_0190,3,-36.625000
cta_qa_0190,4,-0.248138
cta_qa_0190,5,-0.277785
cta_qa_0190,6,-0.315473
cta_qa_0190,7,-33.937500
cta_qa_0190,8,-0.344685
cta_qa_0190,9,-0.279908
cta_qa_0190,10,-38.187500
cta_qa_0190,11,-0.312311
cta_qa_0190,12,-38.375000
cta_qa_0190,13,-0.279941
cta_qa_0190,14,-0.402086
cta_qa_0190,15,-0.341086
cta_qa_0190,16,-0.339881
cta_qa_0190,17,-0.371918
cta_qa_0190,18,-0.371918
cta_qa_0190,19,-37.875000
cta_qa_0190,20,-0.371918
cta_qa_0190,21,-36.687500
cta_qa_0190,22,-36.750000
cta_qa_0190,23,-36.750000
cta_qa_0190,24,-0.279409
cta_qa_0190,25,-0.277740
cta_qa_0190,26,-38.062500
cta_qa_0190,27,-0.279409
cta_qa_0190,28,-0.438663
cta_qa_0190,29,-36.750000
cta_qa_0190,30,-0.371918
cta_qa_0190,31,-36.750000
cta_qa_0190,32,-37.562500
cta_qa_0190,33,-36.750000
cta_qa_0190,34,-0.339881
cta_qa_0190,35,-0.371918
cta_qa_0190,36,-0.344685
cta_qa_0190,37,-0.344685
cta_qa_0190,38,-0.312311
cta_qa_0190,39,-38.625000
cta_qa_0190,40,-0.343580
cta_qa_0190,41,-38.062500
cta_qa_0190,42,-0.279409
cta_qa_0190,43,-0.250903
cta_qa_0190,44,-38.000000
cta_qa_0190,45,-36.687500
cta_qa_0190,46,-0.438663
cta_qa_0190,47,-0.371918
cta_qa_0190,48,-0.338356
cta_qa_0190,49,-0.369675
cta_qa_0190,50,-36.687500
cta_qa_0190,51,-36.750000
cta_qa_0190,52,-36.750000
cta_qa_0190,53,-0.339938
cta_qa_0190,54,-36.500000
cta_qa_0190,55,-0.338356
cta_qa_0190,56,-0.371918
cta_qa_0190,57,-37.000000
cta_qa_0190,58,-0.339881
cta_qa_0190,59,-36.750000
cta_qa_0190,60,-36.750000
cta_qa_0190,61,-37.875000
cta_qa_0190,62,-0.339938
cta_qa_0190,63,-0.371918
cta_qa_0191,0,-0.406046
cta_qa_0191,1,-38.062500
cta_qa_0191,2,-0.406046
cta_qa_0191,3,-0.377375
cta_qa_0191,4,-0.373366
cta_qa_0191,5,-0.373366
cta_qa_0191,6,-0.373366
cta_qa_0191,7,-37.312500
cta_qa_0191,8,-0.406046
cta_qa_0191,9,-32.750000
cta_qa_0191,10,-0.406046
cta_qa_0191,11,-0.406046
cta_qa_0191,12,-37.000000
cta_qa_0191,13,-37.000000
cta_qa_0191,14,-37.000000
cta_qa_0191,15,-37.000000
cta_qa_0191,16,-36.000000
cta_qa_0191,17,-0.373408
cta_qa_0191,18,-0.343536
cta_qa_0191,19,-0.373408
cta_qa_0191,20,-37.125000
cta_qa_0191,21,-37.125000
cta_qa_0191,22,-38.312500
cta_qa_0191,23,-0.315168
cta_qa_0191,24,-37.000000
cta_qa_0191,25,-37.000000
cta_qa_0191,26,-37.000000
cta_qa_0191,27,-37.000000
cta_qa_0191,28,-37.125000
cta_qa_0191,29,-0.310734
cta_qa_0191,30,-38.312500
cta_qa_0191,31,-37.125000
cta_qa_0191,32,-37.000000
cta_qa_0191,33,-37.000000
cta_qa_0191,34,-37.000000
cta_qa_0191,35,-37.000000
cta_qa_0191,36,-38.312500
cta_qa_0191,37,-0.310734
cta_qa_0191,38,-37.125000
cta_qa_0191,39,-37.125000
cta_qa_0191,40,-0.403522
cta_qa_0191,41,-37.125000
cta_qa_0191,42,-37.125000
cta_qa_0191,43,-37.125000
cta_qa_0191,44,-0.472513
cta_qa_0191,45,-0.472513
cta_qa_0191,46,-0.472513
cta_qa_0191,47,-37.812500
cta_qa_0191,48,-37.125000
cta_qa_0191,49,-0.310734
cta_qa_0191,50,-37.125000
cta_qa_0191,51,-37.125000
cta_qa_0191,52,-0.344931
cta_qa_0191,53,-0.344931
cta_qa_0191,54,-0.344931
cta_qa_0191,55,-38.062500
cta_qa_0191,56,-37.125000
cta_qa_0191,57,-0.403522
cta_qa_0191,58,-37.125000
cta_qa_0191,59,-37.125000
cta_qa_0191,60,-37.000000
cta_qa_0191,61,-37.000000
cta_qa_0191,62,-37.000000
cta_qa_0191,63,-37.000000
cta_qa_0192,0,-0.415778
cta_qa_0192,1,-0.415778
cta_qa_0192,2,-36.937500
cta_qa_0192,3,-36.937500
cta_qa_0192,4,-0.386334
cta_qa_0192,5,-0.386334
cta_qa_0192,6,-36.750000
cta_qa_0192,7,-0.255809
cta_qa_0192,8,-0.415778
cta_qa_0192,9,-0.412029
cta_qa_0192,10,-36.937500
cta_qa_0192,11,-0.415778
cta_qa_0192,12,-0.446488
cta_qa_0192,13,-31.750000
cta_qa_0192,14,-0.446488
cta_qa_0192,15,-0.385084
cta_qa_0192,16,-0.416944
cta_qa_0192,17,-0.416944
cta_qa_0192,18,-0.420379
cta_qa_0192,19,-36.125000
cta_qa_0192,20,-0.379678
cta_qa_0192,21,-0.379678
cta_qa_0192,22,-0.379678
cta_qa_0192,23,-36.937500
cta_qa_0192,24,-0.386334
cta_qa_0192,25,-36.750000
cta_qa_0192,26,-0.255809
cta_qa_0192,27,-0.386334
cta_qa_0192,28,-0.541090
cta_qa_0192,29,-0.541090
cta_qa_0192,30,-0.540805
cta_qa_0192,31,-36.375000
cta_qa_0192,32,-0.379678
cta_qa_0192,33,-36.937500
cta_qa_0192,34,-0.379678
cta_qa_0192,35,-36.937500
cta_qa_0192,36,-36.937500
cta_qa_0192,37,-0.379678
cta_qa_0192,38,-0.379678
cta_qa_0192,39,-0.379678
cta_qa_0192,40,-0.445526
cta_qa_0192,41,-37.000000
cta_qa_0192,42,-0.357012
cta_qa_0192,43,-0.445526
cta_qa_0192,44,-36.937500
cta_qa_0192,45,-37.062500
cta_qa_0192,46,-0.379678
cta_qa_0192,47,-0.379678
cta_qa_0192,48,-0.415778
cta_qa_0192,49,-0.412029
cta_qa_0192,50,-36.937500
cta_qa_0192,51,-36.937500
cta_qa_0192,52,-0.357012
cta_qa_0192,53,-0.322911
cta_qa_0192,54,-0.322911
cta_qa_0192,55,-37.000000
cta_qa_0192,56,-0.415778
cta_qa_0192,57,-36.937500
cta_qa_0192,58,-0.415778
cta_qa_0192,59,-0.415778
cta_qa_0192,60,-0.445526
cta_qa_0192,61,-0.322911
cta_qa_0192,62,-0.322911
cta_qa_0192,63,-37.000000
cta_qa_0193,0,-0.345445
cta_qa_0193,1,-35.750000
cta_qa_0193,2,-0.341000
cta_qa_0193,3,-0.343599
cta_qa_0193,4,-0.316531
cta_qa_0193,5,-37.625000
cta_qa_0193,6,-37.625000
cta_qa_0193,7,-0.188901
cta_qa_0193,8,-0.413253
cta_qa_0193,9,-37.125000
cta_qa_0193,10,-0.345871
cta_qa_0193,11,-0.347005
cta_qa_0193,12,-38.000000
cta_qa_0193,13,-0.283227
cta_qa_0193,14,-0.401401
cta_qa_0193,15,-0.401401
cta_qa_0193,16,-36.500000
cta_qa_0193,17,-0.375514
cta_qa_0193,18,-38.312500
cta_qa_0193,19,-0.407545
cta_qa_0193,20,-0.347495
cta_qa_0193,21,-37.812500
cta_qa_0193,22,-0.348330
cta_qa_0193,23,-0.348330
cta_qa_0193,24,-37.500000
cta_qa_0193,25,-0.399771
cta_qa_0193,26,-37.500000
cta_qa_0193,27,-0.404970
cta_qa_0193,28,-0.413253
cta_qa_0193,29,-0.283061
cta_qa_0193,30,-0.413253
cta_qa_0193,31,-37.125000
cta_qa_0193,32,-0.403366
cta_qa_0193,33,-37.625000
cta_qa_0193,34,-0.409508
cta_qa_0193,35,-0.409508
cta_qa_0193,36,-0.316531
cta_qa_0193,37,-37.625000
cta_qa_0193,38,-0.188901
cta_qa_0193,39,-0.364437
cta_qa_0193,40,-0.410691
cta_qa_0193,41,-37.125000
cta_qa_0193,42,-0.283061
cta_qa_0193,43,-0.283061
cta_qa_0193,44,-0.344683
cta_qa_0193,45,-0.375892
cta_qa_0193,46,-37.500000
cta_qa_0193,47,-0.344683
cta_qa_0193,48,-36.375000
cta_qa_0193,49,-36.375000
cta_qa_0193,50,-36.375000
cta_qa_0193,51,-36.375000
cta_qa_0193,52,-39.062500
cta_qa_0193,53,-36.500000
cta_qa_0193,54,-36.500000
cta_qa_0193,55,-0.404926
cta_qa_0193,56,-36.500000
cta_qa_0193,57,-0.377569
cta_qa_0193,58,-0.407545
cta_qa_0193,59,-0.377569
cta_qa_0193,60,-0.249804
cta_qa_0193,61,-37.500000
cta_qa_0193,62,-0.375892
cta_qa_0193,63,-0.404970
cta_qa_0194,0,-0.290429
cta_qa_0194,1,-0.373232
cta_qa_0194,2,-0.321812
cta_qa_0194,3,-32.000000
cta_qa_0194,4,-0.257437
cta_qa_0194,5,-33.500000
cta_qa_0194,6,-0.201650
cta_qa_0194,7,-0.312265
cta_qa_0194,8,-0.290429
cta_qa_0194,9,-32.000000
cta_qa_0194,10,-0.381220
cta_qa_0194,11,-33.125000
cta_qa_0194,12,-0.201964
cta_qa_0194,13,-0.170196
cta_qa_0194,14,-34.125000
cta_qa_0194,15,-0.201964
cta_qa_0194,16,-36.250000
cta_qa_0194,17,-0.204656
cta_qa_0194,18,-0.204656
cta_qa_0194,19,-0.229045
cta_qa_0194,20,-32.125000
cta_qa_0194,21,-32.125000
cta_qa_0194,22,-33.250000
cta_qa_0194,23,-32.125000
cta_qa_0194,24,-33.125000
cta_qa_0194,25,-0.172520
cta_qa_0194,26,-0.200798
cta_qa_0194,27,-0.198853
cta_qa_0194,28,-0.292913
cta_qa_0194,29,-0.257437
cta_qa_0194,30,-33.500000
cta_qa_0194,31,-0.194940
cta_qa_0194,32,-0.231487
cta_qa_0194,33,-0.231487
cta_qa_0194,34,-34.375000
cta_qa_0194,35,-0.197310
cta_qa_0194,36,-32.000000
cta_qa_0194,37,-0.321812
cta_qa_0194,38,-0.320207
cta_qa_0194,39,-0.373232
cta_qa_0194,40,-32.125000
cta_qa_0194,41,-32.500000
cta_qa_0194,42,-32.125000
cta_qa_0194,43,-32.125000
cta_qa_0194,44,-0.201964
cta_qa_0194,45,-0.136349
cta_qa_0194,46,-34.125000
cta_qa_0194,47,-0.201964
cta_qa_0194,48,-0.292913
cta_qa_0194,49,-0.292913
cta_qa_0194,50,-31.875000
cta_qa_0194,51,-0.265574
cta_qa_0194,52,-0.201964
cta_qa_0194,53,-0.136349
cta_qa_0194,54,-0.201964
cta_qa_0194,55,-34.875000
cta_qa_0194,56,-34.125000
cta_qa_0194,57,-0.200798
cta_qa_0194,58,-0.201964
cta_qa_0194,59,-0.135079
cta_qa_0194,60,-36.000000
cta_qa_0194,61,-0.220060
cta_qa_0194,62,-0.196901
cta_qa_0194,63,-0.220060
cta_qa_0195,0,-0.348098
cta_qa_0195,1,-0.347381
cta_qa_0195,2,-36.750000
cta_qa_0195,3,-36.750000
cta_qa_0195,4,-38.125000
cta_qa_0195,5,-36.750000
cta_qa_0195,6,-0.378471
cta_qa_0195,7,-0.378471
cta_qa_0195,8,-38.187500
cta_qa_0195,9,-0.414192
cta_qa_0195,10,-0.350279
cta_qa_0195,11,-0.350279
cta_qa_0195,12,-0.414192
cta_qa_0195,13,-0.414192
cta_qa_0195,14,-0.351815
cta_qa_0195,15,-38.250000
cta_qa_0195,16,-37.750000
cta_qa_0195,17,-0.407297
cta_qa_0195,18,-37.562500
cta_qa_0195,19,-37.062500
cta_qa_0195,20,-37.062500
cta_qa_0195,21,-0.463868
cta_qa_0195,22,-0.414043
cta_qa_0195,23,-0.414043
cta_qa_0195,24,-0.441669
cta_qa_0195,25,-0.378529
cta_qa_0195,26,-0.441669
cta_qa_0195,27,-33.625000
cta_qa_0195,28,-37.375000
cta_qa_0195,29,-0.381899
cta_qa_0195,30,-0.411380
cta_qa_0195,31,-0.411380
cta_qa_0195,32,-0.378471
cta_qa_0195,33,-36.750000
cta_qa_0195,34,-36.750000
cta_qa_0195,35,-0.441392
cta_qa_0195,36,-0.412758
cta_qa_0195,37,-37.187500
cta_qa_0195,38,-0.412758
cta_qa_0195,39,-0.412758
cta_qa_0195,40,-0.441392
cta_qa_0195,41,-36.750000
cta_qa_0195,42,-0.348098
cta_qa_0195,43,-0.441392
cta_qa_0195,44,-0.438738
cta_qa_0195,45,-0.438738
cta_qa_0195,46,-0.441676
cta_qa_0195,47,-37.437500
cta_qa_0195,48,-37.562500
cta_qa_0195,49,-0.407297
cta_qa_0195,50,-0.407297
cta_qa_0195,51,-0.407297
cta_qa_0195,52,-36.750000
cta_qa_0195,53,-0.348098
cta_qa_0195,54,-0.378471
cta_qa_0195,55,-36.750000
cta_qa_0195,56,-0.348098
cta_qa_0195,57,-36.750000
cta_qa_0195,58,-0.441392
cta_qa_0195,59,-36.750000
cta_qa_0195,60,-0.441392
cta_qa_0195,61,-37.125000
cta_qa_0195,62,-0.441392
cta_qa_0195,63,-37.125000
cta_qa_0196,0,-36.125000
cta_qa_0196,1,-0.374816
cta_qa_0196,2,-36.125000
cta_qa_0196,3,-0.536410
cta_qa_0196,4,-0.536410
cta_qa_0196,5,-0.536410
cta_qa_0196,6,-0.536410
cta_qa_0196,7,-36.125000
cta_qa_0196,8,-36.125000
cta_qa_0196,9,-0.434581
cta_qa_0196,10,-0.536410
cta_qa_0196,11,-0.536410
cta_qa_0196,12,-35.125000
cta_qa_0196,13,-0.506479
cta_qa_0196,14,-0.506479
cta_qa_0196,15,-0.506479
cta_qa_0196,16,-36.125000
cta_qa_0196,17,-36.125000
cta_qa_0196,18,-36.125000
cta_qa_0196,19,-0.373022
cta_qa_0196,20,-0.452361
cta_qa_0196,21,-0.452361
cta_qa_0196,22,-36.875000
cta_qa_0196,23,-0.452361
cta_qa_0196,24,-36.125000
cta_qa_0196,25,-0.403274
cta_qa_0196,26,-36.125000
cta_qa_0196,27,-0.536410
cta_qa_0196,28,-0.447619
cta_qa_0196,29,-0.440907
cta_qa_0196,30,-0.440907
cta_qa_0196,31,-33.375000
cta_qa_0196,32,-32.000000
cta_qa_0196,33,-0.386996
cta_qa_0196,34,-0.449023
cta_qa_0196,35,-0.450581
cta_qa_0196,36,-0.440907
cta_qa_0196,37,-0.440907
cta_qa_0196,38,-33.375000
cta_qa_0196,39,-0.571921
cta_qa_0196,40,-37.625000
cta_qa_0196,41,-0.440907
cta_qa_0196,42,-0.474849
cta_qa_0196,43,-0.571921
cta_qa_0196,44,-36.125000
cta_qa_0196,45,-37.125000
cta_qa_0196,46,-0.536410
cta_qa_0196,47,-0.536410
cta_qa_0196,48,-0.537906
cta_qa_0196,49,-0.403385
cta_qa_0196,50,-0.433772
cta_qa_0196,51,-36.750000
cta_qa_0196,52,-0.536410
cta_qa_0196,53,-36.125000
cta_qa_0196,54,-36.125000
cta_qa_0196,55,-36.125000
cta_qa_0196,56,-0.536410
cta_qa_0196,57,-36.125000
cta_qa_0196,58,-36.125000
cta_qa_0196,59,-36.125000
cta_qa_0196,60,-0.440907
cta_qa_0196,61,-0.440907
cta_qa_0196,62,-0.440907
cta_qa_0196,63,-37.437500
cta_qa_0197,0,-35.750000
cta_qa_0197,1,-35.750000
cta_qa_0197,2,-34.875000
cta_qa_0197,3,-34.875000
cta_qa_0197,4,-0.316741
cta_qa_0197,5,-33.625000
cta_qa_0197,6,-35.625000
cta_qa_0197,7,-33.625000
cta_qa_0197,8,-35.750000
cta_qa_0197,9,-34.875000
cta_qa_0197,10,-34.875000
cta_qa_0197,11,-34.875000
cta_qa_0197,12,-34.875000
cta_qa_0197,13,-35.750000
cta_qa_0197,14,-34.875000
cta_qa_0197,15,-34.875000
cta_qa_0197,16,-38.937500
cta_qa_0197,17,-0.374786
cta_qa_0197,18,-0.343533
cta_qa_0197,19,-0.374786
cta_qa_0197,20,-0.316252
cta_qa_0197,21,-37.062500
cta_qa_0197,22,-0.316252
cta_qa_0197,23,-0.316252
cta_qa_0197,24,-34.875000
cta_qa_0197,25,-34.875000
cta_qa_0197,26,-35.750000
cta_qa_0197,27,-35.750000
cta_qa_0197,28,-34.875000
cta_qa_0197,29,-34.875000
cta_qa_0197,30,-34.500000
cta_qa_0197,31,-34.875000
cta_qa_0197,32,-34.875000
cta_qa_0197,33,-35.750000
cta_qa_0197,34,-34.875000
cta_qa_0197,35,-34.875000
cta_qa_0197,36,-0.316085
cta_qa_0197,37,-18.125000
cta_qa_0197,38,-0.316078
cta_qa_0197,39,-0.316078
cta_qa_0197,40,-34.500000
cta_qa_0197,41,-36.187500
cta_qa_0197,42,-34.875000
cta_qa_0197,43,-35.750000
cta_qa_0197,44,-34.875000
cta_qa_0197,45,-36.187500
cta_qa_0197,46,-34.875000
cta_qa_0197,47,-34.875000
cta_qa_0197,48,-30.875000
cta_qa_0197,49,-0.348735
cta_qa_0197,50,-0.349984
cta_qa_0197,51,-0.349984
cta_qa_0197,52,-34.875000
cta_qa_0197,53,-34.875000
cta_qa_0197,54,-34.875000
cta_qa_0197,55,-34.875000
cta_qa_0197,56,-0.378875
cta_qa_0197,57,-13.249999
cta_qa_0197,58,-0.377497
cta_qa_0197,59,-0.378875
cta_qa_0197,60,-33.500000
cta_qa_0197,61,-34.875000
cta_qa_0197,62,-34.875000
cta_qa_0197,63,-34.875000
cta_qa_0198,0,-37.687500
cta_qa_0198,1,-37.687500
cta_qa_0198,2,-0.375690
cta_qa_0198,3,-37.687500
cta_qa_0198,4,-0.375690
cta_qa_0198,5,-0.375690
cta_qa_0198,6,-37.687500
cta_qa_0198,7,-0.375690
cta_qa_0198,8,-37.687500
cta_qa_0198,9,-37.687500
cta_qa_0198,10,-37.687500
cta_qa_0198,11,-37.687500
cta_qa_0198,12,-37.687500
cta_qa_0198,13,-0.375690
cta_qa_0198,14,-0.375690
cta_qa_0198,15,-0.375690
cta_qa_0198,16,-0.507195
cta_qa_0198,17,-0.505585
cta_qa_0198,18,-0.507195
cta_qa_0198,19,-37.687500
cta_qa_0198,20,-37.875000
cta_qa_0198,21,-0.385167
cta_qa_0198,22,-0.385167
cta_qa_0198,23,-0.416127
cta_qa_0198,24,-37.687500
cta_qa_0198,25,-0.375690
cta_qa_0198,26,-37.687500
cta_qa_0198,27,-37.687500
cta_qa_0198,28,-0.375690
cta_qa_0198,29,-37.687500
cta_qa_0198,30,-0.375690
cta_qa_0198,31,-37.687500
cta_qa_0198,32,-0.507195
cta_qa_0198,33,-0.505585
cta_qa_0198,34,-0.507195
cta_qa_0198,35,-36.062500
cta_qa_0198,36,-0.375690
cta_qa_0198,37,-37.687500
cta_qa_0198,38,-0.375690
cta_qa_0198,39,-0.375690
cta_qa_0198,40,-37.375000
cta_qa_0198,41,-37.375000
cta_qa_0198,42,-37.375000
cta_qa_0198,43,-37.375000
cta_qa_0198,44,-0.565481
cta_qa_0198,45,-0.280117
cta_qa_0198,46,-37.250000
cta_qa_0198,47,-0.505585
cta_qa_0198,48,-0.416127
cta_qa_0198,49,-38.000000
cta_qa_0198,50,-0.385167
cta_qa_0198,51,-0.416127
cta_qa_0198,52,-37.687500
cta_qa_0198,53,-0.375690
cta_qa_0198,54,-0.375690
cta_qa_0198,55,-0.375690
cta_qa_0198,56,-0.375690
cta_qa_0198,57,-37.687500
cta_qa_0198,58,-0.375690
cta_qa_0198,59,-37.687500
cta_qa_0198,60,-0.375690
cta_qa_0198,61,-37.500000
cta_qa_0198,62,-0.375690
cta_qa_0198,63,-38.000000
cta_qa_0199,0,-0.368206
cta_qa_0199,1,-37.937500
cta_qa_0199,2,-0.245805
cta_qa_0199,3,-0.368206
cta_qa_0199,4,-38.062500
cta_qa_0199,5,-0.281071
cta_qa_0199,6,-0.368206
cta_qa_0199,7,-0.281071
cta_qa_0199,8,-38.062500
cta_qa_0199,9,-0.283205
cta_qa_0199,10,-0.287034
cta_qa_0199,11,-0.287034
cta_qa_0199,12,-0.281071
cta_qa_0199,13,-0.281071
cta_qa_0199,14,-0.368206
cta_qa_0199,15,-38.062500
cta_qa_0199,16,-37.437500
cta_qa_0199,17,-0.368842
cta_qa_0199,18,-34.500000
cta_qa_0199,19,-0.368842
cta_qa_0199,20,-0.281071
cta_qa_0199,21,-38.062500
cta_qa_0199,22,-0.245805
cta_qa_0199,23,-0.368206
cta_qa_0199,24,-0.350665
cta_qa_0199,25,-38.187500
cta_qa_0199,26,-0.371888
cta_qa_0199,27,-0.350560
cta_qa_0199,28,-0.368206
cta_qa_0199,29,-0.368206
cta_qa_0199,30,-37.875000
cta_qa_0199,31,-0.368206
cta_qa_0199,32,-21.375000
cta_qa_0199,33,-21.375000
cta_qa_0199,34,-21.375000
cta_qa_0199,35,-21.375000
cta_qa_0199,36,-0.371888
cta_qa_0199,37,-38.187500
cta_qa_0199,38,-0.373495
cta_qa_0199,39,-38.187500
cta_qa_0199,40,-0.350560
cta_qa_0199,41,-0.373495
cta_qa_0199,42,-0.373495
cta_qa_0199,43,-38.187500
cta_qa_0199,44,-0.371888
cta_qa_0199,45,-0.373495
cta_qa_0199,46,-38.187500
cta_qa_0199,47,-0.371888
cta_qa_0199,48,-0.379809
cta_qa_0199,49,-0.403020
cta_qa_0199,50,-0.380683
cta_qa_0199,51,-38.250000
cta_qa_0199,52,-37.937500
cta_qa_0199,53,-37.937500
cta_qa_0199,54,-37.937500
cta_qa_0199,55,-0.368842
cta_qa_0199,56,-0.287034
cta_qa_0199,57,-0.397717
cta_qa_0199,58,-38.437500
cta_qa_0199,59,-0.281860
cta_qa_0199,60,-37.937500
cta_qa_0199,61,-0.281071
cta_qa_0199,62,-0.245805
cta_qa_0199,63,-0.281071
cta_qa_0200,0,-0.253526
cta_qa_0200,1,-38.000000
cta_qa_0200,2,-38.000000
cta_qa_0200,3,-38.000000
cta_qa_0200,4,-0.253526
cta_qa_0200,5,-38.000000
cta_qa_0200,6,-38.000000
cta_qa_0200,7,-38.000000
cta_qa_0200,8,-38.187500
cta_qa_0200,9,-38.187500
cta_qa_0200,10,-38.187500
cta_qa_0200,11,-38.187500
cta_qa_0200,12,-0.225340
cta_qa_0200,13,-37.375000
cta_qa_0200,14,-0.225340
cta_qa_0200,15,-0.225340
cta_qa_0200,16,-38.187500
cta_qa_0200,17,-38.187500
cta_qa_0200,18,-38.187500
cta_qa_0200,19,-38.187500
cta_qa_0200,20,-38.000000
cta_qa_0200,21,-38.000000
cta_qa_0200,22,-0.253526
cta_qa_0200,23,-38.000000
cta_qa_0200,24,-38.187500
cta_qa_0200,25,-38.187500
cta_qa_0200,26,-38.187500
cta_qa_0200,27,-38.187500
cta_qa_0200,28,-38.187500
cta_qa_0200,29,-38.187500
cta_qa_0200,30,-38.187500
cta_qa_0200,31,-38.187500
cta_qa_0200,32,-38.187500
cta_qa_0200,33,-38.187500
cta_qa_0200,34,-38.187500
cta_qa_0200,35,-38.187500
cta_qa_0200,36,-38.187500
cta_qa_0200,37,-38.187500
cta_qa_0200,38,-38.187500
cta_qa_0200,39,-38.187500
cta_qa_0200,40,-0.320809
cta_qa_0200,41,-0.320809
cta_qa_0200,42,-0.320809
cta_qa_0200,43,-35.375000
cta_qa_0200,44,-38.187500
cta_qa_0200,45,-38.187500
cta_qa_0200,46,-38.187500
cta_qa_0200,47,-38.187500
cta_qa_0200,48,-38.187500
cta_qa_0200,49,-38.187500
cta_qa_0200,50,-38.187500
cta_qa_0200,51,-38.187500
cta_qa_0200,52,-38.187500
cta_qa_0200,53,-38.187500
cta_qa_0200,54,-38.187500
cta_qa_0200,55,-38.187500
cta_qa_0200,56,-38.187500
cta_qa_0200,57,-38.187500
cta_qa_0200,58,-38.187500
cta_qa_0200,59,-38.187500
cta_qa_0200,60,-0.287957
cta_qa_0200,61,-0.287957
cta_qa_0200,62,-36.562500
cta_qa_0200,63,-0.287957
cta_qa_0201,0,-35.250000
cta_qa_0201,1,-0.219453
cta_qa_0201,2,-0.463758
cta_qa_0201,3,-0.463758
cta_qa_0201,4,-35.500000
cta_qa_0201,5,-35.500000
cta_qa_0201,6,-0.463758
cta_qa_0201,7,-0.219453
cta_qa_0201,8,-35.500000
cta_qa_0201,9,-35.500000
cta_qa_0201,10,-35.500000
cta_qa_0201,11,-35.500000
cta_qa_0201,12,-35.500000
cta_qa_0201,13,-0.219453
cta_qa_0201,14,-0.279259
cta_qa_0201,15,-35.500000
cta_qa_0201,16,-35.500000
cta_qa_0201,17,-36.562500
cta_qa_0201,18,-0.279259
cta_qa_0201,19,-35.500000
cta_qa_0201,20,-0.219453
cta_qa_0201,21,-35.500000
cta_qa_0201,22,-35.500000
cta_qa_0201,23,-35.500000
cta_qa_0201,24,-35.500000
cta_qa_0201,25,-36.562500
cta_qa_0201,26,-35.500000
cta_qa_0201,27,-0.219453
cta_qa_0201,28,-35.500000
cta_qa_0201,29,-0.219453
cta_qa_0201,30,-35.500000
cta_qa_0201,31,-35.500000
cta_qa_0201,32,-35.500000
cta_qa_0201,33,-0.219453
cta_qa_0201,34,-35.250000
cta_qa_0201,35,-35.500000
cta_qa_0201,36,-0.411978
cta_qa_0201,37,-38.125000
cta_qa_0201,38,-0.411978
cta_qa_0201,39,-0.380636
cta_qa_0201,40,-35.500000
cta_qa_0201,41,-0.463758
cta_qa_0201,42,-0.219453
cta_qa_0201,43,-36.562500
cta_qa_0201,44,-0.258808
cta_qa_0201,45,-0.258808
cta_qa_0201,46,-35.625000
cta_qa_0201,47,-0.258808
cta_qa_0201,48,-0.437290
cta_qa_0201,49,-0.350542
cta_qa_0201,50,-33.500000
cta_qa_0201,51,-0.350542
cta_qa_0201,52,-0.219453
cta_qa_0201,53,-35.500000
cta_qa_0201,54,-0.219453
cta_qa_0201,55,-0.219453
cta_qa_0201,56,-0.219453
cta_qa_0201,57,-35.500000
cta_qa_0201,58,-35.500000
cta_qa_0201,59,-36.562500
cta_qa_0201,60,-35.500000
cta_qa_0201,61,-35.500000
cta_qa_0201,62,-0.219453
cta_qa_0201,63,-35.500000
cta_qa_0202,0,-38.250000
cta_qa_0202,1,-38.250000
cta_qa_0202,2,-38.250000
cta_qa_0202,3,-0.438533
cta_qa_0202,4,-38.250000
cta_qa_0202,5,-38.250000
cta_qa_0202,6,-38.250000
cta_qa_0202,7,-38.250000
cta_qa_0202,8,-0.215612
cta_qa_0202,9,-39.375000
cta_qa_0202,10,-0.215612
cta_qa_0202,11,-39.375000
cta_qa_0202,12,-39.375000
cta_qa_0202,13,-0.494563
cta_qa_0202,14,-0.215612
cta_qa_0202,15,-0.215612
cta_qa_0202,16,-39.375000
cta_qa_0202,17,-39.375000
cta_qa_0202,18,-0.215612
cta_qa_0202,19,-0.215612
cta_qa_0202,20,-0.215612
cta_qa_0202,21,-39.375000
cta_qa_0202,22,-0.494563
cta_qa_0202,23,-0.494563
cta_qa_0202,24,-38.687500
cta_qa_0202,25,-0.215612
cta_qa_0202,26,-0.215612
cta_qa_0202,27,-0.215612
cta_qa_0202,28,-39.375000
cta_qa_0202,29,-0.215612
cta_qa_0202,30,-0.215612
cta_qa_0202,31,-0.215612
cta_qa_0202,32,-38.250000
cta_qa_0202,33,-38.250000
cta_qa_0202,34,-38.250000
cta_qa_0202,35,-38.250000
cta_qa_0202,36,-38.250000
cta_qa_0202,37,-38.250000
cta_qa_0202,38,-38.250000
cta_qa_0202,39,-0.438533
cta_qa_0202,40,-0.215612
cta_qa_0202,41,-39.375000
cta_qa_0202,42,-0.215612
cta_qa_0202,43,-0.215612
cta_qa_0202,44,-38.250000
cta_qa_0202,45,-38.250000
cta_qa_0202,46,-38.250000
cta_qa_0202,47,-38.250000
cta_qa_0202,48,-39.375000
cta_qa_0202,49,-0.494563
cta_qa_0202,50,-0.215612
cta_qa_0202,51,-0.215612
cta_qa_0202,52,-38.250000
cta_qa_0202,53,-38.250000
cta_qa_0202,54,-38.250000
cta_qa_0202,55,-38.250000
cta_qa_0202,56,-38.250000
cta_qa_0202,57,-38.250000
cta_qa_0202,58,-38.250000
cta_qa_0202,59,-38.250000
cta_qa_0202,60,-38.250000
cta_qa_0202,61,-0.438533
cta_qa_0202,62,-38.250000
cta_qa_0202,63,-38.250000
cta_qa_0203,0,-36.687500
cta_qa_0203,1,-0.321033
cta_qa_0203,2,-0.315975
cta_qa_0203,3,-36.687500
cta_qa_0203,4,-36.687500
cta_qa_0203,5,-0.321033
cta_qa_0203,6,-36.687500
cta_qa_0203,7,-36.687500
cta_qa_0203,8,-36.562500
cta_qa_0203,9,-36.562500
cta_qa_0203,10,-36.562500
cta_qa_0203,11,-36.562500
cta_qa_0203,12,-36.687500
cta_qa_0203,13,-0.321033
cta_qa_0203,14,-36.687500
cta_qa_0203,15,-36.687500
cta_qa_0203,16,-36.562500
cta_qa_0203,17,-36.562500
cta_qa_0203,18,-36.562500
cta_qa_0203,19,-36.562500
cta_qa_0203,20,-36.437500
cta_qa_0203,21,-0.380863
cta_qa_0203,22,-36.437500
cta_qa_0203,23,-0.385871
cta_qa_0203,24,-0.380863
cta_qa_0203,25,-0.380863
cta_qa_0203,26,-0.380863
cta_qa_0203,27,-36.437500
cta_qa_0203,28,-0.321033
cta_qa_0203,29,-0.315975
cta_qa_0203,30,-36.687500
cta_qa_0203,31,-36.687500
cta_qa_0203,32,-36.687500
cta_qa_0203,33,-36.687500
cta_qa_0203,34,-36.687500
cta_qa_0203,35,-0.471392
cta_qa_0203,36,-36.687500
cta_qa_0203,37,-36.687500
cta_qa_0203,38,-0.315975
cta_qa_0203,39,-36.687500
cta_qa_0203,40,-0.321033
cta_qa_0203,41,-36.687500
cta_qa_0203,42,-36.687500
cta_qa_0203,43,-0.316034
cta_qa_0203,44,-36.562500
cta_qa_0203,45,-36.562500
cta_qa_0203,46,-36.562500
cta_qa_0203,47,-36.562500
cta_qa_0203,48,-0.353600
cta_qa_0203,49,-36.437500
cta_qa_0203,50,-0.353600
cta_qa_0203,51,-0.380863
cta_qa_0203,52,-36.437500
cta_qa_0203,53,-0.380863
cta_qa_0203,54,-0.380863
cta_qa_0203,55,-0.380863
cta_qa_0203,56,-0.380863
cta_qa_0203,57,-36.437500
cta_qa_0203,58,-0.380863
cta_qa_0203,59,-0.380863
cta_qa_0203,60,-36.437500
cta_qa_0203,61,-0.380863
cta_qa_0203,62,-0.380863
cta_qa_0203,63,-0.380863
cta_qa_0204,0,-37.812500
cta_qa_0204,1,-37.812500
cta_qa_0204,2,-0.318654
cta_qa_0204,3,-37.812500
cta_qa_0204,4,-0.287356
cta_qa_0204,5,-37.812500
cta_qa_0204,6,-0.287356
cta_qa_0204,7,-0.287356
cta_qa_0204,8,-0.287087
cta_qa_0204,9,-0.317375
cta_qa_0204,10,-35.187500
cta_qa_0204,11,-0.348482
cta_qa_0204,12,-37.812500
cta_qa_0204,13,-37.812500
cta_qa_0204,14,-37.812500
cta_qa_0204,15,-0.318654
cta_qa_0204,16,-37.625000
cta_qa_0204,17,-37.625000
cta_qa_0204,18,-37.750000
cta_qa_0204,19,-37.625000
cta_qa_0204,20,-0.316024
cta_qa_0204,21,-0.347219
cta_qa_0204,22,-0.316024
cta_qa_0204,23,-38.312500
cta_qa_0204,24,-37.250000
cta_qa_0204,25,-0.318709
cta_qa_0204,26,-0.377342
cta_qa_0204,27,-0.318709
cta_qa_0204,28,-0.290777
cta_qa_0204,29,-38.125000
cta_qa_0204,30,-38.125000
cta_qa_0204,31,-36.812500
cta_qa_0204,32,-0.318654
cta_qa_0204,33,-0.318654
cta_qa_0204,34,-0.318654
cta_qa_0204,35,-37.812500
cta_qa_0204,36,-0.284458
cta_qa_0204,37,-0.284458
cta_qa_0204,38,-0.284458
cta_qa_0204,39,-37.937500
cta_qa_0204,40,-0.346227
cta_qa_0204,41,-36.687500
cta_qa_0204,42,-0.346227
cta_qa_0204,43,-0.406026
cta_qa_0204,44,-0.284458
cta_qa_0204,45,-36.625000
cta_qa_0204,46,-37.937500
cta_qa_0204,47,-0.291372
cta_qa_0204,48,-37.875000
cta_qa_0204,49,-0.344795
cta_qa_0204,50,-0.344795
cta_qa_0204,51,-0.344795
cta_qa_0204,52,-37.937500
cta_qa_0204,53,-37.937500
cta_qa_0204,54,-0.284458
cta_qa_0204,55,-0.284458
cta_qa_0204,56,-0.284458
cta_qa_0204,57,-0.260546
cta_qa_0204,58,-0.284458
cta_qa_0204,59,-37.937500
cta_qa_0204,60,-0.447378
cta_qa_0204,61,-36.812500
cta_qa_0204,62,-0.377541
cta_qa_0204,63,-0.286274
cta_qa_0205,0,-37.375000
cta_qa_0205,1,-0.349730
cta_qa_0205,2,-0.349730
cta_qa_0205,3,-0.349730
cta_qa_0205,4,-0.349730
cta_qa_0205,5,-0.349730
cta_qa_0205,6,-0.349730
cta_qa_0205,7,-37.375000
cta_qa_0205,8,-0.348429
cta_qa_0205,9,-0.348429
cta_qa_0205,10,-0.348429
cta_qa_0205,11,-37.625000
cta_qa_0205,12,-37.375000
cta_qa_0205,13,-37.375000
cta_qa_0205,14,-0.381536
cta_qa_0205,15,-37.375000
cta_qa_0205,16,-37.250000
cta_qa_0205,17,-37.250000
cta_qa_0205,18,-37.250000
cta_qa_0205,19,-37.250000
cta_qa_0205,20,-0.344535
cta_qa_0205,21,-0.411881
cta_qa_0205,22,-0.410613
cta_qa_0205,23,-37.312500
cta_qa_0205,24,-0.381536
cta_qa_0205,25,-0.349730
cta_qa_0205,26,-37.375000
cta_qa_0205,27,-0.349730
cta_qa_0205,28,-0.409618
cta_qa_0205,29,-30.125000
cta_qa_0205,30,-0.409618
cta_qa_0205,31,-0.380858
cta_qa_0205,32,-37.250000
cta_qa_0205,33,-37.250000
cta_qa_0205,34,-37.250000
cta_qa_0205,35,-37.250000
cta_qa_0205,36,-0.411881
cta_qa_0205,37,-37.312500
cta_qa_0205,38,-0.411881
cta_qa_0205,39,-0.410613
cta_qa_0205,40,-0.411881
cta_qa_0205,41,-0.411881
cta_qa_0205,42,-0.411881
cta_qa_0205,43,-37.312500
cta_qa_0205,44,-37.125000
cta_qa_0205,45,-37.125000
cta_qa_0205,46,-0.314967
cta_qa_0205,47,-37.125000
cta_qa_0205,48,-0.349730
cta_qa_0205,49,-0.349730
cta_qa_0205,50,-0.349730
cta_qa_0205,51,-37.375000
cta_qa_0205,52,-0.349730
cta_qa_0205,53,-0.381536
cta_qa_0205,54,-37.375000
cta_qa_0205,55,-0.349730
cta_qa_0205,56,-37.250000
cta_qa_0205,57,-37.250000
cta_qa_0205,58,-37.250000
cta_qa_0205,59,-37.250000
cta_qa_0205,60,-0.349730
cta_qa_0205,61,-37.375000
cta_qa_0205,62,-37.375000
cta_qa_0205,63,-0.381536
cta_qa_0206,0,-0.249003
cta_qa_0206,1,-0.165355
cta_qa_0206,2,-0.287951
cta_qa_0206,3,-37.375000
cta_qa_0206,4,-38.437500
cta_qa_0206,5,-39.000000
cta_qa_0206,6,-0.159123
cta_qa_0206,7,-0.222881
cta_qa_0206,8,-38.062500
cta_qa_0206,9,-39.062500
cta_qa_0206,10,-37.812500
cta_qa_0206,11,-38.687500
cta_qa_0206,12,-0.254459
cta_qa_0206,13,-0.188800
cta_qa_0206,14,-0.253667
cta_qa_0206,15,-39.187500
cta_qa_0206,16,-0.287457
cta_qa_0206,17,-0.292604
cta_qa_0206,18,-38.187500
cta_qa_0206,19,-0.287192
cta_qa_0206,20,-0.196795
cta_qa_0206,21,-38.875000
cta_qa_0206,22,-0.256431
cta_qa_0206,23,-0.287019
cta_qa_0206,24,-38.937500
cta_qa_0206,25,-38.562500
cta_qa_0206,26,-0.317170
cta_qa_0206,27,-0.321263
cta_qa_0206,28,-39.437500
cta_qa_0206,29,-39.500000
cta_qa_0206,30,-38.000000
cta_qa_0206,31,-38.250000
cta_qa_0206,32,-39.375000
cta_qa_0206,33,-38.750000
cta_qa_0206,34,-38.000000
cta_qa_0206,35,-0.189619
cta_qa_0206,36,-0.258907
cta_qa_0206,37,-0.221929
cta_qa_0206,38,-38.625000
cta_qa_0206,39,-0.259833
cta_qa_0206,40,-0.284084
cta_qa_0206,41,-0.260388
cta_qa_0206,42,-0.289540
cta_qa_0206,43,-39.125000
cta_qa_0206,44,-37.562500
cta_qa_0206,45,-39.312500
cta_qa_0206,46,-38.937500
cta_qa_0206,47,-38.125000
cta_qa_0206,48,-0.224187
cta_qa_0206,49,-38.812500
cta_qa_0206,50,-0.194008
cta_qa_0206,51,-0.158300
cta_qa_0206,52,-0.287844
cta_qa_0206,53,-38.250000
cta_qa_0206,54,-0.256600
cta_qa_0206,55,-0.287752
cta_qa_0206,56,-38.062500
cta_qa_0206,57,-0.352042
cta_qa_0206,58,-0.191344
cta_qa_0206,59,-0.288150
cta_qa_0206,60,-0.287206
cta_qa_0206,61,-38.687500
cta_qa_0206,62,-0.285904
cta_qa_0206,63,-0.254970
cta_qa_0207,0,-35.125000
cta_qa_0207,1,-35.125000
cta_qa_0207,2,-35.125000
cta_qa_0207,3,-35.125000
cta_qa_0207,4,-0.347816
cta_qa_0207,5,-35.375000
cta_qa_0207,6,-0.347816
cta_qa_0207,7,-0.290586
cta_qa_0207,8,-35.375000
cta_qa_0207,9,-0.290586
cta_qa_0207,10,-0.347816
cta_qa_0207,11,-0.291274
cta_qa_0207,12,-35.375000
cta_qa_0207,13,-35.375000
cta_qa_0207,14,-0.309439
cta_qa_0207,15,-35.375000
cta_qa_0207,16,-35.875000
cta_qa_0207,17,-35.125000
cta_qa_0207,18,-35.125000
cta_qa_0207,19,-35.750000
cta_qa_0207,20,-35.125000
cta_qa_0207,21,-35.125000
cta_qa_0207,22,-35.125000
cta_qa_0207,23,-35.125000
cta_qa_0207,24,-0.251703
cta_qa_0207,25,-0.309439
cta_qa_0207,26,-35.375000
cta_qa_0207,27,-35.375000
cta_qa_0207,28,-35.375000
cta_qa_0207,29,-0.347816
cta_qa_0207,30,-0.347816
cta_qa_0207,31,-0.347816
cta_qa_0207,32,-0.251703
cta_qa_0207,33,-35.375000
cta_qa_0207,34,-35.375000
cta_qa_0207,35,-35.375000
cta_qa_0207,36,-35.875000
cta_qa_0207,37,-35.125000
cta_qa_0207,38,-35.125000
cta_qa_0207,39,-35.125000
cta_qa_0207,40,-36.812500
cta_qa_0207,41,-0.439716
cta_qa_0207,42,-0.439716
cta_qa_0207,43,-0.439716
cta_qa_0207,44,-35.125000
cta_qa_0207,45,-35.125000
cta_qa_0207,46,-35.125000
cta_qa_0207,47,-35.125000
cta_qa_0207,48,-0.251703
cta_qa_0207,49,-35.375000
cta_qa_0207,50,-35.375000
cta_qa_0207,51,-35.375000
cta_qa_0207,52,-0.251703
cta_qa_0207,53,-35.375000
cta_qa_0207,54,-35.375000
cta_qa_0207,55,-35.375000
cta_qa_0207,56,-35.125000
cta_qa_0207,57,-35.125000
cta_qa_0207,58,-35.125000
cta_qa_0207,59,-35.125000
cta_qa_0207,60,-35.875000
cta_qa_0207,61,-35.125000
cta_qa_0207,62,-35.125000
cta_qa_0207,63,-35.125000
cta_qa_0208,0,-0.352928
cta_qa_0208,1,-0.409973
cta_qa_0208,2,-0.409973
cta_qa_0208,3,-25.500000
cta_qa_0208,4,-0.314966
cta_qa_0208,5,-0.281981
cta_qa_0208,6,-35.750000
cta_qa_0208,7,-0.431428
cta_qa_0208,8,-0.352046
cta_qa_0208,9,-37.625000
cta_qa_0208,10,-0.404673
cta_qa_0208,11,-0.404673
cta_qa_0208,12,-0.281981
cta_qa_0208,13,-0.281981
cta_qa_0208,14,-0.431428
cta_qa_0208,15,-37.000000
cta_qa_0208,16,-0.351646
cta_qa_0208,17,-35.000000
cta_qa_0208,18,-0.346208
cta_qa_0208,19,-0.432963
cta_qa_0208,20,-37.062500
cta_qa_0208,21,-0.410542
cta_qa_0208,22,-0.431428
cta_qa_0208,23,-0.255221
cta_qa_0208,24,-0.434425
cta_qa_0208,25,-0.434425
cta_qa_0208,26,-0.434425
cta_qa_0208,27,-36.125000
cta_qa_0208,28,-0.346208
cta_qa_0208,29,-35.000000
cta_qa_0208,30,-0.346208
cta_qa_0208,31,-0.351646
cta_qa_0208,32,-0.441854
cta_qa_0208,33,-0.409973
cta_qa_0208,34,-0.410803
cta_qa_0208,35,-25.500000
cta_qa_0208,36,-0.346208
cta_qa_0208,37,-0.440980
cta_qa_0208,38,-35.000000
cta_qa_0208,39,-0.432963
cta_qa_0208,40,-0.346208
cta_qa_0208,41,-35.000000
cta_qa_0208,42,-0.432963
cta_qa_0208,43,-0.432963
cta_qa_0208,44,-0.431428
cta_qa_0208,45,-37.062500
cta_qa_0208,46,-0.255221
cta_qa_0208,47,-0.255221
cta_qa_0208,48,-0.281981
cta_qa_0208,49,-0.281981
cta_qa_0208,50,-36.875000
cta_qa_0208,51,-37.062500
cta_qa_0208,52,-0.434425
cta_qa_0208,53,-37.125000
cta_qa_0208,54,-37.125000
cta_qa_0208,55,-0.317184
cta_qa_0208,56,-12.249999
cta_qa_0208,57,-0.404658
cta_qa_0208,58,-0.404658
cta_qa_0208,59,-0.379817
cta_qa_0208,60,-28.500000
cta_qa_0208,61,-0.434371
cta_qa_0208,62,-0.324359
cta_qa_0208,63,-0.434371
cta_qa_0209,0,-35.750000
cta_qa_0209,1,-35.750000
cta_qa_0209,2,-0.395364
cta_qa_0209,3,-35.750000
cta_qa_0209,4,-0.157051
cta_qa_0209,5,-36.312500
cta_qa_0209,6,-0.157051
cta_qa_0209,7,-0.157051
cta_qa_0209,8,-0.395364
cta_qa_0209,9,-35.750000
cta_qa_0209,10,-35.750000
cta_qa_0209,11,-0.395364
cta_qa_0209,12,-34.625000
cta_qa_0209,13,-0.395364
cta_qa_0209,14,-35.750000
cta_qa_0209,15,-0.395364
cta_qa_0209,16,-34.750000
cta_qa_0209,17,-0.342165
cta_qa_0209,18,-0.340341
cta_qa_0209,19,-0.342165
cta_qa_0209,20,-35.750000
cta_qa_0209,21,-0.395364
cta_qa_0209,22,-0.395364
cta_qa_0209,23,-35.750000
cta_qa_0209,24,-35.750000
cta_qa_0209,25,-0.214819
cta_qa_0209,26,-35.750000
cta_qa_0209,27,-36.750000
cta_qa_0209,28,-0.340341
cta_qa_0209,29,-0.342165
cta_qa_0209,30,-34.750000
cta_qa_0209,31,-0.342165
cta_qa_0209,32,-0.395364
cta_qa_0209,33,-35.750000
cta_qa_0209,34,-35.750000
cta_qa_0209,35,-35.750000
cta_qa_0209,36,-35.750000
cta_qa_0209,37,-35.750000
cta_qa_0209,38,-0.395364
cta_qa_0209,39,-35.750000
cta_qa_0209,40,-0.157051
cta_qa_0209,41,-0.157051
cta_qa_0209,42,-36.312500
cta_qa_0209,43,-0.157051
cta_qa_0209,44,-35.875000
cta_qa_0209,45,-35.875000
cta_qa_0209,46,-35.875000
cta_qa_0209,47,-35.875000
cta_qa_0209,48,-0.157051
cta_qa_0209,49,-0.157051
cta_qa_0209,50,-0.157051
cta_qa_0209,51,-35.500000
cta_qa_0209,52,-35.750000
cta_qa_0209,53,-35.750000
cta_qa_0209,54,-0.395364
cta_qa_0209,55,-35.750000
cta_qa_0209,56,-0.395360
cta_qa_0209,57,-0.157051
cta_qa_0209,58,-0.157051
cta_qa_0209,59,-35.500000
cta_qa_0209,60,-35.750000
cta_qa_0209,61,-0.395364
cta_qa_0209,62,-34.625000
cta_qa_0209,63,-0.395364
cta_qa_0210,0,-0.288698
cta_qa_0210,1,-0.347440
cta_qa_0210,2,-0.261362
cta_qa_0210,3,-34.375000
cta_qa_0210,4,-0.316243
cta_qa_0210,5,-37.250000
cta_qa_0210,6,-37.250000
cta_qa_0210,7,-37.250000
cta_qa_0210,8,-0.232084
cta_qa_0210,9,-34.500000
cta_qa_0210,10,-0.288698
cta_qa_0210,11,-34.500000
cta_qa_0210,12,-34.375000
cta_qa_0210,13,-0.382228
cta_qa_0210,14,-0.321407
cta_qa_0210,15,-0.347440
cta_qa_0210,16,-34.375000
cta_qa_0210,17,-0.298415
cta_qa_0210,18,-0.321407
cta_qa_0210,19,-0.262011
cta_qa_0210,20,-34.375000
cta_qa_0210,21,-0.287835
cta_qa_0210,22,-34.375000
cta_qa_0210,23,-0.321407
cta_qa_0210,24,-0.291259
cta_qa_0210,25,-34.000000
cta_qa_0210,26,-0.321407
cta_qa_0210,27,-0.321407
cta_qa_0210,28,-36.000000
cta_qa_0210,29,-0.472171
cta_qa_0210,30,-0.322461
cta_qa_0210,31,-35.250000
cta_qa_0210,32,-0.345862
cta_qa_0210,33,-0.345941
cta_qa_0210,34,-37.250000
cta_qa_0210,35,-37.250000
cta_qa_0210,36,-0.321407
cta_qa_0210,37,-34.375000
cta_qa_0210,38,-0.321407
cta_qa_0210,39,-0.321407
cta_qa_0210,40,-0.346806
cta_qa_0210,41,-0.346806
cta_qa_0210,42,-37.687500
cta_qa_0210,43,-0.346806
cta_qa_0210,44,-34.375000
cta_qa_0210,45,-0.233853
cta_qa_0210,46,-34.500000
cta_qa_0210,47,-0.321407
cta_qa_0210,48,-0.321407
cta_qa_0210,49,-0.262011
cta_qa_0210,50,-0.262011
cta_qa_0210,51,-34.375000
cta_qa_0210,52,-34.500000
cta_qa_0210,53,-34.500000
cta_qa_0210,54,-34.500000
cta_qa_0210,55,-0.321407
cta_qa_0210,56,-38.312500
cta_qa_0210,57,-0.349180
cta_qa_0210,58,-0.290040
cta_qa_0210,59,-0.295385
cta_qa_0210,60,-34.375000
cta_qa_0210,61,-34.500000
cta_qa_0210,62,-34.500000
cta_qa_0210,63,-34.375000
cta_qa_0211,0,-0.472098
cta_qa_0211,1,-0.436491
cta_qa_0211,2,-0.411532
cta_qa_0211,3,-38.562500
cta_qa_0211,4,-37.687500
cta_qa_0211,5,-0.408886
cta_qa_0211,6,-0.408886
cta_qa_0211,7,-0.408886
cta_qa_0211,8,-0.379683
cta_qa_0211,9,-37.500000
cta_qa_0211,10,-0.556488
cta_qa_0211,11,-0.556488
cta_qa_0211,12,-0.499793
cta_qa_0211,13,-0.346824
cta_qa_0211,14,-0.470837
cta_qa_0211,15,-38.562500
cta_qa_0211,16,-0.435922
cta_qa_0211,17,-0.502330
cta_qa_0211,18,-38.062500
cta_qa_0211,19,-0.556488
cta_qa_0211,20,-38.562500
cta_qa_0211,21,-0.409101
cta_qa_0211,22,-0.499793
cta_qa_0211,23,-0.499793
cta_qa_0211,24,-0.465016
cta_qa_0211,25,-37.437500
cta_qa_0211,26,-0.465016
cta_qa_0211,27,-0.465016
cta_qa_0211,28,-0.502330
cta_qa_0211,29,-37.500000
cta_qa_0211,30,-0.502330
cta_qa_0211,31,-38.625000
cta_qa_0211,32,-0.408695
cta_qa_0211,33,-37.687500
cta_qa_0211,34,-0.408886
cta_qa_0211,35,-0.412451
cta_qa_0211,36,-39.187500
cta_qa_0211,37,-0.440064
cta_qa_0211,38,-0.499793
cta_qa_0211,39,-0.499793
cta_qa_0211,40,-0.351668
cta_qa_0211,41,-37.687500
cta_qa_0211,42,-0.408886
cta_qa_0211,43,-0.413247
cta_qa_0211,44,-0.465662
cta_qa_0211,45,-0.465662
cta_qa_0211,46,-0.465662
cta_qa_0211,47,-36.937500
cta_qa_0211,48,-0.439617
cta_qa_0211,49,-0.499793
cta_qa_0211,50,-0.499793
cta_qa_0211,51,-38.562500
cta_qa_0211,52,-0.351668
cta_qa_0211,53,-37.687500
cta_qa_0211,54,-0.408886
cta_qa_0211,55,-0.443331
cta_qa_0211,56,-22.500000
cta_qa_0211,57,-22.500000
cta_qa_0211,58,-22.500000
cta_qa_0211,59,-22.500000
cta_qa_0211,60,-0.348714
cta_qa_0211,61,-36.625000
cta_qa_0211,62,-0.465662
cta_qa_0211,63,-0.406016
cta_qa_0212,0,-0.070109
cta_qa_0212,1,-0.167777
cta_qa_0212,2,-32.125000
cta_qa_0212,3,-32.125000
cta_qa_0212,4,-32.125000
cta_qa_0212,5,-0.096928
cta_qa_0212,6,-34.000000
cta_qa_0212,7,-0.072191
cta_qa_0212,8,-0.072191
cta_qa_0212,9,-32.125000
cta_qa_0212,10,-34.000000
cta_qa_0212,11,-0.197243
cta_qa_0212,12,-0.072191
cta_qa_0212,13,-0.096928
cta_qa_0212,14,-33.750000
cta_qa_0212,15,-0.072191
cta_qa_0212,16,-0.071158
cta_qa_0212,17,-32.125000
cta_qa_0212,18,-32.125000
cta_qa_0212,19,-33.750000
cta_qa_0212,20,-0.094443
cta_qa_0212,21,-32.750000
cta_qa_0212,22,-0.094443
cta_qa_0212,23,-32.375000
cta_qa_0212,24,-32.125000
cta_qa_0212,25,-32.125000
cta_qa_0212,26,-32.125000
cta_qa_0212,27,-32.125000
cta_qa_0212,28,-32.125000
cta_qa_0212,29,-33.875000
cta_qa_0212,30,-33.875000
cta_qa_0212,31,-32.125000
cta_qa_0212,32,-0.008125
cta_qa_0212,33,-0.072191
cta_qa_0212,34,-32.125000
cta_qa_0212,35,-32.125000
cta_qa_0212,36,-34.000000
cta_qa_0212,37,-34.000000
cta_qa_0212,38,-0.319409
cta_qa_0212,39,-0.072191
cta_qa_0212,40,-32.125000
cta_qa_0212,41,-0.167154
cta_qa_0212,42,-33.750000
cta_qa_0212,43,-30.000000
cta_qa_0212,44,-33.750000
cta_qa_0212,45,-0.133292
cta_qa_0212,46,-0.072191
cta_qa_0212,47,-0.072191
cta_qa_0212,48,-0.072191
cta_qa_0212,49,-32.125000
cta_qa_0212,50,-33.750000
cta_qa_0212,51,-32.125000
cta_qa_0212,52,-0.197095
cta_qa_0212,53,-32.125000
cta_qa_0212,54,-34.000000
cta_qa_0212,55,-0.071158
cta_qa_0212,56,-0.325616
cta_qa_0212,57,-0.351083
cta_qa_0212,58,-31.500000
cta_qa_0212,59,-0.351083
cta_qa_0212,60,-32.125000
cta_qa_0212,61,-0.319409
cta_qa_0212,62,-0.070109
cta_qa_0212,63,-33.750000
cta_qa_0213,0,-33.750000
cta_qa_0213,1,-0.321890
cta_qa_0213,2,-0.446115
cta_qa_0213,3,-33.875000
cta_qa_0213,4,-36.687500
cta_qa_0213,5,-0.348605
cta_qa_0213,6,-0.346963
cta_qa_0213,7,-0.383115
cta_qa_0213,8,-0.386707
cta_qa_0213,9,-36.000000
cta_qa_0213,10,-0.450610
cta_qa_0213,11,-0.417291
cta_qa_0213,12,-0.446681
cta_qa_0213,13,-33.750000
cta_qa_0213,14,-0.419949
cta_qa_0213,15,-0.531023
cta_qa_0213,16,-0.413228
cta_qa_0213,17,-0.348605
cta_qa_0213,18,-0.348605
cta_qa_0213,19,-37.937500
cta_qa_0213,20,-0.448856
cta_qa_0213,21,-33.750000
cta_qa_0213,22,-0.416999
cta_qa_0213,23,-0.418651
cta_qa_0213,24,-0.442690
cta_qa_0213,25,-0.418470
cta_qa_0213,26,-33.750000
cta_qa_0213,27,-0.389344
cta_qa_0213,28,-0.348605
cta_qa_0213,29,-0.317723
cta_qa_0213,30,-35.375000
cta_qa_0213,31,-0.501177
cta_qa_0213,32,-0.416239
cta_qa_0213,33,-33.750000
cta_qa_0213,34,-33.750000
cta_qa_0213,35,-36.812500
cta_qa_0213,36,-35.000000
cta_qa_0213,37,-0.419407
cta_qa_0213,38,-33.750000
cta_qa_0213,39,-0.449874
cta_qa_0213,40,-33.750000
cta_qa_0213,41,-0.414132
cta_qa_0213,42,-0.411866
cta_qa_0213,43,-0.449530
cta_qa_0213,44,-0.442927
cta_qa_0213,45,-33.750000
cta_qa_0213,46,-0.419949
cta_qa_0213,47,-36.812500
cta_qa_0213,48,-33.750000
cta_qa_0213,49,-36.812500
cta_qa_0213,50,-33.750000
cta_qa_0213,51,-0.418651
cta_qa_0213,52,-0.417447
cta_qa_0213,53,-0.412835
cta_qa_0213,54,-33.750000
cta_qa_0213,55,-0.321890
cta_qa_0213,56,-33.750000
cta_qa_0213,57,-0.418639
cta_qa_0213,58,-0.442690
cta_qa_0213,59,-33.750000
cta_qa_0213,60,-0.381047
cta_qa_0213,61,-0.389764
cta_qa_0213,62,-33.750000
cta_qa_0213,63,-0.446115
cta_qa_0214,0,-36.937500
cta_qa_0214,1,-36.937500
cta_qa_0214,2,-36.937500
cta_qa_0214,3,-36.937500
cta_qa_0214,4,-0.435982
cta_qa_0214,5,-37.187500
cta_qa_0214,6,-37.187500
cta_qa_0214,7,-37.187500
cta_qa_0214,8,-36.937500
cta_qa_0214,9,-36.937500
cta_qa_0214,10,-36.937500
cta_qa_0214,11,-36.937500
cta_qa_0214,12,-36.937500
cta_qa_0214,13,-36.937500
cta_qa_0214,14,-36.937500
cta_qa_0214,15,-36.937500
cta_qa_0214,16,-36.937500
cta_qa_0214,17,-36.937500
cta_qa_0214,18,-36.937500
cta_qa_0214,19,-36.937500
cta_qa_0214,20,-0.217143
cta_qa_0214,21,-0.217143
cta_qa_0214,22,-36.375000
cta_qa_0214,23,-0.217143
cta_qa_0214,24,-37.187500
cta_qa_0214,25,-37.187500
cta_qa_0214,26,-0.282967
cta_qa_0214,27,-37.187500
cta_qa_0214,28,-36.937500
cta_qa_0214,29,-36.937500
cta_qa_0214,30,-36.937500
cta_qa_0214,31,-36.937500
cta_qa_0214,32,-0.282967
cta_qa_0214,33,-37.187500
cta_qa_0214,34,-37.187500
cta_qa_0214,35,-37.187500
cta_qa_0214,36,-36.937500
cta_qa_0214,37,-36.937500
cta_qa_0214,38,-36.937500
cta_qa_0214,39,-36.937500
cta_qa_0214,40,-36.937500
cta_qa_0214,41,-36.937500
cta_qa_0214,42,-36.937500
cta_qa_0214,43,-36.937500
cta_qa_0214,44,-37.187500
cta_qa_0214,45,-37.187500
cta_qa_0214,46,-37.187500
cta_qa_0214,47,-0.282967
cta_qa_0214,48,-36.937500
cta_qa_0214,49,-36.937500
cta_qa_0214,50,-36.937500
cta_qa_0214,51,-36.937500
cta_qa_0214,52,-36.937500
cta_qa_0214,53,-36.937500
cta_qa_0214,54,-36.937500
cta_qa_0214,55,-36.937500
cta_qa_0214,56,-36.937500
cta_qa_0214,57,-36.937500
cta_qa_0214,58,-36.937500
cta_qa_0214,59,-36.937500
cta_qa_0214,60,-36.937500
cta_qa_0214,61,-36.937500
cta_qa_0214,62,-36.937500
cta_qa_0214,63,-36.937500
cta_qa_0215,0,-37.437500
cta_qa_0215,1,-0.226673
cta_qa_0215,2,-0.287576
cta_qa_0215,3,-39.000000
cta_qa_0215,4,-38.500000
cta_qa_0215,5,-0.287205
cta_qa_0215,6,-38.312500
cta_qa_0215,7,-0.221493
cta_qa_0215,8,-0.225858
cta_qa_0215,9,-38.562500
cta_qa_0215,10,-0.189424
cta_qa_0215,11,-0.190778
cta_qa_0215,12,-0.286679
cta_qa_0215,13,-0.257105
cta_qa_0215,14,-38.625000
cta_qa_0215,15,-0.194646
cta_qa_0215,16,-0.256043
cta_qa_0215,17,-0.255596
cta_qa_0215,18,-0.287762
cta_qa_0215,19,-38.500000
cta_qa_0215,20,-0.258760
cta_qa_0215,21,-0.225273
cta_qa_0215,22,-0.223029
cta_qa_0215,23,-39.125000
cta_qa_0215,24,-0.258621
cta_qa_0215,25,-0.194971
cta_qa_0215,26,-38.937500
cta_qa_0215,27,-0.221986
cta_qa_0215,28,-38.375000
cta_qa_0215,29,-0.257355
cta_qa_0215,30,-0.257942
cta_qa_0215,31,-0.255694
cta_qa_0215,32,-0.197316
cta_qa_0215,33,-0.226224
cta_qa_0215,34,-38.937500
cta_qa_0215,35,-0.226445
cta_qa_0215,36,-0.258248
cta_qa_0215,37,-38.500000
cta_qa_0215,38,-0.227381
cta_qa_0215,39,-38.875000
cta_qa_0215,40,-38.812500
cta_qa_0215,41,-0.192113
cta_qa_0215,42,-0.254689
cta_qa_0215,43,-0.257354
cta_qa_0215,44,-38.625000
cta_qa_0215,45,-0.247315
cta_qa_0215,46,-0.223098
cta_qa_0215,47,-0.225072
cta_qa_0215,48,-0.223217
cta_qa_0215,49,-38.000000
cta_qa_0215,50,-0.316815
cta_qa_0215,51,-0.282439
cta_qa_0215,52,-38.437500
cta_qa_0215,53,-0.225184
cta_qa_0215,54,-0.255271
cta_qa_0215,55,-0.196005
cta_qa_0215,56,-0.228713
cta_qa_0215,57,-0.225063
cta_qa_0215,58,-38.500000
cta_qa_0215,59,-0.197743
cta_qa_0215,60,-0.285505
cta_qa_0215,61,-38.875000
cta_qa_0215,62,-38.312500
cta_qa_0215,63,-0.260071
cta_qa_0216,0,-0.318880
cta_qa_0216,1,-30.750000
cta_qa_0216,2,-0.321548
cta_qa_0216,3,-29.625000
cta_qa_0216,4,-0.377376
cta_qa_0216,5,-0.377376
cta_qa_0216,6,-36.125000
cta_qa_0216,7,-0.319741
cta_qa_0216,8,-0.321424
cta_qa_0216,9,-0.321424
cta_qa_0216,10,-36.875000
cta_qa_0216,11,-0.258309
cta_qa_0216,12,-0.384165
cta_qa_0216,13,-0.354053
cta_qa_0216,14,-16.125000
cta_qa_0216,15,-0.383402
cta_qa_0216,16,-0.408762
cta_qa_0216,17,-30.750000
cta_qa_0216,18,-0.351417
cta_qa_0216,19,-0.323222
cta_qa_0216,20,-0.323855
cta_qa_0216,21,-0.352015
cta_qa_0216,22,-29.625000
cta_qa_0216,23,-29.625000
cta_qa_0216,24,-37.000000
cta_qa_0216,25,-0.290572
cta_qa_0216,26,-0.376112
cta_qa_0216,27,-0.223756
cta_qa_0216,28,-0.318880
cta_qa_0216,29,-30.750000
cta_qa_0216,30,-0.318880
cta_qa_0216,31,-0.318880
cta_qa_0216,32,-0.407323
cta_qa_0216,33,-35.750000
cta_qa_0216,34,-0.379721
cta_qa_0216,35,-0.383754
cta_qa_0216,36,-34.625000
cta_qa_0216,37,-34.625000
cta_qa_0216,38,-0.187330
cta_qa_0216,39,-34.625000
cta_qa_0216,40,-0.285825
cta_qa_0216,41,-36.375000
cta_qa_0216,42,-0.290296
cta_qa_0216,43,-0.258080
cta_qa_0216,44,-0.377222
cta_qa_0216,45,-35.000000
cta_qa_0216,46,-0.409637
cta_qa_0216,47,-0.409637
cta_qa_0216,48,-0.290713
cta_qa_0216,49,-37.000000
cta_qa_0216,50,-0.288195
cta_qa_0216,51,-0.376112
cta_qa_0216,52,-0.346666
cta_qa_0216,53,-34.625000
cta_qa_0216,54,-0.434573
cta_qa_0216,55,-0.187330
cta_qa_0216,56,-30.750000
cta_qa_0216,57,-0.323855
cta_qa_0216,58,-0.318880
cta_qa_0216,59,-0.408762
cta_qa_0216,60,-0.408762
cta_qa_0216,61,-29.625000
cta_qa_0216,62,-0.352015
cta_qa_0216,63,-0.350958
cta_qa_0217,0,-28.750000
cta_qa_0217,1,-0.378539
cta_qa_0217,2,-0.284881
cta_qa_0217,3,-0.284881
cta_qa_0217,4,-33.000000
cta_qa_0217,5,-0.557714
cta_qa_0217,6,-0.557714
cta_qa_0217,7,-0.472384
cta_qa_0217,8,-0.435802
cta_qa_0217,9,-0.521944
cta_qa_0217,10,-19.375000
cta_qa_0217,11,-0.521944
cta_qa_0217,12,-0.404585
cta_qa_0217,13,-0.499777
cta_qa_0217,14,-26.250000
cta_qa_0217,15,-0.521944
cta_qa_0217,16,-34.625000
cta_qa_0217,17,-0.411826
cta_qa_0217,18,-0.383358
cta_qa_0217,19,-0.379608
cta_qa_0217,20,-0.379766
cta_qa_0217,21,-0.408934
cta_qa_0217,22,-24.875000
cta_qa_0217,23,-0.411826
cta_qa_0217,24,-37.312500
cta_qa_0217,25,-0.414499
cta_qa_0217,26,-0.498373
cta_qa_0217,27,-0.354053
cta_qa_0217,28,-0.412445
cta_qa_0217,29,-31.500000
cta_qa_0217,30,-0.437291
cta_qa_0217,31,-0.290970
cta_qa_0217,32,-39.125000
cta_qa_0217,33,-0.441303
cta_qa_0217,34,-0.441303
cta_qa_0217,35,-0.471287
cta_qa_0217,36,-0.473847
cta_qa_0217,37,-34.875000
cta_qa_0217,38,-0.525146
cta_qa_0217,39,-0.525146
cta_qa_0217,40,-0.414616
cta_qa_0217,41,-0.413238
cta_qa_0217,42,-37.750000
cta_qa_0217,43,-0.378909
cta_qa_0217,44,-0.468524
cta_qa_0217,45,-26.625000
cta_qa_0217,46,-0.380268
cta_qa_0217,47,-0.377605
cta_qa_0217,48,-0.383358
cta_qa_0217,49,-24.875000
cta_qa_0217,50,-0.382093
cta_qa_0217,51,-0.441546
cta_qa_0217,52,-0.446543
cta_qa_0217,53,-36.625000
cta_qa_0217,54,-0.559544
cta_qa_0217,55,-0.411601
cta_qa_0217,56,-0.465643
cta_qa_0217,57,-32.500000
cta_qa_0217,58,-0.316856
cta_qa_0217,59,-0.320798
cta_qa_0217,60,-0.444386
cta_qa_0217,61,-0.411598
cta_qa_0217,62,-0.380252
cta_qa_0217,63,-35.875000
cta_qa_0218,0,-35.375000
cta_qa_0218,1,-36.312500
cta_qa_0218,2,-36.312500
cta_qa_0218,3,-36.312500
cta_qa_0218,4,-36.250000
cta_qa_0218,5,-36.250000
cta_qa_0218,6,-36.250000
cta_qa_0218,7,-35.750000
cta_qa_0218,8,-0.414314
cta_qa_0218,9,-37.937500
cta_qa_0218,10,-0.414314
cta_qa_0218,11,-0.414314
cta_qa_0218,12,-0.348787
cta_qa_0218,13,-0.348787
cta_qa_0218,14,-36.000000
cta_qa_0218,15,-0.348787
cta_qa_0218,16,-0.443383
cta_qa_0218,17,-0.414314
cta_qa_0218,18,-0.414314
cta_qa_0218,19,-37.937500
cta_qa_0218,20,-36.312500
cta_qa_0218,21,-36.250000
cta_qa_0218,22,-36.250000
cta_qa_0218,23,-36.250000
cta_qa_0218,24,-0.380200
cta_qa_0218,25,-36.187500
cta_qa_0218,26,-0.380200
cta_qa_0218,27,-0.408868
cta_qa_0218,28,-37.937500
cta_qa_0218,29,-0.414314
cta_qa_0218,30,-0.442271
cta_qa_0218,31,-0.442271
cta_qa_0218,32,-36.250000
cta_qa_0218,33,-36.250000
cta_qa_0218,34,-36.250000
cta_qa_0218,35,-36.250000
cta_qa_0218,36,-0.414314
cta_qa_0218,37,-37.937500
cta_qa_0218,38,-0.414314
cta_qa_0218,39,-0.414314
cta_qa_0218,40,-0.442271
cta_qa_0218,41,-37.937500
cta_qa_0218,42,-0.414314
cta_qa_0218,43,-0.414314
cta_qa_0218,44,-36.437500
cta_qa_0218,45,-0.321671
cta_qa_0218,46,-0.348791
cta_qa_0218,47,-0.348791
cta_qa_0218,48,-35.750000
cta_qa_0218,49,-0.380272
cta_qa_0218,50,-0.380115
cta_qa_0218,51,-0.380272
cta_qa_0218,52,-0.414314
cta_qa_0218,53,-37.687500
cta_qa_0218,54,-0.414314
cta_qa_0218,55,-0.442271
cta_qa_0218,56,-37.937500
cta_qa_0218,57,-0.414314
cta_qa_0218,58,-0.414314
cta_qa_0218,59,-0.414314
cta_qa_0218,60,-0.253230
cta_qa_0218,61,-0.253230
cta_qa_0218,62,-0.253230
cta_qa_0218,63,-37.187500
cta_qa_0219,0,-0.313204
cta_qa_0219,1,-0.461438
cta_qa_0219,2,-37.187500
cta_qa_0219,3,-0.313204
cta_qa_0219,4,-0.461438
cta_qa_0219,5,-0.313204
cta_qa_0219,6,-37.187500
cta_qa_0219,7,-0.461438
cta_qa_0219,8,-36.875000
cta_qa_0219,9,-0.435969
cta_qa_0219,10,-0.342768
cta_qa_0219,11,-0.435969
cta_qa_0219,12,-0.461438
cta_qa_0219,13,-0.461438
cta_qa_0219,14,-0.461438
cta_qa_0219,15,-37.187500
cta_qa_0219,16,-0.253483
cta_qa_0219,17,-0.461438
cta_qa_0219,18,-0.461438
cta_qa_0219,19,-37.187500
cta_qa_0219,20,-36.937500
cta_qa_0219,21,-0.435969
cta_qa_0219,22,-37.562500
cta_qa_0219,23,-0.435969
cta_qa_0219,24,-0.313200
cta_qa_0219,25,-37.187500
cta_qa_0219,26,-0.461438
cta_qa_0219,27,-0.461438
cta_qa_0219,28,-0.407432
cta_qa_0219,29,-37.000000
cta_qa_0219,30,-0.492464
cta_qa_0219,31,-0.492464
cta_qa_0219,32,-0.408165
cta_qa_0219,33,-0.461438
cta_qa_0219,34,-37.187500
cta_qa_0219,35,-0.379086
cta_qa_0219,36,-36.875000
cta_qa_0219,37,-0.435969
cta_qa_0219,38,-0.435969
cta_qa_0219,39,-37.562500
cta_qa_0219,40,-37.187500
cta_qa_0219,41,-0.313204
cta_qa_0219,42,-0.461438
cta_qa_0219,43,-0.461438
cta_qa_0219,44,-0.461438
cta_qa_0219,45,-0.461438
cta_qa_0219,46,-0.461438
cta_qa_0219,47,-37.187500
cta_qa_0219,48,-0.461438
cta_qa_0219,49,-0.461438
cta_qa_0219,50,-0.253483
cta_qa_0219,51,-37.187500
cta_qa_0219,52,-37.187500
cta_qa_0219,53,-0.461438
cta_qa_0219,54,-0.379086
cta_qa_0219,55,-0.461438
cta_qa_0219,56,-0.461438
cta_qa_0219,57,-37.187500
cta_qa_0219,58,-0.461438
cta_qa_0219,59,-0.313204
cta_qa_0219,60,-0.431794
cta_qa_0219,61,-37.500000
cta_qa_0219,62,-0.431794
cta_qa_0219,63,-0.379620
cta_qa_0220,0,-38.500000
cta_qa_0220,1,-0.469910
cta_qa_0220,2,-38.500000
cta_qa_0220,3,-38.500000
cta_qa_0220,4,-0.409698
cta_qa_0220,5,-0.440842
cta_qa_0220,6,-38.500000
cta_qa_0220,7,-0.412017
cta_qa_0220,8,-0.469910
cta_qa_0220,9,-0.443099
cta_qa_0220,10,-0.380976
cta_qa_0220,11,-38.500000
cta_qa_0220,12,-0.351575
cta_qa_0220,13,-0.351562
cta_qa_0220,14,-38.187500
cta_qa_0220,15,-0.408594
cta_qa_0220,16,-0.350161
cta_qa_0220,17,-0.352801
cta_qa_0220,18,-0.352801
cta_qa_0220,19,-27.375000
cta_qa_0220,20,-0.380875
cta_qa_0220,21,-0.441037
cta_qa_0220,22,-0.438684
cta_qa_0220,23,-35.125000
cta_qa_0220,24,-0.347198
cta_qa_0220,25,-0.346079
cta_qa_0220,26,-0.431504
cta_qa_0220,27,-36.687500
cta_qa_0220,28,-0.494153
cta_qa_0220,29,-0.437290
cta_qa_0220,30,-37.437500
cta_qa_0220,31,-0.503696
cta_qa_0220,32,-0.349256
cta_qa_0220,33,-0.442388
cta_qa_0220,34,-36.125000
cta_qa_0220,35,-0.442388
cta_qa_0220,36,-0.440842
cta_qa_0220,37,-0.407281
cta_qa_0220,38,-0.314614
cta_qa_0220,39,-38.500000
cta_qa_0220,40,-0.349267
cta_qa_0220,41,-23.250000
cta_qa_0220,42,-0.377664
cta_qa_0220,43,-0.411222
cta_qa_0220,44,-0.378448
cta_qa_0220,45,-38.500000
cta_qa_0220,46,-38.500000
cta_qa_0220,47,-0.469910
cta_qa_0220,48,-0.474020
cta_qa_0220,49,-0.404643
cta_qa_0220,50,-31.250000
cta_qa_0220,51,-0.407420
cta_qa_0220,52,-34.000000
cta_qa_0220,53,-0.378508
cta_qa_0220,54,-0.501259
cta_qa_0220,55,-0.442405
cta_qa_0220,56,-0.410722
cta_qa_0220,57,-0.385253
cta_qa_0220,58,-0.409634
cta_qa_0220,59,-38.500000
cta_qa_0220,60,-37.000000
cta_qa_0220,61,-0.412646
cta_qa_0220,62,-0.377664
cta_qa_0220,63,-0.347581
cta_qa_0221,0,-0.312313
cta_qa_0221,1,-32.125000
cta_qa_0221,2,-0.434393
cta_qa_0221,3,-0.434393
cta_qa_0221,4,-0.352554
cta_qa_0221,5,-0.352554
cta_qa_0221,6,-0.434393
cta_qa_0221,7,-31.125000
cta_qa_0221,8,-0.434393
cta_qa_0221,9,-0.434393
cta_qa_0221,10,-32.125000
cta_qa_0221,11,-32.125000
cta_qa_0221,12,-0.377793
cta_qa_0221,13,-36.812500
cta_qa_0221,14,-0.377793
cta_qa_0221,15,-0.377793
cta_qa_0221,16,-0.434393
cta_qa_0221,17,-32.125000
cta_qa_0221,18,-0.312313
cta_qa_0221,19,-0.434393
cta_qa_0221,20,-0.316789
cta_qa_0221,21,-0.352554
cta_qa_0221,22,-32.125000
cta_qa_0221,23,-0.352554
cta_qa_0221,24,-0.377793
cta_qa_0221,25,-36.812500
cta_qa_0221,26,-36.812500
cta_qa_0221,27,-0.315076
cta_qa_0221,28,-32.125000
cta_qa_0221,29,-0.316789
cta_qa_0221,30,-0.316789
cta_qa_0221,31,-32.125000
cta_qa_0221,32,-32.125000
cta_qa_0221,33,-32.125000
cta_qa_0221,34,-0.434393
cta_qa_0221,35,-0.316789
cta_qa_0221,36,-0.352554
cta_qa_0221,37,-0.316789
cta_qa_0221,38,-0.434393
cta_qa_0221,39,-32.125000
cta_qa_0221,40,-32.125000
cta_qa_0221,41,-0.312313
cta_qa_0221,42,-0.316789
cta_qa_0221,43,-32.125000
cta_qa_0221,44,-0.312305
cta_qa_0221,45,-33.625000
cta_qa_0221,46,-0.312305
cta_qa_0221,47,-0.374802
cta_qa_0221,48,-32.125000
cta_qa_0221,49,-0.352554
cta_qa_0221,50,-0.316789
cta_qa_0221,51,-0.316789
cta_qa_0221,52,-36.500000
cta_qa_0221,53,-0.411282
cta_qa_0221,54,-0.318900
cta_qa_0221,55,-0.318900
cta_qa_0221,56,-0.322956
cta_qa_0221,57,-0.410500
cta_qa_0221,58,-0.318900
cta_qa_0221,59,-36.500000
cta_qa_0221,60,-0.377793
cta_qa_0221,61,-36.812500
cta_qa_0221,62,-0.377793
cta_qa_0221,63,-36.812500
cta_qa_0222,0,-0.349706
cta_qa_0222,1,-0.285472
cta_qa_0222,2,-38.000000
cta_qa_0222,3,-38.000000
cta_qa_0222,4,-0.380968
cta_qa_0222,5,-0.380968
cta_qa_0222,6,-36.125000
cta_qa_0222,7,-0.344440
cta_qa_0222,8,-0.350692
cta_qa_0222,9,-0.382598
cta_qa_0222,10,-0.414189
cta_qa_0222,11,-37.750000
cta_qa_0222,12,-0.380262
cta_qa_0222,13,-35.125000
cta_qa_0222,14,-0.349973
cta_qa_0222,15,-0.349973
cta_qa_0222,16,-0.409873
cta_qa_0222,17,-0.382428
cta_qa_0222,18,-38.062500
cta_qa_0222,19,-0.408542
cta_qa_0222,20,-38.000000
cta_qa_0222,21,-38.000000
cta_qa_0222,22,-0.380873
cta_qa_0222,23,-38.000000
cta_qa_0222,24,-0.285472
cta_qa_0222,25,-0.380873
cta_qa_0222,26,-0.380873
cta_qa_0222,27,-38.000000
cta_qa_0222,28,-38.000000
cta_qa_0222,29,-0.285472
cta_qa_0222,30,-36.687500
cta_qa_0222,31,-0.285472
cta_qa_0222,32,-0.380873
cta_qa_0222,33,-0.285472
cta_qa_0222,34,-36.687500
cta_qa_0222,35,-38.000000
cta_qa_0222,36,-0.376045
cta_qa_0222,37,-0.376045
cta_qa_0222,38,-38.562500
cta_qa_0222,39,-0.467159
cta_qa_0222,40,-35.125000
cta_qa_0222,41,-0.382598
cta_qa_0222,42,-0.350692
cta_qa_0222,43,-0.352733
cta_qa_0222,44,-38.000000
cta_qa_0222,45,-0.380873
cta_qa_0222,46,-0.380873
cta_qa_0222,47,-38.000000
cta_qa_0222,48,-0.413355
cta_qa_0222,49,-0.381289
cta_qa_0222,50,-36.187500
cta_qa_0222,51,-0.381289
cta_qa_0222,52,-34.250000
cta_qa_0222,53,-0.380968
cta_qa_0222,54,-0.316713
cta_qa_0222,55,-0.346129
cta_qa_0222,56,-0.285472
cta_qa_0222,57,-0.471391
cta_qa_0222,58,-0.285472
cta_qa_0222,59,-38.000000
cta_qa_0222,60,-38.000000
cta_qa_0222,61,-0.471391
cta_qa_0222,62,-38.000000
cta_qa_0222,63,-0.285472
cta_qa_0223,0,-35.625000
cta_qa_0223,1,-0.294927
cta_qa_0223,2,-0.264969
cta_qa_0223,3,-0.325241
cta_qa_0223,4,-37.812500
cta_qa_0223,5,-0.357245
cta_qa_0223,6,-37.375000
cta_qa_0223,7,-37.625000
cta_qa_0223,8,-0.356300
cta_qa_0223,9,-0.387040
cta_qa_0223,10,-37.625000
cta_qa_0223,11,-0.255999
cta_qa_0223,12,-27.000000
cta_qa_0223,13,-27.000000
cta_qa_0223,14,-27.000000
cta_qa_0223,15,-27.000000
cta_qa_0223,16,-0.388898
cta_qa_0223,17,-0.382640
cta_qa_0223,18,-0.382640
cta_qa_0223,19,-37.750000
cta_qa_0223,20,-0.407474
cta_qa_0223,21,-0.290286
cta_qa_0223,22,-0.407474
cta_qa_0223,23,-34.125000
cta_qa_0223,24,-0.356300
cta_qa_0223,25,-0.382640
cta_qa_0223,26,-37.437500
cta_qa_0223,27,-37.750000
cta_qa_0223,28,-0.382640
cta_qa_0223,29,-0.356300
cta_qa_0223,30,-0.294002
cta_qa_0223,31,-37.437500
cta_qa_0223,32,-0.387040
cta_qa_0223,33,-37.437500
cta_qa_0223,34,-37.625000
cta_qa_0223,35,-0.382640
cta_qa_0223,36,-0.322757
cta_qa_0223,37,-0.351839
cta_qa_0223,38,-39.000000
cta_qa_0223,39,-0.320471
cta_qa_0223,40,-0.382640
cta_qa_0223,41,-0.387040
cta_qa_0223,42,-0.387040
cta_qa_0223,43,-37.562500
cta_qa_0223,44,-37.375000
cta_qa_0223,45,-0.382640
cta_qa_0223,46,-0.356300
cta_qa_0223,47,-37.562500
cta_qa_0223,48,-0.323251
cta_qa_0223,49,-32.500000
cta_qa_0223,50,-0.324368
cta_qa_0223,51,-0.260153
cta_qa_0223,52,-38.187500
cta_qa_0223,53,-0.312294
cta_qa_0223,54,-0.312294
cta_qa_0223,55,-0.312294
cta_qa_0223,56,-0.324031
cta_qa_0223,57,-37.812500
cta_qa_0223,58,-0.382640
cta_qa_0223,59,-0.382640
cta_qa_0223,60,-0.356300
cta_qa_0223,61,-37.562500
cta_qa_0223,62,-0.323865
cta_qa_0223,63,-0.385292
cta_qa_0224,0,-0.402062
cta_qa_0224,1,-37.625000
cta_qa_0224,2,-0.402062
cta_qa_0224,3,-0.402062
cta_qa_0224,4,-0.255407
cta_qa_0224,5,-35.312500
cta_qa_0224,6,-0.227517
cta_qa_0224,7,-0.373287
cta_qa_0224,8,-0.287860
cta_qa_0224,9,-35.812500
cta_qa_0224,10,-0.220322
cta_qa_0224,11,-0.254893
cta_qa_0224,12,-0.377539
cta_qa_0224,13,-0.377539
cta_qa_0224,14,-34.000000
cta_qa_0224,15,-0.377539
cta_qa_0224,16,-0.406041
cta_qa_0224,17,-0.194956
cta_qa_0224,18,-0.196164
cta_qa_0224,19,-36.750000
cta_qa_0224,20,-0.372008
cta_qa_0224,21,-0.372008
cta_qa_0224,22,-36.875000
cta_qa_0224,23,-0.256234
cta_qa_0224,24,-0.253675
cta_qa_0224,25,-36.937500
cta_qa_0224,26,-0.401630
cta_qa_0224,27,-0.231526
cta_qa_0224,28,-0.257471
cta_qa_0224,29,-0.256234
cta_qa_0224,30,-0.372008
cta_qa_0224,31,-36.625000
cta_qa_0224,32,-0.313935
cta_qa_0224,33,-37.625000
cta_qa_0224,34,-34.000000
cta_qa_0224,35,-0.377539
cta_qa_0224,36,-29.625000
cta_qa_0224,37,-29.625000
cta_qa_0224,38,-29.625000
cta_qa_0224,39,-29.625000
cta_qa_0224,40,-0.377215
cta_qa_0224,41,-0.376198
cta_qa_0224,42,-0.376198
cta_qa_0224,43,-36.250000
cta_qa_0224,44,-36.687500
cta_qa_0224,45,-0.436063
cta_qa_0224,46,-36.687500
cta_qa_0224,47,-0.436063
cta_qa_0224,48,-0.256635
cta_qa_0224,49,-35.875000
cta_qa_0224,50,-0.257471
cta_qa_0224,51,-0.372008
cta_qa_0224,52,-0.224443
cta_qa_0224,53,-0.431870
cta_qa_0224,54,-36.687500
cta_qa_0224,55,-0.317940
cta_qa_0224,56,-0.254754
cta_qa_0224,57,-0.372008
cta_qa_0224,58,-37.187500
cta_qa_0224,59,-0.372008
cta_qa_0224,60,-0.402062
cta_qa_0224,61,-0.287860
cta_qa_0224,62,-36.937500
cta_qa_0224,63,-0.402062
cta_qa_0225,0,-0.349791
cta_qa_0225,1,-0.349791
cta_qa_0225,2,-0.349791
cta_qa_0225,3,-24.750000
cta_qa_0225,4,-0.318644
cta_qa_0225,5,-0.318644
cta_qa_0225,6,-36.625000
cta_qa_0225,7,-0.340497
cta_qa_0225,8,-36.625000
cta_qa_0225,9,-0.318644
cta_qa_0225,10,-0.318644
cta_qa_0225,11,-0.318644
cta_qa_0225,12,-0.349791
cta_qa_0225,13,-0.351210
cta_qa_0225,14,-0.349791
cta_qa_0225,15,-24.750000
cta_qa_0225,16,-37.062500
cta_qa_0225,17,-37.062500
cta_qa_0225,18,-37.062500
cta_qa_0225,19,-37.062500
cta_qa_0225,20,-37.062500
cta_qa_0225,21,-37.062500
cta_qa_0225,22,-37.062500
cta_qa_0225,23,-37.062500
cta_qa_0225,24,-37.062500
cta_qa_0225,25,-37.062500
cta_qa_0225,26,-37.062500
cta_qa_0225,27,-37.062500
cta_qa_0225,28,-0.380945
cta_qa_0225,29,-36.625000
cta_qa_0225,30,-38.500000
cta_qa_0225,31,-0.380945
cta_qa_0225,32,-0.318644
cta_qa_0225,33,-36.625000
cta_qa_0225,34,-0.318644
cta_qa_0225,35,-36.625000
cta_qa_0225,36,-0.379736
cta_qa_0225,37,-0.379736
cta_qa_0225,38,-38.375000
cta_qa_0225,39,-0.379736
cta_qa_0225,40,-0.288355
cta_qa_0225,41,-38.250000
cta_qa_0225,42,-0.288355
cta_qa_0225,43,-0.288355
cta_qa_0225,44,-0.250524
cta_qa_0225,45,-0.250524
cta_qa_0225,46,-36.250000
cta_qa_0225,47,-33.875000
cta_qa_0225,48,-37.062500
cta_qa_0225,49,-37.062500
cta_qa_0225,50,-37.062500
cta_qa_0225,51,-37.062500
cta_qa_0225,52,-37.062500
cta_qa_0225,53,-37.062500
cta_qa_0225,54,-37.062500
cta_qa_0225,55,-37.062500
cta_qa_0225,56,-0.351195
cta_qa_0225,57,-0.349791
cta_qa_0225,58,-0.349791
cta_qa_0225,59,-29.000000
cta_qa_0225,60,-36.625000
cta_qa_0225,61,-0.318644
cta_qa_0225,62,-0.318644
cta_qa_0225,63,-0.318644
cta_qa_0226,0,-36.250000
cta_qa_0226,1,-0.373515
cta_qa_0226,2,-36.250000
cta_qa_0226,3,-36.250000
cta_qa_0226,4,-36.250000
cta_qa_0226,5,-36.250000
cta_qa_0226,6,-36.250000
cta_qa_0226,7,-36.250000
cta_qa_0226,8,-36.250000
cta_qa_0226,9,-36.250000
cta_qa_0226,10,-36.250000
cta_qa_0226,11,-36.250000
cta_qa_0226,12,-36.250000
cta_qa_0226,13,-36.250000
cta_qa_0226,14,-36.250000
cta_qa_0226,15,-36.250000
cta_qa_0226,16,-36.250000
cta_qa_0226,17,-36.250000
cta_qa_0226,18,-36.250000
cta_qa_0226,19,-36.250000
cta_qa_0226,20,-36.250000
cta_qa_0226,21,-0.373515
cta_qa_0226,22,-36.250000
cta_qa_0226,23,-36.250000
cta_qa_0226,24,-36.250000
cta_qa_0226,25,-36.250000
cta_qa_0226,26,-36.250000
cta_qa_0226,27,-36.250000
cta_qa_0226,28,-36.250000
cta_qa_0226,29,-36.250000
cta_qa_0226,30,-36.250000
cta_qa_0226,31,-36.250000
cta_qa_0226,32,-36.250000
cta_qa_0226,33,-36.250000
cta_qa_0226,34,-36.250000
cta_qa_0226,35,-36.250000
cta_qa_0226,36,-36.250000
cta_qa_0226,37,-36.250000
cta_qa_0226,38,-36.250000
cta_qa_0226,39,-36.250000
cta_qa_0226,40,-0.281066
cta_qa_0226,41,-36.250000
cta_qa_0226,42,-36.250000
cta_qa_0226,43,-36.250000
cta_qa_0226,44,-36.250000
cta_qa_0226,45,-36.250000
cta_qa_0226,46,-36.250000
cta_qa_0226,47,-36.250000
cta_qa_0226,48,-36.250000
cta_qa_0226,49,-36.250000
cta_qa_0226,50,-36.250000
cta_qa_0226,51,-36.250000
cta_qa_0226,52,-0.373515
cta_qa_0226,53,-36.250000
cta_qa_0226,54,-36.250000
cta_qa_0226,55,-36.250000
cta_qa_0226,56,-36.250000
cta_qa_0226,57,-36.250000
cta_qa_0226,58,-36.250000
cta_qa_0226,59,-0.373515
cta_qa_0226,60,-36.250000
cta_qa_0226,61,-36.250000
cta_qa_0226,62,-36.250000
cta_qa_0226,63,-36.250000
cta_qa_0227,0,-37.750000
cta_qa_0227,1,-37.750000
cta_qa_0227,2,-37.750000
cta_qa_0227,3,-37.750000
cta_qa_0227,4,-37.750000
cta_qa_0227,5,-37.750000
cta_qa_0227,6,-37.750000
cta_qa_0227,7,-37.750000
cta_qa_0227,8,-37.687500
cta_qa_0227,9,-0.227151
cta_qa_0227,10,-37.687500
cta_qa_0227,11,-37.687500
cta_qa_0227,12,-37.750000
cta_qa_0227,13,-37.750000
cta_qa_0227,14,-37.750000
cta_qa_0227,15,-37.750000
cta_qa_0227,16,-37.687500
cta_qa_0227,17,-37.687500
cta_qa_0227,18,-0.344920
cta_qa_0227,19,-37.687500
cta_qa_0227,20,-37.750000
cta_qa_0227,21,-37.750000
cta_qa_0227,22,-37.750000
cta_qa_0227,23,-37.750000
cta_qa_0227,24,-37.750000
cta_qa_0227,25,-37.750000
cta_qa_0227,26,-37.750000
cta_qa_0227,27,-37.750000
cta_qa_0227,28,-37.750000
cta_qa_0227,29,-37.750000
cta_qa_0227,30,-37.750000
cta_qa_0227,31,-37.750000
cta_qa_0227,32,-37.750000
cta_qa_0227,33,-37.750000
cta_qa_0227,34,-37.750000
cta_qa_0227,35,-37.750000
cta_qa_0227,36,-37.750000
cta_qa_0227,37,-37.750000
cta_qa_0227,38,-37.750000
cta_qa_0227,39,-37.750000
cta_qa_0227,40,-37.750000
cta_qa_0227,41,-37.750000
cta_qa_0227,42,-37.750000
cta_qa_0227,43,-37.750000
cta_qa_0227,44,-37.750000
cta_qa_0227,45,-37.750000
cta_qa_0227,46,-37.750000
cta_qa_0227,47,-37.750000
cta_qa_0227,48,-37.687500
cta_qa_0227,49,-37.687500
cta_qa_0227,50,-37.687500
cta_qa_0227,51,-0.344920
cta_qa_0227,52,-37.750000
cta_qa_0227,53,-37.750000
cta_qa_0227,54,-37.750000
cta_qa_0227,55,-37.750000
cta_qa_0227,56,-37.687500
cta_qa_0227,57,-0.227151
cta_qa_0227,58,-0.227151
cta_qa_0227,59,-37.687500
cta_qa_0227,60,-37.750000
cta_qa_0227,61,-37.750000
cta_qa_0227,62,-37.750000
cta_qa_0227,63,-37.750000
cta_qa_0228,0,-37.500000
cta_qa_0228,1,-37.500000
cta_qa_0228,2,-37.500000
cta_qa_0228,3,-37.500000
cta_qa_0228,4,-37.500000
cta_qa_0228,5,-37.500000
cta_qa_0228,6,-37.500000
cta_qa_0228,7,-37.500000
cta_qa_0228,8,-37.500000
cta_qa_0228,9,-37.500000
cta_qa_0228,10,-37.500000
cta_qa_0228,11,-37.500000
cta_qa_0228,12,-37.312500
cta_qa_0228,13,-0.314032
cta_qa_0228,14,-0.314032
cta_qa_0228,15,-0.314032
cta_qa_0228,16,-37.500000
cta_qa_0228,17,-37.500000
cta_qa_0228,18,-37.500000
cta_qa_0228,19,-37.500000
cta_qa_0228,20,-37.500000
cta_qa_0228,21,-37.500000
cta_qa_0228,22,-37.500000
cta_qa_0228,23,-37.500000
cta_qa_0228,24,-37.500000
cta_qa_0228,25,-37.500000
cta_qa_0228,26,-37.500000
cta_qa_0228,27,-37.500000
cta_qa_0228,28,-0.314032
cta_qa_0228,29,-37.312500
cta_qa_0228,30,-0.314032
cta_qa_0228,31,-0.314032
cta_qa_0228,32,-37.500000
cta_qa_0228,33,-37.500000
cta_qa_0228,34,-37.500000
cta_qa_0228,35,-37.500000
cta_qa_0228,36,-37.500000
cta_qa_0228,37,-37.500000
cta_qa_0228,38,-37.500000
cta_qa_0228,39,-37.500000
cta_qa_0228,40,-37.312500
cta_qa_0228,41,-37.312500
cta_qa_0228,42,-0.314032
cta_qa_0228,43,-0.314032
cta_qa_0228,44,-37.500000
cta_qa_0228,45,-37.500000
cta_qa_0228,46,-37.500000
cta_qa_0228,47,-37.500000
cta_qa_0228,48,-37.500000
cta_qa_0228,49,-37.500000
cta_qa_0228,50,-37.500000
cta_qa_0228,51,-37.500000
cta_qa_0228,52,-37.500000
cta_qa_0228,53,-37.500000
cta_qa_0228,54,-37.500000
cta_qa_0228,55,-37.500000
cta_qa_0228,56,-37.500000
cta_qa_0228,57,-37.500000
cta_qa_0228,58,-37.500000
cta_qa_0228,59,-37.500000
cta_qa_0228,60,-37.500000
cta_qa_0228,61,-37.500000
cta_qa_0228,62,-37.500000
cta_qa_0228,63,-37.500000
cta_qa_0229,0,-0.441461
cta_qa_0229,1,-37.062500
cta_qa_0229,2,-0.251760
cta_qa_0229,3,-0.251760
cta_qa_0229,4,-0.467850
cta_qa_0229,5,-0.349360
cta_qa_0229,6,-0.349447
cta_qa_0229,7,-36.750000
cta_qa_0229,8,-36.750000
cta_qa_0229,9,-0.352175
cta_qa_0229,10,-36.750000
cta_qa_0229,11,-0.352175
cta_qa_0229,12,-0.467850
cta_qa_0229,13,-0.467850
cta_qa_0229,14,-36.750000
cta_qa_0229,15,-36.750000
cta_qa_0229,16,-37.000000
cta_qa_0229,17,-0.409986
cta_qa_0229,18,-37.000000
cta_qa_0229,19,-37.000000
cta_qa_0229,20,-0.411022
cta_qa_0229,21,-34.250000
cta_qa_0229,22,-0.409265
cta_qa_0229,23,-0.439505
cta_qa_0229,24,-0.470926
cta_qa_0229,25,-0.382821
cta_qa_0229,26,-0.411868
cta_qa_0229,27,-33.500000
cta_qa_0229,28,-33.500000
cta_qa_0229,29,-0.382147
cta_qa_0229,30,-0.382821
cta_qa_0229,31,-0.385866
cta_qa_0229,32,-37.062500
cta_qa_0229,33,-0.251760
cta_qa_0229,34,-0.251760
cta_qa_0229,35,-0.441461
cta_qa_0229,36,-31.000000
cta_qa_0229,37,-0.378799
cta_qa_0229,38,-0.378799
cta_qa_0229,39,-0.408685
cta_qa_0229,40,-0.251760
cta_qa_0229,41,-37.062500
cta_qa_0229,42,-37.062500
cta_qa_0229,43,-37.062500
cta_qa_0229,44,-0.349447
cta_qa_0229,45,-0.349360
cta_qa_0229,46,-0.349360
cta_qa_0229,47,-36.750000
cta_qa_0229,48,-0.349360
cta_qa_0229,49,-0.349360
cta_qa_0229,50,-0.467850
cta_qa_0229,51,-37.250000
cta_qa_0229,52,-0.467850
cta_qa_0229,53,-0.349360
cta_qa_0229,54,-0.349360
cta_qa_0229,55,-36.750000
cta_qa_0229,56,-0.349360
cta_qa_0229,57,-0.349360
cta_qa_0229,58,-37.750000
cta_qa_0229,59,-0.349360
cta_qa_0229,60,-37.062500
cta_qa_0229,61,-37.062500
cta_qa_0229,62,-37.062500
cta_qa_0229,63,-0.251760
cta_qa_0230,0,-37.375000
cta_qa_0230,1,-37.375000
cta_qa_0230,2,-37.375000
cta_qa_0230,3,-37.375000
cta_qa_0230,4,-0.348145
cta_qa_0230,5,-0.348145
cta_qa_0230,6,-33.625000
cta_qa_0230,7,-0.348145
cta_qa_0230,8,-0.315698
cta_qa_0230,9,-37.437500
cta_qa_0230,10,-37.437500
cta_qa_0230,11,-37.437500
cta_qa_0230,12,-33.625000
cta_qa_0230,13,-0.348145
cta_qa_0230,14,-0.285854
cta_qa_0230,15,-0.348145
cta_qa_0230,16,-37.437500
cta_qa_0230,17,-37.437500
cta_qa_0230,18,-37.437500
cta_qa_0230,19,-0.315698
cta_qa_0230,20,-37.375000
cta_qa_0230,21,-37.375000
cta_qa_0230,22,-37.375000
cta_qa_0230,23,-37.375000
cta_qa_0230,24,-0.315698
cta_qa_0230,25,-37.437500
cta_qa_0230,26,-0.315698
cta_qa_0230,27,-0.315698
cta_qa_0230,28,-37.437500
cta_qa_0230,29,-0.315698
cta_qa_0230,30,-37.437500
cta_qa_0230,31,-0.315698
cta_qa_0230,32,-0.313865
cta_qa_0230,33,-36.625000
cta_qa_0230,34,-0.313865
cta_qa_0230,35,-0.313865
cta_qa_0230,36,-34.875000
cta_qa_0230,37,-0.348145
cta_qa_0230,38,-0.348145
cta_qa_0230,39,-0.348145
cta_qa_0230,40,-0.313865
cta_qa_0230,41,-36.625000
cta_qa_0230,42,-0.313865
cta_qa_0230,43,-0.348661
cta_qa_0230,44,-37.375000
cta_qa_0230,45,-37.375000
cta_qa_0230,46,-37.375000
cta_qa_0230,47,-37.375000
cta_qa_0230,48,-37.437500
cta_qa_0230,49,-37.437500
cta_qa_0230,50,-37.437500
cta_qa_0230,51,-0.315698
cta_qa_0230,52,-37.375000
cta_qa_0230,53,-37.375000
cta_qa_0230,54,-37.187500
cta_qa_0230,55,-37.375000
cta_qa_0230,56,-37.375000
cta_qa_0230,57,-37.375000
cta_qa_0230,58,-37.375000
cta_qa_0230,59,-37.375000
cta_qa_0230,60,-37.375000
cta_qa_0230,61,-37.375000
cta_qa_0230,62,-37.375000
cta_qa_0230,63,-37.375000
cta_qa_0231,0,-34.500000
cta_qa_0231,1,-0.252574
cta_qa_0231,2,-34.500000
cta_qa_0231,3,-0.431238
cta_qa_0231,4,-0.346796
cta_qa_0231,5,-0.493979
cta_qa_0231,6,-33.375000
cta_qa_0231,7,-0.493979
cta_qa_0231,8,-0.283644
cta_qa_0231,9,-0.283644
cta_qa_0231,10,-33.875000
cta_qa_0231,11,-0.343554
cta_qa_0231,12,-32.125000
cta_qa_0231,13,-33.375000
cta_qa_0231,14,-33.375000
cta_qa_0231,15,-0.346796
cta_qa_0231,16,-34.500000
cta_qa_0231,17,-34.500000
cta_qa_0231,18,-34.500000
cta_qa_0231,19,-0.431238
cta_qa_0231,20,-0.312315
cta_qa_0231,21,-37.125000
cta_qa_0231,22,-0.312315
cta_qa_0231,23,-0.312315
cta_qa_0231,24,-0.347355
cta_qa_0231,25,-0.314539
cta_qa_0231,26,-0.493975
cta_qa_0231,27,-31.750000
cta_qa_0231,28,-0.220455
cta_qa_0231,29,-0.284395
cta_qa_0231,30,-0.282352
cta_qa_0231,31,-29.625000
cta_qa_0231,32,-0.493979
cta_qa_0231,33,-33.375000
cta_qa_0231,34,-0.281064
cta_qa_0231,35,-0.281064
cta_qa_0231,36,-0.462558
cta_qa_0231,37,-0.284340
cta_qa_0231,38,-0.374784
cta_qa_0231,39,-33.875000
cta_qa_0231,40,-0.403679
cta_qa_0231,41,-0.251672
cta_qa_0231,42,-31.750000
cta_qa_0231,43,-0.347355
cta_qa_0231,44,-0.402890
cta_qa_0231,45,-0.402890
cta_qa_0231,46,-32.500000
cta_qa_0231,47,-0.402890
cta_qa_0231,48,-33.375000
cta_qa_0231,49,-0.493979
cta_qa_0231,50,-33.375000
cta_qa_0231,51,-0.493979
cta_qa_0231,52,-33.375000
cta_qa_0231,53,-0.493979
cta_qa_0231,54,-0.346796
cta_qa_0231,55,-0.493979
cta_qa_0231,56,-0.402890
cta_qa_0231,57,-32.500000
cta_qa_0231,58,-32.500000
cta_qa_0231,59,-0.402890
cta_qa_0231,60,-36.125000
cta_qa_0231,61,-0.493975
cta_qa_0231,62,-0.347355
cta_qa_0231,63,-0.493975
cta_qa_0232,0,-36.937500
cta_qa_0232,1,-34.000000
cta_qa_0232,2,-0.411938
cta_qa_0232,3,-0.381119
cta_qa_0232,4,-0.411938
cta_qa_0232,5,-0.411938
cta_qa_0232,6,-0.411938
cta_qa_0232,7,-34.000000
cta_qa_0232,8,-0.442552
cta_qa_0232,9,-0.476337
cta_qa_0232,10,-36.875000
cta_qa_0232,11,-36.875000
cta_qa_0232,12,-0.473582
cta_qa_0232,13,-0.407445
cta_qa_0232,14,-0.475686
cta_qa_0232,15,-37.437500
cta_qa_0232,16,-0.467150
cta_qa_0232,17,-0.413744
cta_qa_0232,18,-36.875000
cta_qa_0232,19,-36.875000
cta_qa_0232,20,-0.384052
cta_qa_0232,21,-36.750000
cta_qa_0232,22,-0.286933
cta_qa_0232,23,-0.286933
cta_qa_0232,24,-36.875000
cta_qa_0232,25,-0.444422
cta_qa_0232,26,-36.875000
cta_qa_0232,27,-0.442552
cta_qa_0232,28,-0.469747
cta_qa_0232,29,-0.316071
cta_qa_0232,30,-36.750000
cta_qa_0232,31,-0.286933
cta_qa_0232,32,-0.386532
cta_qa_0232,33,-0.444878
cta_qa_0232,34,-0.468531
cta_qa_0232,35,-34.125000
cta_qa_0232,36,-0.437284
cta_qa_0232,37,-0.412017
cta_qa_0232,38,-34.125000
cta_qa_0232,39,-0.378433
cta_qa_0232,40,-33.625000
cta_qa_0232,41,-34.000000
cta_qa_0232,42,-0.381119
cta_qa_0232,43,-0.442107
cta_qa_0232,44,-33.250000
cta_qa_0232,45,-0.412285
cta_qa_0232,46,-0.316071
cta_qa_0232,47,-0.382451
cta_qa_0232,48,-34.125000
cta_qa_0232,49,-0.412017
cta_qa_0232,50,-0.284182
cta_qa_0232,51,-0.412017
cta_qa_0232,52,-0.442107
cta_qa_0232,53,-0.439636
cta_qa_0232,54,-0.411938
cta_qa_0232,55,-34.000000
cta_qa_0232,56,-0.411938
cta_qa_0232,57,-34.000000
cta_qa_0232,58,-0.411938
cta_qa_0232,59,-0.411938
cta_qa_0232,60,-36.875000
cta_qa_0232,61,-0.504474
cta_qa_0232,62,-36.875000
cta_qa_0232,63,-36.875000
cta_qa_0233,0,-0.441025
cta_qa_0233,1,-35.875000
cta_qa_0233,2,-0.480075
cta_qa_0233,3,-0.441025
cta_qa_0233,4,-0.571921
cta_qa_0233,5,-36.000000
cta_qa_0233,6,-0.436433
cta_qa_0233,7,-0.436433
cta_qa_0233,8,-0.344500
cta_qa_0233,9,-35.750000
cta_qa_0233,10,-35.750000
cta_qa_0233,11,-35.750000
cta_qa_0233,12,-0.441025
cta_qa_0233,13,-35.875000
cta_qa_0233,14,-0.441025
cta_qa_0233,15,-35.875000
cta_qa_0233,16,-35.750000
cta_qa_0233,17,-35.750000
cta_qa_0233,18,-35.750000
cta_qa_0233,19,-0.465965
cta_qa_0233,20,-0.444382
cta_qa_0233,21,-0.479489
cta_qa_0233,22,-0.479489
cta_qa_0233,23,-35.625000
cta_qa_0233,24,-36.125000
cta_qa_0233,25,-36.125000
cta_qa_0233,26,-36.125000
cta_qa_0233,27,-36.125000
cta_qa_0233,28,-35.750000
cta_qa_0233,29,-0.479020
cta_qa_0233,30,-35.750000
cta_qa_0233,31,-35.750000
cta_qa_0233,32,-36.125000
cta_qa_0233,33,-36.125000
cta_qa_0233,34,-36.125000
cta_qa_0233,35,-36.125000
cta_qa_0233,36,-0.537906
cta_qa_0233,37,-0.465965
cta_qa_0233,38,-35.750000
cta_qa_0233,39,-35.750000
cta_qa_0233,40,-36.125000
cta_qa_0233,41,-36.125000
cta_qa_0233,42,-36.125000
cta_qa_0233,43,-36.125000
cta_qa_0233,44,-0.410511
cta_qa_0233,45,-35.750000
cta_qa_0233,46,-35.750000
cta_qa_0233,47,-35.750000
cta_qa_0233,48,-0.441025
cta_qa_0233,49,-35.875000
cta_qa_0233,50,-0.506393
cta_qa_0233,51,-0.572634
cta_qa_0233,52,-0.474258
cta_qa_0233,53,-0.474258
cta_qa_0233,54,-36.375000
cta_qa_0233,55,-0.474258
cta_qa_0233,56,-35.750000
cta_qa_0233,57,-35.750000
cta_qa_0233,58,-0.408364
cta_qa_0233,59,-35.750000
cta_qa_0233,60,-35.875000
cta_qa_0233,61,-0.572634
cta_qa_0233,62,-0.572634
cta_qa_0233,63,-0.506393
cta_qa_0234,0,-0.320919
cta_qa_0234,1,-36.937500
cta_qa_0234,2,-0.348288
cta_qa_0234,3,-0.348288
cta_qa_0234,4,-32.875000
cta_qa_0234,5,-36.937500
cta_qa_0234,6,-0.467216
cta_qa_0234,7,-0.348288
cta_qa_0234,8,-0.315900
cta_qa_0234,9,-0.343520
cta_qa_0234,10,-37.062500
cta_qa_0234,11,-0.498419
cta_qa_0234,12,-0.348231
cta_qa_0234,13,-33.000000
cta_qa_0234,14,-0.378437
cta_qa_0234,15,-0.467216
cta_qa_0234,16,-0.350274
cta_qa_0234,17,-0.467257
cta_qa_0234,18,-0.350274
cta_qa_0234,19,-33.500000
cta_qa_0234,20,-0.344721
cta_qa_0234,21,-27.750000
cta_qa_0234,22,-0.408713
cta_qa_0234,23,-0.319640
cta_qa_0234,24,-37.687500
cta_qa_0234,25,-38.062500
cta_qa_0234,26,-38.062500
cta_qa_0234,27,-38.062500
cta_qa_0234,28,-0.348040
cta_qa_0234,29,-35.000000
cta_qa_0234,30,-0.350274
cta_qa_0234,31,-0.410407
cta_qa_0234,32,-0.379550
cta_qa_0234,33,-33.000000
cta_qa_0234,34,-0.467216
cta_qa_0234,35,-0.467216
cta_qa_0234,36,-0.349028
cta_qa_0234,37,-0.346416
cta_qa_0234,38,-0.495934
cta_qa_0234,39,-34.875000
cta_qa_0234,40,-0.350274
cta_qa_0234,41,-37.687500
cta_qa_0234,42,-0.350274
cta_qa_0234,43,-0.320893
cta_qa_0234,44,-37.062500
cta_qa_0234,45,-0.404942
cta_qa_0234,46,-38.000000
cta_qa_0234,47,-38.000000
cta_qa_0234,48,-35.625000
cta_qa_0234,49,-0.467257
cta_qa_0234,50,-0.348102
cta_qa_0234,51,-0.350274
cta_qa_0234,52,-0.323195
cta_qa_0234,53,-0.323195
cta_qa_0234,54,-36.125000
cta_qa_0234,55,-0.353143
cta_qa_0234,56,-36.625000
cta_qa_0234,57,-0.320086
cta_qa_0234,58,-0.404729
cta_qa_0234,59,-0.353286
cta_qa_0234,60,-0.377473
cta_qa_0234,61,-0.319616
cta_qa_0234,62,-0.260236
cta_qa_0234,63,-37.625000
cta_qa_0235,0,-24.375000
cta_qa_0235,1,-24.375000
cta_qa_0235,2,-24.375000
cta_qa_0235,3,-24.375000
cta_qa_0235,4,-0.525669
cta_qa_0235,5,-33.875000
cta_qa_0235,6,-0.525669
cta_qa_0235,7,-0.525669
cta_qa_0235,8,-37.437500
cta_qa_0235,9,-37.437500
cta_qa_0235,10,-0.403370
cta_qa_0235,11,-0.403370
cta_qa_0235,12,-24.375000
cta_qa_0235,13,-24.375000
cta_qa_0235,14,-24.375000
cta_qa_0235,15,-24.375000
cta_qa_0235,16,-0.400017
cta_qa_0235,17,-0.400017
cta_qa_0235,18,-37.625000
cta_qa_0235,19,-0.400017
cta_qa_0235,20,-24.375000
cta_qa_0235,21,-24.375000
cta_qa_0235,22,-24.375000
cta_qa_0235,23,-24.375000
cta_qa_0235,24,-36.000000
cta_qa_0235,25,-0.289158
cta_qa_0235,26,-0.400167
cta_qa_0235,27,-0.400167
cta_qa_0235,28,-37.250000
cta_qa_0235,29,-0.462915
cta_qa_0235,30,-0.462915
cta_qa_0235,31,-0.462915
cta_qa_0235,32,-0.522364
cta_qa_0235,33,-0.348822
cta_qa_0235,34,-37.000000
cta_qa_0235,35,-0.522364
cta_qa_0235,36,-24.375000
cta_qa_0235,37,-24.375000
cta_qa_0235,38,-24.375000
cta_qa_0235,39,-24.375000
cta_qa_0235,40,-0.400017
cta_qa_0235,41,-0.400017
cta_qa_0235,42,-37.437500
cta_qa_0235,43,-0.400017
cta_qa_0235,44,-24.375000
cta_qa_0235,45,-24.375000
cta_qa_0235,46,-24.375000
cta_qa_0235,47,-24.375000
cta_qa_0235,48,-24.375000
cta_qa_0235,49,-24.375000
cta_qa_0235,50,-24.375000
cta_qa_0235,51,-24.375000
cta_qa_0235,52,-37.437500
cta_qa_0235,53,-0.525514
cta_qa_0235,54,-0.525514
cta_qa_0235,55,-0.525514
cta_qa_0235,56,-0.555512
cta_qa_0235,57,-37.812500
cta_qa_0235,58,-0.555512
cta_qa_0235,59,-0.555512
cta_qa_0235,60,-24.375000
cta_qa_0235,61,-24.375000
cta_qa_0235,62,-24.375000
cta_qa_0235,63,-24.375000
cta_qa_0236,0,-36.375000
cta_qa_0236,1,-38.187500
cta_qa_0236,2,-0.281896
cta_qa_0236,3,-0.381954
cta_qa_0236,4,-0.416706
cta_qa_0236,5,-0.382790
cta_qa_0236,6,-38.187500
cta_qa_0236,7,-0.416401
cta_qa_0236,8,-38.000000
cta_qa_0236,9,-0.383442
cta_qa_0236,10,-0.383585
cta_qa_0236,11,-0.470017
cta_qa_0236,12,-37.625000
cta_qa_0236,13,-37.625000
cta_qa_0236,14,-37.625000
cta_qa_0236,15,-0.440012
cta_qa_0236,16,-36.375000
cta_qa_0236,17,-38.187500
cta_qa_0236,18,-0.281896
cta_qa_0236,19,-0.281896
cta_qa_0236,20,-0.281896
cta_qa_0236,21,-0.281896
cta_qa_0236,22,-38.187500
cta_qa_0236,23,-38.187500
cta_qa_0236,24,-0.347879
cta_qa_0236,25,-0.193080
cta_qa_0236,26,-37.500000
cta_qa_0236,27,-0.231554
cta_qa_0236,28,-38.187500
cta_qa_0236,29,-0.281896
cta_qa_0236,30,-38.187500
cta_qa_0236,31,-0.344398
cta_qa_0236,32,-0.233110
cta_qa_0236,33,-0.349184
cta_qa_0236,34,-0.233110
cta_qa_0236,35,-37.750000
cta_qa_0236,36,-38.062500
cta_qa_0236,37,-36.625000
cta_qa_0236,38,-38.062500
cta_qa_0236,39,-38.062500
cta_qa_0236,40,-0.281896
cta_qa_0236,41,-0.281896
cta_qa_0236,42,-38.187500
cta_qa_0236,43,-0.281896
cta_qa_0236,44,-0.227499
cta_qa_0236,45,-0.351583
cta_qa_0236,46,-0.321047
cta_qa_0236,47,-37.187500
cta_qa_0236,48,-36.875000
cta_qa_0236,49,-0.354211
cta_qa_0236,50,-0.385007
cta_qa_0236,51,-0.357075
cta_qa_0236,52,-0.413541
cta_qa_0236,53,-0.281896
cta_qa_0236,54,-0.281896
cta_qa_0236,55,-38.187500
cta_qa_0236,56,-0.264359
cta_qa_0236,57,-0.126587
cta_qa_0236,58,-37.375000
cta_qa_0236,59,-0.291561
cta_qa_0236,60,-0.227499
cta_qa_0236,61,-37.187500
cta_qa_0236,62,-0.256866
cta_qa_0236,63,-0.227499
cta_qa_0237,0,-0.440965
cta_qa_0237,1,-0.412590
cta_qa_0237,2,-39.062500
cta_qa_0237,3,-0.440965
cta_qa_0237,4,-0.412590
cta_qa_0237,5,-0.379354
cta_qa_0237,6,-39.062500
cta_qa_0237,7,-0.440965
cta_qa_0237,8,-0.472338
cta_qa_0237,9,-0.472338
cta_qa_0237,10,-0.501060
cta_qa_0237,11,-38.500000
cta_qa_0237,12,-0.442488
cta_qa_0237,13,-39.062500
cta_qa_0237,14,-0.440965
cta_qa_0237,15,-0.442488
cta_qa_0237,16,-0.408583
cta_qa_0237,17,-0.382545
cta_qa_0237,18,-39.062500
cta_qa_0237,19,-0.159233
cta_qa_0237,20,-0.351295
cta_qa_0237,21,-0.408583
cta_qa_0237,22,-0.349969
cta_qa_0237,23,-38.375000
cta_qa_0237,24,-0.440965
cta_qa_0237,25,-39.062500
cta_qa_0237,26,-39.062500
cta_qa_0237,27,-39.062500
cta_qa_0237,28,-0.379354
cta_qa_0237,29,-0.440965
cta_qa_0237,30,-39.062500
cta_qa_0237,31,-0.440965
cta_qa_0237,32,-0.404745
cta_qa_0237,33,-0.404745
cta_qa_0237,34,-0.439578
cta_qa_0237,35,-38.687500
cta_qa_0237,36,-0.412628
cta_qa_0237,37,-38.750000
cta_qa_0237,38,-0.412628
cta_qa_0237,39,-0.412531
cta_qa_0237,40,-0.412628
cta_qa_0237,41,-0.412628
cta_qa_0237,42,-38.312500
cta_qa_0237,43,-0.412531
cta_qa_0237,44,-0.472338
cta_qa_0237,45,-37.812500
cta_qa_0237,46,-0.472338
cta_qa_0237,47,-0.472338
cta_qa_0237,48,-39.062500
cta_qa_0237,49,-0.439654
cta_qa_0237,50,-39.062500
cta_qa_0237,51,-39.062500
cta_qa_0237,52,-0.442458
cta_qa_0237,53,-0.440025
cta_qa_0237,54,-0.442458
cta_qa_0237,55,-38.812500
cta_qa_0237,56,-38.625000
cta_qa_0237,57,-0.412463
cta_qa_0237,58,-0.378686
cta_qa_0237,59,-0.378686
cta_qa_0237,60,-39.062500
cta_qa_0237,61,-0.440965
cta_qa_0237,62,-39.062500
cta_qa_0237,63,-0.501044
cta_qa_0238,0,-0.337815
cta_qa_0238,1,-0.275401
cta_qa_0238,2,-0.272796
cta_qa_0238,3,-37.250000
cta_qa_0238,4,-0.337010
cta_qa_0238,5,-0.337010
cta_qa_0238,6,-37.437500
cta_qa_0238,7,-0.272796
cta_qa_0238,8,-0.396504
cta_qa_0238,9,-0.396504
cta_qa_0238,10,-30.125000
cta_qa_0238,11,-0.311065
cta_qa_0238,12,-0.337010
cta_qa_0238,13,-37.250000
cta_qa_0238,14,-0.337010
cta_qa_0238,15,-0.337010
cta_qa_0238,16,-0.193430
cta_qa_0238,17,-0.304509
cta_qa_0238,18,-0.254740
cta_qa_0238,19,-30.125000
cta_qa_0238,20,-0.457387
cta_qa_0238,21,-0.338267
cta_qa_0238,22,-0.457387
cta_qa_0238,23,-36.125000
cta_qa_0238,24,-37.250000
cta_qa_0238,25,-0.337010
cta_qa_0238,26,-0.337010
cta_qa_0238,27,-0.337010
cta_qa_0238,28,-0.212217
cta_qa_0238,29,-37.437500
cta_qa_0238,30,-0.212217
cta_qa_0238,31,-0.212217
cta_qa_0238,32,-31.375000
cta_qa_0238,33,-0.373392
cta_qa_0238,34,-0.279890
cta_qa_0238,35,-0.373392
cta_qa_0238,36,-0.192325
cta_qa_0238,37,-35.375000
cta_qa_0238,38,-0.227271
cta_qa_0238,39,-0.216055
cta_qa_0238,40,-37.000000
cta_qa_0238,41,-0.343538
cta_qa_0238,42,-0.457387
cta_qa_0238,43,-0.457387
cta_qa_0238,44,-37.687500
cta_qa_0238,45,-0.243655
cta_qa_0238,46,-37.687500
cta_qa_0238,47,-0.243655
cta_qa_0238,48,-31.125000
cta_qa_0238,49,-31.125000
cta_qa_0238,50,-31.125000
cta_qa_0238,51,-31.125000
cta_qa_0238,52,-37.250000
cta_qa_0238,53,-0.337010
cta_qa_0238,54,-0.244989
cta_qa_0238,55,-0.337010
cta_qa_0238,56,-39.062500
cta_qa_0238,57,-0.286069
cta_qa_0238,58,-0.411357
cta_qa_0238,59,-0.410105
cta_qa_0238,60,-37.000000
cta_qa_0238,61,-0.457387
cta_qa_0238,62,-0.457387
cta_qa_0238,63,-0.457387
cta_qa_0239,0,-0.318733
cta_qa_0239,1,-37.562500
cta_qa_0239,2,-0.318570
cta_qa_0239,3,-0.318570
cta_qa_0239,4,-0.318733
cta_qa_0239,5,-37.562500
cta_qa_0239,6,-37.562500
cta_qa_0239,7,-37.562500
cta_qa_0239,8,-0.322095
cta_qa_0239,9,-0.219644
cta_qa_0239,10,-35.875000
cta_qa_0239,11,-0.346258
cta_qa_0239,12,-0.410085
cta_qa_0239,13,-0.318733
cta_qa_0239,14,-0.318733
cta_qa_0239,15,-37.562500
cta_qa_0239,16,-0.323282
cta_qa_0239,17,-0.349730
cta_qa_0239,18,-0.377470
cta_qa_0239,19,-37.625000
cta_qa_0239,20,-38.250000
cta_qa_0239,21,-0.292963
cta_qa_0239,22,-0.228586
cta_qa_0239,23,-0.319423
cta_qa_0239,24,-0.316220
cta_qa_0239,25,-38.125000
cta_qa_0239,26,-0.317564
cta_qa_0239,27,-0.286162
cta_qa_0239,28,-37.375000
cta_qa_0239,29,-0.291993
cta_qa_0239,30,-0.291993
cta_qa_0239,31,-0.317564
cta_qa_0239,32,-0.291993
cta_qa_0239,33,-0.291993
cta_qa_0239,34,-0.316220
cta_qa_0239,35,-37.750000
cta_qa_0239,36,-37.562500
cta_qa_0239,37,-37.562500
cta_qa_0239,38,-0.318570
cta_qa_0239,39,-0.318570
cta_qa_0239,40,-0.287567
cta_qa_0239,41,-0.068303
cta_qa_0239,42,-0.259062
cta_qa_0239,43,-37.312500
cta_qa_0239,44,-38.062500
cta_qa_0239,45,-0.287573
cta_qa_0239,46,-0.097168
cta_qa_0239,47,-0.287567
cta_qa_0239,48,-0.318634
cta_qa_0239,49,-0.260151
cta_qa_0239,50,-0.260151
cta_qa_0239,51,-35.500000
cta_qa_0239,52,-38.062500
cta_qa_0239,53,-0.347341
cta_qa_0239,54,-0.321293
cta_qa_0239,55,-0.321293
cta_qa_0239,56,-37.562500
cta_qa_0239,57,-0.318733
cta_qa_0239,58,-0.318570
cta_qa_0239,59,-0.287495
cta_qa_0239,60,-0.291993
cta_qa_0239,61,-37.750000
cta_qa_0239,62,-0.288825
cta_qa_0239,63,-0.316220
cta_qa_0240,0,-37.750000
cta_qa_0240,1,-37.812500
cta_qa_0240,2,-0.356507
cta_qa_0240,3,-0.323094
cta_qa_0240,4,-37.812500
cta_qa_0240,5,-37.812500
cta_qa_0240,6,-37.812500
cta_qa_0240,7,-0.353334
cta_qa_0240,8,-37.750000
cta_qa_0240,9,-37.812500
cta_qa_0240,10,-37.937500
cta_qa_0240,11,-0.438706
cta_qa_0240,12,-37.937500
cta_qa_0240,13,-37.937500
cta_qa_0240,14,-37.937500
cta_qa_0240,15,-37.937500
cta_qa_0240,16,-0.315403
cta_qa_0240,17,-0.315403
cta_qa_0240,18,-37.750000
cta_qa_0240,19,-0.315403
cta_qa_0240,20,-37.937500
cta_qa_0240,21,-37.937500
cta_qa_0240,22,-37.937500
cta_qa_0240,23,-37.937500
cta_qa_0240,24,-0.438706
cta_qa_0240,25,-37.812500
cta_qa_0240,26,-37.812500
cta_qa_0240,27,-0.438706
cta_qa_0240,28,-38.812500
cta_qa_0240,29,-0.385285
cta_qa_0240,30,-0.350235
cta_qa_0240,31,-0.412456
cta_qa_0240,32,-38.187500
cta_qa_0240,33,-0.383250
cta_qa_0240,34,-0.383250
cta_qa_0240,35,-0.383250
cta_qa_0240,36,-0.438706
cta_qa_0240,37,-0.354630
cta_qa_0240,38,-37.812500
cta_qa_0240,39,-37.812500
cta_qa_0240,40,-0.355455
cta_qa_0240,41,-37.812500
cta_qa_0240,42,-37.812500
cta_qa_0240,43,-0.448542
cta_qa_0240,44,-0.284951
cta_qa_0240,45,-37.625000
cta_qa_0240,46,-0.315403
cta_qa_0240,47,-0.284951
cta_qa_0240,48,-37.937500
cta_qa_0240,49,-37.937500
cta_qa_0240,50,-37.937500
cta_qa_0240,51,-37.937500
cta_qa_0240,52,-38.312500
cta_qa_0240,53,-38.312500
cta_qa_0240,54,-37.937500
cta_qa_0240,55,-38.312500
cta_qa_0240,56,-38.375000
cta_qa_0240,57,-0.438706
cta_qa_0240,58,-37.812500
cta_qa_0240,59,-0.322943
cta_qa_0240,60,-0.352068
cta_qa_0240,61,-37.812500
cta_qa_0240,62,-38.375000
cta_qa_0240,63,-37.812500
cta_qa_0241,0,-0.468571
cta_qa_0241,1,-0.382262
cta_qa_0241,2,-0.382262
cta_qa_0241,3,-37.000000
cta_qa_0241,4,-0.435815
cta_qa_0241,5,-0.318645
cta_qa_0241,6,-35.875000
cta_qa_0241,7,-0.318645
cta_qa_0241,8,-0.378460
cta_qa_0241,9,-0.378460
cta_qa_0241,10,-0.408463
cta_qa_0241,11,-36.125000
cta_qa_0241,12,-0.496990
cta_qa_0241,13,-36.125000
cta_qa_0241,14,-0.381058
cta_qa_0241,15,-0.378460
cta_qa_0241,16,-0.468551
cta_qa_0241,17,-37.500000
cta_qa_0241,18,-0.380430
cta_qa_0241,19,-0.410443
cta_qa_0241,20,-37.000000
cta_qa_0241,21,-0.382254
cta_qa_0241,22,-0.468571
cta_qa_0241,23,-0.468571
cta_qa_0241,24,-0.441101
cta_qa_0241,25,-36.125000
cta_qa_0241,26,-36.125000
cta_qa_0241,27,-0.408463
cta_qa_0241,28,-28.125000
cta_qa_0241,29,-28.125000
cta_qa_0241,30,-28.125000
cta_qa_0241,31,-28.125000
cta_qa_0241,32,-0.382262
cta_qa_0241,33,-0.382262
cta_qa_0241,34,-37.000000
cta_qa_0241,35,-0.468571
cta_qa_0241,36,-0.438704
cta_qa_0241,37,-36.687500
cta_qa_0241,38,-0.438704
cta_qa_0241,39,-0.408946
cta_qa_0241,40,-0.468571
cta_qa_0241,41,-0.382254
cta_qa_0241,42,-37.000000
cta_qa_0241,43,-0.382262
cta_qa_0241,44,-0.345399
cta_qa_0241,45,-0.557923
cta_qa_0241,46,-37.125000
cta_qa_0241,47,-37.125000
cta_qa_0241,48,-0.468571
cta_qa_0241,49,-0.468571
cta_qa_0241,50,-37.000000
cta_qa_0241,51,-0.382262
cta_qa_0241,52,-0.346346
cta_qa_0241,53,-36.125000
cta_qa_0241,54,-36.125000
cta_qa_0241,55,-0.346346
cta_qa_0241,56,-38.187500
cta_qa_0241,57,-0.380354
cta_qa_0241,58,-0.468551
cta_qa_0241,59,-0.350858
cta_qa_0241,60,-37.187500
cta_qa_0241,61,-37.187500
cta_qa_0241,62,-37.187500
cta_qa_0241,63,-37.187500
cta_qa_0242,0,-37.812500
cta_qa_0242,1,-0.284222
cta_qa_0242,2,-35.750000
cta_qa_0242,3,-35.750000
cta_qa_0242,4,-0.387056
cta_qa_0242,5,-0.353295
cta_qa_0242,6,-34.500000
cta_qa_0242,7,-0.385732
cta_qa_0242,8,-37.937500
cta_qa_0242,9,-0.317787
cta_qa_0242,10,-0.317787
cta_qa_0242,11,-0.317787
cta_qa_0242,12,-0.499800
cta_qa_0242,13,-35.125000
cta_qa_0242,14,-34.875000
cta_qa_0242,15,-0.378214
cta_qa_0242,16,-0.413058
cta_qa_0242,17,-0.528226
cta_qa_0242,18,-14.874999
cta_qa_0242,19,-0.528226
cta_qa_0242,20,-0.378214
cta_qa_0242,21,-0.378214
cta_qa_0242,22,-31.000000
cta_qa_0242,23,-0.499800
cta_qa_0242,24,-0.378214
cta_qa_0242,25,-0.316342
cta_qa_0242,26,-31.000000
cta_qa_0242,27,-0.499800
cta_qa_0242,28,-0.317787
cta_qa_0242,29,-0.382147
cta_qa_0242,30,-0.321338
cta_qa_0242,31,-38.125000
cta_qa_0242,32,-35.750000
cta_qa_0242,33,-35.750000
cta_qa_0242,34,-37.812500
cta_qa_0242,35,-0.378214
cta_qa_0242,36,-0.382147
cta_qa_0242,37,-0.347837
cta_qa_0242,38,-38.000000
cta_qa_0242,39,-0.222160
cta_qa_0242,40,-0.378214
cta_qa_0242,41,-37.812500
cta_qa_0242,42,-35.125000
cta_qa_0242,43,-0.378214
cta_qa_0242,44,-0.529718
cta_qa_0242,45,-0.444620
cta_qa_0242,46,-33.000000
cta_qa_0242,47,-0.473735
cta_qa_0242,48,-0.378214
cta_qa_0242,49,-37.812500
cta_qa_0242,50,-0.499800
cta_qa_0242,51,-33.250000
cta_qa_0242,52,-0.288436
cta_qa_0242,53,-0.378206
cta_qa_0242,54,-0.497170
cta_qa_0242,55,-33.500000
cta_qa_0242,56,-37.312500
cta_qa_0242,57,-0.433778
cta_qa_0242,58,-0.375895
cta_qa_0242,59,-0.376894
cta_qa_0242,60,-38.812500
cta_qa_0242,61,-0.375929
cta_qa_0242,62,-0.377923
cta_qa_0242,63,-0.475654
cta_qa_0243,0,-0.475326
cta_qa_0243,1,-0.475326
cta_qa_0243,2,-34.875000
cta_qa_0243,3,-34.875000
cta_qa_0243,4,-33.125000
cta_qa_0243,5,-0.384165
cta_qa_0243,6,-0.320764
cta_qa_0243,7,-0.371338
cta_qa_0243,8,-0.502157
cta_qa_0243,9,-36.750000
cta_qa_0243,10,-0.535315
cta_qa_0243,11,-0.535315
cta_qa_0243,12,-35.000000
cta_qa_0243,13,-0.254930
cta_qa_0243,14,-0.503851
cta_qa_0243,15,-0.287414
cta_qa_0243,16,-0.473850
cta_qa_0243,17,-0.354318
cta_qa_0243,18,-35.375000
cta_qa_0243,19,-0.473850
cta_qa_0243,20,-0.472422
cta_qa_0243,21,-0.350788
cta_qa_0243,22,-0.472422
cta_qa_0243,23,-10.749998
cta_qa_0243,24,-35.125000
cta_qa_0243,25,-0.254930
cta_qa_0243,26,-0.287414
cta_qa_0243,27,-0.503851
cta_qa_0243,28,-0.449679
cta_qa_0243,29,-0.254930
cta_qa_0243,30,-0.288525
cta_qa_0243,31,-38.250000
cta_qa_0243,32,-0.512355
cta_qa_0243,33,-0.451620
cta_qa_0243,34,-35.875000
cta_qa_0243,35,-35.000000
cta_qa_0243,36,-27.500000
cta_qa_0243,37,-27.500000
cta_qa_0243,38,-27.500000
cta_qa_0243,39,-27.500000
cta_qa_0243,40,-0.312311
cta_qa_0243,41,-35.125000
cta_qa_0243,42,-0.413173
cta_qa_0243,43,-0.502509
cta_qa_0243,44,-0.349360
cta_qa_0243,45,-0.444279
cta_qa_0243,46,-0.355611
cta_qa_0243,47,-37.312500
cta_qa_0243,48,-34.750000
cta_qa_0243,49,-0.448523
cta_qa_0243,50,-0.254930
cta_qa_0243,51,-33.125000
cta_qa_0243,52,-0.381637
cta_qa_0243,53,-0.254930
cta_qa_0243,54,-0.250731
cta_qa_0243,55,-33.125000
cta_qa_0243,56,-0.444174
cta_qa_0243,57,-0.410280
cta_qa_0243,58,-0.444174
cta_qa_0243,59,-36.000000
cta_qa_0243,60,-0.356885
cta_qa_0243,61,-0.479035
cta_qa_0243,62,-0.446016
cta_qa_0243,63,-33.125000
cta_qa_0244,0,-0.375944
cta_qa_0244,1,-0.379198
cta_qa_0244,2,-0.379198
cta_qa_0244,3,-34.000000
cta_qa_0244,4,-0.312282
cta_qa_0244,5,-35.000000
cta_qa_0244,6,-0.312282
cta_qa_0244,7,-0.314794
cta_qa_0244,8,-34.000000
cta_qa_0244,9,-34.000000
cta_qa_0244,10,-0.375944
cta_qa_0244,11,-0.442838
cta_qa_0244,12,-34.000000
cta_qa_0244,13,-0.373690
cta_qa_0244,14,-0.375944
cta_qa_0244,15,-34.000000
cta_qa_0244,16,-0.341050
cta_qa_0244,17,-0.312293
cta_qa_0244,18,-0.373610
cta_qa_0244,19,-34.750000
cta_qa_0244,20,-0.313507
cta_qa_0244,21,-0.312271
cta_qa_0244,22,-0.313487
cta_qa_0244,23,-38.125000
cta_qa_0244,24,-37.937500
cta_qa_0244,25,-37.937500
cta_qa_0244,26,-37.937500
cta_qa_0244,27,-37.937500
cta_qa_0244,28,-0.379469
cta_qa_0244,29,-0.408406
cta_qa_0244,30,-34.000000
cta_qa_0244,31,-34.000000
cta_qa_0244,32,-36.875000
cta_qa_0244,33,-0.440933
cta_qa_0244,34,-0.283208
cta_qa_0244,35,-0.404865
cta_qa_0244,36,-0.254540
cta_qa_0244,37,-0.254540
cta_qa_0244,38,-38.500000
cta_qa_0244,39,-0.254540
cta_qa_0244,40,-0.345866
cta_qa_0244,41,-0.345866
cta_qa_0244,42,-35.125000
cta_qa_0244,43,-0.345866
cta_qa_0244,44,-0.251260
cta_qa_0244,45,-0.251260
cta_qa_0244,46,-0.251260
cta_qa_0244,47,-36.750000
cta_qa_0244,48,-0.251260
cta_qa_0244,49,-0.251260
cta_qa_0244,50,-36.750000
cta_qa_0244,51,-0.251260
cta_qa_0244,52,-0.379469
cta_qa_0244,53,-0.379469
cta_qa_0244,54,-0.407146
cta_qa_0244,55,-34.000000
cta_qa_0244,56,-0.379469
cta_qa_0244,57,-34.000000
cta_qa_0244,58,-0.470931
cta_qa_0244,59,-0.375944
cta_qa_0244,60,-0.287219
cta_qa_0244,61,-0.287219
cta_qa_0244,62,-37.562500
cta_qa_0244,63,-0.369864
cta_qa_0245,0,-0.407385
cta_qa_0245,1,-36.375000
cta_qa_0245,2,-0.407385
cta_qa_0245,3,-0.407385
cta_qa_0245,4,-0.407385
cta_qa_0245,5,-0.407385
cta_qa_0245,6,-0.407385
cta_qa_0245,7,-36.562500
cta_qa_0245,8,-36.000000
cta_qa_0245,9,-0.407385
cta_qa_0245,10,-36.375000
cta_qa_0245,11,-0.252345
cta_qa_0245,12,-36.000000
cta_qa_0245,13,-0.407385
cta_qa_0245,14,-36.000000
cta_qa_0245,15,-36.375000
cta_qa_0245,16,-0.255966
cta_qa_0245,17,-0.191535
cta_qa_0245,18,-0.434588
cta_qa_0245,19,-36.312500
cta_qa_0245,20,-0.347578
cta_qa_0245,21,-0.347578
cta_qa_0245,22,-34.000000
cta_qa_0245,23,-0.347578
cta_qa_0245,24,-0.377518
cta_qa_0245,25,-37.625000
cta_qa_0245,26,-0.377518
cta_qa_0245,27,-0.377518
cta_qa_0245,28,-0.257152
cta_qa_0245,29,-0.435917
cta_qa_0245,30,-0.435917
cta_qa_0245,31,-36.250000
cta_qa_0245,32,-36.000000
cta_qa_0245,33,-0.407385
cta_qa_0245,34,-36.562500
cta_qa_0245,35,-0.407385
cta_qa_0245,36,-36.000000
cta_qa_0245,37,-36.000000
cta_qa_0245,38,-0.407385
cta_qa_0245,39,-36.000000
cta_qa_0245,40,-36.750000
cta_qa_0245,41,-0.347578
cta_qa_0245,42,-34.000000
cta_qa_0245,43,-0.347578
cta_qa_0245,44,-0.407385
cta_qa_0245,45,-0.407385
cta_qa_0245,46,-0.407385
cta_qa_0245,47,-36.000000
cta_qa_0245,48,-36.000000
cta_qa_0245,49,-0.407385
cta_qa_0245,50,-0.407385
cta_qa_0245,51,-0.407385
cta_qa_0245,52,-0.221169
cta_qa_0245,53,-0.407385
cta_qa_0245,54,-37.000000
cta_qa_0245,55,-0.407385
cta_qa_0245,56,-0.407385
cta_qa_0245,57,-36.000000
cta_qa_0245,58,-0.407385
cta_qa_0245,59,-0.407385
cta_qa_0245,60,-0.498258
cta_qa_0245,61,-0.498258
cta_qa_0245,62,-36.250000
cta_qa_0245,63,-0.498258
cta_qa_0246,0,-0.198066
cta_qa_0246,1,-0.198066
cta_qa_0246,2,-0.198066
cta_qa_0246,3,-35.875000
cta_qa_0246,4,-0.198066
cta_qa_0246,5,-35.875000
cta_qa_0246,6,-35.875000
cta_qa_0246,7,-35.875000
cta_qa_0246,8,-0.321931
cta_qa_0246,9,-0.316632
cta_qa_0246,10,-0.262549
cta_qa_0246,11,-33.750000
cta_qa_0246,12,-0.197504
cta_qa_0246,13,-0.200457
cta_qa_0246,14,-34.875000
cta_qa_0246,15,-0.201343
cta_qa_0246,16,-36.000000
cta_qa_0246,17,-36.000000
cta_qa_0246,18,-36.000000
cta_qa_0246,19,-36.000000
cta_qa_0246,20,-0.068314
cta_qa_0246,21,-0.068314
cta_qa_0246,22,-35.250000
cta_qa_0246,23,-35.250000
cta_qa_0246,24,-36.000000
cta_qa_0246,25,-36.000000
cta_qa_0246,26,-36.000000
cta_qa_0246,27,-36.000000
cta_qa_0246,28,-35.875000
cta_qa_0246,29,-35.875000
cta_qa_0246,30,-0.285782
cta_qa_0246,31,-35.875000
cta_qa_0246,32,-0.198066
cta_qa_0246,33,-0.198066
cta_qa_0246,34,-35.875000
cta_qa_0246,35,-0.198066
cta_qa_0246,36,-0.198066
cta_qa_0246,37,-0.336731
cta_qa_0246,38,-35.875000
cta_qa_0246,39,-0.198066
cta_qa_0246,40,-0.260139
cta_qa_0246,41,-0.260139
cta_qa_0246,42,-36.062500
cta_qa_0246,43,-0.160347
cta_qa_0246,44,-35.875000
cta_qa_0246,45,-0.198066
cta_qa_0246,46,-0.198066
cta_qa_0246,47,-0.198066
cta_qa_0246,48,-0.165499
cta_qa_0246,49,-35.875000
cta_qa_0246,50,-0.336731
cta_qa_0246,51,-0.198066
cta_qa_0246,52,-35.250000
cta_qa_0246,53,-0.371992
cta_qa_0246,54,-0.068314
cta_qa_0246,55,-0.197504
cta_qa_0246,56,-35.875000
cta_qa_0246,57,-0.198066
cta_qa_0246,58,-0.198066
cta_qa_0246,59,-0.198066
cta_qa_0246,60,-35.875000
cta_qa_0246,61,-0.198066
cta_qa_0246,62,-0.198066
cta_qa_0246,63,-0.198066
cta_qa_0247,0,-38.187500
cta_qa_0247,1,-38.187500
cta_qa_0247,2,-37.375000
cta_qa_0247,3,-38.187500
cta_qa_0247,4,-38.250000
cta_qa_0247,5,-38.250000
cta_qa_0247,6,-0.365304
cta_qa_0247,7,-38.250000
cta_qa_0247,8,-38.187500
cta_qa_0247,9,-38.187500
cta_qa_0247,10,-38.187500
cta_qa_0247,11,-37.375000
cta_qa_0247,12,-0.247959
cta_qa_0247,13,-0.247959
cta_qa_0247,14,-0.215543
cta_qa_0247,15,-38.062500
cta_qa_0247,16,-0.431640
cta_qa_0247,17,-0.431640
cta_qa_0247,18,-36.500000
cta_qa_0247,19,-0.431640
cta_qa_0247,20,-37.625000
cta_qa_0247,21,-38.187500
cta_qa_0247,22,-38.187500
cta_qa_0247,23,-37.375000
cta_qa_0247,24,-38.187500
cta_qa_0247,25,-37.375000
cta_qa_0247,26,-38.187500
cta_qa_0247,27,-38.187500
cta_qa_0247,28,-38.187500
cta_qa_0247,29,-38.187500
cta_qa_0247,30,-38.187500
cta_qa_0247,31,-38.187500
cta_qa_0247,32,-38.187500
cta_qa_0247,33,-38.187500
cta_qa_0247,34,-38.187500
cta_qa_0247,35,-38.187500
cta_qa_0247,36,-0.431640
cta_qa_0247,37,-0.431640
cta_qa_0247,38,-36.500000
cta_qa_0247,39,-0.431640
cta_qa_0247,40,-36.500000
cta_qa_0247,41,-0.431640
cta_qa_0247,42,-0.431640
cta_qa_0247,43,-0.431640
cta_qa_0247,44,-38.187500
cta_qa_0247,45,-38.187500
cta_qa_0247,46,-38.187500
cta_qa_0247,47,-38.187500
cta_qa_0247,48,-38.187500
cta_qa_0247,49,-38.187500
cta_qa_0247,50,-38.187500
cta_qa_0247,51,-38.187500
cta_qa_0247,52,-37.125000
cta_qa_0247,53,-0.215543
cta_qa_0247,54,-0.215543
cta_qa_0247,55,-0.215543
cta_qa_0247,56,-38.187500
cta_qa_0247,57,-38.187500
cta_qa_0247,58,-38.000000
cta_qa_0247,59,-38.187500
cta_qa_0247,60,-37.375000
cta_qa_0247,61,-38.187500
cta_qa_0247,62,-37.375000
cta_qa_0247,63,-38.187500
cta_qa_0248,0,-0.437298
cta_qa_0248,1,-35.000000
cta_qa_0248,2,-0.347487
cta_qa_0248,3,-0.488350
cta_qa_0248,4,-0.468550
cta_qa_0248,5,-0.434698
cta_qa_0248,6,-0.488350
cta_qa_0248,7,-35.000000
cta_qa_0248,8,-0.343545
cta_qa_0248,9,-0.469782
cta_qa_0248,10,-35.000000
cta_qa_0248,11,-0.404856
cta_qa_0248,12,-35.000000
cta_qa_0248,13,-35.000000
cta_qa_0248,14,-0.280258
cta_qa_0248,15,-35.000000
cta_qa_0248,16,-35.000000
cta_qa_0248,17,-0.434698
cta_qa_0248,18,-0.377278
cta_qa_0248,19,-0.437298
cta_qa_0248,20,-35.000000
cta_qa_0248,21,-35.000000
cta_qa_0248,22,-35.000000
cta_qa_0248,23,-29.500000
cta_qa_0248,24,-35.000000
cta_qa_0248,25,-0.488350
cta_qa_0248,26,-35.000000
cta_qa_0248,27,-35.000000
cta_qa_0248,28,-35.000000
cta_qa_0248,29,-35.000000
cta_qa_0248,30,-35.000000
cta_qa_0248,31,-0.468550
cta_qa_0248,32,-0.439671
cta_qa_0248,33,-35.000000
cta_qa_0248,34,-0.280258
cta_qa_0248,35,-0.406041
cta_qa_0248,36,-35.000000
cta_qa_0248,37,-36.500000
cta_qa_0248,38,-0.406041
cta_qa_0248,39,-35.000000
cta_qa_0248,40,-0.406051
cta_qa_0248,41,-35.000000
cta_qa_0248,42,-0.280258
cta_qa_0248,43,-0.488350
cta_qa_0248,44,-0.406050
cta_qa_0248,45,-0.377278
cta_qa_0248,46,-0.488350
cta_qa_0248,47,-35.000000
cta_qa_0248,48,-0.379976
cta_qa_0248,49,-0.434698
cta_qa_0248,50,-0.469782
cta_qa_0248,51,-34.875000
cta_qa_0248,52,-0.406041
cta_qa_0248,53,-0.468550
cta_qa_0248,54,-35.000000
cta_qa_0248,55,-35.000000
cta_qa_0248,56,-0.437298
cta_qa_0248,57,-0.344751
cta_qa_0248,58,-35.000000
cta_qa_0248,59,-0.434698
cta_qa_0248,60,-0.470896
cta_qa_0248,61,-0.280258
cta_qa_0248,62,-0.406041
cta_qa_0248,63,-35.000000
cta_qa_0249,0,-37.750000
cta_qa_0249,1,-0.381813
cta_qa_0249,2,-0.443265
cta_qa_0249,3,-0.467232
cta_qa_0249,4,-36.625000
cta_qa_0249,5,-38.375000
cta_qa_0249,6,-0.411238
cta_qa_0249,7,-36.625000
cta_qa_0249,8,-0.380784
cta_qa_0249,9,-35.875000
cta_qa_0249,10,-0.468558
cta_qa_0249,11,-0.378847
cta_qa_0249,12,-37.500000
cta_qa_0249,13,-0.316344
cta_qa_0249,14,-0.471148
cta_qa_0249,15,-0.317348
cta_qa_0249,16,-0.413260
cta_qa_0249,17,-0.413582
cta_qa_0249,18,-36.937500
cta_qa_0249,19,-0.413582
cta_qa_0249,20,-0.354464
cta_qa_0249,21,-38.500000
cta_qa_0249,22,-0.321026
cta_qa_0249,23,-0.354613
cta_qa_0249,24,-37.750000
cta_qa_0249,25,-0.411238
cta_qa_0249,26,-0.378847
cta_qa_0249,27,-36.437500
cta_qa_0249,28,-38.625000
cta_qa_0249,29,-0.467303
cta_qa_0249,30,-0.344786
cta_qa_0249,31,-0.382021
cta_qa_0249,32,-38.125000
cta_qa_0249,33,-0.378360
cta_qa_0249,34,-0.322611
cta_qa_0249,35,-0.322038
cta_qa_0249,36,-0.380865
cta_qa_0249,37,-0.319629
cta_qa_0249,38,-38.437500
cta_qa_0249,39,-0.349874
cta_qa_0249,40,-0.413366
cta_qa_0249,41,-0.382443
cta_qa_0249,42,-0.413582
cta_qa_0249,43,-37.812500
cta_qa_0249,44,-0.320051
cta_qa_0249,45,-38.500000
cta_qa_0249,46,-0.380280
cta_qa_0249,47,-0.322209
cta_qa_0249,48,-38.500000
cta_qa_0249,49,-0.413386
cta_qa_0249,50,-0.410854
cta_qa_0249,51,-0.413386
cta_qa_0249,52,-0.294135
cta_qa_0249,53,-0.354613
cta_qa_0249,54,-38.500000
cta_qa_0249,55,-38.500000
cta_qa_0249,56,-0.503388
cta_qa_0249,57,-0.350078
cta_qa_0249,58,-38.500000
cta_qa_0249,59,-0.503388
cta_qa_0249,60,-0.470885
cta_qa_0249,61,-0.384666
cta_qa_0249,62,-0.258267
cta_qa_0249,63,-38.000000
cta_qa_0250,0,-0.410602
cta_qa_0250,1,-0.410602
cta_qa_0250,2,-0.410602
cta_qa_0250,3,-38.062500
cta_qa_0250,4,-0.531025
cta_qa_0250,5,-35.250000
cta_qa_0250,6,-0.531025
cta_qa_0250,7,-0.476415
cta_qa_0250,8,-0.507012
cta_qa_0250,9,-0.507012
cta_qa_0250,10,-36.250000
cta_qa_0250,11,-0.449351
cta_qa_0250,12,-0.384061
cta_qa_0250,13,-0.531025
cta_qa_0250,14,-0.531025
cta_qa_0250,15,-34.750000
cta_qa_0250,16,-35.875000
cta_qa_0250,17,-0.410128
cta_qa_0250,18,-35.125000
cta_qa_0250,19,-0.410128
cta_qa_0250,20,-0.348431
cta_qa_0250,21,-0.410128
cta_qa_0250,22,-0.322453
cta_qa_0250,23,-35.125000
cta_qa_0250,24,-36.625000
cta_qa_0250,25,-0.443004
cta_qa_0250,26,-0.411759
cta_qa_0250,27,-0.410580
cta_qa_0250,28,-0.410128
cta_qa_0250,29,-0.410128
cta_qa_0250,30,-35.125000
cta_qa_0250,31,-0.410128
cta_qa_0250,32,-0.474032
cta_qa_0250,33,-37.750000
cta_qa_0250,34,-0.474032
cta_qa_0250,35,-0.474032
cta_qa_0250,36,-26.875000
cta_qa_0250,37,-26.875000
cta_qa_0250,38,-26.875000
cta_qa_0250,39,-26.875000
cta_qa_0250,40,-0.531025
cta_qa_0250,41,-0.531025
cta_qa_0250,42,-0.531025
cta_qa_0250,43,-35.250000
cta_qa_0250,44,-0.475752
cta_qa_0250,45,-37.000000
cta_qa_0250,46,-0.475752
cta_qa_0250,47,-0.414405
cta_qa_0250,48,-0.414038
cta_qa_0250,49,-0.414038
cta_qa_0250,50,-0.414038
cta_qa_0250,51,-37.062500
cta_qa_0250,52,-0.377290
cta_qa_0250,53,-0.531025
cta_qa_0250,54,-0.531025
cta_qa_0250,55,-35.250000
cta_qa_0250,56,-37.562500
cta_qa_0250,57,-0.410602
cta_qa_0250,58,-0.410602
cta_qa_0250,59,-0.410602
cta_qa_0250,60,-0.316218
cta_qa_0250,61,-37.062500
cta_qa_0250,62,-0.414038
cta_qa_0250,63,-0.414038
cta_qa_0251,0,-0.498710
cta_qa_0251,1,-0.528524
cta_qa_0251,2,-0.498710
cta_qa_0251,3,-36.125000
cta_qa_0251,4,-0.503046
cta_qa_0251,5,-36.125000
cta_qa_0251,6,-36.125000
cta_qa_0251,7,-36.125000
cta_qa_0251,8,-0.458439
cta_qa_0251,9,-36.937500
cta_qa_0251,10,-0.281911
cta_qa_0251,11,-0.458439
cta_qa_0251,12,-0.498710
cta_qa_0251,13,-0.500883
cta_qa_0251,14,-0.528524
cta_qa_0251,15,-36.125000
cta_qa_0251,16,-36.937500
cta_qa_0251,17,-0.341409
cta_qa_0251,18,-0.341409
cta_qa_0251,19,-0.341409
cta_qa_0251,20,-0.503046
cta_qa_0251,21,-0.528524
cta_qa_0251,22,-36.125000
cta_qa_0251,23,-36.125000
cta_qa_0251,24,-0.458439
cta_qa_0251,25,-36.937500
cta_qa_0251,26,-36.937500
cta_qa_0251,27,-0.458439
cta_qa_0251,28,-0.436163
cta_qa_0251,29,-0.284071
cta_qa_0251,30,-37.187500
cta_qa_0251,31,-0.433142
cta_qa_0251,32,-0.498710
cta_qa_0251,33,-0.500883
cta_qa_0251,34,-0.500883
cta_qa_0251,35,-36.125000
cta_qa_0251,36,-0.341409
cta_qa_0251,37,-0.370199
cta_qa_0251,38,-0.458439
cta_qa_0251,39,-36.937500
cta_qa_0251,40,-0.280092
cta_qa_0251,41,-36.937500
cta_qa_0251,42,-0.458439
cta_qa_0251,43,-0.344553
cta_qa_0251,44,-0.373337
cta_qa_0251,45,-0.402717
cta_qa_0251,46,-37.250000
cta_qa_0251,47,-0.496522
cta_qa_0251,48,-37.000000
cta_qa_0251,49,-0.279601
cta_qa_0251,50,-37.000000
cta_qa_0251,51,-0.377922
cta_qa_0251,52,-0.469987
cta_qa_0251,53,-0.531065
cta_qa_0251,54,-36.375000
cta_qa_0251,55,-0.528887
cta_qa_0251,56,-0.433100
cta_qa_0251,57,-36.937500
cta_qa_0251,58,-0.458439
cta_qa_0251,59,-0.458439
cta_qa_0251,60,-0.344553
cta_qa_0251,61,-36.937500
cta_qa_0251,62,-0.341409
cta_qa_0251,63,-0.341409
cta_qa_0252,0,-0.324046
cta_qa_0252,1,-0.442762
cta_qa_0252,2,-35.812500
cta_qa_0252,3,-0.384862
cta_qa_0252,4,-0.410270
cta_qa_0252,5,-34.125000
cta_qa_0252,6,-0.356537
cta_qa_0252,7,-34.125000
cta_qa_0252,8,-34.125000
cta_qa_0252,9,-34.125000
cta_qa_0252,10,-0.352172
cta_qa_0252,11,-0.233476
cta_qa_0252,12,-34.125000
cta_qa_0252,13,-33.625000
cta_qa_0252,14,-0.261379
cta_qa_0252,15,-34.125000
cta_qa_0252,16,-0.385725
cta_qa_0252,17,-0.531039
cta_qa_0252,18,-29.625000
cta_qa_0252,19,-0.447914
cta_qa_0252,20,-34.125000
cta_qa_0252,21,-0.352172
cta_qa_0252,22,-0.259456
cta_qa_0252,23,-0.259456
cta_qa_0252,24,-0.286203
cta_qa_0252,25,-0.350582
cta_qa_0252,26,-0.286203
cta_qa_0252,27,-34.375000
cta_qa_0252,28,-0.286203
cta_qa_0252,29,-34.375000
cta_qa_0252,30,-0.286203
cta_qa_0252,31,-0.350582
cta_qa_0252,32,-34.125000
cta_qa_0252,33,-0.410270
cta_qa_0252,34,-34.125000
cta_qa_0252,35,-34.125000
cta_qa_0252,36,-34.375000
cta_qa_0252,37,-0.286203
cta_qa_0252,38,-0.471357
cta_qa_0252,39,-0.286203
cta_qa_0252,40,-34.375000
cta_qa_0252,41,-0.286203
cta_qa_0252,42,-0.286203
cta_qa_0252,43,-0.471357
cta_qa_0252,44,-0.352172
cta_qa_0252,45,-0.352172
cta_qa_0252,46,-34.125000
cta_qa_0252,47,-0.259456
cta_qa_0252,48,-0.293828
cta_qa_0252,49,-0.293828
cta_qa_0252,50,-37.500000
cta_qa_0252,51,-0.293828
cta_qa_0252,52,-0.410270
cta_qa_0252,53,-34.125000
cta_qa_0252,54,-0.410270
cta_qa_0252,55,-34.125000
cta_qa_0252,56,-34.125000
cta_qa_0252,57,-34.125000
cta_qa_0252,58,-0.352172
cta_qa_0252,59,-34.125000
cta_qa_0252,60,-0.259456
cta_qa_0252,61,-34.125000
cta_qa_0252,62,-0.410270
cta_qa_0252,63,-0.259456
cta_qa_0253,0,-0.411443
cta_qa_0253,1,-0.378817
cta_qa_0253,2,-0.378817
cta_qa_0253,3,-35.875000
cta_qa_0253,4,-0.412492
cta_qa_0253,5,-35.875000
cta_qa_0253,6,-0.382900
cta_qa_0253,7,-0.348866
cta_qa_0253,8,-35.875000
cta_qa_0253,9,-0.380046
cta_qa_0253,10,-0.413919
cta_qa_0253,11,-0.348866
cta_qa_0253,12,-0.378817
cta_qa_0253,13,-0.378817
cta_qa_0253,14,-0.382900
cta_qa_0253,15,-35.375000
cta_qa_0253,16,-0.349244
cta_qa_0253,17,-0.349080
cta_qa_0253,18,-0.408802
cta_qa_0253,19,-33.875000
cta_qa_0253,20,-0.385014
cta_qa_0253,21,-0.382900
cta_qa_0253,22,-0.382900
cta_qa_0253,23,-35.125000
cta_qa_0253,24,-32.875000
cta_qa_0253,25,-32.875000
cta_qa_0253,26,-33.625000
cta_qa_0253,27,-0.468574
cta_qa_0253,28,-32.875000
cta_qa_0253,29,-0.468574
cta_qa_0253,30,-34.375000
cta_qa_0253,31,-0.468574
cta_qa_0253,32,-0.443835
cta_qa_0253,33,-0.315825
cta_qa_0253,34,-32.625000
cta_qa_0253,35,-30.750000
cta_qa_0253,36,-0.468574
cta_qa_0253,37,-0.468574
cta_qa_0253,38,-32.875000
cta_qa_0253,39,-34.375000
cta_qa_0253,40,-0.411437
cta_qa_0253,41,-0.384184
cta_qa_0253,42,-0.380197
cta_qa_0253,43,-36.750000
cta_qa_0253,44,-0.378817
cta_qa_0253,45,-0.348866
cta_qa_0253,46,-35.875000
cta_qa_0253,47,-0.382900
cta_qa_0253,48,-38.250000
cta_qa_0253,49,-27.250000
cta_qa_0253,50,-0.381392
cta_qa_0253,51,-0.380183
cta_qa_0253,52,-0.317920
cta_qa_0253,53,-0.356337
cta_qa_0253,54,-34.000000
cta_qa_0253,55,-0.317920
cta_qa_0253,56,-0.380518
cta_qa_0253,57,-0.380518
cta_qa_0253,58,-30.250000
cta_qa_0253,59,-0.347614
cta_qa_0253,60,-0.347283
cta_qa_0253,61,-35.375000
cta_qa_0253,62,-0.443835
cta_qa_0253,63,-0.344480
cta_qa_0254,0,-0.313601
cta_qa_0254,1,-32.125000
cta_qa_0254,2,-32.125000
cta_qa_0254,3,-32.250000
cta_qa_0254,4,-32.000000
cta_qa_0254,5,-32.000000
cta_qa_0254,6,-32.000000
cta_qa_0254,7,-32.000000
cta_qa_0254,8,-0.255116
cta_qa_0254,9,-37.687500
cta_qa_0254,10,-0.255040
cta_qa_0254,11,-0.255040
cta_qa_0254,12,-32.125000
cta_qa_0254,13,-32.125000
cta_qa_0254,14,-0.313608
cta_qa_0254,15,-32.125000
cta_qa_0254,16,-0.226530
cta_qa_0254,17,-0.226530
cta_qa_0254,18,-33.000000
cta_qa_0254,19,-0.196422
cta_qa_0254,20,-32.000000
cta_qa_0254,21,-32.000000
cta_qa_0254,22,-32.000000
cta_qa_0254,23,-32.000000
cta_qa_0254,24,-32.000000
cta_qa_0254,25,-32.000000
cta_qa_0254,26,-32.000000
cta_qa_0254,27,-32.000000
cta_qa_0254,28,-31.000000
cta_qa_0254,29,-32.000000
cta_qa_0254,30,-32.000000
cta_qa_0254,31,-32.000000
cta_qa_0254,32,-0.432645
cta_qa_0254,33,-32.125000
cta_qa_0254,34,-32.125000
cta_qa_0254,35,-32.125000
cta_qa_0254,36,-32.125000
cta_qa_0254,37,-32.125000
cta_qa_0254,38,-32.125000
cta_qa_0254,39,-0.432645
cta_qa_0254,40,-32.125000
cta_qa_0254,41,-0.313608
cta_qa_0254,42,-32.125000
cta_qa_0254,43,-32.125000
cta_qa_0254,44,-0.134526
cta_qa_0254,45,-27.500000
cta_qa_0254,46,-0.193974
cta_qa_0254,47,-0.134526
cta_qa_0254,48,-32.250000
cta_qa_0254,49,-32.125000
cta_qa_0254,50,-0.432645
cta_qa_0254,51,-32.125000
cta_qa_0254,52,-32.125000
cta_qa_0254,53,-32.125000
cta_qa_0254,54,-0.313608
cta_qa_0254,55,-32.125000
cta_qa_0254,56,-32.125000
cta_qa_0254,57,-0.316232
cta_qa_0254,58,-32.125000
cta_qa_0254,59,-32.125000
cta_qa_0254,60,-32.000000
cta_qa_0254,61,-32.000000
cta_qa_0254,62,-32.000000
cta_qa_0254,63,-32.250000
cta_qa_0255,0,-35.000000
cta_qa_0255,1,-0.227277
cta_qa_0255,2,-0.284441
cta_qa_0255,3,-0.257124
cta_qa_0255,4,-35.000000
cta_qa_0255,5,-0.258168
cta_qa_0255,6,-0.257124
cta_qa_0255,7,-0.257124
cta_qa_0255,8,-0.322221
cta_qa_0255,9,-0.317658
cta_qa_0255,10,-36.000000
cta_qa_0255,11,-0.322221
cta_qa_0255,12,-0.320910
cta_qa_0255,13,-29.625000
cta_qa_0255,14,-0.405424
cta_qa_0255,15,-0.405424
cta_qa_0255,16,-0.257124
cta_qa_0255,17,-35.000000
cta_qa_0255,18,-0.285677
cta_qa_0255,19,-0.284441
cta_qa_0255,20,-0.320039
cta_qa_0255,21,-0.293105
cta_qa_0255,22,-37.375000
cta_qa_0255,23,-0.228787
cta_qa_0255,24,-36.312500
cta_qa_0255,25,-36.312500
cta_qa_0255,26,-0.321892
cta_qa_0255,27,-0.258062
cta_qa_0255,28,-0.257124
cta_qa_0255,29,-0.377357
cta_qa_0255,30,-0.257124
cta_qa_0255,31,-35.000000
cta_qa_0255,32,-0.257124
cta_qa_0255,33,-35.000000
cta_qa_0255,34,-0.257124
cta_qa_0255,35,-0.258168
cta_qa_0255,36,-0.258168
cta_qa_0255,37,-0.257124
cta_qa_0255,38,-0.284441
cta_qa_0255,39,-35.000000
cta_qa_0255,40,-0.345973
cta_qa_0255,41,-0.345973
cta_qa_0255,42,-37.187500
cta_qa_0255,43,-0.344756
cta_qa_0255,44,-35.000000
cta_qa_0255,45,-0.284441
cta_qa_0255,46,-0.259150
cta_qa_0255,47,-0.257124
cta_qa_0255,48,-0.318015
cta_qa_0255,49,-0.318015
cta_qa_0255,50,-0.318015
cta_qa_0255,51,-34.625000
cta_qa_0255,52,-35.000000
cta_qa_0255,53,-0.377357
cta_qa_0255,54,-0.227277
cta_qa_0255,55,-0.257124
cta_qa_0255,56,-0.227035
cta_qa_0255,57,-35.000000
cta_qa_0255,58,-0.257124
cta_qa_0255,59,-0.257124
cta_qa_0255,60,-34.000000
cta_qa_0255,61,-35.000000
cta_qa_0255,62,-35.000000
cta_qa_0255,63,-0.227035
cta_qa_0256,0,-0.259834
cta_qa_0256,1,-0.377591
cta_qa_0256,2,-37.187500
cta_qa_0256,3,-35.875000
cta_qa_0256,4,-0.418264
cta_qa_0256,5,-36.937500
cta_qa_0256,6,-0.388495
cta_qa_0256,7,-0.412365
cta_qa_0256,8,-0.377591
cta_qa_0256,9,-0.293453
cta_qa_0256,10,-37.187500
cta_qa_0256,11,-0.262199
cta_qa_0256,12,-0.260448
cta_qa_0256,13,-0.377591
cta_qa_0256,14,-37.187500
cta_qa_0256,15,-0.260889
cta_qa_0256,16,-0.410341
cta_qa_0256,17,-0.227372
cta_qa_0256,18,-28.000000
cta_qa_0256,19,-0.410341
cta_qa_0256,20,-37.187500
cta_qa_0256,21,-0.293453
cta_qa_0256,22,-0.161373
cta_qa_0256,23,-37.187500
cta_qa_0256,24,-0.260448
cta_qa_0256,25,-35.875000
cta_qa_0256,26,-0.222015
cta_qa_0256,27,-0.377591
cta_qa_0256,28,-0.442600
cta_qa_0256,29,-36.375000
cta_qa_0256,30,-0.468531
cta_qa_0256,31,-0.442617
cta_qa_0256,32,-36.000000
cta_qa_0256,33,-0.350632
cta_qa_0256,34,-0.378917
cta_qa_0256,35,-34.000000
cta_qa_0256,36,-0.322065
cta_qa_0256,37,-0.410341
cta_qa_0256,38,-0.250641
cta_qa_0256,39,-36.625000
cta_qa_0256,40,-0.377591
cta_qa_0256,41,-35.250000
cta_qa_0256,42,-37.187500
cta_qa_0256,43,-0.260448
cta_qa_0256,44,-0.290559
cta_qa_0256,45,-31.000000
cta_qa_0256,46,-0.348924
cta_qa_0256,47,-0.348924
cta_qa_0256,48,-37.562500
cta_qa_0256,49,-0.377591
cta_qa_0256,50,-0.377591
cta_qa_0256,51,-0.129829
cta_qa_0256,52,-0.232875
cta_qa_0256,53,-35.250000
cta_qa_0256,54,-0.324172
cta_qa_0256,55,-0.377591
cta_qa_0256,56,-0.260309
cta_qa_0256,57,-37.187500
cta_qa_0256,58,-35.875000
cta_qa_0256,59,-37.187500
cta_qa_0256,60,-0.377591
cta_qa_0256,61,-0.377591
cta_qa_0256,62,-0.250643
cta_qa_0256,63,-37.187500
cta_qa_0257,0,-37.750000
cta_qa_0257,1,-0.285268
cta_qa_0257,2,-0.285268
cta_qa_0257,3,-0.321571
cta_qa_0257,4,-37.250000
cta_qa_0257,5,-0.313469
cta_qa_0257,6,-0.313469
cta_qa_0257,7,-0.313469
cta_qa_0257,8,-0.380526
cta_qa_0257,9,-0.380526
cta_qa_0257,10,-37.250000
cta_qa_0257,11,-0.380526
cta_qa_0257,12,-37.312500
cta_qa_0257,13,-37.312500
cta_qa_0257,14,-0.313469
cta_qa_0257,15,-0.313469
cta_qa_0257,16,-0.353599
cta_qa_0257,17,-37.250000
cta_qa_0257,18,-0.353599
cta_qa_0257,19,-0.380526
cta_qa_0257,20,-37.312500
cta_qa_0257,21,-37.312500
cta_qa_0257,22,-0.313469
cta_qa_0257,23,-37.312500
cta_qa_0257,24,-37.750000
cta_qa_0257,25,-0.321571
cta_qa_0257,26,-0.321571
cta_qa_0257,27,-0.321571
cta_qa_0257,28,-0.261862
cta_qa_0257,29,-0.385580
cta_qa_0257,30,-0.380738
cta_qa_0257,31,-37.125000
cta_qa_0257,32,-0.313469
cta_qa_0257,33,-0.313469
cta_qa_0257,34,-37.312500
cta_qa_0257,35,-37.312500
cta_qa_0257,36,-0.313469
cta_qa_0257,37,-37.312500
cta_qa_0257,38,-37.312500
cta_qa_0257,39,-0.313469
cta_qa_0257,40,-0.380184
cta_qa_0257,41,-0.380184
cta_qa_0257,42,-37.125000
cta_qa_0257,43,-0.380184
cta_qa_0257,44,-30.375000
cta_qa_0257,45,-30.375000
cta_qa_0257,46,-30.375000
cta_qa_0257,47,-30.375000
cta_qa_0257,48,-37.312500
cta_qa_0257,49,-0.313469
cta_qa_0257,50,-37.312500
cta_qa_0257,51,-0.313469
cta_qa_0257,52,-0.313469
cta_qa_0257,53,-37.312500
cta_qa_0257,54,-37.312500
cta_qa_0257,55,-0.313469
cta_qa_0257,56,-37.312500
cta_qa_0257,57,-37.312500
cta_qa_0257,58,-0.313469
cta_qa_0257,59,-0.313469
cta_qa_0257,60,-0.313469
cta_qa_0257,61,-0.313469
cta_qa_0257,62,-37.312500
cta_qa_0257,63,-37.312500
cta_qa_0258,0,-37.625000
cta_qa_0258,1,-37.625000
cta_qa_0258,2,-37.625000
cta_qa_0258,3,-37.625000
cta_qa_0258,4,-0.260598
cta_qa_0258,5,-0.260598
cta_qa_0258,6,-0.260598
cta_qa_0258,7,-37.687500
cta_qa_0258,8,-0.383349
cta_qa_0258,9,-0.414481
cta_qa_0258,10,-0.383349
cta_qa_0258,11,-37.312500
cta_qa_0258,12,-0.352748
cta_qa_0258,13,-0.353619
cta_qa_0258,14,-0.414609
cta_qa_0258,15,-38.187500
cta_qa_0258,16,-37.625000
cta_qa_0258,17,-37.625000
cta_qa_0258,18,-37.625000
cta_qa_0258,19,-37.625000
cta_qa_0258,20,-0.262024
cta_qa_0258,21,-37.687500
cta_qa_0258,22,-0.262024
cta_qa_0258,23,-0.292001
cta_qa_0258,24,-0.288689
cta_qa_0258,25,-38.437500
cta_qa_0258,26,-0.412920
cta_qa_0258,27,-0.412920
cta_qa_0258,28,-0.417133
cta_qa_0258,29,-37.500000
cta_qa_0258,30,-0.287867
cta_qa_0258,31,-0.414599
cta_qa_0258,32,-0.262024
cta_qa_0258,33,-37.750000
cta_qa_0258,34,-37.437500
cta_qa_0258,35,-0.262024
cta_qa_0258,36,-38.125000
cta_qa_0258,37,-0.412920
cta_qa_0258,38,-0.286867
cta_qa_0258,39,-0.412920
cta_qa_0258,40,-37.625000
cta_qa_0258,41,-37.625000
cta_qa_0258,42,-37.625000
cta_qa_0258,43,-37.625000
cta_qa_0258,44,-37.812500
cta_qa_0258,45,-0.354652
cta_qa_0258,46,-0.354652
cta_qa_0258,47,-0.354960
cta_qa_0258,48,-37.625000
cta_qa_0258,49,-37.625000
cta_qa_0258,50,-37.625000
cta_qa_0258,51,-37.625000
cta_qa_0258,52,-0.321649
cta_qa_0258,53,-37.312500
cta_qa_0258,54,-0.321649
cta_qa_0258,55,-0.321649
cta_qa_0258,56,-37.375000
cta_qa_0258,57,-0.414481
cta_qa_0258,58,-0.383349
cta_qa_0258,59,-0.223081
cta_qa_0258,60,-0.383349
cta_qa_0258,61,-0.383349
cta_qa_0258,62,-38.312500
cta_qa_0258,63,-0.383349
cta_qa_0259,0,-0.402062
cta_qa_0259,1,-36.062500
cta_qa_0259,2,-0.402062
cta_qa_0259,3,-0.285048
cta_qa_0259,4,-0.376198
cta_qa_0259,5,-0.376198
cta_qa_0259,6,-37.375000
cta_qa_0259,7,-0.376198
cta_qa_0259,8,-37.187500
cta_qa_0259,9,-36.625000
cta_qa_0259,10,-0.284547
cta_qa_0259,11,-0.257471
cta_qa_0259,12,-36.687500
cta_qa_0259,13,-37.187500
cta_qa_0259,14,-36.687500
cta_qa_0259,15,-36.687500
cta_qa_0259,16,-29.625000
cta_qa_0259,17,-29.625000
cta_qa_0259,18,-29.625000
cta_qa_0259,19,-29.625000
cta_qa_0259,20,-0.282827
cta_qa_0259,21,-36.750000
cta_qa_0259,22,-36.750000
cta_qa_0259,23,-0.377539
cta_qa_0259,24,-0.375735
cta_qa_0259,25,-0.376198
cta_qa_0259,26,-37.187500
cta_qa_0259,27,-0.376198
cta_qa_0259,28,-0.376198
cta_qa_0259,29,-0.377215
cta_qa_0259,30,-37.375000
cta_qa_0259,31,-0.377215
cta_qa_0259,32,-0.348172
cta_qa_0259,33,-0.348172
cta_qa_0259,34,-37.062500
cta_qa_0259,35,-0.289778
cta_qa_0259,36,-36.312500
cta_qa_0259,37,-0.350236
cta_qa_0259,38,-0.319815
cta_qa_0259,39,-0.319815
cta_qa_0259,40,-36.812500
cta_qa_0259,41,-37.187500
cta_qa_0259,42,-0.436063
cta_qa_0259,43,-36.812500
cta_qa_0259,44,-36.062500
cta_qa_0259,45,-0.220322
cta_qa_0259,46,-0.402062
cta_qa_0259,47,-0.345996
cta_qa_0259,48,-0.287860
cta_qa_0259,49,-36.062500
cta_qa_0259,50,-0.287860
cta_qa_0259,51,-0.402062
cta_qa_0259,52,-36.750000
cta_qa_0259,53,-0.377539
cta_qa_0259,54,-37.375000
cta_qa_0259,55,-0.377539
cta_qa_0259,56,-0.254893
cta_qa_0259,57,-0.402062
cta_qa_0259,58,-36.937500
cta_qa_0259,59,-0.345996
cta_qa_0259,60,-0.313402
cta_qa_0259,61,-36.750000
cta_qa_0259,62,-0.286952
cta_qa_0259,63,-0.286952
cta_qa_0260,0,-35.500000
cta_qa_0260,1,-0.215868
cta_qa_0260,2,-0.215868
cta_qa_0260,3,-35.500000
cta_qa_0260,4,-0.157948
cta_qa_0260,5,-36.375000
cta_qa_0260,6,-0.157948
cta_qa_0260,7,-0.157948
cta_qa_0260,8,-0.427527
cta_qa_0260,9,-0.376272
cta_qa_0260,10,-39.000000
cta_qa_0260,11,-0.376272
cta_qa_0260,12,-0.215868
cta_qa_0260,13,-35.500000
cta_qa_0260,14,-0.215868
cta_qa_0260,15,-0.187335
cta_qa_0260,16,-35.500000
cta_qa_0260,17,-35.500000
cta_qa_0260,18,-0.215868
cta_qa_0260,19,-0.395360
cta_qa_0260,20,-35.500000
cta_qa_0260,21,-35.500000
cta_qa_0260,22,-0.215868
cta_qa_0260,23,-0.395360
cta_qa_0260,24,-0.215868
cta_qa_0260,25,-35.500000
cta_qa_0260,26,-35.500000
cta_qa_0260,27,-35.500000
cta_qa_0260,28,-0.215868
cta_qa_0260,29,-35.500000
cta_qa_0260,30,-35.500000
cta_qa_0260,31,-35.500000
cta_qa_0260,32,-35.750000
cta_qa_0260,33,-35.750000
cta_qa_0260,34,-35.750000
cta_qa_0260,35,-35.750000
cta_qa_0260,36,-0.395360
cta_qa_0260,37,-35.500000
cta_qa_0260,38,-35.500000
cta_qa_0260,39,-35.500000
cta_qa_0260,40,-35.500000
cta_qa_0260,41,-0.215868
cta_qa_0260,42,-0.215868
cta_qa_0260,43,-0.215868
cta_qa_0260,44,-35.500000
cta_qa_0260,45,-35.500000
cta_qa_0260,46,-35.500000
cta_qa_0260,47,-0.215868
cta_qa_0260,48,-35.500000
cta_qa_0260,49,-35.500000
cta_qa_0260,50,-0.215868
cta_qa_0260,51,-35.500000
cta_qa_0260,52,-36.312500
cta_qa_0260,53,-0.215868
cta_qa_0260,54,-0.395360
cta_qa_0260,55,-35.500000
cta_qa_0260,56,-35.750000
cta_qa_0260,57,-35.750000
cta_qa_0260,58,-35.750000
cta_qa_0260,59,-35.750000
cta_qa_0260,60,-35.500000
cta_qa_0260,61,-0.215868
cta_qa_0260,62,-35.500000
cta_qa_0260,63,-35.500000
cta_qa_0261,0,-0.344826
cta_qa_0261,1,-38.000000
cta_qa_0261,2,-0.348702
cta_qa_0261,3,-0.380184
cta_qa_0261,4,-0.501207
cta_qa_0261,5,-36.000000
cta_qa_0261,6,-36.125000
cta_qa_0261,7,-0.501207
cta_qa_0261,8,-0.501207
cta_qa_0261,9,-0.383172
cta_qa_0261,10,-36.000000
cta_qa_0261,11,-36.000000
cta_qa_0261,12,-0.407407
cta_qa_0261,13,-37.562500
cta_qa_0261,14,-0.407366
cta_qa_0261,15,-0.525764
cta_qa_0261,16,-37.312500
cta_qa_0261,17,-0.377460
cta_qa_0261,18,-0.378815
cta_qa_0261,19,-0.377460
cta_qa_0261,20,-0.287127
cta_qa_0261,21,-0.255085
cta_qa_0261,22,-37.750000
cta_qa_0261,23,-0.287127
cta_qa_0261,24,-36.250000
cta_qa_0261,25,-0.321367
cta_qa_0261,26,-0.533492
cta_qa_0261,27,-0.442114
cta_qa_0261,28,-0.353492
cta_qa_0261,29,-0.383172
cta_qa_0261,30,-0.413273
cta_qa_0261,31,-36.000000
cta_qa_0261,32,-0.467216
cta_qa_0261,33,-0.350869
cta_qa_0261,34,-0.383018
cta_qa_0261,35,-34.812500
cta_qa_0261,36,-0.378758
cta_qa_0261,37,-38.687500
cta_qa_0261,38,-0.377460
cta_qa_0261,39,-0.377295
cta_qa_0261,40,-36.000000
cta_qa_0261,41,-0.501207
cta_qa_0261,42,-0.537473
cta_qa_0261,43,-36.000000
cta_qa_0261,44,-0.379883
cta_qa_0261,45,-0.379883
cta_qa_0261,46,-0.352776
cta_qa_0261,47,-38.125000
cta_qa_0261,48,-37.437500
cta_qa_0261,49,-0.381209
cta_qa_0261,50,-37.687500
cta_qa_0261,51,-0.377434
cta_qa_0261,52,-0.377460
cta_qa_0261,53,-0.379961
cta_qa_0261,54,-37.875000
cta_qa_0261,55,-0.526947
cta_qa_0261,56,-0.287127
cta_qa_0261,57,-0.163910
cta_qa_0261,58,-37.875000
cta_qa_0261,59,-0.163910
cta_qa_0261,60,-0.353067
cta_qa_0261,61,-0.383172
cta_qa_0261,62,-0.382151
cta_qa_0261,63,-36.000000
cta_qa_0262,0,-0.382944
cta_qa_0262,1,-35.000000
cta_qa_0262,2,-0.506327
cta_qa_0262,3,-0.506327
cta_qa_0262,4,-0.498508
cta_qa_0262,5,-36.875000
cta_qa_0262,6,-0.498508
cta_qa_0262,7,-0.498508
cta_qa_0262,8,-0.347722
cta_qa_0262,9,-0.437281
cta_qa_0262,10,-0.437281
cta_qa_0262,11,-24.375000
cta_qa_0262,12,-0.317390
cta_qa_0262,13,-0.467234
cta_qa_0262,14,-34.250000
cta_qa_0262,15,-0.313141
cta_qa_0262,16,-37.187500
cta_qa_0262,17,-36.875000
cta_qa_0262,18,-0.498508
cta_qa_0262,19,-0.498508
cta_qa_0262,20,-37.187500
cta_qa_0262,21,-0.413371
cta_qa_0262,22,-0.414289
cta_qa_0262,23,-0.416098
cta_qa_0262,24,-0.404726
cta_qa_0262,25,-0.404726
cta_qa_0262,26,-36.125000
cta_qa_0262,27,-0.404726
cta_qa_0262,28,-0.506327
cta_qa_0262,29,-0.506327
cta_qa_0262,30,-0.506327
cta_qa_0262,31,-35.000000
cta_qa_0262,32,-35.500000
cta_qa_0262,33,-0.502448
cta_qa_0262,34,-0.502448
cta_qa_0262,35,-0.502448
cta_qa_0262,36,-0.506327
cta_qa_0262,37,-0.506327
cta_qa_0262,38,-35.000000
cta_qa_0262,39,-0.506327
cta_qa_0262,40,-0.535027
cta_qa_0262,41,-0.535027
cta_qa_0262,42,-37.625000
cta_qa_0262,43,-0.535027
cta_qa_0262,44,-0.498508
cta_qa_0262,45,-36.875000
cta_qa_0262,46,-0.498508
cta_qa_0262,47,-0.498508
cta_qa_0262,48,-0.506327
cta_qa_0262,49,-0.506327
cta_qa_0262,50,-0.506327
cta_qa_0262,51,-35.000000
cta_qa_0262,52,-0.416210
cta_qa_0262,53,-35.000000
cta_qa_0262,54,-0.411781
cta_qa_0262,55,-0.506327
cta_qa_0262,56,-0.471190
cta_qa_0262,57,-0.471190
cta_qa_0262,58,-34.250000
cta_qa_0262,59,-0.346434
cta_qa_0262,60,-0.415676
cta_qa_0262,61,-0.355963
cta_qa_0262,62,-34.750000
cta_qa_0262,63,-0.472623
cta_qa_0263,0,-35.875000
cta_qa_0263,1,-35.875000
cta_qa_0263,2,-0.265604
cta_qa_0263,3,-35.875000
cta_qa_0263,4,-34.125000
cta_qa_0263,5,-35.625000
cta_qa_0263,6,-35.625000
cta_qa_0263,7,-35.625000
cta_qa_0263,8,-0.265604
cta_qa_0263,9,-35.875000
cta_qa_0263,10,-35.875000
cta_qa_0263,11,-0.265604
cta_qa_0263,12,-35.875000
cta_qa_0263,13,-0.265604
cta_qa_0263,14,-0.265604
cta_qa_0263,15,-34.000000
cta_qa_0263,16,-0.265604
cta_qa_0263,17,-35.875000
cta_qa_0263,18,-0.265604
cta_qa_0263,19,-35.875000
cta_qa_0263,20,-0.173764
cta_qa_0263,21,-35.875000
cta_qa_0263,22,-35.875000
cta_qa_0263,23,-35.875000
cta_qa_0263,24,-0.265604
cta_qa_0263,25,-0.231921
cta_qa_0263,26,-35.875000
cta_qa_0263,27,-35.875000
cta_qa_0263,28,-35.875000
cta_qa_0263,29,-0.265604
cta_qa_0263,30,-35.875000
cta_qa_0263,31,-35.875000
cta_qa_0263,32,-0.265604
cta_qa_0263,33,-35.875000
cta_qa_0263,34,-35.875000
cta_qa_0263,35,-35.875000
cta_qa_0263,36,-35.625000
cta_qa_0263,37,-35.625000
cta_qa_0263,38,-35.625000
cta_qa_0263,39,-35.625000
cta_qa_0263,40,-35.875000
cta_qa_0263,41,-0.265604
cta_qa_0263,42,-35.875000
cta_qa_0263,43,-35.875000
cta_qa_0263,44,-37.250000
cta_qa_0263,45,-0.388896
cta_qa_0263,46,-0.424268
cta_qa_0263,47,-0.424268
cta_qa_0263,48,-0.265604
cta_qa_0263,49,-35.875000
cta_qa_0263,50,-0.265604
cta_qa_0263,51,-0.265604
cta_qa_0263,52,-35.625000
cta_qa_0263,53,-35.625000
cta_qa_0263,54,-35.625000
cta_qa_0263,55,-35.625000
cta_qa_0263,56,-35.625000
cta_qa_0263,57,-35.625000
cta_qa_0263,58,-35.625000
cta_qa_0263,59,-35.625000
cta_qa_0263,60,-35.625000
cta_qa_0263,61,-35.625000
cta_qa_0263,62,-35.625000
cta_qa_0263,63,-35.625000
cta_qa_0264,0,-0.378996
cta_qa_0264,1,-0.377697
cta_qa_0264,2,-0.378996
cta_qa_0264,3,-36.687500
cta_qa_0264,4,-36.625000
cta_qa_0264,5,-36.625000
cta_qa_0264,6,-36.625000
cta_qa_0264,7,-36.625000
cta_qa_0264,8,-0.377697
cta_qa_0264,9,-0.377697
cta_qa_0264,10,-0.377697
cta_qa_0264,11,-36.750000
cta_qa_0264,12,-37.000000
cta_qa_0264,13,-0.315689
cta_qa_0264,14,-0.346102
cta_qa_0264,15,-37.000000
cta_qa_0264,16,-37.000000
cta_qa_0264,17,-0.410732
cta_qa_0264,18,-37.000000
cta_qa_0264,19,-0.346102
cta_qa_0264,20,-0.346102
cta_qa_0264,21,-0.346102
cta_qa_0264,22,-37.000000
cta_qa_0264,23,-37.000000
cta_qa_0264,24,-0.471242
cta_qa_0264,25,-36.687500
cta_qa_0264,26,-0.441164
cta_qa_0264,27,-0.441164
cta_qa_0264,28,-0.379166
cta_qa_0264,29,-0.379166
cta_qa_0264,30,-0.349164
cta_qa_0264,31,-38.375000
cta_qa_0264,32,-37.000000
cta_qa_0264,33,-37.000000
cta_qa_0264,34,-0.346102
cta_qa_0264,35,-0.346102
cta_qa_0264,36,-0.408754
cta_qa_0264,37,-0.441222
cta_qa_0264,38,-0.441222
cta_qa_0264,39,-37.500000
cta_qa_0264,40,-0.377643
cta_qa_0264,41,-0.377643
cta_qa_0264,42,-36.250000
cta_qa_0264,43,-0.408933
cta_qa_0264,44,-0.346102
cta_qa_0264,45,-37.000000
cta_qa_0264,46,-37.000000
cta_qa_0264,47,-0.408171
cta_qa_0264,48,-36.687500
cta_qa_0264,49,-0.441164
cta_qa_0264,50,-0.380209
cta_qa_0264,51,-0.473876
cta_qa_0264,52,-0.408171
cta_qa_0264,53,-37.000000
cta_qa_0264,54,-37.000000
cta_qa_0264,55,-37.000000
cta_qa_0264,56,-0.346102
cta_qa_0264,57,-37.000000
cta_qa_0264,58,-37.000000
cta_qa_0264,59,-37.000000
cta_qa_0264,60,-37.000000
cta_qa_0264,61,-0.499799
cta_qa_0264,62,-0.499799
cta_qa_0264,63,-37.000000
cta_qa_0265,0,-0.447812
cta_qa_0265,1,-37.500000
cta_qa_0265,2,-0.380227
cta_qa_0265,3,-0.508813
cta_qa_0265,4,-0.417007
cta_qa_0265,5,-0.387214
cta_qa_0265,6,-37.250000
cta_qa_0265,7,-0.444190
cta_qa_0265,8,-35.375000
cta_qa_0265,9,-0.384149
cta_qa_0265,10,-0.382113
cta_qa_0265,11,-0.447186
cta_qa_0265,12,-0.383773
cta_qa_0265,13,-37.562500
cta_qa_0265,14,-0.386864
cta_qa_0265,15,-0.383773
cta_qa_0265,16,-37.625000
cta_qa_0265,17,-0.319625
cta_qa_0265,18,-0.504775
cta_qa_0265,19,-0.349063
cta_qa_0265,20,-0.357248
cta_qa_0265,21,-0.357245
cta_qa_0265,22,-0.323386
cta_qa_0265,23,-35.812500
cta_qa_0265,24,-0.472383
cta_qa_0265,25,-37.187500
cta_qa_0265,26,-0.339811
cta_qa_0265,27,-0.417948
cta_qa_0265,28,-37.312500
cta_qa_0265,29,-0.349063
cta_qa_0265,30,-0.475248
cta_qa_0265,31,-0.475248
cta_qa_0265,32,-0.447451
cta_qa_0265,33,-0.354003
cta_qa_0265,34,-0.384571
cta_qa_0265,35,-38.250000
cta_qa_0265,36,-37.625000
cta_qa_0265,37,-37.625000
cta_qa_0265,38,-0.504775
cta_qa_0265,39,-0.475248
cta_qa_0265,40,-36.000000
cta_qa_0265,41,-0.382113
cta_qa_0265,42,-0.382113
cta_qa_0265,43,-0.417434
cta_qa_0265,44,-0.412646
cta_qa_0265,45,-37.312500
cta_qa_0265,46,-0.315120
cta_qa_0265,47,-0.315120
cta_qa_0265,48,-37.125000
cta_qa_0265,49,-0.281053
cta_qa_0265,50,-0.414263
cta_qa_0265,51,-0.414263
cta_qa_0265,52,-0.386864
cta_qa_0265,53,-37.125000
cta_qa_0265,54,-0.386864
cta_qa_0265,55,-0.386864
cta_qa_0265,56,-36.250000
cta_qa_0265,57,-36.000000
cta_qa_0265,58,-0.444283
cta_qa_0265,59,-0.387552
cta_qa_0265,60,-0.412847
cta_qa_0265,61,-36.125000
cta_qa_0265,62,-0.383773
cta_qa_0265,63,-0.382760
cta_qa_0266,0,-37.187500
cta_qa_0266,1,-0.306087
cta_qa_0266,2,-37.312500
cta_qa_0266,3,-37.187500
cta_qa_0266,4,-0.219278
cta_qa_0266,5,-37.187500
cta_qa_0266,6,-0.306087
cta_qa_0266,7,-37.187500
cta_qa_0266,8,-37.062500
cta_qa_0266,9,-37.062500
cta_qa_0266,10,-37.375000
cta_qa_0266,11,-37.062500
cta_qa_0266,12,-37.312500
cta_qa_0266,13,-37.187500
cta_qa_0266,14,-0.306087
cta_qa_0266,15,-37.187500
cta_qa_0266,16,-0.321755
cta_qa_0266,17,-35.125000
cta_qa_0266,18,-0.321755
cta_qa_0266,19,-0.321755
cta_qa_0266,20,-37.062500
cta_qa_0266,21,-37.062500
cta_qa_0266,22,-37.062500
cta_qa_0266,23,-37.062500
cta_qa_0266,24,-37.062500
cta_qa_0266,25,-37.375000
cta_qa_0266,26,-37.062500
cta_qa_0266,27,-37.062500
cta_qa_0266,28,-37.062500
cta_qa_0266,29,-37.062500
cta_qa_0266,30,-37.062500
cta_qa_0266,31,-37.062500
cta_qa_0266,32,-37.062500
cta_qa_0266,33,-37.062500
cta_qa_0266,34,-37.062500
cta_qa_0266,35,-37.062500
cta_qa_0266,36,-37.187500
cta_qa_0266,37,-37.187500
cta_qa_0266,38,-37.312500
cta_qa_0266,39,-0.306087
cta_qa_0266,40,-37.187500
cta_qa_0266,41,-0.306087
cta_qa_0266,42,-37.187500
cta_qa_0266,43,-37.187500
cta_qa_0266,44,-37.062500
cta_qa_0266,45,-37.062500
cta_qa_0266,46,-37.375000
cta_qa_0266,47,-37.062500
cta_qa_0266,48,-0.306087
cta_qa_0266,49,-37.187500
cta_qa_0266,50,-37.312500
cta_qa_0266,51,-37.187500
cta_qa_0266,52,-0.306087
cta_qa_0266,53,-37.187500
cta_qa_0266,54,-37.187500
cta_qa_0266,55,-37.187500
cta_qa_0266,56,-37.062500
cta_qa_0266,57,-37.375000
cta_qa_0266,58,-37.062500
cta_qa_0266,59,-37.375000
cta_qa_0266,60,-0.285094
cta_qa_0266,61,-38.062500
cta_qa_0266,62,-0.318637
cta_qa_0266,63,-0.401271
cta_qa_0267,0,-36.125000
cta_qa_0267,1,-36.125000
cta_qa_0267,2,-36.125000
cta_qa_0267,3,-0.218582
cta_qa_0267,4,-36.375000
cta_qa_0267,5,-36.375000
cta_qa_0267,6,-36.375000
cta_qa_0267,7,-36.375000
cta_qa_0267,8,-36.375000
cta_qa_0267,9,-36.375000
cta_qa_0267,10,-36.375000
cta_qa_0267,11,-36.375000
cta_qa_0267,12,-0.218582
cta_qa_0267,13,-0.218582
cta_qa_0267,14,-36.125000
cta_qa_0267,15,-36.125000
cta_qa_0267,16,-36.125000
cta_qa_0267,17,-36.125000
cta_qa_0267,18,-36.125000
cta_qa_0267,19,-0.189046
cta_qa_0267,20,-36.375000
cta_qa_0267,21,-36.375000
cta_qa_0267,22,-36.375000
cta_qa_0267,23,-36.375000
cta_qa_0267,24,-37.875000
cta_qa_0267,25,-36.375000
cta_qa_0267,26,-36.375000
cta_qa_0267,27,-36.375000
cta_qa_0267,28,-0.218582
cta_qa_0267,29,-36.125000
cta_qa_0267,30,-36.125000
cta_qa_0267,31,-36.125000
cta_qa_0267,32,-36.375000
cta_qa_0267,33,-36.375000
cta_qa_0267,34,-36.375000
cta_qa_0267,35,-36.375000
cta_qa_0267,36,-36.125000
cta_qa_0267,37,-36.125000
cta_qa_0267,38,-0.218582
cta_qa_0267,39,-36.125000
cta_qa_0267,40,-36.375000
cta_qa_0267,41,-36.375000
cta_qa_0267,42,-36.375000
cta_qa_0267,43,-36.375000
cta_qa_0267,44,-36.125000
cta_qa_0267,45,-36.125000
cta_qa_0267,46,-36.125000
cta_qa_0267,47,-0.218582
cta_qa_0267,48,-36.125000
cta_qa_0267,49,-0.218582
cta_qa_0267,50,-36.125000
cta_qa_0267,51,-36.125000
cta_qa_0267,52,-36.125000
cta_qa_0267,53,-36.125000
cta_qa_0267,54,-36.125000
cta_qa_0267,55,-0.218582
cta_qa_0267,56,-36.375000
cta_qa_0267,57,-36.375000
cta_qa_0267,58,-36.375000
cta_qa_0267,59,-36.375000
cta_qa_0267,60,-0.218582
cta_qa_0267,61,-36.125000
cta_qa_0267,62,-36.125000
cta_qa_0267,63,-36.125000
cta_qa_0268,0,-36.875000
cta_qa_0268,1,-36.875000
cta_qa_0268,2,-36.875000
cta_qa_0268,3,-36.875000
cta_qa_0268,4,-36.875000
cta_qa_0268,5,-36.875000
cta_qa_0268,6,-36.875000
cta_qa_0268,7,-36.875000
cta_qa_0268,8,-36.875000
cta_qa_0268,9,-36.875000
cta_qa_0268,10,-36.875000
cta_qa_0268,11,-36.875000
cta_qa_0268,12,-36.875000
cta_qa_0268,13,-36.875000
cta_qa_0268,14,-36.875000
cta_qa_0268,15,-37.187500
cta_qa_0268,16,-0.529631
cta_qa_0268,17,-37.125000
cta_qa_0268,18,-37.125000
cta_qa_0268,19,-37.125000
cta_qa_0268,20,-37.125000
cta_qa_0268,21,-37.125000
cta_qa_0268,22,-37.125000
cta_qa_0268,23,-0.412053
cta_qa_0268,24,-36.875000
cta_qa_0268,25,-36.875000
cta_qa_0268,26,-36.875000
cta_qa_0268,27,-36.875000
cta_qa_0268,28,-36.875000
cta_qa_0268,29,-36.875000
cta_qa_0268,30,-36.875000
cta_qa_0268,31,-36.875000
cta_qa_0268,32,-36.875000
cta_qa_0268,33,-36.875000
cta_qa_0268,34,-36.875000
cta_qa_0268,35,-36.875000
cta_qa_0268,36,-37.125000
cta_qa_0268,37,-37.125000
cta_qa_0268,38,-37.125000
cta_qa_0268,39,-0.412053
cta_qa_0268,40,-0.412053
cta_qa_0268,41,-37.125000
cta_qa_0268,42,-37.125000
cta_qa_0268,43,-37.125000
cta_qa_0268,44,-36.875000
cta_qa_0268,45,-36.875000
cta_qa_0268,46,-36.875000
cta_qa_0268,47,-36.875000
cta_qa_0268,48,-37.125000
cta_qa_0268,49,-0.252621
cta_qa_0268,50,-37.125000
cta_qa_0268,51,-37.125000
cta_qa_0268,52,-36.875000
cta_qa_0268,53,-36.875000
cta_qa_0268,54,-36.875000
cta_qa_0268,55,-36.875000
cta_qa_0268,56,-0.377999
cta_qa_0268,57,-0.411797
cta_qa_0268,58,-0.377999
cta_qa_0268,59,-36.500000
cta_qa_0268,60,-36.875000
cta_qa_0268,61,-36.875000
cta_qa_0268,62,-36.875000
cta_qa_0268,63,-36.875000
cta_qa_0269,0,-0.496079
cta_qa_0269,1,-37.125000
cta_qa_0269,2,-37.125000
cta_qa_0269,3,-37.125000
cta_qa_0269,4,-37.125000
cta_qa_0269,5,-37.125000
cta_qa_0269,6,-37.125000
cta_qa_0269,7,-37.125000
cta_qa_0269,8,-37.125000
cta_qa_0269,9,-37.125000
cta_qa_0269,10,-37.125000
cta_qa_0269,11,-37.125000
cta_qa_0269,12,-37.125000
cta_qa_0269,13,-37.125000
cta_qa_0269,14,-37.125000
cta_qa_0269,15,-37.125000
cta_qa_0269,16,-37.125000
cta_qa_0269,17,-37.125000
cta_qa_0269,18,-0.408758
cta_qa_0269,19,-37.125000
cta_qa_0269,20,-37.125000
cta_qa_0269,21,-37.125000
cta_qa_0269,22,-37.125000
cta_qa_0269,23,-37.125000
cta_qa_0269,24,-37.125000
cta_qa_0269,25,-37.125000
cta_qa_0269,26,-37.125000
cta_qa_0269,27,-37.125000
cta_qa_0269,28,-0.406011
cta_qa_0269,29,-0.406011
cta_qa_0269,30,-38.125000
cta_qa_0269,31,-0.406011
cta_qa_0269,32,-37.125000
cta_qa_0269,33,-37.125000
cta_qa_0269,34,-37.125000
cta_qa_0269,35,-37.125000
cta_qa_0269,36,-37.125000
cta_qa_0269,37,-37.125000
cta_qa_0269,38,-37.125000
cta_qa_0269,39,-37.125000
cta_qa_0269,40,-37.125000
cta_qa_0269,41,-0.408758
cta_qa_0269,42,-37.125000
cta_qa_0269,43,-37.125000
cta_qa_0269,44,-37.125000
cta_qa_0269,45,-37.125000
cta_qa_0269,46,-37.125000
cta_qa_0269,47,-37.125000
cta_qa_0269,48,-37.125000
cta_qa_0269,49,-37.125000
cta_qa_0269,50,-37.125000
cta_qa_0269,51,-37.125000
cta_qa_0269,52,-37.125000
cta_qa_0269,53,-37.125000
cta_qa_0269,54,-37.125000
cta_qa_0269,55,-37.125000
cta_qa_0269,56,-37.125000
cta_qa_0269,57,-37.125000
cta_qa_0269,58,-37.125000
cta_qa_0269,59,-37.125000
cta_qa_0269,60,-37.125000
cta_qa_0269,61,-37.125000
cta_qa_0269,62,-37.125000
cta_qa_0269,63,-37.125000
cta_qa_0270,0,-33.375000
cta_qa_0270,1,-0.440907
cta_qa_0270,2,-0.440907
cta_qa_0270,3,-0.440907
cta_qa_0270,4,-36.000000
cta_qa_0270,5,-36.000000
cta_qa_0270,6,-36.000000
cta_qa_0270,7,-36.000000
cta_qa_0270,8,-0.343573
cta_qa_0270,9,-36.125000
cta_qa_0270,10,-36.125000
cta_qa_0270,11,-36.500000
cta_qa_0270,12,-0.506479
cta_qa_0270,13,-34.000000
cta_qa_0270,14,-0.506479
cta_qa_0270,15,-0.505092
cta_qa_0270,16,-36.000000
cta_qa_0270,17,-36.000000
cta_qa_0270,18,-36.000000
cta_qa_0270,19,-36.000000
cta_qa_0270,20,-36.875000
cta_qa_0270,21,-0.440907
cta_qa_0270,22,-0.374813
cta_qa_0270,23,-0.440907
cta_qa_0270,24,-36.625000
cta_qa_0270,25,-0.375738
cta_qa_0270,26,-0.375738
cta_qa_0270,27,-0.375738
cta_qa_0270,28,-36.000000
cta_qa_0270,29,-36.000000
cta_qa_0270,30,-36.000000
cta_qa_0270,31,-36.000000
cta_qa_0270,32,-0.379390
cta_qa_0270,33,-0.537906
cta_qa_0270,34,-0.537906
cta_qa_0270,35,-35.875000
cta_qa_0270,36,-0.344673
cta_qa_0270,37,-36.125000
cta_qa_0270,38,-0.536410
cta_qa_0270,39,-0.536410
cta_qa_0270,40,-36.125000
cta_qa_0270,41,-36.125000
cta_qa_0270,42,-0.536410
cta_qa_0270,43,-0.434615
cta_qa_0270,44,-0.447904
cta_qa_0270,45,-0.416809
cta_qa_0270,46,-36.500000
cta_qa_0270,47,-0.448846
cta_qa_0270,48,-36.125000
cta_qa_0270,49,-0.536410
cta_qa_0270,50,-37.562500
cta_qa_0270,51,-36.125000
cta_qa_0270,52,-0.374816
cta_qa_0270,53,-36.125000
cta_qa_0270,54,-36.125000
cta_qa_0270,55,-36.125000
cta_qa_0270,56,-36.000000
cta_qa_0270,57,-36.000000
cta_qa_0270,58,-36.000000
cta_qa_0270,59,-36.000000
cta_qa_0270,60,-36.000000
cta_qa_0270,61,-36.000000
cta_qa_0270,62,-37.500000
cta_qa_0270,63,-36.000000
cta_qa_0271,0,-0.378332
cta_qa_0271,1,-0.379478
cta_qa_0271,2,-36.125000
cta_qa_0271,3,-36.875000
cta_qa_0271,4,-0.311545
cta_qa_0271,5,-37.937500
cta_qa_0271,6,-0.311545
cta_qa_0271,7,-0.347350
cta_qa_0271,8,-36.125000
cta_qa_0271,9,-0.342037
cta_qa_0271,10,-36.125000
cta_qa_0271,11,-0.378332
cta_qa_0271,12,-36.125000
cta_qa_0271,13,-36.125000
cta_qa_0271,14,-36.125000
cta_qa_0271,15,-36.250000
cta_qa_0271,16,-0.311545
cta_qa_0271,17,-0.377198
cta_qa_0271,18,-0.311545
cta_qa_0271,19,-36.375000
cta_qa_0271,20,-36.125000
cta_qa_0271,21,-36.125000
cta_qa_0271,22,-36.125000
cta_qa_0271,23,-0.491323
cta_qa_0271,24,-36.125000
cta_qa_0271,25,-37.125000
cta_qa_0271,26,-36.125000
cta_qa_0271,27,-36.125000
cta_qa_0271,28,-0.311545
cta_qa_0271,29,-0.311545
cta_qa_0271,30,-35.875000
cta_qa_0271,31,-0.377198
cta_qa_0271,32,-0.311545
cta_qa_0271,33,-0.311545
cta_qa_0271,34,-36.500000
cta_qa_0271,35,-36.500000
cta_qa_0271,36,-36.125000
cta_qa_0271,37,-36.125000
cta_qa_0271,38,-36.125000
cta_qa_0271,39,-0.379478
cta_qa_0271,40,-36.125000
cta_qa_0271,41,-36.125000
cta_qa_0271,42,-36.125000
cta_qa_0271,43,-36.125000
cta_qa_0271,44,-36.375000
cta_qa_0271,45,-0.311545
cta_qa_0271,46,-0.311545
cta_qa_0271,47,-0.311545
cta_qa_0271,48,-36.125000
cta_qa_0271,49,-36.125000
cta_qa_0271,50,-0.378332
cta_qa_0271,51,-36.125000
cta_qa_0271,52,-36.125000
cta_qa_0271,53,-36.125000
cta_qa_0271,54,-36.125000
cta_qa_0271,55,-36.125000
cta_qa_0271,56,-36.125000
cta_qa_0271,57,-36.125000
cta_qa_0271,58,-36.125000
cta_qa_0271,59,-36.125000
cta_qa_0271,60,-36.125000
cta_qa_0271,61,-36.125000
cta_qa_0271,62,-36.125000
cta_qa_0271,63,-36.125000
cta_qa_0272,0,-35.625000
cta_qa_0272,1,-0.378977
cta_qa_0272,2,-0.378977
cta_qa_0272,3,-0.378977
cta_qa_0272,4,-35.125000
cta_qa_0272,5,-0.470045
cta_qa_0272,6,-0.470045
cta_qa_0272,7,-0.470045
cta_qa_0272,8,-0.496710
cta_qa_0272,9,-38.000000
cta_qa_0272,10,-0.496710
cta_qa_0272,11,-0.496710
cta_qa_0272,12,-0.347080
cta_qa_0272,13,-37.375000
cta_qa_0272,14,-0.347080
cta_qa_0272,15,-0.347080
cta_qa_0272,16,-0.407463
cta_qa_0272,17,-0.407463
cta_qa_0272,18,-34.500000
cta_qa_0272,19,-0.407463
cta_qa_0272,20,-0.378977
cta_qa_0272,21,-0.280053
cta_qa_0272,22,-35.625000
cta_qa_0272,23,-0.378977
cta_qa_0272,24,-0.407463
cta_qa_0272,25,-0.407463
cta_qa_0272,26,-34.500000
cta_qa_0272,27,-0.407463
cta_qa_0272,28,-0.407463
cta_qa_0272,29,-34.500000
cta_qa_0272,30,-0.407463
cta_qa_0272,31,-0.407463
cta_qa_0272,32,-24.875000
cta_qa_0272,33,-24.875000
cta_qa_0272,34,-24.875000
cta_qa_0272,35,-24.875000
cta_qa_0272,36,-32.125000
cta_qa_0272,37,-0.381595
cta_qa_0272,38,-0.467110
cta_qa_0272,39,-0.467110
cta_qa_0272,40,-37.562500
cta_qa_0272,41,-0.347080
cta_qa_0272,42,-0.347080
cta_qa_0272,43,-35.062500
cta_qa_0272,44,-0.378977
cta_qa_0272,45,-0.378977
cta_qa_0272,46,-37.062500
cta_qa_0272,47,-0.280053
cta_qa_0272,48,-0.438647
cta_qa_0272,49,-30.250000
cta_qa_0272,50,-0.445158
cta_qa_0272,51,-0.473102
cta_qa_0272,52,-35.250000
cta_qa_0272,53,-0.376233
cta_qa_0272,54,-0.376233
cta_qa_0272,55,-0.376233
cta_qa_0272,56,-0.342338
cta_qa_0272,57,-36.375000
cta_qa_0272,58,-0.407463
cta_qa_0272,59,-0.407463
cta_qa_0272,60,-0.407463
cta_qa_0272,61,-0.407463
cta_qa_0272,62,-34.500000
cta_qa_0272,63,-0.407463
cta_qa_0273,0,-0.285465
cta_qa_0273,1,-0.343597
cta_qa_0273,2,-35.000000
cta_qa_0273,3,-0.285465
cta_qa_0273,4,-35.250000
cta_qa_0273,5,-35.250000
cta_qa_0273,6,-0.190356
cta_qa_0273,7,-0.190356
cta_qa_0273,8,-35.625000
cta_qa_0273,9,-35.625000
cta_qa_0273,10,-35.625000
cta_qa_0273,11,-35.625000
cta_qa_0273,12,-0.253711
cta_qa_0273,13,-37.875000
cta_qa_0273,14,-0.186553
cta_qa_0273,15,-37.875000
cta_qa_0273,16,-0.190356
cta_qa_0273,17,-35.250000
cta_qa_0273,18,-35.250000
cta_qa_0273,19,-0.190356
cta_qa_0273,20,-0.285465
cta_qa_0273,21,-0.285465
cta_qa_0273,22,-35.000000
cta_qa_0273,23,-0.285465
cta_qa_0273,24,-0.187333
cta_qa_0273,25,-0.190356
cta_qa_0273,26,-0.187333
cta_qa_0273,27,-35.250000
cta_qa_0273,28,-37.437500
cta_qa_0273,29,-37.437500
cta_qa_0273,30,-37.437500
cta_qa_0273,31,-0.433378
cta_qa_0273,32,-0.190356
cta_qa_0273,33,-0.190356
cta_qa_0273,34,-35.250000
cta_qa_0273,35,-35.250000
cta_qa_0273,36,-0.321266
cta_qa_0273,37,-36.187500
cta_qa_0273,38,-0.311023
cta_qa_0273,39,-0.374777
cta_qa_0273,40,-35.250000
cta_qa_0273,41,-0.190356
cta_qa_0273,42,-35.250000
cta_qa_0273,43,-0.310819
cta_qa_0273,44,-35.250000
cta_qa_0273,45,-0.190356
cta_qa_0273,46,-35.250000
cta_qa_0273,47,-35.250000
cta_qa_0273,48,-37.500000
cta_qa_0273,49,-37.500000
cta_qa_0273,50,-37.500000
cta_qa_0273,51,-37.500000
cta_qa_0273,52,-34.250000
cta_qa_0273,53,-0.316349
cta_qa_0273,54,-0.283184
cta_qa_0273,55,-0.316349
cta_qa_0273,56,-35.250000
cta_qa_0273,57,-0.310819
cta_qa_0273,58,-35.250000
cta_qa_0273,59,-0.190356
cta_qa_0273,60,-35.250000
cta_qa_0273,61,-0.190356
cta_qa_0273,62,-35.250000
cta_qa_0273,63,-35.250000
cta_qa_0274,0,-0.491203
cta_qa_0274,1,-37.500000
cta_qa_0274,2,-0.491203
cta_qa_0274,3,-36.562500
cta_qa_0274,4,-25.250000
cta_qa_0274,5,-25.250000
cta_qa_0274,6,-25.250000
cta_qa_0274,7,-25.250000
cta_qa_0274,8,-25.250000
cta_qa_0274,9,-25.250000
cta_qa_0274,10,-25.250000
cta_qa_0274,11,-25.250000
cta_qa_0274,12,-0.491203
cta_qa_0274,13,-0.491203
cta_qa_0274,14,-0.491203
cta_qa_0274,15,-36.562500
cta_qa_0274,16,-25.250000
cta_qa_0274,17,-25.250000
cta_qa_0274,18,-25.250000
cta_qa_0274,19,-25.250000
cta_qa_0274,20,-0.403137
cta_qa_0274,21,-0.318036
cta_qa_0274,22,-34.250000
cta_qa_0274,23,-0.403137
cta_qa_0274,24,-0.491203
cta_qa_0274,25,-0.491203
cta_qa_0274,26,-0.491203
cta_qa_0274,27,-36.562500
cta_qa_0274,28,-25.250000
cta_qa_0274,29,-25.250000
cta_qa_0274,30,-25.250000
cta_qa_0274,31,-25.250000
cta_qa_0274,32,-25.250000
cta_qa_0274,33,-25.250000
cta_qa_0274,34,-25.250000
cta_qa_0274,35,-25.250000
cta_qa_0274,36,-0.409855
cta_qa_0274,37,-35.000000
cta_qa_0274,38,-0.345707
cta_qa_0274,39,-0.403023
cta_qa_0274,40,-25.250000
cta_qa_0274,41,-25.250000
cta_qa_0274,42,-25.250000
cta_qa_0274,43,-25.250000
cta_qa_0274,44,-0.403137
cta_qa_0274,45,-0.403137
cta_qa_0274,46,-34.250000
cta_qa_0274,47,-0.348377
cta_qa_0274,48,-0.348377
cta_qa_0274,49,-34.250000
cta_qa_0274,50,-0.318036
cta_qa_0274,51,-0.403137
cta_qa_0274,52,-0.406038
cta_qa_0274,53,-36.125000
cta_qa_0274,54,-0.406038
cta_qa_0274,55,-0.406038
cta_qa_0274,56,-25.250000
cta_qa_0274,57,-25.250000
cta_qa_0274,58,-25.250000
cta_qa_0274,59,-25.250000
cta_qa_0274,60,-34.250000
cta_qa_0274,61,-34.250000
cta_qa_0274,62,-0.403137
cta_qa_0274,63,-34.250000
cta_qa_0275,0,-0.435970
cta_qa_0275,1,-0.438570
cta_qa_0275,2,-0.468517
cta_qa_0275,3,-37.375000
cta_qa_0275,4,-37.875000
cta_qa_0275,5,-36.875000
cta_qa_0275,6,-0.406019
cta_qa_0275,7,-0.376981
cta_qa_0275,8,-0.403818
cta_qa_0275,9,-37.000000
cta_qa_0275,10,-37.000000
cta_qa_0275,11,-37.625000
cta_qa_0275,12,-0.376122
cta_qa_0275,13,-0.406012
cta_qa_0275,14,-0.406012
cta_qa_0275,15,-37.125000
cta_qa_0275,16,-0.432077
cta_qa_0275,17,-0.432077
cta_qa_0275,18,-0.432077
cta_qa_0275,19,-37.687500
cta_qa_0275,20,-0.317369
cta_qa_0275,21,-36.875000
cta_qa_0275,22,-0.403334
cta_qa_0275,23,-0.344831
cta_qa_0275,24,-0.316282
cta_qa_0275,25,-0.316282
cta_qa_0275,26,-0.318511
cta_qa_0275,27,-38.875000
cta_qa_0275,28,-0.378624
cta_qa_0275,29,-35.500000
cta_qa_0275,30,-0.472329
cta_qa_0275,31,-0.504193
cta_qa_0275,32,-0.378797
cta_qa_0275,33,-0.346334
cta_qa_0275,34,-0.377522
cta_qa_0275,35,-36.500000
cta_qa_0275,36,-34.250000
cta_qa_0275,37,-37.000000
cta_qa_0275,38,-0.403818
cta_qa_0275,39,-37.000000
cta_qa_0275,40,-0.438580
cta_qa_0275,41,-0.440703
cta_qa_0275,42,-0.375507
cta_qa_0275,43,-35.500000
cta_qa_0275,44,-0.433063
cta_qa_0275,45,-0.404656
cta_qa_0275,46,-37.625000
cta_qa_0275,47,-0.433063
cta_qa_0275,48,-0.403345
cta_qa_0275,49,-0.403345
cta_qa_0275,50,-0.403345
cta_qa_0275,51,-38.500000
cta_qa_0275,52,-36.500000
cta_qa_0275,53,-0.377522
cta_qa_0275,54,-0.378797
cta_qa_0275,55,-0.377522
cta_qa_0275,56,-0.376092
cta_qa_0275,57,-36.750000
cta_qa_0275,58,-0.351182
cta_qa_0275,59,-0.377522
cta_qa_0275,60,-0.406026
cta_qa_0275,61,-0.404710
cta_qa_0275,62,-38.312500
cta_qa_0275,63,-0.400134
cta_qa_0276,0,-33.375000
cta_qa_0276,1,-33.375000
cta_qa_0276,2,-36.500000
cta_qa_0276,3,-33.375000
cta_qa_0276,4,-0.409737
cta_qa_0276,5,-31.750000
cta_qa_0276,6,-0.409853
cta_qa_0276,7,-0.409737
cta_qa_0276,8,-0.316212
cta_qa_0276,9,-0.377432
cta_qa_0276,10,-0.377432
cta_qa_0276,11,-34.125000
cta_qa_0276,12,-37.187500
cta_qa_0276,13,-0.289159
cta_qa_0276,14,-0.346406
cta_qa_0276,15,-0.290716
cta_qa_0276,16,-0.317861
cta_qa_0276,17,-34.250000
cta_qa_0276,18,-0.349981
cta_qa_0276,19,-0.317861
cta_qa_0276,20,-37.125000
cta_qa_0276,21,-0.377505
cta_qa_0276,22,-0.377505
cta_qa_0276,23,-0.308828
cta_qa_0276,24,-0.351947
cta_qa_0276,25,-0.352949
cta_qa_0276,26,-0.409188
cta_qa_0276,27,-30.875000
cta_qa_0276,28,-31.250000
cta_qa_0276,29,-31.250000
cta_qa_0276,30,-31.250000
cta_qa_0276,31,-31.250000
cta_qa_0276,32,-35.000000
cta_qa_0276,33,-0.377505
cta_qa_0276,34,-0.377505
cta_qa_0276,35,-0.376135
cta_qa_0276,36,-30.875000
cta_qa_0276,37,-30.875000
cta_qa_0276,38,-0.408602
cta_qa_0276,39,-0.352949
cta_qa_0276,40,-0.442405
cta_qa_0276,41,-0.313586
cta_qa_0276,42,-0.442405
cta_qa_0276,43,-30.875000
cta_qa_0276,44,-0.411167
cta_qa_0276,45,-37.000000
cta_qa_0276,46,-0.377432
cta_qa_0276,47,-0.348821
cta_qa_0276,48,-0.348862
cta_qa_0276,49,-0.377461
cta_qa_0276,50,-33.750000
cta_qa_0276,51,-0.347687
cta_qa_0276,52,-30.875000
cta_qa_0276,53,-30.875000
cta_qa_0276,54,-0.383698
cta_qa_0276,55,-30.875000
cta_qa_0276,56,-31.500000
cta_qa_0276,57,-0.381365
cta_qa_0276,58,-0.314832
cta_qa_0276,59,-0.382367
cta_qa_0276,60,-30.875000
cta_qa_0276,61,-30.875000
cta_qa_0276,62,-30.875000
cta_qa_0276,63,-0.383698
cta_qa_0277,0,-0.589218
cta_qa_0277,1,-0.589218
cta_qa_0277,2,-0.589218
cta_qa_0277,3,-35.750000
cta_qa_0277,4,-0.589218
cta_qa_0277,5,-0.414927
cta_qa_0277,6,-35.750000
cta_qa_0277,7,-0.589218
cta_qa_0277,8,-0.414927
cta_qa_0277,9,-0.414927
cta_qa_0277,10,-0.414927
cta_qa_0277,11,-35.750000
cta_qa_0277,12,-36.750000
cta_qa_0277,13,-0.443833
cta_qa_0277,14,-0.443833
cta_qa_0277,15,-0.443833
cta_qa_0277,16,-36.937500
cta_qa_0277,17,-36.937500
cta_qa_0277,18,-0.372248
cta_qa_0277,19,-0.400414
cta_qa_0277,20,-0.589218
cta_qa_0277,21,-0.414927
cta_qa_0277,22,-0.405158
cta_qa_0277,23,-35.750000
cta_qa_0277,24,-0.400414
cta_qa_0277,25,-36.937500
cta_qa_0277,26,-0.314351
cta_qa_0277,27,-0.400414
cta_qa_0277,28,-0.411955
cta_qa_0277,29,-35.750000
cta_qa_0277,30,-0.414927
cta_qa_0277,31,-35.750000
cta_qa_0277,32,-0.379418
cta_qa_0277,33,-35.625000
cta_qa_0277,34,-0.556479
cta_qa_0277,35,-0.556479
cta_qa_0277,36,-0.493895
cta_qa_0277,37,-0.376083
cta_qa_0277,38,-0.381873
cta_qa_0277,39,-36.000000
cta_qa_0277,40,-0.414927
cta_qa_0277,41,-0.447377
cta_qa_0277,42,-0.589218
cta_qa_0277,43,-35.750000
cta_qa_0277,44,-36.937500
cta_qa_0277,45,-0.400414
cta_qa_0277,46,-0.400414
cta_qa_0277,47,-0.400414
cta_qa_0277,48,-0.441541
cta_qa_0277,49,-0.441541
cta_qa_0277,50,-0.441541
cta_qa_0277,51,-37.187500
cta_qa_0277,52,-0.443833
cta_qa_0277,53,-36.750000
cta_qa_0277,54,-0.592195
cta_qa_0277,55,-0.406965
cta_qa_0277,56,-0.592195
cta_qa_0277,57,-0.592195
cta_qa_0277,58,-36.750000
cta_qa_0277,59,-0.592195
cta_qa_0277,60,-36.937500
cta_qa_0277,61,-0.400414
cta_qa_0277,62,-0.400414
cta_qa_0277,63,-0.400414
cta_qa_0278,0,-38.187500
cta_qa_0278,1,-38.187500
cta_qa_0278,2,-38.187500
cta_qa_0278,3,-38.187500
cta_qa_0278,4,-38.187500
cta_qa_0278,5,-38.187500
cta_qa_0278,6,-38.187500
cta_qa_0278,7,-38.187500
cta_qa_0278,8,-0.414785
cta_qa_0278,9,-0.344913
cta_qa_0278,10,-37.500000
cta_qa_0278,11,-0.343533
cta_qa_0278,12,-38.187500
cta_qa_0278,13,-38.187500
cta_qa_0278,14,-38.187500
cta_qa_0278,15,-38.187500
cta_qa_0278,16,-0.290292
cta_qa_0278,17,-38.437500
cta_qa_0278,18,-0.317599
cta_qa_0278,19,-0.317599
cta_qa_0278,20,-0.377451
cta_qa_0278,21,-0.377451
cta_qa_0278,22,-0.377451
cta_qa_0278,23,-37.375000
cta_qa_0278,24,-37.937500
cta_qa_0278,25,-37.937500
cta_qa_0278,26,-0.152411
cta_qa_0278,27,-37.937500
cta_qa_0278,28,-38.187500
cta_qa_0278,29,-38.187500
cta_qa_0278,30,-38.187500
cta_qa_0278,31,-38.187500
cta_qa_0278,32,-38.187500
cta_qa_0278,33,-38.187500
cta_qa_0278,34,-38.187500
cta_qa_0278,35,-38.187500
cta_qa_0278,36,-0.435958
cta_qa_0278,37,-37.937500
cta_qa_0278,38,-38.187500
cta_qa_0278,39,-37.937500
cta_qa_0278,40,-0.152411
cta_qa_0278,41,-37.937500
cta_qa_0278,42,-0.259390
cta_qa_0278,43,-37.937500
cta_qa_0278,44,-38.187500
cta_qa_0278,45,-38.187500
cta_qa_0278,46,-38.187500
cta_qa_0278,47,-38.187500
cta_qa_0278,48,-0.259390
cta_qa_0278,49,-37.937500
cta_qa_0278,50,-37.937500
cta_qa_0278,51,-37.937500
cta_qa_0278,52,-0.262752
cta_qa_0278,53,-37.937500
cta_qa_0278,54,-37.937500
cta_qa_0278,55,-37.937500
cta_qa_0278,56,-0.156890
cta_qa_0278,57,-0.218552
cta_qa_0278,58,-0.156890
cta_qa_0278,59,-38.437500
cta_qa_0278,60,-37.812500
cta_qa_0278,61,-0.319285
cta_qa_0278,62,-0.319285
cta_qa_0278,63,-0.319285
cta_qa_0279,0,-0.382670
cta_qa_0279,1,-0.382670
cta_qa_0279,2,-37.125000
cta_qa_0279,3,-37.125000
cta_qa_0279,4,-0.383560
cta_qa_0279,5,-0.383560
cta_qa_0279,6,-0.318923
cta_qa_0279,7,-37.125000
cta_qa_0279,8,-0.383560
cta_qa_0279,9,-0.383560
cta_qa_0279,10,-37.125000
cta_qa_0279,11,-0.383560
cta_qa_0279,12,-0.413580
cta_qa_0279,13,-37.125000
cta_qa_0279,14,-37.125000
cta_qa_0279,15,-0.413580
cta_qa_0279,16,-37.125000
cta_qa_0279,17,-37.125000
cta_qa_0279,18,-0.383560
cta_qa_0279,19,-37.125000
cta_qa_0279,20,-37.125000
cta_qa_0279,21,-37.125000
cta_qa_0279,22,-0.383560
cta_qa_0279,23,-37.125000
cta_qa_0279,24,-37.125000
cta_qa_0279,25,-0.383560
cta_qa_0279,26,-0.382670
cta_qa_0279,27,-37.125000
cta_qa_0279,28,-0.382670
cta_qa_0279,29,-37.125000
cta_qa_0279,30,-0.383560
cta_qa_0279,31,-37.125000
cta_qa_0279,32,-37.125000
cta_qa_0279,33,-0.413580
cta_qa_0279,34,-0.383560
cta_qa_0279,35,-0.318923
cta_qa_0279,36,-0.383560
cta_qa_0279,37,-37.125000
cta_qa_0279,38,-0.383560
cta_qa_0279,39,-0.383560
cta_qa_0279,40,-0.383560
cta_qa_0279,41,-0.383560
cta_qa_0279,42,-0.383560
cta_qa_0279,43,-37.125000
cta_qa_0279,44,-0.383560
cta_qa_0279,45,-37.125000
cta_qa_0279,46,-37.125000
cta_qa_0279,47,-0.383560
cta_qa_0279,48,-37.125000
cta_qa_0279,49,-0.383560
cta_qa_0279,50,-37.125000
cta_qa_0279,51,-0.383560
cta_qa_0279,52,-37.125000
cta_qa_0279,53,-0.383560
cta_qa_0279,54,-37.125000
cta_qa_0279,55,-37.125000
cta_qa_0279,56,-37.125000
cta_qa_0279,57,-37.125000
cta_qa_0279,58,-37.125000
cta_qa_0279,59,-0.383560
cta_qa_0279,60,-0.383560
cta_qa_0279,61,-0.413580
cta_qa_0279,62,-37.125000
cta_qa_0279,63,-0.383560
cta_qa_0280,0,-38.250000
cta_qa_0280,1,-38.250000
cta_qa_0280,2,-0.346148
cta_qa_0280,3,-0.377515
cta_qa_0280,4,-0.344840
cta_qa_0280,5,-38.250000
cta_qa_0280,6,-0.407378
cta_qa_0280,7,-0.438674
cta_qa_0280,8,-35.500000
cta_qa_0280,9,-0.348629
cta_qa_0280,10,-0.353486
cta_qa_0280,11,-0.347415
cta_qa_0280,12,-0.495457
cta_qa_0280,13,-0.380188
cta_qa_0280,14,-38.250000
cta_qa_0280,15,-0.346148
cta_qa_0280,16,-38.250000
cta_qa_0280,17,-0.381495
cta_qa_0280,18,-0.350636
cta_qa_0280,19,-0.313663
cta_qa_0280,20,-0.381495
cta_qa_0280,21,-0.407378
cta_qa_0280,22,-0.346148
cta_qa_0280,23,-38.250000
cta_qa_0280,24,-0.287779
cta_qa_0280,25,-0.491079
cta_qa_0280,26,-36.750000
cta_qa_0280,27,-0.319862
cta_qa_0280,28,-0.353197
cta_qa_0280,29,-0.352377
cta_qa_0280,30,-35.625000
cta_qa_0280,31,-0.353197
cta_qa_0280,32,-0.376053
cta_qa_0280,33,-0.407378
cta_qa_0280,34,-38.250000
cta_qa_0280,35,-0.346148
cta_qa_0280,36,-0.350636
cta_qa_0280,37,-0.377515
cta_qa_0280,38,-38.250000
cta_qa_0280,39,-0.308904
cta_qa_0280,40,-0.347857
cta_qa_0280,41,-38.250000
cta_qa_0280,42,-0.346148
cta_qa_0280,43,-0.350636
cta_qa_0280,44,-0.346148
cta_qa_0280,45,-38.250000
cta_qa_0280,46,-0.407378
cta_qa_0280,47,-0.350636
cta_qa_0280,48,-37.125000
cta_qa_0280,49,-0.429906
cta_qa_0280,50,-0.283656
cta_qa_0280,51,-0.283656
cta_qa_0280,52,-0.350636
cta_qa_0280,53,-38.250000
cta_qa_0280,54,-0.377515
cta_qa_0280,55,-0.495457
cta_qa_0280,56,-0.379169
cta_qa_0280,57,-0.379429
cta_qa_0280,58,-0.379429
cta_qa_0280,59,-37.375000
cta_qa_0280,60,-36.812500
cta_qa_0280,61,-38.125000
cta_qa_0280,62,-0.317869
cta_qa_0280,63,-36.812500
cta_qa_0281,0,-0.498431
cta_qa_0281,1,-0.348223
cta_qa_0281,2,-37.625000
cta_qa_0281,3,-0.498431
cta_qa_0281,4,-37.625000
cta_qa_0281,5,-0.348223
cta_qa_0281,6,-0.498431
cta_qa_0281,7,-37.625000
cta_qa_0281,8,-37.625000
cta_qa_0281,9,-0.348223
cta_qa_0281,10,-0.348223
cta_qa_0281,11,-37.625000
cta_qa_0281,12,-0.348223
cta_qa_0281,13,-0.498431
cta_qa_0281,14,-0.348223
cta_qa_0281,15,-37.625000
cta_qa_0281,16,-0.498431
cta_qa_0281,17,-37.625000
cta_qa_0281,18,-0.348223
cta_qa_0281,19,-37.625000
cta_qa_0281,20,-0.498431
cta_qa_0281,21,-0.348223
cta_qa_0281,22,-0.375741
cta_qa_0281,23,-37.625000
cta_qa_0281,24,-37.312500
cta_qa_0281,25,-37.312500
cta_qa_0281,26,-37.312500
cta_qa_0281,27,-0.465695
cta_qa_0281,28,-37.312500
cta_qa_0281,29,-37.312500
cta_qa_0281,30,-0.442109
cta_qa_0281,31,-0.465695
cta_qa_0281,32,-37.625000
cta_qa_0281,33,-0.348223
cta_qa_0281,34,-0.498431
cta_qa_0281,35,-0.348223
cta_qa_0281,36,-0.348223
cta_qa_0281,37,-0.348223
cta_qa_0281,38,-0.348223
cta_qa_0281,39,-37.625000
cta_qa_0281,40,-0.348223
cta_qa_0281,41,-0.348223
cta_qa_0281,42,-37.625000
cta_qa_0281,43,-0.348223
cta_qa_0281,44,-0.348223
cta_qa_0281,45,-37.625000
cta_qa_0281,46,-0.348223
cta_qa_0281,47,-0.498431
cta_qa_0281,48,-0.348223
cta_qa_0281,49,-37.625000
cta_qa_0281,50,-37.625000
cta_qa_0281,51,-0.498431
cta_qa_0281,52,-0.348223
cta_qa_0281,53,-0.348223
cta_qa_0281,54,-0.498431
cta_qa_0281,55,-37.625000
cta_qa_0281,56,-0.526771
cta_qa_0281,57,-0.526771
cta_qa_0281,58,-37.937500
cta_qa_0281,59,-0.472506
cta_qa_0281,60,-37.625000
cta_qa_0281,61,-0.348223
cta_qa_0281,62,-0.381719
cta_qa_0281,63,-0.381719
cta_qa_0282,0,-0.188314
cta_qa_0282,1,-38.687500
cta_qa_0282,2,-0.188314
cta_qa_0282,3,-0.188314
cta_qa_0282,4,-0.344752
cta_qa_0282,5,-0.282609
cta_qa_0282,6,-0.255532
cta_qa_0282,7,-38.437500
cta_qa_0282,8,-36.625000
cta_qa_0282,9,-0.316360
cta_qa_0282,10,-0.256578
cta_qa_0282,11,-0.316360
cta_qa_0282,12,-38.937500
cta_qa_0282,13,-0.247375
cta_qa_0282,14,-38.937500
cta_qa_0282,15,-38.937500
cta_qa_0282,16,-0.344893
cta_qa_0282,17,-0.344893
cta_qa_0282,18,-38.500000
cta_qa_0282,19,-0.344893
cta_qa_0282,20,-0.431015
cta_qa_0282,21,-38.937500
cta_qa_0282,22,-0.439682
cta_qa_0282,23,-38.937500
cta_qa_0282,24,-0.281030
cta_qa_0282,25,-37.562500
cta_qa_0282,26,-0.282447
cta_qa_0282,27,-0.310898
cta_qa_0282,28,-39.125000
cta_qa_0282,29,-38.875000
cta_qa_0282,30,-38.875000
cta_qa_0282,31,-38.875000
cta_qa_0282,32,-38.875000
cta_qa_0282,33,-38.875000
cta_qa_0282,34,-38.875000
cta_qa_0282,35,-38.875000
cta_qa_0282,36,-38.875000
cta_qa_0282,37,-38.875000
cta_qa_0282,38,-38.875000
cta_qa_0282,39,-38.875000
cta_qa_0282,40,-0.340970
cta_qa_0282,41,-0.440119
cta_qa_0282,42,-0.340970
cta_qa_0282,43,-36.250000
cta_qa_0282,44,-38.937500
cta_qa_0282,45,-38.937500
cta_qa_0282,46,-0.247375
cta_qa_0282,47,-38.937500
cta_qa_0282,48,-0.247375
cta_qa_0282,49,-0.431015
cta_qa_0282,50,-0.439682
cta_qa_0282,51,-38.937500
cta_qa_0282,52,-38.937500
cta_qa_0282,53,-38.937500
cta_qa_0282,54,-0.438525
cta_qa_0282,55,-0.431762
cta_qa_0282,56,-0.353881
cta_qa_0282,57,-36.500000
cta_qa_0282,58,-0.340929
cta_qa_0282,59,-0.313623
cta_qa_0282,60,-0.431015
cta_qa_0282,61,-38.937500
cta_qa_0282,62,-38.937500
cta_qa_0282,63,-0.431015
cta_qa_0283,0,-37.000000
cta_qa_0283,1,-37.000000
cta_qa_0283,2,-37.000000
cta_qa_0283,3,-37.000000
cta_qa_0283,4,-36.875000
cta_qa_0283,5,-0.245374
cta_qa_0283,6,-0.309713
cta_qa_0283,7,-36.875000
cta_qa_0283,8,-0.245374
cta_qa_0283,9,-36.875000
cta_qa_0283,10,-36.875000
cta_qa_0283,11,-0.342300
cta_qa_0283,12,-37.000000
cta_qa_0283,13,-37.000000
cta_qa_0283,14,-37.000000
cta_qa_0283,15,-37.000000
cta_qa_0283,16,-37.000000
cta_qa_0283,17,-37.000000
cta_qa_0283,18,-37.000000
cta_qa_0283,19,-37.000000
cta_qa_0283,20,-36.875000
cta_qa_0283,21,-36.875000
cta_qa_0283,22,-36.875000
cta_qa_0283,23,-0.245374
cta_qa_0283,24,-0.343536
cta_qa_0283,25,-37.875000
cta_qa_0283,26,-0.343536
cta_qa_0283,27,-0.343536
cta_qa_0283,28,-36.875000
cta_qa_0283,29,-0.490109
cta_qa_0283,30,-36.875000
cta_qa_0283,31,-36.875000
cta_qa_0283,32,-36.875000
cta_qa_0283,33,-36.875000
cta_qa_0283,34,-36.875000
cta_qa_0283,35,-0.245374
cta_qa_0283,36,-36.875000
cta_qa_0283,37,-36.875000
cta_qa_0283,38,-36.875000
cta_qa_0283,39,-0.490109
cta_qa_0283,40,-37.000000
cta_qa_0283,41,-37.000000
cta_qa_0283,42,-37.000000
cta_qa_0283,43,-37.000000
cta_qa_0283,44,-36.875000
cta_qa_0283,45,-0.342300
cta_qa_0283,46,-36.875000
cta_qa_0283,47,-36.875000
cta_qa_0283,48,-0.490109
cta_qa_0283,49,-0.490109
cta_qa_0283,50,-36.875000
cta_qa_0283,51,-36.875000
cta_qa_0283,52,-0.341037
cta_qa_0283,53,-36.875000
cta_qa_0283,54,-36.875000
cta_qa_0283,55,-0.245374
cta_qa_0283,56,-37.000000
cta_qa_0283,57,-37.000000
cta_qa_0283,58,-37.000000
cta_qa_0283,59,-37.000000
cta_qa_0283,60,-36.875000
cta_qa_0283,61,-0.245374
cta_qa_0283,62,-36.875000
cta_qa_0283,63,-36.875000
cta_qa_0284,0,-38.500000
cta_qa_0284,1,-0.399259
cta_qa_0284,2,-38.500000
cta_qa_0284,3,-38.500000
cta_qa_0284,4,-38.500000
cta_qa_0284,5,-38.500000
cta_qa_0284,6,-0.277809
cta_qa_0284,7,-0.277809
cta_qa_0284,8,-38.125000
cta_qa_0284,9,-38.125000
cta_qa_0284,10,-38.125000
cta_qa_0284,11,-38.125000
cta_qa_0284,12,-0.410926
cta_qa_0284,13,-0.431959
cta_qa_0284,14,-37.625000
cta_qa_0284,15,-0.410926
cta_qa_0284,16,-37.250000
cta_qa_0284,17,-37.750000
cta_qa_0284,18,-0.495932
cta_qa_0284,19,-0.441135
cta_qa_0284,20,-38.125000
cta_qa_0284,21,-38.125000
cta_qa_0284,22,-38.125000
cta_qa_0284,23,-38.125000
cta_qa_0284,24,-38.500000
cta_qa_0284,25,-0.248092
cta_qa_0284,26,-38.500000
cta_qa_0284,27,-38.500000
cta_qa_0284,28,-38.500000
cta_qa_0284,29,-0.277809
cta_qa_0284,30,-0.277809
cta_qa_0284,31,-0.277809
cta_qa_0284,32,-0.314326
cta_qa_0284,33,-38.562500
cta_qa_0284,34,-0.314326
cta_qa_0284,35,-0.314326
cta_qa_0284,36,-0.248092
cta_qa_0284,37,-38.500000
cta_qa_0284,38,-38.500000
cta_qa_0284,39,-38.500000
cta_qa_0284,40,-38.125000
cta_qa_0284,41,-38.125000
cta_qa_0284,42,-38.125000
cta_qa_0284,43,-38.125000
cta_qa_0284,44,-38.500000
cta_qa_0284,45,-0.277809
cta_qa_0284,46,-0.277809
cta_qa_0284,47,-0.277809
cta_qa_0284,48,-0.277809
cta_qa_0284,49,-0.277809
cta_qa_0284,50,-0.277809
cta_qa_0284,51,-38.500000
cta_qa_0284,52,-38.125000
cta_qa_0284,53,-38.125000
cta_qa_0284,54,-38.125000
cta_qa_0284,55,-38.125000
cta_qa_0284,56,-0.441303
cta_qa_0284,57,-0.441303
cta_qa_0284,58,-0.380261
cta_qa_0284,59,-37.875000
cta_qa_0284,60,-38.500000
cta_qa_0284,61,-38.500000
cta_qa_0284,62,-0.214167
cta_qa_0284,63,-38.500000
cta_qa_0285,0,-0.189003
cta_qa_0285,1,-0.338326
cta_qa_0285,2,-38.437500
cta_qa_0285,3,-0.189003
cta_qa_0285,4,-38.875000
cta_qa_0285,5,-38.875000
cta_qa_0285,6,-38.875000
cta_qa_0285,7,-38.875000
cta_qa_0285,8,-0.189003
cta_qa_0285,9,-38.437500
cta_qa_0285,10,-0.338326
cta_qa_0285,11,-0.338326
cta_qa_0285,12,-0.248520
cta_qa_0285,13,-37.875000
cta_qa_0285,14,-0.369866
cta_qa_0285,15,-0.248520
cta_qa_0285,16,-38.812500
cta_qa_0285,17,-38.812500
cta_qa_0285,18,-38.812500
cta_qa_0285,19,-0.306834
cta_qa_0285,20,-0.316900
cta_qa_0285,21,-0.316900
cta_qa_0285,22,-0.315680
cta_qa_0285,23,-37.812500
cta_qa_0285,24,-0.189003
cta_qa_0285,25,-38.437500
cta_qa_0285,26,-0.338326
cta_qa_0285,27,-38.437500
cta_qa_0285,28,-36.812500
cta_qa_0285,29,-0.304209
cta_qa_0285,30,-0.187332
cta_qa_0285,31,-0.217700
cta_qa_0285,32,-38.875000
cta_qa_0285,33,-38.875000
cta_qa_0285,34,-38.875000
cta_qa_0285,35,-38.875000
cta_qa_0285,36,-0.189003
cta_qa_0285,37,-0.217219
cta_qa_0285,38,-0.217219
cta_qa_0285,39,-37.812500
cta_qa_0285,40,-0.248520
cta_qa_0285,41,-0.248520
cta_qa_0285,42,-38.062500
cta_qa_0285,43,-0.248520
cta_qa_0285,44,-0.369866
cta_qa_0285,45,-0.248520
cta_qa_0285,46,-38.500000
cta_qa_0285,47,-0.248520
cta_qa_0285,48,-0.402114
cta_qa_0285,49,-0.312280
cta_qa_0285,50,-37.687500
cta_qa_0285,51,-0.373600
cta_qa_0285,52,-37.750000
cta_qa_0285,53,-0.220941
cta_qa_0285,54,-0.402323
cta_qa_0285,55,-0.221908
cta_qa_0285,56,-0.306834
cta_qa_0285,57,-38.812500
cta_qa_0285,58,-38.812500
cta_qa_0285,59,-38.812500
cta_qa_0285,60,-0.369866
cta_qa_0285,61,-38.625000
cta_qa_0285,62,-0.248520
cta_qa_0285,63,-0.248520
cta_qa_0286,0,-34.125000
cta_qa_0286,1,-34.125000
cta_qa_0286,2,-36.875000
cta_qa_0286,3,-34.125000
cta_qa_0286,4,-0.255447
cta_qa_0286,5,-0.347514
cta_qa_0286,6,-34.250000
cta_qa_0286,7,-0.347514
cta_qa_0286,8,-0.312303
cta_qa_0286,9,-0.310956
cta_qa_0286,10,-0.283359
cta_qa_0286,11,-34.500000
cta_qa_0286,12,-34.500000
cta_qa_0286,13,-34.500000
cta_qa_0286,14,-34.125000
cta_qa_0286,15,-34.500000
cta_qa_0286,16,-34.500000
cta_qa_0286,17,-34.125000
cta_qa_0286,18,-34.500000
cta_qa_0286,19,-34.500000
cta_qa_0286,20,-34.000000
cta_qa_0286,21,-0.374804
cta_qa_0286,22,-34.000000
cta_qa_0286,23,-36.562500
cta_qa_0286,24,-34.500000
cta_qa_0286,25,-34.500000
cta_qa_0286,26,-0.342682
cta_qa_0286,27,-34.500000
cta_qa_0286,28,-34.500000
cta_qa_0286,29,-34.125000
cta_qa_0286,30,-34.500000
cta_qa_0286,31,-34.500000
cta_qa_0286,32,-0.316423
cta_qa_0286,33,-0.289263
cta_qa_0286,34,-0.317834
cta_qa_0286,35,-36.875000
cta_qa_0286,36,-34.250000
cta_qa_0286,37,-0.286200
cta_qa_0286,38,-0.316153
cta_qa_0286,39,-0.347514
cta_qa_0286,40,-34.500000
cta_qa_0286,41,-0.310956
cta_qa_0286,42,-0.312303
cta_qa_0286,43,-0.312303
cta_qa_0286,44,-34.500000
cta_qa_0286,45,-34.000000
cta_qa_0286,46,-0.343573
cta_qa_0286,47,-34.500000
cta_qa_0286,48,-0.313423
cta_qa_0286,49,-0.312303
cta_qa_0286,50,-0.312303
cta_qa_0286,51,-34.500000
cta_qa_0286,52,-34.500000
cta_qa_0286,53,-34.500000
cta_qa_0286,54,-34.125000
cta_qa_0286,55,-34.125000
cta_qa_0286,56,-34.500000
cta_qa_0286,57,-34.500000
cta_qa_0286,58,-34.500000
cta_qa_0286,59,-0.368362
cta_qa_0286,60,-34.500000
cta_qa_0286,61,-34.125000
cta_qa_0286,62,-34.500000
cta_qa_0286,63,-34.500000
cta_qa_0287,0,-37.625000
cta_qa_0287,1,-0.374817
cta_qa_0287,2,-37.625000
cta_qa_0287,3,-37.625000
cta_qa_0287,4,-37.625000
cta_qa_0287,5,-37.625000
cta_qa_0287,6,-0.374817
cta_qa_0287,7,-37.625000
cta_qa_0287,8,-35.500000
cta_qa_0287,9,-0.193649
cta_qa_0287,10,-0.225081
cta_qa_0287,11,-0.193649
cta_qa_0287,12,-0.225081
cta_qa_0287,13,-35.500000
cta_qa_0287,14,-0.376027
cta_qa_0287,15,-0.225081
cta_qa_0287,16,-0.225081
cta_qa_0287,17,-35.500000
cta_qa_0287,18,-0.193649
cta_qa_0287,19,-0.254138
cta_qa_0287,20,-37.375000
cta_qa_0287,21,-37.562500
cta_qa_0287,22,-37.562500
cta_qa_0287,23,-37.562500
cta_qa_0287,24,-0.376027
cta_qa_0287,25,-35.250000
cta_qa_0287,26,-0.225081
cta_qa_0287,27,-36.250000
cta_qa_0287,28,-37.562500
cta_qa_0287,29,-37.562500
cta_qa_0287,30,-37.562500
cta_qa_0287,31,-37.562500
cta_qa_0287,32,-37.562500
cta_qa_0287,33,-37.562500
cta_qa_0287,34,-37.562500
cta_qa_0287,35,-37.562500
cta_qa_0287,36,-36.250000
cta_qa_0287,37,-0.193649
cta_qa_0287,38,-0.193649
cta_qa_0287,39,-0.225081
cta_qa_0287,40,-37.375000
cta_qa_0287,41,-37.562500
cta_qa_0287,42,-37.375000
cta_qa_0287,43,-37.562500
cta_qa_0287,44,-17.750000
cta_qa_0287,45,-0.260004
cta_qa_0287,46,-0.315193
cta_qa_0287,47,-0.260004
cta_qa_0287,48,-0.193649
cta_qa_0287,49,-0.225081
cta_qa_0287,50,-36.250000
cta_qa_0287,51,-36.250000
cta_qa_0287,52,-0.193649
cta_qa_0287,53,-36.250000
cta_qa_0287,54,-0.193649
cta_qa_0287,55,-0.225081
cta_qa_0287,56,-0.374817
cta_qa_0287,57,-37.625000
cta_qa_0287,58,-37.625000
cta_qa_0287,59,-37.625000
cta_qa_0287,60,-0.225081
cta_qa_0287,61,-0.225081
cta_qa_0287,62,-35.250000
cta_qa_0287,63,-0.193649
cta_qa_0288,0,-0.382676
cta_qa_0288,1,-36.875000
cta_qa_0288,2,-0.410003
cta_qa_0288,3,-0.383920
cta_qa_0288,4,-0.383813
cta_qa_0288,5,-0.499798
cta_qa_0288,6,-37.875000
cta_qa_0288,7,-0.382788
cta_qa_0288,8,-0.412476
cta_qa_0288,9,-0.378712
cta_qa_0288,10,-0.416697
cta_qa_0288,11,-35.250000
cta_qa_0288,12,-0.443812
cta_qa_0288,13,-0.410857
cta_qa_0288,14,-0.499794
cta_qa_0288,15,-35.250000
cta_qa_0288,16,-36.125000
cta_qa_0288,17,-0.385137
cta_qa_0288,18,-0.416255
cta_qa_0288,19,-0.447362
cta_qa_0288,20,-0.383802
cta_qa_0288,21,-0.442390
cta_qa_0288,22,-36.000000
cta_qa_0288,23,-0.383920
cta_qa_0288,24,-34.375000
cta_qa_0288,25,-0.254043
cta_qa_0288,26,-0.348950
cta_qa_0288,27,-0.354361
cta_qa_0288,28,-36.125000
cta_qa_0288,29,-0.347375
cta_qa_0288,30,-0.348858
cta_qa_0288,31,-0.350335
cta_qa_0288,32,-36.625000
cta_qa_0288,33,-0.472507
cta_qa_0288,34,-0.474961
cta_qa_0288,35,-0.442539
cta_qa_0288,36,-0.351089
cta_qa_0288,37,-36.125000
cta_qa_0288,38,-0.378582
cta_qa_0288,39,-0.292776
cta_qa_0288,40,-0.292776
cta_qa_0288,41,-0.291822
cta_qa_0288,42,-0.382243
cta_qa_0288,43,-36.937500
cta_qa_0288,44,-36.000000
cta_qa_0288,45,-0.382436
cta_qa_0288,46,-0.354811
cta_qa_0288,47,-0.445079
cta_qa_0288,48,-0.320290
cta_qa_0288,49,-0.320290
cta_qa_0288,50,-0.320290
cta_qa_0288,51,-36.125000
cta_qa_0288,52,-32.500000
cta_qa_0288,53,-0.381217
cta_qa_0288,54,-0.348945
cta_qa_0288,55,-0.411862
cta_qa_0288,56,-0.320290
cta_qa_0288,57,-36.125000
cta_qa_0288,58,-0.319096
cta_qa_0288,59,-0.319108
cta_qa_0288,60,-0.382225
cta_qa_0288,61,-0.409965
cta_qa_0288,62,-0.411282
cta_qa_0288,63,-36.625000
cta_qa_0289,0,-0.417005
cta_qa_0289,1,-37.062500
cta_qa_0289,2,-0.417005
cta_qa_0289,3,-0.417005
cta_qa_0289,4,-0.450817
cta_qa_0289,5,-0.387605
cta_qa_0289,6,-35.625000
cta_qa_0289,7,-0.387605
cta_qa_0289,8,-0.416712
cta_qa_0289,9,-0.416712
cta_qa_0289,10,-29.750000
cta_qa_0289,11,-0.416712
cta_qa_0289,12,-0.287105
cta_qa_0289,13,-37.187500
cta_qa_0289,14,-0.127502
cta_qa_0289,15,-0.287105
cta_qa_0289,16,-33.750000
cta_qa_0289,17,-0.388321
cta_qa_0289,18,-0.441684
cta_qa_0289,19,-0.360531
cta_qa_0289,20,-0.390804
cta_qa_0289,21,-0.390138
cta_qa_0289,22,-35.500000
cta_qa_0289,23,-0.356506
cta_qa_0289,24,-0.357236
cta_qa_0289,25,-35.750000
cta_qa_0289,26,-0.386230
cta_qa_0289,27,-0.357236
cta_qa_0289,28,-0.297014
cta_qa_0289,29,-35.750000
cta_qa_0289,30,-0.387605
cta_qa_0289,31,-0.387605
cta_qa_0289,32,-0.166571
cta_qa_0289,33,-0.166571
cta_qa_0289,34,-0.166571
cta_qa_0289,35,-36.812500
cta_qa_0289,36,-0.383913
cta_qa_0289,37,-0.385908
cta_qa_0289,38,-34.875000
cta_qa_0289,39,-0.469964
cta_qa_0289,40,-0.356711
cta_qa_0289,41,-0.356711
cta_qa_0289,42,-0.356711
cta_qa_0289,43,-35.750000
cta_qa_0289,44,-0.352674
cta_qa_0289,45,-36.500000
cta_qa_0289,46,-0.295825
cta_qa_0289,47,-0.326367
cta_qa_0289,48,-0.101498
cta_qa_0289,49,-0.166571
cta_qa_0289,50,-36.812500
cta_qa_0289,51,-0.166571
cta_qa_0289,52,-0.386230
cta_qa_0289,53,-0.357236
cta_qa_0289,54,-35.750000
cta_qa_0289,55,-0.386230
cta_qa_0289,56,-0.329487
cta_qa_0289,57,-0.387605
cta_qa_0289,58,-35.125000
cta_qa_0289,59,-0.387605
cta_qa_0289,60,-0.166571
cta_qa_0289,61,-0.166571
cta_qa_0289,62,-36.812500
cta_qa_0289,63,-0.166571
cta_qa_0290,0,-35.875000
cta_qa_0290,1,-0.560823
cta_qa_0290,2,-0.533864
cta_qa_0290,3,-0.565915
cta_qa_0290,4,-0.479925
cta_qa_0290,5,-38.375000
cta_qa_0290,6,-0.477017
cta_qa_0290,7,-38.375000
cta_qa_0290,8,-0.499784
cta_qa_0290,9,-0.499784
cta_qa_0290,10,-0.444658
cta_qa_0290,11,-38.375000
cta_qa_0290,12,-38.250000
cta_qa_0290,13,-0.493717
cta_qa_0290,14,-0.493717
cta_qa_0290,15,-0.493717
cta_qa_0290,16,-0.467058
cta_qa_0290,17,-0.467058
cta_qa_0290,18,-0.384700
cta_qa_0290,19,-38.125000
cta_qa_0290,20,-0.443727
cta_qa_0290,21,-38.625000
cta_qa_0290,22,-0.411447
cta_qa_0290,23,-0.462550
cta_qa_0290,24,-0.377489
cta_qa_0290,25,-0.445790
cta_qa_0290,26,-38.625000
cta_qa_0290,27,-0.462550
cta_qa_0290,28,-38.375000
cta_qa_0290,29,-0.445643
cta_qa_0290,30,-0.499784
cta_qa_0290,31,-0.499784
cta_qa_0290,32,-38.625000
cta_qa_0290,33,-0.413582
cta_qa_0290,34,-0.462550
cta_qa_0290,35,-0.462550
cta_qa_0290,36,-0.479925
cta_qa_0290,37,-38.375000
cta_qa_0290,38,-0.445643
cta_qa_0290,39,-0.475763
cta_qa_0290,40,-0.479925
cta_qa_0290,41,-0.499784
cta_qa_0290,42,-38.375000
cta_qa_0290,43,-0.444658
cta_qa_0290,44,-38.250000
cta_qa_0290,45,-0.471738
cta_qa_0290,46,-0.493717
cta_qa_0290,47,-0.493717
cta_qa_0290,48,-0.475662
cta_qa_0290,49,-0.343561
cta_qa_0290,50,-0.467058
cta_qa_0290,51,-38.125000
cta_qa_0290,52,-0.465538
cta_qa_0290,53,-38.562500
cta_qa_0290,54,-0.413572
cta_qa_0290,55,-0.442310
cta_qa_0290,56,-38.625000
cta_qa_0290,57,-38.625000
cta_qa_0290,58,-0.371965
cta_qa_0290,59,-0.377489
cta_qa_0290,60,-0.479925
cta_qa_0290,61,-0.499784
cta_qa_0290,62,-0.479925
cta_qa_0290,63,-38.375000
cta_qa_0291,0,-34.375000
cta_qa_0291,1,-34.125000
cta_qa_0291,2,-0.438487
cta_qa_0291,3,-0.220135
cta_qa_0291,4,-0.374857
cta_qa_0291,5,-12.124999
cta_qa_0291,6,-0.251748
cta_qa_0291,7,-0.251748
cta_qa_0291,8,-35.000000
cta_qa_0291,9,-34.375000
cta_qa_0291,10,-0.466407
cta_qa_0291,11,-34.375000
cta_qa_0291,12,-0.493537
cta_qa_0291,13,-34.375000
cta_qa_0291,14,-0.493537
cta_qa_0291,15,-34.125000
cta_qa_0291,16,-0.251748
cta_qa_0291,17,-0.407246
cta_qa_0291,18,-13.125000
cta_qa_0291,19,-0.251748
cta_qa_0291,20,-0.460759
cta_qa_0291,21,-13.125000
cta_qa_0291,22,-0.251748
cta_qa_0291,23,-0.373588
cta_qa_0291,24,-0.460759
cta_qa_0291,25,-9.374998
cta_qa_0291,26,-0.313452
cta_qa_0291,27,-0.315185
cta_qa_0291,28,-0.251748
cta_qa_0291,29,-13.125000
cta_qa_0291,30,-15.500000
cta_qa_0291,31,-0.344691
cta_qa_0291,32,-36.125000
cta_qa_0291,33,-0.493537
cta_qa_0291,34,-34.375000
cta_qa_0291,35,-0.370570
cta_qa_0291,36,-0.493537
cta_qa_0291,37,-0.493537
cta_qa_0291,38,-34.375000
cta_qa_0291,39,-33.625000
cta_qa_0291,40,-35.375000
cta_qa_0291,41,-0.251748
cta_qa_0291,42,-0.287213
cta_qa_0291,43,-0.313080
cta_qa_0291,44,-0.373379
cta_qa_0291,45,-0.463497
cta_qa_0291,46,-0.344509
cta_qa_0291,47,-33.750000
cta_qa_0291,48,-28.375000
cta_qa_0291,49,-0.520961
cta_qa_0291,50,-0.374790
cta_qa_0291,51,-0.348559
cta_qa_0291,52,-0.348271
cta_qa_0291,53,-34.375000
cta_qa_0291,54,-0.493537
cta_qa_0291,55,-0.493537
cta_qa_0291,56,-0.411622
cta_qa_0291,57,-0.463497
cta_qa_0291,58,-33.750000
cta_qa_0291,59,-36.125000
cta_qa_0291,60,-0.283929
cta_qa_0291,61,-0.408558
cta_qa_0291,62,-36.875000
cta_qa_0291,63,-34.375000
cta_qa_0292,0,-0.314767
cta_qa_0292,1,-0.314767
cta_qa_0292,2,-37.125000
cta_qa_0292,3,-37.125000
cta_qa_0292,4,-37.125000
cta_qa_0292,5,-37.125000
cta_qa_0292,6,-37.125000
cta_qa_0292,7,-0.314767
cta_qa_0292,8,-0.322759
cta_qa_0292,9,-0.291474
cta_qa_0292,10,-0.321167
cta_qa_0292,11,-37.125000
cta_qa_0292,12,-0.410139
cta_qa_0292,13,-37.125000
cta_qa_0292,14,-0.283631
cta_qa_0292,15,-0.410139
cta_qa_0292,16,-37.125000
cta_qa_0292,17,-0.322075
cta_qa_0292,18,-0.322075
cta_qa_0292,19,-0.322075
cta_qa_0292,20,-0.314767
cta_qa_0292,21,-37.125000
cta_qa_0292,22,-37.125000
cta_qa_0292,23,-37.125000
cta_qa_0292,24,-37.312500
cta_qa_0292,25,-0.377704
cta_qa_0292,26,-37.875000
cta_qa_0292,27,-0.348873
cta_qa_0292,28,-0.410139
cta_qa_0292,29,-0.314767
cta_qa_0292,30,-37.562500
cta_qa_0292,31,-0.410139
cta_qa_0292,32,-36.125000
cta_qa_0292,33,-0.322759
cta_qa_0292,34,-0.438704
cta_qa_0292,35,-0.438704
cta_qa_0292,36,-0.352925
cta_qa_0292,37,-0.322076
cta_qa_0292,38,-0.383244
cta_qa_0292,39,-37.250000
cta_qa_0292,40,-0.314767
cta_qa_0292,41,-37.125000
cta_qa_0292,42,-0.314767
cta_qa_0292,43,-0.343553
cta_qa_0292,44,-0.438704
cta_qa_0292,45,-0.322759
cta_qa_0292,46,-37.125000
cta_qa_0292,47,-37.125000
cta_qa_0292,48,-37.125000
cta_qa_0292,49,-0.314767
cta_qa_0292,50,-0.410139
cta_qa_0292,51,-37.125000
cta_qa_0292,52,-37.125000
cta_qa_0292,53,-0.410139
cta_qa_0292,54,-37.125000
cta_qa_0292,55,-0.314767
cta_qa_0292,56,-0.438704
cta_qa_0292,57,-0.321167
cta_qa_0292,58,-37.125000
cta_qa_0292,59,-0.321167
cta_qa_0292,60,-0.350065
cta_qa_0292,61,-0.324183
cta_qa_0292,62,-0.323091
cta_qa_0292,63,-38.750000
cta_qa_0293,0,-0.348663
cta_qa_0293,1,-36.125000
cta_qa_0293,2,-0.382917
cta_qa_0293,3,-0.382917
cta_qa_0293,4,-35.875000
cta_qa_0293,5,-0.349627
cta_qa_0293,6,-0.350584
cta_qa_0293,7,-0.350603
cta_qa_0293,8,-0.443380
cta_qa_0293,9,-32.500000
cta_qa_0293,10,-0.381139
cta_qa_0293,11,-0.382460
cta_qa_0293,12,-34.625000
cta_qa_0293,13,-0.477285
cta_qa_0293,14,-0.503382
cta_qa_0293,15,-0.443123
cta_qa_0293,16,-0.418672
cta_qa_0293,17,-0.448240
cta_qa_0293,18,-0.385888
cta_qa_0293,19,-35.875000
cta_qa_0293,20,-34.250000
cta_qa_0293,21,-0.319857
cta_qa_0293,22,-0.322659
cta_qa_0293,23,-0.350910
cta_qa_0293,24,-36.375000
cta_qa_0293,25,-0.416383
cta_qa_0293,26,-0.316613
cta_qa_0293,27,-0.317582
cta_qa_0293,28,-0.442567
cta_qa_0293,29,-0.381849
cta_qa_0293,30,-36.125000
cta_qa_0293,31,-0.348738
cta_qa_0293,32,-38.250000
cta_qa_0293,33,-0.478211
cta_qa_0293,34,-0.478502
cta_qa_0293,35,-0.477947
cta_qa_0293,36,-34.875000
cta_qa_0293,37,-0.383416
cta_qa_0293,38,-0.383302
cta_qa_0293,39,-0.380974
cta_qa_0293,40,-0.446937
cta_qa_0293,41,-36.250000
cta_qa_0293,42,-0.413489
cta_qa_0293,43,-0.415046
cta_qa_0293,44,-31.125000
cta_qa_0293,45,-0.354483
cta_qa_0293,46,-0.473456
cta_qa_0293,47,-0.473646
cta_qa_0293,48,-0.445694
cta_qa_0293,49,-34.625000
cta_qa_0293,50,-34.625000
cta_qa_0293,51,-34.250000
cta_qa_0293,52,-0.382730
cta_qa_0293,53,-36.375000
cta_qa_0293,54,-0.383922
cta_qa_0293,55,-0.416383
cta_qa_0293,56,-0.351101
cta_qa_0293,57,-34.500000
cta_qa_0293,58,-37.187500
cta_qa_0293,59,-0.350918
cta_qa_0293,60,-0.384032
cta_qa_0293,61,-0.446558
cta_qa_0293,62,-38.625000
cta_qa_0293,63,-0.384184
cta_qa_0294,0,-0.418441
cta_qa_0294,1,-0.441983
cta_qa_0294,2,-0.438797
cta_qa_0294,3,-34.500000
cta_qa_0294,4,-0.378192
cta_qa_0294,5,-0.378192
cta_qa_0294,6,-0.378192
cta_qa_0294,7,-38.750000
cta_qa_0294,8,-0.384036
cta_qa_0294,9,-0.469920
cta_qa_0294,10,-0.414144
cta_qa_0294,11,-39.187500
cta_qa_0294,12,-28.625000
cta_qa_0294,13,-28.625000
cta_qa_0294,14,-28.625000
cta_qa_0294,15,-28.625000
cta_qa_0294,16,-28.625000
cta_qa_0294,17,-28.625000
cta_qa_0294,18,-28.625000
cta_qa_0294,19,-28.625000
cta_qa_0294,20,-36.687500
cta_qa_0294,21,-0.560854
cta_qa_0294,22,-0.560854
cta_qa_0294,23,-0.560854
cta_qa_0294,24,-34.250000
cta_qa_0294,25,-0.406043
cta_qa_0294,26,-0.406043
cta_qa_0294,27,-0.406043
cta_qa_0294,28,-0.406043
cta_qa_0294,29,-0.406043
cta_qa_0294,30,-0.406043
cta_qa_0294,31,-37.312500
cta_qa_0294,32,-28.625000
cta_qa_0294,33,-28.625000
cta_qa_0294,34,-28.625000
cta_qa_0294,35,-28.625000
cta_qa_0294,36,-28.625000
cta_qa_0294,37,-28.625000
cta_qa_0294,38,-28.625000
cta_qa_0294,39,-28.625000
cta_qa_0294,40,-28.625000
cta_qa_0294,41,-28.625000
cta_qa_0294,42,-28.625000
cta_qa_0294,43,-28.625000
cta_qa_0294,44,-0.533918
cta_qa_0294,45,-0.533918
cta_qa_0294,46,-0.533918
cta_qa_0294,47,-32.875000
cta_qa_0294,48,-28.625000
cta_qa_0294,49,-28.625000
cta_qa_0294,50,-28.625000
cta_qa_0294,51,-28.625000
cta_qa_0294,52,-28.625000
cta_qa_0294,53,-28.625000
cta_qa_0294,54,-28.625000
cta_qa_0294,55,-28.625000
cta_qa_0294,56,-28.625000
cta_qa_0294,57,-28.625000
cta_qa_0294,58,-28.625000
cta_qa_0294,59,-28.625000
cta_qa_0294,60,-28.625000
cta_qa_0294,61,-28.625000
cta_qa_0294,62,-28.625000
cta_qa_0294,63,-28.625000
cta_qa_0295,0,-0.383145
cta_qa_0295,1,-38.562500
cta_qa_0295,2,-0.322132
cta_qa_0295,3,-0.320586
cta_qa_0295,4,-0.289160
cta_qa_0295,5,-38.500000
cta_qa_0295,6,-0.415151
cta_qa_0295,7,-0.414077
cta_qa_0295,8,-0.417115
cta_qa_0295,9,-38.375000
cta_qa_0295,10,-0.382366
cta_qa_0295,11,-0.446016
cta_qa_0295,12,-37.250000
cta_qa_0295,13,-38.687500
cta_qa_0295,14,-38.062500
cta_qa_0295,15,-0.416638
cta_qa_0295,16,-0.351419
cta_qa_0295,17,-0.351680
cta_qa_0295,18,-0.379830
cta_qa_0295,19,-37.062500
cta_qa_0295,20,-0.321754
cta_qa_0295,21,-0.285795
cta_qa_0295,22,-39.562500
cta_qa_0295,23,-0.284170
cta_qa_0295,24,-0.414180
cta_qa_0295,25,-0.448368
cta_qa_0295,26,-0.379980
cta_qa_0295,27,-38.562500
cta_qa_0295,28,-0.325565
cta_qa_0295,29,-0.384662
cta_qa_0295,30,-0.349458
cta_qa_0295,31,-37.812500
cta_qa_0295,32,-0.284126
cta_qa_0295,33,-0.284974
cta_qa_0295,34,-39.187500
cta_qa_0295,35,-0.352017
cta_qa_0295,36,-0.353716
cta_qa_0295,37,-36.000000
cta_qa_0295,38,-0.415686
cta_qa_0295,39,-0.355258
cta_qa_0295,40,-37.937500
cta_qa_0295,41,-0.383639
cta_qa_0295,42,-0.318741
cta_qa_0295,43,-38.875000
cta_qa_0295,44,-0.351300
cta_qa_0295,45,-0.346574
cta_qa_0295,46,-0.351425
cta_qa_0295,47,-39.187500
cta_qa_0295,48,-39.375000
cta_qa_0295,49,-0.412680
cta_qa_0295,50,-38.125000
cta_qa_0295,51,-0.322579
cta_qa_0295,52,-0.386667
cta_qa_0295,53,-0.352024
cta_qa_0295,54,-37.187500
cta_qa_0295,55,-0.348374
cta_qa_0295,56,-0.382152
cta_qa_0295,57,-34.500000
cta_qa_0295,58,-38.125000
cta_qa_0295,59,-37.500000
cta_qa_0295,60,-39.000000
cta_qa_0295,61,-0.320288
cta_qa_0295,62,-0.317803
cta_qa_0295,63,-0.316125
cta_qa_0296,0,-0.559519
cta_qa_0296,1,-31.500000
cta_qa_0296,2,-0.559519
cta_qa_0296,3,-0.559519
cta_qa_0296,4,-0.501198
cta_qa_0296,5,-0.501198
cta_qa_0296,6,-0.501198
cta_qa_0296,7,-37.437500
cta_qa_0296,8,-38.125000
cta_qa_0296,9,-0.559472
cta_qa_0296,10,-0.559472
cta_qa_0296,11,-0.559472
cta_qa_0296,12,-0.529711
cta_qa_0296,13,-0.529711
cta_qa_0296,14,-0.529711
cta_qa_0296,15,-35.250000
cta_qa_0296,16,-0.562297
cta_qa_0296,17,-0.562297
cta_qa_0296,18,-0.562297
cta_qa_0296,19,-7.374996
cta_qa_0296,20,-38.375000
cta_qa_0296,21,-0.528339
cta_qa_0296,22,-0.528339
cta_qa_0296,23,-0.378813
cta_qa_0296,24,-28.625000
cta_qa_0296,25,-28.625000
cta_qa_0296,26,-28.625000
cta_qa_0296,27,-28.625000
cta_qa_0296,28,-0.528339
cta_qa_0296,29,-37.875000
cta_qa_0296,30,-0.528339
cta_qa_0296,31,-0.528339
cta_qa_0296,32,-0.495601
cta_qa_0296,33,-0.411383
cta_qa_0296,34,-0.495601
cta_qa_0296,35,-37.937500
cta_qa_0296,36,-0.562297
cta_qa_0296,37,-36.000000
cta_qa_0296,38,-0.562297
cta_qa_0296,39,-0.473577
cta_qa_0296,40,-0.562297
cta_qa_0296,41,-3.874991
cta_qa_0296,42,-0.447375
cta_qa_0296,43,-0.562297
cta_qa_0296,44,-0.562297
cta_qa_0296,45,-0.562297
cta_qa_0296,46,-7.374996
cta_qa_0296,47,-0.448552
cta_qa_0296,48,-0.559519
cta_qa_0296,49,-0.471135
cta_qa_0296,50,-21.625000
cta_qa_0296,51,-0.559519
cta_qa_0296,52,-0.470600
cta_qa_0296,53,-36.625000
cta_qa_0296,54,-0.529678
cta_qa_0296,55,-0.413849
cta_qa_0296,56,-0.495601
cta_qa_0296,57,-38.437500
cta_qa_0296,58,-0.495601
cta_qa_0296,59,-0.437308
cta_qa_0296,60,-0.499805
cta_qa_0296,61,-0.499805
cta_qa_0296,62,-0.499805
cta_qa_0296,63,-35.000000
cta_qa_0297,0,-0.374769
cta_qa_0297,1,-38.812500
cta_qa_0297,2,-0.374769
cta_qa_0297,3,-0.374769
cta_qa_0297,4,-36.000000
cta_qa_0297,5,-0.472387
cta_qa_0297,6,-0.472387
cta_qa_0297,7,-0.415011
cta_qa_0297,8,-0.439970
cta_qa_0297,9,-0.439970
cta_qa_0297,10,-35.625000
cta_qa_0297,11,-0.439970
cta_qa_0297,12,-0.376941
cta_qa_0297,13,-38.187500
cta_qa_0297,14,-0.376941
cta_qa_0297,15,-37.125000
cta_qa_0297,16,-0.374769
cta_qa_0297,17,-0.350893
cta_qa_0297,18,-36.875000
cta_qa_0297,19,-36.875000
cta_qa_0297,20,-35.625000
cta_qa_0297,21,-0.439970
cta_qa_0297,22,-0.439970
cta_qa_0297,23,-0.473634
cta_qa_0297,24,-37.125000
cta_qa_0297,25,-0.402118
cta_qa_0297,26,-0.219976
cta_qa_0297,27,-0.317702
cta_qa_0297,28,-0.376941
cta_qa_0297,29,-0.376941
cta_qa_0297,30,-38.187500
cta_qa_0297,31,-0.376941
cta_qa_0297,32,-0.252756
cta_qa_0297,33,-0.440063
cta_qa_0297,34,-37.875000
cta_qa_0297,35,-0.440063
cta_qa_0297,36,-0.411684
cta_qa_0297,37,-0.414868
cta_qa_0297,38,-36.000000
cta_qa_0297,39,-0.412686
cta_qa_0297,40,-0.250523
cta_qa_0297,41,-0.377266
cta_qa_0297,42,-0.377266
cta_qa_0297,43,-37.875000
cta_qa_0297,44,-35.625000
cta_qa_0297,45,-0.439970
cta_qa_0297,46,-0.439970
cta_qa_0297,47,-0.439970
cta_qa_0297,48,-0.439970
cta_qa_0297,49,-33.875000
cta_qa_0297,50,-0.439970
cta_qa_0297,51,-0.439970
cta_qa_0297,52,-0.224232
cta_qa_0297,53,-0.352382
cta_qa_0297,54,-0.434613
cta_qa_0297,55,-37.562500
cta_qa_0297,56,-27.875000
cta_qa_0297,57,-27.875000
cta_qa_0297,58,-27.875000
cta_qa_0297,59,-27.875000
cta_qa_0297,60,-0.374769
cta_qa_0297,61,-0.374769
cta_qa_0297,62,-0.284607
cta_qa_0297,63,-36.875000
cta_qa_0298,0,-0.499779
cta_qa_0298,1,-0.499779
cta_qa_0298,2,-37.687500
cta_qa_0298,3,-0.413079
cta_qa_0298,4,-35.750000
cta_qa_0298,5,-0.535490
cta_qa_0298,6,-0.541090
cta_qa_0298,7,-0.541090
cta_qa_0298,8,-0.472161
cta_qa_0298,9,-0.445643
cta_qa_0298,10,-0.503851
cta_qa_0298,11,-36.000000
cta_qa_0298,12,-0.408576
cta_qa_0298,13,-37.750000
cta_qa_0298,14,-37.750000
cta_qa_0298,15,-0.499779
cta_qa_0298,16,-0.505661
cta_qa_0298,17,-36.937500
cta_qa_0298,18,-0.474498
cta_qa_0298,19,-0.448188
cta_qa_0298,20,-37.375000
cta_qa_0298,21,-0.473868
cta_qa_0298,22,-0.473868
cta_qa_0298,23,-0.473868
cta_qa_0298,24,-37.000000
cta_qa_0298,25,-0.413257
cta_qa_0298,26,-0.352787
cta_qa_0298,27,-0.386351
cta_qa_0298,28,-0.475326
cta_qa_0298,29,-0.418799
cta_qa_0298,30,-0.475326
cta_qa_0298,31,-36.000000
cta_qa_0298,32,-0.503851
cta_qa_0298,33,-0.229014
cta_qa_0298,34,-37.062500
cta_qa_0298,35,-0.508153
cta_qa_0298,36,-0.388536
cta_qa_0298,37,-0.386518
cta_qa_0298,38,-37.125000
cta_qa_0298,39,-0.444830
cta_qa_0298,40,-27.500000
cta_qa_0298,41,-27.500000
cta_qa_0298,42,-27.500000
cta_qa_0298,43,-27.500000
cta_qa_0298,44,-0.531027
cta_qa_0298,45,-36.750000
cta_qa_0298,46,-0.380870
cta_qa_0298,47,-0.531027
cta_qa_0298,48,-0.532417
cta_qa_0298,49,-0.416245
cta_qa_0298,50,-37.125000
cta_qa_0298,51,-0.444836
cta_qa_0298,52,-0.384686
cta_qa_0298,53,-0.503851
cta_qa_0298,54,-0.503851
cta_qa_0298,55,-30.125000
cta_qa_0298,56,-36.875000
cta_qa_0298,57,-0.416366
cta_qa_0298,58,-0.385599
cta_qa_0298,59,-0.352180
cta_qa_0298,60,-0.499779
cta_qa_0298,61,-37.500000
cta_qa_0298,62,-0.499779
cta_qa_0298,63,-0.499779
cta_qa_0299,0,-0.476312
cta_qa_0299,1,-29.000000
cta_qa_0299,2,-0.476312
cta_qa_0299,3,-0.476312
cta_qa_0299,4,-32.750000
cta_qa_0299,5,-0.505448
cta_qa_0299,6,-0.472625
cta_qa_0299,7,-0.472625
cta_qa_0299,8,-30.750000
cta_qa_0299,9,-28.625000
cta_qa_0299,10,-30.750000
cta_qa_0299,11,-0.503699
cta_qa_0299,12,-0.446685
cta_qa_0299,13,-0.504979
cta_qa_0299,14,-0.446685
cta_qa_0299,15,-36.875000
cta_qa_0299,16,-34.500000
cta_qa_0299,17,-34.500000
cta_qa_0299,18,-34.500000
cta_qa_0299,19,-34.500000
cta_qa_0299,20,-0.445933
cta_qa_0299,21,-0.382168
cta_qa_0299,22,-0.445933
cta_qa_0299,23,-33.375000
cta_qa_0299,24,-0.383304
cta_qa_0299,25,-0.378605
cta_qa_0299,26,-0.383304
cta_qa_0299,27,-33.750000
cta_qa_0299,28,-30.750000
cta_qa_0299,29,-0.503699
cta_qa_0299,30,-0.503699
cta_qa_0299,31,-0.445067
cta_qa_0299,32,-34.500000
cta_qa_0299,33,-34.500000
cta_qa_0299,34,-34.500000
cta_qa_0299,35,-34.500000
cta_qa_0299,36,-37.187500
cta_qa_0299,37,-0.571179
cta_qa_0299,38,-0.474984
cta_qa_0299,39,-0.474984
cta_qa_0299,40,-0.347066
cta_qa_0299,41,-0.347066
cta_qa_0299,42,-35.000000
cta_qa_0299,43,-0.347066
cta_qa_0299,44,-0.476312
cta_qa_0299,45,-0.476312
cta_qa_0299,46,-0.476312
cta_qa_0299,47,-32.250000
cta_qa_0299,48,-30.750000
cta_qa_0299,49,-30.750000
cta_qa_0299,50,-0.476312
cta_qa_0299,51,-30.750000
cta_qa_0299,52,-36.125000
cta_qa_0299,53,-0.314132
cta_qa_0299,54,-0.321020
cta_qa_0299,55,-0.321020
cta_qa_0299,56,-34.500000
cta_qa_0299,57,-34.500000
cta_qa_0299,58,-34.500000
cta_qa_0299,59,-34.500000
cta_qa_0299,60,-35.000000
cta_qa_0299,61,-0.347066
cta_qa_0299,62,-0.347066
cta_qa_0299,63,-35.000000
cta_qa_0300,0,-0.355106
cta_qa_0300,1,-0.355106
cta_qa_0300,2,-0.295594
cta_qa_0300,3,-37.500000
cta_qa_0300,4,-37.500000
cta_qa_0300,5,-37.500000
cta_qa_0300,6,-0.355106
cta_qa_0300,7,-37.500000
cta_qa_0300,8,-0.407548
cta_qa_0300,9,-0.355106
cta_qa_0300,10,-37.375000
cta_qa_0300,11,-0.442844
cta_qa_0300,12,-37.500000
cta_qa_0300,13,-37.500000
cta_qa_0300,14,-0.407548
cta_qa_0300,15,-0.407548
cta_qa_0300,16,-0.352036
cta_qa_0300,17,-0.407548
cta_qa_0300,18,-37.500000
cta_qa_0300,19,-0.355106
cta_qa_0300,20,-0.407548
cta_qa_0300,21,-37.500000
cta_qa_0300,22,-37.500000
cta_qa_0300,23,-0.355106
cta_qa_0300,24,-0.355106
cta_qa_0300,25,-37.500000
cta_qa_0300,26,-0.355106
cta_qa_0300,27,-37.500000
cta_qa_0300,28,-0.355106
cta_qa_0300,29,-37.500000
cta_qa_0300,30,-37.375000
cta_qa_0300,31,-37.500000
cta_qa_0300,32,-37.500000
cta_qa_0300,33,-37.500000
cta_qa_0300,34,-0.355106
cta_qa_0300,35,-0.291400
cta_qa_0300,36,-0.355106
cta_qa_0300,37,-37.375000
cta_qa_0300,38,-0.352036
cta_qa_0300,39,-0.295594
cta_qa_0300,40,-0.407548
cta_qa_0300,41,-0.355103
cta_qa_0300,42,-37.500000
cta_qa_0300,43,-0.253027
cta_qa_0300,44,-37.500000
cta_qa_0300,45,-0.355106
cta_qa_0300,46,-0.355106
cta_qa_0300,47,-37.500000
cta_qa_0300,48,-0.289787
cta_qa_0300,49,-0.289787
cta_qa_0300,50,-0.320057
cta_qa_0300,51,-37.687500
cta_qa_0300,52,-37.812500
cta_qa_0300,53,-37.812500
cta_qa_0300,54,-37.812500
cta_qa_0300,55,-37.812500
cta_qa_0300,56,-0.409017
cta_qa_0300,57,-34.500000
cta_qa_0300,58,-0.322799
cta_qa_0300,59,-0.252209
cta_qa_0300,60,-0.407548
cta_qa_0300,61,-0.355103
cta_qa_0300,62,-37.375000
cta_qa_0300,63,-0.320518
cta_qa_0301,0,-0.436134
cta_qa_0301,1,-0.341060
cta_qa_0301,2,-0.433567
cta_qa_0301,3,-38.437500
cta_qa_0301,4,-0.347704
cta_qa_0301,5,-38.062500
cta_qa_0301,6,-0.314970
cta_qa_0301,7,-0.374789
cta_qa_0301,8,-0.410489
cta_qa_0301,9,-0.411687
cta_qa_0301,10,-0.376264
cta_qa_0301,11,-36.937500
cta_qa_0301,12,-0.370837
cta_qa_0301,13,-38.375000
cta_qa_0301,14,-0.408714
cta_qa_0301,15,-0.338009
cta_qa_0301,16,-0.438701
cta_qa_0301,17,-0.406036
cta_qa_0301,18,-38.937500
cta_qa_0301,19,-0.365578
cta_qa_0301,20,-0.493981
cta_qa_0301,21,-0.318462
cta_qa_0301,22,-38.375000
cta_qa_0301,23,-38.125000
cta_qa_0301,24,-0.338009
cta_qa_0301,25,-0.347143
cta_qa_0301,26,-38.375000
cta_qa_0301,27,-0.312304
cta_qa_0301,28,-0.346300
cta_qa_0301,29,-0.456591
cta_qa_0301,30,-0.372081
cta_qa_0301,31,-37.000000
cta_qa_0301,32,-38.250000
cta_qa_0301,33,-0.398404
cta_qa_0301,34,-0.407349
cta_qa_0301,35,-0.435878
cta_qa_0301,36,-0.399060
cta_qa_0301,37,-0.341830
cta_qa_0301,38,-37.937500
cta_qa_0301,39,-0.376026
cta_qa_0301,40,-0.338251
cta_qa_0301,41,-0.341830
cta_qa_0301,42,-38.125000
cta_qa_0301,43,-0.391349
cta_qa_0301,44,-36.250000
cta_qa_0301,45,-0.436134
cta_qa_0301,46,-0.371944
cta_qa_0301,47,-0.433567
cta_qa_0301,48,-0.435898
cta_qa_0301,49,-38.250000
cta_qa_0301,50,-0.406030
cta_qa_0301,51,-0.399702
cta_qa_0301,52,-0.374772
cta_qa_0301,53,-0.374772
cta_qa_0301,54,-38.250000
cta_qa_0301,55,-0.408825
cta_qa_0301,56,-0.346409
cta_qa_0301,57,-0.407497
cta_qa_0301,58,-38.500000
cta_qa_0301,59,-0.410239
cta_qa_0301,60,-0.343557
cta_qa_0301,61,-38.375000
cta_qa_0301,62,-0.347143
cta_qa_0301,63,-38.375000
cta_qa_0302,0,-0.292784
cta_qa_0302,1,-36.000000
cta_qa_0302,2,-0.324364
cta_qa_0302,3,-0.344953
cta_qa_0302,4,-36.000000
cta_qa_0302,5,-0.344953
cta_qa_0302,6,-36.000000
cta_qa_0302,7,-36.000000
cta_qa_0302,8,-0.347589
cta_qa_0302,9,-0.347589
cta_qa_0302,10,-0.347589
cta_qa_0302,11,-37.812500
cta_qa_0302,12,-10.874997
cta_qa_0302,13,-10.874997
cta_qa_0302,14,-10.874997
cta_qa_0302,15,-10.874997
cta_qa_0302,16,-0.347589
cta_qa_0302,17,-0.347589
cta_qa_0302,18,-0.347589
cta_qa_0302,19,-37.812500
cta_qa_0302,20,-0.291482
cta_qa_0302,21,-36.000000
cta_qa_0302,22,-36.000000
cta_qa_0302,23,-0.295962
cta_qa_0302,24,-0.344953
cta_qa_0302,25,-36.000000
cta_qa_0302,26,-36.000000
cta_qa_0302,27,-0.344953
cta_qa_0302,28,-0.344953
cta_qa_0302,29,-36.000000
cta_qa_0302,30,-0.322038
cta_qa_0302,31,-0.344953
cta_qa_0302,32,-0.290801
cta_qa_0302,33,-36.000000
cta_qa_0302,34,-0.344953
cta_qa_0302,35,-0.260124
cta_qa_0302,36,-36.000000
cta_qa_0302,37,-0.344953
cta_qa_0302,38,-36.000000
cta_qa_0302,39,-0.344953
cta_qa_0302,40,-0.344953
cta_qa_0302,41,-0.344953
cta_qa_0302,42,-0.344953
cta_qa_0302,43,-36.000000
cta_qa_0302,44,-0.344953
cta_qa_0302,45,-36.000000
cta_qa_0302,46,-0.324364
cta_qa_0302,47,-0.344953
cta_qa_0302,48,-0.295962
cta_qa_0302,49,-0.344953
cta_qa_0302,50,-36.000000
cta_qa_0302,51,-0.260124
cta_qa_0302,52,-0.260124
cta_qa_0302,53,-0.344953
cta_qa_0302,54,-0.344953
cta_qa_0302,55,-36.000000
cta_qa_0302,56,-0.224138
cta_qa_0302,57,-0.347754
cta_qa_0302,58,-36.250000
cta_qa_0302,59,-0.347754
cta_qa_0302,60,-0.344953
cta_qa_0302,61,-36.000000
cta_qa_0302,62,-36.000000
cta_qa_0302,63,-36.000000
cta_qa_0303,0,-36.125000
cta_qa_0303,1,-36.125000
cta_qa_0303,2,-0.471335
cta_qa_0303,3,-36.125000
cta_qa_0303,4,-0.379673
cta_qa_0303,5,-36.125000
cta_qa_0303,6,-36.125000
cta_qa_0303,7,-36.125000
cta_qa_0303,8,-36.500000
cta_qa_0303,9,-36.500000
cta_qa_0303,10,-36.500000
cta_qa_0303,11,-36.500000
cta_qa_0303,12,-36.125000
cta_qa_0303,13,-0.471335
cta_qa_0303,14,-36.125000
cta_qa_0303,15,-36.125000
cta_qa_0303,16,-36.125000
cta_qa_0303,17,-36.125000
cta_qa_0303,18,-36.125000
cta_qa_0303,19,-0.465953
cta_qa_0303,20,-0.471335
cta_qa_0303,21,-36.125000
cta_qa_0303,22,-36.125000
cta_qa_0303,23,-36.125000
cta_qa_0303,24,-36.500000
cta_qa_0303,25,-36.500000
cta_qa_0303,26,-36.500000
cta_qa_0303,27,-36.500000
cta_qa_0303,28,-36.500000
cta_qa_0303,29,-36.500000
cta_qa_0303,30,-36.500000
cta_qa_0303,31,-36.500000
cta_qa_0303,32,-36.125000
cta_qa_0303,33,-36.125000
cta_qa_0303,34,-36.500000
cta_qa_0303,35,-0.471335
cta_qa_0303,36,-0.509987
cta_qa_0303,37,-36.125000
cta_qa_0303,38,-0.480125
cta_qa_0303,39,-0.480125
cta_qa_0303,40,-36.125000
cta_qa_0303,41,-0.471335
cta_qa_0303,42,-36.125000
cta_qa_0303,43,-36.125000
cta_qa_0303,44,-0.477221
cta_qa_0303,45,-37.375000
cta_qa_0303,46,-0.477221
cta_qa_0303,47,-0.477221
cta_qa_0303,48,-0.408436
cta_qa_0303,49,-35.375000
cta_qa_0303,50,-0.408436
cta_qa_0303,51,-0.408436
cta_qa_0303,52,-0.408436
cta_qa_0303,53,-0.537906
cta_qa_0303,54,-0.408436
cta_qa_0303,55,-35.375000
cta_qa_0303,56,-36.000000
cta_qa_0303,57,-0.416093
cta_qa_0303,58,-0.408436
cta_qa_0303,59,-35.375000
cta_qa_0303,60,-0.387383
cta_qa_0303,61,-0.387383
cta_qa_0303,62,-0.504025
cta_qa_0303,63,-34.625000
cta_qa_0304,0,-37.312500
cta_qa_0304,1,-37.312500
cta_qa_0304,2,-37.312500
cta_qa_0304,3,-37.312500
cta_qa_0304,4,-0.382592
cta_qa_0304,5,-37.000000
cta_qa_0304,6,-0.351797
cta_qa_0304,7,-0.382592
cta_qa_0304,8,-37.312500
cta_qa_0304,9,-37.312500
cta_qa_0304,10,-37.312500
cta_qa_0304,11,-37.312500
cta_qa_0304,12,-37.312500
cta_qa_0304,13,-37.312500
cta_qa_0304,14,-37.312500
cta_qa_0304,15,-37.312500
cta_qa_0304,16,-37.000000
cta_qa_0304,17,-37.187500
cta_qa_0304,18,-0.499768
cta_qa_0304,19,-37.000000
cta_qa_0304,20,-37.187500
cta_qa_0304,21,-0.351797
cta_qa_0304,22,-37.000000
cta_qa_0304,23,-0.499768
cta_qa_0304,24,-37.312500
cta_qa_0304,25,-37.312500
cta_qa_0304,26,-37.312500
cta_qa_0304,27,-37.312500
cta_qa_0304,28,-37.000000
cta_qa_0304,29,-0.381912
cta_qa_0304,30,-37.000000
cta_qa_0304,31,-0.351797
cta_qa_0304,32,-37.312500
cta_qa_0304,33,-37.312500
cta_qa_0304,34,-37.312500
cta_qa_0304,35,-37.312500
cta_qa_0304,36,-0.499768
cta_qa_0304,37,-0.344383
cta_qa_0304,38,-37.000000
cta_qa_0304,39,-37.000000
cta_qa_0304,40,-37.312500
cta_qa_0304,41,-37.312500
cta_qa_0304,42,-37.312500
cta_qa_0304,43,-37.312500
cta_qa_0304,44,-0.353852
cta_qa_0304,45,-37.000000
cta_qa_0304,46,-0.283483
cta_qa_0304,47,-0.499768
cta_qa_0304,48,-0.351797
cta_qa_0304,49,-37.000000
cta_qa_0304,50,-0.351797
cta_qa_0304,51,-37.187500
cta_qa_0304,52,-37.375000
cta_qa_0304,53,-0.469859
cta_qa_0304,54,-0.469859
cta_qa_0304,55,-0.322889
cta_qa_0304,56,-0.414371
cta_qa_0304,57,-0.471649
cta_qa_0304,58,-0.414371
cta_qa_0304,59,-37.062500
cta_qa_0304,60,-0.283483
cta_qa_0304,61,-37.000000
cta_qa_0304,62,-0.382592
cta_qa_0304,63,-0.381912
cta_qa_0305,0,-0.410473
cta_qa_0305,1,-34.125000
cta_qa_0305,2,-0.410473
cta_qa_0305,3,-34.125000
cta_qa_0305,4,-34.375000
cta_qa_0305,5,-34.375000
cta_qa_0305,6,-34.375000
cta_qa_0305,7,-34.375000
cta_qa_0305,8,-34.875000
cta_qa_0305,9,-34.375000
cta_qa_0305,10,-34.375000
cta_qa_0305,11,-34.375000
cta_qa_0305,12,-37.187500
cta_qa_0305,13,-0.463860
cta_qa_0305,14,-0.488682
cta_qa_0305,15,-0.488682
cta_qa_0305,16,-0.345167
cta_qa_0305,17,-34.125000
cta_qa_0305,18,-0.410473
cta_qa_0305,19,-34.625000
cta_qa_0305,20,-0.342594
cta_qa_0305,21,-33.250000
cta_qa_0305,22,-0.372813
cta_qa_0305,23,-0.372849
cta_qa_0305,24,-34.500000
cta_qa_0305,25,-34.375000
cta_qa_0305,26,-34.375000
cta_qa_0305,27,-34.375000
cta_qa_0305,28,-34.375000
cta_qa_0305,29,-34.375000
cta_qa_0305,30,-34.375000
cta_qa_0305,31,-34.375000
cta_qa_0305,32,-34.375000
cta_qa_0305,33,-31.750000
cta_qa_0305,34,-34.625000
cta_qa_0305,35,-36.125000
cta_qa_0305,36,-34.250000
cta_qa_0305,37,-34.375000
cta_qa_0305,38,-34.375000
cta_qa_0305,39,-34.375000
cta_qa_0305,40,-34.125000
cta_qa_0305,41,-35.312500
cta_qa_0305,42,-0.345167
cta_qa_0305,43,-34.125000
cta_qa_0305,44,-34.125000
cta_qa_0305,45,-34.125000
cta_qa_0305,46,-0.410473
cta_qa_0305,47,-0.345167
cta_qa_0305,48,-34.375000
cta_qa_0305,49,-34.375000
cta_qa_0305,50,-34.375000
cta_qa_0305,51,-34.375000
cta_qa_0305,52,-34.875000
cta_qa_0305,53,-34.375000
cta_qa_0305,54,-34.375000
cta_qa_0305,55,-34.625000
cta_qa_0305,56,-34.375000
cta_qa_0305,57,-34.875000
cta_qa_0305,58,-34.875000
cta_qa_0305,59,-34.375000
cta_qa_0305,60,-0.434152
cta_qa_0305,61,-0.374796
cta_qa_0305,62,-36.625000
cta_qa_0305,63,-0.340866
cta_qa_0306,0,-19.500000
cta_qa_0306,1,-0.418819
cta_qa_0306,2,-0.296558
cta_qa_0306,3,-0.418819
cta_qa_0306,4,-0.294214
cta_qa_0306,5,-37.625000
cta_qa_0306,6,-0.446275
cta_qa_0306,7,-0.446275
cta_qa_0306,8,-26.250000
cta_qa_0306,9,-0.321481
cta_qa_0306,10,-0.387374
cta_qa_0306,11,-0.387374
cta_qa_0306,12,-0.255810
cta_qa_0306,13,-0.255806
cta_qa_0306,14,-0.286267
cta_qa_0306,15,-19.500000
cta_qa_0306,16,-0.359483
cta_qa_0306,17,-0.387374
cta_qa_0306,18,-26.250000
cta_qa_0306,19,-0.355935
cta_qa_0306,20,-0.296406
cta_qa_0306,21,-29.500000
cta_qa_0306,22,-0.449049
cta_qa_0306,23,-0.449049
cta_qa_0306,24,-0.418819
cta_qa_0306,25,-0.286267
cta_qa_0306,26,-15.374999
cta_qa_0306,27,-0.293281
cta_qa_0306,28,-29.500000
cta_qa_0306,29,-0.329538
cta_qa_0306,30,-0.296406
cta_qa_0306,31,-0.388462
cta_qa_0306,32,-36.312500
cta_qa_0306,33,-0.419187
cta_qa_0306,34,-0.419187
cta_qa_0306,35,-0.358539
cta_qa_0306,36,-19.500000
cta_qa_0306,37,-19.500000
cta_qa_0306,38,-0.327210
cta_qa_0306,39,-19.500000
cta_qa_0306,40,-29.500000
cta_qa_0306,41,-0.449049
cta_qa_0306,42,-0.328265
cta_qa_0306,43,-0.328033
cta_qa_0306,44,-19.500000
cta_qa_0306,45,-0.296558
cta_qa_0306,46,-0.255806
cta_qa_0306,47,-0.296558
cta_qa_0306,48,-0.293281
cta_qa_0306,49,-19.500000
cta_qa_0306,50,-0.418819
cta_qa_0306,51,-0.360199
cta_qa_0306,52,-0.387374
cta_qa_0306,53,-0.321481
cta_qa_0306,54,-26.250000
cta_qa_0306,55,-0.387374
cta_qa_0306,56,-0.350896
cta_qa_0306,57,-0.418819
cta_qa_0306,58,-0.293281
cta_qa_0306,59,-19.500000
cta_qa_0306,60,-0.449049
cta_qa_0306,61,-27.000000
cta_qa_0306,62,-0.449049
cta_qa_0306,63,-0.449049
cta_qa_0307,0,-36.500000
cta_qa_0307,1,-36.500000
cta_qa_0307,2,-0.162001
cta_qa_0307,3,-36.500000
cta_qa_0307,4,-36.500000
cta_qa_0307,5,-36.500000
cta_qa_0307,6,-36.500000
cta_qa_0307,7,-36.500000
cta_qa_0307,8,-0.162001
cta_qa_0307,9,-36.500000
cta_qa_0307,10,-0.162001
cta_qa_0307,11,-36.500000
cta_qa_0307,12,-36.500000
cta_qa_0307,13,-36.500000
cta_qa_0307,14,-36.500000
cta_qa_0307,15,-36.500000
cta_qa_0307,16,-36.500000
cta_qa_0307,17,-36.500000
cta_qa_0307,18,-0.162001
cta_qa_0307,19,-36.500000
cta_qa_0307,20,-36.500000
cta_qa_0307,21,-0.162001
cta_qa_0307,22,-36.500000
cta_qa_0307,23,-36.500000
cta_qa_0307,24,-34.625000
cta_qa_0307,25,-0.288682
cta_qa_0307,26,-0.316120
cta_qa_0307,27,-0.316120
cta_qa_0307,28,-0.285547
cta_qa_0307,29,-26.000000
cta_qa_0307,30,-0.285547
cta_qa_0307,31,-0.317992
cta_qa_0307,32,-36.500000
cta_qa_0307,33,-36.500000
cta_qa_0307,34,-36.500000
cta_qa_0307,35,-36.500000
cta_qa_0307,36,-0.313444
cta_qa_0307,37,-0.313444
cta_qa_0307,38,-36.562500
cta_qa_0307,39,-0.344670
cta_qa_0307,40,-36.500000
cta_qa_0307,41,-36.500000
cta_qa_0307,42,-0.162001
cta_qa_0307,43,-36.500000
cta_qa_0307,44,-36.500000
cta_qa_0307,45,-36.500000
cta_qa_0307,46,-36.500000
cta_qa_0307,47,-0.162001
cta_qa_0307,48,-36.500000
cta_qa_0307,49,-36.500000
cta_qa_0307,50,-36.500000
cta_qa_0307,51,-0.162001
cta_qa_0307,52,-0.288682
cta_qa_0307,53,-34.625000
cta_qa_0307,54,-0.288682
cta_qa_0307,55,-0.288682
cta_qa_0307,56,-0.288682
cta_qa_0307,57,-34.625000
cta_qa_0307,58,-0.288682
cta_qa_0307,59,-0.288682
cta_qa_0307,60,-36.500000
cta_qa_0307,61,-36.500000
cta_qa_0307,62,-36.500000
cta_qa_0307,63,-36.500000
cta_qa_0308,0,-0.563679
cta_qa_0308,1,-36.000000
cta_qa_0308,2,-0.449869
cta_qa_0308,3,-0.385025
cta_qa_0308,4,-37.187500
cta_qa_0308,5,-0.439899
cta_qa_0308,6,-0.439899
cta_qa_0308,7,-0.439899
cta_qa_0308,8,-0.537151
cta_qa_0308,9,-0.537151
cta_qa_0308,10,-0.418080
cta_qa_0308,11,-36.562500
cta_qa_0308,12,-0.537708
cta_qa_0308,13,-0.482828
cta_qa_0308,14,-0.537708
cta_qa_0308,15,-37.437500
cta_qa_0308,16,-0.537151
cta_qa_0308,17,-0.537151
cta_qa_0308,18,-0.391418
cta_qa_0308,19,-37.750000
cta_qa_0308,20,-0.448721
cta_qa_0308,21,-0.538641
cta_qa_0308,22,-32.750000
cta_qa_0308,23,-0.416115
cta_qa_0308,24,-0.537151
cta_qa_0308,25,-37.375000
cta_qa_0308,26,-36.562500
cta_qa_0308,27,-0.537151
cta_qa_0308,28,-0.470002
cta_qa_0308,29,-0.470002
cta_qa_0308,30,-0.264966
cta_qa_0308,31,-36.125000
cta_qa_0308,32,-37.437500
cta_qa_0308,33,-0.537708
cta_qa_0308,34,-0.450612
cta_qa_0308,35,-0.537708
cta_qa_0308,36,-0.475626
cta_qa_0308,37,-0.562254
cta_qa_0308,38,-38.437500
cta_qa_0308,39,-0.562254
cta_qa_0308,40,-28.250000
cta_qa_0308,41,-28.250000
cta_qa_0308,42,-28.250000
cta_qa_0308,43,-28.250000
cta_qa_0308,44,-0.419564
cta_qa_0308,45,-0.503986
cta_qa_0308,46,-0.562254
cta_qa_0308,47,-36.000000
cta_qa_0308,48,-0.443850
cta_qa_0308,49,-34.625000
cta_qa_0308,50,-0.415819
cta_qa_0308,51,-0.443850
cta_qa_0308,52,-0.556193
cta_qa_0308,53,-0.556193
cta_qa_0308,54,-36.625000
cta_qa_0308,55,-0.474231
cta_qa_0308,56,-0.264754
cta_qa_0308,57,-0.323088
cta_qa_0308,58,-0.501216
cta_qa_0308,59,-35.750000
cta_qa_0308,60,-28.250000
cta_qa_0308,61,-28.250000
cta_qa_0308,62,-28.250000
cta_qa_0308,63,-28.250000
cta_qa_0309,0,-0.408928
cta_qa_0309,1,-38.062500
cta_qa_0309,2,-0.408928
cta_qa_0309,3,-0.408928
cta_qa_0309,4,-32.875000
cta_qa_0309,5,-0.434512
cta_qa_0309,6,-0.434512
cta_qa_0309,7,-0.221670
cta_qa_0309,8,-0.445477
cta_qa_0309,9,-39.312500
cta_qa_0309,10,-0.469917
cta_qa_0309,11,-0.469917
cta_qa_0309,12,-0.403266
cta_qa_0309,13,-0.403266
cta_qa_0309,14,-35.750000
cta_qa_0309,15,-0.403266
cta_qa_0309,16,-0.467066
cta_qa_0309,17,-0.382436
cta_qa_0309,18,-38.687500
cta_qa_0309,19,-0.467066
cta_qa_0309,20,-0.442881
cta_qa_0309,21,-0.442881
cta_qa_0309,22,-0.442881
cta_qa_0309,23,-37.062500
cta_qa_0309,24,-38.562500
cta_qa_0309,25,-0.444557
cta_qa_0309,26,-0.386492
cta_qa_0309,27,-0.414006
cta_qa_0309,28,-38.875000
cta_qa_0309,29,-0.439960
cta_qa_0309,30,-0.439960
cta_qa_0309,31,-0.320558
cta_qa_0309,32,-0.383882
cta_qa_0309,33,-0.469917
cta_qa_0309,34,-39.312500
cta_qa_0309,35,-0.469917
cta_qa_0309,36,-0.469917
cta_qa_0309,37,-0.469917
cta_qa_0309,38,-0.469917
cta_qa_0309,39,-39.312500
cta_qa_0309,40,-28.250000
cta_qa_0309,41,-28.250000
cta_qa_0309,42,-28.250000
cta_qa_0309,43,-28.250000
cta_qa_0309,44,-0.407429
cta_qa_0309,45,-38.750000
cta_qa_0309,46,-0.407429
cta_qa_0309,47,-0.349778
cta_qa_0309,48,-0.434512
cta_qa_0309,49,-32.875000
cta_qa_0309,50,-0.434512
cta_qa_0309,51,-0.434512
cta_qa_0309,52,-28.250000
cta_qa_0309,53,-28.250000
cta_qa_0309,54,-28.250000
cta_qa_0309,55,-28.250000
cta_qa_0309,56,-0.407401
cta_qa_0309,57,-39.125000
cta_qa_0309,58,-0.322218
cta_qa_0309,59,-0.407401
cta_qa_0309,60,-33.625000
cta_qa_0309,61,-0.471501
cta_qa_0309,62,-0.471501
cta_qa_0309,63,-0.471501
cta_qa_0310,0,-0.347980
cta_qa_0310,1,-0.347980
cta_qa_0310,2,-36.812500
cta_qa_0310,3,-0.347980
cta_qa_0310,4,-37.750000
cta_qa_0310,5,-37.750000
cta_qa_0310,6,-0.501226
cta_qa_0310,7,-37.750000
cta_qa_0310,8,-37.750000
cta_qa_0310,9,-37.750000
cta_qa_0310,10,-0.379284
cta_qa_0310,11,-0.349630
cta_qa_0310,12,-0.316100
cta_qa_0310,13,-0.316100
cta_qa_0310,14,-35.625000
cta_qa_0310,15,-0.316100
cta_qa_0310,16,-0.373376
cta_qa_0310,17,-0.373376
cta_qa_0310,18,-35.937500
cta_qa_0310,19,-0.373376
cta_qa_0310,20,-37.562500
cta_qa_0310,21,-37.562500
cta_qa_0310,22,-37.562500
cta_qa_0310,23,-37.562500
cta_qa_0310,24,-36.812500
cta_qa_0310,25,-0.347007
cta_qa_0310,26,-0.347980
cta_qa_0310,27,-0.347980
cta_qa_0310,28,-0.349440
cta_qa_0310,29,-38.375000
cta_qa_0310,30,-0.496999
cta_qa_0310,31,-0.316100
cta_qa_0310,32,-37.562500
cta_qa_0310,33,-37.562500
cta_qa_0310,34,-37.562500
cta_qa_0310,35,-37.562500
cta_qa_0310,36,-37.562500
cta_qa_0310,37,-37.562500
cta_qa_0310,38,-37.562500
cta_qa_0310,39,-37.562500
cta_qa_0310,40,-37.562500
cta_qa_0310,41,-37.562500
cta_qa_0310,42,-37.562500
cta_qa_0310,43,-37.562500
cta_qa_0310,44,-37.750000
cta_qa_0310,45,-37.750000
cta_qa_0310,46,-37.750000
cta_qa_0310,47,-0.501226
cta_qa_0310,48,-37.562500
cta_qa_0310,49,-37.562500
cta_qa_0310,50,-37.562500
cta_qa_0310,51,-37.562500
cta_qa_0310,52,-37.562500
cta_qa_0310,53,-37.562500
cta_qa_0310,54,-33.375000
cta_qa_0310,55,-37.562500
cta_qa_0310,56,-0.378642
cta_qa_0310,57,-39.312500
cta_qa_0310,58,-0.378584
cta_qa_0310,59,-0.378584
cta_qa_0310,60,-37.562500
cta_qa_0310,61,-37.562500
cta_qa_0310,62,-37.562500
cta_qa_0310,63,-37.562500
cta_qa_0311,0,-0.348721
cta_qa_0311,1,-19.000000
cta_qa_0311,2,-0.314944
cta_qa_0311,3,-0.313653
cta_qa_0311,4,-37.187500
cta_qa_0311,5,-37.187500
cta_qa_0311,6,-37.187500
cta_qa_0311,7,-37.187500
cta_qa_0311,8,-0.372509
cta_qa_0311,9,-37.750000
cta_qa_0311,10,-0.372509
cta_qa_0311,11,-0.372509
cta_qa_0311,12,-0.438477
cta_qa_0311,13,-0.311045
cta_qa_0311,14,-37.500000
cta_qa_0311,15,-0.283254
cta_qa_0311,16,-0.342546
cta_qa_0311,17,-0.373129
cta_qa_0311,18,-0.342546
cta_qa_0311,19,-37.937500
cta_qa_0311,20,-36.875000
cta_qa_0311,21,-0.438584
cta_qa_0311,22,-0.438584
cta_qa_0311,23,-0.499801
cta_qa_0311,24,-37.687500
cta_qa_0311,25,-0.429189
cta_qa_0311,26,-0.257040
cta_qa_0311,27,-0.347251
cta_qa_0311,28,-0.311045
cta_qa_0311,29,-0.438477
cta_qa_0311,30,-0.311045
cta_qa_0311,31,-36.250000
cta_qa_0311,32,-36.250000
cta_qa_0311,33,-0.311045
cta_qa_0311,34,-0.495702
cta_qa_0311,35,-0.438477
cta_qa_0311,36,-0.438477
cta_qa_0311,37,-0.341043
cta_qa_0311,38,-0.438477
cta_qa_0311,39,-36.250000
cta_qa_0311,40,-0.373453
cta_qa_0311,41,-35.250000
cta_qa_0311,42,-0.381128
cta_qa_0311,43,-0.373453
cta_qa_0311,44,-37.687500
cta_qa_0311,45,-0.317136
cta_qa_0311,46,-0.257040
cta_qa_0311,47,-0.257040
cta_qa_0311,48,-35.250000
cta_qa_0311,49,-0.467143
cta_qa_0311,50,-0.373453
cta_qa_0311,51,-0.376157
cta_qa_0311,52,-0.468529
cta_qa_0311,53,-0.469753
cta_qa_0311,54,-0.469753
cta_qa_0311,55,-35.750000
cta_qa_0311,56,-0.372509
cta_qa_0311,57,-37.750000
cta_qa_0311,58,-0.372509
cta_qa_0311,59,-37.750000
cta_qa_0311,60,-0.400503
cta_qa_0311,61,-37.125000
cta_qa_0311,62,-0.400503
cta_qa_0311,63,-37.125000
cta_qa_0312,0,-18.125000
cta_qa_0312,1,-18.125000
cta_qa_0312,2,-18.125000
cta_qa_0312,3,-18.125000
cta_qa_0312,4,-36.812500
cta_qa_0312,5,-37.687500
cta_qa_0312,6,-0.408446
cta_qa_0312,7,-0.408446
cta_qa_0312,8,-0.465692
cta_qa_0312,9,-0.465692
cta_qa_0312,10,-0.465692
cta_qa_0312,11,-36.812500
cta_qa_0312,12,-36.625000
cta_qa_0312,13,-0.439836
cta_qa_0312,14,-0.438643
cta_qa_0312,15,-0.410081
cta_qa_0312,16,-0.409966
cta_qa_0312,17,-0.348885
cta_qa_0312,18,-37.375000
cta_qa_0312,19,-0.409966
cta_qa_0312,20,-36.812500
cta_qa_0312,21,-0.374805
cta_qa_0312,22,-36.812500
cta_qa_0312,23,-0.374805
cta_qa_0312,24,-33.375000
cta_qa_0312,25,-0.438701
cta_qa_0312,26,-0.438701
cta_qa_0312,27,-0.379981
cta_qa_0312,28,-36.812500
cta_qa_0312,29,-0.465692
cta_qa_0312,30,-35.875000
cta_qa_0312,31,-0.374805
cta_qa_0312,32,-0.408446
cta_qa_0312,33,-36.812500
cta_qa_0312,34,-34.375000
cta_qa_0312,35,-0.408446
cta_qa_0312,36,-0.465692
cta_qa_0312,37,-36.812500
cta_qa_0312,38,-0.465692
cta_qa_0312,39,-36.812500
cta_qa_0312,40,-0.465692
cta_qa_0312,41,-36.812500
cta_qa_0312,42,-0.465692
cta_qa_0312,43,-0.374805
cta_qa_0312,44,-0.374805
cta_qa_0312,45,-0.374805
cta_qa_0312,46,-0.465692
cta_qa_0312,47,-36.812500
cta_qa_0312,48,-0.465692
cta_qa_0312,49,-36.812500
cta_qa_0312,50,-0.374805
cta_qa_0312,51,-0.465692
cta_qa_0312,52,-0.409966
cta_qa_0312,53,-0.409966
cta_qa_0312,54,-0.409966
cta_qa_0312,55,-37.500000
cta_qa_0312,56,-0.409966
cta_qa_0312,57,-0.464294
cta_qa_0312,58,-37.500000
cta_qa_0312,59,-0.409966
cta_qa_0312,60,-0.284504
cta_qa_0312,61,-0.284504
cta_qa_0312,62,-0.282030
cta_qa_0312,63,-37.062500
cta_qa_0313,0,-28.000000
cta_qa_0313,1,-28.000000
cta_qa_0313,2,-28.000000
cta_qa_0313,3,-28.000000
cta_qa_0313,4,-0.461747
cta_qa_0313,5,-34.375000
cta_qa_0313,6,-0.461747
cta_qa_0313,7,-34.375000
cta_qa_0313,8,-36.312500
cta_qa_0313,9,-0.437296
cta_qa_0313,10,-0.284091
cta_qa_0313,11,-0.437296
cta_qa_0313,12,-0.436013
cta_qa_0313,13,-35.750000
cta_qa_0313,14,-0.320879
cta_qa_0313,15,-0.436013
cta_qa_0313,16,-0.437296
cta_qa_0313,17,-0.437296
cta_qa_0313,18,-0.437296
cta_qa_0313,19,-36.312500
cta_qa_0313,20,-35.875000
cta_qa_0313,21,-0.350540
cta_qa_0313,22,-0.467267
cta_qa_0313,23,-0.347974
cta_qa_0313,24,-0.461747
cta_qa_0313,25,-0.461747
cta_qa_0313,26,-34.375000
cta_qa_0313,27,-0.461747
cta_qa_0313,28,-0.252246
cta_qa_0313,29,-0.461747
cta_qa_0313,30,-0.461747
cta_qa_0313,31,-34.375000
cta_qa_0313,32,-0.461747
cta_qa_0313,33,-0.461747
cta_qa_0313,34,-34.375000
cta_qa_0313,35,-34.375000
cta_qa_0313,36,-0.461747
cta_qa_0313,37,-0.461747
cta_qa_0313,38,-34.375000
cta_qa_0313,39,-0.461747
cta_qa_0313,40,-0.461747
cta_qa_0313,41,-34.375000
cta_qa_0313,42,-0.461747
cta_qa_0313,43,-0.461747
cta_qa_0313,44,-0.383140
cta_qa_0313,45,-0.319193
cta_qa_0313,46,-0.467267
cta_qa_0313,47,-35.875000
cta_qa_0313,48,-0.436100
cta_qa_0313,49,-0.436100
cta_qa_0313,50,-36.875000
cta_qa_0313,51,-0.436100
cta_qa_0313,52,-34.125000
cta_qa_0313,53,-0.257015
cta_qa_0313,54,-0.429518
cta_qa_0313,55,-0.254020
cta_qa_0313,56,-0.437296
cta_qa_0313,57,-36.312500
cta_qa_0313,58,-0.437296
cta_qa_0313,59,-36.312500
cta_qa_0313,60,-28.000000
cta_qa_0313,61,-28.000000
cta_qa_0313,62,-28.000000
cta_qa_0313,63,-28.000000
cta_qa_0314,0,-0.313545
cta_qa_0314,1,-0.374775
cta_qa_0314,2,-0.313557
cta_qa_0314,3,-31.000000
cta_qa_0314,4,-0.463149
cta_qa_0314,5,-38.875000
cta_qa_0314,6,-0.463149
cta_qa_0314,7,-0.463149
cta_qa_0314,8,-23.625000
cta_qa_0314,9,-23.625000
cta_qa_0314,10,-23.625000
cta_qa_0314,11,-23.625000
cta_qa_0314,12,-23.625000
cta_qa_0314,13,-23.625000
cta_qa_0314,14,-23.625000
cta_qa_0314,15,-23.625000
cta_qa_0314,16,-0.401853
cta_qa_0314,17,-38.937500
cta_qa_0314,18,-0.312304
cta_qa_0314,19,-0.401853
cta_qa_0314,20,-38.687500
cta_qa_0314,21,-0.496742
cta_qa_0314,22,-0.411421
cta_qa_0314,23,-0.408783
cta_qa_0314,24,-38.562500
cta_qa_0314,25,-0.382430
cta_qa_0314,26,-0.434230
cta_qa_0314,27,-0.434230
cta_qa_0314,28,-0.257117
cta_qa_0314,29,-34.750000
cta_qa_0314,30,-0.403167
cta_qa_0314,31,-0.403167
cta_qa_0314,32,-0.379292
cta_qa_0314,33,-0.379292
cta_qa_0314,34,-0.379292
cta_qa_0314,35,-35.625000
cta_qa_0314,36,-0.373358
cta_qa_0314,37,-0.373245
cta_qa_0314,38,-39.000000
cta_qa_0314,39,-0.373245
cta_qa_0314,40,-0.373245
cta_qa_0314,41,-0.373245
cta_qa_0314,42,-0.373245
cta_qa_0314,43,-31.375000
cta_qa_0314,44,-36.375000
cta_qa_0314,45,-0.317595
cta_qa_0314,46,-0.288906
cta_qa_0314,47,-0.318782
cta_qa_0314,48,-0.401853
cta_qa_0314,49,-0.312304
cta_qa_0314,50,-0.401853
cta_qa_0314,51,-39.000000
cta_qa_0314,52,-0.320505
cta_qa_0314,53,-0.349958
cta_qa_0314,54,-38.312500
cta_qa_0314,55,-0.434230
cta_qa_0314,56,-0.336551
cta_qa_0314,57,-0.336551
cta_qa_0314,58,-38.937500
cta_qa_0314,59,-0.336551
cta_qa_0314,60,-38.500000
cta_qa_0314,61,-0.434230
cta_qa_0314,62,-0.434230
cta_qa_0314,63,-0.320280
cta_qa_0315,0,-0.349040
cta_qa_0315,1,-0.347371
cta_qa_0315,2,-34.000000
cta_qa_0315,3,-0.290060
cta_qa_0315,4,-0.347834
cta_qa_0315,5,-34.500000
cta_qa_0315,6,-0.350446
cta_qa_0315,7,-0.320179
cta_qa_0315,8,-36.250000
cta_qa_0315,9,-0.321691
cta_qa_0315,10,-34.000000
cta_qa_0315,11,-35.875000
cta_qa_0315,12,-34.500000
cta_qa_0315,13,-0.344940
cta_qa_0315,14,-0.226244
cta_qa_0315,15,-0.223104
cta_qa_0315,16,-36.062500
cta_qa_0315,17,-0.252409
cta_qa_0315,18,-0.438735
cta_qa_0315,19,-36.250000
cta_qa_0315,20,-36.312500
cta_qa_0315,21,-0.288712
cta_qa_0315,22,-36.250000
cta_qa_0315,23,-36.250000
cta_qa_0315,24,-36.250000
cta_qa_0315,25,-0.190943
cta_qa_0315,26,-34.000000
cta_qa_0315,27,-36.312500
cta_qa_0315,28,-36.250000
cta_qa_0315,29,-36.250000
cta_qa_0315,30,-0.252409
cta_qa_0315,31,-0.252409
cta_qa_0315,32,-0.317189
cta_qa_0315,33,-0.319736
cta_qa_0315,34,-35.250000
cta_qa_0315,35,-0.288276
cta_qa_0315,36,-32.250000
cta_qa_0315,37,-32.250000
cta_qa_0315,38,-0.381309
cta_qa_0315,39,-32.625000
cta_qa_0315,40,-36.250000
cta_qa_0315,41,-0.382458
cta_qa_0315,42,-36.250000
cta_qa_0315,43,-0.252409
cta_qa_0315,44,-0.381582
cta_qa_0315,45,-35.937500
cta_qa_0315,46,-0.320919
cta_qa_0315,47,-0.286385
cta_qa_0315,48,-0.349114
cta_qa_0315,49,-0.346204
cta_qa_0315,50,-36.062500
cta_qa_0315,51,-0.252409
cta_qa_0315,52,-0.320182
cta_qa_0315,53,-36.312500
cta_qa_0315,54,-36.250000
cta_qa_0315,55,-0.252409
cta_qa_0315,56,-36.250000
cta_qa_0315,57,-0.252409
cta_qa_0315,58,-0.222196
cta_qa_0315,59,-36.312500
cta_qa_0315,60,-0.350068
cta_qa_0315,61,-0.317422
cta_qa_0315,62,-36.250000
cta_qa_0315,63,-0.222135
cta_qa_0316,0,-0.468553
cta_qa_0316,1,-36.125000
cta_qa_0316,2,-0.468553
cta_qa_0316,3,-36.125000
cta_qa_0316,4,-0.321657
cta_qa_0316,5,-0.351795
cta_qa_0316,6,-0.321507
cta_qa_0316,7,-37.937500
cta_qa_0316,8,-0.468553
cta_qa_0316,9,-0.468553
cta_qa_0316,10,-36.125000
cta_qa_0316,11,-36.125000
cta_qa_0316,12,-35.750000
cta_qa_0316,13,-0.285169
cta_qa_0316,14,-0.224723
cta_qa_0316,15,-0.285169
cta_qa_0316,16,-0.374787
cta_qa_0316,17,-35.750000
cta_qa_0316,18,-0.285169
cta_qa_0316,19,-0.285169
cta_qa_0316,20,-0.285169
cta_qa_0316,21,-0.285169
cta_qa_0316,22,-35.750000
cta_qa_0316,23,-0.285169
cta_qa_0316,24,-0.225268
cta_qa_0316,25,-0.259800
cta_qa_0316,26,-36.125000
cta_qa_0316,27,-0.225268
cta_qa_0316,28,-0.468553
cta_qa_0316,29,-0.468553
cta_qa_0316,30,-36.125000
cta_qa_0316,31,-36.125000
cta_qa_0316,32,-0.374787
cta_qa_0316,33,-35.750000
cta_qa_0316,34,-35.750000
cta_qa_0316,35,-35.750000
cta_qa_0316,36,-0.374787
cta_qa_0316,37,-0.374787
cta_qa_0316,38,-35.750000
cta_qa_0316,39,-0.285169
cta_qa_0316,40,-36.125000
cta_qa_0316,41,-36.125000
cta_qa_0316,42,-36.125000
cta_qa_0316,43,-0.468553
cta_qa_0316,44,-0.374787
cta_qa_0316,45,-0.374787
cta_qa_0316,46,-0.285169
cta_qa_0316,47,-35.750000
cta_qa_0316,48,-0.468553
cta_qa_0316,49,-36.125000
cta_qa_0316,50,-36.125000
cta_qa_0316,51,-36.125000
cta_qa_0316,52,-0.468553
cta_qa_0316,53,-36.125000
cta_qa_0316,54,-36.125000
cta_qa_0316,55,-36.750000
cta_qa_0316,56,-36.125000
cta_qa_0316,57,-36.125000
cta_qa_0316,58,-0.468553
cta_qa_0316,59,-36.125000
cta_qa_0316,60,-0.285169
cta_qa_0316,61,-0.285169
cta_qa_0316,62,-35.750000
cta_qa_0316,63,-0.374787
cta_qa_0317,0,-38.750000
cta_qa_0317,1,-38.375000
cta_qa_0317,2,-0.374833
cta_qa_0317,3,-37.625000
cta_qa_0317,4,-27.375000
cta_qa_0317,5,-27.375000
cta_qa_0317,6,-27.375000
cta_qa_0317,7,-27.375000
cta_qa_0317,8,-36.812500
cta_qa_0317,9,-0.336983
cta_qa_0317,10,-0.313828
cta_qa_0317,11,-0.313828
cta_qa_0317,12,-35.625000
cta_qa_0317,13,-0.377850
cta_qa_0317,14,-0.408927
cta_qa_0317,15,-0.474339
cta_qa_0317,16,-0.407620
cta_qa_0317,17,-38.687500
cta_qa_0317,18,-0.382631
cta_qa_0317,19,-0.462143
cta_qa_0317,20,-0.374833
cta_qa_0317,21,-0.374833
cta_qa_0317,22,-30.875000
cta_qa_0317,23,-37.812500
cta_qa_0317,24,-37.312500
cta_qa_0317,25,-37.812500
cta_qa_0317,26,-0.374833
cta_qa_0317,27,-0.374833
cta_qa_0317,28,-0.374833
cta_qa_0317,29,-0.374833
cta_qa_0317,30,-37.812500
cta_qa_0317,31,-37.812500
cta_qa_0317,32,-37.812500
cta_qa_0317,33,-0.374833
cta_qa_0317,34,-37.625000
cta_qa_0317,35,-37.812500
cta_qa_0317,36,-37.812500
cta_qa_0317,37,-0.376352
cta_qa_0317,38,-0.412247
cta_qa_0317,39,-0.406024
cta_qa_0317,40,-0.407535
cta_qa_0317,41,-0.409057
cta_qa_0317,42,-0.491617
cta_qa_0317,43,-36.000000
cta_qa_0317,44,-0.516309
cta_qa_0317,45,-0.526192
cta_qa_0317,46,-0.377577
cta_qa_0317,47,-37.625000
cta_qa_0317,48,-0.466908
cta_qa_0317,49,-0.466908
cta_qa_0317,50,-31.500000
cta_qa_0317,51,-0.407538
cta_qa_0317,52,-0.407538
cta_qa_0317,53,-37.125000
cta_qa_0317,54,-0.381509
cta_qa_0317,55,-0.437279
cta_qa_0317,56,-0.443186
cta_qa_0317,57,-0.462143
cta_qa_0317,58,-0.462143
cta_qa_0317,59,-30.625000
cta_qa_0317,60,-27.375000
cta_qa_0317,61,-27.375000
cta_qa_0317,62,-27.375000
cta_qa_0317,63,-27.375000
cta_qa_0318,0,-37.125000
cta_qa_0318,1,-37.125000
cta_qa_0318,2,-37.125000
cta_qa_0318,3,-0.412053
cta_qa_0318,4,-37.125000
cta_qa_0318,5,-0.412053
cta_qa_0318,6,-37.125000
cta_qa_0318,7,-0.412053
cta_qa_0318,8,-0.412053
cta_qa_0318,9,-37.125000
cta_qa_0318,10,-37.125000
cta_qa_0318,11,-37.125000
cta_qa_0318,12,-36.875000
cta_qa_0318,13,-36.875000
cta_qa_0318,14,-36.875000
cta_qa_0318,15,-36.875000
cta_qa_0318,16,-37.125000
cta_qa_0318,17,-36.937500
cta_qa_0318,18,-0.252621
cta_qa_0318,19,-37.125000
cta_qa_0318,20,-36.812500
cta_qa_0318,21,-36.875000
cta_qa_0318,22,-36.875000
cta_qa_0318,23,-36.875000
cta_qa_0318,24,-36.875000
cta_qa_0318,25,-36.875000
cta_qa_0318,26,-36.875000
cta_qa_0318,27,-36.875000
cta_qa_0318,28,-0.412053
cta_qa_0318,29,-37.125000
cta_qa_0318,30,-37.125000
cta_qa_0318,31,-37.125000
cta_qa_0318,32,-36.875000
cta_qa_0318,33,-36.875000
cta_qa_0318,34,-36.875000
cta_qa_0318,35,-36.875000
cta_qa_0318,36,-37.125000
cta_qa_0318,37,-37.125000
cta_qa_0318,38,-0.529631
cta_qa_0318,39,-0.412053
cta_qa_0318,40,-0.412053
cta_qa_0318,41,-0.412053
cta_qa_0318,42,-0.412053
cta_qa_0318,43,-37.125000
cta_qa_0318,44,-0.412053
cta_qa_0318,45,-37.562500
cta_qa_0318,46,-37.125000
cta_qa_0318,47,-37.125000
cta_qa_0318,48,-36.875000
cta_qa_0318,49,-36.875000
cta_qa_0318,50,-36.875000
cta_qa_0318,51,-36.875000
cta_qa_0318,52,-36.875000
cta_qa_0318,53,-36.875000
cta_qa_0318,54,-36.875000
cta_qa_0318,55,-36.875000
cta_qa_0318,56,-37.125000
cta_qa_0318,57,-0.252621
cta_qa_0318,58,-37.125000
cta_qa_0318,59,-37.125000
cta_qa_0318,60,-37.125000
cta_qa_0318,61,-37.125000
cta_qa_0318,62,-0.412053
cta_qa_0318,63,-37.125000
cta_qa_0319,0,-0.406037
cta_qa_0319,1,-0.406037
cta_qa_0319,2,-36.562500
cta_qa_0319,3,-0.406037
cta_qa_0319,4,-36.500000
cta_qa_0319,5,-0.406037
cta_qa_0319,6,-0.406037
cta_qa_0319,7,-0.406037
cta_qa_0319,8,-0.437256
cta_qa_0319,9,-0.437256
cta_qa_0319,10,-34.000000
cta_qa_0319,11,-0.437256
cta_qa_0319,12,-36.500000
cta_qa_0319,13,-0.406037
cta_qa_0319,14,-0.406037
cta_qa_0319,15,-0.406037
cta_qa_0319,16,-0.302787
cta_qa_0319,17,-32.625000
cta_qa_0319,18,-0.302787
cta_qa_0319,19,-0.302787
cta_qa_0319,20,-0.302787
cta_qa_0319,21,-32.625000
cta_qa_0319,22,-0.302787
cta_qa_0319,23,-0.302787
cta_qa_0319,24,-26.875000
cta_qa_0319,25,-26.875000
cta_qa_0319,26,-26.875000
cta_qa_0319,27,-26.875000
cta_qa_0319,28,-0.191291
cta_qa_0319,29,-0.406037
cta_qa_0319,30,-36.562500
cta_qa_0319,31,-36.562500
cta_qa_0319,32,-0.437256
cta_qa_0319,33,-0.437256
cta_qa_0319,34,-32.375000
cta_qa_0319,35,-0.437256
cta_qa_0319,36,-0.344892
cta_qa_0319,37,-36.562500
cta_qa_0319,38,-0.406037
cta_qa_0319,39,-0.406037
cta_qa_0319,40,-0.257460
cta_qa_0319,41,-36.562500
cta_qa_0319,42,-0.406037
cta_qa_0319,43,-36.562500
cta_qa_0319,44,-0.302787
cta_qa_0319,45,-0.302787
cta_qa_0319,46,-36.000000
cta_qa_0319,47,-0.302787
cta_qa_0319,48,-0.496791
cta_qa_0319,49,-38.562500
cta_qa_0319,50,-0.496791
cta_qa_0319,51,-0.382533
cta_qa_0319,52,-0.432991
cta_qa_0319,53,-0.432991
cta_qa_0319,54,-38.625000
cta_qa_0319,55,-0.321657
cta_qa_0319,56,-0.445745
cta_qa_0319,57,-0.496791
cta_qa_0319,58,-37.437500
cta_qa_0319,59,-0.496791
cta_qa_0319,60,-26.875000
cta_qa_0319,61,-26.875000
cta_qa_0319,62,-26.875000
cta_qa_0319,63,-26.875000
cta_qa_0320,0,-7.999995
cta_qa_0320,1,-7.999995
cta_qa_0320,2,-7.999995
cta_qa_0320,3,-7.999995
cta_qa_0320,4,-7.999995
cta_qa_0320,5,-7.999995
cta_qa_0320,6,-7.999995
cta_qa_0320,7,-7.999995
cta_qa_0320,8,-0.353441
cta_qa_0320,9,-37.125000
cta_qa_0320,10,-0.353441
cta_qa_0320,11,-0.353441
cta_qa_0320,12,-0.360720
cta_qa_0320,13,-38.750000
cta_qa_0320,14,-0.360720
cta_qa_0320,15,-0.360720
cta_qa_0320,16,-7.999995
cta_qa_0320,17,-7.999995
cta_qa_0320,18,-7.999995
cta_qa_0320,19,-7.999995
cta_qa_0320,20,-7.999995
cta_qa_0320,21,-7.999995
cta_qa_0320,22,-7.999995
cta_qa_0320,23,-7.999995
cta_qa_0320,24,-0.361522
cta_qa_0320,25,-38.250000
cta_qa_0320,26,-0.361522
cta_qa_0320,27,-0.361522
cta_qa_0320,28,-0.360720
cta_qa_0320,29,-38.750000
cta_qa_0320,30,-0.360720
cta_qa_0320,31,-0.360720
cta_qa_0320,32,-7.999995
cta_qa_0320,33,-7.999995
cta_qa_0320,34,-7.999995
cta_qa_0320,35,-7.999995
cta_qa_0320,36,-0.360720
cta_qa_0320,37,-0.360720
cta_qa_0320,38,-38.750000
cta_qa_0320,39,-0.360720
cta_qa_0320,40,-0.360720
cta_qa_0320,41,-0.360720
cta_qa_0320,42,-0.360720
cta_qa_0320,43,-38.750000
cta_qa_0320,44,-7.999995
cta_qa_0320,45,-7.999995
cta_qa_0320,46,-7.999995
cta_qa_0320,47,-7.999995
cta_qa_0320,48,-0.413908
cta_qa_0320,49,-38.500000
cta_qa_0320,50,-0.413908
cta_qa_0320,51,-0.413908
cta_qa_0320,52,-38.750000
cta_qa_0320,53,-0.360720
cta_qa_0320,54,-0.360720
cta_qa_0320,55,-0.360720
cta_qa_0320,56,-0.360720
cta_qa_0320,57,-0.360720
cta_qa_0320,58,-38.750000
cta_qa_0320,59,-0.360720
cta_qa_0320,60,-7.999995
cta_qa_0320,61,-7.999995
cta_qa_0320,62,-7.999995
cta_qa_0320,63,-7.999995
cta_qa_0321,0,-15.750000
cta_qa_0321,1,-15.750000
cta_qa_0321,2,-15.750000
cta_qa_0321,3,-15.750000
cta_qa_0321,4,-34.625000
cta_qa_0321,5,-0.344864
cta_qa_0321,6,-0.258650
cta_qa_0321,7,-0.344864
cta_qa_0321,8,-0.344864
cta_qa_0321,9,-0.344864
cta_qa_0321,10,-0.344864
cta_qa_0321,11,-34.625000
cta_qa_0321,12,-0.290700
cta_qa_0321,13,-0.259445
cta_qa_0321,14,-0.408832
cta_qa_0321,15,-38.750000
cta_qa_0321,16,-0.354596
cta_qa_0321,17,-0.499778
cta_qa_0321,18,-0.499778
cta_qa_0321,19,-38.500000
cta_qa_0321,20,-0.408677
cta_qa_0321,21,-37.562500
cta_qa_0321,22,-0.408677
cta_qa_0321,23,-0.408677
cta_qa_0321,24,-0.379817
cta_qa_0321,25,-0.379817
cta_qa_0321,26,-0.379817
cta_qa_0321,27,-38.125000
cta_qa_0321,28,-15.750000
cta_qa_0321,29,-15.750000
cta_qa_0321,30,-15.750000
cta_qa_0321,31,-15.750000
cta_qa_0321,32,-0.499778
cta_qa_0321,33,-0.499778
cta_qa_0321,34,-37.437500
cta_qa_0321,35,-0.499778
cta_qa_0321,36,-0.354596
cta_qa_0321,37,-0.499778
cta_qa_0321,38,-0.499778
cta_qa_0321,39,-38.500000
cta_qa_0321,40,-0.232467
cta_qa_0321,41,-0.260126
cta_qa_0321,42,-35.875000
cta_qa_0321,43,-0.346177
cta_qa_0321,44,-15.750000
cta_qa_0321,45,-15.750000
cta_qa_0321,46,-15.750000
cta_qa_0321,47,-15.750000
cta_qa_0321,48,-15.750000
cta_qa_0321,49,-15.750000
cta_qa_0321,50,-15.750000
cta_qa_0321,51,-15.750000
cta_qa_0321,52,-0.442576
cta_qa_0321,53,-0.442576
cta_qa_0321,54,-0.442576
cta_qa_0321,55,-37.375000
cta_qa_0321,56,-0.344864
cta_qa_0321,57,-34.625000
cta_qa_0321,58,-0.344864
cta_qa_0321,59,-0.235004
cta_qa_0321,60,-37.937500
cta_qa_0321,61,-0.442576
cta_qa_0321,62,-0.442576
cta_qa_0321,63,-0.442576
cta_qa_0322,0,-0.377231
cta_qa_0322,1,-0.377231
cta_qa_0322,2,-0.377231
cta_qa_0322,3,-36.125000
cta_qa_0322,4,-36.250000
cta_qa_0322,5,-36.250000
cta_qa_0322,6,-0.369849
cta_qa_0322,7,-38.000000
cta_qa_0322,8,-0.369849
cta_qa_0322,9,-36.250000
cta_qa_0322,10,-36.250000
cta_qa_0322,11,-36.250000
cta_qa_0322,12,-0.317951
cta_qa_0322,13,-37.687500
cta_qa_0322,14,-0.348806
cta_qa_0322,15,-36.125000
cta_qa_0322,16,-38.000000
cta_qa_0322,17,-0.473987
cta_qa_0322,18,-0.616046
cta_qa_0322,19,-0.473987
cta_qa_0322,20,-0.377194
cta_qa_0322,21,-0.375977
cta_qa_0322,22,-37.687500
cta_qa_0322,23,-0.377231
cta_qa_0322,24,-0.430277
cta_qa_0322,25,-0.430277
cta_qa_0322,26,-0.344811
cta_qa_0322,27,-37.687500
cta_qa_0322,28,-0.410230
cta_qa_0322,29,-0.317641
cta_qa_0322,30,-0.317641
cta_qa_0322,31,-36.937500
cta_qa_0322,32,-38.250000
cta_qa_0322,33,-0.380345
cta_qa_0322,34,-0.380345
cta_qa_0322,35,-0.351441
cta_qa_0322,36,-37.187500
cta_qa_0322,37,-0.317641
cta_qa_0322,38,-0.317641
cta_qa_0322,39,-0.433107
cta_qa_0322,40,-0.430277
cta_qa_0322,41,-37.687500
cta_qa_0322,42,-0.430277
cta_qa_0322,43,-0.256731
cta_qa_0322,44,-33.375000
cta_qa_0322,45,-0.313618
cta_qa_0322,46,-0.350045
cta_qa_0322,47,-0.347445
cta_qa_0322,48,-0.430277
cta_qa_0322,49,-0.430277
cta_qa_0322,50,-37.687500
cta_qa_0322,51,-0.430277
cta_qa_0322,52,-0.369849
cta_qa_0322,53,-0.369849
cta_qa_0322,54,-36.250000
cta_qa_0322,55,-37.125000
cta_qa_0322,56,-0.377231
cta_qa_0322,57,-0.377231
cta_qa_0322,58,-0.377231
cta_qa_0322,59,-38.062500
cta_qa_0322,60,-0.433107
cta_qa_0322,61,-36.937500
cta_qa_0322,62,-0.433107
cta_qa_0322,63,-0.317641
cta_qa_0323,0,-36.125000
cta_qa_0323,1,-36.125000
cta_qa_0323,2,-36.125000
cta_qa_0323,3,-0.526818
cta_qa_0323,4,-35.750000
cta_qa_0323,5,-0.384051
cta_qa_0323,6,-0.472342
cta_qa_0323,7,-0.384051
cta_qa_0323,8,-35.250000
cta_qa_0323,9,-0.535013
cta_qa_0323,10,-0.535013
cta_qa_0323,11,-0.535013
cta_qa_0323,12,-0.535013
cta_qa_0323,13,-0.441197
cta_qa_0323,14,-0.535013
cta_qa_0323,15,-35.250000
cta_qa_0323,16,-36.125000
cta_qa_0323,17,-36.125000
cta_qa_0323,18,-36.125000
cta_qa_0323,19,-36.125000
cta_qa_0323,20,-0.383776
cta_qa_0323,21,-35.625000
cta_qa_0323,22,-0.411632
cta_qa_0323,23,-0.411632
cta_qa_0323,24,-36.125000
cta_qa_0323,25,-0.526818
cta_qa_0323,26,-36.125000
cta_qa_0323,27,-36.125000
cta_qa_0323,28,-0.442327
cta_qa_0323,29,-0.384051
cta_qa_0323,30,-0.384051
cta_qa_0323,31,-35.750000
cta_qa_0323,32,-0.472569
cta_qa_0323,33,-0.471132
cta_qa_0323,34,-0.472569
cta_qa_0323,35,-35.125000
cta_qa_0323,36,-35.250000
cta_qa_0323,37,-0.535013
cta_qa_0323,38,-0.535013
cta_qa_0323,39,-0.535013
cta_qa_0323,40,-0.499793
cta_qa_0323,41,-0.499793
cta_qa_0323,42,-0.499793
cta_qa_0323,43,-36.562500
cta_qa_0323,44,-0.535013
cta_qa_0323,45,-0.535013
cta_qa_0323,46,-0.535013
cta_qa_0323,47,-35.250000
cta_qa_0323,48,-35.250000
cta_qa_0323,49,-0.535013
cta_qa_0323,50,-0.535013
cta_qa_0323,51,-0.535013
cta_qa_0323,52,-0.346568
cta_qa_0323,53,-35.000000
cta_qa_0323,54,-0.409547
cta_qa_0323,55,-0.409547
cta_qa_0323,56,-0.526818
cta_qa_0323,57,-0.526818
cta_qa_0323,58,-36.125000
cta_qa_0323,59,-36.125000
cta_qa_0323,60,-35.875000
cta_qa_0323,61,-0.384051
cta_qa_0323,62,-0.384051
cta_qa_0323,63,-35.750000
cta_qa_0324,0,-34.500000
cta_qa_0324,1,-34.500000
cta_qa_0324,2,-34.500000
cta_qa_0324,3,-34.500000
cta_qa_0324,4,-35.625000
cta_qa_0324,5,-0.324187
cta_qa_0324,6,-0.324187
cta_qa_0324,7,-0.324187
cta_qa_0324,8,-0.324187
cta_qa_0324,9,-0.324187
cta_qa_0324,10,-0.324187
cta_qa_0324,11,-35.625000
cta_qa_0324,12,-34.500000
cta_qa_0324,13,-34.500000
cta_qa_0324,14,-34.500000
cta_qa_0324,15,-34.500000
cta_qa_0324,16,-0.495601
cta_qa_0324,17,-0.324187
cta_qa_0324,18,-0.324187
cta_qa_0324,19,-35.625000
cta_qa_0324,20,-0.324187
cta_qa_0324,21,-0.324187
cta_qa_0324,22,-35.625000
cta_qa_0324,23,-0.324187
cta_qa_0324,24,-34.500000
cta_qa_0324,25,-34.500000
cta_qa_0324,26,-34.500000
cta_qa_0324,27,-34.500000
cta_qa_0324,28,-35.625000
cta_qa_0324,29,-36.937500
cta_qa_0324,30,-0.495601
cta_qa_0324,31,-0.324187
cta_qa_0324,32,-0.324187
cta_qa_0324,33,-35.625000
cta_qa_0324,34,-0.324187
cta_qa_0324,35,-0.324187
cta_qa_0324,36,-34.500000
cta_qa_0324,37,-34.500000
cta_qa_0324,38,-34.500000
cta_qa_0324,39,-34.500000
cta_qa_0324,40,-34.500000
cta_qa_0324,41,-34.500000
cta_qa_0324,42,-34.500000
cta_qa_0324,43,-34.500000
cta_qa_0324,44,-0.350239
cta_qa_0324,45,-36.937500
cta_qa_0324,46,-0.350239
cta_qa_0324,47,-0.350239
cta_qa_0324,48,-36.562500
cta_qa_0324,49,-0.324187
cta_qa_0324,50,-0.495601
cta_qa_0324,51,-0.324187
cta_qa_0324,52,-0.495601
cta_qa_0324,53,-0.324187
cta_qa_0324,54,-35.625000
cta_qa_0324,55,-0.324187
cta_qa_0324,56,-0.324187
cta_qa_0324,57,-0.324187
cta_qa_0324,58,-0.324187
cta_qa_0324,59,-35.625000
cta_qa_0324,60,-0.469925
cta_qa_0324,61,-0.378738
cta_qa_0324,62,-36.000000
cta_qa_0324,63,-0.469925
cta_qa_0325,0,-0.355467
cta_qa_0325,1,-0.386544
cta_qa_0325,2,-0.413533
cta_qa_0325,3,-37.437500
cta_qa_0325,4,-0.230429
cta_qa_0325,5,-30.125000
cta_qa_0325,6,-0.232494
cta_qa_0325,7,-35.875000
cta_qa_0325,8,-0.380745
cta_qa_0325,9,-29.625000
cta_qa_0325,10,-0.380745
cta_qa_0325,11,-0.380745
cta_qa_0325,12,-0.321103
cta_qa_0325,13,-37.062500
cta_qa_0325,14,-0.409175
cta_qa_0325,15,-0.409175
cta_qa_0325,16,-0.353744
cta_qa_0325,17,-34.250000
cta_qa_0325,18,-0.352066
cta_qa_0325,19,-0.383121
cta_qa_0325,20,-0.294561
cta_qa_0325,21,-0.388501
cta_qa_0325,22,-0.384996
cta_qa_0325,23,-37.750000
cta_qa_0325,24,-36.250000
cta_qa_0325,25,-0.323344
cta_qa_0325,26,-0.472960
cta_qa_0325,27,-0.358245
cta_qa_0325,28,-37.437500
cta_qa_0325,29,-37.437500
cta_qa_0325,30,-0.357057
cta_qa_0325,31,-38.187500
cta_qa_0325,32,-0.388488
cta_qa_0325,33,-0.294024
cta_qa_0325,34,-32.500000
cta_qa_0325,35,-0.385756
cta_qa_0325,36,-37.437500
cta_qa_0325,37,-0.324039
cta_qa_0325,38,-0.322227
cta_qa_0325,39,-0.355640
cta_qa_0325,40,-37.437500
cta_qa_0325,41,-0.354344
cta_qa_0325,42,-37.437500
cta_qa_0325,43,-0.322227
cta_qa_0325,44,-0.289411
cta_qa_0325,45,-38.062500
cta_qa_0325,46,-0.409175
cta_qa_0325,47,-36.375000
cta_qa_0325,48,-0.384572
cta_qa_0325,49,-0.470113
cta_qa_0325,50,-0.384573
cta_qa_0325,51,-37.437500
cta_qa_0325,52,-33.500000
cta_qa_0325,53,-0.387931
cta_qa_0325,54,-0.440470
cta_qa_0325,55,-0.475233
cta_qa_0325,56,-0.322227
cta_qa_0325,57,-0.470113
cta_qa_0325,58,-37.437500
cta_qa_0325,59,-0.470113
cta_qa_0325,60,-0.315965
cta_qa_0325,61,-0.440470
cta_qa_0325,62,-32.500000
cta_qa_0325,63,-36.562500
cta_qa_0326,0,-0.382241
cta_qa_0326,1,-0.287555
cta_qa_0326,2,-37.000000
cta_qa_0326,3,-0.496963
cta_qa_0326,4,-0.378822
cta_qa_0326,5,-36.125000
cta_qa_0326,6,-0.352149
cta_qa_0326,7,-0.349459
cta_qa_0326,8,-0.462896
cta_qa_0326,9,-0.378589
cta_qa_0326,10,-33.500000
cta_qa_0326,11,-0.321525
cta_qa_0326,12,-37.187500
cta_qa_0326,13,-0.377542
cta_qa_0326,14,-0.407600
cta_qa_0326,15,-0.407600
cta_qa_0326,16,-0.349459
cta_qa_0326,17,-0.381415
cta_qa_0326,18,-0.320287
cta_qa_0326,19,-35.500000
cta_qa_0326,20,-31.625000
cta_qa_0326,21,-0.283844
cta_qa_0326,22,-32.125000
cta_qa_0326,23,-32.125000
cta_qa_0326,24,-0.353468
cta_qa_0326,25,-0.259407
cta_qa_0326,26,-36.125000
cta_qa_0326,27,-0.353468
cta_qa_0326,28,-0.348442
cta_qa_0326,29,-0.349459
cta_qa_0326,30,-35.750000
cta_qa_0326,31,-0.349459
cta_qa_0326,32,-0.434546
cta_qa_0326,33,-36.937500
cta_qa_0326,34,-0.349459
cta_qa_0326,35,-0.384571
cta_qa_0326,36,-33.750000
cta_qa_0326,37,-32.125000
cta_qa_0326,38,-0.473644
cta_qa_0326,39,-0.385732
cta_qa_0326,40,-32.125000
cta_qa_0326,41,-32.125000
cta_qa_0326,42,-0.499798
cta_qa_0326,43,-0.414673
cta_qa_0326,44,-32.125000
cta_qa_0326,45,-34.125000
cta_qa_0326,46,-33.750000
cta_qa_0326,47,-0.376469
cta_qa_0326,48,-33.750000
cta_qa_0326,49,-0.352811
cta_qa_0326,50,-0.283844
cta_qa_0326,51,-32.125000
cta_qa_0326,52,-0.384575
cta_qa_0326,53,-32.125000
cta_qa_0326,54,-33.750000
cta_qa_0326,55,-0.499798
cta_qa_0326,56,-0.499798
cta_qa_0326,57,-0.382839
cta_qa_0326,58,-32.125000
cta_qa_0326,59,-32.125000
cta_qa_0326,60,-38.437500
cta_qa_0326,61,-0.415041
cta_qa_0326,62,-0.415041
cta_qa_0326,63,-0.415041
cta_qa_0327,0,-0.350728
cta_qa_0327,1,-0.350728
cta_qa_0327,2,-35.125000
cta_qa_0327,3,-0.269958
cta_qa_0327,4,-0.350728
cta_qa_0327,5,-0.269958
cta_qa_0327,6,-35.125000
cta_qa_0327,7,-0.350728
cta_qa_0327,8,-0.476965
cta_qa_0327,9,-0.355609
cta_qa_0327,10,-35.750000
cta_qa_0327,11,-0.476965
cta_qa_0327,12,-0.384878
cta_qa_0327,13,-36.125000
cta_qa_0327,14,-0.384878
cta_qa_0327,15,-0.384878
cta_qa_0327,16,-36.375000
cta_qa_0327,17,-0.269958
cta_qa_0327,18,-0.350728
cta_qa_0327,19,-0.350728
cta_qa_0327,20,-0.384878
cta_qa_0327,21,-0.384878
cta_qa_0327,22,-32.625000
cta_qa_0327,23,-0.384878
cta_qa_0327,24,-0.384878
cta_qa_0327,25,-36.125000
cta_qa_0327,26,-0.384878
cta_qa_0327,27,-0.384878
cta_qa_0327,28,-0.350728
cta_qa_0327,29,-0.350728
cta_qa_0327,30,-35.125000
cta_qa_0327,31,-0.350728
cta_qa_0327,32,-0.384878
cta_qa_0327,33,-36.125000
cta_qa_0327,34,-0.384878
cta_qa_0327,35,-0.384878
cta_qa_0327,36,-0.350728
cta_qa_0327,37,-0.350728
cta_qa_0327,38,-0.269958
cta_qa_0327,39,-35.125000
cta_qa_0327,40,-0.444495
cta_qa_0327,41,-0.261190
cta_qa_0327,42,-0.353460
cta_qa_0327,43,-37.125000
cta_qa_0327,44,-26.125000
cta_qa_0327,45,-26.125000
cta_qa_0327,46,-26.125000
cta_qa_0327,47,-26.125000
cta_qa_0327,48,-0.380778
cta_qa_0327,49,-0.380778
cta_qa_0327,50,-0.380778
cta_qa_0327,51,-24.750000
cta_qa_0327,52,-0.269958
cta_qa_0327,53,-0.297254
cta_qa_0327,54,-0.350728
cta_qa_0327,55,-35.125000
cta_qa_0327,56,-0.384878
cta_qa_0327,57,-0.384878
cta_qa_0327,58,-36.125000
cta_qa_0327,59,-0.384878
cta_qa_0327,60,-26.125000
cta_qa_0327,61,-26.125000
cta_qa_0327,62,-26.125000
cta_qa_0327,63,-26.125000
cta_qa_0328,0,-36.750000
cta_qa_0328,1,-36.750000
cta_qa_0328,2,-36.750000
cta_qa_0328,3,-36.750000
cta_qa_0328,4,-36.750000
cta_qa_0328,5,-36.750000
cta_qa_0328,6,-36.562500
cta_qa_0328,7,-36.750000
cta_qa_0328,8,-0.344514
cta_qa_0328,9,-36.625000
cta_qa_0328,10,-0.344514
cta_qa_0328,11,-0.344514
cta_qa_0328,12,-36.750000
cta_qa_0328,13,-36.750000
cta_qa_0328,14,-36.562500
cta_qa_0328,15,-36.750000
cta_qa_0328,16,-36.562500
cta_qa_0328,17,-36.750000
cta_qa_0328,18,-36.750000
cta_qa_0328,19,-36.562500
cta_qa_0328,20,-36.750000
cta_qa_0328,21,-36.750000
cta_qa_0328,22,-36.750000
cta_qa_0328,23,-36.562500
cta_qa_0328,24,-0.411092
cta_qa_0328,25,-36.687500
cta_qa_0328,26,-36.687500
cta_qa_0328,27,-36.687500
cta_qa_0328,28,-35.500000
cta_qa_0328,29,-36.750000
cta_qa_0328,30,-36.750000
cta_qa_0328,31,-36.750000
cta_qa_0328,32,-36.750000
cta_qa_0328,33,-36.750000
cta_qa_0328,34,-36.750000
cta_qa_0328,35,-36.750000
cta_qa_0328,36,-9.874998
cta_qa_0328,37,-0.408937
cta_qa_0328,38,-0.408937
cta_qa_0328,39,-0.408937
cta_qa_0328,40,-36.750000
cta_qa_0328,41,-36.750000
cta_qa_0328,42,-36.750000
cta_qa_0328,43,-36.750000
cta_qa_0328,44,-0.436009
cta_qa_0328,45,-0.436009
cta_qa_0328,46,-36.500000
cta_qa_0328,47,-37.687500
cta_qa_0328,48,-36.750000
cta_qa_0328,49,-36.750000
cta_qa_0328,50,-36.750000
cta_qa_0328,51,-36.750000
cta_qa_0328,52,-36.750000
cta_qa_0328,53,-36.750000
cta_qa_0328,54,-36.750000
cta_qa_0328,55,-36.750000
cta_qa_0328,56,-36.562500
cta_qa_0328,57,-36.562500
cta_qa_0328,58,-36.750000
cta_qa_0328,59,-36.562500
cta_qa_0328,60,-36.750000
cta_qa_0328,61,-36.750000
cta_qa_0328,62,-36.750000
cta_qa_0328,63,-36.750000
cta_qa_0329,0,-0.443732
cta_qa_0329,1,-37.875000
cta_qa_0329,2,-0.443732
cta_qa_0329,3,-0.496780
cta_qa_0329,4,-0.446428
cta_qa_0329,5,-0.446428
cta_qa_0329,6,-0.446428
cta_qa_0329,7,-37.625000
cta_qa_0329,8,-0.413938
cta_qa_0329,9,-0.413938
cta_qa_0329,10,-38.125000
cta_qa_0329,11,-0.413938
cta_qa_0329,12,-0.472524
cta_qa_0329,13,-0.382167
cta_qa_0329,14,-0.472524
cta_qa_0329,15,-37.750000
cta_qa_0329,16,-0.443732
cta_qa_0329,17,-37.875000
cta_qa_0329,18,-37.875000
cta_qa_0329,19,-0.443732
cta_qa_0329,20,-0.562291
cta_qa_0329,21,-37.625000
cta_qa_0329,22,-37.625000
cta_qa_0329,23,-0.446428
cta_qa_0329,24,-37.875000
cta_qa_0329,25,-0.443732
cta_qa_0329,26,-0.443732
cta_qa_0329,27,-37.875000
cta_qa_0329,28,-0.472524
cta_qa_0329,29,-0.472524
cta_qa_0329,30,-37.750000
cta_qa_0329,31,-0.472524
cta_qa_0329,32,-37.625000
cta_qa_0329,33,-37.625000
cta_qa_0329,34,-0.446428
cta_qa_0329,35,-0.446428
cta_qa_0329,36,-37.875000
cta_qa_0329,37,-0.377965
cta_qa_0329,38,-0.443732
cta_qa_0329,39,-0.443732
cta_qa_0329,40,-0.446428
cta_qa_0329,41,-0.446428
cta_qa_0329,42,-0.446428
cta_qa_0329,43,-37.625000
cta_qa_0329,44,-0.473876
cta_qa_0329,45,-0.477547
cta_qa_0329,46,-37.750000
cta_qa_0329,47,-0.477547
cta_qa_0329,48,-0.443732
cta_qa_0329,49,-37.875000
cta_qa_0329,50,-37.875000
cta_qa_0329,51,-0.377700
cta_qa_0329,52,-0.598431
cta_qa_0329,53,-0.598431
cta_qa_0329,54,-0.598431
cta_qa_0329,55,-38.000000
cta_qa_0329,56,-0.446428
cta_qa_0329,57,-37.625000
cta_qa_0329,58,-0.446428
cta_qa_0329,59,-37.625000
cta_qa_0329,60,-0.472524
cta_qa_0329,61,-0.505130
cta_qa_0329,62,-0.472524
cta_qa_0329,63,-37.750000
cta_qa_0330,0,-22.875000
cta_qa_0330,1,-0.413932
cta_qa_0330,2,-0.344610
cta_qa_0330,3,-32.125000
cta_qa_0330,4,-31.125000
cta_qa_0330,5,-0.498346
cta_qa_0330,6,-0.443256
cta_qa_0330,7,-0.191574
cta_qa_0330,8,-0.461814
cta_qa_0330,9,-0.377151
cta_qa_0330,10,-0.316951
cta_qa_0330,11,-37.687500
cta_qa_0330,12,-0.382578
cta_qa_0330,13,-22.875000
cta_qa_0330,14,-0.474266
cta_qa_0330,15,-0.351791
cta_qa_0330,16,-0.411495
cta_qa_0330,17,-31.125000
cta_qa_0330,18,-0.475647
cta_qa_0330,19,-0.443534
cta_qa_0330,20,-0.191574
cta_qa_0330,21,-0.223645
cta_qa_0330,22,-0.378626
cta_qa_0330,23,-34.375000
cta_qa_0330,24,-0.220226
cta_qa_0330,25,-0.286145
cta_qa_0330,26,-30.875000
cta_qa_0330,27,-0.374781
cta_qa_0330,28,-0.373474
cta_qa_0330,29,-0.463184
cta_qa_0330,30,-0.289134
cta_qa_0330,31,-26.000000
cta_qa_0330,32,-0.502367
cta_qa_0330,33,-0.410776
cta_qa_0330,34,-31.625000
cta_qa_0330,35,-0.461793
cta_qa_0330,36,-32.750000
cta_qa_0330,37,-0.251581
cta_qa_0330,38,-0.524315
cta_qa_0330,39,-0.348030
cta_qa_0330,40,-0.377275
cta_qa_0330,41,-0.380821
cta_qa_0330,42,-37.750000
cta_qa_0330,43,-0.380821
cta_qa_0330,44,-0.412848
cta_qa_0330,45,-0.316462
cta_qa_0330,46,-36.250000
cta_qa_0330,47,-0.471786
cta_qa_0330,48,-0.383883
cta_qa_0330,49,-0.380941
cta_qa_0330,50,-0.320444
cta_qa_0330,51,-22.875000
cta_qa_0330,52,-33.875000
cta_qa_0330,53,-0.433258
cta_qa_0330,54,-0.498346
cta_qa_0330,55,-0.475754
cta_qa_0330,56,-0.526056
cta_qa_0330,57,-0.500967
cta_qa_0330,58,-36.625000
cta_qa_0330,59,-0.499782
cta_qa_0330,60,-0.467217
cta_qa_0330,61,-36.625000
cta_qa_0330,62,-0.349344
cta_qa_0330,63,-0.349344
cta_qa_0331,0,-0.384316
cta_qa_0331,1,-0.382562
cta_qa_0331,2,-0.383186
cta_qa_0331,3,-33.875000
cta_qa_0331,4,-0.531087
cta_qa_0331,5,-0.531087
cta_qa_0331,6,-36.625000
cta_qa_0331,7,-0.531087
cta_qa_0331,8,-0.408902
cta_qa_0331,9,-0.318818
cta_qa_0331,10,-10.499996
cta_qa_0331,11,-12.374998
cta_qa_0331,12,-0.473941
cta_qa_0331,13,-17.875000
cta_qa_0331,14,-0.441812
cta_qa_0331,15,-0.441812
cta_qa_0331,16,-0.385295
cta_qa_0331,17,-0.322659
cta_qa_0331,18,-36.687500
cta_qa_0331,19,-0.353489
cta_qa_0331,20,-29.750000
cta_qa_0331,21,-0.382944
cta_qa_0331,22,-0.407457
cta_qa_0331,23,-0.407457
cta_qa_0331,24,-0.440044
cta_qa_0331,25,-0.440044
cta_qa_0331,26,-36.125000
cta_qa_0331,27,-0.415174
cta_qa_0331,28,-0.351775
cta_qa_0331,29,-34.375000
cta_qa_0331,30,-0.386693
cta_qa_0331,31,-0.444001
cta_qa_0331,32,-0.529581
cta_qa_0331,33,-17.750000
cta_qa_0331,34,-0.412944
cta_qa_0331,35,-0.504890
cta_qa_0331,36,-0.382895
cta_qa_0331,37,-0.408902
cta_qa_0331,38,-10.499996
cta_qa_0331,39,-0.326054
cta_qa_0331,40,-0.413820
cta_qa_0331,41,-0.347122
cta_qa_0331,42,-0.441812
cta_qa_0331,43,-17.875000
cta_qa_0331,44,-0.411773
cta_qa_0331,45,-0.322320
cta_qa_0331,46,-35.375000
cta_qa_0331,47,-0.415848
cta_qa_0331,48,-32.250000
cta_qa_0331,49,-0.410236
cta_qa_0331,50,-0.384178
cta_qa_0331,51,-0.415302
cta_qa_0331,52,-0.446408
cta_qa_0331,53,-0.496774
cta_qa_0331,54,-25.125000
cta_qa_0331,55,-0.413710
cta_qa_0331,56,-0.408902
cta_qa_0331,57,-10.499996
cta_qa_0331,58,-0.408902
cta_qa_0331,59,-0.382895
cta_qa_0331,60,-12.374998
cta_qa_0331,61,-0.408902
cta_qa_0331,62,-0.324193
cta_qa_0331,63,-0.383263
cta_qa_0332,0,-33.500000
cta_qa_0332,1,-0.249824
cta_qa_0332,2,-33.500000
cta_qa_0332,3,-0.249824
cta_qa_0332,4,-0.313140
cta_qa_0332,5,-33.500000
cta_qa_0332,6,-0.313140
cta_qa_0332,7,-33.500000
cta_qa_0332,8,-0.249824
cta_qa_0332,9,-33.500000
cta_qa_0332,10,-33.500000
cta_qa_0332,11,-0.249824
cta_qa_0332,12,-0.313140
cta_qa_0332,13,-0.249824
cta_qa_0332,14,-33.500000
cta_qa_0332,15,-33.500000
cta_qa_0332,16,-0.313140
cta_qa_0332,17,-0.313140
cta_qa_0332,18,-33.500000
cta_qa_0332,19,-0.249824
cta_qa_0332,20,-33.500000
cta_qa_0332,21,-0.249824
cta_qa_0332,22,-0.249824
cta_qa_0332,23,-0.249824
cta_qa_0332,24,-33.500000
cta_qa_0332,25,-0.249824
cta_qa_0332,26,-0.313140
cta_qa_0332,27,-33.500000
cta_qa_0332,28,-33.500000
cta_qa_0332,29,-0.249824
cta_qa_0332,30,-0.313140
cta_qa_0332,31,-0.249824
cta_qa_0332,32,-0.313140
cta_qa_0332,33,-33.500000
cta_qa_0332,34,-0.249824
cta_qa_0332,35,-0.313140
cta_qa_0332,36,-33.500000
cta_qa_0332,37,-0.313140
cta_qa_0332,38,-0.249824
cta_qa_0332,39,-0.249824
cta_qa_0332,40,-0.502397
cta_qa_0332,41,-33.500000
cta_qa_0332,42,-0.249824
cta_qa_0332,43,-0.313140
cta_qa_0332,44,-33.500000
cta_qa_0332,45,-0.313140
cta_qa_0332,46,-33.500000
cta_qa_0332,47,-0.313140
cta_qa_0332,48,-0.249824
cta_qa_0332,49,-0.313140
cta_qa_0332,50,-33.500000
cta_qa_0332,51,-33.500000
cta_qa_0332,52,-33.500000
cta_qa_0332,53,-0.313140
cta_qa_0332,54,-33.500000
cta_qa_0332,55,-33.500000
cta_qa_0332,56,-0.313140
cta_qa_0332,57,-33.500000
cta_qa_0332,58,-33.500000
cta_qa_0332,59,-0.313140
cta_qa_0332,60,-33.500000
cta_qa_0332,61,-33.500000
cta_qa_0332,62,-0.249824
cta_qa_0332,63,-0.249824
cta_qa_0333,0,-30.375000
cta_qa_0333,1,-30.375000
cta_qa_0333,2,-30.375000
cta_qa_0333,3,-30.375000
cta_qa_0333,4,-36.500000
cta_qa_0333,5,-0.434472
cta_qa_0333,6,-0.434472
cta_qa_0333,7,-0.434472
cta_qa_0333,8,-36.562500
cta_qa_0333,9,-0.288180
cta_qa_0333,10,-0.348560
cta_qa_0333,11,-0.344784
cta_qa_0333,12,-0.312293
cta_qa_0333,13,-0.286859
cta_qa_0333,14,-36.875000
cta_qa_0333,15,-0.312293
cta_qa_0333,16,-0.343536
cta_qa_0333,17,-0.226694
cta_qa_0333,18,-33.875000
cta_qa_0333,19,-0.343536
cta_qa_0333,20,-36.250000
cta_qa_0333,21,-0.313251
cta_qa_0333,22,-0.254620
cta_qa_0333,23,-0.431813
cta_qa_0333,24,-30.375000
cta_qa_0333,25,-30.375000
cta_qa_0333,26,-30.375000
cta_qa_0333,27,-30.375000
cta_qa_0333,28,-0.373408
cta_qa_0333,29,-0.373408
cta_qa_0333,30,-0.373408
cta_qa_0333,31,-37.062500
cta_qa_0333,32,-32.625000
cta_qa_0333,33,-0.376200
cta_qa_0333,34,-0.286935
cta_qa_0333,35,-0.317324
cta_qa_0333,36,-0.371907
cta_qa_0333,37,-0.344784
cta_qa_0333,38,-36.250000
cta_qa_0333,39,-0.371907
cta_qa_0333,40,-36.000000
cta_qa_0333,41,-0.434472
cta_qa_0333,42,-0.434472
cta_qa_0333,43,-0.434472
cta_qa_0333,44,-0.434472
cta_qa_0333,45,-0.399437
cta_qa_0333,46,-37.000000
cta_qa_0333,47,-0.285871
cta_qa_0333,48,-0.372066
cta_qa_0333,49,-0.372066
cta_qa_0333,50,-36.562500
cta_qa_0333,51,-0.281074
cta_qa_0333,52,-0.407454
cta_qa_0333,53,-34.500000
cta_qa_0333,54,-0.407454
cta_qa_0333,55,-0.407454
cta_qa_0333,56,-0.345907
cta_qa_0333,57,-0.371907
cta_qa_0333,58,-36.562500
cta_qa_0333,59,-0.344784
cta_qa_0333,60,-0.344689
cta_qa_0333,61,-0.434472
cta_qa_0333,62,-36.750000
cta_qa_0333,63,-34.625000
cta_qa_0334,0,-0.374781
cta_qa_0334,1,-0.317469
cta_qa_0334,2,-32.500000
cta_qa_0334,3,-0.374781
cta_qa_0334,4,-33.125000
cta_qa_0334,5,-0.462558
cta_qa_0334,6,-0.223456
cta_qa_0334,7,-0.462558
cta_qa_0334,8,-0.376190
cta_qa_0334,9,-0.438650
cta_qa_0334,10,-35.875000
cta_qa_0334,11,-0.415130
cta_qa_0334,12,-0.493975
cta_qa_0334,13,-36.375000
cta_qa_0334,14,-36.375000
cta_qa_0334,15,-0.343552
cta_qa_0334,16,-27.500000
cta_qa_0334,17,-0.499804
cta_qa_0334,18,-0.413067
cta_qa_0334,19,-0.499804
cta_qa_0334,20,-35.000000
cta_qa_0334,21,-33.125000
cta_qa_0334,22,-0.462558
cta_qa_0334,23,-0.462558
cta_qa_0334,24,-0.379766
cta_qa_0334,25,-0.496694
cta_qa_0334,26,-0.442542
cta_qa_0334,27,-29.875000
cta_qa_0334,28,-33.125000
cta_qa_0334,29,-0.462558
cta_qa_0334,30,-0.462558
cta_qa_0334,31,-0.281053
cta_qa_0334,32,-0.493975
cta_qa_0334,33,-0.493975
cta_qa_0334,34,-36.375000
cta_qa_0334,35,-0.493975
cta_qa_0334,36,-0.469865
cta_qa_0334,37,-29.625000
cta_qa_0334,38,-0.467241
cta_qa_0334,39,-0.411956
cta_qa_0334,40,-0.380330
cta_qa_0334,41,-34.125000
cta_qa_0334,42,-0.352395
cta_qa_0334,43,-0.431776
cta_qa_0334,44,-0.223456
cta_qa_0334,45,-0.281053
cta_qa_0334,46,-33.125000
cta_qa_0334,47,-0.223456
cta_qa_0334,48,-36.875000
cta_qa_0334,49,-0.345893
cta_qa_0334,50,-0.460634
cta_qa_0334,51,-0.344737
cta_qa_0334,52,-0.462558
cta_qa_0334,53,-0.223456
cta_qa_0334,54,-33.125000
cta_qa_0334,55,-0.342246
cta_qa_0334,56,-0.411301
cta_qa_0334,57,-0.499804
cta_qa_0334,58,-0.473870
cta_qa_0334,59,-32.750000
cta_qa_0334,60,-31.875000
cta_qa_0334,61,-0.320559
cta_qa_0334,62,-0.434093
cta_qa_0334,63,-0.434093
cta_qa_0335,0,-25.125000
cta_qa_0335,1,-25.125000
cta_qa_0335,2,-25.125000
cta_qa_0335,3,-25.125000
cta_qa_0335,4,-0.373432
cta_qa_0335,5,-37.437500
cta_qa_0335,6,-0.346826
cta_qa_0335,7,-0.349025
cta_qa_0335,8,-0.319221
cta_qa_0335,9,-0.435954
cta_qa_0335,10,-37.000000
cta_qa_0335,11,-0.435954
cta_qa_0335,12,-0.435040
cta_qa_0335,13,-0.435040
cta_qa_0335,14,-0.435040
cta_qa_0335,15,-37.125000
cta_qa_0335,16,-0.349025
cta_qa_0335,17,-0.349025
cta_qa_0335,18,-0.349025
cta_qa_0335,19,-36.250000
cta_qa_0335,20,-38.375000
cta_qa_0335,21,-0.408933
cta_qa_0335,22,-0.373463
cta_qa_0335,23,-0.373463
cta_qa_0335,24,-0.435040
cta_qa_0335,25,-38.375000
cta_qa_0335,26,-0.435040
cta_qa_0335,27,-0.435040
cta_qa_0335,28,-0.406057
cta_qa_0335,29,-0.373389
cta_qa_0335,30,-0.373389
cta_qa_0335,31,-36.562500
cta_qa_0335,32,-0.408933
cta_qa_0335,33,-0.373463
cta_qa_0335,34,-0.408933
cta_qa_0335,35,-38.750000
cta_qa_0335,36,-36.750000
cta_qa_0335,37,-0.385099
cta_qa_0335,38,-0.377545
cta_qa_0335,39,-0.377545
cta_qa_0335,40,-0.349025
cta_qa_0335,41,-0.373432
cta_qa_0335,42,-36.250000
cta_qa_0335,43,-0.349025
cta_qa_0335,44,-0.321273
cta_qa_0335,45,-0.320271
cta_qa_0335,46,-38.687500
cta_qa_0335,47,-0.350052
cta_qa_0335,48,-37.062500
cta_qa_0335,49,-36.875000
cta_qa_0335,50,-0.374806
cta_qa_0335,51,-0.376410
cta_qa_0335,52,-37.437500
cta_qa_0335,53,-0.376144
cta_qa_0335,54,-0.350567
cta_qa_0335,55,-0.376144
cta_qa_0335,56,-0.376410
cta_qa_0335,57,-36.750000
cta_qa_0335,58,-37.062500
cta_qa_0335,59,-0.436004
cta_qa_0335,60,-0.407455
cta_qa_0335,61,-0.289905
cta_qa_0335,62,-37.750000
cta_qa_0335,63,-0.290170
cta_qa_0336,0,-36.687500
cta_qa_0336,1,-36.687500
cta_qa_0336,2,-36.687500
cta_qa_0336,3,-36.687500
cta_qa_0336,4,-36.687500
cta_qa_0336,5,-36.687500
cta_qa_0336,6,-0.250641
cta_qa_0336,7,-36.687500
cta_qa_0336,8,-36.687500
cta_qa_0336,9,-0.347190
cta_qa_0336,10,-36.687500
cta_qa_0336,11,-36.687500
cta_qa_0336,12,-36.437500
cta_qa_0336,13,-0.347190
cta_qa_0336,14,-36.687500
cta_qa_0336,15,-36.687500
cta_qa_0336,16,-0.437284
cta_qa_0336,17,-0.404868
cta_qa_0336,18,-0.404868
cta_qa_0336,19,-36.812500
cta_qa_0336,20,-36.687500
cta_qa_0336,21,-36.687500
cta_qa_0336,22,-36.625000
cta_qa_0336,23,-36.687500
cta_qa_0336,24,-36.687500
cta_qa_0336,25,-36.687500
cta_qa_0336,26,-0.347190
cta_qa_0336,27,-36.687500
cta_qa_0336,28,-0.376018
cta_qa_0336,29,-36.812500
cta_qa_0336,30,-0.404868
cta_qa_0336,31,-0.404868
cta_qa_0336,32,-0.316423
cta_qa_0336,33,-0.282348
cta_qa_0336,34,-36.875000
cta_qa_0336,35,-0.316423
cta_qa_0336,36,-0.376017
cta_qa_0336,37,-37.625000
cta_qa_0336,38,-0.376017
cta_qa_0336,39,-0.315933
cta_qa_0336,40,-0.376016
cta_qa_0336,41,-36.812500
cta_qa_0336,42,-0.404868
cta_qa_0336,43,-0.468533
cta_qa_0336,44,-36.812500
cta_qa_0336,45,-36.812500
cta_qa_0336,46,-36.687500
cta_qa_0336,47,-36.687500
cta_qa_0336,48,-36.687500
cta_qa_0336,49,-36.687500
cta_qa_0336,50,-36.687500
cta_qa_0336,51,-36.625000
cta_qa_0336,52,-36.687500
cta_qa_0336,53,-36.687500
cta_qa_0336,54,-36.687500
cta_qa_0336,55,-36.687500
cta_qa_0336,56,-36.687500
cta_qa_0336,57,-36.625000
cta_qa_0336,58,-36.687500
cta_qa_0336,59,-36.687500
cta_qa_0336,60,-36.687500
cta_qa_0336,61,-0.471110
cta_qa_0336,62,-36.687500
cta_qa_0336,63,-0.250641
cta_qa_0337,0,-0.344980
cta_qa_0337,1,-37.812500
cta_qa_0337,2,-0.321141
cta_qa_0337,3,-0.317471
cta_qa_0337,4,-37.375000
cta_qa_0337,5,-0.318841
cta_qa_0337,6,-0.344980
cta_qa_0337,7,-0.317471
cta_qa_0337,8,-37.875000
cta_qa_0337,9,-0.344980
cta_qa_0337,10,-0.318841
cta_qa_0337,11,-36.000000
cta_qa_0337,12,-0.321141
cta_qa_0337,13,-0.344980
cta_qa_0337,14,-37.812500
cta_qa_0337,15,-0.318841
cta_qa_0337,16,-37.375000
cta_qa_0337,17,-0.317471
cta_qa_0337,18,-0.256227
cta_qa_0337,19,-37.812500
cta_qa_0337,20,-0.286786
cta_qa_0337,21,-38.625000
cta_qa_0337,22,-0.286786
cta_qa_0337,23,-0.286786
cta_qa_0337,24,-0.323380
cta_qa_0337,25,-0.290536
cta_qa_0337,26,-37.250000
cta_qa_0337,27,-0.290536
cta_qa_0337,28,-0.413793
cta_qa_0337,29,-37.437500
cta_qa_0337,30,-0.413793
cta_qa_0337,31,-0.445751
cta_qa_0337,32,-0.381207
cta_qa_0337,33,-0.438595
cta_qa_0337,34,-37.937500
cta_qa_0337,35,-0.438595
cta_qa_0337,36,-38.562500
cta_qa_0337,37,-0.286786
cta_qa_0337,38,-37.687500
cta_qa_0337,39,-38.562500
cta_qa_0337,40,-38.500000
cta_qa_0337,41,-38.562500
cta_qa_0337,42,-38.687500
cta_qa_0337,43,-0.286786
cta_qa_0337,44,-0.443069
cta_qa_0337,45,-0.325418
cta_qa_0337,46,-0.325418
cta_qa_0337,47,-37.812500
cta_qa_0337,48,-0.344980
cta_qa_0337,49,-37.812500
cta_qa_0337,50,-0.318841
cta_qa_0337,51,-0.344980
cta_qa_0337,52,-0.318841
cta_qa_0337,53,-0.318841
cta_qa_0337,54,-0.318841
cta_qa_0337,55,-37.875000
cta_qa_0337,56,-0.318841
cta_qa_0337,57,-0.318841
cta_qa_0337,58,-0.318841
cta_qa_0337,59,-37.812500
cta_qa_0337,60,-38.812500
cta_qa_0337,61,-38.562500
cta_qa_0337,62,-38.562500
cta_qa_0337,63,-38.562500
cta_qa_0338,0,-37.875000
cta_qa_0338,1,-0.406920
cta_qa_0338,2,-0.406920
cta_qa_0338,3,-0.506348
cta_qa_0338,4,-0.554214
cta_qa_0338,5,-38.562500
cta_qa_0338,6,-0.503857
cta_qa_0338,7,-0.503857
cta_qa_0338,8,-38.687500
cta_qa_0338,9,-38.687500
cta_qa_0338,10,-37.937500
cta_qa_0338,11,-38.687500
cta_qa_0338,12,-38.687500
cta_qa_0338,13,-38.687500
cta_qa_0338,14,-38.687500
cta_qa_0338,15,-37.937500
cta_qa_0338,16,-0.503857
cta_qa_0338,17,-0.503857
cta_qa_0338,18,-34.125000
cta_qa_0338,19,-0.503857
cta_qa_0338,20,-38.312500
cta_qa_0338,21,-0.373644
cta_qa_0338,22,-38.312500
cta_qa_0338,23,-38.312500
cta_qa_0338,24,-0.503857
cta_qa_0338,25,-38.562500
cta_qa_0338,26,-0.503857
cta_qa_0338,27,-38.437500
cta_qa_0338,28,-0.503857
cta_qa_0338,29,-0.503857
cta_qa_0338,30,-38.562500
cta_qa_0338,31,-0.503857
cta_qa_0338,32,-38.687500
cta_qa_0338,33,-38.562500
cta_qa_0338,34,-38.687500
cta_qa_0338,35,-38.562500
cta_qa_0338,36,-38.562500
cta_qa_0338,37,-38.437500
cta_qa_0338,38,-38.562500
cta_qa_0338,39,-0.503857
cta_qa_0338,40,-0.411274
cta_qa_0338,41,-38.062500
cta_qa_0338,42,-0.441306
cta_qa_0338,43,-0.443610
cta_qa_0338,44,-0.471051
cta_qa_0338,45,-0.381058
cta_qa_0338,46,-0.499794
cta_qa_0338,47,-37.750000
cta_qa_0338,48,-37.375000
cta_qa_0338,49,-0.503698
cta_qa_0338,50,-0.473784
cta_qa_0338,51,-0.474780
cta_qa_0338,52,-37.937500
cta_qa_0338,53,-0.503857
cta_qa_0338,54,-0.503857
cta_qa_0338,55,-38.562500
cta_qa_0338,56,-0.503857
cta_qa_0338,57,-38.562500
cta_qa_0338,58,-0.554214
cta_qa_0338,59,-0.503857
cta_qa_0338,60,-37.937500
cta_qa_0338,61,-0.503857
cta_qa_0338,62,-0.554214
cta_qa_0338,63,-0.503857
cta_qa_0339,0,-0.381226
cta_qa_0339,1,-5.624977
cta_qa_0339,2,-0.439870
cta_qa_0339,3,-0.347360
cta_qa_0339,4,-29.375000
cta_qa_0339,5,-0.316353
cta_qa_0339,6,-0.346892
cta_qa_0339,7,-0.346892
cta_qa_0339,8,-0.410992
cta_qa_0339,9,-0.410992
cta_qa_0339,10,-26.875000
cta_qa_0339,11,-0.317425
cta_qa_0339,12,-0.351914
cta_qa_0339,13,-36.187500
cta_qa_0339,14,-0.377272
cta_qa_0339,15,-0.377272
cta_qa_0339,16,-0.257598
cta_qa_0339,17,-0.317948
cta_qa_0339,18,-29.375000
cta_qa_0339,19,-0.317948
cta_qa_0339,20,-0.374765
cta_qa_0339,21,-0.374765
cta_qa_0339,22,-36.687500
cta_qa_0339,23,-0.374765
cta_qa_0339,24,-0.410992
cta_qa_0339,25,-0.350060
cta_qa_0339,26,-0.410992
cta_qa_0339,27,-26.875000
cta_qa_0339,28,-0.410992
cta_qa_0339,29,-0.410992
cta_qa_0339,30,-26.875000
cta_qa_0339,31,-0.413368
cta_qa_0339,32,-34.500000
cta_qa_0339,33,-0.347226
cta_qa_0339,34,-0.347226
cta_qa_0339,35,-0.346052
cta_qa_0339,36,-37.687500
cta_qa_0339,37,-0.379988
cta_qa_0339,38,-0.412387
cta_qa_0339,39,-0.382556
cta_qa_0339,40,-0.222143
cta_qa_0339,41,-0.285850
cta_qa_0339,42,-37.812500
cta_qa_0339,43,-0.314808
cta_qa_0339,44,-0.285773
cta_qa_0339,45,-0.287469
cta_qa_0339,46,-0.253413
cta_qa_0339,47,-35.875000
cta_qa_0339,48,-0.317948
cta_qa_0339,49,-29.375000
cta_qa_0339,50,-29.375000
cta_qa_0339,51,-0.227666
cta_qa_0339,52,-36.000000
cta_qa_0339,53,-0.317263
cta_qa_0339,54,-0.317263
cta_qa_0339,55,-0.317263
cta_qa_0339,56,-0.285850
cta_qa_0339,57,-0.351213
cta_qa_0339,58,-0.346052
cta_qa_0339,59,-37.375000
cta_qa_0339,60,-0.278554
cta_qa_0339,61,-0.314745
cta_qa_0339,62,-0.313512
cta_qa_0339,63,-37.812500
cta_qa_0340,0,-0.408599
cta_qa_0340,1,-0.350698
cta_qa_0340,2,-0.379628
cta_qa_0340,3,-34.625000
cta_qa_0340,4,-36.625000
cta_qa_0340,5,-37.187500
cta_qa_0340,6,-0.500970
cta_qa_0340,7,-0.500970
cta_qa_0340,8,-0.443726
cta_qa_0340,9,-32.375000
cta_qa_0340,10,-0.559379
cta_qa_0340,11,-0.471017
cta_qa_0340,12,-0.407286
cta_qa_0340,13,-0.412560
cta_qa_0340,14,-0.350698
cta_qa_0340,15,-34.625000
cta_qa_0340,16,-36.000000
cta_qa_0340,17,-0.351795
cta_qa_0340,18,-0.259574
cta_qa_0340,19,-0.223741
cta_qa_0340,20,-0.321809
cta_qa_0340,21,-36.000000
cta_qa_0340,22,-0.322767
cta_qa_0340,23,-0.326150
cta_qa_0340,24,-0.348599
cta_qa_0340,25,-0.348599
cta_qa_0340,26,-0.348599
cta_qa_0340,27,-36.000000
cta_qa_0340,28,-35.375000
cta_qa_0340,29,-0.324173
cta_qa_0340,30,-0.289194
cta_qa_0340,31,-0.259574
cta_qa_0340,32,-34.125000
cta_qa_0340,33,-0.415034
cta_qa_0340,34,-0.411715
cta_qa_0340,35,-0.378418
cta_qa_0340,36,-36.000000
cta_qa_0340,37,-0.438643
cta_qa_0340,38,-31.375000
cta_qa_0340,39,-35.375000
cta_qa_0340,40,-36.000000
cta_qa_0340,41,-0.260722
cta_qa_0340,42,-0.290091
cta_qa_0340,43,-0.321673
cta_qa_0340,44,-0.501094
cta_qa_0340,45,-37.562500
cta_qa_0340,46,-37.562500
cta_qa_0340,47,-0.501094
cta_qa_0340,48,-0.409377
cta_qa_0340,49,-0.347026
cta_qa_0340,50,-0.379539
cta_qa_0340,51,-37.125000
cta_qa_0340,52,-0.324173
cta_qa_0340,53,-0.438643
cta_qa_0340,54,-36.000000
cta_qa_0340,55,-0.259574
cta_qa_0340,56,-0.259574
cta_qa_0340,57,-0.223741
cta_qa_0340,58,-36.000000
cta_qa_0340,59,-0.317198
cta_qa_0340,60,-0.441666
cta_qa_0340,61,-0.345173
cta_qa_0340,62,-0.346607
cta_qa_0340,63,-37.250000
cta_qa_0341,0,-37.937500
cta_qa_0341,1,-0.411431
cta_qa_0341,2,-0.475860
cta_qa_0341,3,-0.441024
cta_qa_0341,4,-0.501117
cta_qa_0341,5,-36.125000
cta_qa_0341,6,-0.501117
cta_qa_0341,7,-0.473540
cta_qa_0341,8,-0.410703
cta_qa_0341,9,-0.409677
cta_qa_0341,10,-0.410642
cta_qa_0341,11,-23.875000
cta_qa_0341,12,-0.501006
cta_qa_0341,13,-34.500000
cta_qa_0341,14,-0.254608
cta_qa_0341,15,-0.501006
cta_qa_0341,16,-37.062500
cta_qa_0341,17,-0.501117
cta_qa_0341,18,-0.441236
cta_qa_0341,19,-0.441236
cta_qa_0341,20,-0.413837
cta_qa_0341,21,-35.750000
cta_qa_0341,22,-0.377368
cta_qa_0341,23,-0.560927
cta_qa_0341,24,-0.531027
cta_qa_0341,25,-35.500000
cta_qa_0341,26,-0.531027
cta_qa_0341,27,-0.531027
cta_qa_0341,28,-35.500000
cta_qa_0341,29,-0.531027
cta_qa_0341,30,-0.345105
cta_qa_0341,31,-0.348372
cta_qa_0341,32,-36.500000
cta_qa_0341,33,-0.382104
cta_qa_0341,34,-36.937500
cta_qa_0341,35,-36.500000
cta_qa_0341,36,-0.378902
cta_qa_0341,37,-35.500000
cta_qa_0341,38,-35.500000
cta_qa_0341,39,-0.348372
cta_qa_0341,40,-35.000000
cta_qa_0341,41,-0.559677
cta_qa_0341,42,-0.559677
cta_qa_0341,43,-0.410050
cta_qa_0341,44,-0.531027
cta_qa_0341,45,-35.500000
cta_qa_0341,46,-0.441455
cta_qa_0341,47,-0.531027
cta_qa_0341,48,-25.375000
cta_qa_0341,49,-0.501006
cta_qa_0341,50,-0.442371
cta_qa_0341,51,-25.375000
cta_qa_0341,52,-0.348506
cta_qa_0341,53,-35.500000
cta_qa_0341,54,-35.500000
cta_qa_0341,55,-35.500000
cta_qa_0341,56,-0.507209
cta_qa_0341,57,-30.500000
cta_qa_0341,58,-0.507209
cta_qa_0341,59,-0.529692
cta_qa_0341,60,-18.000000
cta_qa_0341,61,-0.531020
cta_qa_0341,62,-0.531020
cta_qa_0341,63,-0.531020
cta_qa_0342,0,-37.750000
cta_qa_0342,1,-36.125000
cta_qa_0342,2,-37.937500
cta_qa_0342,3,-37.937500
cta_qa_0342,4,-36.125000
cta_qa_0342,5,-36.125000
cta_qa_0342,6,-36.125000
cta_qa_0342,7,-36.125000
cta_qa_0342,8,-36.125000
cta_qa_0342,9,-36.125000
cta_qa_0342,10,-36.125000
cta_qa_0342,11,-36.125000
cta_qa_0342,12,-36.125000
cta_qa_0342,13,-36.125000
cta_qa_0342,14,-36.125000
cta_qa_0342,15,-36.125000
cta_qa_0342,16,-36.125000
cta_qa_0342,17,-36.125000
cta_qa_0342,18,-36.125000
cta_qa_0342,19,-36.125000
cta_qa_0342,20,-36.125000
cta_qa_0342,21,-36.125000
cta_qa_0342,22,-36.125000
cta_qa_0342,23,-36.125000
cta_qa_0342,24,-36.125000
cta_qa_0342,25,-36.125000
cta_qa_0342,26,-36.125000
cta_qa_0342,27,-36.125000
cta_qa_0342,28,-36.125000
cta_qa_0342,29,-36.125000
cta_qa_0342,30,-37.750000
cta_qa_0342,31,-36.125000
cta_qa_0342,32,-36.125000
cta_qa_0342,33,-36.125000
cta_qa_0342,34,-36.125000
cta_qa_0342,35,-36.125000
cta_qa_0342,36,-37.750000
cta_qa_0342,37,-36.125000
cta_qa_0342,38,-36.125000
cta_qa_0342,39,-36.125000
cta_qa_0342,40,-36.125000
cta_qa_0342,41,-36.125000
cta_qa_0342,42,-36.125000
cta_qa_0342,43,-37.937500
cta_qa_0342,44,-35.875000
cta_qa_0342,45,-35.875000
cta_qa_0342,46,-35.875000
cta_qa_0342,47,-0.376173
cta_qa_0342,48,-36.125000
cta_qa_0342,49,-36.125000
cta_qa_0342,50,-36.125000
cta_qa_0342,51,-36.125000
cta_qa_0342,52,-36.125000
cta_qa_0342,53,-36.125000
cta_qa_0342,54,-36.125000
cta_qa_0342,55,-36.125000
cta_qa_0342,56,-36.125000
cta_qa_0342,57,-36.125000
cta_qa_0342,58,-36.125000
cta_qa_0342,59,-36.125000
cta_qa_0342,60,-36.125000
cta_qa_0342,61,-36.125000
cta_qa_0342,62,-36.125000
cta_qa_0342,63,-36.125000
cta_qa_0343,0,-36.312500
cta_qa_0343,1,-0.363088
cta_qa_0343,2,-37.375000
cta_qa_0343,3,-0.363088
cta_qa_0343,4,-0.248910
cta_qa_0343,5,-37.187500
cta_qa_0343,6,-0.248910
cta_qa_0343,7,-0.247975
cta_qa_0343,8,-36.250000
cta_qa_0343,9,-36.250000
cta_qa_0343,10,-36.250000
cta_qa_0343,11,-36.250000
cta_qa_0343,12,-36.250000
cta_qa_0343,13,-36.250000
cta_qa_0343,14,-36.250000
cta_qa_0343,15,-36.250000
cta_qa_0343,16,-36.312500
cta_qa_0343,17,-36.312500
cta_qa_0343,18,-0.363088
cta_qa_0343,19,-36.312500
cta_qa_0343,20,-0.363088
cta_qa_0343,21,-0.363088
cta_qa_0343,22,-0.363088
cta_qa_0343,23,-36.312500
cta_qa_0343,24,-37.187500
cta_qa_0343,25,-0.247975
cta_qa_0343,26,-0.395702
cta_qa_0343,27,-0.248910
cta_qa_0343,28,-38.062500
cta_qa_0343,29,-0.372043
cta_qa_0343,30,-0.372043
cta_qa_0343,31,-0.369302
cta_qa_0343,32,-37.125000
cta_qa_0343,33,-0.363088
cta_qa_0343,34,-0.363088
cta_qa_0343,35,-0.363088
cta_qa_0343,36,-37.187500
cta_qa_0343,37,-0.248910
cta_qa_0343,38,-0.247975
cta_qa_0343,39,-0.395702
cta_qa_0343,40,-0.363088
cta_qa_0343,41,-36.312500
cta_qa_0343,42,-36.312500
cta_qa_0343,43,-36.312500
cta_qa_0343,44,-37.062500
cta_qa_0343,45,-0.248910
cta_qa_0343,46,-0.247975
cta_qa_0343,47,-0.248910
cta_qa_0343,48,-36.250000
cta_qa_0343,49,-36.250000
cta_qa_0343,50,-36.250000
cta_qa_0343,51,-36.250000
cta_qa_0343,52,-36.312500
cta_qa_0343,53,-37.375000
cta_qa_0343,54,-36.312500
cta_qa_0343,55,-0.363088
cta_qa_0343,56,-36.250000
cta_qa_0343,57,-36.250000
cta_qa_0343,58,-36.250000
cta_qa_0343,59,-36.250000
cta_qa_0343,60,-36.250000
cta_qa_0343,61,-36.250000
cta_qa_0343,62,-36.250000
cta_qa_0343,63,-36.250000
cta_qa_0344,0,-37.000000
cta_qa_0344,1,-0.255829
cta_qa_0344,2,-0.382549
cta_qa_0344,3,-0.498454
cta_qa_0344,4,-0.382442
cta_qa_0344,5,-0.498454
cta_qa_0344,6,-37.000000
cta_qa_0344,7,-0.382549
cta_qa_0344,8,-37.312500
cta_qa_0344,9,-0.382549
cta_qa_0344,10,-0.349975
cta_qa_0344,11,-0.498454
cta_qa_0344,12,-37.312500
cta_qa_0344,13,-0.349975
cta_qa_0344,14,-0.382549
cta_qa_0344,15,-0.353761
cta_qa_0344,16,-0.439939
cta_qa_0344,17,-0.439939
cta_qa_0344,18,-37.750000
cta_qa_0344,19,-0.439939
cta_qa_0344,20,-0.284885
cta_qa_0344,21,-34.000000
cta_qa_0344,22,-0.438644
cta_qa_0344,23,-0.379810
cta_qa_0344,24,-0.284885
cta_qa_0344,25,-0.351179
cta_qa_0344,26,-0.438644
cta_qa_0344,27,-34.000000
cta_qa_0344,28,-37.750000
cta_qa_0344,29,-0.322756
cta_qa_0344,30,-0.322756
cta_qa_0344,31,-0.439935
cta_qa_0344,32,-0.288832
cta_qa_0344,33,-0.465829
cta_qa_0344,34,-0.465829
cta_qa_0344,35,-32.250000
cta_qa_0344,36,-0.467159
cta_qa_0344,37,-0.467159
cta_qa_0344,38,-37.937500
cta_qa_0344,39,-0.379757
cta_qa_0344,40,-0.379810
cta_qa_0344,41,-32.750000
cta_qa_0344,42,-0.284885
cta_qa_0344,43,-0.438644
cta_qa_0344,44,-0.436005
cta_qa_0344,45,-0.349215
cta_qa_0344,46,-37.937500
cta_qa_0344,47,-0.412374
cta_qa_0344,48,-0.412376
cta_qa_0344,49,-37.000000
cta_qa_0344,50,-0.319233
cta_qa_0344,51,-0.413386
cta_qa_0344,52,-0.379810
cta_qa_0344,53,-34.000000
cta_qa_0344,54,-0.379810
cta_qa_0344,55,-0.290443
cta_qa_0344,56,-0.284885
cta_qa_0344,57,-0.438644
cta_qa_0344,58,-33.250000
cta_qa_0344,59,-0.379810
cta_qa_0344,60,-0.439939
cta_qa_0344,61,-0.321665
cta_qa_0344,62,-0.439939
cta_qa_0344,63,-37.750000
cta_qa_0345,0,-0.469893
cta_qa_0345,1,-0.405252
cta_qa_0345,2,-38.062500
cta_qa_0345,3,-38.062500
cta_qa_0345,4,-38.062500
cta_qa_0345,5,-38.062500
cta_qa_0345,6,-38.062500
cta_qa_0345,7,-0.410911
cta_qa_0345,8,-0.405252
cta_qa_0345,9,-0.255370
cta_qa_0345,10,-38.062500
cta_qa_0345,11,-0.469893
cta_qa_0345,12,-38.062500
cta_qa_0345,13,-0.410911
cta_qa_0345,14,-38.062500
cta_qa_0345,15,-0.405252
cta_qa_0345,16,-38.250000
cta_qa_0345,17,-0.350123
cta_qa_0345,18,-0.350123
cta_qa_0345,19,-0.290406
cta_qa_0345,20,-38.562500
cta_qa_0345,21,-38.562500
cta_qa_0345,22,-0.350602
cta_qa_0345,23,-0.320728
cta_qa_0345,24,-0.350602
cta_qa_0345,25,-0.320728
cta_qa_0345,26,-38.562500
cta_qa_0345,27,-0.320728
cta_qa_0345,28,-38.562500
cta_qa_0345,29,-38.562500
cta_qa_0345,30,-0.254246
cta_qa_0345,31,-0.381866
cta_qa_0345,32,-38.687500
cta_qa_0345,33,-0.499750
cta_qa_0345,34,-0.382759
cta_qa_0345,35,-0.411182
cta_qa_0345,36,-38.562500
cta_qa_0345,37,-0.320728
cta_qa_0345,38,-0.320728
cta_qa_0345,39,-0.161689
cta_qa_0345,40,-0.161689
cta_qa_0345,41,-39.187500
cta_qa_0345,42,-38.562500
cta_qa_0345,43,-0.350602
cta_qa_0345,44,-0.322479
cta_qa_0345,45,-0.320728
cta_qa_0345,46,-38.562500
cta_qa_0345,47,-0.320728
cta_qa_0345,48,-0.350123
cta_qa_0345,49,-38.250000
cta_qa_0345,50,-0.350222
cta_qa_0345,51,-0.437240
cta_qa_0345,52,-38.062500
cta_qa_0345,53,-0.405252
cta_qa_0345,54,-38.062500
cta_qa_0345,55,-38.062500
cta_qa_0345,56,-0.381866
cta_qa_0345,57,-0.320728
cta_qa_0345,58,-38.562500
cta_qa_0345,59,-0.320728
cta_qa_0345,60,-0.376187
cta_qa_0345,61,-0.350602
cta_qa_0345,62,-38.562500
cta_qa_0345,63,-0.161689
cta_qa_0346,0,-37.500000
cta_qa_0346,1,-0.438669
cta_qa_0346,2,-0.438669
cta_qa_0346,3,-0.438669
cta_qa_0346,4,-19.750000
cta_qa_0346,5,-19.750000
cta_qa_0346,6,-19.750000
cta_qa_0346,7,-19.750000
cta_qa_0346,8,-19.750000
cta_qa_0346,9,-19.750000
cta_qa_0346,10,-19.750000
cta_qa_0346,11,-19.750000
cta_qa_0346,12,-0.294720
cta_qa_0346,13,-0.410018
cta_qa_0346,14,-0.410018
cta_qa_0346,15,-37.437500
cta_qa_0346,16,-0.350548
cta_qa_0346,17,-38.625000
cta_qa_0346,18,-0.350548
cta_qa_0346,19,-0.350548
cta_qa_0346,20,-33.750000
cta_qa_0346,21,-0.384453
cta_qa_0346,22,-0.317931
cta_qa_0346,23,-0.384453
cta_qa_0346,24,-0.438669
cta_qa_0346,25,-0.438669
cta_qa_0346,26,-0.438669
cta_qa_0346,27,-37.500000
cta_qa_0346,28,-0.353350
cta_qa_0346,29,-0.295602
cta_qa_0346,30,-0.353350
cta_qa_0346,31,-37.312500
cta_qa_0346,32,-0.295531
cta_qa_0346,33,-36.562500
cta_qa_0346,34,-0.410018
cta_qa_0346,35,-0.294720
cta_qa_0346,36,-19.750000
cta_qa_0346,37,-19.750000
cta_qa_0346,38,-19.750000
cta_qa_0346,39,-19.750000
cta_qa_0346,40,-19.750000
cta_qa_0346,41,-19.750000
cta_qa_0346,42,-19.750000
cta_qa_0346,43,-19.750000
cta_qa_0346,44,-19.750000
cta_qa_0346,45,-19.750000
cta_qa_0346,46,-19.750000
cta_qa_0346,47,-19.750000
cta_qa_0346,48,-0.438669
cta_qa_0346,49,-0.438669
cta_qa_0346,50,-0.438669
cta_qa_0346,51,-37.500000
cta_qa_0346,52,-0.438669
cta_qa_0346,53,-0.438669
cta_qa_0346,54,-0.438669
cta_qa_0346,55,-37.500000
cta_qa_0346,56,-0.444276
cta_qa_0346,57,-36.250000
cta_qa_0346,58,-0.444276
cta_qa_0346,59,-0.356481
cta_qa_0346,60,-37.062500
cta_qa_0346,61,-0.322094
cta_qa_0346,62,-0.322094
cta_qa_0346,63,-0.322094
cta_qa_0347,0,-0.494390
cta_qa_0347,1,-0.320904
cta_qa_0347,2,-0.381027
cta_qa_0347,3,-36.875000
cta_qa_0347,4,-0.376141
cta_qa_0347,5,-32.250000
cta_qa_0347,6,-0.524043
cta_qa_0347,7,-0.524043
cta_qa_0347,8,-36.000000
cta_qa_0347,9,-0.437315
cta_qa_0347,10,-0.437315
cta_qa_0347,11,-36.375000
cta_qa_0347,12,-32.250000
cta_qa_0347,13,-0.380193
cta_qa_0347,14,-0.524043
cta_qa_0347,15,-0.524043
cta_qa_0347,16,-0.524043
cta_qa_0347,17,-32.250000
cta_qa_0347,18,-0.406024
cta_qa_0347,19,-0.438586
cta_qa_0347,20,-0.524043
cta_qa_0347,21,-0.524043
cta_qa_0347,22,-0.282146
cta_qa_0347,23,-33.250000
cta_qa_0347,24,-36.875000
cta_qa_0347,25,-0.494390
cta_qa_0347,26,-0.494390
cta_qa_0347,27,-0.494390
cta_qa_0347,28,-38.250000
cta_qa_0347,29,-0.378801
cta_qa_0347,30,-0.380258
cta_qa_0347,31,-0.501150
cta_qa_0347,32,-32.250000
cta_qa_0347,33,-0.524043
cta_qa_0347,34,-0.524043
cta_qa_0347,35,-0.524043
cta_qa_0347,36,-0.437315
cta_qa_0347,37,-0.437315
cta_qa_0347,38,-0.374814
cta_qa_0347,39,-36.000000
cta_qa_0347,40,-0.524043
cta_qa_0347,41,-32.250000
cta_qa_0347,42,-0.349615
cta_qa_0347,43,-0.524043
cta_qa_0347,44,-0.524043
cta_qa_0347,45,-0.524043
cta_qa_0347,46,-32.250000
cta_qa_0347,47,-0.441186
cta_qa_0347,48,-33.375000
cta_qa_0347,49,-0.408735
cta_qa_0347,50,-0.408733
cta_qa_0347,51,-0.381393
cta_qa_0347,52,-36.000000
cta_qa_0347,53,-0.437315
cta_qa_0347,54,-0.437315
cta_qa_0347,55,-0.437315
cta_qa_0347,56,-0.531055
cta_qa_0347,57,-0.410875
cta_qa_0347,58,-0.531055
cta_qa_0347,59,-35.625000
cta_qa_0347,60,-0.496795
cta_qa_0347,61,-0.496795
cta_qa_0347,62,-36.000000
cta_qa_0347,63,-0.496795
cta_qa_0348,0,-0.255780
cta_qa_0348,1,-37.812500
cta_qa_0348,2,-38.062500
cta_qa_0348,3,-37.812500
cta_qa_0348,4,-0.248845
cta_qa_0348,5,-0.248845
cta_qa_0348,6,-0.379738
cta_qa_0348,7,-38.812500
cta_qa_0348,8,-0.255780
cta_qa_0348,9,-0.378531
cta_qa_0348,10,-37.312500
cta_qa_0348,11,-0.250701
cta_qa_0348,12,-0.438519
cta_qa_0348,13,-38.187500
cta_qa_0348,14,-0.382447
cta_qa_0348,15,-0.255780
cta_qa_0348,16,-0.438654
cta_qa_0348,17,-0.410190
cta_qa_0348,18,-0.378983
cta_qa_0348,19,-36.500000
cta_qa_0348,20,-0.378531
cta_qa_0348,21,-0.349791
cta_qa_0348,22,-0.378531
cta_qa_0348,23,-38.187500
cta_qa_0348,24,-0.255780
cta_qa_0348,25,-38.187500
cta_qa_0348,26,-37.812500
cta_qa_0348,27,-0.438519
cta_qa_0348,28,-0.408345
cta_qa_0348,29,-38.812500
cta_qa_0348,30,-0.250750
cta_qa_0348,31,-0.248845
cta_qa_0348,32,-0.349791
cta_qa_0348,33,-0.255780
cta_qa_0348,34,-0.382447
cta_qa_0348,35,-37.500000
cta_qa_0348,36,-0.374797
cta_qa_0348,37,-0.407361
cta_qa_0348,38,-0.374806
cta_qa_0348,39,-35.750000
cta_qa_0348,40,-0.495690
cta_qa_0348,41,-0.495690
cta_qa_0348,42,-37.812500
cta_qa_0348,43,-0.378531
cta_qa_0348,44,-0.471326
cta_qa_0348,45,-0.439946
cta_qa_0348,46,-38.312500
cta_qa_0348,47,-0.462145
cta_qa_0348,48,-38.187500
cta_qa_0348,49,-0.381804
cta_qa_0348,50,-37.812500
cta_qa_0348,51,-37.312500
cta_qa_0348,52,-0.438519
cta_qa_0348,53,-37.812500
cta_qa_0348,54,-0.495690
cta_qa_0348,55,-0.255780
cta_qa_0348,56,-0.376016
cta_qa_0348,57,-37.812500
cta_qa_0348,58,-0.438519
cta_qa_0348,59,-0.255780
cta_qa_0348,60,-0.283274
cta_qa_0348,61,-0.432910
cta_qa_0348,62,-38.000000
cta_qa_0348,63,-38.000000
cta_qa_0349,0,-0.346275
cta_qa_0349,1,-0.346275
cta_qa_0349,2,-0.502399
cta_qa_0349,3,-38.437500
cta_qa_0349,4,-38.187500
cta_qa_0349,5,-37.312500
cta_qa_0349,6,-0.317056
cta_qa_0349,7,-37.312500
cta_qa_0349,8,-36.187500
cta_qa_0349,9,-0.248208
cta_qa_0349,10,-0.248208
cta_qa_0349,11,-0.248208
cta_qa_0349,12,-0.319383
cta_qa_0349,13,-0.434443
cta_qa_0349,14,-37.562500
cta_qa_0349,15,-0.319383
cta_qa_0349,16,-0.288461
cta_qa_0349,17,-37.000000
cta_qa_0349,18,-0.312275
cta_qa_0349,19,-0.223568
cta_qa_0349,20,-0.248208
cta_qa_0349,21,-0.248208
cta_qa_0349,22,-36.187500
cta_qa_0349,23,-0.248208
cta_qa_0349,24,-0.281059
cta_qa_0349,25,-0.281059
cta_qa_0349,26,-35.625000
cta_qa_0349,27,-0.281059
cta_qa_0349,28,-0.379046
cta_qa_0349,29,-38.062500
cta_qa_0349,30,-0.379046
cta_qa_0349,31,-0.379046
cta_qa_0349,32,-0.309608
cta_qa_0349,33,-0.344765
cta_qa_0349,34,-0.339840
cta_qa_0349,35,-37.187500
cta_qa_0349,36,-0.312275
cta_qa_0349,37,-36.875000
cta_qa_0349,38,-0.312275
cta_qa_0349,39,-0.312275
cta_qa_0349,40,-0.346275
cta_qa_0349,41,-38.125000
cta_qa_0349,42,-0.346275
cta_qa_0349,43,-0.149662
cta_qa_0349,44,-0.248208
cta_qa_0349,45,-36.187500
cta_qa_0349,46,-0.248179
cta_qa_0349,47,-36.187500
cta_qa_0349,48,-0.319383
cta_qa_0349,49,-0.319383
cta_qa_0349,50,-36.937500
cta_qa_0349,51,-0.319383
cta_qa_0349,52,-0.316540
cta_qa_0349,53,-0.316540
cta_qa_0349,54,-0.316540
cta_qa_0349,55,-37.937500
cta_qa_0349,56,-0.277138
cta_qa_0349,57,-0.309608
cta_qa_0349,58,-38.500000
cta_qa_0349,59,-0.309608
cta_qa_0349,60,-37.312500
cta_qa_0349,61,-37.312500
cta_qa_0349,62,-37.312500
cta_qa_0349,63,-37.312500
cta_qa_0350,0,-33.375000
cta_qa_0350,1,-33.375000
cta_qa_0350,2,-0.320195
cta_qa_0350,3,-0.323027
cta_qa_0350,4,-34.750000
cta_qa_0350,5,-0.252658
cta_qa_0350,6,-0.474957
cta_qa_0350,7,-0.252658
cta_qa_0350,8,-33.375000
cta_qa_0350,9,-33.375000
cta_qa_0350,10,-0.318743
cta_qa_0350,11,-0.318743
cta_qa_0350,12,-38.625000
cta_qa_0350,13,-0.383551
cta_qa_0350,14,-0.348421
cta_qa_0350,15,-0.285278
cta_qa_0350,16,-0.318114
cta_qa_0350,17,-0.318743
cta_qa_0350,18,-35.375000
cta_qa_0350,19,-33.375000
cta_qa_0350,20,-36.750000
cta_qa_0350,21,-0.375996
cta_qa_0350,22,-0.252658
cta_qa_0350,23,-0.501131
cta_qa_0350,24,-0.412370
cta_qa_0350,25,-33.375000
cta_qa_0350,26,-0.352152
cta_qa_0350,27,-0.443724
cta_qa_0350,28,-0.323541
cta_qa_0350,29,-0.318114
cta_qa_0350,30,-33.375000
cta_qa_0350,31,-0.318743
cta_qa_0350,32,-0.385149
cta_qa_0350,33,-33.375000
cta_qa_0350,34,-0.476299
cta_qa_0350,35,-0.501099
cta_qa_0350,36,-0.409697
cta_qa_0350,37,-38.875000
cta_qa_0350,38,-38.625000
cta_qa_0350,39,-38.625000
cta_qa_0350,40,-0.468508
cta_qa_0350,41,-38.625000
cta_qa_0350,42,-38.625000
cta_qa_0350,43,-39.000000
cta_qa_0350,44,-0.468508
cta_qa_0350,45,-38.625000
cta_qa_0350,46,-0.379663
cta_qa_0350,47,-0.380449
cta_qa_0350,48,-0.222666
cta_qa_0350,49,-0.409608
cta_qa_0350,50,-33.375000
cta_qa_0350,51,-0.317408
cta_qa_0350,52,-0.282537
cta_qa_0350,53,-0.348421
cta_qa_0350,54,-38.625000
cta_qa_0350,55,-38.625000
cta_qa_0350,56,-0.291216
cta_qa_0350,57,-0.318114
cta_qa_0350,58,-0.313870
cta_qa_0350,59,-33.375000
cta_qa_0350,60,-38.625000
cta_qa_0350,61,-0.382348
cta_qa_0350,62,-0.410203
cta_qa_0350,63,-38.625000
cta_qa_0351,0,-30.500000
cta_qa_0351,1,-0.499756
cta_qa_0351,2,-0.412533
cta_qa_0351,3,-0.499756
cta_qa_0351,4,-0.529510
cta_qa_0351,5,-0.445265
cta_qa_0351,6,-20.875000
cta_qa_0351,7,-0.445265
cta_qa_0351,8,-0.404653
cta_qa_0351,9,-0.404653
cta_qa_0351,10,-0.258017
cta_qa_0351,11,-36.812500
cta_qa_0351,12,-25.625000
cta_qa_0351,13,-25.625000
cta_qa_0351,14,-25.625000
cta_qa_0351,15,-25.625000
cta_qa_0351,16,-0.323864
cta_qa_0351,17,-0.347922
cta_qa_0351,18,-0.347922
cta_qa_0351,19,-35.750000
cta_qa_0351,20,-0.291686
cta_qa_0351,21,-0.347922
cta_qa_0351,22,-36.125000
cta_qa_0351,23,-0.347922
cta_qa_0351,24,-0.354773
cta_qa_0351,25,-0.380689
cta_qa_0351,26,-0.353453
cta_qa_0351,27,-36.125000
cta_qa_0351,28,-0.404653
cta_qa_0351,29,-36.812500
cta_qa_0351,30,-36.812500
cta_qa_0351,31,-0.404653
cta_qa_0351,32,-0.404653
cta_qa_0351,33,-36.812500
cta_qa_0351,34,-0.258017
cta_qa_0351,35,-0.258017
cta_qa_0351,36,-0.380689
cta_qa_0351,37,-36.125000
cta_qa_0351,38,-35.875000
cta_qa_0351,39,-0.380689
cta_qa_0351,40,-0.499756
cta_qa_0351,41,-30.500000
cta_qa_0351,42,-0.382638
cta_qa_0351,43,-0.499756
cta_qa_0351,44,-0.380689
cta_qa_0351,45,-0.380689
cta_qa_0351,46,-36.125000
cta_qa_0351,47,-0.380689
cta_qa_0351,48,-0.353464
cta_qa_0351,49,-36.562500
cta_qa_0351,50,-0.380689
cta_qa_0351,51,-0.383395
cta_qa_0351,52,-0.407436
cta_qa_0351,53,-36.562500
cta_qa_0351,54,-0.407436
cta_qa_0351,55,-0.407436
cta_qa_0351,56,-0.380689
cta_qa_0351,57,-0.380689
cta_qa_0351,58,-0.380689
cta_qa_0351,59,-36.125000
cta_qa_0351,60,-0.380689
cta_qa_0351,61,-0.380689
cta_qa_0351,62,-0.380689
cta_qa_0351,63,-36.562500
cta_qa_0352,0,-0.350548
cta_qa_0352,1,-38.500000
cta_qa_0352,2,-0.350548
cta_qa_0352,3,-38.125000
cta_qa_0352,4,-0.323275
cta_qa_0352,5,-33.750000
cta_qa_0352,6,-0.324374
cta_qa_0352,7,-0.384453
cta_qa_0352,8,-37.500000
cta_qa_0352,9,-0.323275
cta_qa_0352,10,-0.324374
cta_qa_0352,11,-0.323118
cta_qa_0352,12,-38.625000
cta_qa_0352,13,-0.438669
cta_qa_0352,14,-0.354325
cta_qa_0352,15,-0.438669
cta_qa_0352,16,-37.750000
cta_qa_0352,17,-37.750000
cta_qa_0352,18,-0.345827
cta_qa_0352,19,-0.345827
cta_qa_0352,20,-0.323275
cta_qa_0352,21,-0.384453
cta_qa_0352,22,-0.323275
cta_qa_0352,23,-37.500000
cta_qa_0352,24,-37.812500
cta_qa_0352,25,-37.812500
cta_qa_0352,26,-37.812500
cta_qa_0352,27,-37.812500
cta_qa_0352,28,-38.625000
cta_qa_0352,29,-0.308789
cta_qa_0352,30,-0.354325
cta_qa_0352,31,-0.354325
cta_qa_0352,32,-0.354325
cta_qa_0352,33,-38.375000
cta_qa_0352,34,-0.438669
cta_qa_0352,35,-0.354325
cta_qa_0352,36,-0.354325
cta_qa_0352,37,-0.438669
cta_qa_0352,38,-38.625000
cta_qa_0352,39,-0.438669
cta_qa_0352,40,-0.357245
cta_qa_0352,41,-0.356670
cta_qa_0352,42,-0.355953
cta_qa_0352,43,-36.250000
cta_qa_0352,44,-0.351996
cta_qa_0352,45,-38.000000
cta_qa_0352,46,-0.353894
cta_qa_0352,47,-0.262753
cta_qa_0352,48,-0.308789
cta_qa_0352,49,-0.354325
cta_qa_0352,50,-38.625000
cta_qa_0352,51,-38.625000
cta_qa_0352,52,-0.345827
cta_qa_0352,53,-37.750000
cta_qa_0352,54,-37.750000
cta_qa_0352,55,-37.750000
cta_qa_0352,56,-37.812500
cta_qa_0352,57,-37.812500
cta_qa_0352,58,-37.812500
cta_qa_0352,59,-37.812500
cta_qa_0352,60,-38.625000
cta_qa_0352,61,-0.354325
cta_qa_0352,62,-0.354325
cta_qa_0352,63,-0.354325
cta_qa_0353,0,-0.407422
cta_qa_0353,1,-37.375000
cta_qa_0353,2,-37.375000
cta_qa_0353,3,-0.407422
cta_qa_0353,4,-0.407422
cta_qa_0353,5,-37.375000
cta_qa_0353,6,-0.407422
cta_qa_0353,7,-37.375000
cta_qa_0353,8,-37.375000
cta_qa_0353,9,-0.407422
cta_qa_0353,10,-0.407422
cta_qa_0353,11,-37.375000
cta_qa_0353,12,-0.351927
cta_qa_0353,13,-0.351927
cta_qa_0353,14,-37.687500
cta_qa_0353,15,-0.351927
cta_qa_0353,16,-0.407422
cta_qa_0353,17,-37.375000
cta_qa_0353,18,-0.407422
cta_qa_0353,19,-37.375000
cta_qa_0353,20,-38.375000
cta_qa_0353,21,-37.437500
cta_qa_0353,22,-37.437500
cta_qa_0353,23,-37.437500
cta_qa_0353,24,-0.253522
cta_qa_0353,25,-37.937500
cta_qa_0353,26,-0.495584
cta_qa_0353,27,-0.495584
cta_qa_0353,28,-0.407422
cta_qa_0353,29,-0.407422
cta_qa_0353,30,-37.375000
cta_qa_0353,31,-0.407422
cta_qa_0353,32,-37.375000
cta_qa_0353,33,-37.375000
cta_qa_0353,34,-37.375000
cta_qa_0353,35,-0.407422
cta_qa_0353,36,-0.407422
cta_qa_0353,37,-37.375000
cta_qa_0353,38,-37.375000
cta_qa_0353,39,-0.407422
cta_qa_0353,40,-37.437500
cta_qa_0353,41,-37.437500
cta_qa_0353,42,-37.437500
cta_qa_0353,43,-37.437500
cta_qa_0353,44,-0.379033
cta_qa_0353,45,-36.812500
cta_qa_0353,46,-0.379033
cta_qa_0353,47,-0.346236
cta_qa_0353,48,-37.625000
cta_qa_0353,49,-0.380704
cta_qa_0353,50,-0.501162
cta_qa_0353,51,-0.384042
cta_qa_0353,52,-0.380685
cta_qa_0353,53,-35.875000
cta_qa_0353,54,-0.380685
cta_qa_0353,55,-0.380685
cta_qa_0353,56,-37.375000
cta_qa_0353,57,-37.375000
cta_qa_0353,58,-0.407422
cta_qa_0353,59,-0.407422
cta_qa_0353,60,-37.375000
cta_qa_0353,61,-0.407422
cta_qa_0353,62,-37.375000
cta_qa_0353,63,-37.375000
cta_qa_0354,0,-0.445914
cta_qa_0354,1,-0.352746
cta_qa_0354,2,-38.437500
cta_qa_0354,3,-38.437500
cta_qa_0354,4,-0.353065
cta_qa_0354,5,-0.286607
cta_qa_0354,6,-32.750000
cta_qa_0354,7,-0.414131
cta_qa_0354,8,-35.750000
cta_qa_0354,9,-0.385750
cta_qa_0354,10,-0.385736
cta_qa_0354,11,-0.350526
cta_qa_0354,12,-38.437500
cta_qa_0354,13,-0.353087
cta_qa_0354,14,-0.412278
cta_qa_0354,15,-0.471448
cta_qa_0354,16,-0.412278
cta_qa_0354,17,-0.445914
cta_qa_0354,18,-38.437500
cta_qa_0354,19,-0.414900
cta_qa_0354,20,-0.316463
cta_qa_0354,21,-0.410283
cta_qa_0354,22,-0.353612
cta_qa_0354,23,-38.250000
cta_qa_0354,24,-38.187500
cta_qa_0354,25,-0.284561
cta_qa_0354,26,-36.562500
cta_qa_0354,27,-38.437500
cta_qa_0354,28,-0.317707
cta_qa_0354,29,-38.562500
cta_qa_0354,30,-0.464227
cta_qa_0354,31,-0.282032
cta_qa_0354,32,-38.187500
cta_qa_0354,33,-38.187500
cta_qa_0354,34,-38.187500
cta_qa_0354,35,-0.315003
cta_qa_0354,36,-38.375000
cta_qa_0354,37,-0.349796
cta_qa_0354,38,-0.254232
cta_qa_0354,39,-0.352557
cta_qa_0354,40,-0.381600
cta_qa_0354,41,-34.625000
cta_qa_0354,42,-0.414732
cta_qa_0354,43,-0.414732
cta_qa_0354,44,-0.284448
cta_qa_0354,45,-0.313173
cta_qa_0354,46,-0.313173
cta_qa_0354,47,-36.437500
cta_qa_0354,48,-38.000000
cta_qa_0354,49,-0.351984
cta_qa_0354,50,-0.351747
cta_qa_0354,51,-0.319285
cta_qa_0354,52,-0.292653
cta_qa_0354,53,-36.750000
cta_qa_0354,54,-0.379559
cta_qa_0354,55,-0.255499
cta_qa_0354,56,-0.464227
cta_qa_0354,57,-38.000000
cta_qa_0354,58,-0.345962
cta_qa_0354,59,-0.350992
cta_qa_0354,60,-0.446157
cta_qa_0354,61,-38.125000
cta_qa_0354,62,-0.354178
cta_qa_0354,63,-0.386372
cta_qa_0355,0,-26.250000
cta_qa_0355,1,-26.250000
cta_qa_0355,2,-26.250000
cta_qa_0355,3,-26.250000
cta_qa_0355,4,-0.320400
cta_qa_0355,5,-37.437500
cta_qa_0355,6,-0.320400
cta_qa_0355,7,-0.386179
cta_qa_0355,8,-0.320728
cta_qa_0355,9,-38.250000
cta_qa_0355,10,-0.289001
cta_qa_0355,11,-0.376187
cta_qa_0355,12,-0.407501
cta_qa_0355,13,-0.375713
cta_qa_0355,14,-0.413675
cta_qa_0355,15,-37.437500
cta_qa_0355,16,-0.345254
cta_qa_0355,17,-0.441400
cta_qa_0355,18,-37.625000
cta_qa_0355,19,-0.348659
cta_qa_0355,20,-0.350123
cta_qa_0355,21,-0.348991
cta_qa_0355,22,-0.437240
cta_qa_0355,23,-38.000000
cta_qa_0355,24,-33.875000
cta_qa_0355,25,-0.380060
cta_qa_0355,26,-0.411978
cta_qa_0355,27,-0.445839
cta_qa_0355,28,-35.375000
cta_qa_0355,29,-0.376211
cta_qa_0355,30,-0.319563
cta_qa_0355,31,-0.376211
cta_qa_0355,32,-0.435778
cta_qa_0355,33,-0.435778
cta_qa_0355,34,-0.442532
cta_qa_0355,35,-34.250000
cta_qa_0355,36,-0.407501
cta_qa_0355,37,-0.407501
cta_qa_0355,38,-37.437500
cta_qa_0355,39,-0.256628
cta_qa_0355,40,-0.350123
cta_qa_0355,41,-31.375000
cta_qa_0355,42,-0.437240
cta_qa_0355,43,-0.383625
cta_qa_0355,44,-38.000000
cta_qa_0355,45,-0.437240
cta_qa_0355,46,-0.437240
cta_qa_0355,47,-0.437240
cta_qa_0355,48,-0.317292
cta_qa_0355,49,-0.375713
cta_qa_0355,50,-37.437500
cta_qa_0355,51,-37.437500
cta_qa_0355,52,-0.320838
cta_qa_0355,53,-0.350104
cta_qa_0355,54,-0.376187
cta_qa_0355,55,-38.562500
cta_qa_0355,56,-0.437240
cta_qa_0355,57,-0.352913
cta_qa_0355,58,-0.437240
cta_qa_0355,59,-38.000000
cta_qa_0355,60,-37.437500
cta_qa_0355,61,-0.467067
cta_qa_0355,62,-0.467067
cta_qa_0355,63,-0.467067
cta_qa_0356,0,-0.319291
cta_qa_0356,1,-0.346490
cta_qa_0356,2,-0.317933
cta_qa_0356,3,-37.125000
cta_qa_0356,4,-0.319291
cta_qa_0356,5,-37.125000
cta_qa_0356,6,-0.319291
cta_qa_0356,7,-0.319291
cta_qa_0356,8,-35.875000
cta_qa_0356,9,-0.400160
cta_qa_0356,10,-0.378988
cta_qa_0356,11,-0.378988
cta_qa_0356,12,-37.562500
cta_qa_0356,13,-37.562500
cta_qa_0356,14,-37.562500
cta_qa_0356,15,-37.562500
cta_qa_0356,16,-0.437287
cta_qa_0356,17,-0.437287
cta_qa_0356,18,-0.465481
cta_qa_0356,19,-35.125000
cta_qa_0356,20,-0.319404
cta_qa_0356,21,-0.319404
cta_qa_0356,22,-37.625000
cta_qa_0356,23,-0.319404
cta_qa_0356,24,-0.347902
cta_qa_0356,25,-0.347902
cta_qa_0356,26,-36.250000
cta_qa_0356,27,-0.529470
cta_qa_0356,28,-36.750000
cta_qa_0356,29,-0.468528
cta_qa_0356,30,-0.380347
cta_qa_0356,31,-0.380347
cta_qa_0356,32,-36.750000
cta_qa_0356,33,-0.468528
cta_qa_0356,34,-0.380347
cta_qa_0356,35,-0.380347
cta_qa_0356,36,-0.319404
cta_qa_0356,37,-0.319404
cta_qa_0356,38,-37.625000
cta_qa_0356,39,-0.443176
cta_qa_0356,40,-37.625000
cta_qa_0356,41,-0.319404
cta_qa_0356,42,-0.319404
cta_qa_0356,43,-0.319404
cta_qa_0356,44,-37.562500
cta_qa_0356,45,-37.562500
cta_qa_0356,46,-37.562500
cta_qa_0356,47,-37.562500
cta_qa_0356,48,-37.562500
cta_qa_0356,49,-0.188244
cta_qa_0356,50,-37.562500
cta_qa_0356,51,-37.562500
cta_qa_0356,52,-37.250000
cta_qa_0356,53,-0.378988
cta_qa_0356,54,-0.403302
cta_qa_0356,55,-0.378988
cta_qa_0356,56,-0.319404
cta_qa_0356,57,-37.625000
cta_qa_0356,58,-0.317860
cta_qa_0356,59,-0.319404
cta_qa_0356,60,-36.625000
cta_qa_0356,61,-0.256340
cta_qa_0356,62,-0.346397
cta_qa_0356,63,-0.347735
cta_qa_0357,0,-0.404433
cta_qa_0357,1,-37.062500
cta_qa_0357,2,-0.352670
cta_qa_0357,3,-0.385141
cta_qa_0357,4,-37.062500
cta_qa_0357,5,-37.062500
cta_qa_0357,6,-0.355960
cta_qa_0357,7,-0.322330
cta_qa_0357,8,-0.289495
cta_qa_0357,9,-36.000000
cta_qa_0357,10,-36.000000
cta_qa_0357,11,-36.125000
cta_qa_0357,12,-0.263485
cta_qa_0357,13,-0.230793
cta_qa_0357,14,-35.500000
cta_qa_0357,15,-0.345045
cta_qa_0357,16,-36.000000
cta_qa_0357,17,-0.345045
cta_qa_0357,18,-0.345045
cta_qa_0357,19,-0.345045
cta_qa_0357,20,-0.418454
cta_qa_0357,21,-0.499752
cta_qa_0357,22,-0.423671
cta_qa_0357,23,-34.250000
cta_qa_0357,24,-0.448528
cta_qa_0357,25,-35.250000
cta_qa_0357,26,-0.501310
cta_qa_0357,27,-0.452186
cta_qa_0357,28,-0.319114
cta_qa_0357,29,-35.875000
cta_qa_0357,30,-0.428442
cta_qa_0357,31,-0.428442
cta_qa_0357,32,-0.284768
cta_qa_0357,33,-0.403128
cta_qa_0357,34,-35.625000
cta_qa_0357,35,-0.403128
cta_qa_0357,36,-0.428442
cta_qa_0357,37,-0.428442
cta_qa_0357,38,-37.500000
cta_qa_0357,39,-0.428442
cta_qa_0357,40,-0.428442
cta_qa_0357,41,-0.321512
cta_qa_0357,42,-35.875000
cta_qa_0357,43,-0.319114
cta_qa_0357,44,-0.345045
cta_qa_0357,45,-0.345045
cta_qa_0357,46,-36.875000
cta_qa_0357,47,-0.345045
cta_qa_0357,48,-0.419154
cta_qa_0357,49,-0.448054
cta_qa_0357,50,-0.423671
cta_qa_0357,51,-34.250000
cta_qa_0357,52,-0.289495
cta_qa_0357,53,-0.292925
cta_qa_0357,54,-0.295588
cta_qa_0357,55,-36.000000
cta_qa_0357,56,-0.499752
cta_qa_0357,57,-0.418454
cta_qa_0357,58,-0.423671
cta_qa_0357,59,-33.875000
cta_qa_0357,60,-0.419154
cta_qa_0357,61,-0.499752
cta_qa_0357,62,-0.389703
cta_qa_0357,63,-34.250000
cta_qa_0358,0,-37.562500
cta_qa_0358,1,-0.469799
cta_qa_0358,2,-0.502329
cta_qa_0358,3,-0.469799
cta_qa_0358,4,-0.529655
cta_qa_0358,5,-31.625000
cta_qa_0358,6,-0.347777
cta_qa_0358,7,-31.625000
cta_qa_0358,8,-0.531021
cta_qa_0358,9,-35.000000
cta_qa_0358,10,-0.445746
cta_qa_0358,11,-0.442924
cta_qa_0358,12,-31.625000
cta_qa_0358,13,-0.347777
cta_qa_0358,14,-33.250000
cta_qa_0358,15,-31.625000
cta_qa_0358,16,-31.875000
cta_qa_0358,17,-31.875000
cta_qa_0358,18,-31.875000
cta_qa_0358,19,-31.875000
cta_qa_0358,20,-0.529655
cta_qa_0358,21,-31.625000
cta_qa_0358,22,-0.347777
cta_qa_0358,23,-31.625000
cta_qa_0358,24,-31.875000
cta_qa_0358,25,-31.875000
cta_qa_0358,26,-31.875000
cta_qa_0358,27,-31.875000
cta_qa_0358,28,-31.625000
cta_qa_0358,29,-37.000000
cta_qa_0358,30,-0.529655
cta_qa_0358,31,-0.347777
cta_qa_0358,32,-31.625000
cta_qa_0358,33,-37.062500
cta_qa_0358,34,-31.625000
cta_qa_0358,35,-0.347777
cta_qa_0358,36,-31.625000
cta_qa_0358,37,-0.529655
cta_qa_0358,38,-0.347777
cta_qa_0358,39,-0.529655
cta_qa_0358,40,-31.625000
cta_qa_0358,41,-31.625000
cta_qa_0358,42,-0.347777
cta_qa_0358,43,-31.625000
cta_qa_0358,44,-31.625000
cta_qa_0358,45,-0.529655
cta_qa_0358,46,-31.625000
cta_qa_0358,47,-0.529655
cta_qa_0358,48,-31.875000
cta_qa_0358,49,-31.875000
cta_qa_0358,50,-31.875000
cta_qa_0358,51,-31.875000
cta_qa_0358,52,-31.125000
cta_qa_0358,53,-31.875000
cta_qa_0358,54,-31.875000
cta_qa_0358,55,-31.875000
cta_qa_0358,56,-0.529655
cta_qa_0358,57,-31.625000
cta_qa_0358,58,-31.625000
cta_qa_0358,59,-31.625000
cta_qa_0358,60,-31.875000
cta_qa_0358,61,-31.875000
cta_qa_0358,62,-31.875000
cta_qa_0358,63,-31.875000
cta_qa_0359,0,-34.875000
cta_qa_0359,1,-34.875000
cta_qa_0359,2,-34.875000
cta_qa_0359,3,-0.409047
cta_qa_0359,4,-0.414031
cta_qa_0359,5,-29.125000
cta_qa_0359,6,-0.382953
cta_qa_0359,7,-29.125000
cta_qa_0359,8,-0.320413
cta_qa_0359,9,-0.320413
cta_qa_0359,10,-30.125000
cta_qa_0359,11,-0.407543
cta_qa_0359,12,-0.503386
cta_qa_0359,13,-29.125000
cta_qa_0359,14,-0.503386
cta_qa_0359,15,-29.125000
cta_qa_0359,16,-29.625000
cta_qa_0359,17,-29.125000
cta_qa_0359,18,-0.503386
cta_qa_0359,19,-0.414031
cta_qa_0359,20,-0.414031
cta_qa_0359,21,-29.125000
cta_qa_0359,22,-29.125000
cta_qa_0359,23,-29.125000
cta_qa_0359,24,-29.125000
cta_qa_0359,25,-0.435802
cta_qa_0359,26,-0.435802
cta_qa_0359,27,-29.125000
cta_qa_0359,28,-29.500000
cta_qa_0359,29,-29.500000
cta_qa_0359,30,-29.500000
cta_qa_0359,31,-29.500000
cta_qa_0359,32,-29.125000
cta_qa_0359,33,-0.411376
cta_qa_0359,34,-29.125000
cta_qa_0359,35,-29.625000
cta_qa_0359,36,-29.125000
cta_qa_0359,37,-0.464170
cta_qa_0359,38,-29.125000
cta_qa_0359,39,-0.435802
cta_qa_0359,40,-0.435802
cta_qa_0359,41,-0.435802
cta_qa_0359,42,-0.435802
cta_qa_0359,43,-29.125000
cta_qa_0359,44,-29.125000
cta_qa_0359,45,-0.443103
cta_qa_0359,46,-29.125000
cta_qa_0359,47,-0.382573
cta_qa_0359,48,-29.125000
cta_qa_0359,49,-0.503386
cta_qa_0359,50,-0.414031
cta_qa_0359,51,-0.382573
cta_qa_0359,52,-0.414031
cta_qa_0359,53,-0.443279
cta_qa_0359,54,-29.125000
cta_qa_0359,55,-0.374803
cta_qa_0359,56,-0.435802
cta_qa_0359,57,-0.414031
cta_qa_0359,58,-29.125000
cta_qa_0359,59,-0.435802
cta_qa_0359,60,-0.414031
cta_qa_0359,61,-29.125000
cta_qa_0359,62,-0.414031
cta_qa_0359,63,-29.125000
cta_qa_0360,0,-0.469735
cta_qa_0360,1,-35.750000
cta_qa_0360,2,-0.407273
cta_qa_0360,3,-0.469735
cta_qa_0360,4,-0.344851
cta_qa_0360,5,-35.625000
cta_qa_0360,6,-0.377493
cta_qa_0360,7,-0.344851
cta_qa_0360,8,-0.282143
cta_qa_0360,9,-35.875000
cta_qa_0360,10,-0.401601
cta_qa_0360,11,-0.284636
cta_qa_0360,12,-0.407488
cta_qa_0360,13,-0.376114
cta_qa_0360,14,-0.521560
cta_qa_0360,15,-36.875000
cta_qa_0360,16,-0.348866
cta_qa_0360,17,-0.348938
cta_qa_0360,18,-0.411217
cta_qa_0360,19,-37.625000
cta_qa_0360,20,-0.407231
cta_qa_0360,21,-0.318208
cta_qa_0360,22,-36.250000
cta_qa_0360,23,-0.436067
cta_qa_0360,24,-0.408526
cta_qa_0360,25,-33.375000
cta_qa_0360,26,-0.346222
cta_qa_0360,27,-0.408526
cta_qa_0360,28,-0.311516
cta_qa_0360,29,-0.312300
cta_qa_0360,30,-0.312300
cta_qa_0360,31,-37.500000
cta_qa_0360,32,-0.346233
cta_qa_0360,33,-37.625000
cta_qa_0360,34,-0.373376
cta_qa_0360,35,-0.346149
cta_qa_0360,36,-37.625000
cta_qa_0360,37,-0.348866
cta_qa_0360,38,-0.348642
cta_qa_0360,39,-0.348866
cta_qa_0360,40,-0.380506
cta_qa_0360,41,-0.344853
cta_qa_0360,42,-36.875000
cta_qa_0360,43,-0.347379
cta_qa_0360,44,-0.344779
cta_qa_0360,45,-0.407231
cta_qa_0360,46,-0.407231
cta_qa_0360,47,-36.250000
cta_qa_0360,48,-0.313484
cta_qa_0360,49,-35.875000
cta_qa_0360,50,-0.315831
cta_qa_0360,51,-0.282143
cta_qa_0360,52,-37.562500
cta_qa_0360,53,-37.562500
cta_qa_0360,54,-37.625000
cta_qa_0360,55,-37.625000
cta_qa_0360,56,-0.407231
cta_qa_0360,57,-0.436067
cta_qa_0360,58,-0.344779
cta_qa_0360,59,-36.250000
cta_qa_0360,60,-0.373637
cta_qa_0360,61,-39.000000
cta_qa_0360,62,-37.437500
cta_qa_0360,63,-37.437500
cta_qa_0361,0,-0.428739
cta_qa_0361,1,-0.280009
cta_qa_0361,2,-0.428739
cta_qa_0361,3,-37.812500
cta_qa_0361,4,-0.378753
cta_qa_0361,5,-0.438639
cta_qa_0361,6,-0.378753
cta_qa_0361,7,-35.750000
cta_qa_0361,8,-38.312500
cta_qa_0361,9,-0.186463
cta_qa_0361,10,-0.217807
cta_qa_0361,11,-0.399548
cta_qa_0361,12,-0.346205
cta_qa_0361,13,-0.344818
cta_qa_0361,14,-0.344818
cta_qa_0361,15,-37.937500
cta_qa_0361,16,-37.125000
cta_qa_0361,17,-0.317859
cta_qa_0361,18,-0.434530
cta_qa_0361,19,-0.317468
cta_qa_0361,20,-0.224818
cta_qa_0361,21,-0.312313
cta_qa_0361,22,-38.062500
cta_qa_0361,23,-0.284444
cta_qa_0361,24,-0.407202
cta_qa_0361,25,-0.495962
cta_qa_0361,26,-0.347974
cta_qa_0361,27,-38.812500
cta_qa_0361,28,-0.402133
cta_qa_0361,29,-37.812500
cta_qa_0361,30,-0.403526
cta_qa_0361,31,-0.374799
cta_qa_0361,32,-0.313491
cta_qa_0361,33,-37.875000
cta_qa_0361,34,-0.403597
cta_qa_0361,35,-0.403597
cta_qa_0361,36,-35.625000
cta_qa_0361,37,-0.378288
cta_qa_0361,38,-0.375903
cta_qa_0361,39,-0.495962
cta_qa_0361,40,-0.217807
cta_qa_0361,41,-0.217807
cta_qa_0361,42,-38.312500
cta_qa_0361,43,-0.399548
cta_qa_0361,44,-35.750000
cta_qa_0361,45,-0.495962
cta_qa_0361,46,-0.407202
cta_qa_0361,47,-0.407206
cta_qa_0361,48,-38.062500
cta_qa_0361,49,-37.875000
cta_qa_0361,50,-0.275174
cta_qa_0361,51,-38.000000
cta_qa_0361,52,-0.376093
cta_qa_0361,53,-0.464403
cta_qa_0361,54,-37.187500
cta_qa_0361,55,-0.376096
cta_qa_0361,56,-36.937500
cta_qa_0361,57,-0.314951
cta_qa_0361,58,-0.376093
cta_qa_0361,59,-0.316159
cta_qa_0361,60,-0.524247
cta_qa_0361,61,-32.000000
cta_qa_0361,62,-0.403632
cta_qa_0361,63,-0.467305
cta_qa_0362,0,-0.526628
cta_qa_0362,1,-0.526628
cta_qa_0362,2,-0.220831
cta_qa_0362,3,-34.875000
cta_qa_0362,4,-33.000000
cta_qa_0362,5,-0.247828
cta_qa_0362,6,-0.492769
cta_qa_0362,7,-0.377531
cta_qa_0362,8,-33.875000
cta_qa_0362,9,-0.492769
cta_qa_0362,10,-0.492769
cta_qa_0362,11,-0.437269
cta_qa_0362,12,-0.408754
cta_qa_0362,13,-32.625000
cta_qa_0362,14,-0.492769
cta_qa_0362,15,-0.492769
cta_qa_0362,16,-35.375000
cta_qa_0362,17,-0.498411
cta_qa_0362,18,-0.492769
cta_qa_0362,19,-0.321168
cta_qa_0362,20,-0.526628
cta_qa_0362,21,-0.380335
cta_qa_0362,22,-0.526628
cta_qa_0362,23,-34.625000
cta_qa_0362,24,-0.349704
cta_qa_0362,25,-38.500000
cta_qa_0362,26,-0.345640
cta_qa_0362,27,-0.473852
cta_qa_0362,28,-0.503330
cta_qa_0362,29,-38.500000
cta_qa_0362,30,-0.501254
cta_qa_0362,31,-0.501254
cta_qa_0362,32,-34.125000
cta_qa_0362,33,-35.375000
cta_qa_0362,34,-0.226807
cta_qa_0362,35,-0.414013
cta_qa_0362,36,-0.492769
cta_qa_0362,37,-32.625000
cta_qa_0362,38,-0.409999
cta_qa_0362,39,-0.492769
cta_qa_0362,40,-35.375000
cta_qa_0362,41,-0.497051
cta_qa_0362,42,-0.382133
cta_qa_0362,43,-0.319981
cta_qa_0362,44,-24.750000
cta_qa_0362,45,-24.750000
cta_qa_0362,46,-24.750000
cta_qa_0362,47,-24.750000
cta_qa_0362,48,-32.000000
cta_qa_0362,49,-0.255299
cta_qa_0362,50,-17.000000
cta_qa_0362,51,-0.284507
cta_qa_0362,52,-32.250000
cta_qa_0362,53,-0.442536
cta_qa_0362,54,-29.375000
cta_qa_0362,55,-0.522902
cta_qa_0362,56,-32.000000
cta_qa_0362,57,-0.376122
cta_qa_0362,58,-0.461213
cta_qa_0362,59,-0.251680
cta_qa_0362,60,-0.313153
cta_qa_0362,61,-0.439770
cta_qa_0362,62,-36.125000
cta_qa_0362,63,-0.495698
cta_qa_0363,0,-0.438575
cta_qa_0363,1,-37.750000
cta_qa_0363,2,-0.438575
cta_qa_0363,3,-0.409949
cta_qa_0363,4,-36.875000
cta_qa_0363,5,-36.875000
cta_qa_0363,6,-36.875000
cta_qa_0363,7,-36.875000
cta_qa_0363,8,-0.467257
cta_qa_0363,9,-0.377357
cta_qa_0363,10,-0.467257
cta_qa_0363,11,-36.812500
cta_qa_0363,12,-34.000000
cta_qa_0363,13,-36.812500
cta_qa_0363,14,-36.812500
cta_qa_0363,15,-0.437320
cta_qa_0363,16,-0.373222
cta_qa_0363,17,-37.000000
cta_qa_0363,18,-0.342818
cta_qa_0363,19,-0.471910
cta_qa_0363,20,-36.687500
cta_qa_0363,21,-36.812500
cta_qa_0363,22,-36.687500
cta_qa_0363,23,-0.437320
cta_qa_0363,24,-0.408373
cta_qa_0363,25,-0.442383
cta_qa_0363,26,-38.250000
cta_qa_0363,27,-0.441074
cta_qa_0363,28,-0.347387
cta_qa_0363,29,-0.344811
cta_qa_0363,30,-35.375000
cta_qa_0363,31,-0.349950
cta_qa_0363,32,-0.376101
cta_qa_0363,33,-14.875000
cta_qa_0363,34,-0.347439
cta_qa_0363,35,-0.346167
cta_qa_0363,36,-0.342818
cta_qa_0363,37,-35.750000
cta_qa_0363,38,-0.471910
cta_qa_0363,39,-0.342818
cta_qa_0363,40,-0.342818
cta_qa_0363,41,-38.375000
cta_qa_0363,42,-0.342818
cta_qa_0363,43,-0.405290
cta_qa_0363,44,-37.750000
cta_qa_0363,45,-0.377390
cta_qa_0363,46,-0.468556
cta_qa_0363,47,-0.410050
cta_qa_0363,48,-34.625000
cta_qa_0363,49,-0.411291
cta_qa_0363,50,-0.411291
cta_qa_0363,51,-0.442695
cta_qa_0363,52,-24.500000
cta_qa_0363,53,-0.438579
cta_qa_0363,54,-0.411291
cta_qa_0363,55,-0.411291
cta_qa_0363,56,-0.377669
cta_qa_0363,57,-0.377669
cta_qa_0363,58,-0.377669
cta_qa_0363,59,-34.500000
cta_qa_0363,60,-0.344811
cta_qa_0363,61,-37.312500
cta_qa_0363,62,-33.500000
cta_qa_0363,63,-0.344811
cta_qa_0364,0,-0.384851
cta_qa_0364,1,-0.352016
cta_qa_0364,2,-37.937500
cta_qa_0364,3,-0.468583
cta_qa_0364,4,-0.418090
cta_qa_0364,5,-0.416510
cta_qa_0364,6,-0.377176
cta_qa_0364,7,-38.062500
cta_qa_0364,8,-38.562500
cta_qa_0364,9,-0.415687
cta_qa_0364,10,-0.377234
cta_qa_0364,11,-0.437318
cta_qa_0364,12,-38.187500
cta_qa_0364,13,-0.412119
cta_qa_0364,14,-38.375000
cta_qa_0364,15,-0.384712
cta_qa_0364,16,-0.355755
cta_qa_0364,17,-38.375000
cta_qa_0364,18,-0.354478
cta_qa_0364,19,-0.349504
cta_qa_0364,20,-0.384692
cta_qa_0364,21,-0.383265
cta_qa_0364,22,-38.750000
cta_qa_0364,23,-0.352094
cta_qa_0364,24,-38.687500
cta_qa_0364,25,-0.324532
cta_qa_0364,26,-0.291786
cta_qa_0364,27,-0.324523
cta_qa_0364,28,-38.375000
cta_qa_0364,29,-0.412215
cta_qa_0364,30,-0.350895
cta_qa_0364,31,-0.414416
cta_qa_0364,32,-0.352285
cta_qa_0364,33,-0.413163
cta_qa_0364,34,-0.384562
cta_qa_0364,35,-38.500000
cta_qa_0364,36,-0.321937
cta_qa_0364,37,-0.385550
cta_qa_0364,38,-0.380674
cta_qa_0364,39,-38.437500
cta_qa_0364,40,-0.321665
cta_qa_0364,41,-38.250000
cta_qa_0364,42,-0.375553
cta_qa_0364,43,-0.325644
cta_qa_0364,44,-38.312500
cta_qa_0364,45,-38.250000
cta_qa_0364,46,-0.383135
cta_qa_0364,47,-38.250000
cta_qa_0364,48,-0.354294
cta_qa_0364,49,-0.290103
cta_qa_0364,50,-38.375000
cta_qa_0364,51,-0.323990
cta_qa_0364,52,-38.437500
cta_qa_0364,53,-0.416809
cta_qa_0364,54,-0.327217
cta_qa_0364,55,-0.324184
cta_qa_0364,56,-0.355256
cta_qa_0364,57,-38.312500
cta_qa_0364,58,-0.385561
cta_qa_0364,59,-0.355587
cta_qa_0364,60,-0.379969
cta_qa_0364,61,-38.187500
cta_qa_0364,62,-0.378914
cta_qa_0364,63,-38.250000
cta_qa_0365,0,-38.937500
cta_qa_0365,1,-0.224695
cta_qa_0365,2,-37.812500
cta_qa_0365,3,-0.260246
cta_qa_0365,4,-0.159856
cta_qa_0365,5,-38.500000
cta_qa_0365,6,-0.252218
cta_qa_0365,7,-0.259273
cta_qa_0365,8,-0.192941
cta_qa_0365,9,-0.291046
cta_qa_0365,10,-38.812500
cta_qa_0365,11,-0.288572
cta_qa_0365,12,-0.321010
cta_qa_0365,13,-0.255854
cta_qa_0365,14,-38.375000
cta_qa_0365,15,-0.252246
cta_qa_0365,16,-0.189570
cta_qa_0365,17,-36.812500
cta_qa_0365,18,-0.254661
cta_qa_0365,19,-0.223065
cta_qa_0365,20,-38.312500
cta_qa_0365,21,-38.625000
cta_qa_0365,22,-0.284824
cta_qa_0365,23,-0.224885
cta_qa_0365,24,-38.875000
cta_qa_0365,25,-38.875000
cta_qa_0365,26,-0.256409
cta_qa_0365,27,-38.187500
cta_qa_0365,28,-38.687500
cta_qa_0365,29,-38.812500
cta_qa_0365,30,-0.196437
cta_qa_0365,31,-0.135719
cta_qa_0365,32,-0.230240
cta_qa_0365,33,-38.375000
cta_qa_0365,34,-0.289275
cta_qa_0365,35,-0.193018
cta_qa_0365,36,-0.222574
cta_qa_0365,37,-0.252213
cta_qa_0365,38,-38.562500
cta_qa_0365,39,-0.319027
cta_qa_0365,40,-0.256501
cta_qa_0365,41,-38.437500
cta_qa_0365,42,-0.197299
cta_qa_0365,43,-38.687500
cta_qa_0365,44,-0.194942
cta_qa_0365,45,-36.875000
cta_qa_0365,46,-0.128548
cta_qa_0365,47,-0.219277
cta_qa_0365,48,-0.258519
cta_qa_0365,49,-0.220862
cta_qa_0365,50,-39.062500
cta_qa_0365,51,-0.286046
cta_qa_0365,52,-0.291241
cta_qa_0365,53,-0.318089
cta_qa_0365,54,-0.320767
cta_qa_0365,55,-38.187500
cta_qa_0365,56,-0.321420
cta_qa_0365,57,-38.375000
cta_qa_0365,58,-0.254521
cta_qa_0365,59,-38.312500
cta_qa_0365,60,-37.687500
cta_qa_0365,61,-0.188098
cta_qa_0365,62,-36.937500
cta_qa_0365,63,-0.290409
cta_qa_0366,0,-31.625000
cta_qa_0366,1,-0.261209
cta_qa_0366,2,-0.261209
cta_qa_0366,3,-0.325418
cta_qa_0366,4,-34.750000
cta_qa_0366,5,-0.355601
cta_qa_0366,6,-0.293637
cta_qa_0366,7,-34.750000
cta_qa_0366,8,-37.187500
cta_qa_0366,9,-0.352040
cta_qa_0366,10,-0.325081
cta_qa_0366,11,-0.192326
cta_qa_0366,12,-0.324870
cta_qa_0366,13,-36.437500
cta_qa_0366,14,-0.381379
cta_qa_0366,15,-0.322487
cta_qa_0366,16,-0.408575
cta_qa_0366,17,-0.319531
cta_qa_0366,18,-0.352388
cta_qa_0366,19,-37.375000
cta_qa_0366,20,-0.351085
cta_qa_0366,21,-0.355597
cta_qa_0366,22,-0.417593
cta_qa_0366,23,-34.750000
cta_qa_0366,24,-31.625000
cta_qa_0366,25,-0.261209
cta_qa_0366,26,-0.351420
cta_qa_0366,27,-0.257451
cta_qa_0366,28,-0.469859
cta_qa_0366,29,-0.350980
cta_qa_0366,30,-34.750000
cta_qa_0366,31,-0.383782
cta_qa_0366,32,-0.440287
cta_qa_0366,33,-34.500000
cta_qa_0366,34,-34.500000
cta_qa_0366,35,-0.440287
cta_qa_0366,36,-0.325081
cta_qa_0366,37,-0.288484
cta_qa_0366,38,-0.325081
cta_qa_0366,39,-37.375000
cta_qa_0366,40,-0.129493
cta_qa_0366,41,-0.406054
cta_qa_0366,42,-36.125000
cta_qa_0366,43,-0.197186
cta_qa_0366,44,-0.197186
cta_qa_0366,45,-36.125000
cta_qa_0366,46,-0.406054
cta_qa_0366,47,-0.197186
cta_qa_0366,48,-0.353983
cta_qa_0366,49,-0.440287
cta_qa_0366,50,-34.500000
cta_qa_0366,51,-0.354059
cta_qa_0366,52,-0.259866
cta_qa_0366,53,-0.197186
cta_qa_0366,54,-0.259866
cta_qa_0366,55,-36.125000
cta_qa_0366,56,-0.325081
cta_qa_0366,57,-0.408575
cta_qa_0366,58,-0.353460
cta_qa_0366,59,-36.812500
cta_qa_0366,60,-0.440287
cta_qa_0366,61,-0.223811
cta_qa_0366,62,-0.292307
cta_qa_0366,63,-34.500000
cta_qa_0367,0,-36.687500
cta_qa_0367,1,-0.377492
cta_qa_0367,2,-0.377348
cta_qa_0367,3,-0.377492
cta_qa_0367,4,-35.125000
cta_qa_0367,5,-35.125000
cta_qa_0367,6,-35.125000
cta_qa_0367,7,-35.125000
cta_qa_0367,8,-0.406111
cta_qa_0367,9,-35.000000
cta_qa_0367,10,-35.875000
cta_qa_0367,11,-35.000000
cta_qa_0367,12,-35.125000
cta_qa_0367,13,-35.125000
cta_qa_0367,14,-35.125000
cta_qa_0367,15,-35.125000
cta_qa_0367,16,-35.125000
cta_qa_0367,17,-35.125000
cta_qa_0367,18,-35.125000
cta_qa_0367,19,-35.125000
cta_qa_0367,20,-35.125000
cta_qa_0367,21,-35.125000
cta_qa_0367,22,-35.125000
cta_qa_0367,23,-35.125000
cta_qa_0367,24,-35.000000
cta_qa_0367,25,-0.406111
cta_qa_0367,26,-35.000000
cta_qa_0367,27,-35.000000
cta_qa_0367,28,-0.406111
cta_qa_0367,29,-35.000000
cta_qa_0367,30,-35.625000
cta_qa_0367,31,-35.000000
cta_qa_0367,32,-35.125000
cta_qa_0367,33,-35.125000
cta_qa_0367,34,-35.125000
cta_qa_0367,35,-35.125000
cta_qa_0367,36,-35.000000
cta_qa_0367,37,-35.000000
cta_qa_0367,38,-0.528779
cta_qa_0367,39,-35.625000
cta_qa_0367,40,-35.125000
cta_qa_0367,41,-35.125000
cta_qa_0367,42,-35.125000
cta_qa_0367,43,-35.125000
cta_qa_0367,44,-35.125000
cta_qa_0367,45,-35.125000
cta_qa_0367,46,-35.125000
cta_qa_0367,47,-35.125000
cta_qa_0367,48,-35.000000
cta_qa_0367,49,-35.000000
cta_qa_0367,50,-35.000000
cta_qa_0367,51,-0.528779
cta_qa_0367,52,-35.125000
cta_qa_0367,53,-35.125000
cta_qa_0367,54,-35.125000
cta_qa_0367,55,-35.125000
cta_qa_0367,56,-35.125000
cta_qa_0367,57,-35.125000
cta_qa_0367,58,-35.125000
cta_qa_0367,59,-35.125000
cta_qa_0367,60,-35.000000
cta_qa_0367,61,-0.528276
cta_qa_0367,62,-35.000000
cta_qa_0367,63,-35.000000
cta_qa_0368,0,-37.312500
cta_qa_0368,1,-0.227162
cta_qa_0368,2,-0.227162
cta_qa_0368,3,-0.227162
cta_qa_0368,4,-37.312500
cta_qa_0368,5,-0.347254
cta_qa_0368,6,-37.312500
cta_qa_0368,7,-0.347254
cta_qa_0368,8,-0.347254
cta_qa_0368,9,-37.312500
cta_qa_0368,10,-37.312500
cta_qa_0368,11,-0.347254
cta_qa_0368,12,-37.187500
cta_qa_0368,13,-37.187500
cta_qa_0368,14,-37.187500
cta_qa_0368,15,-37.187500
cta_qa_0368,16,-37.312500
cta_qa_0368,17,-0.347254
cta_qa_0368,18,-37.937500
cta_qa_0368,19,-37.312500
cta_qa_0368,20,-0.347254
cta_qa_0368,21,-0.347254
cta_qa_0368,22,-37.312500
cta_qa_0368,23,-0.347254
cta_qa_0368,24,-0.254844
cta_qa_0368,25,-0.288518
cta_qa_0368,26,-37.937500
cta_qa_0368,27,-0.288518
cta_qa_0368,28,-37.937500
cta_qa_0368,29,-0.347254
cta_qa_0368,30,-37.312500
cta_qa_0368,31,-0.347254
cta_qa_0368,32,-0.349770
cta_qa_0368,33,-0.349770
cta_qa_0368,34,-37.062500
cta_qa_0368,35,-0.349770
cta_qa_0368,36,-37.187500
cta_qa_0368,37,-37.187500
cta_qa_0368,38,-37.187500
cta_qa_0368,39,-37.187500
cta_qa_0368,40,-0.347254
cta_qa_0368,41,-37.312500
cta_qa_0368,42,-37.312500
cta_qa_0368,43,-0.347254
cta_qa_0368,44,-0.347254
cta_qa_0368,45,-37.187500
cta_qa_0368,46,-37.312500
cta_qa_0368,47,-0.347254
cta_qa_0368,48,-37.312500
cta_qa_0368,49,-0.347254
cta_qa_0368,50,-37.312500
cta_qa_0368,51,-37.312500
cta_qa_0368,52,-37.187500
cta_qa_0368,53,-37.500000
cta_qa_0368,54,-37.187500
cta_qa_0368,55,-37.187500
cta_qa_0368,56,-37.312500
cta_qa_0368,57,-0.347254
cta_qa_0368,58,-37.937500
cta_qa_0368,59,-0.347254
cta_qa_0368,60,-38.000000
cta_qa_0368,61,-37.187500
cta_qa_0368,62,-37.187500
cta_qa_0368,63,-37.187500
cta_qa_0369,0,-36.250000
cta_qa_0369,1,-0.409745
cta_qa_0369,2,-0.409745
cta_qa_0369,3,-0.311466
cta_qa_0369,4,-36.250000
cta_qa_0369,5,-36.250000
cta_qa_0369,6,-0.409745
cta_qa_0369,7,-0.409745
cta_qa_0369,8,-0.409745
cta_qa_0369,9,-36.250000
cta_qa_0369,10,-0.409745
cta_qa_0369,11,-0.409745
cta_qa_0369,12,-37.500000
cta_qa_0369,13,-37.500000
cta_qa_0369,14,-37.500000
cta_qa_0369,15,-37.500000
cta_qa_0369,16,-36.250000
cta_qa_0369,17,-0.409745
cta_qa_0369,18,-0.409745
cta_qa_0369,19,-0.409745
cta_qa_0369,20,-0.409745
cta_qa_0369,21,-36.250000
cta_qa_0369,22,-0.409745
cta_qa_0369,23,-36.250000
cta_qa_0369,24,-0.409745
cta_qa_0369,25,-0.409745
cta_qa_0369,26,-36.250000
cta_qa_0369,27,-0.409745
cta_qa_0369,28,-0.352006
cta_qa_0369,29,-36.500000
cta_qa_0369,30,-0.352006
cta_qa_0369,31,-0.440367
cta_qa_0369,32,-0.313971
cta_qa_0369,33,-0.313971
cta_qa_0369,34,-0.313971
cta_qa_0369,35,-36.625000
cta_qa_0369,36,-0.313971
cta_qa_0369,37,-36.937500
cta_qa_0369,38,-0.313971
cta_qa_0369,39,-0.313971
cta_qa_0369,40,-37.500000
cta_qa_0369,41,-37.500000
cta_qa_0369,42,-37.500000
cta_qa_0369,43,-37.500000
cta_qa_0369,44,-0.440367
cta_qa_0369,45,-0.352006
cta_qa_0369,46,-0.352006
cta_qa_0369,47,-36.250000
cta_qa_0369,48,-37.500000
cta_qa_0369,49,-37.500000
cta_qa_0369,50,-37.500000
cta_qa_0369,51,-37.500000
cta_qa_0369,52,-0.409745
cta_qa_0369,53,-0.409745
cta_qa_0369,54,-36.250000
cta_qa_0369,55,-36.250000
cta_qa_0369,56,-0.409745
cta_qa_0369,57,-36.250000
cta_qa_0369,58,-0.409745
cta_qa_0369,59,-0.409745
cta_qa_0369,60,-36.250000
cta_qa_0369,61,-0.409745
cta_qa_0369,62,-0.409745
cta_qa_0369,63,-0.462812
cta_qa_0370,0,-36.000000
cta_qa_0370,1,-0.560974
cta_qa_0370,2,-36.000000
cta_qa_0370,3,-0.560974
cta_qa_0370,4,-36.625000
cta_qa_0370,5,-36.625000
cta_qa_0370,6,-36.625000
cta_qa_0370,7,-36.625000
cta_qa_0370,8,-0.438206
cta_qa_0370,9,-0.560974
cta_qa_0370,10,-36.000000
cta_qa_0370,11,-0.438206
cta_qa_0370,12,-36.000000
cta_qa_0370,13,-36.000000
cta_qa_0370,14,-36.000000
cta_qa_0370,15,-0.438206
cta_qa_0370,16,-36.000000
cta_qa_0370,17,-0.560974
cta_qa_0370,18,-36.000000
cta_qa_0370,19,-36.000000
cta_qa_0370,20,-36.000000
cta_qa_0370,21,-0.438206
cta_qa_0370,22,-36.000000
cta_qa_0370,23,-36.000000
cta_qa_0370,24,-34.125000
cta_qa_0370,25,-0.414788
cta_qa_0370,26,-0.414788
cta_qa_0370,27,-0.414788
cta_qa_0370,28,-36.000000
cta_qa_0370,29,-36.000000
cta_qa_0370,30,-36.000000
cta_qa_0370,31,-0.438206
cta_qa_0370,32,-36.000000
cta_qa_0370,33,-0.438206
cta_qa_0370,34,-36.000000
cta_qa_0370,35,-36.000000
cta_qa_0370,36,-36.000000
cta_qa_0370,37,-36.000000
cta_qa_0370,38,-36.000000
cta_qa_0370,39,-0.438206
cta_qa_0370,40,-36.000000
cta_qa_0370,41,-36.000000
cta_qa_0370,42,-36.000000
cta_qa_0370,43,-0.560974
cta_qa_0370,44,-0.473792
cta_qa_0370,45,-0.651769
cta_qa_0370,46,-0.473792
cta_qa_0370,47,-35.250000
cta_qa_0370,48,-36.000000
cta_qa_0370,49,-36.000000
cta_qa_0370,50,-0.560974
cta_qa_0370,51,-0.438206
cta_qa_0370,52,-36.625000
cta_qa_0370,53,-36.625000
cta_qa_0370,54,-36.125000
cta_qa_0370,55,-36.625000
cta_qa_0370,56,-36.000000
cta_qa_0370,57,-0.438206
cta_qa_0370,58,-36.000000
cta_qa_0370,59,-36.000000
cta_qa_0370,60,-36.625000
cta_qa_0370,61,-36.625000
cta_qa_0370,62,-36.625000
cta_qa_0370,63,-36.625000
cta_qa_0371,0,-0.346262
cta_qa_0371,1,-38.625000
cta_qa_0371,2,-0.346262
cta_qa_0371,3,-0.346262
cta_qa_0371,4,-0.346262
cta_qa_0371,5,-0.346262
cta_qa_0371,6,-0.346262
cta_qa_0371,7,-38.625000
cta_qa_0371,8,-24.500000
cta_qa_0371,9,-24.500000
cta_qa_0371,10,-24.500000
cta_qa_0371,11,-24.500000
cta_qa_0371,12,-38.500000
cta_qa_0371,13,-0.406055
cta_qa_0371,14,-38.500000
cta_qa_0371,15,-38.500000
cta_qa_0371,16,-38.500000
cta_qa_0371,17,-0.406055
cta_qa_0371,18,-0.406055
cta_qa_0371,19,-0.406055
cta_qa_0371,20,-24.500000
cta_qa_0371,21,-24.500000
cta_qa_0371,22,-24.500000
cta_qa_0371,23,-24.500000
cta_qa_0371,24,-38.625000
cta_qa_0371,25,-0.346262
cta_qa_0371,26,-0.346262
cta_qa_0371,27,-0.346262
cta_qa_0371,28,-38.500000
cta_qa_0371,29,-0.289046
cta_qa_0371,30,-0.406055
cta_qa_0371,31,-0.406055
cta_qa_0371,32,-0.406055
cta_qa_0371,33,-0.406055
cta_qa_0371,34,-38.500000
cta_qa_0371,35,-0.348969
cta_qa_0371,36,-0.314717
cta_qa_0371,37,-0.314717
cta_qa_0371,38,-36.250000
cta_qa_0371,39,-0.314717
cta_qa_0371,40,-0.376283
cta_qa_0371,41,-36.687500
cta_qa_0371,42,-0.317376
cta_qa_0371,43,-0.318973
cta_qa_0371,44,-0.317376
cta_qa_0371,45,-38.750000
cta_qa_0371,46,-0.376283
cta_qa_0371,47,-0.290429
cta_qa_0371,48,-0.406055
cta_qa_0371,49,-38.500000
cta_qa_0371,50,-0.406055
cta_qa_0371,51,-0.406055
cta_qa_0371,52,-24.500000
cta_qa_0371,53,-24.500000
cta_qa_0371,54,-24.500000
cta_qa_0371,55,-24.500000
cta_qa_0371,56,-0.351029
cta_qa_0371,57,-0.406055
cta_qa_0371,58,-38.500000
cta_qa_0371,59,-0.406055
cta_qa_0371,60,-0.345674
cta_qa_0371,61,-38.500000
cta_qa_0371,62,-0.345674
cta_qa_0371,63,-0.406055
cta_qa_0372,0,-0.414051
cta_qa_0372,1,-0.438615
cta_qa_0372,2,-37.500000
cta_qa_0372,3,-0.381723
cta_qa_0372,4,-0.350416
cta_qa_0372,5,-0.350130
cta_qa_0372,6,-0.350130
cta_qa_0372,7,-38.000000
cta_qa_0372,8,-37.125000
cta_qa_0372,9,-0.502676
cta_qa_0372,10,-0.350130
cta_qa_0372,11,-0.502676
cta_qa_0372,12,-0.415148
cta_qa_0372,13,-0.532454
cta_qa_0372,14,-38.875000
cta_qa_0372,15,-0.415148
cta_qa_0372,16,-0.411783
cta_qa_0372,17,-37.687500
cta_qa_0372,18,-0.471209
cta_qa_0372,19,-0.411783
cta_qa_0372,20,-0.411783
cta_qa_0372,21,-37.687500
cta_qa_0372,22,-0.411783
cta_qa_0372,23,-0.411783
cta_qa_0372,24,-0.409092
cta_qa_0372,25,-37.250000
cta_qa_0372,26,-0.383499
cta_qa_0372,27,-0.380044
cta_qa_0372,28,-0.471209
cta_qa_0372,29,-0.471209
cta_qa_0372,30,-0.471209
cta_qa_0372,31,-37.687500
cta_qa_0372,32,-34.937500
cta_qa_0372,33,-0.442607
cta_qa_0372,34,-0.470094
cta_qa_0372,35,-0.417149
cta_qa_0372,36,-0.442134
cta_qa_0372,37,-0.440133
cta_qa_0372,38,-37.562500
cta_qa_0372,39,-0.440133
cta_qa_0372,40,-38.000000
cta_qa_0372,41,-0.355597
cta_qa_0372,42,-0.355597
cta_qa_0372,43,-0.351391
cta_qa_0372,44,-0.412539
cta_qa_0372,45,-0.355604
cta_qa_0372,46,-0.354193
cta_qa_0372,47,-37.250000
cta_qa_0372,48,-0.471209
cta_qa_0372,49,-0.411783
cta_qa_0372,50,-37.687500
cta_qa_0372,51,-0.411783
cta_qa_0372,52,-0.471209
cta_qa_0372,53,-37.687500
cta_qa_0372,54,-0.318396
cta_qa_0372,55,-0.383726
cta_qa_0372,56,-0.383499
cta_qa_0372,57,-0.412573
cta_qa_0372,58,-0.347594
cta_qa_0372,59,-37.250000
cta_qa_0372,60,-37.625000
cta_qa_0372,61,-0.498312
cta_qa_0372,62,-0.498312
cta_qa_0372,63,-0.445387
cta_qa_0373,0,-37.812500
cta_qa_0373,1,-37.812500
cta_qa_0373,2,-37.812500
cta_qa_0373,3,-37.812500
cta_qa_0373,4,-37.812500
cta_qa_0373,5,-37.812500
cta_qa_0373,6,-37.812500
cta_qa_0373,7,-37.812500
cta_qa_0373,8,-37.812500
cta_qa_0373,9,-37.812500
cta_qa_0373,10,-37.812500
cta_qa_0373,11,-37.812500
cta_qa_0373,12,-37.812500
cta_qa_0373,13,-37.812500
cta_qa_0373,14,-37.812500
cta_qa_0373,15,-37.812500
cta_qa_0373,16,-37.812500
cta_qa_0373,17,-37.812500
cta_qa_0373,18,-37.812500
cta_qa_0373,19,-37.812500
cta_qa_0373,20,-37.750000
cta_qa_0373,21,-37.750000
cta_qa_0373,22,-0.315418
cta_qa_0373,23,-37.750000
cta_qa_0373,24,-37.812500
cta_qa_0373,25,-37.812500
cta_qa_0373,26,-37.812500
cta_qa_0373,27,-37.812500
cta_qa_0373,28,-37.812500
cta_qa_0373,29,-37.812500
cta_qa_0373,30,-37.812500
cta_qa_0373,31,-37.812500
cta_qa_0373,32,-37.750000
cta_qa_0373,33,-37.750000
cta_qa_0373,34,-0.443476
cta_qa_0373,35,-37.750000
cta_qa_0373,36,-37.812500
cta_qa_0373,37,-37.812500
cta_qa_0373,38,-37.812500
cta_qa_0373,39,-37.812500
cta_qa_0373,40,-0.387073
cta_qa_0373,41,-0.387073
cta_qa_0373,42,-0.387073
cta_qa_0373,43,-36.500000
cta_qa_0373,44,-37.812500
cta_qa_0373,45,-37.812500
cta_qa_0373,46,-37.812500
cta_qa_0373,47,-37.812500
cta_qa_0373,48,-37.812500
cta_qa_0373,49,-37.812500
cta_qa_0373,50,-37.812500
cta_qa_0373,51,-37.812500
cta_qa_0373,52,-37.812500
cta_qa_0373,53,-37.812500
cta_qa_0373,54,-37.812500
cta_qa_0373,55,-37.812500
cta_qa_0373,56,-37.812500
cta_qa_0373,57,-37.812500
cta_qa_0373,58,-37.812500
cta_qa_0373,59,-37.812500
cta_qa_0373,60,-37.812500
cta_qa_0373,61,-37.812500
cta_qa_0373,62,-37.812500
cta_qa_0373,63,-37.812500
cta_qa_0374,0,-36.750000
cta_qa_0374,1,-36.750000
cta_qa_0374,2,-36.750000
cta_qa_0374,3,-36.750000
cta_qa_0374,4,-0.254506
cta_qa_0374,5,-0.254506
cta_qa_0374,6,-36.875000
cta_qa_0374,7,-0.254506
cta_qa_0374,8,-36.750000
cta_qa_0374,9,-36.750000
cta_qa_0374,10,-36.750000
cta_qa_0374,11,-36.750000
cta_qa_0374,12,-36.750000
cta_qa_0374,13,-36.750000
cta_qa_0374,14,-36.750000
cta_qa_0374,15,-36.750000
cta_qa_0374,16,-36.750000
cta_qa_0374,17,-36.750000
cta_qa_0374,18,-36.750000
cta_qa_0374,19,-36.750000
cta_qa_0374,20,-37.375000
cta_qa_0374,21,-0.254506
cta_qa_0374,22,-0.254506
cta_qa_0374,23,-0.254506
cta_qa_0374,24,-36.750000
cta_qa_0374,25,-36.750000
cta_qa_0374,26,-36.750000
cta_qa_0374,27,-36.750000
cta_qa_0374,28,-36.750000
cta_qa_0374,29,-36.750000
cta_qa_0374,30,-36.750000
cta_qa_0374,31,-36.750000
cta_qa_0374,32,-36.750000
cta_qa_0374,33,-36.750000
cta_qa_0374,34,-36.750000
cta_qa_0374,35,-36.750000
cta_qa_0374,36,-36.750000
cta_qa_0374,37,-36.750000
cta_qa_0374,38,-36.750000
cta_qa_0374,39,-36.750000
cta_qa_0374,40,-36.750000
cta_qa_0374,41,-36.750000
cta_qa_0374,42,-36.750000
cta_qa_0374,43,-36.750000
cta_qa_0374,44,-36.750000
cta_qa_0374,45,-36.750000
cta_qa_0374,46,-36.750000
cta_qa_0374,47,-36.750000
cta_qa_0374,48,-36.750000
cta_qa_0374,49,-36.750000
cta_qa_0374,50,-36.750000
cta_qa_0374,51,-36.750000
cta_qa_0374,52,-36.750000
cta_qa_0374,53,-36.750000
cta_qa_0374,54,-36.750000
cta_qa_0374,55,-36.750000
cta_qa_0374,56,-36.750000
cta_qa_0374,57,-36.750000
cta_qa_0374,58,-36.750000
cta_qa_0374,59,-36.750000
cta_qa_0374,60,-36.750000
cta_qa_0374,61,-36.750000
cta_qa_0374,62,-36.750000
cta_qa_0374,63,-36.750000
cta_qa_0375,0,-0.376834
cta_qa_0375,1,-36.750000
cta_qa_0375,2,-0.310489
cta_qa_0375,3,-0.283977
cta_qa_0375,4,-36.750000
cta_qa_0375,5,-36.750000
cta_qa_0375,6,-0.376834
cta_qa_0375,7,-36.750000
cta_qa_0375,8,-33.250000
cta_qa_0375,9,-0.376135
cta_qa_0375,10,-0.376135
cta_qa_0375,11,-0.493895
cta_qa_0375,12,-0.376834
cta_qa_0375,13,-36.750000
cta_qa_0375,14,-36.750000
cta_qa_0375,15,-36.750000
cta_qa_0375,16,-0.312335
cta_qa_0375,17,-0.413091
cta_qa_0375,18,-37.125000
cta_qa_0375,19,-0.312335
cta_qa_0375,20,-0.376834
cta_qa_0375,21,-0.462897
cta_qa_0375,22,-36.750000
cta_qa_0375,23,-36.750000
cta_qa_0375,24,-37.125000
cta_qa_0375,25,-0.312335
cta_qa_0375,26,-37.125000
cta_qa_0375,27,-0.312335
cta_qa_0375,28,-38.625000
cta_qa_0375,29,-0.412653
cta_qa_0375,30,-0.412653
cta_qa_0375,31,-0.412740
cta_qa_0375,32,-0.376834
cta_qa_0375,33,-36.750000
cta_qa_0375,34,-0.462897
cta_qa_0375,35,-36.750000
cta_qa_0375,36,-36.750000
cta_qa_0375,37,-0.462897
cta_qa_0375,38,-0.376834
cta_qa_0375,39,-0.462897
cta_qa_0375,40,-0.413091
cta_qa_0375,41,-0.413091
cta_qa_0375,42,-37.125000
cta_qa_0375,43,-0.556479
cta_qa_0375,44,-0.376834
cta_qa_0375,45,-0.376834
cta_qa_0375,46,-0.376834
cta_qa_0375,47,-36.750000
cta_qa_0375,48,-0.442471
cta_qa_0375,49,-37.312500
cta_qa_0375,50,-0.378817
cta_qa_0375,51,-0.378817
cta_qa_0375,52,-36.750000
cta_qa_0375,53,-0.462897
cta_qa_0375,54,-36.750000
cta_qa_0375,55,-36.750000
cta_qa_0375,56,-36.750000
cta_qa_0375,57,-36.750000
cta_qa_0375,58,-0.376834
cta_qa_0375,59,-36.750000
cta_qa_0375,60,-36.750000
cta_qa_0375,61,-36.750000
cta_qa_0375,62,-0.462897
cta_qa_0375,63,-36.750000
cta_qa_0376,0,-0.474373
cta_qa_0376,1,-35.375000
cta_qa_0376,2,-35.625000
cta_qa_0376,3,-0.474373
cta_qa_0376,4,-35.625000
cta_qa_0376,5,-35.625000
cta_qa_0376,6,-35.625000
cta_qa_0376,7,-0.474458
cta_qa_0376,8,-0.474537
cta_qa_0376,9,-0.502419
cta_qa_0376,10,-33.500000
cta_qa_0376,11,-0.474537
cta_qa_0376,12,-0.474373
cta_qa_0376,13,-35.625000
cta_qa_0376,14,-35.625000
cta_qa_0376,15,-35.625000
cta_qa_0376,16,-0.503480
cta_qa_0376,17,-30.625000
cta_qa_0376,18,-0.474537
cta_qa_0376,19,-0.474537
cta_qa_0376,20,-35.625000
cta_qa_0376,21,-35.625000
cta_qa_0376,22,-0.474373
cta_qa_0376,23,-35.625000
cta_qa_0376,24,-0.441052
cta_qa_0376,25,-0.441052
cta_qa_0376,26,-0.441052
cta_qa_0376,27,-37.437500
cta_qa_0376,28,-36.625000
cta_qa_0376,29,-36.625000
cta_qa_0376,30,-0.473226
cta_qa_0376,31,-0.351594
cta_qa_0376,32,-35.625000
cta_qa_0376,33,-0.536614
cta_qa_0376,34,-35.625000
cta_qa_0376,35,-35.625000
cta_qa_0376,36,-35.375000
cta_qa_0376,37,-0.472050
cta_qa_0376,38,-35.625000
cta_qa_0376,39,-35.625000
cta_qa_0376,40,-0.474537
cta_qa_0376,41,-33.500000
cta_qa_0376,42,-0.474537
cta_qa_0376,43,-0.474537
cta_qa_0376,44,-35.625000
cta_qa_0376,45,-35.625000
cta_qa_0376,46,-35.625000
cta_qa_0376,47,-0.475394
cta_qa_0376,48,-35.500000
cta_qa_0376,49,-35.500000
cta_qa_0376,50,-35.500000
cta_qa_0376,51,-35.500000
cta_qa_0376,52,-0.474373
cta_qa_0376,53,-35.625000
cta_qa_0376,54,-35.625000
cta_qa_0376,55,-35.625000
cta_qa_0376,56,-0.623415
cta_qa_0376,57,-35.625000
cta_qa_0376,58,-35.625000
cta_qa_0376,59,-0.474373
cta_qa_0376,60,-35.375000
cta_qa_0376,61,-35.625000
cta_qa_0376,62,-0.536614
cta_qa_0376,63,-34.750000
cta_qa_0377,0,-36.437500
cta_qa_0377,1,-0.190628
cta_qa_0377,2,-36.437500
cta_qa_0377,3,-0.190628
cta_qa_0377,4,-0.320541
cta_qa_0377,5,-0.347867
cta_qa_0377,6,-0.320541
cta_qa_0377,7,-37.250000
cta_qa_0377,8,-0.255983
cta_qa_0377,9,-0.161895
cta_qa_0377,10,-0.255983
cta_qa_0377,11,-36.875000
cta_qa_0377,12,-36.437500
cta_qa_0377,13,-0.190628
cta_qa_0377,14,-0.190628
cta_qa_0377,15,-0.190628
cta_qa_0377,16,-36.875000
cta_qa_0377,17,-36.875000
cta_qa_0377,18,-36.875000
cta_qa_0377,19,-36.875000
cta_qa_0377,20,-0.190628
cta_qa_0377,21,-0.190628
cta_qa_0377,22,-0.190628
cta_qa_0377,23,-37.187500
cta_qa_0377,24,-0.260430
cta_qa_0377,25,-0.260430
cta_qa_0377,26,-36.812500
cta_qa_0377,27,-0.260430
cta_qa_0377,28,-37.812500
cta_qa_0377,29,-0.414740
cta_qa_0377,30,-0.414740
cta_qa_0377,31,-0.448733
cta_qa_0377,32,-0.192894
cta_qa_0377,33,-36.812500
cta_qa_0377,34,-0.260430
cta_qa_0377,35,-0.407424
cta_qa_0377,36,-0.190628
cta_qa_0377,37,-36.437500
cta_qa_0377,38,-36.437500
cta_qa_0377,39,-0.190628
cta_qa_0377,40,-0.255983
cta_qa_0377,41,-37.187500
cta_qa_0377,42,-0.255983
cta_qa_0377,43,-0.438655
cta_qa_0377,44,-0.283277
cta_qa_0377,45,-0.190628
cta_qa_0377,46,-36.437500
cta_qa_0377,47,-0.190628
cta_qa_0377,48,-36.812500
cta_qa_0377,49,-36.812500
cta_qa_0377,50,-36.812500
cta_qa_0377,51,-0.376195
cta_qa_0377,52,-0.223823
cta_qa_0377,53,-36.812500
cta_qa_0377,54,-36.812500
cta_qa_0377,55,-36.812500
cta_qa_0377,56,-0.190628
cta_qa_0377,57,-0.283277
cta_qa_0377,58,-0.190628
cta_qa_0377,59,-36.437500
cta_qa_0377,60,-0.435873
cta_qa_0377,61,-0.190628
cta_qa_0377,62,-36.437500
cta_qa_0377,63,-0.190628
cta_qa_0378,0,-0.404529
cta_qa_0378,1,-33.000000
cta_qa_0378,2,-0.404529
cta_qa_0378,3,-0.404529
cta_qa_0378,4,-0.433018
cta_qa_0378,5,-0.411283
cta_qa_0378,6,-0.433018
cta_qa_0378,7,-35.375000
cta_qa_0378,8,-0.497047
cta_qa_0378,9,-37.937500
cta_qa_0378,10,-0.497047
cta_qa_0378,11,-0.376131
cta_qa_0378,12,-0.462900
cta_qa_0378,13,-36.375000
cta_qa_0378,14,-0.473275
cta_qa_0378,15,-0.462900
cta_qa_0378,16,-0.496813
cta_qa_0378,17,-18.625000
cta_qa_0378,18,-0.496813
cta_qa_0378,19,-0.496813
cta_qa_0378,20,-0.403053
cta_qa_0378,21,-0.403053
cta_qa_0378,22,-0.403053
cta_qa_0378,23,-37.000000
cta_qa_0378,24,-0.496813
cta_qa_0378,25,-18.500000
cta_qa_0378,26,-0.496813
cta_qa_0378,27,-27.500000
cta_qa_0378,28,-35.250000
cta_qa_0378,29,-0.315794
cta_qa_0378,30,-0.401772
cta_qa_0378,31,-0.349970
cta_qa_0378,32,-0.401772
cta_qa_0378,33,-0.348643
cta_qa_0378,34,-34.000000
cta_qa_0378,35,-0.346757
cta_qa_0378,36,-37.500000
cta_qa_0378,37,-0.401772
cta_qa_0378,38,-0.255702
cta_qa_0378,39,-0.401772
cta_qa_0378,40,-0.403053
cta_qa_0378,41,-32.250000
cta_qa_0378,42,-0.403053
cta_qa_0378,43,-0.443606
cta_qa_0378,44,-0.316977
cta_qa_0378,45,-0.348950
cta_qa_0378,46,-38.062500
cta_qa_0378,47,-0.348723
cta_qa_0378,48,-0.401772
cta_qa_0378,49,-35.250000
cta_qa_0378,50,-0.413248
cta_qa_0378,51,-0.413251
cta_qa_0378,52,-0.348424
cta_qa_0378,53,-36.125000
cta_qa_0378,54,-0.401772
cta_qa_0378,55,-0.401772
cta_qa_0378,56,-18.500000
cta_qa_0378,57,-0.444008
cta_qa_0378,58,-10.499996
cta_qa_0378,59,-27.500000
cta_qa_0378,60,-33.750000
cta_qa_0378,61,-0.433018
cta_qa_0378,62,-0.433018
cta_qa_0378,63,-0.381106
cta_qa_0379,0,-0.323368
cta_qa_0379,1,-35.125000
cta_qa_0379,2,-0.319612
cta_qa_0379,3,-0.321664
cta_qa_0379,4,-0.350543
cta_qa_0379,5,-35.500000
cta_qa_0379,6,-35.500000
cta_qa_0379,7,-35.500000
cta_qa_0379,8,-35.500000
cta_qa_0379,9,-35.500000
cta_qa_0379,10,-0.436015
cta_qa_0379,11,-35.500000
cta_qa_0379,12,-0.323524
cta_qa_0379,13,-35.375000
cta_qa_0379,14,-0.324503
cta_qa_0379,15,-0.348611
cta_qa_0379,16,-0.317632
cta_qa_0379,17,-0.225188
cta_qa_0379,18,-35.000000
cta_qa_0379,19,-0.499763
cta_qa_0379,20,-0.325064
cta_qa_0379,21,-35.562500
cta_qa_0379,22,-0.321774
cta_qa_0379,23,-0.165206
cta_qa_0379,24,-0.352395
cta_qa_0379,25,-0.288254
cta_qa_0379,26,-0.472228
cta_qa_0379,27,-36.625000
cta_qa_0379,28,-6.999990
cta_qa_0379,29,-0.165206
cta_qa_0379,30,-0.467255
cta_qa_0379,31,-0.467255
cta_qa_0379,32,-0.436015
cta_qa_0379,33,-35.500000
cta_qa_0379,34,-35.875000
cta_qa_0379,35,-0.348332
cta_qa_0379,36,-35.000000
cta_qa_0379,37,-0.353741
cta_qa_0379,38,-0.253558
cta_qa_0379,39,-0.406008
cta_qa_0379,40,-35.500000
cta_qa_0379,41,-0.380839
cta_qa_0379,42,-0.256256
cta_qa_0379,43,-35.500000
cta_qa_0379,44,-0.318845
cta_qa_0379,45,-0.408705
cta_qa_0379,46,-38.000000
cta_qa_0379,47,-0.408705
cta_qa_0379,48,-0.347372
cta_qa_0379,49,-0.317067
cta_qa_0379,50,-0.259048
cta_qa_0379,51,-35.375000
cta_qa_0379,52,-0.322892
cta_qa_0379,53,-35.500000
cta_qa_0379,54,-0.258867
cta_qa_0379,55,-35.500000
cta_qa_0379,56,-37.062500
cta_qa_0379,57,-0.347101
cta_qa_0379,58,-0.351670
cta_qa_0379,59,-35.375000
cta_qa_0379,60,-0.355285
cta_qa_0379,61,-35.000000
cta_qa_0379,62,-0.259684
cta_qa_0379,63,-0.352165
cta_qa_0380,0,-0.524019
cta_qa_0380,1,-0.249806
cta_qa_0380,2,-0.406016
cta_qa_0380,3,-37.562500
cta_qa_0380,4,-37.562500
cta_qa_0380,5,-0.524019
cta_qa_0380,6,-0.380107
cta_qa_0380,7,-37.375000
cta_qa_0380,8,-0.347860
cta_qa_0380,9,-0.377479
cta_qa_0380,10,-0.346111
cta_qa_0380,11,-37.562500
cta_qa_0380,12,-0.350326
cta_qa_0380,13,-35.125000
cta_qa_0380,14,-0.283666
cta_qa_0380,15,-0.430072
cta_qa_0380,16,-0.464133
cta_qa_0380,17,-37.375000
cta_qa_0380,18,-0.412719
cta_qa_0380,19,-37.562500
cta_qa_0380,20,-37.250000
cta_qa_0380,21,-0.494210
cta_qa_0380,22,-0.494210
cta_qa_0380,23,-0.494210
cta_qa_0380,24,-0.524019
cta_qa_0380,25,-0.462466
cta_qa_0380,26,-37.562500
cta_qa_0380,27,-37.375000
cta_qa_0380,28,-0.377479
cta_qa_0380,29,-37.562500
cta_qa_0380,30,-0.380107
cta_qa_0380,31,-0.344876
cta_qa_0380,32,-34.750000
cta_qa_0380,33,-0.491318
cta_qa_0380,34,-0.439870
cta_qa_0380,35,-0.279058
cta_qa_0380,36,-0.249806
cta_qa_0380,37,-37.562500
cta_qa_0380,38,-0.216915
cta_qa_0380,39,-0.249806
cta_qa_0380,40,-0.524019
cta_qa_0380,41,-0.377378
cta_qa_0380,42,-0.377451
cta_qa_0380,43,-37.375000
cta_qa_0380,44,-0.524019
cta_qa_0380,45,-37.562500
cta_qa_0380,46,-37.562500
cta_qa_0380,47,-0.380107
cta_qa_0380,48,-0.406016
cta_qa_0380,49,-37.562500
cta_qa_0380,50,-37.375000
cta_qa_0380,51,-0.350146
cta_qa_0380,52,-0.524019
cta_qa_0380,53,-37.375000
cta_qa_0380,54,-37.562500
cta_qa_0380,55,-0.351395
cta_qa_0380,56,-34.500000
cta_qa_0380,57,-0.376063
cta_qa_0380,58,-0.437282
cta_qa_0380,59,-0.350156
cta_qa_0380,60,-0.494210
cta_qa_0380,61,-0.494210
cta_qa_0380,62,-0.494210
cta_qa_0380,63,-36.562500
cta_qa_0381,0,-0.499789
cta_qa_0381,1,-12.124998
cta_qa_0381,2,-0.412191
cta_qa_0381,3,-0.499789
cta_qa_0381,4,-0.279886
cta_qa_0381,5,-0.279886
cta_qa_0381,6,-35.000000
cta_qa_0381,7,-35.000000
cta_qa_0381,8,-36.687500
cta_qa_0381,9,-0.257491
cta_qa_0381,10,-0.369325
cta_qa_0381,11,-0.369325
cta_qa_0381,12,-34.875000
cta_qa_0381,13,-0.254552
cta_qa_0381,14,-0.342173
cta_qa_0381,15,-0.342173
cta_qa_0381,16,-0.314704
cta_qa_0381,17,-0.464602
cta_qa_0381,18,-34.875000
cta_qa_0381,19,-0.464602
cta_qa_0381,20,-0.381927
cta_qa_0381,21,-0.380039
cta_qa_0381,22,-10.499997
cta_qa_0381,23,-0.412191
cta_qa_0381,24,-0.257491
cta_qa_0381,25,-0.369325
cta_qa_0381,26,-37.562500
cta_qa_0381,27,-0.257491
cta_qa_0381,28,-0.376233
cta_qa_0381,29,-34.625000
cta_qa_0381,30,-0.377332
cta_qa_0381,31,-0.228053
cta_qa_0381,32,-0.352612
cta_qa_0381,33,-0.406034
cta_qa_0381,34,-0.322741
cta_qa_0381,35,-32.250000
cta_qa_0381,36,-31.875000
cta_qa_0381,37,-0.316130
cta_qa_0381,38,-0.316130
cta_qa_0381,39,-0.373308
cta_qa_0381,40,-0.343512
cta_qa_0381,41,-0.313491
cta_qa_0381,42,-35.875000
cta_qa_0381,43,-0.433446
cta_qa_0381,44,-34.812500
cta_qa_0381,45,-0.346952
cta_qa_0381,46,-0.291188
cta_qa_0381,47,-0.346952
cta_qa_0381,48,-0.352765
cta_qa_0381,49,-0.350649
cta_qa_0381,50,-35.125000
cta_qa_0381,51,-0.319205
cta_qa_0381,52,-12.124998
cta_qa_0381,53,-0.379902
cta_qa_0381,54,-0.381133
cta_qa_0381,55,-0.381133
cta_qa_0381,56,-0.462623
cta_qa_0381,57,-0.348704
cta_qa_0381,58,-0.462623
cta_qa_0381,59,-37.812500
cta_qa_0381,60,-31.875000
cta_qa_0381,61,-0.316130
cta_qa_0381,62,-0.287859
cta_qa_0381,63,-0.316130
cta_qa_0382,0,-0.554282
cta_qa_0382,1,-0.475754
cta_qa_0382,2,-36.625000
cta_qa_0382,3,-0.439885
cta_qa_0382,4,-0.439789
cta_qa_0382,5,-33.750000
cta_qa_0382,6,-0.408541
cta_qa_0382,7,-0.442311
cta_qa_0382,8,-36.625000
cta_qa_0382,9,-0.499779
cta_qa_0382,10,-0.499774
cta_qa_0382,11,-37.312500
cta_qa_0382,12,-0.443876
cta_qa_0382,13,-33.000000
cta_qa_0382,14,-0.526986
cta_qa_0382,15,-0.526986
cta_qa_0382,16,-0.554282
cta_qa_0382,17,-0.466583
cta_qa_0382,18,-36.625000
cta_qa_0382,19,-0.406045
cta_qa_0382,20,-0.562306
cta_qa_0382,21,-0.562306
cta_qa_0382,22,-37.750000
cta_qa_0382,23,-0.562306
cta_qa_0382,24,-34.375000
cta_qa_0382,25,-0.440489
cta_qa_0382,26,-0.526986
cta_qa_0382,27,-0.473707
cta_qa_0382,28,-0.527102
cta_qa_0382,29,-37.437500
cta_qa_0382,30,-0.527102
cta_qa_0382,31,-0.527102
cta_qa_0382,32,-0.525764
cta_qa_0382,33,-0.525764
cta_qa_0382,34,-36.375000
cta_qa_0382,35,-37.375000
cta_qa_0382,36,-37.250000
cta_qa_0382,37,-36.625000
cta_qa_0382,38,-0.554282
cta_qa_0382,39,-0.554282
cta_qa_0382,40,-0.474866
cta_qa_0382,41,-0.411775
cta_qa_0382,42,-38.437500
cta_qa_0382,43,-0.556859
cta_qa_0382,44,-0.437314
cta_qa_0382,45,-0.349802
cta_qa_0382,46,-0.408417
cta_qa_0382,47,-30.375000
cta_qa_0382,48,-0.527102
cta_qa_0382,49,-0.527102
cta_qa_0382,50,-19.500000
cta_qa_0382,51,-0.527102
cta_qa_0382,52,-0.499779
cta_qa_0382,53,-0.554282
cta_qa_0382,54,-0.554282
cta_qa_0382,55,-36.625000
cta_qa_0382,56,-0.442047
cta_qa_0382,57,-0.554282
cta_qa_0382,58,-36.625000
cta_qa_0382,59,-0.504961
cta_qa_0382,60,-34.375000
cta_qa_0382,61,-0.555767
cta_qa_0382,62,-0.379751
cta_qa_0382,63,-0.555767
cta_qa_0383,0,-0.407347
cta_qa_0383,1,-36.125000
cta_qa_0383,2,-0.344855
cta_qa_0383,3,-0.317064
cta_qa_0383,4,-0.619089
cta_qa_0383,5,-0.464422
cta_qa_0383,6,-37.562500
cta_qa_0383,7,-0.471314
cta_qa_0383,8,-0.441401
cta_qa_0383,9,-0.438709
cta_qa_0383,10,-0.619089
cta_qa_0383,11,-36.125000
cta_qa_0383,12,-36.937500
cta_qa_0383,13,-37.437500
cta_qa_0383,14,-0.474910
cta_qa_0383,15,-36.937500
cta_qa_0383,16,-0.468581
cta_qa_0383,17,-36.937500
cta_qa_0383,18,-0.437291
cta_qa_0383,19,-0.440133
cta_qa_0383,20,-0.464160
cta_qa_0383,21,-0.498378
cta_qa_0383,22,-0.437291
cta_qa_0383,23,-38.437500
cta_qa_0383,24,-32.375000
cta_qa_0383,25,-0.344855
cta_qa_0383,26,-32.375000
cta_qa_0383,27,-0.254704
cta_qa_0383,28,-0.647104
cta_qa_0383,29,-0.501333
cta_qa_0383,30,-0.472660
cta_qa_0383,31,-37.437500
cta_qa_0383,32,-0.437319
cta_qa_0383,33,-0.583941
cta_qa_0383,34,-35.625000
cta_qa_0383,35,-0.583941
cta_qa_0383,36,-0.647104
cta_qa_0383,37,-0.499820
cta_qa_0383,38,-0.647104
cta_qa_0383,39,-35.375000
cta_qa_0383,40,-38.562500
cta_qa_0383,41,-0.404750
cta_qa_0383,42,-0.407398
cta_qa_0383,43,-0.345006
cta_qa_0383,44,-0.619089
cta_qa_0383,45,-0.445428
cta_qa_0383,46,-0.472595
cta_qa_0383,47,-37.125000
cta_qa_0383,48,-0.438759
cta_qa_0383,49,-36.937500
cta_qa_0383,50,-0.468560
cta_qa_0383,51,-0.501207
cta_qa_0383,52,-0.529622
cta_qa_0383,53,-0.312336
cta_qa_0383,54,-36.625000
cta_qa_0383,55,-0.438734
cta_qa_0383,56,-0.497067
cta_qa_0383,57,-36.937500
cta_qa_0383,58,-0.647104
cta_qa_0383,59,-0.471346
cta_qa_0383,60,-0.438759
cta_qa_0383,61,-0.468554
cta_qa_0383,62,-35.375000
cta_qa_0383,63,-0.441574
cta_qa_0384,0,-0.408684
cta_qa_0384,1,-0.408684
cta_qa_0384,2,-34.875000
cta_qa_0384,3,-34.875000
cta_qa_0384,4,-35.250000
cta_qa_0384,5,-0.438515
cta_qa_0384,6,-0.438515
cta_qa_0384,7,-0.408367
cta_qa_0384,8,-0.469725
cta_qa_0384,9,-0.469725
cta_qa_0384,10,-32.250000
cta_qa_0384,11,-0.470881
cta_qa_0384,12,-0.592263
cta_qa_0384,13,-30.625000
cta_qa_0384,14,-0.564718
cta_qa_0384,15,-30.625000
cta_qa_0384,16,-34.875000
cta_qa_0384,17,-0.556746
cta_qa_0384,18,-34.875000
cta_qa_0384,19,-34.875000
cta_qa_0384,20,-0.437291
cta_qa_0384,21,-0.409921
cta_qa_0384,22,-35.250000
cta_qa_0384,23,-0.558440
cta_qa_0384,24,-34.875000
cta_qa_0384,25,-0.408684
cta_qa_0384,26,-34.875000
cta_qa_0384,27,-34.875000
cta_qa_0384,28,-0.584286
cta_qa_0384,29,-37.375000
cta_qa_0384,30,-0.469807
cta_qa_0384,31,-0.469807
cta_qa_0384,32,-0.408684
cta_qa_0384,33,-34.875000
cta_qa_0384,34,-34.875000
cta_qa_0384,35,-34.875000
cta_qa_0384,36,-34.875000
cta_qa_0384,37,-34.875000
cta_qa_0384,38,-34.875000
cta_qa_0384,39,-0.556746
cta_qa_0384,40,-35.250000
cta_qa_0384,41,-0.437291
cta_qa_0384,42,-0.438515
cta_qa_0384,43,-0.501042
cta_qa_0384,44,-34.875000
cta_qa_0384,45,-34.875000
cta_qa_0384,46,-0.499804
cta_qa_0384,47,-0.556746
cta_qa_0384,48,-35.125000
cta_qa_0384,49,-35.125000
cta_qa_0384,50,-35.125000
cta_qa_0384,51,-35.125000
cta_qa_0384,52,-0.470881
cta_qa_0384,53,-0.470881
cta_qa_0384,54,-0.470881
cta_qa_0384,55,-32.250000
cta_qa_0384,56,-32.250000
cta_qa_0384,57,-0.469725
cta_qa_0384,58,-32.250000
cta_qa_0384,59,-0.469725
cta_qa_0384,60,-35.125000
cta_qa_0384,61,-35.125000
cta_qa_0384,62,-35.125000
cta_qa_0384,63,-35.125000
cta_qa_0385,0,-37.875000
cta_qa_0385,1,-37.875000
cta_qa_0385,2,-37.875000
cta_qa_0385,3,-0.306726
cta_qa_0385,4,-37.875000
cta_qa_0385,5,-37.875000
cta_qa_0385,6,-37.875000
cta_qa_0385,7,-0.127986
cta_qa_0385,8,-38.250000
cta_qa_0385,9,-0.310761
cta_qa_0385,10,-0.195545
cta_qa_0385,11,-0.195545
cta_qa_0385,12,-0.127986
cta_qa_0385,13,-0.306726
cta_qa_0385,14,-37.875000
cta_qa_0385,15,-0.127986
cta_qa_0385,16,-37.875000
cta_qa_0385,17,-37.875000
cta_qa_0385,18,-37.875000
cta_qa_0385,19,-0.306726
cta_qa_0385,20,-37.875000
cta_qa_0385,21,-37.937500
cta_qa_0385,22,-37.875000
cta_qa_0385,23,-0.306726
cta_qa_0385,24,-0.195545
cta_qa_0385,25,-0.195545
cta_qa_0385,26,-38.250000
cta_qa_0385,27,-0.159954
cta_qa_0385,28,-0.127986
cta_qa_0385,29,-0.127986
cta_qa_0385,30,-37.875000
cta_qa_0385,31,-37.875000
cta_qa_0385,32,-0.127986
cta_qa_0385,33,-37.875000
cta_qa_0385,34,-0.127986
cta_qa_0385,35,-37.875000
cta_qa_0385,36,-37.875000
cta_qa_0385,37,-0.127986
cta_qa_0385,38,-0.127986
cta_qa_0385,39,-0.306726
cta_qa_0385,40,-37.875000
cta_qa_0385,41,-37.875000
cta_qa_0385,42,-37.875000
cta_qa_0385,43,-0.306726
cta_qa_0385,44,-0.306726
cta_qa_0385,45,-37.875000
cta_qa_0385,46,-0.127986
cta_qa_0385,47,-37.875000
cta_qa_0385,48,-37.875000
cta_qa_0385,49,-0.306726
cta_qa_0385,50,-0.226673
cta_qa_0385,51,-0.306726
cta_qa_0385,52,-37.875000
cta_qa_0385,53,-37.875000
cta_qa_0385,54,-0.306726
cta_qa_0385,55,-37.875000
cta_qa_0385,56,-37.875000
cta_qa_0385,57,-37.875000
cta_qa_0385,58,-0.193543
cta_qa_0385,59,-37.875000
cta_qa_0385,60,-37.875000
cta_qa_0385,61,-0.306726
cta_qa_0385,62,-37.875000
cta_qa_0385,63,-37.875000
cta_qa_0386,0,-38.500000
cta_qa_0386,1,-0.346262
cta_qa_0386,2,-0.346262
cta_qa_0386,3,-0.160385
cta_qa_0386,4,-36.812500
cta_qa_0386,5,-0.283775
cta_qa_0386,6,-0.283775
cta_qa_0386,7,-0.283775
cta_qa_0386,8,-0.354806
cta_qa_0386,9,-0.464864
cta_qa_0386,10,-37.625000
cta_qa_0386,11,-0.353203
cta_qa_0386,12,-38.187500
cta_qa_0386,13,-0.344839
cta_qa_0386,14,-0.344839
cta_qa_0386,15,-0.344839
cta_qa_0386,16,-0.281042
cta_qa_0386,17,-38.000000
cta_qa_0386,18,-0.281042
cta_qa_0386,19,-0.281042
cta_qa_0386,20,-39.250000
cta_qa_0386,21,-0.283775
cta_qa_0386,22,-0.283775
cta_qa_0386,23,-0.283775
cta_qa_0386,24,-0.344839
cta_qa_0386,25,-37.937500
cta_qa_0386,26,-0.344839
cta_qa_0386,27,-0.344839
cta_qa_0386,28,-0.309770
cta_qa_0386,29,-0.309770
cta_qa_0386,30,-38.250000
cta_qa_0386,31,-0.309770
cta_qa_0386,32,-38.250000
cta_qa_0386,33,-0.402083
cta_qa_0386,34,-0.407351
cta_qa_0386,35,-0.402083
cta_qa_0386,36,-0.316288
cta_qa_0386,37,-38.875000
cta_qa_0386,38,-0.351613
cta_qa_0386,39,-0.374746
cta_qa_0386,40,-0.430644
cta_qa_0386,41,-0.430644
cta_qa_0386,42,-38.125000
cta_qa_0386,43,-0.291664
cta_qa_0386,44,-38.187500
cta_qa_0386,45,-0.317495
cta_qa_0386,46,-0.344839
cta_qa_0386,47,-0.321255
cta_qa_0386,48,-0.281042
cta_qa_0386,49,-0.281042
cta_qa_0386,50,-0.281042
cta_qa_0386,51,-38.062500
cta_qa_0386,52,-0.344839
cta_qa_0386,53,-0.344839
cta_qa_0386,54,-38.187500
cta_qa_0386,55,-0.323349
cta_qa_0386,56,-0.288573
cta_qa_0386,57,-0.350301
cta_qa_0386,58,-0.344839
cta_qa_0386,59,-38.187500
cta_qa_0386,60,-0.160796
cta_qa_0386,61,-0.309770
cta_qa_0386,62,-38.250000
cta_qa_0386,63,-0.309770
cta_qa_0387,0,-0.496835
cta_qa_0387,1,-36.312500
cta_qa_0387,2,-0.496835
cta_qa_0387,3,-0.406036
cta_qa_0387,4,-37.312500
cta_qa_0387,5,-0.372231
cta_qa_0387,6,-0.347338
cta_qa_0387,7,-37.000000
cta_qa_0387,8,-0.496835
cta_qa_0387,9,-0.438724
cta_qa_0387,10,-36.125000
cta_qa_0387,11,-0.438641
cta_qa_0387,12,-0.441110
cta_qa_0387,13,-0.351577
cta_qa_0387,14,-37.562500
cta_qa_0387,15,-0.380133
cta_qa_0387,16,-0.437313
cta_qa_0387,17,-0.291575
cta_qa_0387,18,-35.250000
cta_qa_0387,19,-0.291575
cta_qa_0387,20,-0.496835
cta_qa_0387,21,-36.312500
cta_qa_0387,22,-0.472867
cta_qa_0387,23,-0.472867
cta_qa_0387,24,-37.187500
cta_qa_0387,25,-0.382935
cta_qa_0387,26,-0.384215
cta_qa_0387,27,-0.384310
cta_qa_0387,28,-37.187500
cta_qa_0387,29,-0.382591
cta_qa_0387,30,-0.384215
cta_qa_0387,31,-0.380890
cta_qa_0387,32,-0.223511
cta_qa_0387,33,-36.125000
cta_qa_0387,34,-0.406036
cta_qa_0387,35,-0.223511
cta_qa_0387,36,-0.492160
cta_qa_0387,37,-37.312500
cta_qa_0387,38,-0.315082
cta_qa_0387,39,-0.492160
cta_qa_0387,40,-0.467084
cta_qa_0387,41,-0.289811
cta_qa_0387,42,-0.191896
cta_qa_0387,43,-34.875000
cta_qa_0387,44,-36.125000
cta_qa_0387,45,-0.383652
cta_qa_0387,46,-0.383652
cta_qa_0387,47,-0.254147
cta_qa_0387,48,-36.125000
cta_qa_0387,49,-0.382442
cta_qa_0387,50,-0.223511
cta_qa_0387,51,-0.414498
cta_qa_0387,52,-0.498438
cta_qa_0387,53,-0.415045
cta_qa_0387,54,-0.382935
cta_qa_0387,55,-37.187500
cta_qa_0387,56,-36.125000
cta_qa_0387,57,-0.496835
cta_qa_0387,58,-36.312500
cta_qa_0387,59,-0.472750
cta_qa_0387,60,-0.262424
cta_qa_0387,61,-0.262424
cta_qa_0387,62,-0.409849
cta_qa_0387,63,-37.187500
cta_qa_0388,0,-29.250000
cta_qa_0388,1,-0.469822
cta_qa_0388,2,-0.469822
cta_qa_0388,3,-0.411063
cta_qa_0388,4,-0.343540
cta_qa_0388,5,-0.343540
cta_qa_0388,6,-0.343540
cta_qa_0388,7,-37.687500
cta_qa_0388,8,-0.352408
cta_qa_0388,9,-0.499779
cta_qa_0388,10,-37.375000
cta_qa_0388,11,-0.352651
cta_qa_0388,12,-0.469977
cta_qa_0388,13,-0.469977
cta_qa_0388,14,-0.469977
cta_qa_0388,15,-38.187500
cta_qa_0388,16,-0.343540
cta_qa_0388,17,-37.687500
cta_qa_0388,18,-0.191921
cta_qa_0388,19,-0.343540
cta_qa_0388,20,-0.343540
cta_qa_0388,21,-0.343540
cta_qa_0388,22,-37.687500
cta_qa_0388,23,-37.687500
cta_qa_0388,24,-0.438807
cta_qa_0388,25,-0.438807
cta_qa_0388,26,-0.438807
cta_qa_0388,27,-37.375000
cta_qa_0388,28,-0.352651
cta_qa_0388,29,-37.375000
cta_qa_0388,30,-0.499779
cta_qa_0388,31,-0.499779
cta_qa_0388,32,-0.191921
cta_qa_0388,33,-0.343540
cta_qa_0388,34,-37.687500
cta_qa_0388,35,-0.343540
cta_qa_0388,36,-0.473163
cta_qa_0388,37,-0.385155
cta_qa_0388,38,-34.375000
cta_qa_0388,39,-0.473163
cta_qa_0388,40,-32.750000
cta_qa_0388,41,-0.384879
cta_qa_0388,42,-0.417965
cta_qa_0388,43,-0.471769
cta_qa_0388,44,-35.750000
cta_qa_0388,45,-0.417965
cta_qa_0388,46,-0.417965
cta_qa_0388,47,-0.417965
cta_qa_0388,48,-0.343540
cta_qa_0388,49,-0.343540
cta_qa_0388,50,-37.687500
cta_qa_0388,51,-0.190972
cta_qa_0388,52,-0.315109
cta_qa_0388,53,-37.437500
cta_qa_0388,54,-0.315109
cta_qa_0388,55,-0.315109
cta_qa_0388,56,-0.352651
cta_qa_0388,57,-37.375000
cta_qa_0388,58,-0.499779
cta_qa_0388,59,-0.499779
cta_qa_0388,60,-0.351620
cta_qa_0388,61,-37.000000
cta_qa_0388,62,-0.351515
cta_qa_0388,63,-0.441830
cta_qa_0389,0,-36.875000
cta_qa_0389,1,-36.875000
cta_qa_0389,2,-0.342818
cta_qa_0389,3,-36.875000
cta_qa_0389,4,-0.349716
cta_qa_0389,5,-36.875000
cta_qa_0389,6,-36.875000
cta_qa_0389,7,-0.377990
cta_qa_0389,8,-34.875000
cta_qa_0389,9,-0.342205
cta_qa_0389,10,-0.353148
cta_qa_0389,11,-0.353148
cta_qa_0389,12,-0.323209
cta_qa_0389,13,-0.289887
cta_qa_0389,14,-35.125000
cta_qa_0389,15,-0.322075
cta_qa_0389,16,-37.000000
cta_qa_0389,17,-37.000000
cta_qa_0389,18,-37.000000
cta_qa_0389,19,-37.000000
cta_qa_0389,20,-36.875000
cta_qa_0389,21,-0.342818
cta_qa_0389,22,-0.377990
cta_qa_0389,23,-0.400792
cta_qa_0389,24,-0.324026
cta_qa_0389,25,-0.318844
cta_qa_0389,26,-0.375588
cta_qa_0389,27,-37.312500
cta_qa_0389,28,-36.875000
cta_qa_0389,29,-0.409115
cta_qa_0389,30,-0.342818
cta_qa_0389,31,-36.875000
cta_qa_0389,32,-34.000000
cta_qa_0389,33,-0.410892
cta_qa_0389,34,-0.413450
cta_qa_0389,35,-0.413450
cta_qa_0389,36,-0.382028
cta_qa_0389,37,-0.406050
cta_qa_0389,38,-0.382028
cta_qa_0389,39,-37.937500
cta_qa_0389,40,-36.875000
cta_qa_0389,41,-0.408394
cta_qa_0389,42,-0.409115
cta_qa_0389,43,-36.875000
cta_qa_0389,44,-36.875000
cta_qa_0389,45,-0.342818
cta_qa_0389,46,-36.875000
cta_qa_0389,47,-0.400792
cta_qa_0389,48,-0.354463
cta_qa_0389,49,-0.354463
cta_qa_0389,50,-0.324520
cta_qa_0389,51,-33.000000
cta_qa_0389,52,-37.312500
cta_qa_0389,53,-0.342818
cta_qa_0389,54,-36.875000
cta_qa_0389,55,-0.400792
cta_qa_0389,56,-36.875000
cta_qa_0389,57,-36.875000
cta_qa_0389,58,-0.377990
cta_qa_0389,59,-0.342818
cta_qa_0389,60,-0.349367
cta_qa_0389,61,-0.318824
cta_qa_0389,62,-37.312500
cta_qa_0389,63,-0.346088
cta_qa_0390,0,-38.625000
cta_qa_0390,1,-0.498197
cta_qa_0390,2,-0.498197
cta_qa_0390,3,-0.293820
cta_qa_0390,4,-0.256817
cta_qa_0390,5,-0.462810
cta_qa_0390,6,-0.462810
cta_qa_0390,7,-36.875000
cta_qa_0390,8,-36.875000
cta_qa_0390,9,-0.489555
cta_qa_0390,10,-0.462810
cta_qa_0390,11,-36.875000
cta_qa_0390,12,-0.406031
cta_qa_0390,13,-0.406031
cta_qa_0390,14,-37.500000
cta_qa_0390,15,-0.261717
cta_qa_0390,16,-20.375000
cta_qa_0390,17,-20.375000
cta_qa_0390,18,-20.375000
cta_qa_0390,19,-20.375000
cta_qa_0390,20,-0.406031
cta_qa_0390,21,-37.500000
cta_qa_0390,22,-0.406031
cta_qa_0390,23,-0.262042
cta_qa_0390,24,-38.000000
cta_qa_0390,25,-0.532451
cta_qa_0390,26,-0.532451
cta_qa_0390,27,-0.532451
cta_qa_0390,28,-0.465188
cta_qa_0390,29,-0.465188
cta_qa_0390,30,-0.465188
cta_qa_0390,31,-38.812500
cta_qa_0390,32,-0.261717
cta_qa_0390,33,-0.406031
cta_qa_0390,34,-37.500000
cta_qa_0390,35,-0.406031
cta_qa_0390,36,-0.406031
cta_qa_0390,37,-37.187500
cta_qa_0390,38,-0.406031
cta_qa_0390,39,-0.406031
cta_qa_0390,40,-20.375000
cta_qa_0390,41,-20.375000
cta_qa_0390,42,-20.375000
cta_qa_0390,43,-20.375000
cta_qa_0390,44,-0.406031
cta_qa_0390,45,-0.406031
cta_qa_0390,46,-37.500000
cta_qa_0390,47,-37.500000
cta_qa_0390,48,-0.462810
cta_qa_0390,49,-0.462810
cta_qa_0390,50,-36.875000
cta_qa_0390,51,-0.462810
cta_qa_0390,52,-0.376329
cta_qa_0390,53,-37.000000
cta_qa_0390,54,-0.376329
cta_qa_0390,55,-0.376329
cta_qa_0390,56,-33.750000
cta_qa_0390,57,-0.438779
cta_qa_0390,58,-0.438779
cta_qa_0390,59,-0.438779
cta_qa_0390,60,-39.125000
cta_qa_0390,61,-38.812500
cta_qa_0390,62,-0.383419
cta_qa_0390,63,-0.492470
cta_qa_0391,0,-0.473928
cta_qa_0391,1,-35.500000
cta_qa_0391,2,-0.442760
cta_qa_0391,3,-0.378447
cta_qa_0391,4,-0.473925
cta_qa_0391,5,-0.473928
cta_qa_0391,6,-35.500000
cta_qa_0391,7,-0.473928
cta_qa_0391,8,-0.347790
cta_qa_0391,9,-0.434070
cta_qa_0391,10,-0.312297
cta_qa_0391,11,-34.875000
cta_qa_0391,12,-0.347790
cta_qa_0391,13,-35.000000
cta_qa_0391,14,-0.434070
cta_qa_0391,15,-0.378917
cta_qa_0391,16,-0.220503
cta_qa_0391,17,-35.375000
cta_qa_0391,18,-0.220503
cta_qa_0391,19,-0.316096
cta_qa_0391,20,-0.316096
cta_qa_0391,21,-35.375000
cta_qa_0391,22,-0.220503
cta_qa_0391,23,-0.379950
cta_qa_0391,24,-0.434070
cta_qa_0391,25,-0.377637
cta_qa_0391,26,-0.434070
cta_qa_0391,27,-34.875000
cta_qa_0391,28,-0.473928
cta_qa_0391,29,-0.442760
cta_qa_0391,30,-35.500000
cta_qa_0391,31,-0.473928
cta_qa_0391,32,-36.000000
cta_qa_0391,33,-36.000000
cta_qa_0391,34,-0.462410
cta_qa_0391,35,-36.000000
cta_qa_0391,36,-36.000000
cta_qa_0391,37,-0.311425
cta_qa_0391,38,-0.311425
cta_qa_0391,39,-36.000000
cta_qa_0391,40,-0.376204
cta_qa_0391,41,-35.000000
cta_qa_0391,42,-0.376204
cta_qa_0391,43,-0.347790
cta_qa_0391,44,-38.562500
cta_qa_0391,45,-0.379172
cta_qa_0391,46,-0.347988
cta_qa_0391,47,-0.462537
cta_qa_0391,48,-0.379939
cta_qa_0391,49,-35.375000
cta_qa_0391,50,-0.348710
cta_qa_0391,51,-35.375000
cta_qa_0391,52,-0.321133
cta_qa_0391,53,-0.346354
cta_qa_0391,54,-0.346354
cta_qa_0391,55,-38.187500
cta_qa_0391,56,-0.434070
cta_qa_0391,57,-34.875000
cta_qa_0391,58,-0.376204
cta_qa_0391,59,-0.376204
cta_qa_0391,60,-0.379950
cta_qa_0391,61,-0.316096
cta_qa_0391,62,-35.375000
cta_qa_0391,63,-0.379950
cta_qa_0392,0,-0.280159
cta_qa_0392,1,-36.750000
cta_qa_0392,2,-0.220448
cta_qa_0392,3,-0.316263
cta_qa_0392,4,-36.750000
cta_qa_0392,5,-0.289388
cta_qa_0392,6,-0.289388
cta_qa_0392,7,-0.321676
cta_qa_0392,8,-37.500000
cta_qa_0392,9,-0.342070
cta_qa_0392,10,-0.346359
cta_qa_0392,11,-0.374774
cta_qa_0392,12,-0.319488
cta_qa_0392,13,-36.500000
cta_qa_0392,14,-0.318266
cta_qa_0392,15,-0.350740
cta_qa_0392,16,-0.249825
cta_qa_0392,17,-0.311357
cta_qa_0392,18,-0.249825
cta_qa_0392,19,-37.750000
cta_qa_0392,20,-0.190127
cta_qa_0392,21,-37.187500
cta_qa_0392,22,-0.317464
cta_qa_0392,23,-0.256508
cta_qa_0392,24,-37.250000
cta_qa_0392,25,-0.316319
cta_qa_0392,26,-36.125000
cta_qa_0392,27,-0.316155
cta_qa_0392,28,-0.256508
cta_qa_0392,29,-0.259039
cta_qa_0392,30,-0.286302
cta_qa_0392,31,-37.187500
cta_qa_0392,32,-36.625000
cta_qa_0392,33,-0.380577
cta_qa_0392,34,-0.347796
cta_qa_0392,35,-0.346433
cta_qa_0392,36,-0.316319
cta_qa_0392,37,-36.125000
cta_qa_0392,38,-0.316319
cta_qa_0392,39,-0.316319
cta_qa_0392,40,-0.344686
cta_qa_0392,41,-0.282020
cta_qa_0392,42,-38.062500
cta_qa_0392,43,-0.282020
cta_qa_0392,44,-37.500000
cta_qa_0392,45,-0.346448
cta_qa_0392,46,-0.374774
cta_qa_0392,47,-0.258372
cta_qa_0392,48,-0.315108
cta_qa_0392,49,-0.342070
cta_qa_0392,50,-0.350634
cta_qa_0392,51,-34.875000
cta_qa_0392,52,-0.319488
cta_qa_0392,53,-0.319488
cta_qa_0392,54,-36.750000
cta_qa_0392,55,-0.349174
cta_qa_0392,56,-0.431346
cta_qa_0392,57,-0.282020
cta_qa_0392,58,-0.282020
cta_qa_0392,59,-38.000000
cta_qa_0392,60,-0.316319
cta_qa_0392,61,-0.314900
cta_qa_0392,62,-36.125000
cta_qa_0392,63,-0.345890
cta_qa_0393,0,-0.381154
cta_qa_0393,1,-0.381154
cta_qa_0393,2,-0.381154
cta_qa_0393,3,-37.375000
cta_qa_0393,4,-0.348529
cta_qa_0393,5,-0.440012
cta_qa_0393,6,-0.440012
cta_qa_0393,7,-37.187500
cta_qa_0393,8,-0.222448
cta_qa_0393,9,-0.222448
cta_qa_0393,10,-0.348894
cta_qa_0393,11,-37.125000
cta_qa_0393,12,-0.222448
cta_qa_0393,13,-0.348894
cta_qa_0393,14,-37.375000
cta_qa_0393,15,-0.222448
cta_qa_0393,16,-0.381154
cta_qa_0393,17,-37.375000
cta_qa_0393,18,-0.381154
cta_qa_0393,19,-0.381154
cta_qa_0393,20,-0.409049
cta_qa_0393,21,-0.416407
cta_qa_0393,22,-0.416407
cta_qa_0393,23,-37.187500
cta_qa_0393,24,-0.409049
cta_qa_0393,25,-37.687500
cta_qa_0393,26,-0.445065
cta_qa_0393,27,-0.416413
cta_qa_0393,28,-0.348529
cta_qa_0393,29,-0.440012
cta_qa_0393,30,-0.440012
cta_qa_0393,31,-37.187500
cta_qa_0393,32,-37.375000
cta_qa_0393,33,-38.437500
cta_qa_0393,34,-39.125000
cta_qa_0393,35,-0.381154
cta_qa_0393,36,-0.322364
cta_qa_0393,37,-36.125000
cta_qa_0393,38,-0.379317
cta_qa_0393,39,-0.322364
cta_qa_0393,40,-0.442924
cta_qa_0393,41,-0.442924
cta_qa_0393,42,-0.442924
cta_qa_0393,43,-37.125000
cta_qa_0393,44,-0.439898
cta_qa_0393,45,-38.062500
cta_qa_0393,46,-0.351705
cta_qa_0393,47,-0.353593
cta_qa_0393,48,-0.412469
cta_qa_0393,49,-0.355288
cta_qa_0393,50,-37.125000
cta_qa_0393,51,-0.321155
cta_qa_0393,52,-0.348894
cta_qa_0393,53,-37.375000
cta_qa_0393,54,-0.348894
cta_qa_0393,55,-0.222448
cta_qa_0393,56,-0.381154
cta_qa_0393,57,-0.381154
cta_qa_0393,58,-0.381154
cta_qa_0393,59,-37.375000
cta_qa_0393,60,-38.000000
cta_qa_0393,61,-0.440012
cta_qa_0393,62,-0.282578
cta_qa_0393,63,-0.348529
cta_qa_0394,0,-32.375000
cta_qa_0394,1,-5.624978
cta_qa_0394,2,-0.195091
cta_qa_0394,3,-0.319864
cta_qa_0394,4,-0.132042
cta_qa_0394,5,-0.289024
cta_qa_0394,6,-0.383796
cta_qa_0394,7,-26.375000
cta_qa_0394,8,-0.195091
cta_qa_0394,9,-0.261204
cta_qa_0394,10,-0.230787
cta_qa_0394,11,-32.500000
cta_qa_0394,12,-0.344916
cta_qa_0394,13,-0.293489
cta_qa_0394,14,-5.624978
cta_qa_0394,15,-0.344916
cta_qa_0394,16,-35.125000
cta_qa_0394,17,-0.286166
cta_qa_0394,18,-0.320067
cta_qa_0394,19,-0.162417
cta_qa_0394,20,-0.377581
cta_qa_0394,21,-30.625000
cta_qa_0394,22,-0.377581
cta_qa_0394,23,-4.374987
cta_qa_0394,24,-0.374781
cta_qa_0394,25,-0.289024
cta_qa_0394,26,-0.286166
cta_qa_0394,27,-35.125000
cta_qa_0394,28,-33.125000
cta_qa_0394,29,-0.195091
cta_qa_0394,30,-31.625000
cta_qa_0394,31,-0.321569
cta_qa_0394,32,-5.624978
cta_qa_0394,33,-0.195091
cta_qa_0394,34,-5.624978
cta_qa_0394,35,-0.193048
cta_qa_0394,36,-35.875000
cta_qa_0394,37,-0.259665
cta_qa_0394,38,-0.259665
cta_qa_0394,39,-0.259727
cta_qa_0394,40,-0.259665
cta_qa_0394,41,-0.352641
cta_qa_0394,42,-32.500000
cta_qa_0394,43,-0.352408
cta_qa_0394,44,-0.322203
cta_qa_0394,45,-0.285193
cta_qa_0394,46,-0.287857
cta_qa_0394,47,-35.875000
cta_qa_0394,48,-0.258665
cta_qa_0394,49,-0.261338
cta_qa_0394,50,-0.433260
cta_qa_0394,51,-36.937500
cta_qa_0394,52,-0.286166
cta_qa_0394,53,-0.292017
cta_qa_0394,54,-28.250000
cta_qa_0394,55,-0.374781
cta_qa_0394,56,-35.875000
cta_qa_0394,57,-34.375000
cta_qa_0394,58,-0.257245
cta_qa_0394,59,-0.404747
cta_qa_0394,60,-0.261352
cta_qa_0394,61,-0.404747
cta_qa_0394,62,-34.375000
cta_qa_0394,63,-0.351085
cta_qa_0395,0,-0.380309
cta_qa_0395,1,-0.315347
cta_qa_0395,2,-38.500000
cta_qa_0395,3,-0.315347
cta_qa_0395,4,-0.352150
cta_qa_0395,5,-37.437500
cta_qa_0395,6,-0.354777
cta_qa_0395,7,-0.352150
cta_qa_0395,8,-0.315347
cta_qa_0395,9,-38.250000
cta_qa_0395,10,-0.315347
cta_qa_0395,11,-0.380309
cta_qa_0395,12,-0.317466
cta_qa_0395,13,-0.439798
cta_qa_0395,14,-38.000000
cta_qa_0395,15,-0.380934
cta_qa_0395,16,-38.750000
cta_qa_0395,17,-0.286540
cta_qa_0395,18,-0.465743
cta_qa_0395,19,-0.377335
cta_qa_0395,20,-0.353730
cta_qa_0395,21,-0.352404
cta_qa_0395,22,-0.381106
cta_qa_0395,23,-36.875000
cta_qa_0395,24,-38.000000
cta_qa_0395,25,-38.000000
cta_qa_0395,26,-38.000000
cta_qa_0395,27,-37.937500
cta_qa_0395,28,-0.315347
cta_qa_0395,29,-0.315347
cta_qa_0395,30,-37.562500
cta_qa_0395,31,-37.562500
cta_qa_0395,32,-0.381106
cta_qa_0395,33,-0.292464
cta_qa_0395,34,-0.381027
cta_qa_0395,35,-38.062500
cta_qa_0395,36,-0.319818
cta_qa_0395,37,-37.750000
cta_qa_0395,38,-0.321409
cta_qa_0395,39,-0.319818
cta_qa_0395,40,-0.351177
cta_qa_0395,41,-0.467247
cta_qa_0395,42,-0.319818
cta_qa_0395,43,-37.812500
cta_qa_0395,44,-38.000000
cta_qa_0395,45,-37.937500
cta_qa_0395,46,-38.000000
cta_qa_0395,47,-37.937500
cta_qa_0395,48,-0.413300
cta_qa_0395,49,-0.414677
cta_qa_0395,50,-0.414677
cta_qa_0395,51,-38.500000
cta_qa_0395,52,-0.289285
cta_qa_0395,53,-0.349359
cta_qa_0395,54,-31.000000
cta_qa_0395,55,-0.315892
cta_qa_0395,56,-0.407255
cta_qa_0395,57,-0.378466
cta_qa_0395,58,-35.187500
cta_qa_0395,59,-0.407255
cta_qa_0395,60,-0.348713
cta_qa_0395,61,-0.407255
cta_qa_0395,62,-0.414021
cta_qa_0395,63,-38.187500
cta_qa_0396,0,-0.349714
cta_qa_0396,1,-0.499780
cta_qa_0396,2,-0.382331
cta_qa_0396,3,-36.000000
cta_qa_0396,4,-0.383778
cta_qa_0396,5,-38.625000
cta_qa_0396,6,-0.350980
cta_qa_0396,7,-0.502441
cta_qa_0396,8,-36.062500
cta_qa_0396,9,-0.383522
cta_qa_0396,10,-0.382331
cta_qa_0396,11,-37.687500
cta_qa_0396,12,-37.625000
cta_qa_0396,13,-0.499780
cta_qa_0396,14,-0.355103
cta_qa_0396,15,-0.499780
cta_qa_0396,16,-36.500000
cta_qa_0396,17,-0.351348
cta_qa_0396,18,-0.469911
cta_qa_0396,19,-0.469911
cta_qa_0396,20,-0.499780
cta_qa_0396,21,-0.499780
cta_qa_0396,22,-37.562500
cta_qa_0396,23,-0.324031
cta_qa_0396,24,-0.560947
cta_qa_0396,25,-0.560947
cta_qa_0396,26,-0.321622
cta_qa_0396,27,-36.875000
cta_qa_0396,28,-0.499772
cta_qa_0396,29,-38.125000
cta_qa_0396,30,-0.349437
cta_qa_0396,31,-27.750000
cta_qa_0396,32,-37.812500
cta_qa_0396,33,-0.322949
cta_qa_0396,34,-0.440974
cta_qa_0396,35,-0.376147
cta_qa_0396,36,-0.498486
cta_qa_0396,37,-0.322351
cta_qa_0396,38,-0.498486
cta_qa_0396,39,-37.875000
cta_qa_0396,40,-0.351195
cta_qa_0396,41,-38.812500
cta_qa_0396,42,-0.415049
cta_qa_0396,43,-0.501198
cta_qa_0396,44,-0.355938
cta_qa_0396,45,-0.352275
cta_qa_0396,46,-0.380770
cta_qa_0396,47,-33.000000
cta_qa_0396,48,-37.812500
cta_qa_0396,49,-0.321153
cta_qa_0396,50,-0.323850
cta_qa_0396,51,-0.352399
cta_qa_0396,52,-36.500000
cta_qa_0396,53,-36.125000
cta_qa_0396,54,-0.442799
cta_qa_0396,55,-0.442799
cta_qa_0396,56,-0.380203
cta_qa_0396,57,-38.187500
cta_qa_0396,58,-0.349954
cta_qa_0396,59,-0.381582
cta_qa_0396,60,-0.225760
cta_qa_0396,61,-0.320645
cta_qa_0396,62,-0.469911
cta_qa_0396,63,-36.500000
cta_qa_0397,0,-0.319832
cta_qa_0397,1,-0.409114
cta_qa_0397,2,-37.312500
cta_qa_0397,3,-0.409114
cta_qa_0397,4,-0.288690
cta_qa_0397,5,-0.408605
cta_qa_0397,6,-37.187500
cta_qa_0397,7,-0.408605
cta_qa_0397,8,-36.875000
cta_qa_0397,9,-0.408653
cta_qa_0397,10,-0.408653
cta_qa_0397,11,-0.408653
cta_qa_0397,12,-0.377732
cta_qa_0397,13,-37.500000
cta_qa_0397,14,-0.377732
cta_qa_0397,15,-37.500000
cta_qa_0397,16,-0.410126
cta_qa_0397,17,-0.378745
cta_qa_0397,18,-0.352391
cta_qa_0397,19,-37.125000
cta_qa_0397,20,-0.187309
cta_qa_0397,21,-0.408605
cta_qa_0397,22,-37.187500
cta_qa_0397,23,-0.408605
cta_qa_0397,24,-0.408605
cta_qa_0397,25,-0.408605
cta_qa_0397,26,-0.408605
cta_qa_0397,27,-37.187500
cta_qa_0397,28,-0.377732
cta_qa_0397,29,-37.500000
cta_qa_0397,30,-0.377732
cta_qa_0397,31,-0.377732
cta_qa_0397,32,-35.000000
cta_qa_0397,33,-0.404647
cta_qa_0397,34,-0.287354
cta_qa_0397,35,-0.404647
cta_qa_0397,36,-38.250000
cta_qa_0397,37,-0.288266
cta_qa_0397,38,-0.377732
cta_qa_0397,39,-0.377732
cta_qa_0397,40,-0.408605
cta_qa_0397,41,-35.750000
cta_qa_0397,42,-0.408605
cta_qa_0397,43,-0.351071
cta_qa_0397,44,-35.000000
cta_qa_0397,45,-0.441319
cta_qa_0397,46,-37.187500
cta_qa_0397,47,-0.441319
cta_qa_0397,48,-0.259427
cta_qa_0397,49,-0.317670
cta_qa_0397,50,-0.317670
cta_qa_0397,51,-36.875000
cta_qa_0397,52,-17.000000
cta_qa_0397,53,-0.317597
cta_qa_0397,54,-0.317597
cta_qa_0397,55,-0.317597
cta_qa_0397,56,-38.750000
cta_qa_0397,57,-0.408653
cta_qa_0397,58,-0.355129
cta_qa_0397,59,-0.408653
cta_qa_0397,60,-0.376095
cta_qa_0397,61,-33.375000
cta_qa_0397,62,-0.354774
cta_qa_0397,63,-0.318520
cta_qa_0398,0,-35.000000
cta_qa_0398,1,-35.000000
cta_qa_0398,2,-35.000000
cta_qa_0398,3,-35.000000
cta_qa_0398,4,-0.253921
cta_qa_0398,5,-0.253921
cta_qa_0398,6,-35.625000
cta_qa_0398,7,-0.253002
cta_qa_0398,8,-0.188172
cta_qa_0398,9,-36.187500
cta_qa_0398,10,-0.188172
cta_qa_0398,11,-0.188172
cta_qa_0398,12,-35.000000
cta_qa_0398,13,-35.000000
cta_qa_0398,14,-35.000000
cta_qa_0398,15,-35.000000
cta_qa_0398,16,-0.286162
cta_qa_0398,17,-35.000000
cta_qa_0398,18,-0.283421
cta_qa_0398,19,-0.441503
cta_qa_0398,20,-0.188172
cta_qa_0398,21,-36.187500
cta_qa_0398,22,-0.188172
cta_qa_0398,23,-36.187500
cta_qa_0398,24,-35.250000
cta_qa_0398,25,-35.250000
cta_qa_0398,26,-0.285621
cta_qa_0398,27,-35.250000
cta_qa_0398,28,-36.187500
cta_qa_0398,29,-0.188172
cta_qa_0398,30,-0.441246
cta_qa_0398,31,-0.188172
cta_qa_0398,32,-0.318943
cta_qa_0398,33,-0.318943
cta_qa_0398,34,-0.318943
cta_qa_0398,35,-35.000000
cta_qa_0398,36,-35.000000
cta_qa_0398,37,-35.000000
cta_qa_0398,38,-35.000000
cta_qa_0398,39,-35.000000
cta_qa_0398,40,-0.188172
cta_qa_0398,41,-36.187500
cta_qa_0398,42,-0.188172
cta_qa_0398,43,-0.188172
cta_qa_0398,44,-35.250000
cta_qa_0398,45,-0.379957
cta_qa_0398,46,-35.250000
cta_qa_0398,47,-35.250000
cta_qa_0398,48,-36.875000
cta_qa_0398,49,-0.291541
cta_qa_0398,50,-0.434616
cta_qa_0398,51,-0.313505
cta_qa_0398,52,-36.000000
cta_qa_0398,53,-0.288963
cta_qa_0398,54,-0.288963
cta_qa_0398,55,-0.252674
cta_qa_0398,56,-0.188172
cta_qa_0398,57,-0.188172
cta_qa_0398,58,-0.441246
cta_qa_0398,59,-36.187500
cta_qa_0398,60,-0.318943
cta_qa_0398,61,-35.000000
cta_qa_0398,62,-0.286162
cta_qa_0398,63,-0.318943
cta_qa_0399,0,-0.352796
cta_qa_0399,1,-0.317860
cta_qa_0399,2,-37.625000
cta_qa_0399,3,-0.277896
cta_qa_0399,4,-0.381121
cta_qa_0399,5,-37.625000
cta_qa_0399,6,-0.319404
cta_qa_0399,7,-37.625000
cta_qa_0399,8,-0.277896
cta_qa_0399,9,-0.319404
cta_qa_0399,10,-37.625000
cta_qa_0399,11,-0.342062
cta_qa_0399,12,-37.125000
cta_qa_0399,13,-0.307792
cta_qa_0399,14,-0.438789
cta_qa_0399,15,-0.319291
cta_qa_0399,16,-0.276542
cta_qa_0399,17,-36.500000
cta_qa_0399,18,-0.276542
cta_qa_0399,19,-0.286235
cta_qa_0399,20,-0.378988
cta_qa_0399,21,-35.875000
cta_qa_0399,22,-0.528169
cta_qa_0399,23,-0.528169
cta_qa_0399,24,-0.410532
cta_qa_0399,25,-0.410532
cta_qa_0399,26,-0.532633
cta_qa_0399,27,-36.625000
cta_qa_0399,28,-37.562500
cta_qa_0399,29,-0.186343
cta_qa_0399,30,-35.562500
cta_qa_0399,31,-0.406044
cta_qa_0399,32,-0.380347
cta_qa_0399,33,-36.750000
cta_qa_0399,34,-0.380347
cta_qa_0399,35,-0.406026
cta_qa_0399,36,-0.346397
cta_qa_0399,37,-36.625000
cta_qa_0399,38,-0.346397
cta_qa_0399,39,-0.472788
cta_qa_0399,40,-0.438789
cta_qa_0399,41,-0.318617
cta_qa_0399,42,-37.125000
cta_qa_0399,43,-0.319291
cta_qa_0399,44,-0.380347
cta_qa_0399,45,-0.284351
cta_qa_0399,46,-37.125000
cta_qa_0399,47,-0.380347
cta_qa_0399,48,-37.562500
cta_qa_0399,49,-37.562500
cta_qa_0399,50,-0.406044
cta_qa_0399,51,-37.562500
cta_qa_0399,52,-36.750000
cta_qa_0399,53,-0.351521
cta_qa_0399,54,-0.468528
cta_qa_0399,55,-0.468528
cta_qa_0399,56,-37.562500
cta_qa_0399,57,-0.218567
cta_qa_0399,58,-37.562500
cta_qa_0399,59,-35.562500
cta_qa_0399,60,-0.319291
cta_qa_0399,61,-37.125000
cta_qa_0399,62,-0.319291
cta_qa_0399,63,-0.319291
cta_qa_0400,0,-36.312500
cta_qa_0400,1,-0.522356
cta_qa_0400,2,-0.522356
cta_qa_0400,3,-0.501022
cta_qa_0400,4,-0.435971
cta_qa_0400,5,-0.435971
cta_qa_0400,6,-35.875000
cta_qa_0400,7,-0.435971
cta_qa_0400,8,-29.500000
cta_qa_0400,9,-29.500000
cta_qa_0400,10,-29.500000
cta_qa_0400,11,-29.500000
cta_qa_0400,12,-37.437500
cta_qa_0400,13,-0.441245
cta_qa_0400,14,-0.468537
cta_qa_0400,15,-0.468537
cta_qa_0400,16,-0.442568
cta_qa_0400,17,-39.062500
cta_qa_0400,18,-0.522356
cta_qa_0400,19,-0.522356
cta_qa_0400,20,-0.316664
cta_qa_0400,21,-35.875000
cta_qa_0400,22,-0.435971
cta_qa_0400,23,-0.435971
cta_qa_0400,24,-0.497052
cta_qa_0400,25,-0.410802
cta_qa_0400,26,-35.500000
cta_qa_0400,27,-0.383056
cta_qa_0400,28,-35.875000
cta_qa_0400,29,-0.435971
cta_qa_0400,30,-0.435971
cta_qa_0400,31,-0.435971
cta_qa_0400,32,-0.408175
cta_qa_0400,33,-0.462924
cta_qa_0400,34,-35.875000
cta_qa_0400,35,-0.346238
cta_qa_0400,36,-0.497052
cta_qa_0400,37,-0.349527
cta_qa_0400,38,-38.062500
cta_qa_0400,39,-0.349527
cta_qa_0400,40,-0.346106
cta_qa_0400,41,-0.462924
cta_qa_0400,42,-35.875000
cta_qa_0400,43,-0.462924
cta_qa_0400,44,-0.404865
cta_qa_0400,45,-0.495765
cta_qa_0400,46,-0.495765
cta_qa_0400,47,-37.687500
cta_qa_0400,48,-0.437273
cta_qa_0400,49,-0.462491
cta_qa_0400,50,-35.000000
cta_qa_0400,51,-0.468524
cta_qa_0400,52,-36.125000
cta_qa_0400,53,-0.404906
cta_qa_0400,54,-0.404906
cta_qa_0400,55,-0.404906
cta_qa_0400,56,-0.348819
cta_qa_0400,57,-0.462924
cta_qa_0400,58,-35.875000
cta_qa_0400,59,-0.410546
cta_qa_0400,60,-0.435971
cta_qa_0400,61,-36.875000
cta_qa_0400,62,-0.435971
cta_qa_0400,63,-0.316772
cta_qa_0401,0,-0.411238
cta_qa_0401,1,-36.625000
cta_qa_0401,2,-36.625000
cta_qa_0401,3,-36.625000
cta_qa_0401,4,-0.413386
cta_qa_0401,5,-0.412122
cta_qa_0401,6,-34.000000
cta_qa_0401,7,-0.379840
cta_qa_0401,8,-0.382234
cta_qa_0401,9,-0.291111
cta_qa_0401,10,-36.937500
cta_qa_0401,11,-0.292127
cta_qa_0401,12,-36.437500
cta_qa_0401,13,-36.687500
cta_qa_0401,14,-35.250000
cta_qa_0401,15,-36.062500
cta_qa_0401,16,-0.411238
cta_qa_0401,17,-36.625000
cta_qa_0401,18,-36.625000
cta_qa_0401,19,-36.625000
cta_qa_0401,20,-0.352421
cta_qa_0401,21,-0.352157
cta_qa_0401,22,-32.500000
cta_qa_0401,23,-0.319954
cta_qa_0401,24,-0.354613
cta_qa_0401,25,-0.325208
cta_qa_0401,26,-0.503388
cta_qa_0401,27,-35.375000
cta_qa_0401,28,-0.379840
cta_qa_0401,29,-0.379704
cta_qa_0401,30,-34.000000
cta_qa_0401,31,-0.382470
cta_qa_0401,32,-0.325208
cta_qa_0401,33,-36.250000
cta_qa_0401,34,-0.354613
cta_qa_0401,35,-0.354613
cta_qa_0401,36,-0.325208
cta_qa_0401,37,-0.354613
cta_qa_0401,38,-34.625000
cta_qa_0401,39,-0.354613
cta_qa_0401,40,-0.382802
cta_qa_0401,41,-36.812500
cta_qa_0401,42,-0.382802
cta_qa_0401,43,-0.383927
cta_qa_0401,44,-30.250000
cta_qa_0401,45,-0.413386
cta_qa_0401,46,-0.379840
cta_qa_0401,47,-0.379840
cta_qa_0401,48,-0.413481
cta_qa_0401,49,-0.324883
cta_qa_0401,50,-0.386035
cta_qa_0401,51,-37.937500
cta_qa_0401,52,-36.437500
cta_qa_0401,53,-36.437500
cta_qa_0401,54,-36.062500
cta_qa_0401,55,-36.437500
cta_qa_0401,56,-35.000000
cta_qa_0401,57,-0.445662
cta_qa_0401,58,-0.414183
cta_qa_0401,59,-0.445662
cta_qa_0401,60,-36.625000
cta_qa_0401,61,-36.625000
cta_qa_0401,62,-36.625000
cta_qa_0401,63,-36.625000
cta_qa_0402,0,-35.500000
cta_qa_0402,1,-0.437307
cta_qa_0402,2,-0.437307
cta_qa_0402,3,-0.437307
cta_qa_0402,4,-0.592188
cta_qa_0402,5,-0.592188
cta_qa_0402,6,-0.592188
cta_qa_0402,7,-36.375000
cta_qa_0402,8,-0.475764
cta_qa_0402,9,-38.312500
cta_qa_0402,10,-0.532389
cta_qa_0402,11,-0.532389
cta_qa_0402,12,-0.446045
cta_qa_0402,13,-0.411163
cta_qa_0402,14,-36.625000
cta_qa_0402,15,-0.592188
cta_qa_0402,16,-0.437307
cta_qa_0402,17,-0.437307
cta_qa_0402,18,-0.437307
cta_qa_0402,19,-35.500000
cta_qa_0402,20,-0.526788
cta_qa_0402,21,-0.471337
cta_qa_0402,22,-31.000000
cta_qa_0402,23,-0.526788
cta_qa_0402,24,-0.558031
cta_qa_0402,25,-0.558031
cta_qa_0402,26,-36.000000
cta_qa_0402,27,-0.438667
cta_qa_0402,28,-0.538375
cta_qa_0402,29,-0.562299
cta_qa_0402,30,-0.562299
cta_qa_0402,31,-36.500000
cta_qa_0402,32,-0.471369
cta_qa_0402,33,-36.375000
cta_qa_0402,34,-0.471369
cta_qa_0402,35,-0.471369
cta_qa_0402,36,-35.250000
cta_qa_0402,37,-0.526788
cta_qa_0402,38,-0.526788
cta_qa_0402,39,-0.526788
cta_qa_0402,40,-28.125000
cta_qa_0402,41,-28.125000
cta_qa_0402,42,-28.125000
cta_qa_0402,43,-28.125000
cta_qa_0402,44,-0.526788
cta_qa_0402,45,-35.250000
cta_qa_0402,46,-0.526788
cta_qa_0402,47,-0.411146
cta_qa_0402,48,-0.592188
cta_qa_0402,49,-0.592188
cta_qa_0402,50,-36.625000
cta_qa_0402,51,-0.413603
cta_qa_0402,52,-0.406064
cta_qa_0402,53,-38.187500
cta_qa_0402,54,-0.406064
cta_qa_0402,55,-0.406064
cta_qa_0402,56,-0.406064
cta_qa_0402,57,-0.381507
cta_qa_0402,58,-37.562500
cta_qa_0402,59,-0.406064
cta_qa_0402,60,-0.526788
cta_qa_0402,61,-35.250000
cta_qa_0402,62,-0.468554
cta_qa_0402,63,-0.526788
cta_qa_0403,0,-0.411148
cta_qa_0403,1,-0.384864
cta_qa_0403,2,-37.750000
cta_qa_0403,3,-0.411148
cta_qa_0403,4,-0.378520
cta_qa_0403,5,-0.376007
cta_qa_0403,6,-0.349958
cta_qa_0403,7,-37.000000
cta_qa_0403,8,-0.291977
cta_qa_0403,9,-36.687500
cta_qa_0403,10,-36.687500
cta_qa_0403,11,-36.687500
cta_qa_0403,12,-0.446570
cta_qa_0403,13,-0.384740
cta_qa_0403,14,-34.937500
cta_qa_0403,15,-0.384740
cta_qa_0403,16,-0.415985
cta_qa_0403,17,-0.415851
cta_qa_0403,18,-37.750000
cta_qa_0403,19,-0.313361
cta_qa_0403,20,-0.349958
cta_qa_0403,21,-35.375000
cta_qa_0403,22,-0.378520
cta_qa_0403,23,-0.349958
cta_qa_0403,24,-36.687500
cta_qa_0403,25,-0.231265
cta_qa_0403,26,-36.687500
cta_qa_0403,27,-0.231265
cta_qa_0403,28,-0.353624
cta_qa_0403,29,-0.353624
cta_qa_0403,30,-0.323738
cta_qa_0403,31,-37.000000
cta_qa_0403,32,-36.687500
cta_qa_0403,33,-36.687500
cta_qa_0403,34,-36.687500
cta_qa_0403,35,-0.231265
cta_qa_0403,36,-0.323738
cta_qa_0403,37,-36.875000
cta_qa_0403,38,-0.353624
cta_qa_0403,39,-0.353624
cta_qa_0403,40,-36.687500
cta_qa_0403,41,-36.687500
cta_qa_0403,42,-0.231265
cta_qa_0403,43,-0.321181
cta_qa_0403,44,-0.384864
cta_qa_0403,45,-0.411148
cta_qa_0403,46,-0.355117
cta_qa_0403,47,-36.562500
cta_qa_0403,48,-0.293632
cta_qa_0403,49,-0.231265
cta_qa_0403,50,-0.293632
cta_qa_0403,51,-36.687500
cta_qa_0403,52,-35.562500
cta_qa_0403,53,-0.413148
cta_qa_0403,54,-0.414506
cta_qa_0403,55,-0.413148
cta_qa_0403,56,-0.288822
cta_qa_0403,57,-0.231265
cta_qa_0403,58,-0.293632
cta_qa_0403,59,-36.687500
cta_qa_0403,60,-0.231265
cta_qa_0403,61,-37.250000
cta_qa_0403,62,-0.231265
cta_qa_0403,63,-0.231265
cta_qa_0404,0,-0.381940
cta_qa_0404,1,-0.381940
cta_qa_0404,2,-0.413853
cta_qa_0404,3,-36.625000
cta_qa_0404,4,-0.444832
cta_qa_0404,5,-0.409911
cta_qa_0404,6,-37.125000
cta_qa_0404,7,-0.382228
cta_qa_0404,8,-37.000000
cta_qa_0404,9,-37.000000
cta_qa_0404,10,-0.386185
cta_qa_0404,11,-36.625000
cta_qa_0404,12,-0.413853
cta_qa_0404,13,-0.381940
cta_qa_0404,14,-0.416950
cta_qa_0404,15,-36.625000
cta_qa_0404,16,-37.000000
cta_qa_0404,17,-0.415825
cta_qa_0404,18,-0.414293
cta_qa_0404,19,-0.386327
cta_qa_0404,20,-35.250000
cta_qa_0404,21,-0.323683
cta_qa_0404,22,-0.324178
cta_qa_0404,23,-0.381633
cta_qa_0404,24,-0.350772
cta_qa_0404,25,-0.323683
cta_qa_0404,26,-38.250000
cta_qa_0404,27,-0.324178
cta_qa_0404,28,-0.386185
cta_qa_0404,29,-0.384312
cta_qa_0404,30,-0.381940
cta_qa_0404,31,-37.000000
cta_qa_0404,32,-0.381940
cta_qa_0404,33,-0.381940
cta_qa_0404,34,-37.000000
cta_qa_0404,35,-36.625000
cta_qa_0404,36,-0.324178
cta_qa_0404,37,-0.381633
cta_qa_0404,38,-0.384566
cta_qa_0404,39,-34.375000
cta_qa_0404,40,-36.625000
cta_qa_0404,41,-0.381940
cta_qa_0404,42,-0.381940
cta_qa_0404,43,-0.381940
cta_qa_0404,44,-0.443359
cta_qa_0404,45,-35.750000
cta_qa_0404,46,-0.415428
cta_qa_0404,47,-0.415428
cta_qa_0404,48,-0.324178
cta_qa_0404,49,-0.350772
cta_qa_0404,50,-35.250000
cta_qa_0404,51,-0.350772
cta_qa_0404,52,-36.500000
cta_qa_0404,53,-0.354297
cta_qa_0404,54,-0.289806
cta_qa_0404,55,-0.417946
cta_qa_0404,56,-0.414183
cta_qa_0404,57,-0.381940
cta_qa_0404,58,-0.413853
cta_qa_0404,59,-37.000000
cta_qa_0404,60,-0.384566
cta_qa_0404,61,-0.355758
cta_qa_0404,62,-36.875000
cta_qa_0404,63,-0.324178
cta_qa_0405,0,-38.812500
cta_qa_0405,1,-38.812500
cta_qa_0405,2,-38.812500
cta_qa_0405,3,-0.284956
cta_qa_0405,4,-0.284956
cta_qa_0405,5,-38.812500
cta_qa_0405,6,-38.812500
cta_qa_0405,7,-38.812500
cta_qa_0405,8,-0.313586
cta_qa_0405,9,-0.311532
cta_qa_0405,10,-38.312500
cta_qa_0405,11,-38.312500
cta_qa_0405,12,-0.313586
cta_qa_0405,13,-38.312500
cta_qa_0405,14,-0.313586
cta_qa_0405,15,-0.311532
cta_qa_0405,16,-38.312500
cta_qa_0405,17,-0.311532
cta_qa_0405,18,-0.311532
cta_qa_0405,19,-38.312500
cta_qa_0405,20,-38.312500
cta_qa_0405,21,-0.311532
cta_qa_0405,22,-0.311532
cta_qa_0405,23,-0.311532
cta_qa_0405,24,-0.377270
cta_qa_0405,25,-0.377270
cta_qa_0405,26,-38.312500
cta_qa_0405,27,-0.377270
cta_qa_0405,28,-38.812500
cta_qa_0405,29,-0.284956
cta_qa_0405,30,-38.812500
cta_qa_0405,31,-38.812500
cta_qa_0405,32,-38.812500
cta_qa_0405,33,-38.812500
cta_qa_0405,34,-38.812500
cta_qa_0405,35,-0.284956
cta_qa_0405,36,-0.311532
cta_qa_0405,37,-38.312500
cta_qa_0405,38,-0.311532
cta_qa_0405,39,-0.311532
cta_qa_0405,40,-38.312500
cta_qa_0405,41,-0.311532
cta_qa_0405,42,-0.313586
cta_qa_0405,43,-38.125000
cta_qa_0405,44,-0.311532
cta_qa_0405,45,-38.312500
cta_qa_0405,46,-0.311532
cta_qa_0405,47,-0.311532
cta_qa_0405,48,-38.812500
cta_qa_0405,49,-38.812500
cta_qa_0405,50,-38.812500
cta_qa_0405,51,-0.284956
cta_qa_0405,52,-38.812500
cta_qa_0405,53,-38.812500
cta_qa_0405,54,-0.249817
cta_qa_0405,55,-38.812500
cta_qa_0405,56,-38.875000
cta_qa_0405,57,-38.875000
cta_qa_0405,58,-38.875000
cta_qa_0405,59,-38.875000
cta_qa_0405,60,-0.311532
cta_qa_0405,61,-38.312500
cta_qa_0405,62,-38.312500
cta_qa_0405,63,-38.312500
cta_qa_0406,0,-37.687500
cta_qa_0406,1,-0.294002
cta_qa_0406,2,-0.388735
cta_qa_0406,3,-0.353760
cta_qa_0406,4,-0.474353
cta_qa_0406,5,-0.474353
cta_qa_0406,6,-38.437500
cta_qa_0406,7,-0.354470
cta_qa_0406,8,-33.312500
cta_qa_0406,9,-0.285175
cta_qa_0406,10,-0.441208
cta_qa_0406,11,-0.411309
cta_qa_0406,12,-32.625000
cta_qa_0406,13,-0.410291
cta_qa_0406,14,-0.410291
cta_qa_0406,15,-0.410291
cta_qa_0406,16,-0.409696
cta_qa_0406,17,-0.409696
cta_qa_0406,18,-0.409696
cta_qa_0406,19,-37.625000
cta_qa_0406,20,-0.353054
cta_qa_0406,21,-35.625000
cta_qa_0406,22,-0.410180
cta_qa_0406,23,-0.410180
cta_qa_0406,24,-0.350916
cta_qa_0406,25,-36.062500
cta_qa_0406,26,-0.474280
cta_qa_0406,27,-0.439766
cta_qa_0406,28,-0.441635
cta_qa_0406,29,-24.125000
cta_qa_0406,30,-0.441635
cta_qa_0406,31,-0.441635
cta_qa_0406,32,-0.414385
cta_qa_0406,33,-0.414385
cta_qa_0406,34,-0.383547
cta_qa_0406,35,-37.375000
cta_qa_0406,36,-0.326161
cta_qa_0406,37,-37.375000
cta_qa_0406,38,-0.446930
cta_qa_0406,39,-0.317187
cta_qa_0406,40,-0.354214
cta_qa_0406,41,-0.410291
cta_qa_0406,42,-32.625000
cta_qa_0406,43,-0.384581
cta_qa_0406,44,-0.441718
cta_qa_0406,45,-0.441718
cta_qa_0406,46,-37.250000
cta_qa_0406,47,-0.441718
cta_qa_0406,48,-0.441635
cta_qa_0406,49,-0.418283
cta_qa_0406,50,-0.441635
cta_qa_0406,51,-35.625000
cta_qa_0406,52,-35.875000
cta_qa_0406,53,-0.409696
cta_qa_0406,54,-0.409696
cta_qa_0406,55,-0.409696
cta_qa_0406,56,-37.875000
cta_qa_0406,57,-0.326647
cta_qa_0406,58,-0.410180
cta_qa_0406,59,-0.295104
cta_qa_0406,60,-0.291551
cta_qa_0406,61,-36.500000
cta_qa_0406,62,-0.384430
cta_qa_0406,63,-0.321554
cta_qa_0407,0,-0.348977
cta_qa_0407,1,-35.000000
cta_qa_0407,2,-0.498343
cta_qa_0407,3,-0.376515
cta_qa_0407,4,-35.000000
cta_qa_0407,5,-0.414403
cta_qa_0407,6,-35.000000
cta_qa_0407,7,-0.498343
cta_qa_0407,8,-35.000000
cta_qa_0407,9,-35.000000
cta_qa_0407,10,-0.348977
cta_qa_0407,11,-35.000000
cta_qa_0407,12,-0.524023
cta_qa_0407,13,-10.749999
cta_qa_0407,14,-0.524023
cta_qa_0407,15,-0.524023
cta_qa_0407,16,-0.437282
cta_qa_0407,17,-35.500000
cta_qa_0407,18,-0.412113
cta_qa_0407,19,-0.442864
cta_qa_0407,20,-0.498343
cta_qa_0407,21,-0.498343
cta_qa_0407,22,-0.498343
cta_qa_0407,23,-35.000000
cta_qa_0407,24,-35.000000
cta_qa_0407,25,-35.000000
cta_qa_0407,26,-35.000000
cta_qa_0407,27,-35.000000
cta_qa_0407,28,-35.000000
cta_qa_0407,29,-0.498343
cta_qa_0407,30,-35.000000
cta_qa_0407,31,-35.000000
cta_qa_0407,32,-35.000000
cta_qa_0407,33,-0.382930
cta_qa_0407,34,-0.346175
cta_qa_0407,35,-0.498343
cta_qa_0407,36,-0.498343
cta_qa_0407,37,-35.000000
cta_qa_0407,38,-0.498343
cta_qa_0407,39,-35.000000
cta_qa_0407,40,-35.000000
cta_qa_0407,41,-35.000000
cta_qa_0407,42,-0.346175
cta_qa_0407,43,-0.498343
cta_qa_0407,44,-35.000000
cta_qa_0407,45,-0.498343
cta_qa_0407,46,-0.498343
cta_qa_0407,47,-35.000000
cta_qa_0407,48,-0.346175
cta_qa_0407,49,-0.498343
cta_qa_0407,50,-0.498343
cta_qa_0407,51,-35.000000
cta_qa_0407,52,-35.000000
cta_qa_0407,53,-35.000000
cta_qa_0407,54,-0.440879
cta_qa_0407,55,-35.000000
cta_qa_0407,56,-36.250000
cta_qa_0407,57,-0.383913
cta_qa_0407,58,-0.495748
cta_qa_0407,59,-0.383913
cta_qa_0407,60,-34.750000
cta_qa_0407,61,-0.447077
cta_qa_0407,62,-0.447077
cta_qa_0407,63,-0.507645
cta_qa_0408,0,-0.415286
cta_qa_0408,1,-0.413783
cta_qa_0408,2,-38.125000
cta_qa_0408,3,-0.415286
cta_qa_0408,4,-0.444936
cta_qa_0408,5,-0.469865
cta_qa_0408,6,-37.750000
cta_qa_0408,7,-0.442533
cta_qa_0408,8,-0.375774
cta_qa_0408,9,-36.750000
cta_qa_0408,10,-36.750000
cta_qa_0408,11,-0.377611
cta_qa_0408,12,-36.750000
cta_qa_0408,13,-36.750000
cta_qa_0408,14,-0.375774
cta_qa_0408,15,-0.375774
cta_qa_0408,16,-0.375774
cta_qa_0408,17,-0.375774
cta_qa_0408,18,-36.750000
cta_qa_0408,19,-0.375774
cta_qa_0408,20,-36.750000
cta_qa_0408,21,-36.750000
cta_qa_0408,22,-0.375774
cta_qa_0408,23,-0.474981
cta_qa_0408,24,-0.375774
cta_qa_0408,25,-0.375774
cta_qa_0408,26,-37.937500
cta_qa_0408,27,-36.500000
cta_qa_0408,28,-0.375774
cta_qa_0408,29,-0.474981
cta_qa_0408,30,-37.187500
cta_qa_0408,31,-0.375774
cta_qa_0408,32,-0.375774
cta_qa_0408,33,-36.750000
cta_qa_0408,34,-37.250000
cta_qa_0408,35,-0.375774
cta_qa_0408,36,-36.375000
cta_qa_0408,37,-36.375000
cta_qa_0408,38,-0.379271
cta_qa_0408,39,-36.375000
cta_qa_0408,40,-36.750000
cta_qa_0408,41,-0.375774
cta_qa_0408,42,-0.375774
cta_qa_0408,43,-0.474981
cta_qa_0408,44,-37.937500
cta_qa_0408,45,-36.750000
cta_qa_0408,46,-0.375774
cta_qa_0408,47,-36.750000
cta_qa_0408,48,-0.375774
cta_qa_0408,49,-0.375774
cta_qa_0408,50,-0.375774
cta_qa_0408,51,-36.750000
cta_qa_0408,52,-0.375774
cta_qa_0408,53,-0.375774
cta_qa_0408,54,-36.750000
cta_qa_0408,55,-0.375774
cta_qa_0408,56,-0.443799
cta_qa_0408,57,-36.062500
cta_qa_0408,58,-0.378682
cta_qa_0408,59,-0.444826
cta_qa_0408,60,-0.403502
cta_qa_0408,61,-0.383541
cta_qa_0408,62,-0.473561
cta_qa_0408,63,-33.250000
cta_qa_0409,0,-38.812500
cta_qa_0409,1,-38.312500
cta_qa_0409,2,-0.288082
cta_qa_0409,3,-0.283667
cta_qa_0409,4,-0.411005
cta_qa_0409,5,-0.352130
cta_qa_0409,6,-0.382041
cta_qa_0409,7,-38.687500
cta_qa_0409,8,-0.351563
cta_qa_0409,9,-0.317786
cta_qa_0409,10,-0.345312
cta_qa_0409,11,-38.875000
cta_qa_0409,12,-38.750000
cta_qa_0409,13,-0.317392
cta_qa_0409,14,-0.411681
cta_qa_0409,15,-0.348504
cta_qa_0409,16,-39.125000
cta_qa_0409,17,-0.319416
cta_qa_0409,18,-0.222589
cta_qa_0409,19,-38.187500
cta_qa_0409,20,-38.562500
cta_qa_0409,21,-0.415292
cta_qa_0409,22,-0.414307
cta_qa_0409,23,-0.385569
cta_qa_0409,24,-38.937500
cta_qa_0409,25,-0.320415
cta_qa_0409,26,-39.000000
cta_qa_0409,27,-0.321005
cta_qa_0409,28,-38.687500
cta_qa_0409,29,-0.254023
cta_qa_0409,30,-0.284978
cta_qa_0409,31,-0.381710
cta_qa_0409,32,-38.875000
cta_qa_0409,33,-37.625000
cta_qa_0409,34,-0.319329
cta_qa_0409,35,-0.318192
cta_qa_0409,36,-0.252250
cta_qa_0409,37,-0.318549
cta_qa_0409,38,-37.187500
cta_qa_0409,39,-38.125000
cta_qa_0409,40,-39.000000
cta_qa_0409,41,-0.381939
cta_qa_0409,42,-0.446035
cta_qa_0409,43,-0.380528
cta_qa_0409,44,-37.437500
cta_qa_0409,45,-0.252327
cta_qa_0409,46,-38.125000
cta_qa_0409,47,-0.284306
cta_qa_0409,48,-0.353054
cta_qa_0409,49,-38.500000
cta_qa_0409,50,-0.354478
cta_qa_0409,51,-0.414184
cta_qa_0409,52,-0.349514
cta_qa_0409,53,-0.285265
cta_qa_0409,54,-0.383019
cta_qa_0409,55,-37.187500
cta_qa_0409,56,-0.316455
cta_qa_0409,57,-0.346962
cta_qa_0409,58,-0.283551
cta_qa_0409,59,-38.375000
cta_qa_0409,60,-0.317246
cta_qa_0409,61,-39.000000
cta_qa_0409,62,-0.352915
cta_qa_0409,63,-0.318940
cta_qa_0410,0,-0.347233
cta_qa_0410,1,-0.401902
cta_qa_0410,2,-34.125000
cta_qa_0410,3,-0.401902
cta_qa_0410,4,-35.500000
cta_qa_0410,5,-35.500000
cta_qa_0410,6,-0.431877
cta_qa_0410,7,-0.431877
cta_qa_0410,8,-36.937500
cta_qa_0410,9,-0.260422
cta_qa_0410,10,-0.490664
cta_qa_0410,11,-0.490664
cta_qa_0410,12,-0.490664
cta_qa_0410,13,-0.490664
cta_qa_0410,14,-36.937500
cta_qa_0410,15,-0.258185
cta_qa_0410,16,-0.374782
cta_qa_0410,17,-35.000000
cta_qa_0410,18,-33.875000
cta_qa_0410,19,-0.401902
cta_qa_0410,20,-0.408567
cta_qa_0410,21,-35.500000
cta_qa_0410,22,-35.500000
cta_qa_0410,23,-0.312327
cta_qa_0410,24,-34.000000
cta_qa_0410,25,-0.431877
cta_qa_0410,26,-0.346354
cta_qa_0410,27,-0.431877
cta_qa_0410,28,-0.256227
cta_qa_0410,29,-0.287384
cta_qa_0410,30,-0.369296
cta_qa_0410,31,-27.125000
cta_qa_0410,32,-34.000000
cta_qa_0410,33,-31.875000
cta_qa_0410,34,-35.875000
cta_qa_0410,35,-0.347339
cta_qa_0410,36,-35.250000
cta_qa_0410,37,-0.288929
cta_qa_0410,38,-0.342687
cta_qa_0410,39,-37.250000
cta_qa_0410,40,-35.625000
cta_qa_0410,41,-35.500000
cta_qa_0410,42,-0.408690
cta_qa_0410,43,-0.431877
cta_qa_0410,44,-0.250709
cta_qa_0410,45,-31.125000
cta_qa_0410,46,-0.460543
cta_qa_0410,47,-0.250709
cta_qa_0410,48,-35.500000
cta_qa_0410,49,-35.500000
cta_qa_0410,50,-0.431877
cta_qa_0410,51,-0.408690
cta_qa_0410,52,-0.408669
cta_qa_0410,53,-35.500000
cta_qa_0410,54,-35.500000
cta_qa_0410,55,-0.431877
cta_qa_0410,56,-0.310567
cta_qa_0410,57,-0.460543
cta_qa_0410,58,-31.125000
cta_qa_0410,59,-0.348645
cta_qa_0410,60,-0.317127
cta_qa_0410,61,-0.490664
cta_qa_0410,62,-0.490664
cta_qa_0410,63,-36.937500
cta_qa_0411,0,-0.316252
cta_qa_0411,1,-0.439815
cta_qa_0411,2,-38.187500
cta_qa_0411,3,-0.316252
cta_qa_0411,4,-0.408811
cta_qa_0411,5,-38.375000
cta_qa_0411,6,-0.441106
cta_qa_0411,7,-0.441106
cta_qa_0411,8,-0.316252
cta_qa_0411,9,-0.439815
cta_qa_0411,10,-0.410647
cta_qa_0411,11,-38.187500
cta_qa_0411,12,-38.125000
cta_qa_0411,13,-0.252473
cta_qa_0411,14,-0.378944
cta_qa_0411,15,-0.284482
cta_qa_0411,16,-0.441103
cta_qa_0411,17,-0.441103
cta_qa_0411,18,-0.379759
cta_qa_0411,19,-37.625000
cta_qa_0411,20,-0.468529
cta_qa_0411,21,-38.375000
cta_qa_0411,22,-0.468529
cta_qa_0411,23,-0.408811
cta_qa_0411,24,-0.468529
cta_qa_0411,25,-38.375000
cta_qa_0411,26,-0.468529
cta_qa_0411,27,-38.375000
cta_qa_0411,28,-0.407345
cta_qa_0411,29,-37.687500
cta_qa_0411,30,-0.498345
cta_qa_0411,31,-0.407352
cta_qa_0411,32,-0.468529
cta_qa_0411,33,-38.375000
cta_qa_0411,34,-38.625000
cta_qa_0411,35,-38.375000
cta_qa_0411,36,-37.437500
cta_qa_0411,37,-0.501268
cta_qa_0411,38,-0.441103
cta_qa_0411,39,-0.382924
cta_qa_0411,40,-0.434650
cta_qa_0411,41,-0.434650
cta_qa_0411,42,-0.407345
cta_qa_0411,43,-37.812500
cta_qa_0411,44,-38.625000
cta_qa_0411,45,-0.468529
cta_qa_0411,46,-0.441106
cta_qa_0411,47,-38.375000
cta_qa_0411,48,-0.378610
cta_qa_0411,49,-38.375000
cta_qa_0411,50,-0.378610
cta_qa_0411,51,-38.375000
cta_qa_0411,52,-0.441106
cta_qa_0411,53,-0.468529
cta_qa_0411,54,-38.375000
cta_qa_0411,55,-0.408811
cta_qa_0411,56,-0.439815
cta_qa_0411,57,-0.316252
cta_qa_0411,58,-38.187500
cta_qa_0411,59,-38.187500
cta_qa_0411,60,-38.375000
cta_qa_0411,61,-38.375000
cta_qa_0411,62,-0.441106
cta_qa_0411,63,-0.408811
cta_qa_0412,0,-0.341539
cta_qa_0412,1,-37.375000
cta_qa_0412,2,-37.375000
cta_qa_0412,3,-0.341539
cta_qa_0412,4,-0.341539
cta_qa_0412,5,-0.341539
cta_qa_0412,6,-37.375000
cta_qa_0412,7,-0.341539
cta_qa_0412,8,-0.346191
cta_qa_0412,9,-0.313573
cta_qa_0412,10,-28.750000
cta_qa_0412,11,-0.346191
cta_qa_0412,12,-0.344843
cta_qa_0412,13,-22.375000
cta_qa_0412,14,-0.312297
cta_qa_0412,15,-0.344843
cta_qa_0412,16,-0.310753
cta_qa_0412,17,-0.341539
cta_qa_0412,18,-0.341539
cta_qa_0412,19,-37.375000
cta_qa_0412,20,-0.461020
cta_qa_0412,21,-38.000000
cta_qa_0412,22,-37.812500
cta_qa_0412,23,-0.461020
cta_qa_0412,24,-0.341539
cta_qa_0412,25,-0.422539
cta_qa_0412,26,-0.341539
cta_qa_0412,27,-37.375000
cta_qa_0412,28,-0.422539
cta_qa_0412,29,-0.422539
cta_qa_0412,30,-37.375000
cta_qa_0412,31,-0.341539
cta_qa_0412,32,-0.341539
cta_qa_0412,33,-0.341539
cta_qa_0412,34,-37.375000
cta_qa_0412,35,-0.341539
cta_qa_0412,36,-0.283021
cta_qa_0412,37,-0.422539
cta_qa_0412,38,-37.375000
cta_qa_0412,39,-37.375000
cta_qa_0412,40,-37.875000
cta_qa_0412,41,-37.875000
cta_qa_0412,42,-37.875000
cta_qa_0412,43,-37.875000
cta_qa_0412,44,-0.212264
cta_qa_0412,45,-38.000000
cta_qa_0412,46,-38.000000
cta_qa_0412,47,-38.000000
cta_qa_0412,48,-0.435970
cta_qa_0412,49,-35.500000
cta_qa_0412,50,-0.435970
cta_qa_0412,51,-0.430561
cta_qa_0412,52,-37.875000
cta_qa_0412,53,-37.875000
cta_qa_0412,54,-37.625000
cta_qa_0412,55,-37.875000
cta_qa_0412,56,-37.687500
cta_qa_0412,57,-0.316411
cta_qa_0412,58,-0.317783
cta_qa_0412,59,-0.344743
cta_qa_0412,60,-0.341539
cta_qa_0412,61,-37.375000
cta_qa_0412,62,-37.375000
cta_qa_0412,63,-37.375000
cta_qa_0413,0,-0.505331
cta_qa_0413,1,-0.604003
cta_qa_0413,2,-0.604003
cta_qa_0413,3,-22.375000
cta_qa_0413,4,-36.000000
cta_qa_0413,5,-0.567071
cta_qa_0413,6,-0.569481
cta_qa_0413,7,-36.000000
cta_qa_0413,8,-0.652135
cta_qa_0413,9,-22.375000
cta_qa_0413,10,-0.604003
cta_qa_0413,11,-22.375000
cta_qa_0413,12,-16.125000
cta_qa_0413,13,-28.875000
cta_qa_0413,14,-0.602364
cta_qa_0413,15,-22.375000
cta_qa_0413,16,-22.375000
cta_qa_0413,17,-0.604003
cta_qa_0413,18,-0.602371
cta_qa_0413,19,-22.375000
cta_qa_0413,20,-0.602364
cta_qa_0413,21,-0.604003
cta_qa_0413,22,-28.875000
cta_qa_0413,23,-0.604003
cta_qa_0413,24,-0.541366
cta_qa_0413,25,-36.375000
cta_qa_0413,26,-0.541384
cta_qa_0413,27,-0.442619
cta_qa_0413,28,-31.500000
cta_qa_0413,29,-0.475755
cta_qa_0413,30,-0.480262
cta_qa_0413,31,-0.418785
cta_qa_0413,32,-0.604003
cta_qa_0413,33,-25.500000
cta_qa_0413,34,-37.562500
cta_qa_0413,35,-22.375000
cta_qa_0413,36,-0.538644
cta_qa_0413,37,-22.375000
cta_qa_0413,38,-0.598597
cta_qa_0413,39,-0.501755
cta_qa_0413,40,-0.602364
cta_qa_0413,41,-0.652135
cta_qa_0413,42,-0.507526
cta_qa_0413,43,-22.375000
cta_qa_0413,44,-36.375000
cta_qa_0413,45,-0.620901
cta_qa_0413,46,-0.541676
cta_qa_0413,47,-0.441581
cta_qa_0413,48,-14.124999
cta_qa_0413,49,-0.526966
cta_qa_0413,50,-0.408763
cta_qa_0413,51,-0.526966
cta_qa_0413,52,-0.569481
cta_qa_0413,53,-0.589588
cta_qa_0413,54,-0.469749
cta_qa_0413,55,-36.000000
cta_qa_0413,56,-0.602364
cta_qa_0413,57,-22.375000
cta_qa_0413,58,-0.501822
cta_qa_0413,59,-22.375000
cta_qa_0413,60,-0.478701
cta_qa_0413,61,-0.567071
cta_qa_0413,62,-0.474755
cta_qa_0413,63,-36.000000
cta_qa_0414,0,-0.411953
cta_qa_0414,1,-37.937500
cta_qa_0414,2,-37.937500
cta_qa_0414,3,-0.472519
cta_qa_0414,4,-0.409461
cta_qa_0414,5,-36.875000
cta_qa_0414,6,-36.875000
cta_qa_0414,7,-36.875000
cta_qa_0414,8,-0.350485
cta_qa_0414,9,-0.350485
cta_qa_0414,10,-37.375000
cta_qa_0414,11,-0.287792
cta_qa_0414,12,-37.937500
cta_qa_0414,13,-37.937500
cta_qa_0414,14,-0.411953
cta_qa_0414,15,-37.750000
cta_qa_0414,16,-0.318211
cta_qa_0414,17,-0.318211
cta_qa_0414,18,-37.812500
cta_qa_0414,19,-0.318211
cta_qa_0414,20,-0.411953
cta_qa_0414,21,-37.750000
cta_qa_0414,22,-37.750000
cta_qa_0414,23,-37.937500
cta_qa_0414,24,-0.411953
cta_qa_0414,25,-0.411953
cta_qa_0414,26,-0.411953
cta_qa_0414,27,-37.750000
cta_qa_0414,28,-0.411953
cta_qa_0414,29,-0.411953
cta_qa_0414,30,-0.411953
cta_qa_0414,31,-37.937500
cta_qa_0414,32,-37.937500
cta_qa_0414,33,-0.411953
cta_qa_0414,34,-0.318210
cta_qa_0414,35,-0.411953
cta_qa_0414,36,-0.411953
cta_qa_0414,37,-37.937500
cta_qa_0414,38,-0.411953
cta_qa_0414,39,-37.750000
cta_qa_0414,40,-0.411953
cta_qa_0414,41,-0.411953
cta_qa_0414,42,-0.411953
cta_qa_0414,43,-37.937500
cta_qa_0414,44,-37.937500
cta_qa_0414,45,-0.411953
cta_qa_0414,46,-0.411953
cta_qa_0414,47,-38.000000
cta_qa_0414,48,-36.750000
cta_qa_0414,49,-36.750000
cta_qa_0414,50,-36.750000
cta_qa_0414,51,-36.750000
cta_qa_0414,52,-0.287792
cta_qa_0414,53,-37.375000
cta_qa_0414,54,-0.350485
cta_qa_0414,55,-0.287792
cta_qa_0414,56,-0.411953
cta_qa_0414,57,-37.750000
cta_qa_0414,58,-37.937500
cta_qa_0414,59,-0.411953
cta_qa_0414,60,-37.937500
cta_qa_0414,61,-0.411953
cta_qa_0414,62,-0.346904
cta_qa_0414,63,-0.411953
cta_qa_0415,0,-38.500000
cta_qa_0415,1,-0.398919
cta_qa_0415,2,-0.407304
cta_qa_0415,3,-0.398919
cta_qa_0415,4,-0.401649
cta_qa_0415,5,-0.288598
cta_qa_0415,6,-38.500000
cta_qa_0415,7,-0.374779
cta_qa_0415,8,-37.562500
cta_qa_0415,9,-0.431476
cta_qa_0415,10,-0.220317
cta_qa_0415,11,-0.431476
cta_qa_0415,12,-0.319180
cta_qa_0415,13,-0.403201
cta_qa_0415,14,-36.875000
cta_qa_0415,15,-0.350130
cta_qa_0415,16,-0.291512
cta_qa_0415,17,-0.319838
cta_qa_0415,18,-36.250000
cta_qa_0415,19,-0.346756
cta_qa_0415,20,-0.379883
cta_qa_0415,21,-0.371908
cta_qa_0415,22,-0.371908
cta_qa_0415,23,-33.875000
cta_qa_0415,24,-0.344814
cta_qa_0415,25,-33.875000
cta_qa_0415,26,-0.313579
cta_qa_0415,27,-0.347228
cta_qa_0415,28,-0.498354
cta_qa_0415,29,-0.498354
cta_qa_0415,30,-0.381141
cta_qa_0415,31,-36.000000
cta_qa_0415,32,-0.378820
cta_qa_0415,33,-0.348579
cta_qa_0415,34,-36.187500
cta_qa_0415,35,-0.407464
cta_qa_0415,36,-35.500000
cta_qa_0415,37,-0.437293
cta_qa_0415,38,-0.406024
cta_qa_0415,39,-0.460062
cta_qa_0415,40,-0.321301
cta_qa_0415,41,-0.321301
cta_qa_0415,42,-37.437500
cta_qa_0415,43,-0.384725
cta_qa_0415,44,-36.187500
cta_qa_0415,45,-0.344857
cta_qa_0415,46,-0.373496
cta_qa_0415,47,-0.403290
cta_qa_0415,48,-0.337653
cta_qa_0415,49,-37.312500
cta_qa_0415,50,-0.314419
cta_qa_0415,51,-0.337653
cta_qa_0415,52,-0.472188
cta_qa_0415,53,-0.502355
cta_qa_0415,54,-37.687500
cta_qa_0415,55,-0.472188
cta_qa_0415,56,-37.937500
cta_qa_0415,57,-37.937500
cta_qa_0415,58,-0.429796
cta_qa_0415,59,-37.375000
cta_qa_0415,60,-34.000000
cta_qa_0415,61,-0.499819
cta_qa_0415,62,-0.442269
cta_qa_0415,63,-0.504614
cta_qa_0416,0,-0.261190
cta_qa_0416,1,-0.191169
cta_qa_0416,2,-0.287281
cta_qa_0416,3,-26.875000
cta_qa_0416,4,-28.250000
cta_qa_0416,5,-0.317708
cta_qa_0416,6,-23.375000
cta_qa_0416,7,-0.347738
cta_qa_0416,8,-28.250000
cta_qa_0416,9,-0.261212
cta_qa_0416,10,-0.492681
cta_qa_0416,11,-0.492681
cta_qa_0416,12,-28.250000
cta_qa_0416,13,-26.875000
cta_qa_0416,14,-0.224627
cta_qa_0416,15,-26.875000
cta_qa_0416,16,-0.319876
cta_qa_0416,17,-0.411307
cta_qa_0416,18,-37.375000
cta_qa_0416,19,-0.528084
cta_qa_0416,20,-0.227468
cta_qa_0416,21,-0.261212
cta_qa_0416,22,-0.223112
cta_qa_0416,23,-28.250000
cta_qa_0416,24,-0.412466
cta_qa_0416,25,-0.471004
cta_qa_0416,26,-27.000000
cta_qa_0416,27,-36.125000
cta_qa_0416,28,-0.319844
cta_qa_0416,29,-28.250000
cta_qa_0416,30,-0.161503
cta_qa_0416,31,-0.223112
cta_qa_0416,32,-36.000000
cta_qa_0416,33,-0.462964
cta_qa_0416,34,-0.462964
cta_qa_0416,35,-0.292607
cta_qa_0416,36,-34.375000
cta_qa_0416,37,-0.195104
cta_qa_0416,38,-0.195104
cta_qa_0416,39,-0.346285
cta_qa_0416,40,-0.193754
cta_qa_0416,41,-0.381209
cta_qa_0416,42,-36.000000
cta_qa_0416,43,-0.221574
cta_qa_0416,44,-0.492681
cta_qa_0416,45,-26.875000
cta_qa_0416,46,-0.258805
cta_qa_0416,47,-0.261212
cta_qa_0416,48,-0.412463
cta_qa_0416,49,-0.315166
cta_qa_0416,50,-0.378926
cta_qa_0416,51,-25.250000
cta_qa_0416,52,-28.250000
cta_qa_0416,53,-0.347496
cta_qa_0416,54,-0.190886
cta_qa_0416,55,-0.382444
cta_qa_0416,56,-0.351418
cta_qa_0416,57,-36.000000
cta_qa_0416,58,-0.255842
cta_qa_0416,59,-0.037975
cta_qa_0416,60,-0.227098
cta_qa_0416,61,-26.875000
cta_qa_0416,62,-0.492681
cta_qa_0416,63,-0.313677
cta_qa_0417,0,-0.468522
cta_qa_0417,1,-0.292934
cta_qa_0417,2,-38.062500
cta_qa_0417,3,-0.468522
cta_qa_0417,4,-37.250000
cta_qa_0417,5,-0.412641
cta_qa_0417,6,-0.287121
cta_qa_0417,7,-0.412641
cta_qa_0417,8,-0.438592
cta_qa_0417,9,-0.438592
cta_qa_0417,10,-15.999999
cta_qa_0417,11,-0.354036
cta_qa_0417,12,-30.875000
cta_qa_0417,13,-0.408552
cta_qa_0417,14,-0.408552
cta_qa_0417,15,-0.408552
cta_qa_0417,16,-0.412641
cta_qa_0417,17,-0.412641
cta_qa_0417,18,-0.412641
cta_qa_0417,19,-30.750000
cta_qa_0417,20,-0.438618
cta_qa_0417,21,-0.438618
cta_qa_0417,22,-0.438618
cta_qa_0417,23,-34.625000
cta_qa_0417,24,-34.500000
cta_qa_0417,25,-0.344734
cta_qa_0417,26,-0.347334
cta_qa_0417,27,-0.435959
cta_qa_0417,28,-0.438618
cta_qa_0417,29,-36.000000
cta_qa_0417,30,-0.438618
cta_qa_0417,31,-0.438618
cta_qa_0417,32,-27.875000
cta_qa_0417,33,-27.875000
cta_qa_0417,34,-27.875000
cta_qa_0417,35,-27.875000
cta_qa_0417,36,-37.000000
cta_qa_0417,37,-0.370841
cta_qa_0417,38,-0.370841
cta_qa_0417,39,-0.370841
cta_qa_0417,40,-0.255381
cta_qa_0417,41,-34.000000
cta_qa_0417,42,-0.438618
cta_qa_0417,43,-0.438618
cta_qa_0417,44,-30.750000
cta_qa_0417,45,-0.317331
cta_qa_0417,46,-0.412641
cta_qa_0417,47,-0.412641
cta_qa_0417,48,-27.875000
cta_qa_0417,49,-27.875000
cta_qa_0417,50,-27.875000
cta_qa_0417,51,-27.875000
cta_qa_0417,52,-0.404783
cta_qa_0417,53,-38.187500
cta_qa_0417,54,-0.404783
cta_qa_0417,55,-0.404783
cta_qa_0417,56,-0.351188
cta_qa_0417,57,-35.125000
cta_qa_0417,58,-0.435959
cta_qa_0417,59,-0.317463
cta_qa_0417,60,-35.500000
cta_qa_0417,61,-0.378640
cta_qa_0417,62,-0.435959
cta_qa_0417,63,-0.435959
cta_qa_0418,0,-0.432847
cta_qa_0418,1,-0.432847
cta_qa_0418,2,-0.193759
cta_qa_0418,3,-36.937500
cta_qa_0418,4,-0.552652
cta_qa_0418,5,-36.937500
cta_qa_0418,6,-0.376125
cta_qa_0418,7,-0.552652
cta_qa_0418,8,-0.373418
cta_qa_0418,9,-0.457041
cta_qa_0418,10,-37.375000
cta_qa_0418,11,-0.457041
cta_qa_0418,12,-0.407502
cta_qa_0418,13,-38.312500
cta_qa_0418,14,-0.407502
cta_qa_0418,15,-0.407502
cta_qa_0418,16,-0.488652
cta_qa_0418,17,-0.352411
cta_qa_0418,18,-37.812500
cta_qa_0418,19,-0.488652
cta_qa_0418,20,-37.875000
cta_qa_0418,21,-0.457041
cta_qa_0418,22,-0.457041
cta_qa_0418,23,-0.373418
cta_qa_0418,24,-38.312500
cta_qa_0418,25,-38.312500
cta_qa_0418,26,-0.407502
cta_qa_0418,27,-38.312500
cta_qa_0418,28,-0.400867
cta_qa_0418,29,-37.750000
cta_qa_0418,30,-0.400867
cta_qa_0418,31,-0.400867
cta_qa_0418,32,-0.407502
cta_qa_0418,33,-0.407502
cta_qa_0418,34,-38.500000
cta_qa_0418,35,-0.407502
cta_qa_0418,36,-0.490109
cta_qa_0418,37,-0.490109
cta_qa_0418,38,-34.125000
cta_qa_0418,39,-0.372391
cta_qa_0418,40,-0.284991
cta_qa_0418,41,-0.306140
cta_qa_0418,42,-36.250000
cta_qa_0418,43,-0.306140
cta_qa_0418,44,-0.283628
cta_qa_0418,45,-0.368807
cta_qa_0418,46,-0.368807
cta_qa_0418,47,-37.937500
cta_qa_0418,48,-0.432847
cta_qa_0418,49,-35.125000
cta_qa_0418,50,-0.193759
cta_qa_0418,51,-0.432847
cta_qa_0418,52,-0.457041
cta_qa_0418,53,-0.457041
cta_qa_0418,54,-0.457041
cta_qa_0418,55,-37.375000
cta_qa_0418,56,-29.625000
cta_qa_0418,57,-29.625000
cta_qa_0418,58,-29.625000
cta_qa_0418,59,-29.625000
cta_qa_0418,60,-0.432847
cta_qa_0418,61,-0.432847
cta_qa_0418,62,-36.937500
cta_qa_0418,63,-0.432847
cta_qa_0419,0,-38.000000
cta_qa_0419,1,-0.385301
cta_qa_0419,2,-0.385301
cta_qa_0419,3,-34.125000
cta_qa_0419,4,-35.000000
cta_qa_0419,5,-0.389337
cta_qa_0419,6,-0.417936
cta_qa_0419,7,-0.385738
cta_qa_0419,8,-0.382783
cta_qa_0419,9,-0.467102
cta_qa_0419,10,-33.125000
cta_qa_0419,11,-0.252658
cta_qa_0419,12,-0.446671
cta_qa_0419,13,-26.375000
cta_qa_0419,14,-0.384585
cta_qa_0419,15,-0.385587
cta_qa_0419,16,-0.467102
cta_qa_0419,17,-34.875000
cta_qa_0419,18,-26.375000
cta_qa_0419,19,-0.385587
cta_qa_0419,20,-0.443897
cta_qa_0419,21,-0.415032
cta_qa_0419,22,-0.412467
cta_qa_0419,23,-15.500000
cta_qa_0419,24,-0.388289
cta_qa_0419,25,-34.125000
cta_qa_0419,26,-0.385746
cta_qa_0419,27,-0.325475
cta_qa_0419,28,-0.125861
cta_qa_0419,29,-0.354193
cta_qa_0419,30,-0.326383
cta_qa_0419,31,-34.125000
cta_qa_0419,32,-0.443897
cta_qa_0419,33,-0.443894
cta_qa_0419,34,-0.474012
cta_qa_0419,35,-15.500000
cta_qa_0419,36,-37.500000
cta_qa_0419,37,-0.380414
cta_qa_0419,38,-0.353753
cta_qa_0419,39,-0.434137
cta_qa_0419,40,-0.414011
cta_qa_0419,41,-0.353765
cta_qa_0419,42,-0.382559
cta_qa_0419,43,-36.625000
cta_qa_0419,44,-0.284340
cta_qa_0419,45,-36.625000
cta_qa_0419,46,-0.318733
cta_qa_0419,47,-0.316421
cta_qa_0419,48,-0.351100
cta_qa_0419,49,-0.382896
cta_qa_0419,50,-35.812500
cta_qa_0419,51,-0.467102
cta_qa_0419,52,-0.350345
cta_qa_0419,53,-0.357104
cta_qa_0419,54,-0.435875
cta_qa_0419,55,-34.250000
cta_qa_0419,56,-0.320555
cta_qa_0419,57,-0.415690
cta_qa_0419,58,-31.875000
cta_qa_0419,59,-0.382893
cta_qa_0419,60,-26.375000
cta_qa_0419,61,-0.252658
cta_qa_0419,62,-0.467102
cta_qa_0419,63,-0.323074
cta_qa_0420,0,-0.316417
cta_qa_0420,1,-0.400031
cta_qa_0420,2,-0.400031
cta_qa_0420,3,-35.500000
cta_qa_0420,4,-0.339097
cta_qa_0420,5,-0.339097
cta_qa_0420,6,-30.625000
cta_qa_0420,7,-35.750000
cta_qa_0420,8,-0.304958
cta_qa_0420,9,-0.253925
cta_qa_0420,10,-0.192843
cta_qa_0420,11,-34.125000
cta_qa_0420,12,-0.400212
cta_qa_0420,13,-0.400212
cta_qa_0420,14,-0.400212
cta_qa_0420,15,-16.625000
cta_qa_0420,16,-0.406026
cta_qa_0420,17,-0.406026
cta_qa_0420,18,-35.250000
cta_qa_0420,19,-0.406026
cta_qa_0420,20,-0.099195
cta_qa_0420,21,-35.500000
cta_qa_0420,22,-0.400031
cta_qa_0420,23,-0.283956
cta_qa_0420,24,-0.339097
cta_qa_0420,25,-33.750000
cta_qa_0420,26,-0.339097
cta_qa_0420,27,-0.339097
cta_qa_0420,28,-0.406026
cta_qa_0420,29,-0.406026
cta_qa_0420,30,-0.317845
cta_qa_0420,31,-35.250000
cta_qa_0420,32,-36.125000
cta_qa_0420,33,-0.464217
cta_qa_0420,34,-0.464217
cta_qa_0420,35,-0.464217
cta_qa_0420,36,-32.125000
cta_qa_0420,37,-0.348802
cta_qa_0420,38,-0.374783
cta_qa_0420,39,-0.374783
cta_qa_0420,40,-0.217799
cta_qa_0420,41,-36.125000
cta_qa_0420,42,-0.464217
cta_qa_0420,43,-0.464217
cta_qa_0420,44,-0.374783
cta_qa_0420,45,-32.250000
cta_qa_0420,46,-0.287647
cta_qa_0420,47,-0.349019
cta_qa_0420,48,-0.464217
cta_qa_0420,49,-0.221991
cta_qa_0420,50,-0.217799
cta_qa_0420,51,-36.125000
cta_qa_0420,52,-34.125000
cta_qa_0420,53,-0.304958
cta_qa_0420,54,-0.249773
cta_qa_0420,55,-0.304958
cta_qa_0420,56,-0.227099
cta_qa_0420,57,-0.312266
cta_qa_0420,58,-34.125000
cta_qa_0420,59,-0.225232
cta_qa_0420,60,-0.464217
cta_qa_0420,61,-0.221991
cta_qa_0420,62,-36.125000
cta_qa_0420,63,-0.318354
cta_qa_0421,0,-36.312500
cta_qa_0421,1,-36.312500
cta_qa_0421,2,-36.312500
cta_qa_0421,3,-36.312500
cta_qa_0421,4,-36.312500
cta_qa_0421,5,-36.312500
cta_qa_0421,6,-36.312500
cta_qa_0421,7,-36.312500
cta_qa_0421,8,-36.312500
cta_qa_0421,9,-36.312500
cta_qa_0421,10,-36.312500
cta_qa_0421,11,-36.312500
cta_qa_0421,12,-36.000000
cta_qa_0421,13,-0.378412
cta_qa_0421,14,-36.312500
cta_qa_0421,15,-36.312500
cta_qa_0421,16,-0.287462
cta_qa_0421,17,-0.287462
cta_qa_0421,18,-0.287462
cta_qa_0421,19,-34.875000
cta_qa_0421,20,-36.312500
cta_qa_0421,21,-36.312500
cta_qa_0421,22,-36.312500
cta_qa_0421,23,-36.312500
cta_qa_0421,24,-36.125000
cta_qa_0421,25,-36.312500
cta_qa_0421,26,-36.312500
cta_qa_0421,27,-36.125000
cta_qa_0421,28,-35.000000
cta_qa_0421,29,-0.381311
cta_qa_0421,30,-0.381311
cta_qa_0421,31,-0.381311
cta_qa_0421,32,-36.312500
cta_qa_0421,33,-36.312500
cta_qa_0421,34,-36.125000
cta_qa_0421,35,-36.312500
cta_qa_0421,36,-36.125000
cta_qa_0421,37,-36.312500
cta_qa_0421,38,-36.125000
cta_qa_0421,39,-36.312500
cta_qa_0421,40,-36.125000
cta_qa_0421,41,-36.125000
cta_qa_0421,42,-36.125000
cta_qa_0421,43,-36.312500
cta_qa_0421,44,-35.000000
cta_qa_0421,45,-0.381311
cta_qa_0421,46,-0.381311
cta_qa_0421,47,-0.381311
cta_qa_0421,48,-36.312500
cta_qa_0421,49,-36.312500
cta_qa_0421,50,-36.312500
cta_qa_0421,51,-36.312500
cta_qa_0421,52,-36.312500
cta_qa_0421,53,-36.312500
cta_qa_0421,54,-36.312500
cta_qa_0421,55,-36.312500
cta_qa_0421,56,-0.346082
cta_qa_0421,57,-0.346082
cta_qa_0421,58,-0.344509
cta_qa_0421,59,-32.312500
cta_qa_0421,60,-35.000000
cta_qa_0421,61,-0.381311
cta_qa_0421,62,-0.381311
cta_qa_0421,63,-0.381311
cta_qa_0422,0,-0.340816
cta_qa_0422,1,-38.187500
cta_qa_0422,2,-0.318385
cta_qa_0422,3,-37.125000
cta_qa_0422,4,-0.435862
cta_qa_0422,5,-0.435862
cta_qa_0422,6,-0.435862
cta_qa_0422,7,-37.875000
cta_qa_0422,8,-0.258155
cta_qa_0422,9,-37.375000
cta_qa_0422,10,-0.344900
cta_qa_0422,11,-0.343543
cta_qa_0422,12,-0.380960
cta_qa_0422,13,-0.406057
cta_qa_0422,14,-37.500000
cta_qa_0422,15,-0.349385
cta_qa_0422,16,-0.406057
cta_qa_0422,17,-37.500000
cta_qa_0422,18,-0.319344
cta_qa_0422,19,-37.500000
cta_qa_0422,20,-0.318385
cta_qa_0422,21,-0.340816
cta_qa_0422,22,-0.340816
cta_qa_0422,23,-38.000000
cta_qa_0422,24,-37.125000
cta_qa_0422,25,-0.245618
cta_qa_0422,26,-0.340816
cta_qa_0422,27,-0.340816
cta_qa_0422,28,-38.437500
cta_qa_0422,29,-0.406057
cta_qa_0422,30,-0.318295
cta_qa_0422,31,-0.408534
cta_qa_0422,32,-37.500000
cta_qa_0422,33,-0.406057
cta_qa_0422,34,-37.500000
cta_qa_0422,35,-0.406057
cta_qa_0422,36,-0.406057
cta_qa_0422,37,-37.500000
cta_qa_0422,38,-0.434723
cta_qa_0422,39,-38.250000
cta_qa_0422,40,-37.125000
cta_qa_0422,41,-0.307647
cta_qa_0422,42,-0.307647
cta_qa_0422,43,-0.307647
cta_qa_0422,44,-38.000000
cta_qa_0422,45,-38.000000
cta_qa_0422,46,-0.340816
cta_qa_0422,47,-0.318385
cta_qa_0422,48,-0.435862
cta_qa_0422,49,-0.347685
cta_qa_0422,50,-37.937500
cta_qa_0422,51,-0.435862
cta_qa_0422,52,-37.562500
cta_qa_0422,53,-0.320401
cta_qa_0422,54,-0.320401
cta_qa_0422,55,-0.411374
cta_qa_0422,56,-38.250000
cta_qa_0422,57,-0.349385
cta_qa_0422,58,-0.406057
cta_qa_0422,59,-0.406057
cta_qa_0422,60,-0.349385
cta_qa_0422,61,-37.500000
cta_qa_0422,62,-0.406057
cta_qa_0422,63,-0.406057
cta_qa_0423,0,-0.409532
cta_qa_0423,1,-0.409532
cta_qa_0423,2,-0.344815
cta_qa_0423,3,-34.750000
cta_qa_0423,4,-35.500000
cta_qa_0423,5,-0.465665
cta_qa_0423,6,-35.500000
cta_qa_0423,7,-35.500000
cta_qa_0423,8,-0.466410
cta_qa_0423,9,-0.465665
cta_qa_0423,10,-35.500000
cta_qa_0423,11,-35.500000
cta_qa_0423,12,-0.344815
cta_qa_0423,13,-34.750000
cta_qa_0423,14,-0.378390
cta_qa_0423,15,-0.344815
cta_qa_0423,16,-0.466410
cta_qa_0423,17,-35.500000
cta_qa_0423,18,-35.875000
cta_qa_0423,19,-0.465665
cta_qa_0423,20,-38.125000
cta_qa_0423,21,-0.377913
cta_qa_0423,22,-33.125000
cta_qa_0423,23,-0.408784
cta_qa_0423,24,-0.466410
cta_qa_0423,25,-35.500000
cta_qa_0423,26,-35.500000
cta_qa_0423,27,-35.500000
cta_qa_0423,28,-0.344815
cta_qa_0423,29,-0.409532
cta_qa_0423,30,-34.750000
cta_qa_0423,31,-0.344815
cta_qa_0423,32,-0.466410
cta_qa_0423,33,-35.500000
cta_qa_0423,34,-0.465665
cta_qa_0423,35,-35.500000
cta_qa_0423,36,-35.500000
cta_qa_0423,37,-0.466410
cta_qa_0423,38,-35.500000
cta_qa_0423,39,-0.465665
cta_qa_0423,40,-0.465665
cta_qa_0423,41,-35.500000
cta_qa_0423,42,-0.466410
cta_qa_0423,43,-0.465665
cta_qa_0423,44,-35.875000
cta_qa_0423,45,-35.875000
cta_qa_0423,46,-0.465665
cta_qa_0423,47,-0.465665
cta_qa_0423,48,-0.376249
cta_qa_0423,49,-37.125000
cta_qa_0423,50,-0.376249
cta_qa_0423,51,-0.408719
cta_qa_0423,52,-0.344815
cta_qa_0423,53,-34.750000
cta_qa_0423,54,-0.344815
cta_qa_0423,55,-0.378390
cta_qa_0423,56,-34.750000
cta_qa_0423,57,-0.344815
cta_qa_0423,58,-0.380760
cta_qa_0423,59,-0.378390
cta_qa_0423,60,-37.812500
cta_qa_0423,61,-0.406014
cta_qa_0423,62,-0.351624
cta_qa_0423,63,-37.375000
cta_qa_0424,0,-38.125000
cta_qa_0424,1,-0.322078
cta_qa_0424,2,-38.812500
cta_qa_0424,3,-0.313956
cta_qa_0424,4,-0.250651
cta_qa_0424,5,-0.249818
cta_qa_0424,6,-0.281048
cta_qa_0424,7,-37.812500
cta_qa_0424,8,-0.292775
cta_qa_0424,9,-37.875000
cta_qa_0424,10,-38.062500
cta_qa_0424,11,-0.250691
cta_qa_0424,12,-0.352408
cta_qa_0424,13,-0.281876
cta_qa_0424,14,-0.318923
cta_qa_0424,15,-38.437500
cta_qa_0424,16,-38.062500
cta_qa_0424,17,-0.318021
cta_qa_0424,18,-38.562500
cta_qa_0424,19,-0.291254
cta_qa_0424,20,-0.311472
cta_qa_0424,21,-35.875000
cta_qa_0424,22,-38.437500
cta_qa_0424,23,-37.750000
cta_qa_0424,24,-35.750000
cta_qa_0424,25,-0.347773
cta_qa_0424,26,-0.318730
cta_qa_0424,27,-38.437500
cta_qa_0424,28,-36.937500
cta_qa_0424,29,-0.348433
cta_qa_0424,30,-0.260715
cta_qa_0424,31,-0.313143
cta_qa_0424,32,-37.625000
cta_qa_0424,33,-0.250644
cta_qa_0424,34,-0.320912
cta_qa_0424,35,-0.282656
cta_qa_0424,36,-0.251419
cta_qa_0424,37,-38.875000
cta_qa_0424,38,-0.374798
cta_qa_0424,39,-0.350146
cta_qa_0424,40,-38.187500
cta_qa_0424,41,-0.256292
cta_qa_0424,42,-0.249823
cta_qa_0424,43,-0.260707
cta_qa_0424,44,-0.382445
cta_qa_0424,45,-0.313138
cta_qa_0424,46,-38.125000
cta_qa_0424,47,-0.320789
cta_qa_0424,48,-38.500000
cta_qa_0424,49,-0.191516
cta_qa_0424,50,-38.375000
cta_qa_0424,51,-0.220259
cta_qa_0424,52,-0.252417
cta_qa_0424,53,-0.311517
cta_qa_0424,54,-0.317476
cta_qa_0424,55,-38.375000
cta_qa_0424,56,-0.282643
cta_qa_0424,57,-38.500000
cta_qa_0424,58,-0.347280
cta_qa_0424,59,-38.437500
cta_qa_0424,60,-0.321033
cta_qa_0424,61,-38.000000
cta_qa_0424,62,-0.252165
cta_qa_0424,63,-0.323700
cta_qa_0425,0,-37.937500
cta_qa_0425,1,-0.443710
cta_qa_0425,2,-0.415050
cta_qa_0425,3,-0.415050
cta_qa_0425,4,-0.379415
cta_qa_0425,5,-0.467235
cta_qa_0425,6,-36.000000
cta_qa_0425,7,-36.000000
cta_qa_0425,8,-0.412097
cta_qa_0425,9,-0.383897
cta_qa_0425,10,-0.383897
cta_qa_0425,11,-36.750000
cta_qa_0425,12,-0.375628
cta_qa_0425,13,-0.352516
cta_qa_0425,14,-36.000000
cta_qa_0425,15,-0.379415
cta_qa_0425,16,-36.000000
cta_qa_0425,17,-0.382481
cta_qa_0425,18,-36.000000
cta_qa_0425,19,-0.383169
cta_qa_0425,20,-0.352670
cta_qa_0425,21,-0.351753
cta_qa_0425,22,-36.312500
cta_qa_0425,23,-0.355449
cta_qa_0425,24,-0.351753
cta_qa_0425,25,-0.355449
cta_qa_0425,26,-34.000000
cta_qa_0425,27,-0.347976
cta_qa_0425,28,-36.000000
cta_qa_0425,29,-0.352516
cta_qa_0425,30,-0.467235
cta_qa_0425,31,-0.352516
cta_qa_0425,32,-37.000000
cta_qa_0425,33,-0.415299
cta_qa_0425,34,-0.385591
cta_qa_0425,35,-0.385591
cta_qa_0425,36,-0.444715
cta_qa_0425,37,-0.444715
cta_qa_0425,38,-36.500000
cta_qa_0425,39,-0.323701
cta_qa_0425,40,-36.000000
cta_qa_0425,41,-0.352516
cta_qa_0425,42,-36.000000
cta_qa_0425,43,-0.352516
cta_qa_0425,44,-0.467235
cta_qa_0425,45,-0.353280
cta_qa_0425,46,-0.352516
cta_qa_0425,47,-36.000000
cta_qa_0425,48,-36.937500
cta_qa_0425,49,-0.532429
cta_qa_0425,50,-36.937500
cta_qa_0425,51,-36.937500
cta_qa_0425,52,-37.125000
cta_qa_0425,53,-37.125000
cta_qa_0425,54,-0.437292
cta_qa_0425,55,-0.444949
cta_qa_0425,56,-36.000000
cta_qa_0425,57,-36.000000
cta_qa_0425,58,-0.352516
cta_qa_0425,59,-0.352516
cta_qa_0425,60,-37.125000
cta_qa_0425,61,-0.444949
cta_qa_0425,62,-0.444949
cta_qa_0425,63,-0.444949
cta_qa_0426,0,-0.320379
cta_qa_0426,1,-0.351910
cta_qa_0426,2,-38.437500
cta_qa_0426,3,-38.000000
cta_qa_0426,4,-0.317695
cta_qa_0426,5,-0.317697
cta_qa_0426,6,-38.687500
cta_qa_0426,7,-0.352776
cta_qa_0426,8,-0.350663
cta_qa_0426,9,-0.345526
cta_qa_0426,10,-0.313064
cta_qa_0426,11,-38.250000
cta_qa_0426,12,-37.125000
cta_qa_0426,13,-0.383880
cta_qa_0426,14,-0.324860
cta_qa_0426,15,-0.357471
cta_qa_0426,16,-38.500000
cta_qa_0426,17,-37.250000
cta_qa_0426,18,-38.187500
cta_qa_0426,19,-0.345052
cta_qa_0426,20,-0.326130
cta_qa_0426,21,-37.500000
cta_qa_0426,22,-0.415001
cta_qa_0426,23,-0.410145
cta_qa_0426,24,-0.326153
cta_qa_0426,25,-0.286436
cta_qa_0426,26,-23.125000
cta_qa_0426,27,-0.220934
cta_qa_0426,28,-0.295944
cta_qa_0426,29,-38.187500
cta_qa_0426,30,-0.346691
cta_qa_0426,31,-0.282598
cta_qa_0426,32,-0.282672
cta_qa_0426,33,-0.382215
cta_qa_0426,34,-0.318034
cta_qa_0426,35,-38.750000
cta_qa_0426,36,-0.326227
cta_qa_0426,37,-0.382213
cta_qa_0426,38,-38.437500
cta_qa_0426,39,-0.355577
cta_qa_0426,40,-37.500000
cta_qa_0426,41,-0.319922
cta_qa_0426,42,-0.350567
cta_qa_0426,43,-0.352750
cta_qa_0426,44,-0.285638
cta_qa_0426,45,-0.282639
cta_qa_0426,46,-38.375000
cta_qa_0426,47,-0.279322
cta_qa_0426,48,-0.385675
cta_qa_0426,49,-0.347513
cta_qa_0426,50,-0.284843
cta_qa_0426,51,-38.062500
cta_qa_0426,52,-38.000000
cta_qa_0426,53,-0.314657
cta_qa_0426,54,-0.382252
cta_qa_0426,55,-38.687500
cta_qa_0426,56,-38.500000
cta_qa_0426,57,-0.321123
cta_qa_0426,58,-38.437500
cta_qa_0426,59,-0.384010
cta_qa_0426,60,-38.312500
cta_qa_0426,61,-0.351671
cta_qa_0426,62,-38.000000
cta_qa_0426,63,-38.250000
cta_qa_0427,0,-36.375000
cta_qa_0427,1,-0.190051
cta_qa_0427,2,-0.190051
cta_qa_0427,3,-0.185439
cta_qa_0427,4,-36.937500
cta_qa_0427,5,-0.288260
cta_qa_0427,6,-0.407413
cta_qa_0427,7,-0.407413
cta_qa_0427,8,-0.406046
cta_qa_0427,9,-36.062500
cta_qa_0427,10,-0.381687
cta_qa_0427,11,-0.406046
cta_qa_0427,12,-0.400319
cta_qa_0427,13,-36.125000
cta_qa_0427,14,-0.371937
cta_qa_0427,15,-0.407413
cta_qa_0427,16,-36.625000
cta_qa_0427,17,-0.346328
cta_qa_0427,18,-0.346328
cta_qa_0427,19,-0.346328
cta_qa_0427,20,-36.375000
cta_qa_0427,21,-36.375000
cta_qa_0427,22,-36.375000
cta_qa_0427,23,-36.375000
cta_qa_0427,24,-0.407509
cta_qa_0427,25,-0.407509
cta_qa_0427,26,-36.000000
cta_qa_0427,27,-0.407509
cta_qa_0427,28,-0.354836
cta_qa_0427,29,-0.346328
cta_qa_0427,30,-0.349258
cta_qa_0427,31,-35.312500
cta_qa_0427,32,-36.375000
cta_qa_0427,33,-36.375000
cta_qa_0427,34,-37.500000
cta_qa_0427,35,-36.375000
cta_qa_0427,36,-0.314805
cta_qa_0427,37,-36.125000
cta_qa_0427,38,-0.249814
cta_qa_0427,39,-0.285621
cta_qa_0427,40,-0.352004
cta_qa_0427,41,-0.346328
cta_qa_0427,42,-0.347989
cta_qa_0427,43,-36.750000
cta_qa_0427,44,-36.500000
cta_qa_0427,45,-36.500000
cta_qa_0427,46,-36.500000
cta_qa_0427,47,-0.218578
cta_qa_0427,48,-0.404633
cta_qa_0427,49,-0.376241
cta_qa_0427,50,-37.000000
cta_qa_0427,51,-0.373336
cta_qa_0427,52,-36.375000
cta_qa_0427,53,-36.375000
cta_qa_0427,54,-36.375000
cta_qa_0427,55,-36.375000
cta_qa_0427,56,-37.125000
cta_qa_0427,57,-0.346328
cta_qa_0427,58,-0.319392
cta_qa_0427,59,-0.346328
cta_qa_0427,60,-0.407509
cta_qa_0427,61,-0.407509
cta_qa_0427,62,-35.750000
cta_qa_0427,63,-0.407509
cta_qa_0428,0,-0.468535
cta_qa_0428,1,-0.468535
cta_qa_0428,2,-0.468544
cta_qa_0428,3,-34.750000
cta_qa_0428,4,-0.374819
cta_qa_0428,5,-36.750000
cta_qa_0428,6,-0.374819
cta_qa_0428,7,-0.374819
cta_qa_0428,8,-37.000000
cta_qa_0428,9,-37.000000
cta_qa_0428,10,-37.000000
cta_qa_0428,11,-37.000000
cta_qa_0428,12,-36.125000
cta_qa_0428,13,-0.374819
cta_qa_0428,14,-36.125000
cta_qa_0428,15,-36.125000
cta_qa_0428,16,-37.187500
cta_qa_0428,17,-0.347389
cta_qa_0428,18,-0.350984
cta_qa_0428,19,-0.347389
cta_qa_0428,20,-36.125000
cta_qa_0428,21,-0.374819
cta_qa_0428,22,-0.374819
cta_qa_0428,23,-0.374819
cta_qa_0428,24,-36.125000
cta_qa_0428,25,-0.374819
cta_qa_0428,26,-36.125000
cta_qa_0428,27,-0.374819
cta_qa_0428,28,-0.374819
cta_qa_0428,29,-36.125000
cta_qa_0428,30,-0.374819
cta_qa_0428,31,-0.374819
cta_qa_0428,32,-0.374819
cta_qa_0428,33,-36.125000
cta_qa_0428,34,-0.374819
cta_qa_0428,35,-0.374819
cta_qa_0428,36,-0.374819
cta_qa_0428,37,-0.374819
cta_qa_0428,38,-36.125000
cta_qa_0428,39,-0.374819
cta_qa_0428,40,-0.380774
cta_qa_0428,41,-37.625000
cta_qa_0428,42,-0.380774
cta_qa_0428,43,-0.380774
cta_qa_0428,44,-0.379354
cta_qa_0428,45,-0.379354
cta_qa_0428,46,-0.379354
cta_qa_0428,47,-36.500000
cta_qa_0428,48,-37.000000
cta_qa_0428,49,-37.000000
cta_qa_0428,50,-37.000000
cta_qa_0428,51,-37.000000
cta_qa_0428,52,-0.277532
cta_qa_0428,53,-37.875000
cta_qa_0428,54,-0.468544
cta_qa_0428,55,-37.312500
cta_qa_0428,56,-0.439837
cta_qa_0428,57,-36.312500
cta_qa_0428,58,-0.468544
cta_qa_0428,59,-0.468544
cta_qa_0428,60,-0.440984
cta_qa_0428,61,-37.562500
cta_qa_0428,62,-0.440984
cta_qa_0428,63,-0.440984
cta_qa_0429,0,-0.229302
cta_qa_0429,1,-0.190860
cta_qa_0429,2,-38.812500
cta_qa_0429,3,-0.289382
cta_qa_0429,4,-16.375000
cta_qa_0429,5,-16.375000
cta_qa_0429,6,-16.375000
cta_qa_0429,7,-16.375000
cta_qa_0429,8,-0.407053
cta_qa_0429,9,-37.437500
cta_qa_0429,10,-0.407053
cta_qa_0429,11,-0.407053
cta_qa_0429,12,-37.312500
cta_qa_0429,13,-38.500000
cta_qa_0429,14,-0.380771
cta_qa_0429,15,-0.380771
cta_qa_0429,16,-0.407053
cta_qa_0429,17,-0.407053
cta_qa_0429,18,-39.062500
cta_qa_0429,19,-0.407053
cta_qa_0429,20,-0.407053
cta_qa_0429,21,-38.062500
cta_qa_0429,22,-0.407053
cta_qa_0429,23,-0.407053
cta_qa_0429,24,-0.378748
cta_qa_0429,25,-37.937500
cta_qa_0429,26,-0.378748
cta_qa_0429,27,-0.378748
cta_qa_0429,28,-0.378748
cta_qa_0429,29,-0.378748
cta_qa_0429,30,-0.378748
cta_qa_0429,31,-37.937500
cta_qa_0429,32,-0.506498
cta_qa_0429,33,-0.506498
cta_qa_0429,34,-38.125000
cta_qa_0429,35,-0.506498
cta_qa_0429,36,-0.407454
cta_qa_0429,37,-0.407454
cta_qa_0429,38,-0.407454
cta_qa_0429,39,-37.750000
cta_qa_0429,40,-16.375000
cta_qa_0429,41,-16.375000
cta_qa_0429,42,-16.375000
cta_qa_0429,43,-16.375000
cta_qa_0429,44,-0.380771
cta_qa_0429,45,-0.380771
cta_qa_0429,46,-38.250000
cta_qa_0429,47,-0.380771
cta_qa_0429,48,-0.441246
cta_qa_0429,49,-0.441246
cta_qa_0429,50,-37.312500
cta_qa_0429,51,-0.441246
cta_qa_0429,52,-0.472553
cta_qa_0429,53,-0.472553
cta_qa_0429,54,-0.472553
cta_qa_0429,55,-35.125000
cta_qa_0429,56,-16.375000
cta_qa_0429,57,-16.375000
cta_qa_0429,58,-16.375000
cta_qa_0429,59,-16.375000
cta_qa_0429,60,-0.506498
cta_qa_0429,61,-36.000000
cta_qa_0429,62,-0.506498
cta_qa_0429,63,-0.506498
cta_qa_0430,0,-0.507810
cta_qa_0430,1,-0.447633
cta_qa_0430,2,-33.375000
cta_qa_0430,3,-0.505785
cta_qa_0430,4,-23.875000
cta_qa_0430,5,-0.473503
cta_qa_0430,6,-0.446535
cta_qa_0430,7,-0.590945
cta_qa_0430,8,-0.381659
cta_qa_0430,9,-0.444745
cta_qa_0430,10,-0.473525
cta_qa_0430,11,-35.250000
cta_qa_0430,12,-0.538058
cta_qa_0430,13,-34.125000
cta_qa_0430,14,-0.447633
cta_qa_0430,15,-0.447633
cta_qa_0430,16,-0.474619
cta_qa_0430,17,-33.375000
cta_qa_0430,18,-0.507810
cta_qa_0430,19,-0.507810
cta_qa_0430,20,-0.475981
cta_qa_0430,21,-0.507810
cta_qa_0430,22,-37.687500
cta_qa_0430,23,-0.507810
cta_qa_0430,24,-0.446930
cta_qa_0430,25,-37.000000
cta_qa_0430,26,-0.380973
cta_qa_0430,27,-0.474434
cta_qa_0430,28,-0.447633
cta_qa_0430,29,-0.479025
cta_qa_0430,30,-34.000000
cta_qa_0430,31,-0.447633
cta_qa_0430,32,-0.589508
cta_qa_0430,33,-0.441139
cta_qa_0430,34,-36.812500
cta_qa_0430,35,-0.539660
cta_qa_0430,36,-36.812500
cta_qa_0430,37,-0.441155
cta_qa_0430,38,-0.473792
cta_qa_0430,39,-0.377370
cta_qa_0430,40,-0.472563
cta_qa_0430,41,-0.474612
cta_qa_0430,42,-0.504470
cta_qa_0430,43,-32.375000
cta_qa_0430,44,-0.507031
cta_qa_0430,45,-35.875000
cta_qa_0430,46,-0.474619
cta_qa_0430,47,-0.507810
cta_qa_0430,48,-0.443719
cta_qa_0430,49,-0.593526
cta_qa_0430,50,-0.507810
cta_qa_0430,51,-33.375000
cta_qa_0430,52,-0.473792
cta_qa_0430,53,-0.473792
cta_qa_0430,54,-36.812500
cta_qa_0430,55,-0.473792
cta_qa_0430,56,-0.447612
cta_qa_0430,57,-0.447612
cta_qa_0430,58,-35.375000
cta_qa_0430,59,-0.447612
cta_qa_0430,60,-0.414590
cta_qa_0430,61,-0.414590
cta_qa_0430,62,-33.500000
cta_qa_0430,63,-0.503813
cta_qa_0431,0,-0.504976
cta_qa_0431,1,-0.504976
cta_qa_0431,2,-38.000000
cta_qa_0431,3,-0.504976
cta_qa_0431,4,-0.410743
cta_qa_0431,5,-36.562500
cta_qa_0431,6,-0.593543
cta_qa_0431,7,-0.410743
cta_qa_0431,8,-37.500000
cta_qa_0431,9,-37.500000
cta_qa_0431,10,-37.500000
cta_qa_0431,11,-37.500000
cta_qa_0431,12,-37.500000
cta_qa_0431,13,-37.500000
cta_qa_0431,14,-37.500000
cta_qa_0431,15,-37.500000
cta_qa_0431,16,-37.500000
cta_qa_0431,17,-37.500000
cta_qa_0431,18,-37.500000
cta_qa_0431,19,-37.500000
cta_qa_0431,20,-0.415179
cta_qa_0431,21,-0.415179
cta_qa_0431,22,-37.812500
cta_qa_0431,23,-0.415179
cta_qa_0431,24,-37.500000
cta_qa_0431,25,-37.500000
cta_qa_0431,26,-37.500000
cta_qa_0431,27,-37.500000
cta_qa_0431,28,-37.500000
cta_qa_0431,29,-37.500000
cta_qa_0431,30,-37.500000
cta_qa_0431,31,-37.500000
cta_qa_0431,32,-0.415179
cta_qa_0431,33,-37.812500
cta_qa_0431,34,-0.415179
cta_qa_0431,35,-0.415179
cta_qa_0431,36,-37.500000
cta_qa_0431,37,-37.500000
cta_qa_0431,38,-37.500000
cta_qa_0431,39,-37.500000
cta_qa_0431,40,-0.438721
cta_qa_0431,41,-35.500000
cta_qa_0431,42,-0.438721
cta_qa_0431,43,-0.438721
cta_qa_0431,44,-37.500000
cta_qa_0431,45,-37.500000
cta_qa_0431,46,-37.500000
cta_qa_0431,47,-37.500000
cta_qa_0431,48,-0.504976
cta_qa_0431,49,-0.504976
cta_qa_0431,50,-37.125000
cta_qa_0431,51,-0.504976
cta_qa_0431,52,-37.500000
cta_qa_0431,53,-37.500000
cta_qa_0431,54,-37.500000
cta_qa_0431,55,-37.500000
cta_qa_0431,56,-37.500000
cta_qa_0431,57,-37.500000
cta_qa_0431,58,-37.500000
cta_qa_0431,59,-37.500000
cta_qa_0431,60,-0.440002
cta_qa_0431,61,-0.440002
cta_qa_0431,62,-0.440002
cta_qa_0431,63,-37.500000
cta_qa_0432,0,-33.875000
cta_qa_0432,1,-33.875000
cta_qa_0432,2,-33.875000
cta_qa_0432,3,-35.750000
cta_qa_0432,4,-33.875000
cta_qa_0432,5,-33.875000
cta_qa_0432,6,-33.875000
cta_qa_0432,7,-33.875000
cta_qa_0432,8,-33.875000
cta_qa_0432,9,-33.875000
cta_qa_0432,10,-33.875000
cta_qa_0432,11,-33.875000
cta_qa_0432,12,-33.875000
cta_qa_0432,13,-33.875000
cta_qa_0432,14,-33.875000
cta_qa_0432,15,-33.875000
cta_qa_0432,16,-0.411810
cta_qa_0432,17,-37.000000
cta_qa_0432,18,-0.411810
cta_qa_0432,19,-0.411810
cta_qa_0432,20,-33.875000
cta_qa_0432,21,-33.875000
cta_qa_0432,22,-33.875000
cta_qa_0432,23,-33.875000
cta_qa_0432,24,-33.500000
cta_qa_0432,25,-0.388283
cta_qa_0432,26,-0.410263
cta_qa_0432,27,-0.410263
cta_qa_0432,28,-0.223714
cta_qa_0432,29,-37.437500
cta_qa_0432,30,-0.223714
cta_qa_0432,31,-0.223714
cta_qa_0432,32,-33.875000
cta_qa_0432,33,-33.875000
cta_qa_0432,34,-33.875000
cta_qa_0432,35,-35.750000
cta_qa_0432,36,-33.875000
cta_qa_0432,37,-33.875000
cta_qa_0432,38,-33.875000
cta_qa_0432,39,-32.500000
cta_qa_0432,40,-33.875000
cta_qa_0432,41,-35.750000
cta_qa_0432,42,-33.875000
cta_qa_0432,43,-33.875000
cta_qa_0432,44,-33.875000
cta_qa_0432,45,-33.875000
cta_qa_0432,46,-35.625000
cta_qa_0432,47,-33.875000
cta_qa_0432,48,-33.875000
cta_qa_0432,49,-32.500000
cta_qa_0432,50,-33.875000
cta_qa_0432,51,-33.875000
cta_qa_0432,52,-33.875000
cta_qa_0432,53,-33.875000
cta_qa_0432,54,-33.875000
cta_qa_0432,55,-33.875000
cta_qa_0432,56,-33.875000
cta_qa_0432,57,-33.875000
cta_qa_0432,58,-33.875000
cta_qa_0432,59,-33.875000
cta_qa_0432,60,-33.875000
cta_qa_0432,61,-33.875000
cta_qa_0432,62,-33.875000
cta_qa_0432,63,-33.875000
cta_qa_0433,0,-38.562500
cta_qa_0433,1,-0.343521
cta_qa_0433,2,-0.343521
cta_qa_0433,3,-0.343521
cta_qa_0433,4,-0.343521
cta_qa_0433,5,-38.562500
cta_qa_0433,6,-0.343521
cta_qa_0433,7,-38.562500
cta_qa_0433,8,-0.343521
cta_qa_0433,9,-0.343521
cta_qa_0433,10,-0.343521
cta_qa_0433,11,-38.562500
cta_qa_0433,12,-38.562500
cta_qa_0433,13,-0.343521
cta_qa_0433,14,-0.343521
cta_qa_0433,15,-0.354135
cta_qa_0433,16,-0.528523
cta_qa_0433,17,-0.463098
cta_qa_0433,18,-38.000000
cta_qa_0433,19,-0.528523
cta_qa_0433,20,-0.407246
cta_qa_0433,21,-37.625000
cta_qa_0433,22,-0.407246
cta_qa_0433,23,-0.434880
cta_qa_0433,24,-0.378155
cta_qa_0433,25,-38.562500
cta_qa_0433,26,-0.343521
cta_qa_0433,27,-0.343521
cta_qa_0433,28,-0.343521
cta_qa_0433,29,-38.562500
cta_qa_0433,30,-38.562500
cta_qa_0433,31,-0.343521
cta_qa_0433,32,-0.257886
cta_qa_0433,33,-38.875000
cta_qa_0433,34,-0.588812
cta_qa_0433,35,-0.588812
cta_qa_0433,36,-38.562500
cta_qa_0433,37,-38.562500
cta_qa_0433,38,-0.343521
cta_qa_0433,39,-0.354135
cta_qa_0433,40,-39.062500
cta_qa_0433,41,-39.062500
cta_qa_0433,42,-39.062500
cta_qa_0433,43,-39.062500
cta_qa_0433,44,-0.343521
cta_qa_0433,45,-0.343521
cta_qa_0433,46,-0.343521
cta_qa_0433,47,-38.562500
cta_qa_0433,48,-0.223571
cta_qa_0433,49,-0.354135
cta_qa_0433,50,-38.562500
cta_qa_0433,51,-0.343521
cta_qa_0433,52,-38.562500
cta_qa_0433,53,-0.345461
cta_qa_0433,54,-0.343521
cta_qa_0433,55,-0.343521
cta_qa_0433,56,-0.463098
cta_qa_0433,57,-0.463098
cta_qa_0433,58,-0.463098
cta_qa_0433,59,-38.000000
cta_qa_0433,60,-0.343521
cta_qa_0433,61,-38.562500
cta_qa_0433,62,-0.343521
cta_qa_0433,63,-0.343521
cta_qa_0434,0,-36.750000
cta_qa_0434,1,-0.384320
cta_qa_0434,2,-0.384320
cta_qa_0434,3,-0.327009
cta_qa_0434,4,-0.261217
cta_qa_0434,5,-37.875000
cta_qa_0434,6,-0.261217
cta_qa_0434,7,-0.261217
cta_qa_0434,8,-36.750000
cta_qa_0434,9,-0.441503
cta_qa_0434,10,-0.441503
cta_qa_0434,11,-36.750000
cta_qa_0434,12,-36.750000
cta_qa_0434,13,-0.384320
cta_qa_0434,14,-0.327009
cta_qa_0434,15,-36.750000
cta_qa_0434,16,-0.441503
cta_qa_0434,17,-0.441503
cta_qa_0434,18,-36.750000
cta_qa_0434,19,-0.322341
cta_qa_0434,20,-0.261217
cta_qa_0434,21,-37.875000
cta_qa_0434,22,-0.102331
cta_qa_0434,23,-0.261217
cta_qa_0434,24,-37.875000
cta_qa_0434,25,-0.261217
cta_qa_0434,26,-37.875000
cta_qa_0434,27,-37.875000
cta_qa_0434,28,-0.443029
cta_qa_0434,29,-37.937500
cta_qa_0434,30,-0.165226
cta_qa_0434,31,-0.165226
cta_qa_0434,32,-0.323254
cta_qa_0434,33,-36.750000
cta_qa_0434,34,-36.750000
cta_qa_0434,35,-36.750000
cta_qa_0434,36,-0.416974
cta_qa_0434,37,-37.875000
cta_qa_0434,38,-0.261217
cta_qa_0434,39,-0.416974
cta_qa_0434,40,-0.353933
cta_qa_0434,41,-36.750000
cta_qa_0434,42,-0.384320
cta_qa_0434,43,-36.750000
cta_qa_0434,44,-0.323725
cta_qa_0434,45,-37.875000
cta_qa_0434,46,-0.384447
cta_qa_0434,47,-0.384447
cta_qa_0434,48,-36.750000
cta_qa_0434,49,-0.441503
cta_qa_0434,50,-36.750000
cta_qa_0434,51,-36.750000
cta_qa_0434,52,-0.441503
cta_qa_0434,53,-36.750000
cta_qa_0434,54,-36.750000
cta_qa_0434,55,-36.750000
cta_qa_0434,56,-0.322101
cta_qa_0434,57,-0.296428
cta_qa_0434,58,-0.384320
cta_qa_0434,59,-36.750000
cta_qa_0434,60,-37.875000
cta_qa_0434,61,-0.261217
cta_qa_0434,62,-0.470021
cta_qa_0434,63,-0.410877
cta_qa_0435,0,-0.373403
cta_qa_0435,1,-37.187500
cta_qa_0435,2,-37.812500
cta_qa_0435,3,-36.812500
cta_qa_0435,4,-38.125000
cta_qa_0435,5,-36.000000
cta_qa_0435,6,-38.062500
cta_qa_0435,7,-38.687500
cta_qa_0435,8,-38.062500
cta_qa_0435,9,-38.187500
cta_qa_0435,10,-38.187500
cta_qa_0435,11,-37.375000
cta_qa_0435,12,-37.875000
cta_qa_0435,13,-0.222600
cta_qa_0435,14,-37.875000
cta_qa_0435,15,-36.500000
cta_qa_0435,16,-38.625000
cta_qa_0435,17,-37.937500
cta_qa_0435,18,-37.250000
cta_qa_0435,19,-0.373403
cta_qa_0435,20,-37.875000
cta_qa_0435,21,-38.000000
cta_qa_0435,22,-38.187500
cta_qa_0435,23,-37.875000
cta_qa_0435,24,-0.320173
cta_qa_0435,25,-38.125000
cta_qa_0435,26,-0.222600
cta_qa_0435,27,-37.937500
cta_qa_0435,28,-38.625000
cta_qa_0435,29,-37.250000
cta_qa_0435,30,-0.373403
cta_qa_0435,31,-0.373403
cta_qa_0435,32,-0.373403
cta_qa_0435,33,-36.500000
cta_qa_0435,34,-0.253067
cta_qa_0435,35,-36.812500
cta_qa_0435,36,-0.373403
cta_qa_0435,37,-0.373403
cta_qa_0435,38,-38.625000
cta_qa_0435,39,-38.000000
cta_qa_0435,40,-0.351899
cta_qa_0435,41,-39.000000
cta_qa_0435,42,-0.352019
cta_qa_0435,43,-0.353869
cta_qa_0435,44,-0.415704
cta_qa_0435,45,-0.415704
cta_qa_0435,46,-38.750000
cta_qa_0435,47,-38.750000
cta_qa_0435,48,-0.373403
cta_qa_0435,49,-0.193044
cta_qa_0435,50,-37.875000
cta_qa_0435,51,-0.193044
cta_qa_0435,52,-0.323229
cta_qa_0435,53,-0.292765
cta_qa_0435,54,-0.322485
cta_qa_0435,55,-36.625000
cta_qa_0435,56,-0.373403
cta_qa_0435,57,-0.373403
cta_qa_0435,58,-37.250000
cta_qa_0435,59,-0.222600
cta_qa_0435,60,-0.373403
cta_qa_0435,61,-37.812500
cta_qa_0435,62,-38.000000
cta_qa_0435,63,-37.875000
cta_qa_0436,0,-0.346314
cta_qa_0436,1,-0.374782
cta_qa_0436,2,-0.372014
cta_qa_0436,3,-32.000000
cta_qa_0436,4,-0.437323
cta_qa_0436,5,-37.562500
cta_qa_0436,6,-0.437323
cta_qa_0436,7,-37.437500
cta_qa_0436,8,-30.000000
cta_qa_0436,9,-30.000000
cta_qa_0436,10,-30.000000
cta_qa_0436,11,-30.000000
cta_qa_0436,12,-0.374782
cta_qa_0436,13,-0.377377
cta_qa_0436,14,-0.464454
cta_qa_0436,15,-32.250000
cta_qa_0436,16,-0.437323
cta_qa_0436,17,-37.562500
cta_qa_0436,18,-37.562500
cta_qa_0436,19,-37.562500
cta_qa_0436,20,-0.434314
cta_qa_0436,21,-0.434314
cta_qa_0436,22,-0.434314
cta_qa_0436,23,-38.562500
cta_qa_0436,24,-0.437323
cta_qa_0436,25,-37.437500
cta_qa_0436,26,-0.437323
cta_qa_0436,27,-0.437323
cta_qa_0436,28,-0.376190
cta_qa_0436,29,-0.435802
cta_qa_0436,30,-0.435802
cta_qa_0436,31,-29.875000
cta_qa_0436,32,-0.464454
cta_qa_0436,33,-22.625000
cta_qa_0436,34,-0.343566
cta_qa_0436,35,-0.407318
cta_qa_0436,36,-29.875000
cta_qa_0436,37,-0.376154
cta_qa_0436,38,-0.376154
cta_qa_0436,39,-0.376154
cta_qa_0436,40,-0.461526
cta_qa_0436,41,-0.404819
cta_qa_0436,42,-38.187500
cta_qa_0436,43,-0.403615
cta_qa_0436,44,-32.625000
cta_qa_0436,45,-0.465672
cta_qa_0436,46,-0.465672
cta_qa_0436,47,-0.465672
cta_qa_0436,48,-0.346314
cta_qa_0436,49,-32.000000
cta_qa_0436,50,-0.374782
cta_qa_0436,51,-0.374782
cta_qa_0436,52,-0.464454
cta_qa_0436,53,-0.313612
cta_qa_0436,54,-0.464454
cta_qa_0436,55,-32.250000
cta_qa_0436,56,-30.000000
cta_qa_0436,57,-30.000000
cta_qa_0436,58,-30.000000
cta_qa_0436,59,-30.000000
cta_qa_0436,60,-0.343535
cta_qa_0436,61,-32.625000
cta_qa_0436,62,-0.376102
cta_qa_0436,63,-0.465672
cta_qa_0437,0,-34.500000
cta_qa_0437,1,-0.353583
cta_qa_0437,2,-0.438667
cta_qa_0437,3,-0.353080
cta_qa_0437,4,-0.380230
cta_qa_0437,5,-37.687500
cta_qa_0437,6,-0.380230
cta_qa_0437,7,-0.285890
cta_qa_0437,8,-0.316929
cta_qa_0437,9,-0.316929
cta_qa_0437,10,-37.312500
cta_qa_0437,11,-0.316929
cta_qa_0437,12,-30.000000
cta_qa_0437,13,-30.000000
cta_qa_0437,14,-30.000000
cta_qa_0437,15,-30.000000
cta_qa_0437,16,-37.687500
cta_qa_0437,17,-0.285890
cta_qa_0437,18,-0.380230
cta_qa_0437,19,-0.380230
cta_qa_0437,20,-0.472465
cta_qa_0437,21,-0.472465
cta_qa_0437,22,-27.625000
cta_qa_0437,23,-0.472465
cta_qa_0437,24,-0.316929
cta_qa_0437,25,-0.316929
cta_qa_0437,26,-0.316929
cta_qa_0437,27,-37.312500
cta_qa_0437,28,-0.441329
cta_qa_0437,29,-32.125000
cta_qa_0437,30,-0.414757
cta_qa_0437,31,-0.441329
cta_qa_0437,32,-30.000000
cta_qa_0437,33,-30.000000
cta_qa_0437,34,-30.000000
cta_qa_0437,35,-30.000000
cta_qa_0437,36,-0.316929
cta_qa_0437,37,-37.437500
cta_qa_0437,38,-0.316929
cta_qa_0437,39,-37.437500
cta_qa_0437,40,-0.411077
cta_qa_0437,41,-0.411852
cta_qa_0437,42,-35.875000
cta_qa_0437,43,-0.411077
cta_qa_0437,44,-32.500000
cta_qa_0437,45,-0.385298
cta_qa_0437,46,-0.445747
cta_qa_0437,47,-0.445747
cta_qa_0437,48,-0.251487
cta_qa_0437,49,-0.381450
cta_qa_0437,50,-38.500000
cta_qa_0437,51,-0.356359
cta_qa_0437,52,-0.411403
cta_qa_0437,53,-35.875000
cta_qa_0437,54,-0.411403
cta_qa_0437,55,-0.282683
cta_qa_0437,56,-0.351316
cta_qa_0437,57,-0.380230
cta_qa_0437,58,-0.351316
cta_qa_0437,59,-37.687500
cta_qa_0437,60,-0.386734
cta_qa_0437,61,-0.412090
cta_qa_0437,62,-0.412090
cta_qa_0437,63,-37.062500
cta_qa_0438,0,-0.316845
cta_qa_0438,1,-35.750000
cta_qa_0438,2,-35.750000
cta_qa_0438,3,-35.750000
cta_qa_0438,4,-0.382781
cta_qa_0438,5,-0.437304
cta_qa_0438,6,-36.937500
cta_qa_0438,7,-0.382781
cta_qa_0438,8,-37.125000
cta_qa_0438,9,-0.416966
cta_qa_0438,10,-0.352285
cta_qa_0438,11,-0.416966
cta_qa_0438,12,-35.750000
cta_qa_0438,13,-0.499781
cta_qa_0438,14,-35.750000
cta_qa_0438,15,-35.750000
cta_qa_0438,16,-35.750000
cta_qa_0438,17,-0.316845
cta_qa_0438,18,-35.750000
cta_qa_0438,19,-0.499781
cta_qa_0438,20,-35.750000
cta_qa_0438,21,-0.353741
cta_qa_0438,22,-0.385151
cta_qa_0438,23,-0.316845
cta_qa_0438,24,-35.875000
cta_qa_0438,25,-35.875000
cta_qa_0438,26,-35.875000
cta_qa_0438,27,-35.875000
cta_qa_0438,28,-0.499781
cta_qa_0438,29,-35.750000
cta_qa_0438,30,-35.750000
cta_qa_0438,31,-0.316845
cta_qa_0438,32,-35.875000
cta_qa_0438,33,-35.875000
cta_qa_0438,34,-35.875000
cta_qa_0438,35,-35.875000
cta_qa_0438,36,-35.875000
cta_qa_0438,37,-35.875000
cta_qa_0438,38,-35.875000
cta_qa_0438,39,-35.875000
cta_qa_0438,40,-35.875000
cta_qa_0438,41,-35.875000
cta_qa_0438,42,-35.875000
cta_qa_0438,43,-35.875000
cta_qa_0438,44,-35.750000
cta_qa_0438,45,-35.750000
cta_qa_0438,46,-0.316845
cta_qa_0438,47,-35.750000
cta_qa_0438,48,-35.750000
cta_qa_0438,49,-0.499781
cta_qa_0438,50,-35.750000
cta_qa_0438,51,-35.750000
cta_qa_0438,52,-0.316845
cta_qa_0438,53,-35.750000
cta_qa_0438,54,-35.750000
cta_qa_0438,55,-35.750000
cta_qa_0438,56,-0.383800
cta_qa_0438,57,-0.383800
cta_qa_0438,58,-0.383800
cta_qa_0438,59,-34.937500
cta_qa_0438,60,-35.875000
cta_qa_0438,61,-35.875000
cta_qa_0438,62,-35.875000
cta_qa_0438,63,-35.875000
cta_qa_0439,0,-37.625000
cta_qa_0439,1,-37.250000
cta_qa_0439,2,-37.250000
cta_qa_0439,3,-37.250000
cta_qa_0439,4,-37.250000
cta_qa_0439,5,-37.250000
cta_qa_0439,6,-37.250000
cta_qa_0439,7,-37.625000
cta_qa_0439,8,-37.250000
cta_qa_0439,9,-37.250000
cta_qa_0439,10,-37.250000
cta_qa_0439,11,-37.250000
cta_qa_0439,12,-37.625000
cta_qa_0439,13,-37.625000
cta_qa_0439,14,-37.625000
cta_qa_0439,15,-37.250000
cta_qa_0439,16,-37.250000
cta_qa_0439,17,-37.250000
cta_qa_0439,18,-37.250000
cta_qa_0439,19,-37.250000
cta_qa_0439,20,-37.250000
cta_qa_0439,21,-37.250000
cta_qa_0439,22,-37.250000
cta_qa_0439,23,-37.250000
cta_qa_0439,24,-37.250000
cta_qa_0439,25,-37.250000
cta_qa_0439,26,-37.250000
cta_qa_0439,27,-37.250000
cta_qa_0439,28,-0.404524
cta_qa_0439,29,-37.750000
cta_qa_0439,30,-0.396665
cta_qa_0439,31,-0.404524
cta_qa_0439,32,-0.272665
cta_qa_0439,33,-37.125000
cta_qa_0439,34,-37.125000
cta_qa_0439,35,-37.125000
cta_qa_0439,36,-37.625000
cta_qa_0439,37,-37.250000
cta_qa_0439,38,-37.250000
cta_qa_0439,39,-37.250000
cta_qa_0439,40,-37.250000
cta_qa_0439,41,-37.250000
cta_qa_0439,42,-37.250000
cta_qa_0439,43,-37.625000
cta_qa_0439,44,-37.125000
cta_qa_0439,45,-0.272665
cta_qa_0439,46,-37.125000
cta_qa_0439,47,-37.125000
cta_qa_0439,48,-37.125000
cta_qa_0439,49,-0.272665
cta_qa_0439,50,-37.125000
cta_qa_0439,51,-37.125000
cta_qa_0439,52,-37.250000
cta_qa_0439,53,-37.250000
cta_qa_0439,54,-37.625000
cta_qa_0439,55,-37.250000
cta_qa_0439,56,-37.250000
cta_qa_0439,57,-37.250000
cta_qa_0439,58,-37.250000
cta_qa_0439,59,-37.250000
cta_qa_0439,60,-0.467044
cta_qa_0439,61,-36.500000
cta_qa_0439,62,-0.403106
cta_qa_0439,63,-0.403106
cta_qa_0440,0,-0.438674
cta_qa_0440,1,-0.406043
cta_qa_0440,2,-0.406043
cta_qa_0440,3,-34.500000
cta_qa_0440,4,-35.500000
cta_qa_0440,5,-35.500000
cta_qa_0440,6,-35.875000
cta_qa_0440,7,-0.344472
cta_qa_0440,8,-0.438428
cta_qa_0440,9,-35.875000
cta_qa_0440,10,-0.344472
cta_qa_0440,11,-35.500000
cta_qa_0440,12,-0.438674
cta_qa_0440,13,-0.438674
cta_qa_0440,14,-32.625000
cta_qa_0440,15,-0.406043
cta_qa_0440,16,-35.750000
cta_qa_0440,17,-35.750000
cta_qa_0440,18,-35.750000
cta_qa_0440,19,-35.750000
cta_qa_0440,20,-35.500000
cta_qa_0440,21,-0.344472
cta_qa_0440,22,-35.500000
cta_qa_0440,23,-35.500000
cta_qa_0440,24,-0.469958
cta_qa_0440,25,-0.434398
cta_qa_0440,26,-38.062500
cta_qa_0440,27,-0.441675
cta_qa_0440,28,-0.344472
cta_qa_0440,29,-35.500000
cta_qa_0440,30,-35.500000
cta_qa_0440,31,-0.344472
cta_qa_0440,32,-37.062500
cta_qa_0440,33,-0.434398
cta_qa_0440,34,-0.434398
cta_qa_0440,35,-0.441675
cta_qa_0440,36,-0.379695
cta_qa_0440,37,-33.500000
cta_qa_0440,38,-0.380301
cta_qa_0440,39,-0.380301
cta_qa_0440,40,-35.750000
cta_qa_0440,41,-35.750000
cta_qa_0440,42,-35.750000
cta_qa_0440,43,-35.750000
cta_qa_0440,44,-35.500000
cta_qa_0440,45,-0.443727
cta_qa_0440,46,-0.410297
cta_qa_0440,47,-35.500000
cta_qa_0440,48,-35.500000
cta_qa_0440,49,-35.500000
cta_qa_0440,50,-35.500000
cta_qa_0440,51,-0.344472
cta_qa_0440,52,-0.443746
cta_qa_0440,53,-0.473743
cta_qa_0440,54,-35.500000
cta_qa_0440,55,-0.473743
cta_qa_0440,56,-0.406043
cta_qa_0440,57,-34.500000
cta_qa_0440,58,-0.438674
cta_qa_0440,59,-0.406043
cta_qa_0440,60,-0.443746
cta_qa_0440,61,-0.506310
cta_qa_0440,62,-0.473743
cta_qa_0440,63,-35.500000
cta_qa_0441,0,-0.407673
cta_qa_0441,1,-0.407673
cta_qa_0441,2,-37.625000
cta_qa_0441,3,-0.407673
cta_qa_0441,4,-0.382462
cta_qa_0441,5,-38.187500
cta_qa_0441,6,-37.625000
cta_qa_0441,7,-0.385123
cta_qa_0441,8,-37.687500
cta_qa_0441,9,-0.385123
cta_qa_0441,10,-0.385123
cta_qa_0441,11,-0.385123
cta_qa_0441,12,-0.406069
cta_qa_0441,13,-0.406069
cta_qa_0441,14,-37.062500
cta_qa_0441,15,-37.062500
cta_qa_0441,16,-0.382348
cta_qa_0441,17,-37.875000
cta_qa_0441,18,-0.313186
cta_qa_0441,19,-0.382348
cta_qa_0441,20,-0.385123
cta_qa_0441,21,-0.385123
cta_qa_0441,22,-0.411314
cta_qa_0441,23,-38.187500
cta_qa_0441,24,-0.407673
cta_qa_0441,25,-0.559430
cta_qa_0441,26,-37.625000
cta_qa_0441,27,-0.407673
cta_qa_0441,28,-0.499788
cta_qa_0441,29,-37.875000
cta_qa_0441,30,-37.875000
cta_qa_0441,31,-0.382348
cta_qa_0441,32,-0.406069
cta_qa_0441,33,-37.062500
cta_qa_0441,34,-37.062500
cta_qa_0441,35,-0.406069
cta_qa_0441,36,-37.875000
cta_qa_0441,37,-0.412127
cta_qa_0441,38,-0.412127
cta_qa_0441,39,-37.875000
cta_qa_0441,40,-0.411314
cta_qa_0441,41,-0.411314
cta_qa_0441,42,-37.625000
cta_qa_0441,43,-0.385123
cta_qa_0441,44,-0.313186
cta_qa_0441,45,-0.468543
cta_qa_0441,46,-0.382348
cta_qa_0441,47,-38.125000
cta_qa_0441,48,-0.382348
cta_qa_0441,49,-0.313186
cta_qa_0441,50,-37.875000
cta_qa_0441,51,-0.382348
cta_qa_0441,52,-37.875000
cta_qa_0441,53,-0.470942
cta_qa_0441,54,-0.412127
cta_qa_0441,55,-0.344398
cta_qa_0441,56,-0.411314
cta_qa_0441,57,-0.443727
cta_qa_0441,58,-0.411314
cta_qa_0441,59,-37.625000
cta_qa_0441,60,-0.382348
cta_qa_0441,61,-37.875000
cta_qa_0441,62,-0.382348
cta_qa_0441,63,-0.344398
cta_qa_0442,0,-0.372252
cta_qa_0442,1,-0.376099
cta_qa_0442,2,-37.312500
cta_qa_0442,3,-37.312500
cta_qa_0442,4,-0.376099
cta_qa_0442,5,-0.372252
cta_qa_0442,6,-0.376099
cta_qa_0442,7,-37.312500
cta_qa_0442,8,-37.312500
cta_qa_0442,9,-0.376099
cta_qa_0442,10,-37.312500
cta_qa_0442,11,-37.312500
cta_qa_0442,12,-37.312500
cta_qa_0442,13,-0.376099
cta_qa_0442,14,-0.528483
cta_qa_0442,15,-0.376099
cta_qa_0442,16,-37.312500
cta_qa_0442,17,-37.312500
cta_qa_0442,18,-0.408242
cta_qa_0442,19,-0.372252
cta_qa_0442,20,-36.437500
cta_qa_0442,21,-36.437500
cta_qa_0442,22,-36.562500
cta_qa_0442,23,-36.562500
cta_qa_0442,24,-0.376099
cta_qa_0442,25,-0.376099
cta_qa_0442,26,-0.376099
cta_qa_0442,27,-37.312500
cta_qa_0442,28,-37.125000
cta_qa_0442,29,-37.125000
cta_qa_0442,30,-37.125000
cta_qa_0442,31,-37.125000
cta_qa_0442,32,-0.376099
cta_qa_0442,33,-37.312500
cta_qa_0442,34,-0.376099
cta_qa_0442,35,-0.376099
cta_qa_0442,36,-0.376099
cta_qa_0442,37,-0.376099
cta_qa_0442,38,-37.312500
cta_qa_0442,39,-0.376099
cta_qa_0442,40,-37.312500
cta_qa_0442,41,-37.312500
cta_qa_0442,42,-37.312500
cta_qa_0442,43,-0.376099
cta_qa_0442,44,-0.376099
cta_qa_0442,45,-37.312500
cta_qa_0442,46,-0.376099
cta_qa_0442,47,-0.376099
cta_qa_0442,48,-0.376099
cta_qa_0442,49,-37.312500
cta_qa_0442,50,-0.376099
cta_qa_0442,51,-37.312500
cta_qa_0442,52,-37.312500
cta_qa_0442,53,-0.372252
cta_qa_0442,54,-37.312500
cta_qa_0442,55,-37.312500
cta_qa_0442,56,-37.312500
cta_qa_0442,57,-0.376099
cta_qa_0442,58,-0.376099
cta_qa_0442,59,-37.312500
cta_qa_0442,60,-0.378760
cta_qa_0442,61,-37.125000
cta_qa_0442,62,-0.493985
cta_qa_0442,63,-0.493985
cta_qa_0443,0,-37.375000
cta_qa_0443,1,-37.375000
cta_qa_0443,2,-37.375000
cta_qa_0443,3,-37.375000
cta_qa_0443,4,-37.375000
cta_qa_0443,5,-37.375000
cta_qa_0443,6,-37.375000
cta_qa_0443,7,-37.375000
cta_qa_0443,8,-0.325011
cta_qa_0443,9,-0.471164
cta_qa_0443,10,-0.325011
cta_qa_0443,11,-37.625000
cta_qa_0443,12,-37.375000
cta_qa_0443,13,-37.375000
cta_qa_0443,14,-37.375000
cta_qa_0443,15,-37.375000
cta_qa_0443,16,-37.375000
cta_qa_0443,17,-37.375000
cta_qa_0443,18,-37.375000
cta_qa_0443,19,-37.375000
cta_qa_0443,20,-37.375000
cta_qa_0443,21,-37.375000
cta_qa_0443,22,-37.375000
cta_qa_0443,23,-37.375000
cta_qa_0443,24,-37.375000
cta_qa_0443,25,-37.375000
cta_qa_0443,26,-37.375000
cta_qa_0443,27,-37.375000
cta_qa_0443,28,-37.375000
cta_qa_0443,29,-37.375000
cta_qa_0443,30,-37.375000
cta_qa_0443,31,-37.375000
cta_qa_0443,32,-37.375000
cta_qa_0443,33,-37.375000
cta_qa_0443,34,-37.375000
cta_qa_0443,35,-37.375000
cta_qa_0443,36,-37.375000
cta_qa_0443,37,-37.375000
cta_qa_0443,38,-37.375000
cta_qa_0443,39,-37.375000
cta_qa_0443,40,-0.291224
cta_qa_0443,41,-0.291224
cta_qa_0443,42,-38.437500
cta_qa_0443,43,-0.291224
cta_qa_0443,44,-0.325011
cta_qa_0443,45,-0.325011
cta_qa_0443,46,-37.625000
cta_qa_0443,47,-0.325011
cta_qa_0443,48,-37.375000
cta_qa_0443,49,-37.375000
cta_qa_0443,50,-37.375000
cta_qa_0443,51,-37.375000
cta_qa_0443,52,-37.375000
cta_qa_0443,53,-37.375000
cta_qa_0443,54,-37.375000
cta_qa_0443,55,-37.375000
cta_qa_0443,56,-0.325011
cta_qa_0443,57,-0.325011
cta_qa_0443,58,-0.325011
cta_qa_0443,59,-37.625000
cta_qa_0443,60,-37.375000
cta_qa_0443,61,-37.375000
cta_qa_0443,62,-37.375000
cta_qa_0443,63,-37.375000
cta_qa_0444,0,-38.562500
cta_qa_0444,1,-39.375000
cta_qa_0444,2,-0.376092
cta_qa_0444,3,-0.312334
cta_qa_0444,4,-37.875000
cta_qa_0444,5,-0.376092
cta_qa_0444,6,-37.375000
cta_qa_0444,7,-0.376092
cta_qa_0444,8,-0.376092
cta_qa_0444,9,-37.375000
cta_qa_0444,10,-0.376092
cta_qa_0444,11,-0.376092
cta_qa_0444,12,-0.376092
cta_qa_0444,13,-38.000000
cta_qa_0444,14,-0.376092
cta_qa_0444,15,-37.875000
cta_qa_0444,16,-0.406075
cta_qa_0444,17,-36.875000
cta_qa_0444,18,-0.406075
cta_qa_0444,19,-0.406075
cta_qa_0444,20,-37.812500
cta_qa_0444,21,-0.313440
cta_qa_0444,22,-0.463699
cta_qa_0444,23,-0.463699
cta_qa_0444,24,-0.406075
cta_qa_0444,25,-0.281873
cta_qa_0444,26,-37.437500
cta_qa_0444,27,-0.406075
cta_qa_0444,28,-0.315967
cta_qa_0444,29,-0.341149
cta_qa_0444,30,-35.875000
cta_qa_0444,31,-0.341149
cta_qa_0444,32,-0.376092
cta_qa_0444,33,-37.375000
cta_qa_0444,34,-0.376092
cta_qa_0444,35,-37.125000
cta_qa_0444,36,-0.279443
cta_qa_0444,37,-0.376092
cta_qa_0444,38,-37.375000
cta_qa_0444,39,-37.312500
cta_qa_0444,40,-38.125000
cta_qa_0444,41,-0.286870
cta_qa_0444,42,-0.285796
cta_qa_0444,43,-0.434647
cta_qa_0444,44,-0.406075
cta_qa_0444,45,-0.406075
cta_qa_0444,46,-37.687500
cta_qa_0444,47,-0.283996
cta_qa_0444,48,-0.283301
cta_qa_0444,49,-37.687500
cta_qa_0444,50,-37.687500
cta_qa_0444,51,-0.406075
cta_qa_0444,52,-37.000000
cta_qa_0444,53,-0.281873
cta_qa_0444,54,-0.406075
cta_qa_0444,55,-0.252255
cta_qa_0444,56,-0.376092
cta_qa_0444,57,-37.687500
cta_qa_0444,58,-0.376092
cta_qa_0444,59,-37.375000
cta_qa_0444,60,-37.375000
cta_qa_0444,61,-0.376092
cta_qa_0444,62,-37.687500
cta_qa_0444,63,-0.376092
cta_qa_0445,0,-29.250000
cta_qa_0445,1,-0.264152
cta_qa_0445,2,-0.298992
cta_qa_0445,3,-0.265799
cta_qa_0445,4,-0.384329
cta_qa_0445,5,-0.384329
cta_qa_0445,6,-0.222229
cta_qa_0445,7,-33.625000
cta_qa_0445,8,-0.382777
cta_qa_0445,9,-0.382777
cta_qa_0445,10,-35.500000
cta_qa_0445,11,-0.445040
cta_qa_0445,12,-0.326034
cta_qa_0445,13,-0.265191
cta_qa_0445,14,-0.325421
cta_qa_0445,15,-34.750000
cta_qa_0445,16,-0.265202
cta_qa_0445,17,-0.265202
cta_qa_0445,18,-34.750000
cta_qa_0445,19,-0.408892
cta_qa_0445,20,-0.293460
cta_qa_0445,21,-36.500000
cta_qa_0445,22,-0.262763
cta_qa_0445,23,-0.442985
cta_qa_0445,24,-0.265799
cta_qa_0445,25,-37.750000
cta_qa_0445,26,-0.414743
cta_qa_0445,27,-0.293296
cta_qa_0445,28,-0.532349
cta_qa_0445,29,-0.532349
cta_qa_0445,30,-0.288179
cta_qa_0445,31,-36.812500
cta_qa_0445,32,-0.475059
cta_qa_0445,33,-0.532485
cta_qa_0445,34,-31.500000
cta_qa_0445,35,-0.532485
cta_qa_0445,36,-0.290043
cta_qa_0445,37,-0.353745
cta_qa_0445,38,-0.447514
cta_qa_0445,39,-36.000000
cta_qa_0445,40,-0.193864
cta_qa_0445,41,-36.250000
cta_qa_0445,42,-0.475059
cta_qa_0445,43,-0.532485
cta_qa_0445,44,-0.382777
cta_qa_0445,45,-36.625000
cta_qa_0445,46,-0.504179
cta_qa_0445,47,-0.415030
cta_qa_0445,48,-0.264975
cta_qa_0445,49,-0.232882
cta_qa_0445,50,-0.413119
cta_qa_0445,51,-36.437500
cta_qa_0445,52,-0.446663
cta_qa_0445,53,-36.250000
cta_qa_0445,54,-0.382777
cta_qa_0445,55,-0.382777
cta_qa_0445,56,-35.500000
cta_qa_0445,57,-0.382777
cta_qa_0445,58,-0.415030
cta_qa_0445,59,-35.500000
cta_qa_0445,60,-35.875000
cta_qa_0445,61,-35.875000
cta_qa_0445,62,-0.469760
cta_qa_0445,63,-0.255453
cta_qa_0446,0,-38.062500
cta_qa_0446,1,-38.062500
cta_qa_0446,2,-38.062500
cta_qa_0446,3,-38.062500
cta_qa_0446,4,-0.503495
cta_qa_0446,5,-0.347220
cta_qa_0446,6,-0.503495
cta_qa_0446,7,-37.062500
cta_qa_0446,8,-0.410804
cta_qa_0446,9,-37.000000
cta_qa_0446,10,-0.410804
cta_qa_0446,11,-0.523942
cta_qa_0446,12,-0.384441
cta_qa_0446,13,-0.290651
cta_qa_0446,14,-36.687500
cta_qa_0446,15,-0.384441
cta_qa_0446,16,-0.377469
cta_qa_0446,17,-38.812500
cta_qa_0446,18,-0.440462
cta_qa_0446,19,-0.504757
cta_qa_0446,20,-0.504757
cta_qa_0446,21,-0.474970
cta_qa_0446,22,-36.500000
cta_qa_0446,23,-0.377469
cta_qa_0446,24,-0.413175
cta_qa_0446,25,-0.413175
cta_qa_0446,26,-0.413175
cta_qa_0446,27,-37.625000
cta_qa_0446,28,-0.442542
cta_qa_0446,29,-0.440169
cta_qa_0446,30,-36.250000
cta_qa_0446,31,-0.501204
cta_qa_0446,32,-0.413175
cta_qa_0446,33,-37.187500
cta_qa_0446,34,-0.413175
cta_qa_0446,35,-37.625000
cta_qa_0446,36,-38.062500
cta_qa_0446,37,-38.062500
cta_qa_0446,38,-38.062500
cta_qa_0446,39,-38.062500
cta_qa_0446,40,-0.384441
cta_qa_0446,41,-36.937500
cta_qa_0446,42,-0.384441
cta_qa_0446,43,-0.290651
cta_qa_0446,44,-37.062500
cta_qa_0446,45,-0.473645
cta_qa_0446,46,-0.413509
cta_qa_0446,47,-37.437500
cta_qa_0446,48,-38.312500
cta_qa_0446,49,-0.473582
cta_qa_0446,50,-0.473582
cta_qa_0446,51,-0.473582
cta_qa_0446,52,-0.413705
cta_qa_0446,53,-36.937500
cta_qa_0446,54,-0.412475
cta_qa_0446,55,-0.438425
cta_qa_0446,56,-0.413175
cta_qa_0446,57,-0.443452
cta_qa_0446,58,-0.413175
cta_qa_0446,59,-37.625000
cta_qa_0446,60,-37.625000
cta_qa_0446,61,-0.528146
cta_qa_0446,62,-0.413175
cta_qa_0446,63,-0.413175
cta_qa_0447,0,-37.312500
cta_qa_0447,1,-0.221223
cta_qa_0447,2,-0.221223
cta_qa_0447,3,-0.227026
cta_qa_0447,4,-0.228074
cta_qa_0447,5,-0.228074
cta_qa_0447,6,-0.228074
cta_qa_0447,7,-36.375000
cta_qa_0447,8,-0.221223
cta_qa_0447,9,-36.312500
cta_qa_0447,10,-0.221223
cta_qa_0447,11,-0.221223
cta_qa_0447,12,-0.320304
cta_qa_0447,13,-0.320304
cta_qa_0447,14,-0.346296
cta_qa_0447,15,-36.875000
cta_qa_0447,16,-0.291831
cta_qa_0447,17,-35.250000
cta_qa_0447,18,-0.260174
cta_qa_0447,19,-0.260174
cta_qa_0447,20,-0.346296
cta_qa_0447,21,-0.320304
cta_qa_0447,22,-35.000000
cta_qa_0447,23,-0.346296
cta_qa_0447,24,-0.221179
cta_qa_0447,25,-0.256639
cta_qa_0447,26,-0.256639
cta_qa_0447,27,-35.875000
cta_qa_0447,28,-0.320304
cta_qa_0447,29,-0.320304
cta_qa_0447,30,-37.187500
cta_qa_0447,31,-35.000000
cta_qa_0447,32,-38.125000
cta_qa_0447,33,-37.312500
cta_qa_0447,34,-37.312500
cta_qa_0447,35,-37.312500
cta_qa_0447,36,-34.375000
cta_qa_0447,37,-0.320304
cta_qa_0447,38,-0.225105
cta_qa_0447,39,-0.225105
cta_qa_0447,40,-34.375000
cta_qa_0447,41,-34.375000
cta_qa_0447,42,-0.320304
cta_qa_0447,43,-0.346296
cta_qa_0447,44,-37.187500
cta_qa_0447,45,-0.225105
cta_qa_0447,46,-0.320304
cta_qa_0447,47,-0.320304
cta_qa_0447,48,-0.221223
cta_qa_0447,49,-0.221223
cta_qa_0447,50,-37.250000
cta_qa_0447,51,-0.221223
cta_qa_0447,52,-0.320304
cta_qa_0447,53,-34.375000
cta_qa_0447,54,-0.290301
cta_qa_0447,55,-37.187500
cta_qa_0447,56,-35.875000
cta_qa_0447,57,-35.750000
cta_qa_0447,58,-35.750000
cta_qa_0447,59,-0.309636
cta_qa_0447,60,-36.812500
cta_qa_0447,61,-0.185513
cta_qa_0447,62,-0.252956
cta_qa_0447,63,-36.812500
cta_qa_0448,0,-0.189957
cta_qa_0448,1,-0.189957
cta_qa_0448,2,-37.625000
cta_qa_0448,3,-0.256723
cta_qa_0448,4,-0.278399
cta_qa_0448,5,-37.687500
cta_qa_0448,6,-0.278399
cta_qa_0448,7,-37.687500
cta_qa_0448,8,-37.000000
cta_qa_0448,9,-37.000000
cta_qa_0448,10,-37.000000
cta_qa_0448,11,-37.000000
cta_qa_0448,12,-37.687500
cta_qa_0448,13,-37.687500
cta_qa_0448,14,-0.278399
cta_qa_0448,15,-0.278399
cta_qa_0448,16,-0.288792
cta_qa_0448,17,-0.288792
cta_qa_0448,18,-0.288792
cta_qa_0448,19,-37.062500
cta_qa_0448,20,-0.278399
cta_qa_0448,21,-37.687500
cta_qa_0448,22,-37.687500
cta_qa_0448,23,-0.220275
cta_qa_0448,24,-34.625000
cta_qa_0448,25,-0.369979
cta_qa_0448,26,-37.062500
cta_qa_0448,27,-36.750000
cta_qa_0448,28,-36.750000
cta_qa_0448,29,-36.750000
cta_qa_0448,30,-0.369979
cta_qa_0448,31,-36.750000
cta_qa_0448,32,-0.278399
cta_qa_0448,33,-37.687500
cta_qa_0448,34,-0.374797
cta_qa_0448,35,-0.374797
cta_qa_0448,36,-0.374797
cta_qa_0448,37,-37.687500
cta_qa_0448,38,-37.687500
cta_qa_0448,39,-0.374797
cta_qa_0448,40,-37.687500
cta_qa_0448,41,-37.687500
cta_qa_0448,42,-37.687500
cta_qa_0448,43,-0.374797
cta_qa_0448,44,-0.408697
cta_qa_0448,45,-37.062500
cta_qa_0448,46,-0.408697
cta_qa_0448,47,-0.408697
cta_qa_0448,48,-37.687500
cta_qa_0448,49,-0.374797
cta_qa_0448,50,-0.220275
cta_qa_0448,51,-0.374797
cta_qa_0448,52,-0.278399
cta_qa_0448,53,-37.687500
cta_qa_0448,54,-0.220410
cta_qa_0448,55,-0.278399
cta_qa_0448,56,-37.500000
cta_qa_0448,57,-37.500000
cta_qa_0448,58,-37.500000
cta_qa_0448,59,-37.500000
cta_qa_0448,60,-0.278399
cta_qa_0448,61,-37.687500
cta_qa_0448,62,-37.687500
cta_qa_0448,63,-0.220275
cta_qa_0449,0,-0.291991
cta_qa_0449,1,-22.125000
cta_qa_0449,2,-0.376037
cta_qa_0449,3,-0.413933
cta_qa_0449,4,-34.875000
cta_qa_0449,5,-0.464454
cta_qa_0449,6,-36.125000
cta_qa_0449,7,-0.382771
cta_qa_0449,8,-0.434494
cta_qa_0449,9,-0.443894
cta_qa_0449,10,-0.434494
cta_qa_0449,11,-35.625000
cta_qa_0449,12,-36.125000
cta_qa_0449,13,-0.408815
cta_qa_0449,14,-0.464454
cta_qa_0449,15,-0.464454
cta_qa_0449,16,-34.000000
cta_qa_0449,17,-0.494146
cta_qa_0449,18,-0.407241
cta_qa_0449,19,-0.473590
cta_qa_0449,20,-0.352801
cta_qa_0449,21,-0.414144
cta_qa_0449,22,-22.125000
cta_qa_0449,23,-0.434494
cta_qa_0449,24,-0.351546
cta_qa_0449,25,-0.434494
cta_qa_0449,26,-0.096932
cta_qa_0449,27,-37.312500
cta_qa_0449,28,-0.464461
cta_qa_0449,29,-0.314818
cta_qa_0449,30,-0.464461
cta_qa_0449,31,-35.250000
cta_qa_0449,32,-0.225006
cta_qa_0449,33,-0.464454
cta_qa_0449,34,-0.285276
cta_qa_0449,35,-36.125000
cta_qa_0449,36,-0.495660
cta_qa_0449,37,-0.495660
cta_qa_0449,38,-36.500000
cta_qa_0449,39,-0.495660
cta_qa_0449,40,-0.437280
cta_qa_0449,41,-36.375000
cta_qa_0449,42,-0.437280
cta_qa_0449,43,-0.442528
cta_qa_0449,44,-0.257289
cta_qa_0449,45,-36.000000
cta_qa_0449,46,-0.382573
cta_qa_0449,47,-0.464454
cta_qa_0449,48,-0.342794
cta_qa_0449,49,-0.434494
cta_qa_0449,50,-29.500000
cta_qa_0449,51,-0.434494
cta_qa_0449,52,-0.434494
cta_qa_0449,53,-0.434494
cta_qa_0449,54,-0.378639
cta_qa_0449,55,-36.250000
cta_qa_0449,56,-0.320091
cta_qa_0449,57,-0.467141
cta_qa_0449,58,-30.000000
cta_qa_0449,59,-0.467141
cta_qa_0449,60,-36.500000
cta_qa_0449,61,-0.350177
cta_qa_0449,62,-0.438540
cta_qa_0449,63,-0.354822
cta_qa_0450,0,-0.413157
cta_qa_0450,1,-35.437500
cta_qa_0450,2,-0.499789
cta_qa_0450,3,-36.000000
cta_qa_0450,4,-0.316934
cta_qa_0450,5,-0.465594
cta_qa_0450,6,-36.375000
cta_qa_0450,7,-0.350905
cta_qa_0450,8,-36.375000
cta_qa_0450,9,-36.375000
cta_qa_0450,10,-0.412575
cta_qa_0450,11,-0.441269
cta_qa_0450,12,-0.378874
cta_qa_0450,13,-0.412839
cta_qa_0450,14,-0.469957
cta_qa_0450,15,-37.375000
cta_qa_0450,16,-36.375000
cta_qa_0450,17,-36.375000
cta_qa_0450,18,-0.413095
cta_qa_0450,19,-0.410192
cta_qa_0450,20,-0.378643
cta_qa_0450,21,-0.415854
cta_qa_0450,22,-34.750000
cta_qa_0450,23,-0.383029
cta_qa_0450,24,-36.375000
cta_qa_0450,25,-0.380152
cta_qa_0450,26,-36.375000
cta_qa_0450,27,-0.410192
cta_qa_0450,28,-36.375000
cta_qa_0450,29,-36.375000
cta_qa_0450,30,-36.375000
cta_qa_0450,31,-0.503769
cta_qa_0450,32,-0.465594
cta_qa_0450,33,-36.375000
cta_qa_0450,34,-0.465594
cta_qa_0450,35,-0.465594
cta_qa_0450,36,-0.381631
cta_qa_0450,37,-0.499806
cta_qa_0450,38,-36.562500
cta_qa_0450,39,-0.499806
cta_qa_0450,40,-0.465594
cta_qa_0450,41,-0.465594
cta_qa_0450,42,-36.375000
cta_qa_0450,43,-36.750000
cta_qa_0450,44,-0.378874
cta_qa_0450,45,-0.412949
cta_qa_0450,46,-0.350442
cta_qa_0450,47,-37.812500
cta_qa_0450,48,-0.503769
cta_qa_0450,49,-0.503769
cta_qa_0450,50,-36.375000
cta_qa_0450,51,-0.410192
cta_qa_0450,52,-0.468584
cta_qa_0450,53,-37.062500
cta_qa_0450,54,-0.468584
cta_qa_0450,55,-37.062500
cta_qa_0450,56,-37.562500
cta_qa_0450,57,-0.499789
cta_qa_0450,58,-0.350446
cta_qa_0450,59,-0.413157
cta_qa_0450,60,-0.465594
cta_qa_0450,61,-0.410192
cta_qa_0450,62,-36.375000
cta_qa_0450,63,-0.503769
cta_qa_0451,0,-0.342679
cta_qa_0451,1,-0.444842
cta_qa_0451,2,-35.750000
cta_qa_0451,3,-35.750000
cta_qa_0451,4,-0.437264
cta_qa_0451,5,-35.750000
cta_qa_0451,6,-0.411063
cta_qa_0451,7,-0.379586
cta_qa_0451,8,-0.468538
cta_qa_0451,9,-34.375000
cta_qa_0451,10,-0.468538
cta_qa_0451,11,-0.468538
cta_qa_0451,12,-31.250000
cta_qa_0451,13,-0.440921
cta_qa_0451,14,-0.378590
cta_qa_0451,15,-35.750000
cta_qa_0451,16,-0.437264
cta_qa_0451,17,-0.352599
cta_qa_0451,18,-2.499978
cta_qa_0451,19,-0.380836
cta_qa_0451,20,-37.375000
cta_qa_0451,21,-0.373312
cta_qa_0451,22,-0.498441
cta_qa_0451,23,-0.345993
cta_qa_0451,24,-0.534925
cta_qa_0451,25,-33.500000
cta_qa_0451,26,-0.387970
cta_qa_0451,27,-0.255232
cta_qa_0451,28,-35.750000
cta_qa_0451,29,-35.750000
cta_qa_0451,30,-0.313185
cta_qa_0451,31,-35.625000
cta_qa_0451,32,-0.349274
cta_qa_0451,33,-0.437264
cta_qa_0451,34,-35.750000
cta_qa_0451,35,-0.437264
cta_qa_0451,36,-0.505590
cta_qa_0451,37,-0.505590
cta_qa_0451,38,-29.125000
cta_qa_0451,39,-0.320137
cta_qa_0451,40,-0.505275
cta_qa_0451,41,-0.416971
cta_qa_0451,42,-0.417929
cta_qa_0451,43,-30.875000
cta_qa_0451,44,-0.353546
cta_qa_0451,45,-0.473267
cta_qa_0451,46,-34.000000
cta_qa_0451,47,-0.412465
cta_qa_0451,48,-0.354445
cta_qa_0451,49,-0.437264
cta_qa_0451,50,-35.750000
cta_qa_0451,51,-0.437264
cta_qa_0451,52,-0.874986
cta_qa_0451,53,-35.750000
cta_qa_0451,54,-0.344446
cta_qa_0451,55,-0.353180
cta_qa_0451,56,-0.413581
cta_qa_0451,57,-0.353045
cta_qa_0451,58,-36.000000
cta_qa_0451,59,-0.501061
cta_qa_0451,60,-0.874986
cta_qa_0451,61,-0.412188
cta_qa_0451,62,-35.750000
cta_qa_0451,63,-0.409509
cta_qa_0452,0,-37.500000
cta_qa_0452,1,-0.293648
cta_qa_0452,2,-0.409711
cta_qa_0452,3,-0.409711
cta_qa_0452,4,-36.437500
cta_qa_0452,5,-0.375627
cta_qa_0452,6,-0.375627
cta_qa_0452,7,-36.437500
cta_qa_0452,8,-36.250000
cta_qa_0452,9,-36.250000
cta_qa_0452,10,-36.250000
cta_qa_0452,11,-36.250000
cta_qa_0452,12,-35.500000
cta_qa_0452,13,-0.409711
cta_qa_0452,14,-0.318347
cta_qa_0452,15,-0.409711
cta_qa_0452,16,-0.475150
cta_qa_0452,17,-0.383542
cta_qa_0452,18,-0.475150
cta_qa_0452,19,-36.812500
cta_qa_0452,20,-36.437500
cta_qa_0452,21,-0.375627
cta_qa_0452,22,-0.375627
cta_qa_0452,23,-0.375627
cta_qa_0452,24,-0.441319
cta_qa_0452,25,-0.385441
cta_qa_0452,26,-0.473792
cta_qa_0452,27,-36.625000
cta_qa_0452,28,-0.445305
cta_qa_0452,29,-35.625000
cta_qa_0452,30,-0.445305
cta_qa_0452,31,-0.445305
cta_qa_0452,32,-36.812500
cta_qa_0452,33,-0.381687
cta_qa_0452,34,-0.413812
cta_qa_0452,35,-0.413799
cta_qa_0452,36,-0.445305
cta_qa_0452,37,-0.409244
cta_qa_0452,38,-0.445305
cta_qa_0452,39,-35.125000
cta_qa_0452,40,-36.250000
cta_qa_0452,41,-36.250000
cta_qa_0452,42,-36.250000
cta_qa_0452,43,-36.250000
cta_qa_0452,44,-0.351910
cta_qa_0452,45,-0.349611
cta_qa_0452,46,-0.259567
cta_qa_0452,47,-35.875000
cta_qa_0452,48,-36.500000
cta_qa_0452,49,-36.500000
cta_qa_0452,50,-36.500000
cta_qa_0452,51,-0.406053
cta_qa_0452,52,-36.250000
cta_qa_0452,53,-36.250000
cta_qa_0452,54,-36.250000
cta_qa_0452,55,-36.250000
cta_qa_0452,56,-0.441319
cta_qa_0452,57,-0.351933
cta_qa_0452,58,-36.625000
cta_qa_0452,59,-0.443619
cta_qa_0452,60,-0.445305
cta_qa_0452,61,-0.445305
cta_qa_0452,62,-35.125000
cta_qa_0452,63,-0.445305
cta_qa_0453,0,-37.062500
cta_qa_0453,1,-37.062500
cta_qa_0453,2,-37.500000
cta_qa_0453,3,-37.062500
cta_qa_0453,4,-0.343566
cta_qa_0453,5,-0.343566
cta_qa_0453,6,-37.187500
cta_qa_0453,7,-0.314815
cta_qa_0453,8,-37.187500
cta_qa_0453,9,-37.062500
cta_qa_0453,10,-37.062500
cta_qa_0453,11,-37.062500
cta_qa_0453,12,-37.000000
cta_qa_0453,13,-37.000000
cta_qa_0453,14,-0.553225
cta_qa_0453,15,-37.000000
cta_qa_0453,16,-0.434439
cta_qa_0453,17,-37.812500
cta_qa_0453,18,-37.937500
cta_qa_0453,19,-0.343566
cta_qa_0453,20,-37.062500
cta_qa_0453,21,-37.062500
cta_qa_0453,22,-37.187500
cta_qa_0453,23,-37.187500
cta_qa_0453,24,-37.812500
cta_qa_0453,25,-0.343566
cta_qa_0453,26,-0.434439
cta_qa_0453,27,-0.343566
cta_qa_0453,28,-37.000000
cta_qa_0453,29,-37.000000
cta_qa_0453,30,-37.000000
cta_qa_0453,31,-0.503499
cta_qa_0453,32,-37.000000
cta_qa_0453,33,-37.000000
cta_qa_0453,34,-0.553225
cta_qa_0453,35,-37.000000
cta_qa_0453,36,-0.343566
cta_qa_0453,37,-37.187500
cta_qa_0453,38,-0.343567
cta_qa_0453,39,-0.343566
cta_qa_0453,40,-37.500000
cta_qa_0453,41,-0.553225
cta_qa_0453,42,-37.000000
cta_qa_0453,43,-37.000000
cta_qa_0453,44,-0.343567
cta_qa_0453,45,-38.312500
cta_qa_0453,46,-0.314815
cta_qa_0453,47,-0.343566
cta_qa_0453,48,-37.000000
cta_qa_0453,49,-37.000000
cta_qa_0453,50,-0.503499
cta_qa_0453,51,-0.553225
cta_qa_0453,52,-0.553225
cta_qa_0453,53,-0.342616
cta_qa_0453,54,-37.000000
cta_qa_0453,55,-0.553225
cta_qa_0453,56,-37.125000
cta_qa_0453,57,-0.553225
cta_qa_0453,58,-37.000000
cta_qa_0453,59,-0.553225
cta_qa_0453,60,-8.749999
cta_qa_0453,61,-8.749999
cta_qa_0453,62,-8.749999
cta_qa_0453,63,-8.749999
cta_qa_0454,0,-34.750000
cta_qa_0454,1,-0.502338
cta_qa_0454,2,-0.623412
cta_qa_0454,3,-0.623412
cta_qa_0454,4,-0.374827
cta_qa_0454,5,-0.374827
cta_qa_0454,6,-37.250000
cta_qa_0454,7,-37.250000
cta_qa_0454,8,-32.625000
cta_qa_0454,9,-0.503659
cta_qa_0454,10,-0.503550
cta_qa_0454,11,-33.000000
cta_qa_0454,12,-33.000000
cta_qa_0454,13,-0.498392
cta_qa_0454,14,-0.503659
cta_qa_0454,15,-0.506046
cta_qa_0454,16,-0.506046
cta_qa_0454,17,-33.000000
cta_qa_0454,18,-0.506046
cta_qa_0454,19,-0.503659
cta_qa_0454,20,-0.536085
cta_qa_0454,21,-33.000000
cta_qa_0454,22,-0.503659
cta_qa_0454,23,-33.250000
cta_qa_0454,24,-0.506046
cta_qa_0454,25,-33.000000
cta_qa_0454,26,-0.506046
cta_qa_0454,27,-33.000000
cta_qa_0454,28,-0.538386
cta_qa_0454,29,-0.536094
cta_qa_0454,30,-0.538386
cta_qa_0454,31,-32.500000
cta_qa_0454,32,-0.506046
cta_qa_0454,33,-0.506046
cta_qa_0454,34,-33.000000
cta_qa_0454,35,-0.503659
cta_qa_0454,36,-0.437320
cta_qa_0454,37,-37.250000
cta_qa_0454,38,-0.374827
cta_qa_0454,39,-37.000000
cta_qa_0454,40,-0.506046
cta_qa_0454,41,-33.000000
cta_qa_0454,42,-0.498392
cta_qa_0454,43,-0.506046
cta_qa_0454,44,-0.506046
cta_qa_0454,45,-0.503659
cta_qa_0454,46,-32.625000
cta_qa_0454,47,-0.498392
cta_qa_0454,48,-0.506046
cta_qa_0454,49,-0.506046
cta_qa_0454,50,-0.503659
cta_qa_0454,51,-33.000000
cta_qa_0454,52,-0.503659
cta_qa_0454,53,-0.498392
cta_qa_0454,54,-32.625000
cta_qa_0454,55,-0.506046
cta_qa_0454,56,-0.506046
cta_qa_0454,57,-0.498392
cta_qa_0454,58,-0.498392
cta_qa_0454,59,-32.625000
cta_qa_0454,60,-36.250000
cta_qa_0454,61,-0.442411
cta_qa_0454,62,-0.525258
cta_qa_0454,63,-0.442286
cta_qa_0455,0,-0.317131
cta_qa_0455,1,-0.464588
cta_qa_0455,2,-36.812500
cta_qa_0455,3,-0.464588
cta_qa_0455,4,-0.341267
cta_qa_0455,5,-0.341267
cta_qa_0455,6,-0.341267
cta_qa_0455,7,-37.750000
cta_qa_0455,8,-37.250000
cta_qa_0455,9,-37.250000
cta_qa_0455,10,-0.431832
cta_qa_0455,11,-37.250000
cta_qa_0455,12,-0.317131
cta_qa_0455,13,-36.812500
cta_qa_0455,14,-36.812500
cta_qa_0455,15,-0.319333
cta_qa_0455,16,-0.319333
cta_qa_0455,17,-36.812500
cta_qa_0455,18,-0.319333
cta_qa_0455,19,-0.319333
cta_qa_0455,20,-0.431832
cta_qa_0455,21,-37.250000
cta_qa_0455,22,-37.250000
cta_qa_0455,23,-37.250000
cta_qa_0455,24,-0.551333
cta_qa_0455,25,-37.187500
cta_qa_0455,26,-0.344568
cta_qa_0455,27,-0.310616
cta_qa_0455,28,-0.341267
cta_qa_0455,29,-0.341267
cta_qa_0455,30,-0.341267
cta_qa_0455,31,-37.750000
cta_qa_0455,32,-37.250000
cta_qa_0455,33,-0.272548
cta_qa_0455,34,-37.250000
cta_qa_0455,35,-0.431832
cta_qa_0455,36,-36.812500
cta_qa_0455,37,-0.317131
cta_qa_0455,38,-0.286097
cta_qa_0455,39,-0.317131
cta_qa_0455,40,-0.341267
cta_qa_0455,41,-37.750000
cta_qa_0455,42,-0.341267
cta_qa_0455,43,-0.521528
cta_qa_0455,44,-37.750000
cta_qa_0455,45,-0.521528
cta_qa_0455,46,-0.341267
cta_qa_0455,47,-0.366446
cta_qa_0455,48,-37.250000
cta_qa_0455,49,-37.250000
cta_qa_0455,50,-0.431832
cta_qa_0455,51,-37.250000
cta_qa_0455,52,-37.250000
cta_qa_0455,53,-37.250000
cta_qa_0455,54,-0.431832
cta_qa_0455,55,-37.250000
cta_qa_0455,56,-0.551333
cta_qa_0455,57,-0.344568
cta_qa_0455,58,-0.344568
cta_qa_0455,59,-37.187500
cta_qa_0455,60,-0.314371
cta_qa_0455,61,-38.750000
cta_qa_0455,62,-0.495829
cta_qa_0455,63,-0.247409
cta_qa_0456,0,-0.374787
cta_qa_0456,1,-0.319844
cta_qa_0456,2,-0.317395
cta_qa_0456,3,-27.250000
cta_qa_0456,4,-36.375000
cta_qa_0456,5,-36.375000
cta_qa_0456,6,-36.625000
cta_qa_0456,7,-0.436064
cta_qa_0456,8,-36.375000
cta_qa_0456,9,-36.812500
cta_qa_0456,10,-0.436064
cta_qa_0456,11,-36.375000
cta_qa_0456,12,-36.375000
cta_qa_0456,13,-36.375000
cta_qa_0456,14,-0.436064
cta_qa_0456,15,-36.375000
cta_qa_0456,16,-36.625000
cta_qa_0456,17,-36.625000
cta_qa_0456,18,-36.625000
cta_qa_0456,19,-36.625000
cta_qa_0456,20,-37.000000
cta_qa_0456,21,-0.374859
cta_qa_0456,22,-37.375000
cta_qa_0456,23,-37.375000
cta_qa_0456,24,-0.473634
cta_qa_0456,25,-37.375000
cta_qa_0456,26,-0.473634
cta_qa_0456,27,-0.501008
cta_qa_0456,28,-0.374859
cta_qa_0456,29,-0.372666
cta_qa_0456,30,-37.375000
cta_qa_0456,31,-37.375000
cta_qa_0456,32,-0.436064
cta_qa_0456,33,-36.375000
cta_qa_0456,34,-36.375000
cta_qa_0456,35,-36.375000
cta_qa_0456,36,-0.374859
cta_qa_0456,37,-37.375000
cta_qa_0456,38,-0.374859
cta_qa_0456,39,-0.374859
cta_qa_0456,40,-0.311584
cta_qa_0456,41,-37.437500
cta_qa_0456,42,-0.442307
cta_qa_0456,43,-0.311584
cta_qa_0456,44,-36.625000
cta_qa_0456,45,-36.625000
cta_qa_0456,46,-36.625000
cta_qa_0456,47,-36.625000
cta_qa_0456,48,-0.443624
cta_qa_0456,49,-0.311584
cta_qa_0456,50,-37.437500
cta_qa_0456,51,-0.443624
cta_qa_0456,52,-0.374859
cta_qa_0456,53,-37.375000
cta_qa_0456,54,-0.374859
cta_qa_0456,55,-0.374859
cta_qa_0456,56,-35.875000
cta_qa_0456,57,-0.377911
cta_qa_0456,58,-0.377911
cta_qa_0456,59,-0.377911
cta_qa_0456,60,-0.443624
cta_qa_0456,61,-37.062500
cta_qa_0456,62,-0.443624
cta_qa_0456,63,-0.443624
cta_qa_0457,0,-0.323863
cta_qa_0457,1,-37.750000
cta_qa_0457,2,-0.383265
cta_qa_0457,3,-37.750000
cta_qa_0457,4,-0.351335
cta_qa_0457,5,-37.875000
cta_qa_0457,6,-0.347105
cta_qa_0457,7,-0.351335
cta_qa_0457,8,-0.383265
cta_qa_0457,9,-37.750000
cta_qa_0457,10,-0.323863
cta_qa_0457,11,-0.469948
cta_qa_0457,12,-36.875000
cta_qa_0457,13,-0.316866
cta_qa_0457,14,-0.324011
cta_qa_0457,15,-0.261532
cta_qa_0457,16,-38.375000
cta_qa_0457,17,-0.469948
cta_qa_0457,18,-0.469948
cta_qa_0457,19,-0.324187
cta_qa_0457,20,-0.469948
cta_qa_0457,21,-37.750000
cta_qa_0457,22,-0.383265
cta_qa_0457,23,-0.351315
cta_qa_0457,24,-37.250000
cta_qa_0457,25,-0.351335
cta_qa_0457,26,-0.411774
cta_qa_0457,27,-0.351335
cta_qa_0457,28,-37.750000
cta_qa_0457,29,-37.750000
cta_qa_0457,30,-0.469948
cta_qa_0457,31,-0.469948
cta_qa_0457,32,-37.750000
cta_qa_0457,33,-0.469948
cta_qa_0457,34,-0.383265
cta_qa_0457,35,-0.383265
cta_qa_0457,36,-37.437500
cta_qa_0457,37,-0.501328
cta_qa_0457,38,-0.417144
cta_qa_0457,39,-0.443298
cta_qa_0457,40,-0.411774
cta_qa_0457,41,-0.347105
cta_qa_0457,42,-37.875000
cta_qa_0457,43,-0.347105
cta_qa_0457,44,-0.347105
cta_qa_0457,45,-37.875000
cta_qa_0457,46,-0.347105
cta_qa_0457,47,-0.347105
cta_qa_0457,48,-37.687500
cta_qa_0457,49,-0.444359
cta_qa_0457,50,-0.416989
cta_qa_0457,51,-0.385440
cta_qa_0457,52,-37.875000
cta_qa_0457,53,-0.347105
cta_qa_0457,54,-0.351335
cta_qa_0457,55,-37.875000
cta_qa_0457,56,-0.347105
cta_qa_0457,57,-0.347105
cta_qa_0457,58,-0.351335
cta_qa_0457,59,-37.875000
cta_qa_0457,60,-37.875000
cta_qa_0457,61,-37.875000
cta_qa_0457,62,-0.347105
cta_qa_0457,63,-37.875000
cta_qa_0458,0,-36.500000
cta_qa_0458,1,-36.500000
cta_qa_0458,2,-0.316590
cta_qa_0458,3,-36.500000
cta_qa_0458,4,-0.404744
cta_qa_0458,5,-0.347412
cta_qa_0458,6,-0.347412
cta_qa_0458,7,-37.125000
cta_qa_0458,8,-37.125000
cta_qa_0458,9,-0.347412
cta_qa_0458,10,-0.434113
cta_qa_0458,11,-0.434113
cta_qa_0458,12,-38.812500
cta_qa_0458,13,-0.255872
cta_qa_0458,14,-0.285878
cta_qa_0458,15,-0.221062
cta_qa_0458,16,-36.500000
cta_qa_0458,17,-36.500000
cta_qa_0458,18,-0.317558
cta_qa_0458,19,-0.381240
cta_qa_0458,20,-0.381240
cta_qa_0458,21,-36.500000
cta_qa_0458,22,-0.496922
cta_qa_0458,23,-0.379907
cta_qa_0458,24,-0.316590
cta_qa_0458,25,-36.500000
cta_qa_0458,26,-36.500000
cta_qa_0458,27,-36.500000
cta_qa_0458,28,-36.500000
cta_qa_0458,29,-36.500000
cta_qa_0458,30,-36.500000
cta_qa_0458,31,-0.381240
cta_qa_0458,32,-0.316590
cta_qa_0458,33,-0.316590
cta_qa_0458,34,-36.500000
cta_qa_0458,35,-36.500000
cta_qa_0458,36,-36.500000
cta_qa_0458,37,-36.500000
cta_qa_0458,38,-0.381240
cta_qa_0458,39,-36.500000
cta_qa_0458,40,-0.381240
cta_qa_0458,41,-36.500000
cta_qa_0458,42,-0.381240
cta_qa_0458,43,-0.381240
cta_qa_0458,44,-0.379031
cta_qa_0458,45,-37.187500
cta_qa_0458,46,-36.500000
cta_qa_0458,47,-36.500000
cta_qa_0458,48,-0.496922
cta_qa_0458,49,-0.316590
cta_qa_0458,50,-36.500000
cta_qa_0458,51,-36.500000
cta_qa_0458,52,-0.316590
cta_qa_0458,53,-36.500000
cta_qa_0458,54,-36.500000
cta_qa_0458,55,-0.496922
cta_qa_0458,56,-36.500000
cta_qa_0458,57,-36.500000
cta_qa_0458,58,-0.381240
cta_qa_0458,59,-0.381240
cta_qa_0458,60,-36.500000
cta_qa_0458,61,-36.500000
cta_qa_0458,62,-36.500000
cta_qa_0458,63,-0.316590
cta_qa_0459,0,-36.437500
cta_qa_0459,1,-0.344630
cta_qa_0459,2,-36.437500
cta_qa_0459,3,-36.437500
cta_qa_0459,4,-0.531033
cta_qa_0459,5,-0.531033
cta_qa_0459,6,-36.375000
cta_qa_0459,7,-0.587521
cta_qa_0459,8,-0.344630
cta_qa_0459,9,-36.437500
cta_qa_0459,10,-36.437500
cta_qa_0459,11,-36.437500
cta_qa_0459,12,-36.750000
cta_qa_0459,13,-38.062500
cta_qa_0459,14,-0.558469
cta_qa_0459,15,-0.522803
cta_qa_0459,16,-36.500000
cta_qa_0459,17,-36.500000
cta_qa_0459,18,-36.500000
cta_qa_0459,19,-36.500000
cta_qa_0459,20,-0.501144
cta_qa_0459,21,-0.501144
cta_qa_0459,22,-0.501144
cta_qa_0459,23,-37.250000
cta_qa_0459,24,-36.500000
cta_qa_0459,25,-36.500000
cta_qa_0459,26,-36.500000
cta_qa_0459,27,-36.500000
cta_qa_0459,28,-36.500000
cta_qa_0459,29,-36.500000
cta_qa_0459,30,-36.500000
cta_qa_0459,31,-36.500000
cta_qa_0459,32,-36.500000
cta_qa_0459,33,-36.500000
cta_qa_0459,34,-36.500000
cta_qa_0459,35,-36.500000
cta_qa_0459,36,-36.562500
cta_qa_0459,37,-0.344630
cta_qa_0459,38,-36.437500
cta_qa_0459,39,-36.437500
cta_qa_0459,40,-36.500000
cta_qa_0459,41,-36.500000
cta_qa_0459,42,-36.500000
cta_qa_0459,43,-36.500000
cta_qa_0459,44,-36.500000
cta_qa_0459,45,-36.500000
cta_qa_0459,46,-36.500000
cta_qa_0459,47,-36.500000
cta_qa_0459,48,-36.500000
cta_qa_0459,49,-36.500000
cta_qa_0459,50,-36.500000
cta_qa_0459,51,-36.500000
cta_qa_0459,52,-36.000000
cta_qa_0459,53,-0.502456
cta_qa_0459,54,-0.502456
cta_qa_0459,55,-0.502456
cta_qa_0459,56,-36.500000
cta_qa_0459,57,-36.500000
cta_qa_0459,58,-36.500000
cta_qa_0459,59,-36.500000
cta_qa_0459,60,-37.437500
cta_qa_0459,61,-0.411578
cta_qa_0459,62,-0.411578
cta_qa_0459,63,-0.411578
cta_qa_0460,0,-0.377543
cta_qa_0460,1,-35.375000
cta_qa_0460,2,-0.410182
cta_qa_0460,3,-0.410182
cta_qa_0460,4,-32.375000
cta_qa_0460,5,-0.408652
cta_qa_0460,6,-0.408652
cta_qa_0460,7,-0.345948
cta_qa_0460,8,-37.250000
cta_qa_0460,9,-0.350363
cta_qa_0460,10,-37.250000
cta_qa_0460,11,-37.250000
cta_qa_0460,12,-37.250000
cta_qa_0460,13,-0.437296
cta_qa_0460,14,-0.437296
cta_qa_0460,15,-37.250000
cta_qa_0460,16,-0.350363
cta_qa_0460,17,-37.250000
cta_qa_0460,18,-37.250000
cta_qa_0460,19,-37.250000
cta_qa_0460,20,-0.377543
cta_qa_0460,21,-0.410182
cta_qa_0460,22,-36.125000
cta_qa_0460,23,-0.410182
cta_qa_0460,24,-0.350363
cta_qa_0460,25,-0.350363
cta_qa_0460,26,-37.250000
cta_qa_0460,27,-37.250000
cta_qa_0460,28,-37.000000
cta_qa_0460,29,-37.250000
cta_qa_0460,30,-37.250000
cta_qa_0460,31,-0.350363
cta_qa_0460,32,-34.875000
cta_qa_0460,33,-0.377543
cta_qa_0460,34,-0.410182
cta_qa_0460,35,-0.410182
cta_qa_0460,36,-37.250000
cta_qa_0460,37,-37.250000
cta_qa_0460,38,-0.437296
cta_qa_0460,39,-0.321301
cta_qa_0460,40,-38.187500
cta_qa_0460,41,-0.345948
cta_qa_0460,42,-0.408652
cta_qa_0460,43,-0.345948
cta_qa_0460,44,-0.350363
cta_qa_0460,45,-37.250000
cta_qa_0460,46,-37.250000
cta_qa_0460,47,-37.625000
cta_qa_0460,48,-37.250000
cta_qa_0460,49,-37.250000
cta_qa_0460,50,-0.350363
cta_qa_0460,51,-37.437500
cta_qa_0460,52,-37.000000
cta_qa_0460,53,-0.350363
cta_qa_0460,54,-37.250000
cta_qa_0460,55,-0.350363
cta_qa_0460,56,-37.187500
cta_qa_0460,57,-0.438799
cta_qa_0460,58,-0.438807
cta_qa_0460,59,-0.557851
cta_qa_0460,60,-0.350363
cta_qa_0460,61,-0.350363
cta_qa_0460,62,-37.250000
cta_qa_0460,63,-37.250000
cta_qa_0461,0,-0.465466
cta_qa_0461,1,-29.000000
cta_qa_0461,2,-0.378989
cta_qa_0461,3,-0.374794
cta_qa_0461,4,-38.437500
cta_qa_0461,5,-0.440378
cta_qa_0461,6,-0.355124
cta_qa_0461,7,-0.351775
cta_qa_0461,8,-0.345400
cta_qa_0461,9,-37.812500
cta_qa_0461,10,-0.345433
cta_qa_0461,11,-0.562279
cta_qa_0461,12,-30.875000
cta_qa_0461,13,-0.465466
cta_qa_0461,14,-30.500000
cta_qa_0461,15,-0.290004
cta_qa_0461,16,-38.812500
cta_qa_0461,17,-0.381601
cta_qa_0461,18,-0.353343
cta_qa_0461,19,-38.437500
cta_qa_0461,20,-38.125000
cta_qa_0461,21,-0.294215
cta_qa_0461,22,-0.288598
cta_qa_0461,23,-0.262927
cta_qa_0461,24,-0.465466
cta_qa_0461,25,-0.414022
cta_qa_0461,26,-31.250000
cta_qa_0461,27,-0.344958
cta_qa_0461,28,-0.260316
cta_qa_0461,29,-0.291365
cta_qa_0461,30,-0.373285
cta_qa_0461,31,-33.750000
cta_qa_0461,32,-0.376231
cta_qa_0461,33,-29.000000
cta_qa_0461,34,-0.465466
cta_qa_0461,35,-0.465466
cta_qa_0461,36,-0.193854
cta_qa_0461,37,-0.346312
cta_qa_0461,38,-0.194964
cta_qa_0461,39,-38.312500
cta_qa_0461,40,-0.345002
cta_qa_0461,41,-36.125000
cta_qa_0461,42,-0.325062
cta_qa_0461,43,-29.875000
cta_qa_0461,44,-29.875000
cta_qa_0461,45,-0.408740
cta_qa_0461,46,-0.376222
cta_qa_0461,47,-0.345002
cta_qa_0461,48,-0.347743
cta_qa_0461,49,-31.250000
cta_qa_0461,50,-30.875000
cta_qa_0461,51,-0.465466
cta_qa_0461,52,-0.412746
cta_qa_0461,53,-0.407457
cta_qa_0461,54,-0.194057
cta_qa_0461,55,-37.750000
cta_qa_0461,56,-0.465466
cta_qa_0461,57,-29.875000
cta_qa_0461,58,-0.465466
cta_qa_0461,59,-0.373369
cta_qa_0461,60,-38.437500
cta_qa_0461,61,-0.194964
cta_qa_0461,62,-0.193854
cta_qa_0461,63,-0.374793
cta_qa_0462,0,-0.344352
cta_qa_0462,1,-0.344352
cta_qa_0462,2,-37.312500
cta_qa_0462,3,-37.312500
cta_qa_0462,4,-37.312500
cta_qa_0462,5,-0.374810
cta_qa_0462,6,-0.344352
cta_qa_0462,7,-0.344352
cta_qa_0462,8,-0.344352
cta_qa_0462,9,-0.344352
cta_qa_0462,10,-0.344352
cta_qa_0462,11,-37.312500
cta_qa_0462,12,-0.344352
cta_qa_0462,13,-37.312500
cta_qa_0462,14,-37.312500
cta_qa_0462,15,-0.344352
cta_qa_0462,16,-37.125000
cta_qa_0462,17,-37.125000
cta_qa_0462,18,-37.125000
cta_qa_0462,19,-37.125000
cta_qa_0462,20,-37.312500
cta_qa_0462,21,-37.312500
cta_qa_0462,22,-0.344352
cta_qa_0462,23,-0.344352
cta_qa_0462,24,-0.344352
cta_qa_0462,25,-0.344352
cta_qa_0462,26,-37.312500
cta_qa_0462,27,-37.312500
cta_qa_0462,28,-0.344352
cta_qa_0462,29,-0.344352
cta_qa_0462,30,-37.312500
cta_qa_0462,31,-0.344352
cta_qa_0462,32,-37.312500
cta_qa_0462,33,-37.312500
cta_qa_0462,34,-0.344352
cta_qa_0462,35,-0.344352
cta_qa_0462,36,-37.312500
cta_qa_0462,37,-37.312500
cta_qa_0462,38,-37.312500
cta_qa_0462,39,-0.344352
cta_qa_0462,40,-37.125000
cta_qa_0462,41,-37.125000
cta_qa_0462,42,-37.125000
cta_qa_0462,43,-37.125000
cta_qa_0462,44,-37.312500
cta_qa_0462,45,-0.344352
cta_qa_0462,46,-0.344352
cta_qa_0462,47,-0.344352
cta_qa_0462,48,-0.344352
cta_qa_0462,49,-0.344352
cta_qa_0462,50,-37.312500
cta_qa_0462,51,-0.344352
cta_qa_0462,52,-37.312500
cta_qa_0462,53,-37.312500
cta_qa_0462,54,-0.344352
cta_qa_0462,55,-0.344352
cta_qa_0462,56,-37.250000
cta_qa_0462,57,-0.350249
cta_qa_0462,58,-0.404731
cta_qa_0462,59,-0.404731
cta_qa_0462,60,-0.350249
cta_qa_0462,61,-0.404731
cta_qa_0462,62,-0.404731
cta_qa_0462,63,-37.875000
cta_qa_0463,0,-0.528135
cta_qa_0463,1,-0.387208
cta_qa_0463,2,-0.353349
cta_qa_0463,3,-34.750000
cta_qa_0463,4,-0.410180
cta_qa_0463,5,-34.625000
cta_qa_0463,6,-0.410180
cta_qa_0463,7,-0.494052
cta_qa_0463,8,-0.434513
cta_qa_0463,9,-37.437500
cta_qa_0463,10,-0.589128
cta_qa_0463,11,-0.411502
cta_qa_0463,12,-0.382781
cta_qa_0463,13,-0.382781
cta_qa_0463,14,-0.382781
cta_qa_0463,15,-35.625000
cta_qa_0463,16,-0.353349
cta_qa_0463,17,-0.415157
cta_qa_0463,18,-0.353349
cta_qa_0463,19,-35.375000
cta_qa_0463,20,-0.556463
cta_qa_0463,21,-0.472129
cta_qa_0463,22,-0.556463
cta_qa_0463,23,-34.750000
cta_qa_0463,24,-35.625000
cta_qa_0463,25,-0.382997
cta_qa_0463,26,-0.382997
cta_qa_0463,27,-0.441243
cta_qa_0463,28,-0.410180
cta_qa_0463,29,-35.000000
cta_qa_0463,30,-0.410180
cta_qa_0463,31,-0.432954
cta_qa_0463,32,-0.344835
cta_qa_0463,33,-35.625000
cta_qa_0463,34,-0.437262
cta_qa_0463,35,-0.351186
cta_qa_0463,36,-0.260381
cta_qa_0463,37,-0.260381
cta_qa_0463,38,-38.000000
cta_qa_0463,39,-0.260688
cta_qa_0463,40,-35.375000
cta_qa_0463,41,-0.315578
cta_qa_0463,42,-35.000000
cta_qa_0463,43,-35.000000
cta_qa_0463,44,-36.125000
cta_qa_0463,45,-0.351997
cta_qa_0463,46,-0.351997
cta_qa_0463,47,-0.380878
cta_qa_0463,48,-35.625000
cta_qa_0463,49,-0.351866
cta_qa_0463,50,-0.344835
cta_qa_0463,51,-0.437262
cta_qa_0463,52,-0.473189
cta_qa_0463,53,-0.415687
cta_qa_0463,54,-0.384727
cta_qa_0463,55,-36.000000
cta_qa_0463,56,-0.222104
cta_qa_0463,57,-0.222104
cta_qa_0463,58,-0.193393
cta_qa_0463,59,-35.750000
cta_qa_0463,60,-35.875000
cta_qa_0463,61,-35.875000
cta_qa_0463,62,-35.875000
cta_qa_0463,63,-35.875000
cta_qa_0464,0,-37.812500
cta_qa_0464,1,-0.252352
cta_qa_0464,2,-36.875000
cta_qa_0464,3,-36.875000
cta_qa_0464,4,-0.252352
cta_qa_0464,5,-36.875000
cta_qa_0464,6,-37.812500
cta_qa_0464,7,-36.875000
cta_qa_0464,8,-36.875000
cta_qa_0464,9,-0.252352
cta_qa_0464,10,-0.252352
cta_qa_0464,11,-0.252352
cta_qa_0464,12,-36.875000
cta_qa_0464,13,-0.252352
cta_qa_0464,14,-0.252352
cta_qa_0464,15,-0.252352
cta_qa_0464,16,-36.875000
cta_qa_0464,17,-36.875000
cta_qa_0464,18,-0.252352
cta_qa_0464,19,-0.252352
cta_qa_0464,20,-0.234810
cta_qa_0464,21,-0.261713
cta_qa_0464,22,-38.187500
cta_qa_0464,23,-0.261713
cta_qa_0464,24,-36.875000
cta_qa_0464,25,-0.252352
cta_qa_0464,26,-37.812500
cta_qa_0464,27,-0.252352
cta_qa_0464,28,-0.234810
cta_qa_0464,29,-0.261713
cta_qa_0464,30,-0.261713
cta_qa_0464,31,-38.187500
cta_qa_0464,32,-38.187500
cta_qa_0464,33,-0.288717
cta_qa_0464,34,-0.234810
cta_qa_0464,35,-0.261713
cta_qa_0464,36,-36.875000
cta_qa_0464,37,-36.875000
cta_qa_0464,38,-36.875000
cta_qa_0464,39,-0.252352
cta_qa_0464,40,-0.289776
cta_qa_0464,41,-0.260897
cta_qa_0464,42,-0.286791
cta_qa_0464,43,-38.125000
cta_qa_0464,44,-0.260897
cta_qa_0464,45,-0.260897
cta_qa_0464,46,-0.286791
cta_qa_0464,47,-38.312500
cta_qa_0464,48,-37.812500
cta_qa_0464,49,-0.252352
cta_qa_0464,50,-36.875000
cta_qa_0464,51,-36.875000
cta_qa_0464,52,-0.234810
cta_qa_0464,53,-0.234810
cta_qa_0464,54,-38.312500
cta_qa_0464,55,-0.261713
cta_qa_0464,56,-0.261569
cta_qa_0464,57,-37.812500
cta_qa_0464,58,-0.324719
cta_qa_0464,59,-0.349028
cta_qa_0464,60,-38.312500
cta_qa_0464,61,-0.261713
cta_qa_0464,62,-0.288717
cta_qa_0464,63,-0.261713
cta_qa_0465,0,-0.342678
cta_qa_0465,1,-29.125000
cta_qa_0465,2,-0.345197
cta_qa_0465,3,-0.345197
cta_qa_0465,4,-0.316606
cta_qa_0465,5,-0.468554
cta_qa_0465,6,-0.342678
cta_qa_0465,7,-29.125000
cta_qa_0465,8,-28.125000
cta_qa_0465,9,-0.381686
cta_qa_0465,10,-0.496843
cta_qa_0465,11,-0.378983
cta_qa_0465,12,-32.375000
cta_qa_0465,13,-0.442762
cta_qa_0465,14,-0.502445
cta_qa_0465,15,-0.501368
cta_qa_0465,16,-0.469985
cta_qa_0465,17,-34.375000
cta_qa_0465,18,-34.375000
cta_qa_0465,19,-0.469985
cta_qa_0465,20,-0.405083
cta_qa_0465,21,-0.469985
cta_qa_0465,22,-34.625000
cta_qa_0465,23,-35.875000
cta_qa_0465,24,-0.350473
cta_qa_0465,25,-0.378443
cta_qa_0465,26,-0.316606
cta_qa_0465,27,-29.125000
cta_qa_0465,28,-0.496843
cta_qa_0465,29,-0.496843
cta_qa_0465,30,-26.750000
cta_qa_0465,31,-0.496843
cta_qa_0465,32,-0.374786
cta_qa_0465,33,-0.374786
cta_qa_0465,34,-23.750000
cta_qa_0465,35,-0.346362
cta_qa_0465,36,-20.125000
cta_qa_0465,37,-0.344954
cta_qa_0465,38,-0.434217
cta_qa_0465,39,-0.434217
cta_qa_0465,40,-0.343514
cta_qa_0465,41,-0.435760
cta_qa_0465,42,-0.347676
cta_qa_0465,43,-26.375000
cta_qa_0465,44,-0.465510
cta_qa_0465,45,-0.465510
cta_qa_0465,46,-0.408788
cta_qa_0465,47,-36.500000
cta_qa_0465,48,-26.750000
cta_qa_0465,49,-0.372208
cta_qa_0465,50,-0.372208
cta_qa_0465,51,-0.372208
cta_qa_0465,52,-0.346362
cta_qa_0465,53,-21.000000
cta_qa_0465,54,-0.434217
cta_qa_0465,55,-0.347799
cta_qa_0465,56,-0.410947
cta_qa_0465,57,-0.410947
cta_qa_0465,58,-0.438700
cta_qa_0465,59,-34.000000
cta_qa_0465,60,-0.342678
cta_qa_0465,61,-0.468554
cta_qa_0465,62,-0.316606
cta_qa_0465,63,-29.125000
cta_qa_0466,0,-36.562500
cta_qa_0466,1,-36.562500
cta_qa_0466,2,-0.189821
cta_qa_0466,3,-0.189821
cta_qa_0466,4,-0.314837
cta_qa_0466,5,-36.937500
cta_qa_0466,6,-0.314881
cta_qa_0466,7,-0.314837
cta_qa_0466,8,-0.289553
cta_qa_0466,9,-0.316198
cta_qa_0466,10,-0.316198
cta_qa_0466,11,-37.312500
cta_qa_0466,12,-36.812500
cta_qa_0466,13,-36.812500
cta_qa_0466,14,-36.812500
cta_qa_0466,15,-0.189052
cta_qa_0466,16,-0.189821
cta_qa_0466,17,-0.189821
cta_qa_0466,18,-37.062500
cta_qa_0466,19,-0.254103
cta_qa_0466,20,-0.189821
cta_qa_0466,21,-37.062500
cta_qa_0466,22,-0.189821
cta_qa_0466,23,-0.189821
cta_qa_0466,24,-36.562500
cta_qa_0466,25,-0.189821
cta_qa_0466,26,-0.189821
cta_qa_0466,27,-0.189821
cta_qa_0466,28,-0.258527
cta_qa_0466,29,-0.317389
cta_qa_0466,30,-0.258527
cta_qa_0466,31,-37.937500
cta_qa_0466,32,-0.189821
cta_qa_0466,33,-0.189821
cta_qa_0466,34,-0.189821
cta_qa_0466,35,-37.062500
cta_qa_0466,36,-36.562500
cta_qa_0466,37,-0.189821
cta_qa_0466,38,-0.189821
cta_qa_0466,39,-37.062500
cta_qa_0466,40,-36.812500
cta_qa_0466,41,-36.812500
cta_qa_0466,42,-36.812500
cta_qa_0466,43,-36.812500
cta_qa_0466,44,-36.812500
cta_qa_0466,45,-36.812500
cta_qa_0466,46,-36.812500
cta_qa_0466,47,-37.125000
cta_qa_0466,48,-36.812500
cta_qa_0466,49,-36.812500
cta_qa_0466,50,-36.812500
cta_qa_0466,51,-36.812500
cta_qa_0466,52,-0.189821
cta_qa_0466,53,-37.062500
cta_qa_0466,54,-0.189821
cta_qa_0466,55,-0.189821
cta_qa_0466,56,-0.253806
cta_qa_0466,57,-0.258060
cta_qa_0466,58,-36.125000
cta_qa_0466,59,-0.258060
cta_qa_0466,60,-0.189821
cta_qa_0466,61,-0.189821
cta_qa_0466,62,-36.562500
cta_qa_0466,63,-0.189821
cta_qa_0467,0,-0.436415
cta_qa_0467,1,-35.750000
cta_qa_0467,2,-35.750000
cta_qa_0467,3,-35.750000
cta_qa_0467,4,-0.419323
cta_qa_0467,5,-0.419323
cta_qa_0467,6,-17.375000
cta_qa_0467,7,-0.419323
cta_qa_0467,8,-0.345245
cta_qa_0467,9,-35.750000
cta_qa_0467,10,-35.750000
cta_qa_0467,11,-0.537906
cta_qa_0467,12,-35.750000
cta_qa_0467,13,-35.750000
cta_qa_0467,14,-35.750000
cta_qa_0467,15,-0.344500
cta_qa_0467,16,-0.441025
cta_qa_0467,17,-0.441025
cta_qa_0467,18,-35.875000
cta_qa_0467,19,-0.572634
cta_qa_0467,20,-36.125000
cta_qa_0467,21,-36.125000
cta_qa_0467,22,-36.125000
cta_qa_0467,23,-36.125000
cta_qa_0467,24,-0.441025
cta_qa_0467,25,-0.441025
cta_qa_0467,26,-35.875000
cta_qa_0467,27,-0.441025
cta_qa_0467,28,-0.441025
cta_qa_0467,29,-0.441025
cta_qa_0467,30,-0.441025
cta_qa_0467,31,-35.875000
cta_qa_0467,32,-35.750000
cta_qa_0467,33,-0.537906
cta_qa_0467,34,-35.750000
cta_qa_0467,35,-35.750000
cta_qa_0467,36,-0.537910
cta_qa_0467,37,-29.375000
cta_qa_0467,38,-0.537910
cta_qa_0467,39,-0.537910
cta_qa_0467,40,-36.125000
cta_qa_0467,41,-36.125000
cta_qa_0467,42,-36.125000
cta_qa_0467,43,-36.125000
cta_qa_0467,44,-35.750000
cta_qa_0467,45,-35.750000
cta_qa_0467,46,-0.537906
cta_qa_0467,47,-35.750000
cta_qa_0467,48,-0.441025
cta_qa_0467,49,-0.441025
cta_qa_0467,50,-35.875000
cta_qa_0467,51,-35.875000
cta_qa_0467,52,-0.441025
cta_qa_0467,53,-35.875000
cta_qa_0467,54,-0.479181
cta_qa_0467,55,-0.441025
cta_qa_0467,56,-35.750000
cta_qa_0467,57,-36.875000
cta_qa_0467,58,-35.750000
cta_qa_0467,59,-0.537906
cta_qa_0467,60,-0.474258
cta_qa_0467,61,-32.000000
cta_qa_0467,62,-0.474258
cta_qa_0467,63,-0.537333
cta_qa_0468,0,-36.625000
cta_qa_0468,1,-0.465787
cta_qa_0468,2,-0.380312
cta_qa_0468,3,-38.000000
cta_qa_0468,4,-0.316559
cta_qa_0468,5,-36.625000
cta_qa_0468,6,-36.625000
cta_qa_0468,7,-0.465787
cta_qa_0468,8,-0.435023
cta_qa_0468,9,-37.250000
cta_qa_0468,10,-0.435023
cta_qa_0468,11,-0.435023
cta_qa_0468,12,-36.125000
cta_qa_0468,13,-36.125000
cta_qa_0468,14,-36.625000
cta_qa_0468,15,-0.282804
cta_qa_0468,16,-0.465787
cta_qa_0468,17,-0.380312
cta_qa_0468,18,-36.625000
cta_qa_0468,19,-0.465787
cta_qa_0468,20,-0.435023
cta_qa_0468,21,-0.435023
cta_qa_0468,22,-37.250000
cta_qa_0468,23,-0.435023
cta_qa_0468,24,-36.625000
cta_qa_0468,25,-0.465787
cta_qa_0468,26,-0.380312
cta_qa_0468,27,-36.625000
cta_qa_0468,28,-0.465787
cta_qa_0468,29,-36.625000
cta_qa_0468,30,-0.465787
cta_qa_0468,31,-0.465787
cta_qa_0468,32,-0.465787
cta_qa_0468,33,-36.625000
cta_qa_0468,34,-0.465787
cta_qa_0468,35,-0.380312
cta_qa_0468,36,-0.465787
cta_qa_0468,37,-0.465787
cta_qa_0468,38,-36.625000
cta_qa_0468,39,-36.625000
cta_qa_0468,40,-36.625000
cta_qa_0468,41,-36.625000
cta_qa_0468,42,-0.380312
cta_qa_0468,43,-0.465787
cta_qa_0468,44,-36.625000
cta_qa_0468,45,-0.465787
cta_qa_0468,46,-0.465787
cta_qa_0468,47,-0.465787
cta_qa_0468,48,-37.562500
cta_qa_0468,49,-0.467174
cta_qa_0468,50,-0.467174
cta_qa_0468,51,-0.467174
cta_qa_0468,52,-0.465787
cta_qa_0468,53,-36.625000
cta_qa_0468,54,-0.465787
cta_qa_0468,55,-0.380312
cta_qa_0468,56,-0.465787
cta_qa_0468,57,-0.465787
cta_qa_0468,58,-36.625000
cta_qa_0468,59,-36.625000
cta_qa_0468,60,-0.437309
cta_qa_0468,61,-0.351359
cta_qa_0468,62,-0.437309
cta_qa_0468,63,-36.937500
cta_qa_0469,0,-35.750000
cta_qa_0469,1,-35.750000
cta_qa_0469,2,-35.750000
cta_qa_0469,3,-35.750000
cta_qa_0469,4,-0.378108
cta_qa_0469,5,-35.750000
cta_qa_0469,6,-35.750000
cta_qa_0469,7,-35.750000
cta_qa_0469,8,-35.750000
cta_qa_0469,9,-35.750000
cta_qa_0469,10,-35.750000
cta_qa_0469,11,-35.750000
cta_qa_0469,12,-35.750000
cta_qa_0469,13,-35.750000
cta_qa_0469,14,-35.750000
cta_qa_0469,15,-35.750000
cta_qa_0469,16,-0.378108
cta_qa_0469,17,-35.750000
cta_qa_0469,18,-35.750000
cta_qa_0469,19,-0.378108
cta_qa_0469,20,-0.378108
cta_qa_0469,21,-35.750000
cta_qa_0469,22,-35.750000
cta_qa_0469,23,-35.750000
cta_qa_0469,24,-35.750000
cta_qa_0469,25,-35.750000
cta_qa_0469,26,-0.349286
cta_qa_0469,27,-35.750000
cta_qa_0469,28,-35.750000
cta_qa_0469,29,-35.750000
cta_qa_0469,30,-35.750000
cta_qa_0469,31,-35.750000
cta_qa_0469,32,-36.375000
cta_qa_0469,33,-0.287483
cta_qa_0469,34,-0.318477
cta_qa_0469,35,-0.318477
cta_qa_0469,36,-0.378108
cta_qa_0469,37,-35.750000
cta_qa_0469,38,-35.750000
cta_qa_0469,39,-35.750000
cta_qa_0469,40,-35.750000
cta_qa_0469,41,-35.750000
cta_qa_0469,42,-35.750000
cta_qa_0469,43,-35.750000
cta_qa_0469,44,-35.750000
cta_qa_0469,45,-35.750000
cta_qa_0469,46,-35.750000
cta_qa_0469,47,-0.349286
cta_qa_0469,48,-35.750000
cta_qa_0469,49,-35.750000
cta_qa_0469,50,-35.750000
cta_qa_0469,51,-0.347987
cta_qa_0469,52,-35.750000
cta_qa_0469,53,-35.750000
cta_qa_0469,54,-35.750000
cta_qa_0469,55,-35.750000
cta_qa_0469,56,-35.750000
cta_qa_0469,57,-35.750000
cta_qa_0469,58,-0.378108
cta_qa_0469,59,-35.750000
cta_qa_0469,60,-35.750000
cta_qa_0469,61,-35.750000
cta_qa_0469,62,-0.378108
cta_qa_0469,63,-35.750000
cta_qa_0470,0,-0.407460
cta_qa_0470,1,-0.467118
cta_qa_0470,2,-0.467118
cta_qa_0470,3,-36.250000
cta_qa_0470,4,-0.343549
cta_qa_0470,5,-38.875000
cta_qa_0470,6,-0.345782
cta_qa_0470,7,-0.281069
cta_qa_0470,8,-39.000000
cta_qa_0470,9,-39.000000
cta_qa_0470,10,-39.000000
cta_qa_0470,11,-39.000000
cta_qa_0470,12,-0.435951
cta_qa_0470,13,-37.312500
cta_qa_0470,14,-0.435951
cta_qa_0470,15,-0.435951
cta_qa_0470,16,-39.000000
cta_qa_0470,17,-39.000000
cta_qa_0470,18,-39.000000
cta_qa_0470,19,-39.000000
cta_qa_0470,20,-38.000000
cta_qa_0470,21,-0.468517
cta_qa_0470,22,-0.434840
cta_qa_0470,23,-0.468517
cta_qa_0470,24,-0.345782
cta_qa_0470,25,-0.345782
cta_qa_0470,26,-0.345782
cta_qa_0470,27,-38.875000
cta_qa_0470,28,-0.345782
cta_qa_0470,29,-38.875000
cta_qa_0470,30,-0.345782
cta_qa_0470,31,-0.345782
cta_qa_0470,32,-38.937500
cta_qa_0470,33,-0.313505
cta_qa_0470,34,-0.313537
cta_qa_0470,35,-0.313505
cta_qa_0470,36,-0.410167
cta_qa_0470,37,-0.410283
cta_qa_0470,38,-0.434525
cta_qa_0470,39,-38.750000
cta_qa_0470,40,-0.407353
cta_qa_0470,41,-37.562500
cta_qa_0470,42,-0.435951
cta_qa_0470,43,-0.435951
cta_qa_0470,44,-38.937500
cta_qa_0470,45,-0.336823
cta_qa_0470,46,-38.937500
cta_qa_0470,47,-38.937500
cta_qa_0470,48,-0.435951
cta_qa_0470,49,-0.435951
cta_qa_0470,50,-37.562500
cta_qa_0470,51,-0.435974
cta_qa_0470,52,-39.000000
cta_qa_0470,53,-39.000000
cta_qa_0470,54,-39.000000
cta_qa_0470,55,-39.000000
cta_qa_0470,56,-38.937500
cta_qa_0470,57,-38.937500
cta_qa_0470,58,-38.937500
cta_qa_0470,59,-0.277755
cta_qa_0470,60,-37.937500
cta_qa_0470,61,-0.468517
cta_qa_0470,62,-0.468517
cta_qa_0470,63,-0.468517
cta_qa_0471,0,-0.501141
cta_qa_0471,1,-0.501141
cta_qa_0471,2,-34.500000
cta_qa_0471,3,-0.501141
cta_qa_0471,4,-0.499801
cta_qa_0471,5,-37.000000
cta_qa_0471,6,-37.812500
cta_qa_0471,7,-0.499801
cta_qa_0471,8,-33.750000
cta_qa_0471,9,-0.501173
cta_qa_0471,10,-0.354952
cta_qa_0471,11,-0.383557
cta_qa_0471,12,-32.250000
cta_qa_0471,13,-0.499801
cta_qa_0471,14,-0.499801
cta_qa_0471,15,-0.499801
cta_qa_0471,16,-35.375000
cta_qa_0471,17,-0.407365
cta_qa_0471,18,-0.191604
cta_qa_0471,19,-0.288818
cta_qa_0471,20,-0.380212
cta_qa_0471,21,-0.471261
cta_qa_0471,22,-36.125000
cta_qa_0471,23,-0.498437
cta_qa_0471,24,-0.469803
cta_qa_0471,25,-0.474102
cta_qa_0471,26,-13.875000
cta_qa_0471,27,-0.474102
cta_qa_0471,28,-0.464515
cta_qa_0471,29,-34.875000
cta_qa_0471,30,-0.464515
cta_qa_0471,31,-0.464515
cta_qa_0471,32,-25.875000
cta_qa_0471,33,-25.875000
cta_qa_0471,34,-25.875000
cta_qa_0471,35,-25.875000
cta_qa_0471,36,-0.464515
cta_qa_0471,37,-34.875000
cta_qa_0471,38,-0.319962
cta_qa_0471,39,-0.352812
cta_qa_0471,40,-0.499801
cta_qa_0471,41,-0.499801
cta_qa_0471,42,-0.499801
cta_qa_0471,43,-32.250000
cta_qa_0471,44,-0.499801
cta_qa_0471,45,-32.250000
cta_qa_0471,46,-32.250000
cta_qa_0471,47,-0.499801
cta_qa_0471,48,-0.412194
cta_qa_0471,49,-0.412194
cta_qa_0471,50,-0.474102
cta_qa_0471,51,-16.000000
cta_qa_0471,52,-0.464515
cta_qa_0471,53,-0.464515
cta_qa_0471,54,-0.464515
cta_qa_0471,55,-34.875000
cta_qa_0471,56,-0.499801
cta_qa_0471,57,-0.499801
cta_qa_0471,58,-32.250000
cta_qa_0471,59,-0.499801
cta_qa_0471,60,-0.474102
cta_qa_0471,61,-0.318486
cta_qa_0471,62,-28.875000
cta_qa_0471,63,-0.473867
cta_qa_0472,0,-36.000000
cta_qa_0472,1,-0.287939
cta_qa_0472,2,-0.357460
cta_qa_0472,3,-0.229943
cta_qa_0472,4,-36.000000
cta_qa_0472,5,-0.407658
cta_qa_0472,6,-0.356335
cta_qa_0472,7,-0.407658
cta_qa_0472,8,-0.292171
cta_qa_0472,9,-0.290848
cta_qa_0472,10,-0.407617
cta_qa_0472,11,-36.000000
cta_qa_0472,12,-0.290692
cta_qa_0472,13,-36.375000
cta_qa_0472,14,-0.351418
cta_qa_0472,15,-36.062500
cta_qa_0472,16,-35.500000
cta_qa_0472,17,-0.352929
cta_qa_0472,18,-0.352929
cta_qa_0472,19,-0.352929
cta_qa_0472,20,-0.291836
cta_qa_0472,21,-0.435781
cta_qa_0472,22,-37.250000
cta_qa_0472,23,-0.322488
cta_qa_0472,24,-0.346507
cta_qa_0472,25,-36.875000
cta_qa_0472,26,-0.294737
cta_qa_0472,27,-0.229959
cta_qa_0472,28,-0.322910
cta_qa_0472,29,-34.625000
cta_qa_0472,30,-0.318829
cta_qa_0472,31,-0.322910
cta_qa_0472,32,-0.380050
cta_qa_0472,33,-37.000000
cta_qa_0472,34,-0.379683
cta_qa_0472,35,-0.380050
cta_qa_0472,36,-0.319925
cta_qa_0472,37,-0.382777
cta_qa_0472,38,-0.382892
cta_qa_0472,39,-36.125000
cta_qa_0472,40,-0.342717
cta_qa_0472,41,-36.125000
cta_qa_0472,42,-0.379577
cta_qa_0472,43,-36.500000
cta_qa_0472,44,-35.500000
cta_qa_0472,45,-0.290039
cta_qa_0472,46,-0.258796
cta_qa_0472,47,-0.324013
cta_qa_0472,48,-0.324514
cta_qa_0472,49,-35.625000
cta_qa_0472,50,-0.377475
cta_qa_0472,51,-0.355086
cta_qa_0472,52,-0.415567
cta_qa_0472,53,-0.383135
cta_qa_0472,54,-0.281986
cta_qa_0472,55,-36.250000
cta_qa_0472,56,-0.390178
cta_qa_0472,57,-37.125000
cta_qa_0472,58,-0.413224
cta_qa_0472,59,-0.386380
cta_qa_0472,60,-0.315906
cta_qa_0472,61,-0.437304
cta_qa_0472,62,-0.315906
cta_qa_0472,63,-34.500000
cta_qa_0473,0,-0.443826
cta_qa_0473,1,-0.443923
cta_qa_0473,2,-32.750000
cta_qa_0473,3,-0.384322
cta_qa_0473,4,-34.000000
cta_qa_0473,5,-0.342686
cta_qa_0473,6,-0.472396
cta_qa_0473,7,-28.750000
cta_qa_0473,8,-0.443826
cta_qa_0473,9,-0.443826
cta_qa_0473,10,-0.443809
cta_qa_0473,11,-32.375000
cta_qa_0473,12,-0.438622
cta_qa_0473,13,-33.125000
cta_qa_0473,14,-0.409353
cta_qa_0473,15,-33.125000
cta_qa_0473,16,-0.467337
cta_qa_0473,17,-32.750000
cta_qa_0473,18,-0.412659
cta_qa_0473,19,-0.377057
cta_qa_0473,20,-0.408667
cta_qa_0473,21,-0.442557
cta_qa_0473,22,-0.502423
cta_qa_0473,23,-34.000000
cta_qa_0473,24,-28.750000
cta_qa_0473,25,-0.465933
cta_qa_0473,26,-0.468539
cta_qa_0473,27,-0.438568
cta_qa_0473,28,-0.502311
cta_qa_0473,29,-0.377030
cta_qa_0473,30,-0.377030
cta_qa_0473,31,-28.750000
cta_qa_0473,32,-0.503658
cta_qa_0473,33,-0.443810
cta_qa_0473,34,-34.000000
cta_qa_0473,35,-0.414152
cta_qa_0473,36,-32.750000
cta_qa_0473,37,-28.000000
cta_qa_0473,38,-0.413724
cta_qa_0473,39,-0.443923
cta_qa_0473,40,-0.502377
cta_qa_0473,41,-34.000000
cta_qa_0473,42,-34.000000
cta_qa_0473,43,-0.342686
cta_qa_0473,44,-0.350071
cta_qa_0473,45,-32.750000
cta_qa_0473,46,-32.750000
cta_qa_0473,47,-0.381497
cta_qa_0473,48,-32.750000
cta_qa_0473,49,-0.382904
cta_qa_0473,50,-0.472344
cta_qa_0473,51,-0.384322
cta_qa_0473,52,-32.750000
cta_qa_0473,53,-0.412476
cta_qa_0473,54,-34.000000
cta_qa_0473,55,-0.412476
cta_qa_0473,56,-32.750000
cta_qa_0473,57,-0.377057
cta_qa_0473,58,-0.408628
cta_qa_0473,59,-0.439755
cta_qa_0473,60,-0.412390
cta_qa_0473,61,-31.000000
cta_qa_0473,62,-0.444001
cta_qa_0473,63,-0.412390
cta_qa_0474,0,-0.435936
cta_qa_0474,1,-37.375000
cta_qa_0474,2,-0.314027
cta_qa_0474,3,-0.314027
cta_qa_0474,4,-0.314027
cta_qa_0474,5,-0.314027
cta_qa_0474,6,-0.314027
cta_qa_0474,7,-37.375000
cta_qa_0474,8,-37.375000
cta_qa_0474,9,-0.435936
cta_qa_0474,10,-0.314027
cta_qa_0474,11,-37.375000
cta_qa_0474,12,-0.314027
cta_qa_0474,13,-0.282707
cta_qa_0474,14,-37.375000
cta_qa_0474,15,-37.375000
cta_qa_0474,16,-0.282707
cta_qa_0474,17,-0.314027
cta_qa_0474,18,-37.375000
cta_qa_0474,19,-37.375000
cta_qa_0474,20,-37.750000
cta_qa_0474,21,-37.750000
cta_qa_0474,22,-37.750000
cta_qa_0474,23,-37.750000
cta_qa_0474,24,-0.314027
cta_qa_0474,25,-0.314027
cta_qa_0474,26,-0.314027
cta_qa_0474,27,-37.187500
cta_qa_0474,28,-37.437500
cta_qa_0474,29,-37.437500
cta_qa_0474,30,-37.562500
cta_qa_0474,31,-37.437500
cta_qa_0474,32,-37.375000
cta_qa_0474,33,-0.314027
cta_qa_0474,34,-0.435936
cta_qa_0474,35,-0.314027
cta_qa_0474,36,-0.282707
cta_qa_0474,37,-0.314027
cta_qa_0474,38,-0.284357
cta_qa_0474,39,-37.375000
cta_qa_0474,40,-0.314027
cta_qa_0474,41,-37.375000
cta_qa_0474,42,-0.282707
cta_qa_0474,43,-37.375000
cta_qa_0474,44,-37.375000
cta_qa_0474,45,-0.435936
cta_qa_0474,46,-0.282782
cta_qa_0474,47,-0.282707
cta_qa_0474,48,-0.348026
cta_qa_0474,49,-0.494522
cta_qa_0474,50,-0.316782
cta_qa_0474,51,-37.125000
cta_qa_0474,52,-37.375000
cta_qa_0474,53,-0.435936
cta_qa_0474,54,-37.375000
cta_qa_0474,55,-37.375000
cta_qa_0474,56,-0.379944
cta_qa_0474,57,-0.441173
cta_qa_0474,58,-37.187500
cta_qa_0474,59,-0.379944
cta_qa_0474,60,-0.379212
cta_qa_0474,61,-0.376980
cta_qa_0474,62,-36.500000
cta_qa_0474,63,-0.379815
cta_qa_0475,0,-0.312310
cta_qa_0475,1,-0.379698
cta_qa_0475,2,-0.283795
cta_qa_0475,3,-10.874998
cta_qa_0475,4,-32.500000
cta_qa_0475,5,-0.256895
cta_qa_0475,6,-0.285315
cta_qa_0475,7,-35.750000
cta_qa_0475,8,-0.190532
cta_qa_0475,9,-0.320302
cta_qa_0475,10,-34.375000
cta_qa_0475,11,-0.320302
cta_qa_0475,12,-30.375000
cta_qa_0475,13,-0.384324
cta_qa_0475,14,-0.348877
cta_qa_0475,15,-32.125000
cta_qa_0475,16,-0.382671
cta_qa_0475,17,-0.404611
cta_qa_0475,18,-0.319008
cta_qa_0475,19,-35.500000
cta_qa_0475,20,-35.500000
cta_qa_0475,21,-35.500000
cta_qa_0475,22,-35.500000
cta_qa_0475,23,-0.404611
cta_qa_0475,24,-0.431650
cta_qa_0475,25,-0.320302
cta_qa_0475,26,-0.351780
cta_qa_0475,27,-38.312500
cta_qa_0475,28,-30.375000
cta_qa_0475,29,-30.375000
cta_qa_0475,30,-0.279722
cta_qa_0475,31,-0.382671
cta_qa_0475,32,-0.282962
cta_qa_0475,33,-38.562500
cta_qa_0475,34,-0.318133
cta_qa_0475,35,-0.320302
cta_qa_0475,36,-0.251167
cta_qa_0475,37,-0.253934
cta_qa_0475,38,-0.282298
cta_qa_0475,39,-34.750000
cta_qa_0475,40,-0.320231
cta_qa_0475,41,-0.382671
cta_qa_0475,42,-0.282385
cta_qa_0475,43,-35.500000
cta_qa_0475,44,-0.382671
cta_qa_0475,45,-35.500000
cta_qa_0475,46,-0.415959
cta_qa_0475,47,-0.382671
cta_qa_0475,48,-0.287031
cta_qa_0475,49,-30.500000
cta_qa_0475,50,-30.500000
cta_qa_0475,51,-0.339236
cta_qa_0475,52,-0.461726
cta_qa_0475,53,-0.379548
cta_qa_0475,54,-0.347051
cta_qa_0475,55,-37.812500
cta_qa_0475,56,-0.433081
cta_qa_0475,57,-0.289284
cta_qa_0475,58,-37.625000
cta_qa_0475,59,-0.282918
cta_qa_0475,60,-0.351543
cta_qa_0475,61,-0.404611
cta_qa_0475,62,-35.500000
cta_qa_0475,63,-0.283868
cta_qa_0476,0,-36.625000
cta_qa_0476,1,-36.625000
cta_qa_0476,2,-36.625000
cta_qa_0476,3,-36.625000
cta_qa_0476,4,-0.471935
cta_qa_0476,5,-36.750000
cta_qa_0476,6,-0.413297
cta_qa_0476,7,-36.750000
cta_qa_0476,8,-0.413297
cta_qa_0476,9,-0.525564
cta_qa_0476,10,-36.750000
cta_qa_0476,11,-36.750000
cta_qa_0476,12,-36.625000
cta_qa_0476,13,-36.625000
cta_qa_0476,14,-36.625000
cta_qa_0476,15,-36.625000
cta_qa_0476,16,-36.750000
cta_qa_0476,17,-0.413297
cta_qa_0476,18,-36.750000
cta_qa_0476,19,-0.525564
cta_qa_0476,20,-36.625000
cta_qa_0476,21,-36.250000
cta_qa_0476,22,-36.625000
cta_qa_0476,23,-36.625000
cta_qa_0476,24,-0.525564
cta_qa_0476,25,-36.750000
cta_qa_0476,26,-36.750000
cta_qa_0476,27,-36.750000
cta_qa_0476,28,-36.750000
cta_qa_0476,29,-36.750000
cta_qa_0476,30,-36.750000
cta_qa_0476,31,-0.525564
cta_qa_0476,32,-0.471935
cta_qa_0476,33,-36.750000
cta_qa_0476,34,-0.412397
cta_qa_0476,35,-36.750000
cta_qa_0476,36,-0.346245
cta_qa_0476,37,-0.346245
cta_qa_0476,38,-0.346245
cta_qa_0476,39,-36.500000
cta_qa_0476,40,-0.475779
cta_qa_0476,41,-0.507020
cta_qa_0476,42,-0.504598
cta_qa_0476,43,-37.875000
cta_qa_0476,44,-36.750000
cta_qa_0476,45,-0.414174
cta_qa_0476,46,-0.411543
cta_qa_0476,47,-0.471935
cta_qa_0476,48,-36.625000
cta_qa_0476,49,-36.250000
cta_qa_0476,50,-36.625000
cta_qa_0476,51,-36.625000
cta_qa_0476,52,-36.625000
cta_qa_0476,53,-36.625000
cta_qa_0476,54,-36.625000
cta_qa_0476,55,-36.625000
cta_qa_0476,56,-36.500000
cta_qa_0476,57,-0.346245
cta_qa_0476,58,-0.411781
cta_qa_0476,59,-0.346245
cta_qa_0476,60,-0.346245
cta_qa_0476,61,-0.346245
cta_qa_0476,62,-37.500000
cta_qa_0476,63,-37.500000
cta_qa_0477,0,-33.500000
cta_qa_0477,1,-0.162861
cta_qa_0477,2,-33.500000
cta_qa_0477,3,-33.500000
cta_qa_0477,4,-33.500000
cta_qa_0477,5,-0.223516
cta_qa_0477,6,-33.500000
cta_qa_0477,7,-33.500000
cta_qa_0477,8,-33.500000
cta_qa_0477,9,-0.193134
cta_qa_0477,10,-33.500000
cta_qa_0477,11,-33.500000
cta_qa_0477,12,-33.500000
cta_qa_0477,13,-33.500000
cta_qa_0477,14,-0.224132
cta_qa_0477,15,-33.500000
cta_qa_0477,16,-33.500000
cta_qa_0477,17,-33.500000
cta_qa_0477,18,-33.500000
cta_qa_0477,19,-0.162861
cta_qa_0477,20,-33.500000
cta_qa_0477,21,-0.286869
cta_qa_0477,22,-33.500000
cta_qa_0477,23,-0.227013
cta_qa_0477,24,-33.500000
cta_qa_0477,25,-33.500000
cta_qa_0477,26,-0.162861
cta_qa_0477,27,-33.500000
cta_qa_0477,28,-0.193732
cta_qa_0477,29,-33.500000
cta_qa_0477,30,-0.435928
cta_qa_0477,31,-33.500000
cta_qa_0477,32,-33.500000
cta_qa_0477,33,-33.500000
cta_qa_0477,34,-33.500000
cta_qa_0477,35,-33.500000
cta_qa_0477,36,-33.500000
cta_qa_0477,37,-33.500000
cta_qa_0477,38,-33.500000
cta_qa_0477,39,-33.500000
cta_qa_0477,40,-33.500000
cta_qa_0477,41,-33.500000
cta_qa_0477,42,-0.227013
cta_qa_0477,43,-33.500000
cta_qa_0477,44,-33.500000
cta_qa_0477,45,-33.500000
cta_qa_0477,46,-33.500000
cta_qa_0477,47,-33.500000
cta_qa_0477,48,-0.193732
cta_qa_0477,49,-0.162861
cta_qa_0477,50,-33.500000
cta_qa_0477,51,-33.500000
cta_qa_0477,52,-33.500000
cta_qa_0477,53,-33.500000
cta_qa_0477,54,-33.500000
cta_qa_0477,55,-0.435928
cta_qa_0477,56,-33.500000
cta_qa_0477,57,-0.162861
cta_qa_0477,58,-33.500000
cta_qa_0477,59,-33.500000
cta_qa_0477,60,-33.500000
cta_qa_0477,61,-0.162861
cta_qa_0477,62,-33.500000
cta_qa_0477,63,-33.500000
cta_qa_0478,0,-34.625000
cta_qa_0478,1,-0.313163
cta_qa_0478,2,-0.313163
cta_qa_0478,3,-34.625000
cta_qa_0478,4,-0.352055
cta_qa_0478,5,-37.500000
cta_qa_0478,6,-0.320802
cta_qa_0478,7,-0.404562
cta_qa_0478,8,-34.625000
cta_qa_0478,9,-0.313163
cta_qa_0478,10,-34.625000
cta_qa_0478,11,-36.500000
cta_qa_0478,12,-34.625000
cta_qa_0478,13,-36.500000
cta_qa_0478,14,-0.313163
cta_qa_0478,15,-0.281071
cta_qa_0478,16,-0.313163
cta_qa_0478,17,-0.313163
cta_qa_0478,18,-34.625000
cta_qa_0478,19,-0.313163
cta_qa_0478,20,-34.625000
cta_qa_0478,21,-0.281071
cta_qa_0478,22,-0.313163
cta_qa_0478,23,-36.437500
cta_qa_0478,24,-37.500000
cta_qa_0478,25,-0.319985
cta_qa_0478,26,-0.404562
cta_qa_0478,27,-0.319985
cta_qa_0478,28,-0.353066
cta_qa_0478,29,-0.409041
cta_qa_0478,30,-36.937500
cta_qa_0478,31,-0.381495
cta_qa_0478,32,-37.500000
cta_qa_0478,33,-0.319985
cta_qa_0478,34,-0.352055
cta_qa_0478,35,-0.352055
cta_qa_0478,36,-0.317694
cta_qa_0478,37,-37.375000
cta_qa_0478,38,-0.322947
cta_qa_0478,39,-0.322947
cta_qa_0478,40,-34.625000
cta_qa_0478,41,-34.625000
cta_qa_0478,42,-0.313163
cta_qa_0478,43,-0.313163
cta_qa_0478,44,-37.500000
cta_qa_0478,45,-0.284401
cta_qa_0478,46,-37.500000
cta_qa_0478,47,-0.352055
cta_qa_0478,48,-34.625000
cta_qa_0478,49,-36.500000
cta_qa_0478,50,-0.313163
cta_qa_0478,51,-36.437500
cta_qa_0478,52,-36.437500
cta_qa_0478,53,-0.401979
cta_qa_0478,54,-0.313163
cta_qa_0478,55,-34.625000
cta_qa_0478,56,-0.313163
cta_qa_0478,57,-0.281071
cta_qa_0478,58,-34.625000
cta_qa_0478,59,-34.625000
cta_qa_0478,60,-37.500000
cta_qa_0478,61,-0.319985
cta_qa_0478,62,-0.256533
cta_qa_0478,63,-0.352055
cta_qa_0479,0,-37.500000
cta_qa_0479,1,-37.500000
cta_qa_0479,2,-37.500000
cta_qa_0479,3,-37.500000
cta_qa_0479,4,-37.500000
cta_qa_0479,5,-37.500000
cta_qa_0479,6,-37.500000
cta_qa_0479,7,-37.500000
cta_qa_0479,8,-37.500000
cta_qa_0479,9,-0.404285
cta_qa_0479,10,-0.464472
cta_qa_0479,11,-0.404285
cta_qa_0479,12,-37.500000
cta_qa_0479,13,-37.500000
cta_qa_0479,14,-37.500000
cta_qa_0479,15,-37.500000
cta_qa_0479,16,-0.404285
cta_qa_0479,17,-37.687500
cta_qa_0479,18,-0.404285
cta_qa_0479,19,-0.404285
cta_qa_0479,20,-37.500000
cta_qa_0479,21,-37.500000
cta_qa_0479,22,-37.500000
cta_qa_0479,23,-37.500000
cta_qa_0479,24,-37.500000
cta_qa_0479,25,-37.500000
cta_qa_0479,26,-37.500000
cta_qa_0479,27,-37.500000
cta_qa_0479,28,-0.404285
cta_qa_0479,29,-37.937500
cta_qa_0479,30,-0.404285
cta_qa_0479,31,-37.937500
cta_qa_0479,32,-37.500000
cta_qa_0479,33,-37.500000
cta_qa_0479,34,-37.500000
cta_qa_0479,35,-37.500000
cta_qa_0479,36,-37.437500
cta_qa_0479,37,-37.437500
cta_qa_0479,38,-0.406057
cta_qa_0479,39,-37.437500
cta_qa_0479,40,-0.404285
cta_qa_0479,41,-0.404285
cta_qa_0479,42,-37.937500
cta_qa_0479,43,-0.404285
cta_qa_0479,44,-37.500000
cta_qa_0479,45,-37.500000
cta_qa_0479,46,-37.500000
cta_qa_0479,47,-37.500000
cta_qa_0479,48,-0.406057
cta_qa_0479,49,-37.437500
cta_qa_0479,50,-37.437500
cta_qa_0479,51,-37.437500
cta_qa_0479,52,-37.500000
cta_qa_0479,53,-37.500000
cta_qa_0479,54,-37.500000
cta_qa_0479,55,-37.500000
cta_qa_0479,56,-0.404285
cta_qa_0479,57,-37.937500
cta_qa_0479,58,-37.687500
cta_qa_0479,59,-0.404285
cta_qa_0479,60,-37.500000
cta_qa_0479,61,-37.500000
cta_qa_0479,62,-37.500000
cta_qa_0479,63,-37.500000
cta_qa_0480,0,-31.625000
cta_qa_0480,1,-0.397701
cta_qa_0480,2,-0.407186
cta_qa_0480,3,-0.253614
cta_qa_0480,4,-0.519362
cta_qa_0480,5,-36.125000
cta_qa_0480,6,-0.346912
cta_qa_0480,7,-0.519362
cta_qa_0480,8,-31.000000
cta_qa_0480,9,-0.378209
cta_qa_0480,10,-31.000000
cta_qa_0480,11,-0.372584
cta_qa_0480,12,-22.250000
cta_qa_0480,13,-0.253614
cta_qa_0480,14,-0.519362
cta_qa_0480,15,-0.375875
cta_qa_0480,16,-0.406018
cta_qa_0480,17,-0.377012
cta_qa_0480,18,-0.498618
cta_qa_0480,19,-22.250000
cta_qa_0480,20,-31.000000
cta_qa_0480,21,-0.407093
cta_qa_0480,22,-0.378265
cta_qa_0480,23,-0.406012
cta_qa_0480,24,-0.252849
cta_qa_0480,25,-0.280354
cta_qa_0480,26,-36.562500
cta_qa_0480,27,-0.461031
cta_qa_0480,28,-0.408263
cta_qa_0480,29,-0.434068
cta_qa_0480,30,-31.000000
cta_qa_0480,31,-0.375878
cta_qa_0480,32,-27.000000
cta_qa_0480,33,-0.406012
cta_qa_0480,34,-0.406012
cta_qa_0480,35,-0.406012
cta_qa_0480,36,-0.406015
cta_qa_0480,37,-0.406015
cta_qa_0480,38,-0.406015
cta_qa_0480,39,-31.000000
cta_qa_0480,40,-0.519362
cta_qa_0480,41,-31.625000
cta_qa_0480,42,-0.443336
cta_qa_0480,43,-0.432850
cta_qa_0480,44,-0.375875
cta_qa_0480,45,-0.519362
cta_qa_0480,46,-0.406018
cta_qa_0480,47,-24.000000
cta_qa_0480,48,-0.406012
cta_qa_0480,49,-31.000000
cta_qa_0480,50,-0.406012
cta_qa_0480,51,-0.375878
cta_qa_0480,52,-0.519362
cta_qa_0480,53,-0.345712
cta_qa_0480,54,-0.408320
cta_qa_0480,55,-31.250000
cta_qa_0480,56,-34.125000
cta_qa_0480,57,-0.349913
cta_qa_0480,58,-0.349033
cta_qa_0480,59,-0.289459
cta_qa_0480,60,-0.491041
cta_qa_0480,61,-27.000000
cta_qa_0480,62,-31.000000
cta_qa_0480,63,-0.377012
cta_qa_0481,0,-37.375000
cta_qa_0481,1,-0.381328
cta_qa_0481,2,-36.937500
cta_qa_0481,3,-0.365713
cta_qa_0481,4,-0.406058
cta_qa_0481,5,-36.937500
cta_qa_0481,6,-0.403200
cta_qa_0481,7,-0.352690
cta_qa_0481,8,-36.937500
cta_qa_0481,9,-36.937500
cta_qa_0481,10,-37.375000
cta_qa_0481,11,-0.345044
cta_qa_0481,12,-0.352690
cta_qa_0481,13,-0.345044
cta_qa_0481,14,-0.345044
cta_qa_0481,15,-36.937500
cta_qa_0481,16,-0.313653
cta_qa_0481,17,-36.625000
cta_qa_0481,18,-36.625000
cta_qa_0481,19,-0.411522
cta_qa_0481,20,-0.409842
cta_qa_0481,21,-37.375000
cta_qa_0481,22,-0.377514
cta_qa_0481,23,-0.409842
cta_qa_0481,24,-0.438683
cta_qa_0481,25,-0.352690
cta_qa_0481,26,-0.438683
cta_qa_0481,27,-36.937500
cta_qa_0481,28,-37.375000
cta_qa_0481,29,-0.377514
cta_qa_0481,30,-37.375000
cta_qa_0481,31,-0.440036
cta_qa_0481,32,-0.406055
cta_qa_0481,33,-0.377514
cta_qa_0481,34,-37.375000
cta_qa_0481,35,-0.465431
cta_qa_0481,36,-0.352690
cta_qa_0481,37,-0.411600
cta_qa_0481,38,-36.937500
cta_qa_0481,39,-0.438683
cta_qa_0481,40,-0.398525
cta_qa_0481,41,-0.377538
cta_qa_0481,42,-0.377538
cta_qa_0481,43,-37.375000
cta_qa_0481,44,-0.345044
cta_qa_0481,45,-36.937500
cta_qa_0481,46,-37.375000
cta_qa_0481,47,-0.410114
cta_qa_0481,48,-36.937500
cta_qa_0481,49,-0.345044
cta_qa_0481,50,-0.411600
cta_qa_0481,51,-0.352690
cta_qa_0481,52,-0.313653
cta_qa_0481,53,-0.348891
cta_qa_0481,54,-0.285148
cta_qa_0481,55,-36.937500
cta_qa_0481,56,-0.465431
cta_qa_0481,57,-32.375000
cta_qa_0481,58,-0.472506
cta_qa_0481,59,-0.409842
cta_qa_0481,60,-0.377514
cta_qa_0481,61,-0.442615
cta_qa_0481,62,-37.625000
cta_qa_0481,63,-0.410128
cta_qa_0482,0,-34.625000
cta_qa_0482,1,-0.260382
cta_qa_0482,2,-0.408909
cta_qa_0482,3,-36.500000
cta_qa_0482,4,-0.376184
cta_qa_0482,5,-0.321160
cta_qa_0482,6,-37.875000
cta_qa_0482,7,-0.357061
cta_qa_0482,8,-0.446924
cta_qa_0482,9,-0.384692
cta_qa_0482,10,-36.750000
cta_qa_0482,11,-0.389887
cta_qa_0482,12,-0.230512
cta_qa_0482,13,-33.750000
cta_qa_0482,14,-0.361732
cta_qa_0482,15,-0.265499
cta_qa_0482,16,-0.294114
cta_qa_0482,17,-33.750000
cta_qa_0482,18,-0.354778
cta_qa_0482,19,-0.284810
cta_qa_0482,20,-0.351750
cta_qa_0482,21,-33.750000
cta_qa_0482,22,-0.356313
cta_qa_0482,23,-0.354806
cta_qa_0482,24,-0.387756
cta_qa_0482,25,-37.187500
cta_qa_0482,26,-0.296746
cta_qa_0482,27,-37.812500
cta_qa_0482,28,-0.389071
cta_qa_0482,29,-35.000000
cta_qa_0482,30,-0.440145
cta_qa_0482,31,-0.389327
cta_qa_0482,32,-0.387535
cta_qa_0482,33,-0.228535
cta_qa_0482,34,-0.408909
cta_qa_0482,35,-34.625000
cta_qa_0482,36,-0.388478
cta_qa_0482,37,-0.261320
cta_qa_0482,38,-33.750000
cta_qa_0482,39,-0.232474
cta_qa_0482,40,-0.324873
cta_qa_0482,41,-34.250000
cta_qa_0482,42,-0.408909
cta_qa_0482,43,-0.327456
cta_qa_0482,44,-33.750000
cta_qa_0482,45,-0.356279
cta_qa_0482,46,-0.328954
cta_qa_0482,47,-33.750000
cta_qa_0482,48,-0.440145
cta_qa_0482,49,-0.192396
cta_qa_0482,50,-0.260536
cta_qa_0482,51,-35.625000
cta_qa_0482,52,-36.562500
cta_qa_0482,53,-0.191650
cta_qa_0482,54,-0.440145
cta_qa_0482,55,-33.750000
cta_qa_0482,56,-0.325980
cta_qa_0482,57,-0.228535
cta_qa_0482,58,-35.375000
cta_qa_0482,59,-0.321656
cta_qa_0482,60,-0.326171
cta_qa_0482,61,-0.205784
cta_qa_0482,62,-0.325980
cta_qa_0482,63,-34.250000
cta_qa_0483,0,-0.354939
cta_qa_0483,1,-37.750000
cta_qa_0483,2,-0.352916
cta_qa_0483,3,-0.444926
cta_qa_0483,4,-0.316569
cta_qa_0483,5,-37.875000
cta_qa_0483,6,-0.415540
cta_qa_0483,7,-30.500000
cta_qa_0483,8,-36.500000
cta_qa_0483,9,-0.354295
cta_qa_0483,10,-0.414133
cta_qa_0483,11,-0.444824
cta_qa_0483,12,-36.875000
cta_qa_0483,13,-0.407469
cta_qa_0483,14,-35.875000
cta_qa_0483,15,-0.259920
cta_qa_0483,16,-0.346572
cta_qa_0483,17,-0.345984
cta_qa_0483,18,-37.937500
cta_qa_0483,19,-0.352790
cta_qa_0483,20,-36.875000
cta_qa_0483,21,-0.292421
cta_qa_0483,22,-0.350239
cta_qa_0483,23,-36.875000
cta_qa_0483,24,-0.445029
cta_qa_0483,25,-35.250000
cta_qa_0483,26,-0.318197
cta_qa_0483,27,-0.385288
cta_qa_0483,28,-0.415927
cta_qa_0483,29,-0.383142
cta_qa_0483,30,-0.413670
cta_qa_0483,31,-39.000000
cta_qa_0483,32,-37.750000
cta_qa_0483,33,-0.412169
cta_qa_0483,34,-0.346572
cta_qa_0483,35,-37.750000
cta_qa_0483,36,-0.529510
cta_qa_0483,37,-30.500000
cta_qa_0483,38,-0.529510
cta_qa_0483,39,-0.382433
cta_qa_0483,40,-0.416668
cta_qa_0483,41,-0.499756
cta_qa_0483,42,-35.625000
cta_qa_0483,43,-0.413885
cta_qa_0483,44,-39.000000
cta_qa_0483,45,-0.499751
cta_qa_0483,46,-0.386818
cta_qa_0483,47,-0.440010
cta_qa_0483,48,-0.322343
cta_qa_0483,49,-36.000000
cta_qa_0483,50,-0.320621
cta_qa_0483,51,-0.347739
cta_qa_0483,52,-0.290660
cta_qa_0483,53,-0.381999
cta_qa_0483,54,-39.000000
cta_qa_0483,55,-0.380256
cta_qa_0483,56,-36.875000
cta_qa_0483,57,-0.349614
cta_qa_0483,58,-0.407469
cta_qa_0483,59,-0.318883
cta_qa_0483,60,-34.250000
cta_qa_0483,61,-0.322194
cta_qa_0483,62,-0.320740
cta_qa_0483,63,-0.290660
cta_qa_0484,0,-0.436004
cta_qa_0484,1,-0.490707
cta_qa_0484,2,-35.500000
cta_qa_0484,3,-0.435931
cta_qa_0484,4,-0.435931
cta_qa_0484,5,-0.435931
cta_qa_0484,6,-35.500000
cta_qa_0484,7,-0.439847
cta_qa_0484,8,-38.000000
cta_qa_0484,9,-0.473005
cta_qa_0484,10,-0.501322
cta_qa_0484,11,-0.409917
cta_qa_0484,12,-35.250000
cta_qa_0484,13,-0.411760
cta_qa_0484,14,-0.407277
cta_qa_0484,15,-0.316859
cta_qa_0484,16,-0.412609
cta_qa_0484,17,-36.312500
cta_qa_0484,18,-0.437316
cta_qa_0484,19,-0.412609
cta_qa_0484,20,-37.937500
cta_qa_0484,21,-0.376048
cta_qa_0484,22,-0.319646
cta_qa_0484,23,-0.284318
cta_qa_0484,24,-36.312500
cta_qa_0484,25,-0.406824
cta_qa_0484,26,-0.440902
cta_qa_0484,27,-0.412609
cta_qa_0484,28,-35.500000
cta_qa_0484,29,-0.490707
cta_qa_0484,30,-0.435931
cta_qa_0484,31,-0.437305
cta_qa_0484,32,-38.375000
cta_qa_0484,33,-0.438767
cta_qa_0484,34,-0.350254
cta_qa_0484,35,-0.438767
cta_qa_0484,36,-0.462667
cta_qa_0484,37,-0.462667
cta_qa_0484,38,-0.316859
cta_qa_0484,39,-36.750000
cta_qa_0484,40,-0.375855
cta_qa_0484,41,-0.429822
cta_qa_0484,42,-0.376842
cta_qa_0484,43,-33.125000
cta_qa_0484,44,-0.473005
cta_qa_0484,45,-38.000000
cta_qa_0484,46,-38.000000
cta_qa_0484,47,-0.437345
cta_qa_0484,48,-0.402462
cta_qa_0484,49,-35.250000
cta_qa_0484,50,-0.377336
cta_qa_0484,51,-0.316859
cta_qa_0484,52,-0.465829
cta_qa_0484,53,-38.187500
cta_qa_0484,54,-0.408636
cta_qa_0484,55,-0.439964
cta_qa_0484,56,-35.500000
cta_qa_0484,57,-0.436004
cta_qa_0484,58,-0.435931
cta_qa_0484,59,-0.435931
cta_qa_0484,60,-0.437305
cta_qa_0484,61,-0.436004
cta_qa_0484,62,-35.500000
cta_qa_0484,63,-0.435931
cta_qa_0485,0,-37.687500
cta_qa_0485,1,-37.687500
cta_qa_0485,2,-37.250000
cta_qa_0485,3,-37.312500
cta_qa_0485,4,-37.250000
cta_qa_0485,5,-37.687500
cta_qa_0485,6,-37.250000
cta_qa_0485,7,-37.250000
cta_qa_0485,8,-37.250000
cta_qa_0485,9,-37.250000
cta_qa_0485,10,-37.687500
cta_qa_0485,11,-37.687500
cta_qa_0485,12,-37.687500
cta_qa_0485,13,-37.687500
cta_qa_0485,14,-37.250000
cta_qa_0485,15,-37.250000
cta_qa_0485,16,-37.687500
cta_qa_0485,17,-37.250000
cta_qa_0485,18,-37.687500
cta_qa_0485,19,-37.687500
cta_qa_0485,20,-37.250000
cta_qa_0485,21,-37.250000
cta_qa_0485,22,-37.250000
cta_qa_0485,23,-37.687500
cta_qa_0485,24,-37.562500
cta_qa_0485,25,-0.562287
cta_qa_0485,26,-37.562500
cta_qa_0485,27,-37.250000
cta_qa_0485,28,-37.687500
cta_qa_0485,29,-37.250000
cta_qa_0485,30,-37.687500
cta_qa_0485,31,-37.687500
cta_qa_0485,32,-37.687500
cta_qa_0485,33,-37.250000
cta_qa_0485,34,-37.687500
cta_qa_0485,35,-37.687500
cta_qa_0485,36,-37.687500
cta_qa_0485,37,-37.687500
cta_qa_0485,38,-37.250000
cta_qa_0485,39,-37.250000
cta_qa_0485,40,-37.687500
cta_qa_0485,41,-37.312500
cta_qa_0485,42,-37.687500
cta_qa_0485,43,-37.250000
cta_qa_0485,44,-37.250000
cta_qa_0485,45,-37.687500
cta_qa_0485,46,-37.687500
cta_qa_0485,47,-37.687500
cta_qa_0485,48,-37.687500
cta_qa_0485,49,-37.687500
cta_qa_0485,50,-37.250000
cta_qa_0485,51,-37.687500
cta_qa_0485,52,-37.250000
cta_qa_0485,53,-37.562500
cta_qa_0485,54,-37.562500
cta_qa_0485,55,-0.562287
cta_qa_0485,56,-37.687500
cta_qa_0485,57,-37.687500
cta_qa_0485,58,-37.687500
cta_qa_0485,59,-37.312500
cta_qa_0485,60,-37.687500
cta_qa_0485,61,-37.250000
cta_qa_0485,62,-37.687500
cta_qa_0485,63,-37.250000
cta_qa_0486,0,-0.260775
cta_qa_0486,1,-32.875000
cta_qa_0486,2,-34.625000
cta_qa_0486,3,-0.292163
cta_qa_0486,4,-0.260775
cta_qa_0486,5,-0.260775
cta_qa_0486,6,-0.290995
cta_qa_0486,7,-34.625000
cta_qa_0486,8,-0.322242
cta_qa_0486,9,-0.322242
cta_qa_0486,10,-0.322242
cta_qa_0486,11,-35.250000
cta_qa_0486,12,-36.125000
cta_qa_0486,13,-36.125000
cta_qa_0486,14,-0.312329
cta_qa_0486,15,-0.371706
cta_qa_0486,16,-0.290995
cta_qa_0486,17,-34.875000
cta_qa_0486,18,-0.261180
cta_qa_0486,19,-0.290995
cta_qa_0486,20,-36.375000
cta_qa_0486,21,-36.375000
cta_qa_0486,22,-36.375000
cta_qa_0486,23,-36.375000
cta_qa_0486,24,-36.125000
cta_qa_0486,25,-0.344831
cta_qa_0486,26,-36.125000
cta_qa_0486,27,-36.125000
cta_qa_0486,28,-0.373202
cta_qa_0486,29,-38.375000
cta_qa_0486,30,-0.379311
cta_qa_0486,31,-0.379247
cta_qa_0486,32,-0.317144
cta_qa_0486,33,-0.317144
cta_qa_0486,34,-0.289407
cta_qa_0486,35,-37.875000
cta_qa_0486,36,-0.322242
cta_qa_0486,37,-35.250000
cta_qa_0486,38,-0.322242
cta_qa_0486,39,-0.322242
cta_qa_0486,40,-0.288453
cta_qa_0486,41,-28.625000
cta_qa_0486,42,-28.625000
cta_qa_0486,43,-0.351057
cta_qa_0486,44,-36.125000
cta_qa_0486,45,-36.125000
cta_qa_0486,46,-0.311373
cta_qa_0486,47,-36.125000
cta_qa_0486,48,-0.347578
cta_qa_0486,49,-34.875000
cta_qa_0486,50,-0.381619
cta_qa_0486,51,-0.347705
cta_qa_0486,52,-0.290995
cta_qa_0486,53,-0.256789
cta_qa_0486,54,-34.875000
cta_qa_0486,55,-0.316936
cta_qa_0486,56,-0.321507
cta_qa_0486,57,-38.687500
cta_qa_0486,58,-0.351057
cta_qa_0486,59,-0.351057
cta_qa_0486,60,-0.377480
cta_qa_0486,61,-33.750000
cta_qa_0486,62,-0.377866
cta_qa_0486,63,-0.379311
cta_qa_0487,0,-0.464087
cta_qa_0487,1,-0.464087
cta_qa_0487,2,-32.000000
cta_qa_0487,3,-0.464087
cta_qa_0487,4,-0.402894
cta_qa_0487,5,-0.402894
cta_qa_0487,6,-21.250000
cta_qa_0487,7,-0.402894
cta_qa_0487,8,-0.406076
cta_qa_0487,9,-36.375000
cta_qa_0487,10,-0.406076
cta_qa_0487,11,-0.406076
cta_qa_0487,12,-38.000000
cta_qa_0487,13,-0.401719
cta_qa_0487,14,-0.401719
cta_qa_0487,15,-0.401719
cta_qa_0487,16,-0.466250
cta_qa_0487,17,-0.466250
cta_qa_0487,18,-38.437500
cta_qa_0487,19,-0.466250
cta_qa_0487,20,-37.125000
cta_qa_0487,21,-0.373181
cta_qa_0487,22,-0.373181
cta_qa_0487,23,-0.373181
cta_qa_0487,24,-0.378930
cta_qa_0487,25,-0.373181
cta_qa_0487,26,-0.373181
cta_qa_0487,27,-36.625000
cta_qa_0487,28,-0.314993
cta_qa_0487,29,-0.464087
cta_qa_0487,30,-0.371336
cta_qa_0487,31,-35.937500
cta_qa_0487,32,-0.438597
cta_qa_0487,33,-0.464175
cta_qa_0487,34,-0.380582
cta_qa_0487,35,-24.125000
cta_qa_0487,36,-28.875000
cta_qa_0487,37,-28.875000
cta_qa_0487,38,-28.875000
cta_qa_0487,39,-28.875000
cta_qa_0487,40,-0.460394
cta_qa_0487,41,-0.460394
cta_qa_0487,42,-29.500000
cta_qa_0487,43,-0.460394
cta_qa_0487,44,-35.937500
cta_qa_0487,45,-0.464087
cta_qa_0487,46,-0.464087
cta_qa_0487,47,-0.464087
cta_qa_0487,48,-0.464087
cta_qa_0487,49,-0.464087
cta_qa_0487,50,-0.464087
cta_qa_0487,51,-35.937500
cta_qa_0487,52,-28.875000
cta_qa_0487,53,-28.875000
cta_qa_0487,54,-28.875000
cta_qa_0487,55,-28.875000
cta_qa_0487,56,-0.401719
cta_qa_0487,57,-38.062500
cta_qa_0487,58,-0.401719
cta_qa_0487,59,-0.401719
cta_qa_0487,60,-37.000000
cta_qa_0487,61,-0.464175
cta_qa_0487,62,-0.464175
cta_qa_0487,63,-0.353923
cta_qa_0488,0,-0.379232
cta_qa_0488,1,-0.379232
cta_qa_0488,2,-38.062500
cta_qa_0488,3,-38.062500
cta_qa_0488,4,-0.286016
cta_qa_0488,5,-0.379232
cta_qa_0488,6,-38.000000
cta_qa_0488,7,-38.000000
cta_qa_0488,8,-0.379232
cta_qa_0488,9,-0.352279
cta_qa_0488,10,-38.000000
cta_qa_0488,11,-0.379232
cta_qa_0488,12,-0.498377
cta_qa_0488,13,-0.498377
cta_qa_0488,14,-0.498377
cta_qa_0488,15,-37.750000
cta_qa_0488,16,-0.468537
cta_qa_0488,17,-0.468537
cta_qa_0488,18,-36.500000
cta_qa_0488,19,-0.468537
cta_qa_0488,20,-0.379232
cta_qa_0488,21,-0.318438
cta_qa_0488,22,-38.062500
cta_qa_0488,23,-0.379232
cta_qa_0488,24,-0.289923
cta_qa_0488,25,-0.379232
cta_qa_0488,26,-0.379232
cta_qa_0488,27,-38.062500
cta_qa_0488,28,-0.352279
cta_qa_0488,29,-0.379232
cta_qa_0488,30,-0.379232
cta_qa_0488,31,-38.000000
cta_qa_0488,32,-38.000000
cta_qa_0488,33,-0.289923
cta_qa_0488,34,-38.062500
cta_qa_0488,35,-0.379232
cta_qa_0488,36,-0.440134
cta_qa_0488,37,-0.323099
cta_qa_0488,38,-0.323099
cta_qa_0488,39,-36.562500
cta_qa_0488,40,-0.352400
cta_qa_0488,41,-0.410559
cta_qa_0488,42,-37.562500
cta_qa_0488,43,-0.316356
cta_qa_0488,44,-38.000000
cta_qa_0488,45,-0.379232
cta_qa_0488,46,-38.062500
cta_qa_0488,47,-0.289923
cta_qa_0488,48,-37.750000
cta_qa_0488,49,-0.498377
cta_qa_0488,50,-37.750000
cta_qa_0488,51,-0.498377
cta_qa_0488,52,-0.379232
cta_qa_0488,53,-0.379232
cta_qa_0488,54,-38.000000
cta_qa_0488,55,-0.379232
cta_qa_0488,56,-0.498377
cta_qa_0488,57,-0.498377
cta_qa_0488,58,-37.750000
cta_qa_0488,59,-0.498377
cta_qa_0488,60,-38.000000
cta_qa_0488,61,-38.062500
cta_qa_0488,62,-38.000000
cta_qa_0488,63,-0.379232
cta_qa_0489,0,-0.255370
cta_qa_0489,1,-38.062500
cta_qa_0489,2,-0.255370
cta_qa_0489,3,-0.413692
cta_qa_0489,4,-37.437500
cta_qa_0489,5,-0.462629
cta_qa_0489,6,-0.522557
cta_qa_0489,7,-0.522557
cta_qa_0489,8,-38.062500
cta_qa_0489,9,-0.255370
cta_qa_0489,10,-0.469893
cta_qa_0489,11,-38.062500
cta_qa_0489,12,-38.562500
cta_qa_0489,13,-0.376187
cta_qa_0489,14,-0.322479
cta_qa_0489,15,-0.320728
cta_qa_0489,16,-38.562500
cta_qa_0489,17,-0.161689
cta_qa_0489,18,-0.322479
cta_qa_0489,19,-0.376187
cta_qa_0489,20,-0.437240
cta_qa_0489,21,-0.350222
cta_qa_0489,22,-38.250000
cta_qa_0489,23,-0.437240
cta_qa_0489,24,-0.469893
cta_qa_0489,25,-0.469893
cta_qa_0489,26,-0.469893
cta_qa_0489,27,-38.062500
cta_qa_0489,28,-0.437216
cta_qa_0489,29,-35.500000
cta_qa_0489,30,-0.324349
cta_qa_0489,31,-0.437216
cta_qa_0489,32,-0.354611
cta_qa_0489,33,-0.161631
cta_qa_0489,34,-0.320728
cta_qa_0489,35,-38.562500
cta_qa_0489,36,-0.320728
cta_qa_0489,37,-38.562500
cta_qa_0489,38,-0.350602
cta_qa_0489,39,-0.376187
cta_qa_0489,40,-0.522557
cta_qa_0489,41,-37.437500
cta_qa_0489,42,-0.522557
cta_qa_0489,43,-37.437500
cta_qa_0489,44,-37.500000
cta_qa_0489,45,-0.385265
cta_qa_0489,46,-0.385273
cta_qa_0489,47,-0.468466
cta_qa_0489,48,-0.320728
cta_qa_0489,49,-38.562500
cta_qa_0489,50,-0.376187
cta_qa_0489,51,-0.376187
cta_qa_0489,52,-38.125000
cta_qa_0489,53,-0.525085
cta_qa_0489,54,-0.413307
cta_qa_0489,55,-0.525085
cta_qa_0489,56,-37.437500
cta_qa_0489,57,-37.437500
cta_qa_0489,58,-37.562500
cta_qa_0489,59,-0.522557
cta_qa_0489,60,-38.562500
cta_qa_0489,61,-0.376187
cta_qa_0489,62,-0.350602
cta_qa_0489,63,-0.320728
cta_qa_0490,0,-33.125000
cta_qa_0490,1,-33.125000
cta_qa_0490,2,-0.493597
cta_qa_0490,3,-33.125000
cta_qa_0490,4,-0.443643
cta_qa_0490,5,-0.443643
cta_qa_0490,6,-0.443643
cta_qa_0490,7,-33.625000
cta_qa_0490,8,-32.375000
cta_qa_0490,9,-0.443643
cta_qa_0490,10,-0.378546
cta_qa_0490,11,-0.443643
cta_qa_0490,12,-0.439917
cta_qa_0490,13,-33.125000
cta_qa_0490,14,-33.125000
cta_qa_0490,15,-33.125000
cta_qa_0490,16,-0.409857
cta_qa_0490,17,-0.465524
cta_qa_0490,18,-34.250000
cta_qa_0490,19,-0.409857
cta_qa_0490,20,-33.375000
cta_qa_0490,21,-33.375000
cta_qa_0490,22,-33.250000
cta_qa_0490,23,-33.375000
cta_qa_0490,24,-33.125000
cta_qa_0490,25,-0.437308
cta_qa_0490,26,-0.493597
cta_qa_0490,27,-33.125000
cta_qa_0490,28,-0.342319
cta_qa_0490,29,-37.437500
cta_qa_0490,30,-0.347408
cta_qa_0490,31,-0.218573
cta_qa_0490,32,-0.472300
cta_qa_0490,33,-0.472300
cta_qa_0490,34,-35.000000
cta_qa_0490,35,-0.472300
cta_qa_0490,36,-0.381239
cta_qa_0490,37,-0.443643
cta_qa_0490,38,-33.687500
cta_qa_0490,39,-0.381239
cta_qa_0490,40,-0.443643
cta_qa_0490,41,-0.443643
cta_qa_0490,42,-0.443643
cta_qa_0490,43,-34.750000
cta_qa_0490,44,-0.443643
cta_qa_0490,45,-35.375000
cta_qa_0490,46,-34.625000
cta_qa_0490,47,-0.277391
cta_qa_0490,48,-33.375000
cta_qa_0490,49,-33.375000
cta_qa_0490,50,-33.375000
cta_qa_0490,51,-33.375000
cta_qa_0490,52,-0.443643
cta_qa_0490,53,-0.437305
cta_qa_0490,54,-31.500000
cta_qa_0490,55,-31.625000
cta_qa_0490,56,-33.125000
cta_qa_0490,57,-33.125000
cta_qa_0490,58,-0.437308
cta_qa_0490,59,-0.437308
cta_qa_0490,60,-0.342319
cta_qa_0490,61,-0.306989
cta_qa_0490,62,-36.000000
cta_qa_0490,63,-0.337497
cta_qa_0491,0,-0.281877
cta_qa_0491,1,-31.875000
cta_qa_0491,2,-0.377249
cta_qa_0491,3,-0.378471
cta_qa_0491,4,-37.437500
cta_qa_0491,5,-0.345269
cta_qa_0491,6,-0.343596
cta_qa_0491,7,-0.343591
cta_qa_0491,8,-0.319329
cta_qa_0491,9,-0.282713
cta_qa_0491,10,-33.250000
cta_qa_0491,11,-33.250000
cta_qa_0491,12,-0.314794
cta_qa_0491,13,-21.875000
cta_qa_0491,14,-0.404506
cta_qa_0491,15,-0.344825
cta_qa_0491,16,-0.413301
cta_qa_0491,17,-0.414821
cta_qa_0491,18,-29.625000
cta_qa_0491,19,-0.380880
cta_qa_0491,20,-0.312307
cta_qa_0491,21,-31.875000
cta_qa_0491,22,-32.125000
cta_qa_0491,23,-0.280225
cta_qa_0491,24,-0.284201
cta_qa_0491,25,-0.221044
cta_qa_0491,26,-32.375000
cta_qa_0491,27,-0.403170
cta_qa_0491,28,-0.465481
cta_qa_0491,29,-33.125000
cta_qa_0491,30,-0.375687
cta_qa_0491,31,-0.314016
cta_qa_0491,32,-0.346150
cta_qa_0491,33,-0.404506
cta_qa_0491,34,-24.000000
cta_qa_0491,35,-0.287319
cta_qa_0491,36,-0.404506
cta_qa_0491,37,-33.250000
cta_qa_0491,38,-24.000000
cta_qa_0491,39,-0.252262
cta_qa_0491,40,-0.434517
cta_qa_0491,41,-0.408829
cta_qa_0491,42,-0.403221
cta_qa_0491,43,-31.500000
cta_qa_0491,44,-0.377414
cta_qa_0491,45,-0.377532
cta_qa_0491,46,-0.316432
cta_qa_0491,47,-38.187500
cta_qa_0491,48,-0.434614
cta_qa_0491,49,-28.500000
cta_qa_0491,50,-0.434614
cta_qa_0491,51,-28.500000
cta_qa_0491,52,-0.316425
cta_qa_0491,53,-33.250000
cta_qa_0491,54,-0.319329
cta_qa_0491,55,-0.319329
cta_qa_0491,56,-0.404506
cta_qa_0491,57,-31.875000
cta_qa_0491,58,-28.500000
cta_qa_0491,59,-0.379681
cta_qa_0491,60,-0.319329
cta_qa_0491,61,-0.349452
cta_qa_0491,62,-0.319727
cta_qa_0491,63,-28.500000
cta_qa_0492,0,-0.348367
cta_qa_0492,1,-0.318815
cta_qa_0492,2,-0.412761
cta_qa_0492,3,-38.062500
cta_qa_0492,4,-0.376849
cta_qa_0492,5,-0.376849
cta_qa_0492,6,-0.376849
cta_qa_0492,7,-38.375000
cta_qa_0492,8,-24.125000
cta_qa_0492,9,-24.125000
cta_qa_0492,10,-24.125000
cta_qa_0492,11,-24.125000
cta_qa_0492,12,-0.376849
cta_qa_0492,13,-0.376849
cta_qa_0492,14,-38.500000
cta_qa_0492,15,-0.376849
cta_qa_0492,16,-0.316720
cta_qa_0492,17,-35.625000
cta_qa_0492,18,-0.316720
cta_qa_0492,19,-0.404722
cta_qa_0492,20,-0.378397
cta_qa_0492,21,-37.625000
cta_qa_0492,22,-0.378397
cta_qa_0492,23,-0.378397
cta_qa_0492,24,-0.376849
cta_qa_0492,25,-0.376849
cta_qa_0492,26,-0.376849
cta_qa_0492,27,-38.500000
cta_qa_0492,28,-0.376849
cta_qa_0492,29,-37.687500
cta_qa_0492,30,-0.376849
cta_qa_0492,31,-35.312500
cta_qa_0492,32,-38.500000
cta_qa_0492,33,-0.376849
cta_qa_0492,34,-0.376849
cta_qa_0492,35,-0.376849
cta_qa_0492,36,-0.189542
cta_qa_0492,37,-0.221676
cta_qa_0492,38,-38.125000
cta_qa_0492,39,-0.378397
cta_qa_0492,40,-38.125000
cta_qa_0492,41,-0.404722
cta_qa_0492,42,-0.404722
cta_qa_0492,43,-0.404722
cta_qa_0492,44,-0.435985
cta_qa_0492,45,-0.435985
cta_qa_0492,46,-38.062500
cta_qa_0492,47,-0.435985
cta_qa_0492,48,-0.376849
cta_qa_0492,49,-38.500000
cta_qa_0492,50,-38.687500
cta_qa_0492,51,-0.376849
cta_qa_0492,52,-38.437500
cta_qa_0492,53,-0.434543
cta_qa_0492,54,-0.434543
cta_qa_0492,55,-0.318628
cta_qa_0492,56,-0.468543
cta_qa_0492,57,-0.468543
cta_qa_0492,58,-0.380761
cta_qa_0492,59,-38.187500
cta_qa_0492,60,-38.500000
cta_qa_0492,61,-38.500000
cta_qa_0492,62,-0.376849
cta_qa_0492,63,-35.312500
cta_qa_0493,0,-0.373534
cta_qa_0493,1,-0.373534
cta_qa_0493,2,-0.373534
cta_qa_0493,3,-36.687500
cta_qa_0493,4,-0.194721
cta_qa_0493,5,-36.500000
cta_qa_0493,6,-0.281018
cta_qa_0493,7,-0.281018
cta_qa_0493,8,-0.373534
cta_qa_0493,9,-36.687500
cta_qa_0493,10,-0.373534
cta_qa_0493,11,-0.373534
cta_qa_0493,12,-0.066180
cta_qa_0493,13,-0.373534
cta_qa_0493,14,-0.373534
cta_qa_0493,15,-37.687500
cta_qa_0493,16,-0.343541
cta_qa_0493,17,-36.500000
cta_qa_0493,18,-0.343541
cta_qa_0493,19,-0.343541
cta_qa_0493,20,-0.370471
cta_qa_0493,21,-0.370471
cta_qa_0493,22,-36.125000
cta_qa_0493,23,-0.370471
cta_qa_0493,24,-0.373534
cta_qa_0493,25,-36.687500
cta_qa_0493,26,-0.373534
cta_qa_0493,27,-0.373534
cta_qa_0493,28,-26.875000
cta_qa_0493,29,-26.875000
cta_qa_0493,30,-26.875000
cta_qa_0493,31,-26.875000
cta_qa_0493,32,-33.125000
cta_qa_0493,33,-0.314647
cta_qa_0493,34,-0.373477
cta_qa_0493,35,-0.256625
cta_qa_0493,36,-0.373534
cta_qa_0493,37,-36.687500
cta_qa_0493,38,-0.373534
cta_qa_0493,39,-36.687500
cta_qa_0493,40,-0.312279
cta_qa_0493,41,-0.312279
cta_qa_0493,42,-6.124980
cta_qa_0493,43,-0.312279
cta_qa_0493,44,-0.437393
cta_qa_0493,45,-0.343519
cta_qa_0493,46,-0.343519
cta_qa_0493,47,-36.312500
cta_qa_0493,48,-0.373534
cta_qa_0493,49,-36.687500
cta_qa_0493,50,-36.687500
cta_qa_0493,51,-0.373534
cta_qa_0493,52,-0.373534
cta_qa_0493,53,-36.687500
cta_qa_0493,54,-0.373534
cta_qa_0493,55,-0.373534
cta_qa_0493,56,-0.528595
cta_qa_0493,57,-36.312500
cta_qa_0493,58,-0.437393
cta_qa_0493,59,-0.437393
cta_qa_0493,60,-36.687500
cta_qa_0493,61,-0.189547
cta_qa_0493,62,-0.373534
cta_qa_0493,63,-36.687500
cta_qa_0494,0,-27.750000
cta_qa_0494,1,-27.750000
cta_qa_0494,2,-27.750000
cta_qa_0494,3,-27.750000
cta_qa_0494,4,-27.750000
cta_qa_0494,5,-27.750000
cta_qa_0494,6,-27.750000
cta_qa_0494,7,-27.750000
cta_qa_0494,8,-37.062500
cta_qa_0494,9,-0.427353
cta_qa_0494,10,-0.522909
cta_qa_0494,11,-0.522909
cta_qa_0494,12,-36.937500
cta_qa_0494,13,-0.376064
cta_qa_0494,14,-0.491667
cta_qa_0494,15,-0.491667
cta_qa_0494,16,-36.625000
cta_qa_0494,17,-0.403385
cta_qa_0494,18,-0.491667
cta_qa_0494,19,-0.491667
cta_qa_0494,20,-27.750000
cta_qa_0494,21,-27.750000
cta_qa_0494,22,-27.750000
cta_qa_0494,23,-27.750000
cta_qa_0494,24,-27.750000
cta_qa_0494,25,-27.750000
cta_qa_0494,26,-27.750000
cta_qa_0494,27,-27.750000
cta_qa_0494,28,-27.750000
cta_qa_0494,29,-27.750000
cta_qa_0494,30,-27.750000
cta_qa_0494,31,-27.750000
cta_qa_0494,32,-36.937500
cta_qa_0494,33,-0.487893
cta_qa_0494,34,-0.487893
cta_qa_0494,35,-0.487893
cta_qa_0494,36,-27.750000
cta_qa_0494,37,-27.750000
cta_qa_0494,38,-27.750000
cta_qa_0494,39,-27.750000
cta_qa_0494,40,-0.499766
cta_qa_0494,41,-0.491091
cta_qa_0494,42,-36.125000
cta_qa_0494,43,-0.491091
cta_qa_0494,44,-0.523617
cta_qa_0494,45,-0.523617
cta_qa_0494,46,-0.523617
cta_qa_0494,47,-35.875000
cta_qa_0494,48,-27.750000
cta_qa_0494,49,-27.750000
cta_qa_0494,50,-27.750000
cta_qa_0494,51,-27.750000
cta_qa_0494,52,-0.554048
cta_qa_0494,53,-35.750000
cta_qa_0494,54,-0.554048
cta_qa_0494,55,-0.554048
cta_qa_0494,56,-35.750000
cta_qa_0494,57,-0.339972
cta_qa_0494,58,-0.554048
cta_qa_0494,59,-0.554048
cta_qa_0494,60,-27.750000
cta_qa_0494,61,-27.750000
cta_qa_0494,62,-27.750000
cta_qa_0494,63,-27.750000
cta_qa_0495,0,-0.347567
cta_qa_0495,1,-36.625000
cta_qa_0495,2,-37.687500
cta_qa_0495,3,-0.464661
cta_qa_0495,4,-32.875000
cta_qa_0495,5,-0.373623
cta_qa_0495,6,-0.312306
cta_qa_0495,7,-0.315842
cta_qa_0495,8,-37.687500
cta_qa_0495,9,-0.347567
cta_qa_0495,10,-0.347567
cta_qa_0495,11,-37.687500
cta_qa_0495,12,-0.347567
cta_qa_0495,13,-37.687500
cta_qa_0495,14,-0.374838
cta_qa_0495,15,-0.348524
cta_qa_0495,16,-0.467313
cta_qa_0495,17,-34.375000
cta_qa_0495,18,-0.345709
cta_qa_0495,19,-0.317864
cta_qa_0495,20,-32.875000
cta_qa_0495,21,-0.408270
cta_qa_0495,22,-35.125000
cta_qa_0495,23,-0.378288
cta_qa_0495,24,-0.374780
cta_qa_0495,25,-37.812500
cta_qa_0495,26,-0.315842
cta_qa_0495,27,-0.408270
cta_qa_0495,28,-0.344459
cta_qa_0495,29,-0.344459
cta_qa_0495,30,-36.625000
cta_qa_0495,31,-0.316306
cta_qa_0495,32,-0.316149
cta_qa_0495,33,-0.346285
cta_qa_0495,34,-6.749995
cta_qa_0495,35,-0.346255
cta_qa_0495,36,-0.348524
cta_qa_0495,37,-37.687500
cta_qa_0495,38,-37.687500
cta_qa_0495,39,-0.351136
cta_qa_0495,40,-0.374838
cta_qa_0495,41,-0.351136
cta_qa_0495,42,-36.625000
cta_qa_0495,43,-0.344859
cta_qa_0495,44,-0.317263
cta_qa_0495,45,-21.625000
cta_qa_0495,46,-0.317263
cta_qa_0495,47,-0.407250
cta_qa_0495,48,-36.625000
cta_qa_0495,49,-37.687500
cta_qa_0495,50,-0.464661
cta_qa_0495,51,-37.687500
cta_qa_0495,52,-37.687500
cta_qa_0495,53,-37.687500
cta_qa_0495,54,-0.348524
cta_qa_0495,55,-37.687500
cta_qa_0495,56,-0.377829
cta_qa_0495,57,-0.382559
cta_qa_0495,58,-0.349970
cta_qa_0495,59,-13.500000
cta_qa_0495,60,-0.317263
cta_qa_0495,61,-0.317056
cta_qa_0495,62,-32.125000
cta_qa_0495,63,-0.465775
cta_qa_0496,0,-37.562500
cta_qa_0496,1,-0.380771
cta_qa_0496,2,-0.222034
cta_qa_0496,3,-36.625000
cta_qa_0496,4,-0.380771
cta_qa_0496,5,-36.375000
cta_qa_0496,6,-0.380771
cta_qa_0496,7,-0.380771
cta_qa_0496,8,-0.380771
cta_qa_0496,9,-38.250000
cta_qa_0496,10,-0.380771
cta_qa_0496,11,-36.625000
cta_qa_0496,12,-0.380771
cta_qa_0496,13,-0.380771
cta_qa_0496,14,-37.562500
cta_qa_0496,15,-0.380771
cta_qa_0496,16,-0.380771
cta_qa_0496,17,-0.380771
cta_qa_0496,18,-36.875000
cta_qa_0496,19,-37.562500
cta_qa_0496,20,-0.380771
cta_qa_0496,21,-0.251925
cta_qa_0496,22,-36.375000
cta_qa_0496,23,-0.380771
cta_qa_0496,24,-37.562500
cta_qa_0496,25,-37.562500
cta_qa_0496,26,-0.283111
cta_qa_0496,27,-36.625000
cta_qa_0496,28,-34.250000
cta_qa_0496,29,-0.347657
cta_qa_0496,30,-0.347657
cta_qa_0496,31,-0.347657
cta_qa_0496,32,-0.349179
cta_qa_0496,33,-37.875000
cta_qa_0496,34,-0.506498
cta_qa_0496,35,-0.506498
cta_qa_0496,36,-0.439963
cta_qa_0496,37,-38.562500
cta_qa_0496,38,-0.354625
cta_qa_0496,39,-0.262384
cta_qa_0496,40,-0.442386
cta_qa_0496,41,-37.750000
cta_qa_0496,42,-0.261344
cta_qa_0496,43,-0.442386
cta_qa_0496,44,-0.506498
cta_qa_0496,45,-33.000000
cta_qa_0496,46,-0.506498
cta_qa_0496,47,-0.506498
cta_qa_0496,48,-38.312500
cta_qa_0496,49,-36.375000
cta_qa_0496,50,-0.380771
cta_qa_0496,51,-0.380771
cta_qa_0496,52,-0.441476
cta_qa_0496,53,-0.381599
cta_qa_0496,54,-37.312500
cta_qa_0496,55,-0.441476
cta_qa_0496,56,-0.290024
cta_qa_0496,57,-38.250000
cta_qa_0496,58,-0.441476
cta_qa_0496,59,-0.441476
cta_qa_0496,60,-0.380771
cta_qa_0496,61,-0.380771
cta_qa_0496,62,-0.380771
cta_qa_0496,63,-36.875000
cta_qa_0497,0,-0.217272
cta_qa_0497,1,-0.308255
cta_qa_0497,2,-0.164662
cta_qa_0497,3,-37.687500
cta_qa_0497,4,-38.000000
cta_qa_0497,5,-0.187294
cta_qa_0497,6,-0.217071
cta_qa_0497,7,-37.750000
cta_qa_0497,8,-0.241074
cta_qa_0497,9,-0.249783
cta_qa_0497,10,-37.437500
cta_qa_0497,11,-0.307110
cta_qa_0497,12,-0.214705
cta_qa_0497,13,-0.159912
cta_qa_0497,14,-37.437500
cta_qa_0497,15,-0.284911
cta_qa_0497,16,-37.875000
cta_qa_0497,17,-0.376377
cta_qa_0497,18,-0.431229
cta_qa_0497,19,-0.431229
cta_qa_0497,20,-0.352345
cta_qa_0497,21,-37.625000
cta_qa_0497,22,-0.223799
cta_qa_0497,23,-0.434239
cta_qa_0497,24,-0.274528
cta_qa_0497,25,-37.312500
cta_qa_0497,26,-0.278485
cta_qa_0497,27,-0.375628
cta_qa_0497,28,-37.625000
cta_qa_0497,29,-0.251139
cta_qa_0497,30,-37.625000
cta_qa_0497,31,-0.162193
cta_qa_0497,32,-0.406032
cta_qa_0497,33,-0.218539
cta_qa_0497,34,-0.406032
cta_qa_0497,35,-37.625000
cta_qa_0497,36,-0.404513
cta_qa_0497,37,-0.404513
cta_qa_0497,38,-37.375000
cta_qa_0497,39,-0.252169
cta_qa_0497,40,-0.216141
cta_qa_0497,41,-0.252659
cta_qa_0497,42,-37.312500
cta_qa_0497,43,-38.000000
cta_qa_0497,44,-0.366805
cta_qa_0497,45,-0.308255
cta_qa_0497,46,-0.187293
cta_qa_0497,47,-37.687500
cta_qa_0497,48,-37.375000
cta_qa_0497,49,-0.188359
cta_qa_0497,50,-0.379488
cta_qa_0497,51,-37.937500
cta_qa_0497,52,-37.937500
cta_qa_0497,53,-0.379488
cta_qa_0497,54,-0.188359
cta_qa_0497,55,-0.188359
cta_qa_0497,56,-0.275866
cta_qa_0497,57,-0.214705
cta_qa_0497,58,-37.437500
cta_qa_0497,59,-0.278205
cta_qa_0497,60,-38.250000
cta_qa_0497,61,-0.193547
cta_qa_0497,62,-0.309297
cta_qa_0497,63,-0.310892
cta_qa_0498,0,-0.410275
cta_qa_0498,1,-37.250000
cta_qa_0498,2,-0.411831
cta_qa_0498,3,-0.410275
cta_qa_0498,4,-36.812500
cta_qa_0498,5,-36.812500
cta_qa_0498,6,-36.812500
cta_qa_0498,7,-36.812500
cta_qa_0498,8,-0.442848
cta_qa_0498,9,-36.812500
cta_qa_0498,10,-0.379047
cta_qa_0498,11,-0.442848
cta_qa_0498,12,-0.440008
cta_qa_0498,13,-0.283682
cta_qa_0498,14,-0.440008
cta_qa_0498,15,-37.187500
cta_qa_0498,16,-0.412647
cta_qa_0498,17,-37.375000
cta_qa_0498,18,-0.412647
cta_qa_0498,19,-0.412647
cta_qa_0498,20,-0.316363
cta_qa_0498,21,-38.125000
cta_qa_0498,22,-0.220185
cta_qa_0498,23,-0.343517
cta_qa_0498,24,-37.062500
cta_qa_0498,25,-0.474010
cta_qa_0498,26,-0.474010
cta_qa_0498,27,-0.474010
cta_qa_0498,28,-37.250000
cta_qa_0498,29,-0.350325
cta_qa_0498,30,-0.350325
cta_qa_0498,31,-0.350325
cta_qa_0498,32,-0.440008
cta_qa_0498,33,-0.440008
cta_qa_0498,34,-37.437500
cta_qa_0498,35,-36.000000
cta_qa_0498,36,-0.439965
cta_qa_0498,37,-36.875000
cta_qa_0498,38,-0.350351
cta_qa_0498,39,-0.439965
cta_qa_0498,40,-0.383359
cta_qa_0498,41,-0.410275
cta_qa_0498,42,-35.250000
cta_qa_0498,43,-0.410275
cta_qa_0498,44,-0.410275
cta_qa_0498,45,-0.410275
cta_qa_0498,46,-37.312500
cta_qa_0498,47,-0.410275
cta_qa_0498,48,-36.812500
cta_qa_0498,49,-36.812500
cta_qa_0498,50,-36.812500
cta_qa_0498,51,-36.812500
cta_qa_0498,52,-0.383244
cta_qa_0498,53,-0.383244
cta_qa_0498,54,-37.125000
cta_qa_0498,55,-0.383497
cta_qa_0498,56,-0.378550
cta_qa_0498,57,-0.378550
cta_qa_0498,58,-36.750000
cta_qa_0498,59,-0.310384
cta_qa_0498,60,-36.562500
cta_qa_0498,61,-36.562500
cta_qa_0498,62,-0.375913
cta_qa_0498,63,-36.562500
cta_qa_0499,0,-31.500000
cta_qa_0499,1,-0.526067
cta_qa_0499,2,-0.414776
cta_qa_0499,3,-0.386356
cta_qa_0499,4,-0.557022
cta_qa_0499,5,-0.412681
cta_qa_0499,6,-0.557022
cta_qa_0499,7,-17.250000
cta_qa_0499,8,-0.407431
cta_qa_0499,9,-0.383025
cta_qa_0499,10,-37.000000
cta_qa_0499,11,-0.347335
cta_qa_0499,12,-38.250000
cta_qa_0499,13,-0.468548
cta_qa_0499,14,-0.468548
cta_qa_0499,15,-0.468548
cta_qa_0499,16,-31.000000
cta_qa_0499,17,-31.000000
cta_qa_0499,18,-31.000000
cta_qa_0499,19,-31.000000
cta_qa_0499,20,-35.875000
cta_qa_0499,21,-0.407431
cta_qa_0499,22,-0.407431
cta_qa_0499,23,-0.407431
cta_qa_0499,24,-0.528329
cta_qa_0499,25,-0.409939
cta_qa_0499,26,-0.528329
cta_qa_0499,27,-36.250000
cta_qa_0499,28,-0.376064
cta_qa_0499,29,-0.376064
cta_qa_0499,30,-38.500000
cta_qa_0499,31,-0.376064
cta_qa_0499,32,-31.000000
cta_qa_0499,33,-31.000000
cta_qa_0499,34,-31.000000
cta_qa_0499,35,-31.000000
cta_qa_0499,36,-0.526067
cta_qa_0499,37,-0.526067
cta_qa_0499,38,-36.937500
cta_qa_0499,39,-0.526067
cta_qa_0499,40,-37.000000
cta_qa_0499,41,-0.380044
cta_qa_0499,42,-0.447626
cta_qa_0499,43,-0.407431
cta_qa_0499,44,-0.468548
cta_qa_0499,45,-31.250000
cta_qa_0499,46,-0.468548
cta_qa_0499,47,-0.468548
cta_qa_0499,48,-31.000000
cta_qa_0499,49,-31.000000
cta_qa_0499,50,-31.000000
cta_qa_0499,51,-31.000000
cta_qa_0499,52,-0.437271
cta_qa_0499,53,-37.375000
cta_qa_0499,54,-0.437271
cta_qa_0499,55,-0.441196
cta_qa_0499,56,-0.467110
cta_qa_0499,57,-0.467110
cta_qa_0499,58,-37.000000
cta_qa_0499,59,-0.467110
cta_qa_0499,60,-0.383535
cta_qa_0499,61,-37.000000
cta_qa_0499,62,-0.319739
cta_qa_0499,63,-0.407431
