prompt_id,rank,seed,prompt_class,n_tokens,logp_total,logp_per_token,shown_second,verdict,outcome
1nzes2,0,3320184832,creative,62,-228.4962,-3.685422,0,B,loss
1nzes2,1,3320184833,creative,52,-189.8167,-3.650321,1,B,win
1nzes2,2,3320184834,creative,27,-133.8517,-4.957472,1,B,win
1nzes2,3,3320184835,creative,2,-4.1297,-2.064837,0,B,loss
1nzes2,4,3320184836,creative,187,-720.0748,-3.850668,0,B,loss
1nzes2,5,3320184837,creative,57,-148.4882,-2.605056,0,B,loss
1nzes2,6,3320184838,creative,94,-238.2211,-2.534267,0,B,loss
1nzes2,7,3320184839,creative,74,-206.1472,-2.785773,1,B,win
2786lw,0,3320184832,creative,81,-413.5218,-5.105208,0,A,win
2786lw,1,3320184833,creative,111,-446.3271,-4.020964,1,A,loss
2786lw,2,3320184834,creative,35,-73.9507,-2.112876,1,B,win
2786lw,3,3320184835,creative,200,-651.8512,-3.259256,0,B,loss
2786lw,4,3320184836,creative,0,0.0,0.0,1,A,loss
2786lw,5,3320184837,creative,177,-435.0038,-2.457648,0,A,win
2786lw,6,3320184838,creative,60,-218.9874,-3.64979,0,A,win
2786lw,7,3320184839,creative,122,-529.9609,-4.343942,1,B,win
2ov45h,0,3320184832,creative,173,-613.7813,-3.547869,1,A,loss
2ov45h,1,3320184833,creative,182,-602.0212,-3.307809,1,B,win
2ov45h,2,3320184834,creative,204,-1104.7078,-5.415234,1,A,loss
2ov45h,3,3320184835,creative,166,-845.978,-5.096253,1,A,loss
2ov45h,4,3320184836,creative,4,-10.7273,-2.681814,0,B,loss
2ov45h,5,3320184837,creative,89,-151.668,-1.704135,1,A,loss
2ov45h,6,3320184838,creative,31,-135.2514,-4.36295,0,B,loss
2ov45h,7,3320184839,creative,91,-218.58,-2.401978,1,A,loss
49u4dh,0,3320184832,creative,1,-1.0941,-1.094051,0,B,loss
49u4dh,1,3320184833,creative,98,-350.2427,-3.573905,1,A,loss
49u4dh,2,3320184834,creative,12,-70.3491,-5.862424,0,B,loss
49u4dh,3,3320184835,creative,76,-351.0121,-4.61858,1,A,loss
49u4dh,4,3320184836,creative,1,-1.0941,-1.094051,0,B,loss
49u4dh,5,3320184837,creative,68,-258.6736,-3.804023,0,B,loss
49u4dh,6,3320184838,creative,123,-479.6635,-3.899703,1,A,loss
49u4dh,7,3320184839,creative,176,-461.8748,-2.624289,1,A,loss
4iorz7,0,3320184832,creative,45,-198.5614,-4.412476,1,A,loss
4iorz7,1,3320184833,creative,13,-54.416,-4.185843,0,B,loss
4iorz7,2,3320184834,creative,17,-106.4487,-6.26169,1,Tie,tie
4iorz7,3,3320184835,creative,28,-117.9984,-4.214229,0,B,loss
4iorz7,4,3320184836,creative,35,-105.4046,-3.01156,1,B,win
4iorz7,5,3320184837,creative,75,-155.5171,-2.073562,0,B,loss
4iorz7,6,3320184838,creative,1,-1.6827,-1.682699,1,Tie,tie
4iorz7,7,3320184839,creative,201,-879.9275,-4.377749,1,Tie,tie
4xzr87,0,3320184832,creative,204,-836.9631,-4.10276,1,A,loss
4xzr87,1,3320184833,creative,24,-97.6923,-4.070511,1,A,loss
4xzr87,2,3320184834,creative,204,-758.733,-3.71928,1,A,loss
4xzr87,3,3320184835,creative,190,-731.2795,-3.84884,0,B,loss
4xzr87,4,3320184836,creative,32,-144.5247,-4.516396,1,B,win
4xzr87,5,3320184837,creative,204,-829.8796,-4.068037,0,A,win
4xzr87,6,3320184838,creative,203,-966.5303,-4.761233,1,A,loss
4xzr87,7,3320184839,creative,204,-759.8157,-3.724587,0,A,win
53rqr9,0,3320184832,creative,203,-743.2297,-3.66123,0,B,loss
53rqr9,1,3320184833,creative,71,-205.6587,-2.896602,0,B,loss
53rqr9,2,3320184834,creative,16,-72.0999,-4.506242,1,A,loss
53rqr9,3,3320184835,creative,37,-121.7679,-3.291024,1,A,loss
53rqr9,4,3320184836,creative,202,-770.2709,-3.813222,1,A,loss
53rqr9,5,3320184837,creative,204,-766.812,-3.758882,1,B,win
53rqr9,6,3320184838,creative,181,-701.6741,-3.876653,0,B,loss
53rqr9,7,3320184839,creative,167,-598.2607,-3.582399,1,A,loss
5apkek,0,3320184832,creative,112,-495.7101,-4.425983,1,B,win
5apkek,1,3320184833,creative,195,-872.601,-4.474877,0,B,loss
5apkek,2,3320184834,creative,50,-202.7255,-4.05451,1,A,loss
5apkek,3,3320184835,creative,2,-7.8154,-3.907715,0,B,loss
5apkek,4,3320184836,creative,133,-648.4231,-4.875362,1,B,win
5apkek,5,3320184837,creative,87,-361.9858,-4.160756,1,B,win
5apkek,6,3320184838,creative,202,-745.4639,-3.690415,1,B,win
5apkek,7,3320184839,creative,11,-54.7824,-4.980221,1,A,loss
5e6rcz,0,3320184832,creative,199,-784.5415,-3.94242,0,Tie,tie
5e6rcz,1,3320184833,creative,54,-104.0019,-1.925961,1,B,win
5e6rcz,2,3320184834,creative,199,-835.55,-4.198744,0,B,loss
5e6rcz,3,3320184835,creative,69,-89.559,-1.297956,1,Tie,tie
5e6rcz,4,3320184836,creative,199,-964.1348,-4.844898,0,B,loss
5e6rcz,5,3320184837,creative,94,-353.3199,-3.758722,0,B,loss
5e6rcz,6,3320184838,creative,157,-761.3103,-4.84911,1,B,win
5e6rcz,7,3320184839,creative,25,-94.7453,-3.789813,0,B,loss
5ec7q2,0,3320184832,creative,201,-838.4352,-4.171319,0,B,loss
5ec7q2,1,3320184833,creative,201,-839.4795,-4.176515,1,A,loss
5ec7q2,2,3320184834,creative,57,-193.4555,-3.393956,1,A,loss
5ec7q2,3,3320184835,creative,105,-408.5189,-3.890656,1,A,loss
5ec7q2,4,3320184836,creative,110,-396.2191,-3.601992,1,A,loss
5ec7q2,5,3320184837,creative,31,-93.419,-3.013515,1,B,win
5ec7q2,6,3320184838,creative,33,-160.5584,-4.865406,0,B,loss
5ec7q2,7,3320184839,creative,199,-409.577,-2.058176,0,B,loss
5f5p86,0,3320184832,creative,204,-618.0118,-3.02947,1,A,loss
5f5p86,1,3320184833,creative,30,-154.4465,-5.148216,0,B,loss
5f5p86,2,3320184834,creative,89,-420.0231,-4.71936,0,B,loss
5f5p86,3,3320184835,creative,121,-336.4642,-2.780696,0,B,loss
5f5p86,4,3320184836,creative,20,-88.5329,-4.426646,1,A,loss
5f5p86,5,3320184837,creative,14,-47.0277,-3.359124,0,B,loss
5f5p86,6,3320184838,creative,204,-648.8234,-3.180507,0,B,loss
5f5p86,7,3320184839,creative,17,-66.4701,-3.910005,1,A,loss
5fqwjc,0,3320184832,creative,201,-724.1224,-3.602599,0,B,loss
5fqwjc,1,3320184833,creative,113,-361.4067,-3.198289,1,B,win
5fqwjc,2,3320184834,creative,26,-109.37,-4.206539,1,B,win
5fqwjc,3,3320184835,creative,1,-0.9329,-0.932874,0,B,loss
5fqwjc,4,3320184836,creative,167,-589.3421,-3.528995,0,B,loss
5fqwjc,5,3320184837,creative,15,-42.8467,-2.856448,0,B,loss
5fqwjc,6,3320184838,creative,82,-346.2859,-4.222999,1,A,loss
5fqwjc,7,3320184839,creative,8,-39.6122,-4.951527,1,B,win
5g58dz,0,3320184832,creative,202,-896.8676,-4.439938,1,A,loss
5g58dz,1,3320184833,creative,24,-105.0624,-4.3776,1,A,loss
5g58dz,2,3320184834,creative,94,-123.7538,-1.31653,1,A,loss
5g58dz,3,3320184835,creative,46,-207.4968,-4.510801,1,A,loss
5g58dz,4,3320184836,creative,29,-149.2059,-5.145032,0,B,loss
5g58dz,5,3320184837,creative,80,-212.6926,-2.658658,1,B,win
5g58dz,6,3320184838,creative,202,-587.4255,-2.908047,0,B,loss
5g58dz,7,3320184839,creative,85,-331.9968,-3.905844,0,B,loss
5gq4jc,0,3320184832,creative,200,-915.2366,-4.576183,1,A,loss
5gq4jc,1,3320184833,creative,14,-52.4045,-3.743176,0,B,loss
5gq4jc,2,3320184834,creative,0,0.0,0.0,1,Tie,tie
5gq4jc,3,3320184835,creative,66,-266.0513,-4.031081,1,A,loss
5gq4jc,4,3320184836,creative,86,-219.2747,-2.549705,1,Tie,tie
5gq4jc,5,3320184837,creative,118,-457.6065,-3.878021,1,Tie,tie
5gq4jc,6,3320184838,creative,200,-745.8251,-3.729125,1,A,loss
5gq4jc,7,3320184839,creative,200,-917.5336,-4.587668,1,A,loss
5j7ypk,0,3320184832,creative,24,-13.033,-0.543042,0,B,loss
5j7ypk,1,3320184833,creative,17,-69.0315,-4.060677,0,B,loss
5j7ypk,2,3320184834,creative,49,-199.6711,-4.07492,0,B,loss
5j7ypk,3,3320184835,creative,1,-3.4455,-3.44554,0,B,loss
5j7ypk,4,3320184836,creative,32,-62.4882,-1.952757,1,A,loss
5j7ypk,5,3320184837,creative,28,-141.8612,-5.066473,0,B,loss
5j7ypk,6,3320184838,creative,17,-63.2643,-3.721429,0,B,loss
5j7ypk,7,3320184839,creative,201,-822.3015,-4.091052,0,A,win
5je6l4,0,3320184832,creative,28,-88.2958,-3.153422,1,B,win
5je6l4,1,3320184833,creative,181,-662.6415,-3.661003,0,B,loss
5je6l4,2,3320184834,creative,202,-980.1191,-4.852075,1,B,win
5je6l4,3,3320184835,creative,105,-438.9433,-4.180412,0,B,loss
5je6l4,4,3320184836,creative,60,-190.6018,-3.176696,0,B,loss
5je6l4,5,3320184837,creative,42,-209.1879,-4.980665,1,B,win
5je6l4,6,3320184838,creative,81,-335.99,-4.148025,0,B,loss
5je6l4,7,3320184839,creative,202,-617.608,-3.057466,0,B,loss
5nc21f,0,3320184832,creative,111,-502.1223,-4.523625,1,B,win
5nc21f,1,3320184833,creative,104,-264.5951,-2.544184,1,B,win
5nc21f,2,3320184834,creative,0,0.0,0.0,0,B,loss
5nc21f,3,3320184835,creative,0,0.0,0.0,0,B,loss
5nc21f,4,3320184836,creative,16,-73.1392,-4.571201,0,B,loss
5nc21f,5,3320184837,creative,200,-825.9828,-4.129914,1,Tie,tie
5nc21f,6,3320184838,creative,200,-752.0648,-3.760324,1,Tie,tie
5nc21f,7,3320184839,creative,0,0.0,0.0,1,B,win
5nzsq6,0,3320184832,creative,35,-101.0661,-2.887602,0,B,loss
5nzsq6,1,3320184833,creative,41,-115.6801,-2.821466,0,B,loss
5nzsq6,2,3320184834,creative,201,-1037.6321,-5.162349,0,B,loss
5nzsq6,3,3320184835,creative,201,-842.7573,-4.192823,1,A,loss
5nzsq6,4,3320184836,creative,2,-4.2773,-2.138635,1,A,loss
5nzsq6,5,3320184837,creative,202,-867.9715,-4.296889,1,A,loss
5nzsq6,6,3320184838,creative,174,-612.2497,-3.518676,0,B,loss
5nzsq6,7,3320184839,creative,14,-53.9925,-3.856608,1,B,win
5ozqb9,0,3320184832,creative,13,-32.2589,-2.481451,0,B,loss
5ozqb9,1,3320184833,creative,27,-67.2229,-2.489736,1,B,win
5ozqb9,2,3320184834,creative,200,-914.3884,-4.571942,0,B,loss
5ozqb9,3,3320184835,creative,81,-154.3542,-1.905607,0,B,loss
5ozqb9,4,3320184836,creative,8,-19.1428,-2.392849,0,B,loss
5ozqb9,5,3320184837,creative,8,-45.4197,-5.677467,0,Tie,tie
5ozqb9,6,3320184838,creative,17,-59.0285,-3.472262,1,B,win
5ozqb9,7,3320184839,creative,58,-132.8168,-2.289945,0,B,loss
5qf97d,0,3320184832,creative,0,0.0,0.0,0,B,loss
5qf97d,1,3320184833,creative,17,-87.3283,-5.136959,0,B,loss
5qf97d,2,3320184834,creative,110,-567.5091,-5.159174,1,B,win
5qf97d,3,3320184835,creative,9,-38.0611,-4.229014,1,B,win
5qf97d,4,3320184836,creative,87,-350.9398,-4.03379,1,B,win
5qf97d,5,3320184837,creative,200,-797.9778,-3.989889,0,A,win
5qf97d,6,3320184838,creative,72,-242.863,-3.373097,1,B,win
5qf97d,7,3320184839,creative,70,-267.1255,-3.816079,1,B,win
5qwzjo,0,3320184832,creative,5,-17.5103,-3.502059,1,A,loss
5qwzjo,1,3320184833,creative,65,-325.7785,-5.011977,1,A,loss
5qwzjo,2,3320184834,creative,36,-142.8437,-3.967881,0,B,loss
5qwzjo,3,3320184835,creative,15,-84.3745,-5.624963,0,B,loss
5qwzjo,4,3320184836,creative,5,-17.5103,-3.502059,1,A,loss
5qwzjo,5,3320184837,creative,37,-168.1094,-4.543497,0,B,loss
5qwzjo,6,3320184838,creative,5,-17.5103,-3.502059,1,A,loss
5qwzjo,7,3320184839,creative,159,-696.202,-4.378629,0,B,loss
5r104c,0,3320184832,creative,19,-106.1592,-5.587325,1,A,loss
5r104c,1,3320184833,creative,202,-333.1765,-1.649389,1,B,win
5r104c,2,3320184834,creative,50,-174.1833,-3.483666,1,A,loss
5r104c,3,3320184835,creative,123,-297.9559,-2.422406,1,B,win
5r104c,4,3320184836,creative,7,-36.7219,-5.245992,1,A,loss
5r104c,5,3320184837,creative,96,-229.9861,-2.395689,0,B,loss
5r104c,6,3320184838,creative,21,-113.7804,-5.418115,1,A,loss
5r104c,7,3320184839,creative,202,-909.2109,-4.501044,1,A,loss
5te65i,0,3320184832,creative,56,-194.5181,-3.473538,1,A,loss
5te65i,1,3320184833,creative,41,-129.4613,-3.157592,1,A,loss
5te65i,2,3320184834,creative,142,-649.8228,-4.576217,1,A,loss
5te65i,3,3320184835,creative,84,-313.829,-3.736059,0,A,win
5te65i,4,3320184836,creative,52,-242.6268,-4.665899,1,A,loss
5te65i,5,3320184837,creative,38,-104.2066,-2.742278,0,B,loss
5te65i,6,3320184838,creative,173,-670.2158,-3.87408,0,B,loss
5te65i,7,3320184839,creative,31,-118.7626,-3.831051,1,A,loss
5umucz,0,3320184832,creative,202,-894.4413,-4.427927,0,B,loss
5umucz,1,3320184833,creative,49,-140.6264,-2.869927,0,B,loss
5umucz,2,3320184834,creative,202,-557.6761,-2.760773,0,B,loss
5umucz,3,3320184835,creative,202,-825.93,-4.088762,0,B,loss
5umucz,4,3320184836,creative,51,-172.8463,-3.389144,0,B,loss
5umucz,5,3320184837,creative,177,-449.2615,-2.5382,1,A,loss
5umucz,6,3320184838,creative,202,-697.9633,-3.455264,1,A,loss
5umucz,7,3320184839,creative,19,-74.5687,-3.92467,0,B,loss
5w4x14,0,3320184832,creative,31,-82.3346,-2.655956,1,A,loss
5w4x14,1,3320184833,creative,0,0.0,0.0,1,A,loss
5w4x14,2,3320184834,creative,0,0.0,0.0,0,B,loss
5w4x14,3,3320184835,creative,13,-71.604,-5.508001,0,B,loss
5w4x14,4,3320184836,creative,45,-165.1961,-3.671024,0,B,loss
5w4x14,5,3320184837,creative,200,-823.2952,-4.116476,0,B,loss
5w4x14,6,3320184838,creative,199,-805.8961,-4.049729,0,B,loss
5w4x14,7,3320184839,creative,60,-279.7748,-4.662913,1,B,win
609k0n,0,3320184832,creative,175,-518.3394,-2.961939,0,B,loss
609k0n,1,3320184833,creative,2,-15.1957,-7.597867,1,B,win
609k0n,2,3320184834,creative,2,-15.1957,-7.597867,0,B,loss
609k0n,3,3320184835,creative,27,-180.395,-6.681298,1,Tie,tie
609k0n,4,3320184836,creative,39,-225.8254,-5.790396,1,B,win
609k0n,5,3320184837,creative,31,-87.3696,-2.818374,0,A,win
609k0n,6,3320184838,creative,22,-110.2689,-5.012223,1,B,win
609k0n,7,3320184839,creative,26,-160.3839,-6.168611,0,B,loss
625es0,0,3320184832,creative,40,-97.8745,-2.446864,0,A,win
625es0,1,3320184833,creative,202,-1198.3394,-5.932373,1,A,loss
625es0,2,3320184834,creative,19,-77.0057,-4.052929,1,A,loss
625es0,3,3320184835,creative,38,-211.7962,-5.573584,1,B,win
625es0,4,3320184836,creative,78,-308.0213,-3.948991,1,Tie,tie
625es0,5,3320184837,creative,31,-117.9156,-3.803729,0,B,loss
625es0,6,3320184838,creative,57,-157.7586,-2.767694,0,B,loss
625es0,7,3320184839,creative,98,-423.4257,-4.320671,0,B,loss
63dn97,0,3320184832,creative,192,-648.1112,-3.375579,0,B,loss
63dn97,1,3320184833,creative,121,-569.1478,-4.703701,1,B,win
63dn97,2,3320184834,creative,60,-185.0345,-3.083909,1,A,loss
63dn97,3,3320184835,creative,165,-551.7619,-3.344012,1,B,win
63dn97,4,3320184836,creative,113,-423.6002,-3.748675,1,B,win
63dn97,5,3320184837,creative,130,-516.5,-3.973077,0,B,loss
63dn97,6,3320184838,creative,204,-885.037,-4.338417,0,B,loss
63dn97,7,3320184839,creative,204,-858.6079,-4.208862,0,B,loss
63ku7q,0,3320184832,creative,90,-385.5034,-4.283371,0,B,loss
63ku7q,1,3320184833,creative,202,-719.3116,-3.560948,0,B,loss
63ku7q,2,3320184834,creative,129,-389.731,-3.021171,1,B,win
63ku7q,3,3320184835,creative,202,-769.6776,-3.810285,0,B,loss
63ku7q,4,3320184836,creative,59,-260.2342,-4.410748,1,B,win
63ku7q,5,3320184837,creative,202,-618.0736,-3.05977,0,B,loss
63ku7q,6,3320184838,creative,202,-361.4291,-1.789253,1,A,loss
63ku7q,7,3320184839,creative,202,-787.9246,-3.900617,0,B,loss
64c0w6,0,3320184832,creative,203,-545.6497,-2.687929,0,B,loss
64c0w6,1,3320184833,creative,203,-798.2807,-3.932417,1,B,win
64c0w6,2,3320184834,creative,3,-5.3957,-1.798571,0,B,loss
64c0w6,3,3320184835,creative,66,-227.8551,-3.45235,0,B,loss
64c0w6,4,3320184836,creative,117,-230.925,-1.973718,0,B,loss
64c0w6,5,3320184837,creative,46,-223.2968,-4.854279,0,B,loss
64c0w6,6,3320184838,creative,88,-372.7343,-4.235617,1,B,win
64c0w6,7,3320184839,creative,121,-334.9025,-2.767789,0,B,loss
65458n,0,3320184832,creative,200,-832.0588,-4.160294,1,B,win
65458n,1,3320184833,creative,200,-857.5189,-4.287595,1,B,win
65458n,2,3320184834,creative,78,-233.1824,-2.989517,0,B,loss
65458n,3,3320184835,creative,200,-363.2118,-1.816059,0,B,loss
65458n,4,3320184836,creative,8,-19.5637,-2.445467,1,B,win
65458n,5,3320184837,creative,43,-194.916,-4.53293,0,B,loss
65458n,6,3320184838,creative,113,-459.7589,-4.068662,0,B,loss
65458n,7,3320184839,creative,14,-62.5936,-4.470969,1,B,win
66uo64,0,3320184832,creative,86,-333.6286,-3.879402,0,A,win
66uo64,1,3320184833,creative,203,-855.6237,-4.214895,1,B,win
66uo64,2,3320184834,creative,202,-884.8779,-4.380584,1,A,loss
66uo64,3,3320184835,creative,199,-769.0255,-3.86445,0,A,win
66uo64,4,3320184836,creative,159,-340.1693,-2.13943,0,A,win
66uo64,5,3320184837,creative,190,-675.7759,-3.556715,0,A,win
66uo64,6,3320184838,creative,144,-495.7455,-3.442677,0,B,loss
66uo64,7,3320184839,creative,142,-517.3403,-3.643242,1,B,win
68f5c5,0,3320184832,creative,5,-6.2931,-1.258624,0,A,win
68f5c5,1,3320184833,creative,65,-247.7712,-3.811865,0,A,win
68f5c5,2,3320184834,creative,206,-970.575,-4.711529,0,Tie,tie
68f5c5,3,3320184835,creative,205,-694.2711,-3.386688,0,B,loss
68f5c5,4,3320184836,creative,205,-832.0911,-4.058981,1,A,loss
68f5c5,5,3320184837,creative,5,-6.2931,-1.258624,1,A,loss
68f5c5,6,3320184838,creative,5,-6.2931,-1.258624,0,A,win
68f5c5,7,3320184839,creative,5,-6.2931,-1.258624,0,A,win
68ykga,0,3320184832,creative,94,-467.0258,-4.96836,0,A,win
68ykga,1,3320184833,creative,205,-862.7085,-4.208334,0,B,loss
68ykga,2,3320184834,creative,205,-928.7974,-4.530719,0,B,loss
68ykga,3,3320184835,creative,145,-628.6114,-4.335251,1,B,win
68ykga,4,3320184836,creative,5,-23.5529,-4.710571,1,B,win
68ykga,5,3320184837,creative,205,-894.5244,-4.363534,0,B,loss
68ykga,6,3320184838,creative,125,-243.1223,-1.944978,1,B,win
68ykga,7,3320184839,creative,205,-933.2377,-4.552379,0,A,win
69dzba,0,3320184832,creative,2,-7.0612,-3.530595,0,B,loss
69dzba,1,3320184833,creative,2,-7.0612,-3.530595,1,A,loss
69dzba,2,3320184834,creative,2,-7.0612,-3.530595,1,A,loss
69dzba,3,3320184835,creative,50,-238.7887,-4.775775,1,A,loss
69dzba,4,3320184836,creative,36,-178.5455,-4.959596,1,A,loss
69dzba,5,3320184837,creative,2,-7.0612,-3.530595,1,A,loss
69dzba,6,3320184838,creative,2,-7.0612,-3.530595,1,A,loss
69dzba,7,3320184839,creative,2,-7.0612,-3.530595,0,B,loss
6d1iqq,0,3320184832,creative,140,-576.6685,-4.11906,1,A,loss
6d1iqq,1,3320184833,creative,17,-76.3426,-4.490739,0,B,loss
6d1iqq,2,3320184834,creative,201,-798.3724,-3.972002,0,B,loss
6d1iqq,3,3320184835,creative,80,-381.3433,-4.766791,0,B,loss
6d1iqq,4,3320184836,creative,201,-860.877,-4.28297,0,B,loss
6d1iqq,5,3320184837,creative,73,-337.5228,-4.6236,0,B,loss
6d1iqq,6,3320184838,creative,201,-758.4093,-3.773181,1,A,loss
6d1iqq,7,3320184839,creative,37,-146.8813,-3.969765,1,A,loss
6eytds,0,3320184832,creative,17,-105.1803,-6.187074,1,B,win
6eytds,1,3320184833,creative,39,-154.2781,-3.955849,0,B,loss
6eytds,2,3320184834,creative,31,-99.86,-3.22129,1,B,win
6eytds,3,3320184835,creative,202,-700.66,-3.468614,1,B,win
6eytds,4,3320184836,creative,29,-89.3132,-3.079767,0,A,win
6eytds,5,3320184837,creative,104,-472.4911,-4.543184,0,A,win
6eytds,6,3320184838,creative,81,-135.8992,-1.677768,0,B,loss
6eytds,7,3320184839,creative,88,-368.792,-4.190818,0,A,win
6gl289,0,3320184832,creative,0,0.0,0.0,1,B,win
6gl289,1,3320184833,creative,138,-188.5744,-1.366481,0,B,loss
6gl289,2,3320184834,creative,200,-882.1079,-4.41054,0,B,loss
6gl289,3,3320184835,creative,65,-307.2064,-4.726252,1,B,win
6gl289,4,3320184836,creative,200,-899.9462,-4.499731,0,B,loss
6gl289,5,3320184837,creative,44,-171.6667,-3.901517,1,B,win
6gl289,6,3320184838,creative,88,-107.3261,-1.219614,0,B,loss
6gl289,7,3320184839,creative,141,-464.6815,-3.295614,1,A,loss
6hoxmq,0,3320184832,creative,124,-524.188,-4.227322,1,B,win
6hoxmq,1,3320184833,creative,72,-206.9881,-2.874835,0,B,loss
6hoxmq,2,3320184834,creative,19,-98.5786,-5.188349,1,Tie,tie
6hoxmq,3,3320184835,creative,203,-873.2828,-4.301886,1,A,loss
6hoxmq,4,3320184836,creative,83,-338.903,-4.083168,1,B,win
6hoxmq,5,3320184837,creative,104,-567.5016,-5.456747,0,B,loss
6hoxmq,6,3320184838,creative,31,-115.5318,-3.726833,1,A,loss
6hoxmq,7,3320184839,creative,203,-703.4939,-3.465487,0,B,loss
6imc4i,0,3320184832,creative,86,-320.4279,-3.725906,0,B,loss
6imc4i,1,3320184833,creative,164,-635.5795,-3.875485,0,A,win
6imc4i,2,3320184834,creative,200,-792.463,-3.962315,0,B,loss
6imc4i,3,3320184835,creative,193,-656.1776,-3.399884,0,Tie,tie
6imc4i,4,3320184836,creative,183,-590.4583,-3.226548,1,A,loss
6imc4i,5,3320184837,creative,162,-852.8626,-5.264584,1,A,loss
6imc4i,6,3320184838,creative,67,-273.7418,-4.085698,0,Tie,tie
6imc4i,7,3320184839,creative,172,-642.1743,-3.733571,0,B,loss
6isay3,0,3320184832,creative,0,0.0,0.0,0,B,loss
6isay3,1,3320184833,creative,200,-942.1515,-4.710757,1,A,loss
6isay3,2,3320184834,creative,129,-656.139,-5.086349,0,B,loss
6isay3,3,3320184835,creative,9,-57.7037,-6.411517,0,B,loss
6isay3,4,3320184836,creative,187,-231.9952,-1.240616,0,B,loss
6isay3,5,3320184837,creative,200,-758.4333,-3.792166,0,B,loss
6isay3,6,3320184838,creative,72,-266.1998,-3.697219,1,B,win
6isay3,7,3320184839,creative,200,-700.1312,-3.500656,1,B,win
6ixx9u,0,3320184832,creative,155,-568.6064,-3.668429,1,Tie,tie
6ixx9u,1,3320184833,creative,200,-718.5247,-3.592624,0,B,loss
6ixx9u,2,3320184834,creative,50,-71.9081,-1.438163,1,A,loss
6ixx9u,3,3320184835,creative,133,-552.1707,-4.151659,0,B,loss
6ixx9u,4,3320184836,creative,13,-49.47,-3.805385,0,B,loss
6ixx9u,5,3320184837,creative,35,-148.7563,-4.250181,0,B,loss
6ixx9u,6,3320184838,creative,170,-743.7396,-4.374939,0,A,win
6ixx9u,7,3320184839,creative,199,-1053.7329,-5.29514,0,Tie,tie
6k8gdu,0,3320184832,creative,127,-284.4696,-2.239918,0,Tie,tie
6k8gdu,1,3320184833,creative,63,-185.3693,-2.94237,0,Tie,tie
6k8gdu,2,3320184834,creative,78,-314.2622,-4.029003,0,Tie,tie
6k8gdu,3,3320184835,creative,192,-499.0167,-2.599045,0,Tie,tie
6k8gdu,4,3320184836,creative,203,-613.0695,-3.020047,0,Tie,tie
6k8gdu,5,3320184837,creative,69,-204.8127,-2.9683,1,B,win
6k8gdu,6,3320184838,creative,203,-736.1709,-3.626458,1,Tie,tie
6k8gdu,7,3320184839,creative,185,-384.1687,-2.076588,0,Tie,tie
6l6v6l,0,3320184832,creative,147,-349.661,-2.378647,0,B,loss
6l6v6l,1,3320184833,creative,185,-822.1062,-4.443817,0,B,loss
6l6v6l,2,3320184834,creative,0,0.0,0.0,1,Tie,tie
6l6v6l,3,3320184835,creative,0,0.0,0.0,0,B,loss
6l6v6l,4,3320184836,creative,46,-134.3007,-2.91958,1,B,win
6l6v6l,5,3320184837,creative,66,-271.6015,-4.115175,0,B,loss
6l6v6l,6,3320184838,creative,125,-592.8412,-4.742729,1,Tie,tie
6l6v6l,7,3320184839,creative,200,-529.9738,-2.649869,0,B,loss
6m7z8a,0,3320184832,creative,200,-819.1884,-4.095942,1,B,win
6m7z8a,1,3320184833,creative,23,-103.0395,-4.479978,0,B,loss
6m7z8a,2,3320184834,creative,200,-931.09,-4.65545,1,B,win
6m7z8a,3,3320184835,creative,104,-256.5696,-2.467015,0,A,win
6m7z8a,4,3320184836,creative,13,-46.645,-3.58808,0,B,loss
6m7z8a,5,3320184837,creative,200,-843.682,-4.21841,1,B,win
6m7z8a,6,3320184838,creative,200,-797.1877,-3.985938,0,B,loss
6m7z8a,7,3320184839,creative,200,-953.5475,-4.767737,1,B,win
6mztko,0,3320184832,creative,47,-155.6086,-3.310822,1,B,win
6mztko,1,3320184833,creative,60,-255.5596,-4.259327,0,B,loss
6mztko,2,3320184834,creative,105,-571.8518,-5.446208,0,B,loss
6mztko,3,3320184835,creative,46,-205.8476,-4.474948,1,B,win
6mztko,4,3320184836,creative,5,-24.6709,-4.93418,1,B,win
6mztko,5,3320184837,creative,3,-8.4359,-2.811973,0,Tie,tie
6mztko,6,3320184838,creative,3,-8.4359,-2.811973,0,Tie,tie
6mztko,7,3320184839,creative,3,-8.4359,-2.811973,0,Tie,tie
6o18uh,0,3320184832,creative,40,-163.1958,-4.079895,1,Tie,tie
6o18uh,1,3320184833,creative,41,-113.8951,-2.77793,1,B,win
6o18uh,2,3320184834,creative,116,-332.7535,-2.868565,0,A,win
6o18uh,3,3320184835,creative,205,-689.2612,-3.36225,1,A,loss
6o18uh,4,3320184836,creative,77,-163.8345,-2.12772,1,B,win
6o18uh,5,3320184837,creative,79,-152.739,-1.933404,0,A,win
6o18uh,6,3320184838,creative,65,-214.4916,-3.29987,1,A,loss
6o18uh,7,3320184839,creative,81,-267.1151,-3.297717,1,A,loss
6o679d,0,3320184832,creative,11,-39.2487,-3.568067,0,B,loss
6o679d,1,3320184833,creative,4,-28.2388,-7.059694,1,A,loss
6o679d,2,3320184834,creative,24,-74.5067,-3.104445,1,A,loss
6o679d,3,3320184835,creative,141,-499.8748,-3.545211,1,A,loss
6o679d,4,3320184836,creative,201,-876.9388,-4.36288,0,B,loss
6o679d,5,3320184837,creative,44,-143.0089,-3.250203,1,B,win
6o679d,6,3320184838,creative,10,-45.9413,-4.594133,1,A,loss
6o679d,7,3320184839,creative,185,-847.7217,-4.58228,0,B,loss
6ohgxv,0,3320184832,creative,150,-761.1591,-5.074394,0,B,loss
6ohgxv,1,3320184833,creative,80,-319.3198,-3.991497,0,B,loss
6ohgxv,2,3320184834,creative,0,0.0,0.0,0,B,loss
6ohgxv,3,3320184835,creative,0,0.0,0.0,1,B,win
6ohgxv,4,3320184836,creative,53,-222.2495,-4.193386,0,B,loss
6ohgxv,5,3320184837,creative,66,-275.6564,-4.176612,1,B,win
6ohgxv,6,3320184838,creative,198,-848.505,-4.285379,0,A,win
6ohgxv,7,3320184839,creative,14,-99.5695,-7.11211,0,B,loss
6szrbs,0,3320184832,creative,125,-375.4629,-3.003703,0,B,loss
6szrbs,1,3320184833,creative,64,-148.7845,-2.324759,0,B,loss
6szrbs,2,3320184834,creative,200,-741.5743,-3.707872,0,B,loss
6szrbs,3,3320184835,creative,138,-548.8062,-3.976857,0,B,loss
6szrbs,4,3320184836,creative,8,-23.2581,-2.907259,1,B,win
6szrbs,5,3320184837,creative,127,-439.2352,-3.458545,0,B,loss
6szrbs,6,3320184838,creative,26,-111.7973,-4.299895,1,A,loss
6szrbs,7,3320184839,creative,48,-217.4479,-4.530165,1,A,loss
6tsiyd,0,3320184832,creative,96,-397.189,-4.137385,1,A,loss
6tsiyd,1,3320184833,creative,200,-858.0337,-4.290168,0,Tie,tie
6tsiyd,2,3320184834,creative,201,-857.7582,-4.267454,1,Tie,tie
6tsiyd,3,3320184835,creative,20,-88.9904,-4.44952,1,A,loss
6tsiyd,4,3320184836,creative,1,-1.3891,-1.389088,0,B,loss
6tsiyd,5,3320184837,creative,8,-40.5501,-5.068765,1,Tie,tie
6tsiyd,6,3320184838,creative,31,-128.7405,-4.152921,0,B,loss
6tsiyd,7,3320184839,creative,200,-789.7804,-3.948902,1,A,loss
6wgtsx,0,3320184832,creative,200,-885.4535,-4.427267,1,B,win
6wgtsx,1,3320184833,creative,164,-817.2412,-4.983178,1,B,win
6wgtsx,2,3320184834,creative,200,-734.793,-3.673965,0,A,win
6wgtsx,3,3320184835,creative,79,-280.6031,-3.551938,0,A,win
6wgtsx,4,3320184836,creative,200,-443.103,-2.215515,1,B,win
6wgtsx,5,3320184837,creative,198,-889.8183,-4.494032,1,B,win
6wgtsx,6,3320184838,creative,200,-856.1357,-4.280679,0,B,loss
6wgtsx,7,3320184839,creative,200,-795.5239,-3.97762,0,A,win
6wxzhc,0,3320184832,creative,0,0.0,0.0,1,Tie,tie
6wxzhc,1,3320184833,creative,0,0.0,0.0,0,Tie,tie
6wxzhc,2,3320184834,creative,3,-12.9407,-4.313559,1,Tie,tie
6wxzhc,3,3320184835,creative,9,-55.4111,-6.156791,1,Tie,tie
6wxzhc,4,3320184836,creative,0,0.0,0.0,0,Tie,tie
6wxzhc,5,3320184837,creative,63,-272.7437,-4.329266,0,B,loss
6wxzhc,6,3320184838,creative,200,-96.456,-0.48228,0,Tie,tie
6wxzhc,7,3320184839,creative,200,-787.9596,-3.939798,0,Tie,tie
6xisxt,0,3320184832,creative,205,-843.6974,-4.115597,1,B,win
6xisxt,1,3320184833,creative,67,-287.6673,-4.293542,1,A,loss
6xisxt,2,3320184834,creative,118,-471.8607,-3.998819,0,B,loss
6xisxt,3,3320184835,creative,205,-845.7748,-4.125731,0,B,loss
6xisxt,4,3320184836,creative,7,-34.0524,-4.864622,1,A,loss
6xisxt,5,3320184837,creative,5,-17.1338,-3.426759,0,B,loss
6xisxt,6,3320184838,creative,205,-893.945,-4.360707,0,B,loss
6xisxt,7,3320184839,creative,9,-23.2131,-2.579232,0,B,loss
6xngfe,0,3320184832,creative,200,-606.0817,-3.030408,0,B,loss
6xngfe,1,3320184833,creative,0,0.0,0.0,1,Tie,tie
6xngfe,2,3320184834,creative,174,-918.3114,-5.277652,0,A,win
6xngfe,3,3320184835,creative,200,-738.9832,-3.694916,0,A,win
6xngfe,4,3320184836,creative,119,-423.7004,-3.560507,0,Tie,tie
6xngfe,5,3320184837,creative,20,-101.0192,-5.05096,0,B,loss
6xngfe,6,3320184838,creative,200,-797.2839,-3.98642,1,Tie,tie
6xngfe,7,3320184839,creative,25,-119.465,-4.778598,0,B,loss
6xsruw,0,3320184832,creative,24,-94.9036,-3.954317,0,B,loss
6xsruw,1,3320184833,creative,97,-216.8824,-2.235901,0,B,loss
6xsruw,2,3320184834,creative,28,-105.6989,-3.77496,1,A,loss
6xsruw,3,3320184835,creative,7,-32.0665,-4.580935,1,A,loss
6xsruw,4,3320184836,creative,200,-459.8085,-2.299042,1,A,loss
6xsruw,5,3320184837,creative,199,-1013.1162,-5.091036,1,B,win
6xsruw,6,3320184838,creative,35,-172.0012,-4.91432,1,A,loss
6xsruw,7,3320184839,creative,200,-919.52,-4.5976,1,B,win
71p51h,0,3320184832,creative,60,-234.6826,-3.911377,0,A,win
71p51h,1,3320184833,creative,90,-386.7843,-4.297603,0,B,loss
71p51h,2,3320184834,creative,185,-766.0782,-4.140963,1,Tie,tie
71p51h,3,3320184835,creative,200,-739.1895,-3.695948,0,B,loss
71p51h,4,3320184836,creative,200,-885.5669,-4.427834,0,A,win
71p51h,5,3320184837,creative,10,-35.1706,-3.517064,0,B,loss
71p51h,6,3320184838,creative,199,-1065.8279,-5.355919,1,A,loss
71p51h,7,3320184839,creative,200,-235.4073,-1.177036,0,A,win
72l2aj,0,3320184832,creative,200,-1002.3524,-5.011762,1,B,win
72l2aj,1,3320184833,creative,90,-199.5031,-2.216701,0,B,loss
72l2aj,2,3320184834,creative,28,-128.78,-4.599287,1,A,loss
72l2aj,3,3320184835,creative,200,-684.693,-3.423465,1,Tie,tie
72l2aj,4,3320184836,creative,66,-343.2776,-5.201175,1,B,win
72l2aj,5,3320184837,creative,200,-892.9332,-4.464666,0,B,loss
72l2aj,6,3320184838,creative,171,-807.927,-4.724719,0,Tie,tie
72l2aj,7,3320184839,creative,198,-696.4463,-3.517406,0,B,loss
74ih3z,0,3320184832,creative,21,-97.7346,-4.654031,0,B,loss
74ih3z,1,3320184833,creative,200,-845.8566,-4.229283,1,A,loss
74ih3z,2,3320184834,creative,26,-108.8577,-4.186833,1,A,loss
74ih3z,3,3320184835,creative,97,-167.0959,-1.722639,1,A,loss
74ih3z,4,3320184836,creative,18,-64.1311,-3.562839,0,B,loss
74ih3z,5,3320184837,creative,200,-654.0875,-3.270438,1,A,loss
74ih3z,6,3320184838,creative,200,-895.218,-4.47609,1,A,loss
74ih3z,7,3320184839,creative,199,-848.281,-4.262719,0,B,loss
765fhd,0,3320184832,creative,78,-309.7341,-3.97095,0,B,loss
765fhd,1,3320184833,creative,17,-68.5438,-4.031989,0,B,loss
765fhd,2,3320184834,creative,203,-794.2148,-3.912388,0,B,loss
765fhd,3,3320184835,creative,108,-384.6391,-3.561473,1,A,loss
765fhd,4,3320184836,creative,98,-324.3324,-3.309514,1,A,loss
765fhd,5,3320184837,creative,9,-48.0921,-5.343568,1,A,loss
765fhd,6,3320184838,creative,209,-763.0559,-3.650985,0,B,loss
765fhd,7,3320184839,creative,9,-48.0921,-5.343568,1,A,loss
76b9gc,0,3320184832,creative,14,-46.6079,-3.329134,1,B,win
76b9gc,1,3320184833,creative,41,-93.4276,-2.278722,1,A,loss
76b9gc,2,3320184834,creative,201,-913.3312,-4.543936,0,B,loss
76b9gc,3,3320184835,creative,68,-268.5097,-3.948672,1,A,loss
76b9gc,4,3320184836,creative,49,-257.8705,-5.262664,1,A,loss
76b9gc,5,3320184837,creative,15,-62.2763,-4.151752,1,A,loss
76b9gc,6,3320184838,creative,72,-271.6772,-3.773294,0,B,loss
76b9gc,7,3320184839,creative,39,-136.3017,-3.494916,0,B,loss
77dd17,0,3320184832,creative,3,-20.7697,-6.923217,0,B,loss
77dd17,1,3320184833,creative,203,-698.4496,-3.440638,0,B,loss
77dd17,2,3320184834,creative,75,-301.3277,-4.017702,0,B,loss
77dd17,3,3320184835,creative,72,-244.0047,-3.388955,0,B,loss
77dd17,4,3320184836,creative,109,-438.293,-4.021037,0,B,loss
77dd17,5,3320184837,creative,97,-319.4741,-3.293547,1,B,win
77dd17,6,3320184838,creative,194,-787.3257,-4.05838,0,B,loss
77dd17,7,3320184839,creative,196,-619.8611,-3.162557,1,B,win
796161,0,3320184832,creative,187,-880.5504,-4.708826,0,B,loss
796161,1,3320184833,creative,201,-588.1867,-2.926302,1,B,win
796161,2,3320184834,creative,20,-86.1512,-4.307562,0,B,loss
796161,3,3320184835,creative,144,-222.1145,-1.542462,0,B,loss
796161,4,3320184836,creative,50,-46.8235,-0.936469,0,B,loss
796161,5,3320184837,creative,43,-192.3235,-4.472639,1,B,win
796161,6,3320184838,creative,19,-76.0135,-4.000713,1,B,win
796161,7,3320184839,creative,201,-648.3835,-3.225789,1,B,win
7adktz,0,3320184832,creative,204,-574.2101,-2.814755,1,Tie,tie
7adktz,1,3320184833,creative,204,-405.88,-1.989608,1,Tie,tie
7adktz,2,3320184834,creative,94,-224.2587,-2.385731,0,B,loss
7adktz,3,3320184835,creative,76,-180.4917,-2.374891,0,B,loss
7adktz,4,3320184836,creative,99,-400.6996,-4.047471,0,B,loss
7adktz,5,3320184837,creative,181,-517.7261,-2.860365,0,B,loss
7adktz,6,3320184838,creative,15,-25.9556,-1.730375,0,B,loss
7adktz,7,3320184839,creative,113,-306.5763,-2.713065,0,B,loss
7bowjq,0,3320184832,creative,11,-37.2129,-3.38299,1,A,loss
7bowjq,1,3320184833,creative,202,-864.278,-4.278604,1,B,win
7bowjq,2,3320184834,creative,203,-423.4309,-2.085867,1,B,win
7bowjq,3,3320184835,creative,68,-266.6555,-3.921404,1,Tie,tie
7bowjq,4,3320184836,creative,74,-257.2695,-3.476614,0,B,loss
7bowjq,5,3320184837,creative,95,-174.725,-1.83921,1,B,win
7bowjq,6,3320184838,creative,88,-307.9864,-3.499846,0,B,loss
7bowjq,7,3320184839,creative,203,-862.3788,-4.248171,0,A,win
7d0x9k,0,3320184832,creative,27,-108.4676,-4.017318,0,B,loss
7d0x9k,1,3320184833,creative,200,-989.883,-4.949415,1,A,loss
7d0x9k,2,3320184834,creative,54,-308.4077,-5.711253,1,B,win
7d0x9k,3,3320184835,creative,200,-792.9395,-3.964697,0,B,loss
7d0x9k,4,3320184836,creative,201,-821.635,-4.087736,1,A,loss
7d0x9k,5,3320184837,creative,201,-723.3472,-3.598742,0,B,loss
7d0x9k,6,3320184838,creative,1,-1.7196,-1.719567,0,B,loss
7d0x9k,7,3320184839,creative,72,-237.9873,-3.305379,1,A,loss
7dcwik,0,3320184832,creative,3,-15.8136,-5.271187,0,B,loss
7dcwik,1,3320184833,creative,167,-637.447,-3.817048,0,B,loss
7dcwik,2,3320184834,creative,120,-616.8749,-5.140624,0,B,loss
7dcwik,3,3320184835,creative,199,-955.308,-4.800543,1,B,win
7dcwik,4,3320184836,creative,7,-35.196,-5.027994,1,B,win
7dcwik,5,3320184837,creative,132,-549.1257,-4.160043,1,B,win
7dcwik,6,3320184838,creative,21,-91.0273,-4.334632,1,B,win
7dcwik,7,3320184839,creative,21,-84.3426,-4.016315,0,B,loss
7e3im5,0,3320184832,creative,6,-10.8296,-1.804934,0,B,loss
7e3im5,1,3320184833,creative,68,-300.2636,-4.415641,1,Tie,tie
7e3im5,2,3320184834,creative,184,-657.3996,-3.572824,1,B,win
7e3im5,3,3320184835,creative,205,-803.8746,-3.921339,0,Tie,tie
7e3im5,4,3320184836,creative,114,-264.0005,-2.315794,0,B,loss
7e3im5,5,3320184837,creative,6,-10.8296,-1.804934,0,B,loss
7e3im5,6,3320184838,creative,6,-10.8296,-1.804934,0,B,loss
7e3im5,7,3320184839,creative,6,-10.8296,-1.804934,0,B,loss
7en7vl,0,3320184832,creative,78,-353.2632,-4.529015,0,A,win
7en7vl,1,3320184833,creative,202,-868.9388,-4.301677,0,A,win
7en7vl,2,3320184834,creative,77,-402.181,-5.22313,0,B,loss
7en7vl,3,3320184835,creative,38,-166.4802,-4.381057,0,B,loss
7en7vl,4,3320184836,creative,2,-11.0937,-5.54687,1,A,loss
7en7vl,5,3320184837,creative,202,-1053.0469,-5.213103,1,A,loss
7en7vl,6,3320184838,creative,71,-258.0839,-3.634984,1,A,loss
7en7vl,7,3320184839,creative,15,-89.8441,-5.989608,1,A,loss
7ezd5t,0,3320184832,creative,82,-352.3315,-4.296725,1,Tie,tie
7ezd5t,1,3320184833,creative,103,-370.0544,-3.592761,0,Tie,tie
7ezd5t,2,3320184834,creative,24,-100.9051,-4.204379,0,B,loss
7ezd5t,3,3320184835,creative,60,-253.5272,-4.225453,0,Tie,tie
7ezd5t,4,3320184836,creative,200,-594.9447,-2.974724,0,Tie,tie
7ezd5t,5,3320184837,creative,200,-815.6301,-4.078151,1,Tie,tie
7ezd5t,6,3320184838,creative,93,-361.3792,-3.885797,0,Tie,tie
7ezd5t,7,3320184839,creative,200,-763.5392,-3.817696,0,Tie,tie
7gjj2w,0,3320184832,creative,203,-908.3884,-4.47482,0,B,loss
7gjj2w,1,3320184833,creative,102,-445.89,-4.371471,1,Tie,tie
7gjj2w,2,3320184834,creative,203,-864.3308,-4.257787,1,A,loss
7gjj2w,3,3320184835,creative,39,-123.4254,-3.164754,1,A,loss
7gjj2w,4,3320184836,creative,42,-223.4998,-5.321423,1,B,win
7gjj2w,5,3320184837,creative,81,-231.7361,-2.86094,0,B,loss
7gjj2w,6,3320184838,creative,204,-1177.5892,-5.772496,1,A,loss
7gjj2w,7,3320184839,creative,21,-113.0212,-5.381963,0,B,loss
7h9f8e,0,3320184832,creative,5,-19.7944,-3.958881,0,B,loss
7h9f8e,1,3320184833,creative,83,-308.8438,-3.721009,1,A,loss
7h9f8e,2,3320184834,creative,5,-19.7944,-3.958881,0,B,loss
7h9f8e,3,3320184835,creative,205,-832.1724,-4.059377,1,Tie,tie
7h9f8e,4,3320184836,creative,5,-19.7944,-3.958881,1,A,loss
7h9f8e,5,3320184837,creative,41,-225.1612,-5.491737,0,B,loss
7h9f8e,6,3320184838,creative,5,-19.7944,-3.958881,0,B,loss
7h9f8e,7,3320184839,creative,56,-220.4266,-3.936189,0,B,loss
7iltd1,0,3320184832,creative,202,-948.7333,-4.696699,0,B,loss
7iltd1,1,3320184833,creative,25,-79.8196,-3.192784,1,B,win
7iltd1,2,3320184834,creative,80,-126.0474,-1.575592,0,B,loss
7iltd1,3,3320184835,creative,23,-78.9527,-3.432727,0,B,loss
7iltd1,4,3320184836,creative,202,-703.4902,-3.482625,1,B,win
7iltd1,5,3320184837,creative,202,-811.3781,-4.016723,0,B,loss
7iltd1,6,3320184838,creative,46,-207.6787,-4.514755,1,B,win
7iltd1,7,3320184839,creative,200,-639.0664,-3.195332,0,B,loss
7iubwq,0,3320184832,creative,82,-355.8045,-4.339079,1,A,loss
7iubwq,1,3320184833,creative,181,-453.5688,-2.505905,0,B,loss
7iubwq,2,3320184834,creative,125,-344.4191,-2.755353,1,A,loss
7iubwq,3,3320184835,creative,200,-540.2267,-2.701133,1,A,loss
7iubwq,4,3320184836,creative,200,-651.3845,-3.256922,0,B,loss
7iubwq,5,3320184837,creative,146,-624.9679,-4.280602,1,A,loss
7iubwq,6,3320184838,creative,4,-12.5227,-3.130682,0,B,loss
7iubwq,7,3320184839,creative,134,-512.7621,-3.826583,0,B,loss
7jfvx7,0,3320184832,creative,44,-185.3025,-4.21142,1,A,loss
7jfvx7,1,3320184833,creative,201,-757.7665,-3.769983,0,B,loss
7jfvx7,2,3320184834,creative,201,-898.4423,-4.469862,1,A,loss
7jfvx7,3,3320184835,creative,10,-49.6504,-4.965043,0,B,loss
7jfvx7,4,3320184836,creative,201,-713.2969,-3.548741,0,B,loss
7jfvx7,5,3320184837,creative,184,-800.3566,-4.349764,0,B,loss
7jfvx7,6,3320184838,creative,123,-610.1735,-4.96076,1,A,loss
7jfvx7,7,3320184839,creative,201,-837.6111,-4.167219,0,B,loss
7jqj29,0,3320184832,creative,110,-197.5333,-1.795757,1,B,win
7jqj29,1,3320184833,creative,184,-315.7746,-1.716166,0,A,win
7jqj29,2,3320184834,creative,202,-404.5216,-2.002582,1,B,win
7jqj29,3,3320184835,creative,153,-207.2065,-1.354291,0,B,loss
7jqj29,4,3320184836,creative,202,-961.7291,-4.761035,0,B,loss
7jqj29,5,3320184837,creative,2,-1.4351,-0.717551,1,B,win
7jqj29,6,3320184838,creative,160,-762.754,-4.767213,0,B,loss
7jqj29,7,3320184839,creative,88,-433.6676,-4.928041,0,B,loss
7l7e1m,0,3320184832,creative,202,-719.1696,-3.560245,0,B,loss
7l7e1m,1,3320184833,creative,202,-862.4091,-4.269352,1,A,loss
7l7e1m,2,3320184834,creative,171,-505.6835,-2.957213,1,A,loss
7l7e1m,3,3320184835,creative,89,-463.4609,-5.207426,0,B,loss
7l7e1m,4,3320184836,creative,158,-469.8935,-2.97401,0,B,loss
7l7e1m,5,3320184837,creative,42,-176.7788,-4.209019,1,A,loss
7l7e1m,6,3320184838,creative,141,-504.9026,-3.58087,0,B,loss
7l7e1m,7,3320184839,creative,202,-679.9489,-3.366084,0,B,loss
7ld0jk,0,3320184832,creative,3,-5.3219,-1.773977,0,Tie,tie
7ld0jk,1,3320184833,creative,45,-68.85,-1.530001,1,B,win
7ld0jk,2,3320184834,creative,202,-832.9766,-4.123646,1,A,loss
7ld0jk,3,3320184835,creative,203,-1005.1418,-4.951438,1,B,win
7ld0jk,4,3320184836,creative,204,-880.2731,-4.315064,1,A,loss
7ld0jk,5,3320184837,creative,3,-5.3219,-1.773977,1,B,win
7ld0jk,6,3320184838,creative,3,-5.3219,-1.773977,1,B,win
7ld0jk,7,3320184839,creative,3,-5.3219,-1.773977,0,Tie,tie
7lzk5g,0,3320184832,creative,201,-916.5719,-4.560059,1,B,win
7lzk5g,1,3320184833,creative,2,-3.9411,-1.970532,1,B,win
7lzk5g,2,3320184834,creative,2,-3.9411,-1.970532,1,B,win
7lzk5g,3,3320184835,creative,137,-602.8153,-4.400112,0,A,win
7lzk5g,4,3320184836,creative,2,-3.9411,-1.970532,1,B,win
7lzk5g,5,3320184837,creative,70,-262.8419,-3.754885,1,B,win
7lzk5g,6,3320184838,creative,202,-843.9333,-4.177888,1,B,win
7lzk5g,7,3320184839,creative,2,-3.9411,-1.970532,0,B,loss
7q0acw,0,3320184832,creative,31,-163.1387,-5.262538,0,B,loss
7q0acw,1,3320184833,creative,12,-58.3905,-4.865872,1,A,loss
7q0acw,2,3320184834,creative,202,-695.0853,-3.441016,1,B,win
7q0acw,3,3320184835,creative,163,-512.7387,-3.145636,0,A,win
7q0acw,4,3320184836,creative,202,-865.8604,-4.286437,0,B,loss
7q0acw,5,3320184837,creative,101,-371.9609,-3.682781,0,B,loss
7q0acw,6,3320184838,creative,184,-709.1375,-3.854008,0,B,loss
7q0acw,7,3320184839,creative,41,-177.3424,-4.325425,1,A,loss
7rb6uj,0,3320184832,creative,118,-596.0993,-5.051689,1,A,loss
7rb6uj,1,3320184833,creative,201,-627.6354,-3.122564,0,Tie,tie
7rb6uj,2,3320184834,creative,201,-460.5334,-2.291211,0,A,win
7rb6uj,3,3320184835,creative,1,-1.4361,-1.436144,0,B,loss
7rb6uj,4,3320184836,creative,61,-106.4277,-1.744716,0,B,loss
7rb6uj,5,3320184837,creative,157,-668.7662,-4.259658,1,B,win
7rb6uj,6,3320184838,creative,48,-65.4478,-1.363496,1,B,win
7rb6uj,7,3320184839,creative,1,-1.4361,-1.436144,1,A,loss
7rie85,0,3320184832,creative,2,-0.6364,-0.318189,1,A,loss
7rie85,1,3320184833,creative,103,-405.2,-3.93398,0,B,loss
7rie85,2,3320184834,creative,202,-773.6281,-3.829842,1,A,loss
7rie85,3,3320184835,creative,30,-167.0663,-5.568877,0,B,loss
7rie85,4,3320184836,creative,19,-88.9128,-4.679618,1,A,loss
7rie85,5,3320184837,creative,9,-15.4782,-1.719804,1,A,loss
7rie85,6,3320184838,creative,13,-48.9765,-3.767427,1,A,loss
7rie85,7,3320184839,creative,202,-686.8022,-3.400011,1,A,loss
7rpy8m,0,3320184832,creative,109,-373.049,-3.422468,0,A,win
7rpy8m,1,3320184833,creative,203,-787.0652,-3.877168,0,B,loss
7rpy8m,2,3320184834,creative,203,-1161.5393,-5.721869,0,B,loss
7rpy8m,3,3320184835,creative,16,-72.0551,-4.503444,1,Tie,tie
7rpy8m,4,3320184836,creative,141,-492.1107,-3.490147,1,Tie,tie
7rpy8m,5,3320184837,creative,14,-57.5642,-4.111726,1,Tie,tie
7rpy8m,6,3320184838,creative,194,-586.7194,-3.024327,1,B,win
7rpy8m,7,3320184839,creative,101,-340.5649,-3.37193,0,B,loss
7svmp5,0,3320184832,creative,201,-822.2969,-4.09103,0,Tie,tie
7svmp5,1,3320184833,creative,1,-6.7054,-6.705436,1,Tie,tie
7svmp5,2,3320184834,creative,1,-6.7054,-6.705436,1,Tie,tie
7svmp5,3,3320184835,creative,37,-157.0442,-4.244438,1,Tie,tie
7svmp5,4,3320184836,creative,1,-6.7054,-6.705436,1,Tie,tie
7svmp5,5,3320184837,creative,1,-6.7054,-6.705436,1,Tie,tie
7svmp5,6,3320184838,creative,1,-6.7054,-6.705436,0,Tie,tie
7svmp5,7,3320184839,creative,1,-6.7054,-6.705436,0,Tie,tie
7tge90,0,3320184832,creative,16,-44.4302,-2.776886,1,A,loss
7tge90,1,3320184833,creative,203,-926.7507,-4.565275,1,A,loss
7tge90,2,3320184834,creative,95,-248.0607,-2.611166,0,B,loss
7tge90,3,3320184835,creative,93,-345.5523,-3.715617,1,B,win
7tge90,4,3320184836,creative,115,-518.5367,-4.509015,0,B,loss
7tge90,5,3320184837,creative,3,-9.1432,-3.04774,0,B,loss
7tge90,6,3320184838,creative,3,-9.1432,-3.04774,0,B,loss
7tge90,7,3320184839,creative,203,-1041.976,-5.132886,0,B,loss
7u04a5,0,3320184832,creative,5,-2.6989,-0.539778,0,B,loss
7u04a5,1,3320184833,creative,107,-502.3709,-4.695055,1,B,win
7u04a5,2,3320184834,creative,52,-208.6888,-4.013247,0,B,loss
7u04a5,3,3320184835,creative,205,-1126.8387,-5.496774,0,B,loss
7u04a5,4,3320184836,creative,45,-204.5451,-4.545447,1,B,win
7u04a5,5,3320184837,creative,5,-2.6989,-0.539778,0,B,loss
7u04a5,6,3320184838,creative,5,-2.6989,-0.539778,1,Tie,tie
7u04a5,7,3320184839,creative,5,-2.6989,-0.539778,0,B,loss
7uezw8,0,3320184832,creative,201,-796.1232,-3.960812,0,B,loss
7uezw8,1,3320184833,creative,201,-537.6355,-2.674803,0,A,win
7uezw8,2,3320184834,creative,53,-223.5417,-4.217769,1,Tie,tie
7uezw8,3,3320184835,creative,37,-163.6458,-4.422859,1,B,win
7uezw8,4,3320184836,creative,1,-0.1964,-0.196384,0,Tie,tie
7uezw8,5,3320184837,creative,201,-785.6493,-3.908703,1,B,win
7uezw8,6,3320184838,creative,199,-446.5258,-2.243848,1,Tie,tie
7uezw8,7,3320184839,creative,153,-395.9141,-2.587674,1,B,win
7v8ind,0,3320184832,creative,200,-699.8625,-3.499312,1,Tie,tie
7v8ind,1,3320184833,creative,0,0.0,0.0,1,Tie,tie
7v8ind,2,3320184834,creative,39,-147.8677,-3.79148,0,Tie,tie
7v8ind,3,3320184835,creative,60,-239.2163,-3.986939,0,Tie,tie
7v8ind,4,3320184836,creative,200,-755.6028,-3.778014,1,Tie,tie
7v8ind,5,3320184837,creative,199,-779.8627,-3.918908,0,Tie,tie
7v8ind,6,3320184838,creative,64,-270.2722,-4.223002,0,Tie,tie
7v8ind,7,3320184839,creative,200,-1083.2954,-5.416477,1,Tie,tie
80sf6g,0,3320184832,creative,200,-902.241,-4.511205,1,A,loss
80sf6g,1,3320184833,creative,2,-5.1156,-2.55782,0,B,loss
80sf6g,2,3320184834,creative,202,-797.4672,-3.947857,0,Tie,tie
80sf6g,3,3320184835,creative,80,-262.4597,-3.280746,1,B,win
80sf6g,4,3320184836,creative,202,-687.4512,-3.403224,1,A,loss
80sf6g,5,3320184837,creative,202,-631.8004,-3.127725,1,B,win
80sf6g,6,3320184838,creative,138,-502.7133,-3.64285,0,B,loss
80sf6g,7,3320184839,creative,63,-176.4842,-2.801336,0,B,loss
83mehz,0,3320184832,creative,203,-676.2773,-3.331415,0,B,loss
83mehz,1,3320184833,creative,198,-984.5973,-4.972714,1,Tie,tie
83mehz,2,3320184834,creative,81,-402.957,-4.974778,1,A,loss
83mehz,3,3320184835,creative,9,-38.3568,-4.261871,0,B,loss
83mehz,4,3320184836,creative,202,-775.0857,-3.837058,1,B,win
83mehz,5,3320184837,creative,203,-774.948,-3.817478,0,B,loss
83mehz,6,3320184838,creative,91,-325.2116,-3.573754,1,B,win
83mehz,7,3320184839,creative,49,-223.0329,-4.551692,1,A,loss
849wc3,0,3320184832,creative,204,-810.9458,-3.975225,1,B,win
849wc3,1,3320184833,creative,27,-143.936,-5.330964,1,B,win
849wc3,2,3320184834,creative,57,-257.7327,-4.521627,0,B,loss
849wc3,3,3320184835,creative,200,-1016.2705,-5.081353,0,B,loss
849wc3,4,3320184836,creative,116,-594.2864,-5.123159,0,B,loss
849wc3,5,3320184837,creative,4,-20.015,-5.003756,0,B,loss
849wc3,6,3320184838,creative,4,-20.015,-5.003756,0,B,loss
849wc3,7,3320184839,creative,151,-969.2948,-6.419171,1,B,win
87ak6w,0,3320184832,creative,163,-712.541,-4.371417,1,A,loss
87ak6w,1,3320184833,creative,111,-455.7994,-4.106301,0,B,loss
87ak6w,2,3320184834,creative,150,-162.8941,-1.085961,1,B,win
87ak6w,3,3320184835,creative,203,-863.2129,-4.25228,1,B,win
87ak6w,4,3320184836,creative,19,-94.9209,-4.995834,1,B,win
87ak6w,5,3320184837,creative,105,-156.942,-1.494686,1,B,win
87ak6w,6,3320184838,creative,205,-690.4806,-3.368198,0,A,win
87ak6w,7,3320184839,creative,203,-918.5511,-4.524882,0,B,loss
87tx3g,0,3320184832,creative,201,-1174.9219,-5.845382,1,A,loss
87tx3g,1,3320184833,creative,203,-1008.2537,-4.966767,1,B,win
87tx3g,2,3320184834,creative,203,-946.0213,-4.660203,1,A,loss
87tx3g,3,3320184835,creative,3,-6.9392,-2.313072,1,A,loss
87tx3g,4,3320184836,creative,53,-247.3674,-4.66731,0,B,loss
87tx3g,5,3320184837,creative,19,-87.371,-4.598473,0,B,loss
87tx3g,6,3320184838,creative,202,-1123.0435,-5.559621,1,A,loss
87tx3g,7,3320184839,creative,3,-6.9392,-2.313072,0,B,loss
8a18sf,0,3320184832,creative,3,-17.5683,-5.856087,0,B,loss
8a18sf,1,3320184833,creative,66,-275.0383,-4.167247,1,A,loss
8a18sf,2,3320184834,creative,74,-377.2589,-5.098093,1,B,win
8a18sf,3,3320184835,creative,148,-602.7795,-4.072835,0,A,win
8a18sf,4,3320184836,creative,40,-196.2138,-4.905345,1,A,loss
8a18sf,5,3320184837,creative,3,-17.5683,-5.856087,1,A,loss
8a18sf,6,3320184838,creative,3,-17.5683,-5.856087,0,B,loss
8a18sf,7,3320184839,creative,3,-17.5683,-5.856087,0,B,loss
8aec6t,0,3320184832,creative,189,-687.4568,-3.637337,0,B,loss
8aec6t,1,3320184833,creative,64,-209.5458,-3.274153,0,B,loss
8aec6t,2,3320184834,creative,86,-371.4985,-4.31975,1,A,loss
8aec6t,3,3320184835,creative,33,-129.2758,-3.917449,0,B,loss
8aec6t,4,3320184836,creative,77,-339.0316,-4.403008,0,B,loss
8aec6t,5,3320184837,creative,81,-345.5569,-4.266135,0,B,loss
8aec6t,6,3320184838,creative,26,-126.5133,-4.865896,1,A,loss
8aec6t,7,3320184839,creative,37,-146.047,-3.947217,1,A,loss
8fk0hr,0,3320184832,creative,173,-832.9051,-4.81448,1,A,loss
8fk0hr,1,3320184833,creative,24,-82.6669,-3.444456,1,A,loss
8fk0hr,2,3320184834,creative,147,-600.8717,-4.087563,0,B,loss
8fk0hr,3,3320184835,creative,200,-1180.78,-5.9039,0,B,loss
8fk0hr,4,3320184836,creative,202,-441.1503,-2.183913,1,A,loss
8fk0hr,5,3320184837,creative,202,-795.2497,-3.93688,0,B,loss
8fk0hr,6,3320184838,creative,202,-969.6261,-4.800129,1,A,loss
8fk0hr,7,3320184839,creative,38,-149.3455,-3.930145,1,A,loss
8gfhh9,0,3320184832,creative,204,-618.3284,-3.031021,1,B,win
8gfhh9,1,3320184833,creative,78,-233.2943,-2.990952,0,B,loss
8gfhh9,2,3320184834,creative,74,-297.6028,-4.02166,1,A,loss
8gfhh9,3,3320184835,creative,47,-192.4585,-4.094862,0,B,loss
8gfhh9,4,3320184836,creative,204,-722.1774,-3.540085,1,B,win
8gfhh9,5,3320184837,creative,79,-276.015,-3.493861,1,A,loss
8gfhh9,6,3320184838,creative,204,-720.3744,-3.531247,1,B,win
8gfhh9,7,3320184839,creative,25,-73.6654,-2.946618,1,A,loss
8gs4wp,0,3320184832,creative,69,-268.8176,-3.895907,1,B,win
8gs4wp,1,3320184833,creative,29,-63.2957,-2.182612,1,B,win
8gs4wp,2,3320184834,creative,51,-144.3862,-2.831103,0,B,loss
8gs4wp,3,3320184835,creative,7,-12.4217,-1.774528,0,B,loss
8gs4wp,4,3320184836,creative,94,-185.1938,-1.970147,0,B,loss
8gs4wp,5,3320184837,creative,154,-794.2225,-5.157289,0,B,loss
8gs4wp,6,3320184838,creative,200,-498.2585,-2.491293,0,B,loss
8gs4wp,7,3320184839,creative,0,0.0,0.0,1,B,win
8k4am7,0,3320184832,creative,87,-311.5048,-3.580514,0,B,loss
8k4am7,1,3320184833,creative,204,-866.3057,-4.246596,0,A,win
8k4am7,2,3320184834,creative,205,-792.5557,-3.866125,1,A,loss
8k4am7,3,3320184835,creative,169,-606.5067,-3.588797,0,B,loss
8k4am7,4,3320184836,creative,5,-11.5935,-2.318695,1,A,loss
8k4am7,5,3320184837,creative,63,-234.6017,-3.723836,1,A,loss
8k4am7,6,3320184838,creative,205,-725.3676,-3.538379,0,B,loss
8k4am7,7,3320184839,creative,56,-155.9967,-2.785656,0,B,loss
8myeno,0,3320184832,creative,202,-797.5944,-3.948487,1,A,loss
8myeno,1,3320184833,creative,202,-638.338,-3.160089,1,A,loss
8myeno,2,3320184834,creative,30,-144.5687,-4.818957,1,A,loss
8myeno,3,3320184835,creative,46,-179.0226,-3.891795,0,B,loss
8myeno,4,3320184836,creative,65,-317.3475,-4.88227,0,B,loss
8myeno,5,3320184837,creative,103,-333.633,-3.239155,0,B,loss
8myeno,6,3320184838,creative,39,-118.6291,-3.041772,1,A,loss
8myeno,7,3320184839,creative,20,-23.4502,-1.17251,1,A,loss
8o89ko,0,3320184832,creative,29,-107.771,-3.716243,0,B,loss
8o89ko,1,3320184833,creative,203,-445.8753,-2.19643,1,A,loss
8o89ko,2,3320184834,creative,91,-398.4467,-4.378535,0,B,loss
8o89ko,3,3320184835,creative,203,-546.0001,-2.689655,1,A,loss
8o89ko,4,3320184836,creative,203,-882.5403,-4.347489,1,A,loss
8o89ko,5,3320184837,creative,75,-217.3283,-2.897711,1,Tie,tie
8o89ko,6,3320184838,creative,168,-437.0489,-2.601482,1,A,loss
8o89ko,7,3320184839,creative,36,-141.4737,-3.929825,0,B,loss
8p3ora,0,3320184832,creative,100,-305.2377,-3.052377,0,B,loss
8p3ora,1,3320184833,creative,200,-1004.5399,-5.0227,0,B,loss
8p3ora,2,3320184834,creative,94,-355.9545,-3.78675,1,A,loss
8p3ora,3,3320184835,creative,51,-184.6493,-3.620575,1,A,loss
8p3ora,4,3320184836,creative,104,-410.5777,-3.947862,1,A,loss
8p3ora,5,3320184837,creative,69,-273.6663,-3.966178,0,B,loss
8p3ora,6,3320184838,creative,117,-482.3439,-4.122597,1,A,loss
8p3ora,7,3320184839,creative,201,-690.5851,-3.435747,0,B,loss
8pr271,0,3320184832,creative,31,-123.0543,-3.969492,1,A,loss
8pr271,1,3320184833,creative,1,-0.8679,-0.867876,0,B,loss
8pr271,2,3320184834,creative,73,-233.2118,-3.194682,0,B,loss
8pr271,3,3320184835,creative,201,-932.1798,-4.63771,0,A,win
8pr271,4,3320184836,creative,201,-887.9878,-4.41785,0,B,loss
8pr271,5,3320184837,creative,69,-351.8965,-5.099949,0,Tie,tie
8pr271,6,3320184838,creative,140,-585.7732,-4.184094,1,Tie,tie
8pr271,7,3320184839,creative,141,-702.5542,-4.982654,1,A,loss
8tmkfc,0,3320184832,creative,202,-956.7515,-4.736394,0,B,loss
8tmkfc,1,3320184833,creative,202,-843.0947,-4.173736,0,A,win
8tmkfc,2,3320184834,creative,28,-151.9233,-5.425832,1,A,loss
8tmkfc,3,3320184835,creative,145,-538.3079,-3.712468,1,B,win
8tmkfc,4,3320184836,creative,40,-132.8165,-3.320413,0,A,win
8tmkfc,5,3320184837,creative,2,-3.8029,-1.901437,1,B,win
8tmkfc,6,3320184838,creative,202,-711.9956,-3.524731,0,B,loss
8tmkfc,7,3320184839,creative,202,-658.1245,-3.258042,1,B,win
8vr4k2,0,3320184832,creative,3,-13.3894,-4.46313,0,B,loss
8vr4k2,1,3320184833,creative,49,-159.9906,-3.265113,1,A,loss
8vr4k2,2,3320184834,creative,3,-13.3894,-4.46313,1,A,loss
8vr4k2,3,3320184835,creative,202,-773.476,-3.829089,0,B,loss
8vr4k2,4,3320184836,creative,3,-13.3894,-4.46313,1,A,loss
8vr4k2,5,3320184837,creative,71,-289.534,-4.077943,1,B,win
8vr4k2,6,3320184838,creative,3,-13.3894,-4.46313,0,B,loss
8vr4k2,7,3320184839,creative,3,-13.3894,-4.46313,0,B,loss
8vyqdq,0,3320184832,creative,1,-0.8848,-0.884845,1,B,win
8vyqdq,1,3320184833,creative,140,-615.0775,-4.393411,0,B,loss
8vyqdq,2,3320184834,creative,153,-491.1135,-3.209892,0,B,loss
8vyqdq,3,3320184835,creative,84,-359.1242,-4.275288,1,B,win
8vyqdq,4,3320184836,creative,74,-338.6634,-4.576532,0,B,loss
8vyqdq,5,3320184837,creative,201,-693.2505,-3.449007,0,B,loss
8vyqdq,6,3320184838,creative,200,-861.9632,-4.309816,0,B,loss
8vyqdq,7,3320184839,creative,114,-473.628,-4.154632,1,B,win
8x0xa7,0,3320184832,creative,23,-86.9581,-3.780786,1,B,win
8x0xa7,1,3320184833,creative,0,0.0,0.0,0,B,loss
8x0xa7,2,3320184834,creative,52,-214.6623,-4.128121,0,Tie,tie
8x0xa7,3,3320184835,creative,30,-125.276,-4.175865,0,Tie,tie
8x0xa7,4,3320184836,creative,0,0.0,0.0,1,B,win
8x0xa7,5,3320184837,creative,23,-92.7901,-4.034353,0,B,loss
8x0xa7,6,3320184838,creative,36,-115.1074,-3.197428,1,B,win
8x0xa7,7,3320184839,creative,0,0.0,0.0,0,B,loss
8x86s0,0,3320184832,creative,119,-449.5994,-3.778146,1,A,loss
8x86s0,1,3320184833,creative,84,-298.8976,-3.558305,0,A,win
8x86s0,2,3320184834,creative,55,-68.7192,-1.249439,0,B,loss
8x86s0,3,3320184835,creative,81,-337.5688,-4.167516,1,A,loss
8x86s0,4,3320184836,creative,52,-197.7576,-3.80303,0,B,loss
8x86s0,5,3320184837,creative,39,-77.3871,-1.984283,1,A,loss
8x86s0,6,3320184838,creative,202,-832.9327,-4.123429,1,A,loss
8x86s0,7,3320184839,creative,94,-369.5285,-3.931154,0,B,loss
8y8wrr,0,3320184832,creative,40,-235.0811,-5.877028,0,Tie,tie
8y8wrr,1,3320184833,creative,44,-202.3972,-4.599936,0,B,loss
8y8wrr,2,3320184834,creative,38,-67.9836,-1.789041,1,Tie,tie
8y8wrr,3,3320184835,creative,126,-215.4997,-1.710315,0,B,loss
8y8wrr,4,3320184836,creative,22,-122.7248,-5.578401,0,B,loss
8y8wrr,5,3320184837,creative,106,-486.6418,-4.59096,1,A,loss
8y8wrr,6,3320184838,creative,25,-169.6435,-6.785739,0,B,loss
8y8wrr,7,3320184839,creative,25,-122.2803,-4.891211,0,B,loss
8z1sq1,0,3320184832,creative,21,-80.1587,-3.817079,1,Tie,tie
8z1sq1,1,3320184833,creative,0,0.0,0.0,1,B,win
8z1sq1,2,3320184834,creative,12,-54.3875,-4.53229,1,Tie,tie
8z1sq1,3,3320184835,creative,163,-610.0588,-3.742692,1,Tie,tie
8z1sq1,4,3320184836,creative,200,-809.4875,-4.047438,1,B,win
8z1sq1,5,3320184837,creative,203,-808.7315,-3.983899,1,B,win
8z1sq1,6,3320184838,creative,11,-20.3331,-1.848464,0,Tie,tie
8z1sq1,7,3320184839,creative,99,-358.7586,-3.623824,0,B,loss
9470fc,0,3320184832,creative,104,-387.0767,-3.721891,0,Tie,tie
9470fc,1,3320184833,creative,65,-305.7787,-4.704287,0,A,win
9470fc,2,3320184834,creative,3,-10.2786,-3.426189,0,B,loss
9470fc,3,3320184835,creative,3,-10.2786,-3.426189,1,B,win
9470fc,4,3320184836,creative,203,-522.3557,-2.573181,1,B,win
9470fc,5,3320184837,creative,77,-291.6719,-3.787947,1,B,win
9470fc,6,3320184838,creative,3,-10.2786,-3.426189,1,B,win
9470fc,7,3320184839,creative,48,-107.0557,-2.230326,0,Tie,tie
96myl6,0,3320184832,creative,77,-429.7224,-5.580811,1,A,loss
96myl6,1,3320184833,creative,57,-234.2233,-4.10918,0,B,loss
96myl6,2,3320184834,creative,52,-176.2089,-3.388633,0,B,loss
96myl6,3,3320184835,creative,200,-947.9237,-4.739619,0,B,loss
96myl6,4,3320184836,creative,1,-2.5864,-2.586369,1,A,loss
96myl6,5,3320184837,creative,82,-424.0321,-5.171123,0,B,loss
96myl6,6,3320184838,creative,160,-399.278,-2.495488,0,B,loss
96myl6,7,3320184839,creative,201,-727.8121,-3.620956,0,B,loss
96xnw9,0,3320184832,creative,6,-6.7329,-1.122156,1,B,win
96xnw9,1,3320184833,creative,206,-750.3676,-3.642561,0,B,loss
96xnw9,2,3320184834,creative,6,-6.7329,-1.122156,0,B,loss
96xnw9,3,3320184835,creative,40,-124.5528,-3.113821,1,B,win
96xnw9,4,3320184836,creative,6,-6.7329,-1.122156,0,B,loss
96xnw9,5,3320184837,creative,100,-379.3425,-3.793425,1,B,win
96xnw9,6,3320184838,creative,6,-6.7329,-1.122156,1,B,win
96xnw9,7,3320184839,creative,6,-6.7329,-1.122156,1,B,win
99kk88,0,3320184832,creative,63,-210.83,-3.346508,0,B,loss
99kk88,1,3320184833,creative,163,-373.5771,-2.291884,1,B,win
99kk88,2,3320184834,creative,204,-732.2604,-3.589512,0,B,loss
99kk88,3,3320184835,creative,204,-699.3569,-3.42822,0,B,loss
99kk88,4,3320184836,creative,204,-733.1666,-3.593954,1,B,win
99kk88,5,3320184837,creative,47,-192.4525,-4.094733,0,A,win
99kk88,6,3320184838,creative,127,-509.2886,-4.010146,0,B,loss
99kk88,7,3320184839,creative,57,-192.1571,-3.371178,0,A,win
9edjv0,0,3320184832,creative,200,-1030.8326,-5.154163,1,A,loss
9edjv0,1,3320184833,creative,72,-165.2656,-2.295355,0,A,win
9edjv0,2,3320184834,creative,71,-266.6888,-3.75618,1,B,win
9edjv0,3,3320184835,creative,1,-0.7947,-0.794742,1,A,loss
9edjv0,4,3320184836,creative,65,-276.9457,-4.260704,0,B,loss
9edjv0,5,3320184837,creative,13,-58.0735,-4.467191,0,B,loss
9edjv0,6,3320184838,creative,17,-66.4365,-3.908032,1,A,loss
9edjv0,7,3320184839,creative,201,-940.7029,-4.680114,1,A,loss
9f7www,0,3320184832,creative,107,-252.3255,-2.358182,0,B,loss
9f7www,1,3320184833,creative,132,-361.6214,-2.739556,1,B,win
9f7www,2,3320184834,creative,21,-107.3657,-5.112654,0,B,loss
9f7www,3,3320184835,creative,134,-540.7516,-4.03546,1,B,win
9f7www,4,3320184836,creative,35,-58.942,-1.684058,1,B,win
9f7www,5,3320184837,creative,201,-782.2031,-3.891558,1,B,win
9f7www,6,3320184838,creative,36,-57.939,-1.609415,0,B,loss
9f7www,7,3320184839,creative,100,-258.4736,-2.584736,0,A,win
9g2cbq,0,3320184832,creative,29,-87.0227,-3.000784,0,B,loss
9g2cbq,1,3320184833,creative,178,-621.8604,-3.493598,0,B,loss
9g2cbq,2,3320184834,creative,202,-631.9076,-3.128255,0,B,loss
9g2cbq,3,3320184835,creative,2,-1.3353,-0.667638,0,B,loss
9g2cbq,4,3320184836,creative,2,-1.3353,-0.667638,1,B,win
9g2cbq,5,3320184837,creative,2,-1.3353,-0.667638,0,B,loss
9g2cbq,6,3320184838,creative,2,-1.3353,-0.667638,0,B,loss
9g2cbq,7,3320184839,creative,202,-722.733,-3.577886,0,B,loss
9ki47u,0,3320184832,creative,52,-232.7797,-4.476532,0,A,win
9ki47u,1,3320184833,creative,96,-442.8397,-4.612913,0,A,win
9ki47u,2,3320184834,creative,205,-813.093,-3.966307,1,B,win
9ki47u,3,3320184835,creative,69,-119.2738,-1.728606,1,B,win
9ki47u,4,3320184836,creative,141,-154.8147,-1.097976,0,A,win
9ki47u,5,3320184837,creative,193,-322.495,-1.670959,0,B,loss
9ki47u,6,3320184838,creative,205,-465.3322,-2.269913,1,B,win
9ki47u,7,3320184839,creative,143,-446.196,-3.120252,1,Tie,tie
9l0dam,0,3320184832,creative,39,-110.7439,-2.839588,1,A,loss
9l0dam,1,3320184833,creative,66,-258.1106,-3.910767,1,A,loss
9l0dam,2,3320184834,creative,90,-371.1555,-4.123951,1,B,win
9l0dam,3,3320184835,creative,28,-121.569,-4.341751,0,B,loss
9l0dam,4,3320184836,creative,204,-1145.4268,-5.614837,1,B,win
9l0dam,5,3320184837,creative,36,-106.5841,-2.960669,0,B,loss
9l0dam,6,3320184838,creative,51,-284.5719,-5.579841,1,A,loss
9l0dam,7,3320184839,creative,204,-830.1458,-4.069342,0,B,loss
9neuk8,0,3320184832,creative,174,-818.9028,-4.706338,0,B,loss
9neuk8,1,3320184833,creative,130,-494.0396,-3.800304,1,B,win
9neuk8,2,3320184834,creative,131,-701.8458,-5.357601,1,B,win
9neuk8,3,3320184835,creative,34,-166.7174,-4.903452,1,Tie,tie
9neuk8,4,3320184836,creative,195,-669.1078,-3.431322,0,B,loss
9neuk8,5,3320184837,creative,127,-387.2724,-3.049389,1,Tie,tie
9neuk8,6,3320184838,creative,202,-866.5115,-4.289661,1,A,loss
9neuk8,7,3320184839,creative,66,-179.147,-2.714349,1,B,win
9qn4tw,0,3320184832,creative,194,-792.7748,-4.086468,1,B,win
9qn4tw,1,3320184833,creative,106,-434.865,-4.1025,1,A,loss
9qn4tw,2,3320184834,creative,200,-828.8621,-4.14431,0,B,loss
9qn4tw,3,3320184835,creative,201,-876.9709,-4.36304,1,A,loss
9qn4tw,4,3320184836,creative,1,-1.4683,-1.468335,0,B,loss
9qn4tw,5,3320184837,creative,170,-794.5026,-4.673544,1,B,win
9qn4tw,6,3320184838,creative,39,-150.0564,-3.847599,1,A,loss
9qn4tw,7,3320184839,creative,182,-718.064,-3.945406,0,B,loss
a318ye,0,3320184832,creative,60,-202.2013,-3.370022,1,B,win
a318ye,1,3320184833,creative,204,-516.8274,-2.533468,0,B,loss
a318ye,2,3320184834,creative,164,-782.9937,-4.774352,1,Tie,tie
a318ye,3,3320184835,creative,204,-807.9836,-3.960704,0,B,loss
a318ye,4,3320184836,creative,204,-916.3177,-4.491754,1,Tie,tie
a318ye,5,3320184837,creative,66,-275.6045,-4.175826,1,Tie,tie
a318ye,6,3320184838,creative,56,-119.7035,-2.137562,0,B,loss
a318ye,7,3320184839,creative,156,-352.3166,-2.25844,0,B,loss
a3pdwk,0,3320184832,creative,27,-133.5678,-4.946957,1,B,win
a3pdwk,1,3320184833,creative,18,-96.0372,-5.335398,1,A,loss
a3pdwk,2,3320184834,creative,130,-585.25,-4.501923,1,A,loss
a3pdwk,3,3320184835,creative,2,-4.0838,-2.041885,0,B,loss
a3pdwk,4,3320184836,creative,35,-131.3839,-3.753825,0,B,loss
a3pdwk,5,3320184837,creative,202,-803.6387,-3.97841,1,B,win
a3pdwk,6,3320184838,creative,202,-993.7754,-4.91968,1,A,loss
a3pdwk,7,3320184839,creative,66,-185.8034,-2.815202,0,B,loss
acjzv0,0,3320184832,creative,201,-959.608,-4.774169,0,B,loss
acjzv0,1,3320184833,creative,202,-899.3674,-4.452314,0,B,loss
acjzv0,2,3320184834,creative,72,-301.7662,-4.191198,1,A,loss
acjzv0,3,3320184835,creative,128,-487.0275,-3.804903,0,B,loss
acjzv0,4,3320184836,creative,123,-493.0873,-4.00884,1,A,loss
acjzv0,5,3320184837,creative,202,-980.7958,-4.855425,1,A,loss
acjzv0,6,3320184838,creative,202,-852.0986,-4.21831,0,B,loss
acjzv0,7,3320184839,creative,202,-677.5349,-3.354133,0,A,win
afc9c4,0,3320184832,creative,204,-694.5953,-3.404879,0,B,loss
afc9c4,1,3320184833,creative,204,-604.9349,-2.965367,1,B,win
afc9c4,2,3320184834,creative,103,-209.4247,-2.03325,1,B,win
afc9c4,3,3320184835,creative,64,-56.4711,-0.882361,0,A,win
afc9c4,4,3320184836,creative,204,-652.8901,-3.200442,0,B,loss
afc9c4,5,3320184837,creative,90,-296.4482,-3.293869,1,B,win
afc9c4,6,3320184838,creative,119,-443.6948,-3.728528,1,B,win
afc9c4,7,3320184839,creative,202,-805.5087,-3.987667,0,B,loss
aowr4t,0,3320184832,creative,97,-426.6224,-4.398169,1,A,loss
aowr4t,1,3320184833,creative,2,-2.2091,-1.104539,0,B,loss
aowr4t,2,3320184834,creative,96,-364.5651,-3.797553,1,A,loss
aowr4t,3,3320184835,creative,129,-652.6169,-5.059046,1,A,loss
aowr4t,4,3320184836,creative,11,-32.4569,-2.950624,1,A,loss
aowr4t,5,3320184837,creative,202,-727.9728,-3.603826,1,B,win
aowr4t,6,3320184838,creative,183,-500.8555,-2.736915,0,A,win
aowr4t,7,3320184839,creative,202,-447.2155,-2.213938,0,A,win
ar7nm2,0,3320184832,creative,190,-646.2233,-3.401175,1,B,win
ar7nm2,1,3320184833,creative,84,-258.6241,-3.078859,1,A,loss
ar7nm2,2,3320184834,creative,3,-10.1316,-3.377194,1,A,loss
ar7nm2,3,3320184835,creative,26,-98.5042,-3.788621,1,A,loss
ar7nm2,4,3320184836,creative,3,-10.1316,-3.377194,0,B,loss
ar7nm2,5,3320184837,creative,3,-10.1316,-3.377194,1,A,loss
ar7nm2,6,3320184838,creative,69,-197.7989,-2.86665,1,A,loss
ar7nm2,7,3320184839,creative,189,-848.9639,-4.491872,1,A,loss
auig0m,0,3320184832,creative,106,-569.5941,-5.373529,1,B,win
auig0m,1,3320184833,creative,82,-356.9966,-4.353617,1,B,win
auig0m,2,3320184834,creative,88,-387.0169,-4.397919,0,B,loss
auig0m,3,3320184835,creative,2,-4.078,-2.038992,0,B,loss
auig0m,4,3320184836,creative,169,-798.3586,-4.724016,1,B,win
auig0m,5,3320184837,creative,189,-853.8474,-4.517711,0,B,loss
auig0m,6,3320184838,creative,202,-853.9341,-4.227396,0,B,loss
auig0m,7,3320184839,creative,2,-4.078,-2.038992,1,B,win
b4yx63,0,3320184832,creative,201,-626.1866,-3.115356,1,B,win
b4yx63,1,3320184833,creative,3,-4.8321,-1.610693,1,A,loss
b4yx63,2,3320184834,creative,203,-727.8652,-3.585543,1,B,win
b4yx63,3,3320184835,creative,138,-722.9585,-5.23883,0,B,loss
b4yx63,4,3320184836,creative,139,-577.0653,-4.151549,1,B,win
b4yx63,5,3320184837,creative,175,-732.6614,-4.186637,1,A,loss
b4yx63,6,3320184838,creative,203,-762.0979,-3.754177,1,A,loss
b4yx63,7,3320184839,creative,145,-572.9187,-3.951163,1,B,win
b87jl7,0,3320184832,creative,203,-829.1509,-4.084487,0,A,win
b87jl7,1,3320184833,creative,55,-282.7443,-5.140805,0,B,loss
b87jl7,2,3320184834,creative,89,-487.2047,-5.47421,1,A,loss
b87jl7,3,3320184835,creative,201,-839.4458,-4.176347,1,B,win
b87jl7,4,3320184836,creative,19,-90.6559,-4.771361,1,A,loss
b87jl7,5,3320184837,creative,202,-862.5503,-4.270051,1,A,loss
b87jl7,6,3320184838,creative,203,-808.5498,-3.983004,1,B,win
b87jl7,7,3320184839,creative,39,-149.5562,-3.834775,1,A,loss
b9uzz1,0,3320184832,creative,2,-2.1837,-1.091834,0,B,loss
b9uzz1,1,3320184833,creative,25,-109.5288,-4.381151,1,B,win
b9uzz1,2,3320184834,creative,89,-259.6285,-2.917175,1,B,win
b9uzz1,3,3320184835,creative,10,-51.9565,-5.195651,0,B,loss
b9uzz1,4,3320184836,creative,98,-434.1035,-4.429627,1,B,win
b9uzz1,5,3320184837,creative,115,-428.0071,-3.721801,0,B,loss
b9uzz1,6,3320184838,creative,202,-888.3392,-4.397719,1,B,win
b9uzz1,7,3320184839,creative,20,-77.3774,-3.868869,1,A,loss
bhyplf,0,3320184832,creative,89,-363.9582,-4.089418,0,A,win
bhyplf,1,3320184833,creative,65,-260.2977,-4.00458,1,B,win
bhyplf,2,3320184834,creative,3,-5.5724,-1.857462,0,B,loss
bhyplf,3,3320184835,creative,3,-5.5724,-1.857462,0,B,loss
bhyplf,4,3320184836,creative,144,-614.8383,-4.26971,0,B,loss
bhyplf,5,3320184837,creative,38,-101.2897,-2.665519,1,B,win
bhyplf,6,3320184838,creative,3,-5.5724,-1.857462,1,Tie,tie
bhyplf,7,3320184839,creative,3,-5.5724,-1.857462,1,Tie,tie
bk7lic,0,3320184832,creative,200,-769.3268,-3.846634,1,A,loss
bk7lic,1,3320184833,creative,163,-844.1564,-5.178874,0,B,loss
bk7lic,2,3320184834,creative,200,-772.8314,-3.864157,1,A,loss
bk7lic,3,3320184835,creative,200,-721.8397,-3.609198,1,A,loss
bk7lic,4,3320184836,creative,12,-50.6595,-4.221626,1,A,loss
bk7lic,5,3320184837,creative,0,0.0,0.0,0,B,loss
bk7lic,6,3320184838,creative,120,-597.4216,-4.978514,1,A,loss
bk7lic,7,3320184839,creative,0,0.0,0.0,0,B,loss
ciifmd,0,3320184832,creative,127,-602.3708,-4.743077,0,B,loss
ciifmd,1,3320184833,creative,49,-138.6591,-2.829778,0,A,win
ciifmd,2,3320184834,creative,102,-460.7156,-4.516819,1,B,win
ciifmd,3,3320184835,creative,203,-908.7799,-4.476748,0,B,loss
ciifmd,4,3320184836,creative,3,-2.7613,-0.920441,0,B,loss
ciifmd,5,3320184837,creative,203,-754.6477,-3.717476,1,B,win
ciifmd,6,3320184838,creative,45,-201.1482,-4.46996,0,B,loss
ciifmd,7,3320184839,creative,36,-176.2009,-4.894469,1,A,loss
ck6twx,0,3320184832,creative,177,-516.6628,-2.918999,1,Tie,tie
ck6twx,1,3320184833,creative,201,-774.5785,-3.853624,1,Tie,tie
ck6twx,2,3320184834,creative,201,-760.3251,-3.782712,0,Tie,tie
ck6twx,3,3320184835,creative,10,-56.1937,-5.619373,1,Tie,tie
ck6twx,4,3320184836,creative,201,-688.5488,-3.425616,1,B,win
ck6twx,5,3320184837,creative,61,-244.1424,-4.002335,0,A,win
ck6twx,6,3320184838,creative,176,-627.1331,-3.563256,0,Tie,tie
ck6twx,7,3320184839,creative,200,-827.3732,-4.136866,0,A,win
cpxk2b,0,3320184832,creative,201,-771.8427,-3.840013,1,B,win
cpxk2b,1,3320184833,creative,186,-734.9012,-3.951082,0,B,loss
cpxk2b,2,3320184834,creative,115,-492.5602,-4.283132,1,A,loss
cpxk2b,3,3320184835,creative,189,-1138.2312,-6.022387,1,B,win
cpxk2b,4,3320184836,creative,97,-392.2206,-4.043511,0,B,loss
cpxk2b,5,3320184837,creative,201,-678.8889,-3.377557,1,B,win
cpxk2b,6,3320184838,creative,201,-770.0098,-3.830895,1,B,win
cpxk2b,7,3320184839,creative,1,-2.3882,-2.388226,1,B,win
dqn4sj,0,3320184832,creative,202,-101.6714,-0.503324,0,B,loss
dqn4sj,1,3320184833,creative,202,-753.5386,-3.730389,0,B,loss
dqn4sj,2,3320184834,creative,26,-97.1394,-3.73613,1,Tie,tie
dqn4sj,3,3320184835,creative,128,-159.5226,-1.246271,1,Tie,tie
dqn4sj,4,3320184836,creative,168,-664.1042,-3.953001,1,B,win
dqn4sj,5,3320184837,creative,126,-501.2681,-3.978318,0,B,loss
dqn4sj,6,3320184838,creative,10,-52.2136,-5.221361,0,B,loss
dqn4sj,7,3320184839,creative,30,-128.6003,-4.286676,1,A,loss
eu7ub2,0,3320184832,creative,10,-39.6029,-3.960291,1,B,win
eu7ub2,1,3320184833,creative,68,-311.4309,-4.579867,1,B,win
eu7ub2,2,3320184834,creative,80,-171.667,-2.145838,0,B,loss
eu7ub2,3,3320184835,creative,65,-147.4562,-2.268557,0,B,loss
eu7ub2,4,3320184836,creative,92,-404.7749,-4.399727,0,B,loss
eu7ub2,5,3320184837,creative,201,-899.0846,-4.473058,0,B,loss
eu7ub2,6,3320184838,creative,202,-1051.0349,-5.203143,0,B,loss
eu7ub2,7,3320184839,creative,76,-145.2851,-1.911646,0,B,loss
fact_00003_Fernando da Costa Novaes,0,3320184832,factual,64,-160.7408,-2.511575,0,B,loss
fact_00003_Fernando da Costa Novaes,1,3320184833,factual,10,-34.8799,-3.487987,1,B,win
fact_00003_Fernando da Costa Novaes,2,3320184834,factual,200,-765.9659,-3.82983,1,Tie,tie
fact_00003_Fernando da Costa Novaes,3,3320184835,factual,96,-651.1934,-6.783265,1,Tie,tie
fact_00003_Fernando da Costa Novaes,4,3320184836,factual,200,-467.105,-2.335525,0,B,loss
fact_00003_Fernando da Costa Novaes,5,3320184837,factual,165,-644.4166,-3.905555,0,A,win
fact_00003_Fernando da Costa Novaes,6,3320184838,factual,52,-160.8648,-3.093555,0,A,win
fact_00003_Fernando da Costa Novaes,7,3320184839,factual,55,-172.4811,-3.13602,1,B,win
fact_00006_David Galloway (writer),0,3320184832,factual,69,-269.0934,-3.899905,0,B,loss
fact_00006_David Galloway (writer),1,3320184833,factual,61,-188.8057,-3.095176,1,B,win
fact_00006_David Galloway (writer),2,3320184834,factual,16,-48.3939,-3.024621,1,A,loss
fact_00006_David Galloway (writer),3,3320184835,factual,70,-212.9179,-3.041684,0,B,loss
fact_00006_David Galloway (writer),4,3320184836,factual,200,-404.0549,-2.020275,0,B,loss
fact_00006_David Galloway (writer),5,3320184837,factual,200,-574.0521,-2.870261,0,B,loss
fact_00006_David Galloway (writer),6,3320184838,factual,86,-293.3145,-3.410633,0,B,loss
fact_00006_David Galloway (writer),7,3320184839,factual,151,-480.9365,-3.18501,1,B,win
fact_00007_Cheyenne Brando,0,3320184832,factual,15,-25.0751,-1.671671,0,B,loss
fact_00007_Cheyenne Brando,1,3320184833,factual,95,-356.9942,-3.757834,0,Tie,tie
fact_00007_Cheyenne Brando,2,3320184834,factual,72,-228.5857,-3.174802,1,B,win
fact_00007_Cheyenne Brando,3,3320184835,factual,28,-59.1818,-2.113636,1,B,win
fact_00007_Cheyenne Brando,4,3320184836,factual,201,-999.1896,-4.971093,0,Tie,tie
fact_00007_Cheyenne Brando,5,3320184837,factual,20,-39.2809,-1.964047,1,B,win
fact_00007_Cheyenne Brando,6,3320184838,factual,28,-86.8957,-3.103416,0,B,loss
fact_00007_Cheyenne Brando,7,3320184839,factual,69,-201.401,-2.918856,0,B,loss
fact_00012_Braulio Lara,0,3320184832,factual,40,-123.1732,-3.07933,0,B,loss
fact_00012_Braulio Lara,1,3320184833,factual,18,-75.2257,-4.179204,1,A,loss
fact_00012_Braulio Lara,2,3320184834,factual,16,-45.2168,-2.826049,1,A,loss
fact_00012_Braulio Lara,3,3320184835,factual,44,-217.5905,-4.945238,0,B,loss
fact_00012_Braulio Lara,4,3320184836,factual,40,-144.5893,-3.614734,0,B,loss
fact_00012_Braulio Lara,5,3320184837,factual,200,-661.7095,-3.308547,1,A,loss
fact_00012_Braulio Lara,6,3320184838,factual,141,-337.7538,-2.395417,1,A,loss
fact_00012_Braulio Lara,7,3320184839,factual,21,-70.4805,-3.356216,0,B,loss
fact_00015_Amr Shabana,0,3320184832,factual,84,-442.179,-5.264036,1,A,loss
fact_00015_Amr Shabana,1,3320184833,factual,80,-257.7639,-3.222049,1,A,loss
fact_00015_Amr Shabana,2,3320184834,factual,14,-63.7567,-4.554047,0,B,loss
fact_00015_Amr Shabana,3,3320184835,factual,200,-525.3782,-2.626891,1,A,loss
fact_00015_Amr Shabana,4,3320184836,factual,46,-219.3545,-4.768575,1,B,win
fact_00015_Amr Shabana,5,3320184837,factual,28,-95.2552,-3.401973,1,A,loss
fact_00015_Amr Shabana,6,3320184838,factual,43,-112.3886,-2.613689,0,B,loss
fact_00015_Amr Shabana,7,3320184839,factual,37,-133.1024,-3.597361,0,B,loss
fact_00017_Abdulqawi Yusuf,0,3320184832,factual,13,-50.011,-3.847001,1,B,win
fact_00017_Abdulqawi Yusuf,1,3320184833,factual,15,-51.8415,-3.456102,0,B,loss
fact_00017_Abdulqawi Yusuf,2,3320184834,factual,200,-758.9871,-3.794935,0,B,loss
fact_00017_Abdulqawi Yusuf,3,3320184835,factual,14,-43.9368,-3.138344,0,B,loss
fact_00017_Abdulqawi Yusuf,4,3320184836,factual,18,-32.0441,-1.780225,0,B,loss
fact_00017_Abdulqawi Yusuf,5,3320184837,factual,20,-69.2736,-3.463679,1,A,loss
fact_00017_Abdulqawi Yusuf,6,3320184838,factual,200,-876.2749,-4.381375,0,B,loss
fact_00017_Abdulqawi Yusuf,7,3320184839,factual,35,-108.0135,-3.086101,0,B,loss
fact_00025_Carlos P. Romulo,0,3320184832,factual,27,-130.6716,-4.839688,0,Tie,tie
fact_00025_Carlos P. Romulo,1,3320184833,factual,199,-743.789,-3.737633,1,B,win
fact_00025_Carlos P. Romulo,2,3320184834,factual,131,-508.7921,-3.883909,0,A,win
fact_00025_Carlos P. Romulo,3,3320184835,factual,200,-737.3231,-3.686616,0,B,loss
fact_00025_Carlos P. Romulo,4,3320184836,factual,24,-109.6114,-4.567143,0,Tie,tie
fact_00025_Carlos P. Romulo,5,3320184837,factual,61,-181.2394,-2.971138,0,A,win
fact_00025_Carlos P. Romulo,6,3320184838,factual,56,-218.9775,-3.910313,1,B,win
fact_00025_Carlos P. Romulo,7,3320184839,factual,152,-615.8252,-4.051482,0,Tie,tie
fact_00027_Arthur Ewert,0,3320184832,factual,46,-214.8947,-4.671623,0,B,loss
fact_00027_Arthur Ewert,1,3320184833,factual,42,-122.9314,-2.926938,0,B,loss
fact_00027_Arthur Ewert,2,3320184834,factual,110,-400.9452,-3.644956,1,B,win
fact_00027_Arthur Ewert,3,3320184835,factual,200,-818.3517,-4.091759,0,A,win
fact_00027_Arthur Ewert,4,3320184836,factual,200,-574.583,-2.872915,0,A,win
fact_00027_Arthur Ewert,5,3320184837,factual,84,-187.4337,-2.231353,1,B,win
fact_00027_Arthur Ewert,6,3320184838,factual,166,-522.3315,-3.146575,1,B,win
fact_00027_Arthur Ewert,7,3320184839,factual,198,-752.8635,-3.802341,1,Tie,tie
fact_00032_Flavio Méndez Santiago,0,3320184832,factual,20,-42.4766,-2.123828,1,A,loss
fact_00032_Flavio Méndez Santiago,1,3320184833,factual,32,-60.0018,-1.875055,1,A,loss
fact_00032_Flavio Méndez Santiago,2,3320184834,factual,25,-81.3811,-3.255243,0,A,win
fact_00032_Flavio Méndez Santiago,3,3320184835,factual,66,-330.3864,-5.005854,0,A,win
fact_00032_Flavio Méndez Santiago,4,3320184836,factual,48,-216.7222,-4.515046,0,A,win
fact_00032_Flavio Méndez Santiago,5,3320184837,factual,53,-122.6454,-2.314064,1,A,loss
fact_00032_Flavio Méndez Santiago,6,3320184838,factual,8,-23.4907,-2.93634,1,A,loss
fact_00032_Flavio Méndez Santiago,7,3320184839,factual,156,-484.673,-3.106878,0,A,win
fact_00039_Chris Duffield,0,3320184832,factual,51,-265.1266,-5.19856,1,B,win
fact_00039_Chris Duffield,1,3320184833,factual,200,-280.4181,-1.40209,1,B,win
fact_00039_Chris Duffield,2,3320184834,factual,48,-174.7246,-3.640096,1,A,loss
fact_00039_Chris Duffield,3,3320184835,factual,36,-106.6224,-2.961732,1,A,loss
fact_00039_Chris Duffield,4,3320184836,factual,200,-672.1505,-3.360753,1,A,loss
fact_00039_Chris Duffield,5,3320184837,factual,177,-584.6962,-3.303368,0,B,loss
fact_00039_Chris Duffield,6,3320184838,factual,35,-87.0088,-2.485966,0,Tie,tie
fact_00039_Chris Duffield,7,3320184839,factual,200,-686.0212,-3.430106,1,A,loss
fact_00040_Daniil Medvedev,0,3320184832,factual,42,-188.2994,-4.48332,0,B,loss
fact_00040_Daniil Medvedev,1,3320184833,factual,42,-99.7608,-2.375256,0,B,loss
fact_00040_Daniil Medvedev,2,3320184834,factual,200,-691.2604,-3.456302,0,B,loss
fact_00040_Daniil Medvedev,3,3320184835,factual,200,-771.7363,-3.858681,1,A,loss
fact_00040_Daniil Medvedev,4,3320184836,factual,200,-523.3209,-2.616605,0,B,loss
fact_00040_Daniil Medvedev,5,3320184837,factual,34,-102.0717,-3.002108,1,B,win
fact_00040_Daniil Medvedev,6,3320184838,factual,200,-658.0334,-3.290167,0,B,loss
fact_00040_Daniil Medvedev,7,3320184839,factual,7,-42.5839,-6.083409,0,B,loss
fact_00043_Alexander Vovin,0,3320184832,factual,13,-35.0932,-2.69948,0,B,loss
fact_00043_Alexander Vovin,1,3320184833,factual,97,-204.3657,-2.106862,1,B,win
fact_00043_Alexander Vovin,2,3320184834,factual,36,-138.8441,-3.856782,0,B,loss
fact_00043_Alexander Vovin,3,3320184835,factual,18,-70.4235,-3.912415,0,B,loss
fact_00043_Alexander Vovin,4,3320184836,factual,176,-531.242,-3.01842,0,B,loss
fact_00043_Alexander Vovin,5,3320184837,factual,199,-691.6962,-3.47586,0,B,loss
fact_00043_Alexander Vovin,6,3320184838,factual,200,-781.5385,-3.907692,0,B,loss
fact_00043_Alexander Vovin,7,3320184839,factual,199,-567.7131,-2.85283,1,B,win
fact_00044_Cobhams Asuquo,0,3320184832,factual,23,-97.7821,-4.251394,0,B,loss
fact_00044_Cobhams Asuquo,1,3320184833,factual,200,-648.8983,-3.244492,0,Tie,tie
fact_00044_Cobhams Asuquo,2,3320184834,factual,59,-235.9616,-3.999349,1,B,win
fact_00044_Cobhams Asuquo,3,3320184835,factual,111,-617.7106,-5.56496,0,B,loss
fact_00044_Cobhams Asuquo,4,3320184836,factual,93,-397.6153,-4.275433,1,B,win
fact_00044_Cobhams Asuquo,5,3320184837,factual,200,-810.1827,-4.050914,0,B,loss
fact_00044_Cobhams Asuquo,6,3320184838,factual,26,-81.6532,-3.140509,0,B,loss
fact_00044_Cobhams Asuquo,7,3320184839,factual,200,-658.35,-3.29175,1,B,win
fact_00045_David Bogue,0,3320184832,factual,36,-141.3742,-3.927061,0,B,loss
fact_00045_David Bogue,1,3320184833,factual,200,-665.5468,-3.327734,1,B,win
fact_00045_David Bogue,2,3320184834,factual,65,-315.4645,-4.8533,1,A,loss
fact_00045_David Bogue,3,3320184835,factual,48,-162.8328,-3.39235,0,Tie,tie
fact_00045_David Bogue,4,3320184836,factual,99,-301.3989,-3.044434,0,Tie,tie
fact_00045_David Bogue,5,3320184837,factual,200,-679.4344,-3.397172,0,Tie,tie
fact_00045_David Bogue,6,3320184838,factual,44,-109.7938,-2.495314,1,A,loss
fact_00045_David Bogue,7,3320184839,factual,32,-91.1992,-2.849974,0,B,loss
fact_00048_Don Beard,0,3320184832,factual,200,-602.0106,-3.010053,0,B,loss
fact_00048_Don Beard,1,3320184833,factual,54,-291.3818,-5.39596,0,B,loss
fact_00048_Don Beard,2,3320184834,factual,55,-169.5774,-3.083225,0,B,loss
fact_00048_Don Beard,3,3320184835,factual,28,-105.8177,-3.779205,1,B,win
fact_00048_Don Beard,4,3320184836,factual,108,-337.4405,-3.124449,0,Tie,tie
fact_00048_Don Beard,5,3320184837,factual,84,-238.1632,-2.835276,1,B,win
fact_00048_Don Beard,6,3320184838,factual,155,-535.4498,-3.454515,1,A,loss
fact_00048_Don Beard,7,3320184839,factual,50,-188.137,-3.76274,0,B,loss
fact_00053_Andriy Yarmolenko,0,3320184832,factual,139,-479.4606,-3.449357,1,A,loss
fact_00053_Andriy Yarmolenko,1,3320184833,factual,143,-409.0038,-2.860166,0,B,loss
fact_00053_Andriy Yarmolenko,2,3320184834,factual,34,-102.821,-3.024146,0,B,loss
fact_00053_Andriy Yarmolenko,3,3320184835,factual,7,-61.5733,-8.796181,0,B,loss
fact_00053_Andriy Yarmolenko,4,3320184836,factual,45,-100.1323,-2.225162,0,B,loss
fact_00053_Andriy Yarmolenko,5,3320184837,factual,20,-75.4987,-3.774934,0,B,loss
fact_00053_Andriy Yarmolenko,6,3320184838,factual,5,-31.2361,-6.247221,0,B,loss
fact_00053_Andriy Yarmolenko,7,3320184839,factual,200,-906.6854,-4.533427,1,A,loss
fact_00058_Danny Faure,0,3320184832,factual,87,-376.8337,-4.331422,1,B,win
fact_00058_Danny Faure,1,3320184833,factual,200,-552.3713,-2.761857,0,B,loss
fact_00058_Danny Faure,2,3320184834,factual,88,-333.683,-3.791852,1,B,win
fact_00058_Danny Faure,3,3320184835,factual,117,-458.5482,-3.919215,1,A,loss
fact_00058_Danny Faure,4,3320184836,factual,50,-138.1853,-2.763707,0,B,loss
fact_00058_Danny Faure,5,3320184837,factual,116,-407.9031,-3.516406,0,B,loss
fact_00058_Danny Faure,6,3320184838,factual,22,-121.8148,-5.537036,1,B,win
fact_00058_Danny Faure,7,3320184839,factual,175,-614.821,-3.513263,1,Tie,tie
fact_00063_Ayman al-Zawahiri,0,3320184832,factual,13,-17.0466,-1.311275,0,Tie,tie
fact_00063_Ayman al-Zawahiri,1,3320184833,factual,97,-323.5588,-3.335658,0,B,loss
fact_00063_Ayman al-Zawahiri,2,3320184834,factual,131,-357.4572,-2.728681,1,Tie,tie
fact_00063_Ayman al-Zawahiri,3,3320184835,factual,29,-129.3941,-4.461865,0,B,loss
fact_00063_Ayman al-Zawahiri,4,3320184836,factual,145,-506.8636,-3.495611,1,Tie,tie
fact_00063_Ayman al-Zawahiri,5,3320184837,factual,52,-196.3603,-3.776159,0,B,loss
fact_00063_Ayman al-Zawahiri,6,3320184838,factual,45,-158.9556,-3.532346,0,B,loss
fact_00063_Ayman al-Zawahiri,7,3320184839,factual,149,-538.1535,-3.611768,1,A,loss
fact_00064_Diego Suarez (garden designer),0,3320184832,factual,200,-747.2501,-3.73625,1,B,win
fact_00064_Diego Suarez (garden designer),1,3320184833,factual,29,-125.7292,-4.335491,1,Tie,tie
fact_00064_Diego Suarez (garden designer),2,3320184834,factual,30,-78.2934,-2.609779,1,Tie,tie
fact_00064_Diego Suarez (garden designer),3,3320184835,factual,74,-311.3904,-4.207978,0,B,loss
fact_00064_Diego Suarez (garden designer),4,3320184836,factual,200,-660.2058,-3.301029,0,B,loss
fact_00064_Diego Suarez (garden designer),5,3320184837,factual,16,-58.7685,-3.673033,0,B,loss
fact_00064_Diego Suarez (garden designer),6,3320184838,factual,70,-286.5751,-4.09393,0,B,loss
fact_00064_Diego Suarez (garden designer),7,3320184839,factual,35,-115.7679,-3.307653,1,B,win
fact_00066_Daniel Alexander Cameron,0,3320184832,factual,116,-376.4294,-3.245081,1,A,loss
fact_00066_Daniel Alexander Cameron,1,3320184833,factual,154,-615.6471,-3.997708,1,A,loss
fact_00066_Daniel Alexander Cameron,2,3320184834,factual,54,-140.3191,-2.598502,1,B,win
fact_00066_Daniel Alexander Cameron,3,3320184835,factual,91,-164.6931,-1.809814,0,B,loss
fact_00066_Daniel Alexander Cameron,4,3320184836,factual,53,-200.8755,-3.790104,1,B,win
fact_00066_Daniel Alexander Cameron,5,3320184837,factual,166,-532.6934,-3.208996,0,Tie,tie
fact_00066_Daniel Alexander Cameron,6,3320184838,factual,62,-165.3418,-2.666804,1,A,loss
fact_00066_Daniel Alexander Cameron,7,3320184839,factual,28,-67.7546,-2.419809,1,A,loss
fact_00075_Antonio Leviste,0,3320184832,factual,19,-99.3059,-5.226624,0,Tie,tie
fact_00075_Antonio Leviste,1,3320184833,factual,200,-768.4031,-3.842015,1,A,loss
fact_00075_Antonio Leviste,2,3320184834,factual,124,-279.3291,-2.252654,1,B,win
fact_00075_Antonio Leviste,3,3320184835,factual,133,-504.4184,-3.79262,0,Tie,tie
fact_00075_Antonio Leviste,4,3320184836,factual,61,-295.1183,-4.838004,0,Tie,tie
fact_00075_Antonio Leviste,5,3320184837,factual,58,-152.3819,-2.627274,0,B,loss
fact_00075_Antonio Leviste,6,3320184838,factual,14,-61.0869,-4.363347,1,B,win
fact_00075_Antonio Leviste,7,3320184839,factual,200,-640.4631,-3.202316,1,B,win
fact_00078_Chi Pu,0,3320184832,factual,200,-712.233,-3.561165,0,B,loss
fact_00078_Chi Pu,1,3320184833,factual,194,-771.1521,-3.975011,0,B,loss
fact_00078_Chi Pu,2,3320184834,factual,200,-598.7008,-2.993504,1,A,loss
fact_00078_Chi Pu,3,3320184835,factual,122,-376.2872,-3.084322,0,B,loss
fact_00078_Chi Pu,4,3320184836,factual,51,-191.0278,-3.745644,1,A,loss
fact_00078_Chi Pu,5,3320184837,factual,24,-71.9344,-2.997266,0,B,loss
fact_00078_Chi Pu,6,3320184838,factual,37,-158.5576,-4.285341,0,B,loss
fact_00078_Chi Pu,7,3320184839,factual,200,-741.2416,-3.706208,1,A,loss
"fact_00080_Felipe (footballer, born 1977)",0,3320184832,factual,47,-127.6611,-2.716193,0,B,loss
"fact_00080_Felipe (footballer, born 1977)",1,3320184833,factual,32,-142.7263,-4.460197,0,B,loss
"fact_00080_Felipe (footballer, born 1977)",2,3320184834,factual,155,-520.5414,-3.358332,1,Tie,tie
"fact_00080_Felipe (footballer, born 1977)",3,3320184835,factual,34,-143.1846,-4.211313,0,B,loss
"fact_00080_Felipe (footballer, born 1977)",4,3320184836,factual,200,-534.9338,-2.674669,1,Tie,tie
"fact_00080_Felipe (footballer, born 1977)",5,3320184837,factual,23,-58.3385,-2.536458,0,B,loss
"fact_00080_Felipe (footballer, born 1977)",6,3320184838,factual,39,-115.1362,-2.952209,1,Tie,tie
"fact_00080_Felipe (footballer, born 1977)",7,3320184839,factual,16,-74.3579,-4.647366,0,B,loss
fact_00084_Alfred Hitchcock,0,3320184832,factual,13,-43.9052,-3.377327,0,B,loss
fact_00084_Alfred Hitchcock,1,3320184833,factual,26,-101.987,-3.922576,1,A,loss
fact_00084_Alfred Hitchcock,2,3320184834,factual,21,-69.8356,-3.325503,1,A,loss
fact_00084_Alfred Hitchcock,3,3320184835,factual,200,-532.1633,-2.660817,1,B,win
fact_00084_Alfred Hitchcock,4,3320184836,factual,200,-548.5538,-2.742769,1,A,loss
fact_00084_Alfred Hitchcock,5,3320184837,factual,71,-183.48,-2.584225,1,B,win
fact_00084_Alfred Hitchcock,6,3320184838,factual,200,-682.3894,-3.411947,0,B,loss
fact_00084_Alfred Hitchcock,7,3320184839,factual,200,-759.476,-3.79738,1,A,loss
fact_00085_Dascha Polanco,0,3320184832,factual,33,-110.5425,-3.349773,1,B,win
fact_00085_Dascha Polanco,1,3320184833,factual,36,-160.0559,-4.445997,0,A,win
fact_00085_Dascha Polanco,2,3320184834,factual,139,-590.4856,-4.248098,1,Tie,tie
fact_00085_Dascha Polanco,3,3320184835,factual,32,-165.5528,-5.173526,1,A,loss
fact_00085_Dascha Polanco,4,3320184836,factual,50,-119.1283,-2.382566,1,B,win
fact_00085_Dascha Polanco,5,3320184837,factual,149,-588.8573,-3.952062,1,A,loss
fact_00085_Dascha Polanco,6,3320184838,factual,31,-130.0881,-4.19639,0,B,loss
fact_00085_Dascha Polanco,7,3320184839,factual,135,-502.611,-3.723045,0,B,loss
fact_00086_Amelia Earhart,0,3320184832,factual,202,-672.2792,-3.328115,1,B,win
fact_00086_Amelia Earhart,1,3320184833,factual,155,-579.823,-3.740794,1,B,win
fact_00086_Amelia Earhart,2,3320184834,factual,15,-109.7889,-7.319258,1,A,loss
fact_00086_Amelia Earhart,3,3320184835,factual,118,-470.8673,-3.990401,1,A,loss
fact_00086_Amelia Earhart,4,3320184836,factual,16,-61.348,-3.83425,1,B,win
fact_00086_Amelia Earhart,5,3320184837,factual,32,-104.5077,-3.265867,0,B,loss
fact_00086_Amelia Earhart,6,3320184838,factual,200,-569.7072,-2.848536,1,A,loss
fact_00086_Amelia Earhart,7,3320184839,factual,140,-476.3097,-3.402212,0,B,loss
fact_00087_Chris John (boxer),0,3320184832,factual,22,-46.1175,-2.096252,0,A,win
fact_00087_Chris John (boxer),1,3320184833,factual,11,-38.3688,-3.488068,0,A,win
fact_00087_Chris John (boxer),2,3320184834,factual,45,-161.1098,-3.580217,0,A,win
fact_00087_Chris John (boxer),3,3320184835,factual,134,-435.9626,-3.253452,1,Tie,tie
fact_00087_Chris John (boxer),4,3320184836,factual,200,-555.4892,-2.777446,0,A,win
fact_00087_Chris John (boxer),5,3320184837,factual,9,-22.2064,-2.46738,1,A,loss
fact_00087_Chris John (boxer),6,3320184838,factual,42,-125.6318,-2.991233,1,B,win
fact_00087_Chris John (boxer),7,3320184839,factual,68,-292.8502,-4.306621,0,A,win
fact_00088_Blair Tugman,0,3320184832,factual,200,-649.6931,-3.248466,0,B,loss
fact_00088_Blair Tugman,1,3320184833,factual,101,-279.0912,-2.763279,0,B,loss
fact_00088_Blair Tugman,2,3320184834,factual,86,-288.0537,-3.349462,1,B,win
fact_00088_Blair Tugman,3,3320184835,factual,39,-120.0291,-3.077669,1,B,win
fact_00088_Blair Tugman,4,3320184836,factual,163,-608.6838,-3.734257,1,B,win
fact_00088_Blair Tugman,5,3320184837,factual,49,-139.3219,-2.843303,0,B,loss
fact_00088_Blair Tugman,6,3320184838,factual,140,-516.6702,-3.690502,0,B,loss
fact_00088_Blair Tugman,7,3320184839,factual,36,-174.47,-4.846389,1,B,win
fact_00093_David Oyite-Ojok,0,3320184832,factual,20,-52.3783,-2.618917,1,B,win
fact_00093_David Oyite-Ojok,1,3320184833,factual,31,-101.9256,-3.287922,0,B,loss
fact_00093_David Oyite-Ojok,2,3320184834,factual,127,-292.6463,-2.304302,1,B,win
fact_00093_David Oyite-Ojok,3,3320184835,factual,201,-689.6508,-3.431098,1,B,win
fact_00093_David Oyite-Ojok,4,3320184836,factual,42,-144.0744,-3.430344,0,B,loss
fact_00093_David Oyite-Ojok,5,3320184837,factual,199,-730.6276,-3.671496,1,B,win
fact_00093_David Oyite-Ojok,6,3320184838,factual,200,-684.0237,-3.420119,1,B,win
fact_00093_David Oyite-Ojok,7,3320184839,factual,36,-95.6963,-2.65823,0,B,loss
fact_00097_Chris Cuomo,0,3320184832,factual,141,-464.8951,-3.297129,0,B,loss
fact_00097_Chris Cuomo,1,3320184833,factual,200,-798.7982,-3.993991,0,B,loss
fact_00097_Chris Cuomo,2,3320184834,factual,125,-395.8044,-3.166436,0,B,loss
fact_00097_Chris Cuomo,3,3320184835,factual,27,-101.5768,-3.762103,1,A,loss
fact_00097_Chris Cuomo,4,3320184836,factual,45,-122.8651,-2.730336,0,B,loss
fact_00097_Chris Cuomo,5,3320184837,factual,7,-29.7029,-4.243268,0,B,loss
fact_00097_Chris Cuomo,6,3320184838,factual,10,-60.2062,-6.020625,1,A,loss
fact_00097_Chris Cuomo,7,3320184839,factual,130,-458.5677,-3.527444,0,B,loss
fact_00098_Adnan Sami,0,3320184832,factual,32,-81.9158,-2.559869,1,Tie,tie
fact_00098_Adnan Sami,1,3320184833,factual,18,-51.7129,-2.87294,0,A,win
fact_00098_Adnan Sami,2,3320184834,factual,200,-915.7832,-4.578916,0,B,loss
fact_00098_Adnan Sami,3,3320184835,factual,200,-833.607,-4.168035,1,Tie,tie
fact_00098_Adnan Sami,4,3320184836,factual,17,-51.3649,-3.021465,0,B,loss
fact_00098_Adnan Sami,5,3320184837,factual,68,-174.2891,-2.563075,1,Tie,tie
fact_00098_Adnan Sami,6,3320184838,factual,20,-63.7208,-3.186041,0,B,loss
fact_00098_Adnan Sami,7,3320184839,factual,14,-76.5112,-5.465082,0,Tie,tie
fact_00108_Bhuma Nagi Reddy,0,3320184832,factual,200,-670.3755,-3.351878,0,A,win
fact_00108_Bhuma Nagi Reddy,1,3320184833,factual,184,-763.7025,-4.150557,1,B,win
fact_00108_Bhuma Nagi Reddy,2,3320184834,factual,80,-407.149,-5.089363,0,B,loss
fact_00108_Bhuma Nagi Reddy,3,3320184835,factual,7,-57.2386,-8.176941,0,B,loss
fact_00108_Bhuma Nagi Reddy,4,3320184836,factual,51,-120.8598,-2.3698,1,B,win
fact_00108_Bhuma Nagi Reddy,5,3320184837,factual,200,-614.7354,-3.073677,1,B,win
fact_00108_Bhuma Nagi Reddy,6,3320184838,factual,8,-40.4944,-5.061805,0,B,loss
fact_00108_Bhuma Nagi Reddy,7,3320184839,factual,200,-888.3054,-4.441527,1,B,win
fact_00109_Charmion King,0,3320184832,factual,22,-48.1382,-2.188099,1,A,loss
fact_00109_Charmion King,1,3320184833,factual,193,-643.0009,-3.331611,1,A,loss
fact_00109_Charmion King,2,3320184834,factual,200,-789.3452,-3.946726,0,B,loss
fact_00109_Charmion King,3,3320184835,factual,39,-96.4996,-2.474348,1,Tie,tie
fact_00109_Charmion King,4,3320184836,factual,201,-787.0392,-3.915618,0,B,loss
fact_00109_Charmion King,5,3320184837,factual,200,-642.5999,-3.213,1,A,loss
fact_00109_Charmion King,6,3320184838,factual,85,-302.1296,-3.554466,1,A,loss
fact_00109_Charmion King,7,3320184839,factual,35,-154.9498,-4.427138,1,A,loss
fact_00110_Andreea Marin,0,3320184832,factual,200,-802.3673,-4.011837,1,A,loss
fact_00110_Andreea Marin,1,3320184833,factual,200,-679.3196,-3.396598,1,A,loss
fact_00110_Andreea Marin,2,3320184834,factual,89,-170.9429,-1.920706,1,A,loss
fact_00110_Andreea Marin,3,3320184835,factual,24,-65.2564,-2.719016,0,Tie,tie
fact_00110_Andreea Marin,4,3320184836,factual,199,-451.0806,-2.266737,1,A,loss
fact_00110_Andreea Marin,5,3320184837,factual,200,-547.4388,-2.737194,0,B,loss
fact_00110_Andreea Marin,6,3320184838,factual,25,-93.7259,-3.749037,1,A,loss
fact_00110_Andreea Marin,7,3320184839,factual,10,-68.8356,-6.883559,0,B,loss
fact_00114_Ahn Jae-hyun,0,3320184832,factual,141,-505.9145,-3.588046,1,B,win
fact_00114_Ahn Jae-hyun,1,3320184833,factual,23,-48.1994,-2.095626,1,Tie,tie
fact_00114_Ahn Jae-hyun,2,3320184834,factual,30,-92.5529,-3.085095,0,A,win
fact_00114_Ahn Jae-hyun,3,3320184835,factual,89,-303.1815,-3.406533,0,A,win
fact_00114_Ahn Jae-hyun,4,3320184836,factual,71,-207.2314,-2.918753,0,B,loss
fact_00114_Ahn Jae-hyun,5,3320184837,factual,25,-55.9151,-2.236604,1,B,win
fact_00114_Ahn Jae-hyun,6,3320184838,factual,30,-133.8896,-4.462988,1,Tie,tie
fact_00114_Ahn Jae-hyun,7,3320184839,factual,52,-144.4028,-2.776976,0,B,loss
fact_00116_Bobo Baldé,0,3320184832,factual,31,-92.6667,-2.989248,0,B,loss
fact_00116_Bobo Baldé,1,3320184833,factual,200,-711.3102,-3.556551,0,A,win
fact_00116_Bobo Baldé,2,3320184834,factual,56,-315.8692,-5.640522,1,A,loss
fact_00116_Bobo Baldé,3,3320184835,factual,124,-459.1506,-3.702828,1,A,loss
fact_00116_Bobo Baldé,4,3320184836,factual,51,-155.1921,-3.042983,1,A,loss
fact_00116_Bobo Baldé,5,3320184837,factual,10,-21.2743,-2.127429,0,B,loss
fact_00116_Bobo Baldé,6,3320184838,factual,24,-102.2428,-4.260115,1,A,loss
fact_00116_Bobo Baldé,7,3320184839,factual,200,-819.168,-4.09584,0,A,win
fact_00118_Chacho Gaytán,0,3320184832,factual,18,-68.1394,-3.785521,1,A,loss
fact_00118_Chacho Gaytán,1,3320184833,factual,161,-462.9391,-2.875398,1,A,loss
fact_00118_Chacho Gaytán,2,3320184834,factual,200,-597.9357,-2.989679,1,A,loss
fact_00118_Chacho Gaytán,3,3320184835,factual,25,-68.5341,-2.741364,0,B,loss
fact_00118_Chacho Gaytán,4,3320184836,factual,53,-205.2137,-3.871956,0,B,loss
fact_00118_Chacho Gaytán,5,3320184837,factual,200,-503.7114,-2.518557,0,B,loss
fact_00118_Chacho Gaytán,6,3320184838,factual,71,-274.7437,-3.86963,1,A,loss
fact_00118_Chacho Gaytán,7,3320184839,factual,53,-132.0303,-2.491138,1,A,loss
fact_00119_Bastian Schweinsteiger,0,3320184832,factual,200,-548.1974,-2.740987,0,B,loss
fact_00119_Bastian Schweinsteiger,1,3320184833,factual,0,0.0,0.0,0,B,loss
fact_00119_Bastian Schweinsteiger,2,3320184834,factual,27,-69.9176,-2.589543,1,A,loss
fact_00119_Bastian Schweinsteiger,3,3320184835,factual,21,-62.5434,-2.978255,1,A,loss
fact_00119_Bastian Schweinsteiger,4,3320184836,factual,75,-226.1021,-3.014694,1,A,loss
fact_00119_Bastian Schweinsteiger,5,3320184837,factual,69,-238.3495,-3.454341,1,A,loss
fact_00119_Bastian Schweinsteiger,6,3320184838,factual,79,-351.1156,-4.444501,0,B,loss
fact_00119_Bastian Schweinsteiger,7,3320184839,factual,10,-72.0969,-7.209694,0,B,loss
fact_00120_Erich Hartmann,0,3320184832,factual,104,-298.9285,-2.874313,1,Tie,tie
fact_00120_Erich Hartmann,1,3320184833,factual,18,-78.2139,-4.345214,0,Tie,tie
fact_00120_Erich Hartmann,2,3320184834,factual,200,-607.4335,-3.037167,1,B,win
fact_00120_Erich Hartmann,3,3320184835,factual,58,-207.7255,-3.581474,1,B,win
fact_00120_Erich Hartmann,4,3320184836,factual,132,-549.514,-4.162985,1,B,win
fact_00120_Erich Hartmann,5,3320184837,factual,77,-242.4589,-3.148816,0,B,loss
fact_00120_Erich Hartmann,6,3320184838,factual,110,-397.181,-3.610737,1,B,win
fact_00120_Erich Hartmann,7,3320184839,factual,197,-736.0048,-3.736065,1,Tie,tie
fact_00127_Ezechiel N'Douassel,0,3320184832,factual,200,-655.8578,-3.279289,0,B,loss
fact_00127_Ezechiel N'Douassel,1,3320184833,factual,115,-464.9657,-4.04318,0,B,loss
fact_00127_Ezechiel N'Douassel,2,3320184834,factual,35,-149.7309,-4.278026,0,B,loss
fact_00127_Ezechiel N'Douassel,3,3320184835,factual,14,-62.2548,-4.446771,0,B,loss
fact_00127_Ezechiel N'Douassel,4,3320184836,factual,21,-124.9621,-5.950575,0,B,loss
fact_00127_Ezechiel N'Douassel,5,3320184837,factual,200,-689.7693,-3.448846,1,A,loss
fact_00127_Ezechiel N'Douassel,6,3320184838,factual,197,-903.5433,-4.586514,0,B,loss
fact_00127_Ezechiel N'Douassel,7,3320184839,factual,22,-120.211,-5.464136,1,A,loss
fact_00131_Aditya Kalyanpur,0,3320184832,factual,137,-475.1478,-3.468232,1,A,loss
fact_00131_Aditya Kalyanpur,1,3320184833,factual,21,-45.5044,-2.166877,1,B,win
fact_00131_Aditya Kalyanpur,2,3320184834,factual,75,-237.5961,-3.167948,0,B,loss
fact_00131_Aditya Kalyanpur,3,3320184835,factual,111,-273.0255,-2.459689,0,B,loss
fact_00131_Aditya Kalyanpur,4,3320184836,factual,0,0.0,0.0,1,A,loss
fact_00131_Aditya Kalyanpur,5,3320184837,factual,16,-39.2934,-2.455838,0,B,loss
fact_00131_Aditya Kalyanpur,6,3320184838,factual,96,-230.0063,-2.395899,1,B,win
fact_00131_Aditya Kalyanpur,7,3320184839,factual,76,-276.3231,-3.63583,1,B,win
fact_00132_Dennis Andersson,0,3320184832,factual,152,-639.9587,-4.210255,1,B,win
fact_00132_Dennis Andersson,1,3320184833,factual,11,-37.0952,-3.372294,0,B,loss
fact_00132_Dennis Andersson,2,3320184834,factual,70,-264.1414,-3.773448,0,B,loss
fact_00132_Dennis Andersson,3,3320184835,factual,76,-453.634,-5.968869,1,A,loss
fact_00132_Dennis Andersson,4,3320184836,factual,10,-27.2115,-2.721152,0,B,loss
fact_00132_Dennis Andersson,5,3320184837,factual,51,-223.5827,-4.383975,1,B,win
fact_00132_Dennis Andersson,6,3320184838,factual,40,-111.131,-2.778274,1,B,win
fact_00132_Dennis Andersson,7,3320184839,factual,13,-95.3427,-7.334056,1,A,loss
fact_00133_Daniel Bedingfield,0,3320184832,factual,70,-167.9537,-2.399339,0,B,loss
fact_00133_Daniel Bedingfield,1,3320184833,factual,199,-713.836,-3.587116,1,B,win
fact_00133_Daniel Bedingfield,2,3320184834,factual,34,-147.3694,-4.334394,0,B,loss
fact_00133_Daniel Bedingfield,3,3320184835,factual,33,-115.1599,-3.489693,0,Tie,tie
fact_00133_Daniel Bedingfield,4,3320184836,factual,200,-992.7419,-4.96371,0,A,win
fact_00133_Daniel Bedingfield,5,3320184837,factual,42,-118.1774,-2.813749,0,B,loss
fact_00133_Daniel Bedingfield,6,3320184838,factual,200,-650.1212,-3.250606,0,A,win
fact_00133_Daniel Bedingfield,7,3320184839,factual,48,-155.5742,-3.241129,1,B,win
fact_00134_Celâl Bayar,0,3320184832,factual,32,-79.6496,-2.489049,1,A,loss
fact_00134_Celâl Bayar,1,3320184833,factual,67,-243.3657,-3.632323,0,B,loss
fact_00134_Celâl Bayar,2,3320184834,factual,24,-71.8986,-2.995773,0,B,loss
fact_00134_Celâl Bayar,3,3320184835,factual,118,-450.7664,-3.820054,0,B,loss
fact_00134_Celâl Bayar,4,3320184836,factual,114,-332.382,-2.915632,1,A,loss
fact_00134_Celâl Bayar,5,3320184837,factual,10,-25.2765,-2.527649,0,B,loss
fact_00134_Celâl Bayar,6,3320184838,factual,193,-707.7772,-3.667239,1,A,loss
fact_00134_Celâl Bayar,7,3320184839,factual,28,-93.7391,-3.347824,1,A,loss
fact_00138_Diana Ivanova,0,3320184832,factual,129,-354.6107,-2.74892,0,B,loss
fact_00138_Diana Ivanova,1,3320184833,factual,0,0.0,0.0,1,B,win
fact_00138_Diana Ivanova,2,3320184834,factual,9,-22.1674,-2.463046,1,A,loss
fact_00138_Diana Ivanova,3,3320184835,factual,199,-661.5251,-3.324247,0,B,loss
fact_00138_Diana Ivanova,4,3320184836,factual,200,-589.3876,-2.946938,0,A,win
fact_00138_Diana Ivanova,5,3320184837,factual,92,-313.1102,-3.403371,1,B,win
fact_00138_Diana Ivanova,6,3320184838,factual,73,-322.0365,-4.411459,0,Tie,tie
fact_00138_Diana Ivanova,7,3320184839,factual,174,-725.829,-4.171431,1,A,loss
fact_00140_André Le Nôtre,0,3320184832,factual,199,-1031.0239,-5.181025,0,B,loss
fact_00140_André Le Nôtre,1,3320184833,factual,101,-277.8827,-2.751314,0,B,loss
fact_00140_André Le Nôtre,2,3320184834,factual,46,-168.7946,-3.669448,0,B,loss
fact_00140_André Le Nôtre,3,3320184835,factual,34,-120.1042,-3.532476,0,Tie,tie
fact_00140_André Le Nôtre,4,3320184836,factual,200,-653.2903,-3.266451,1,A,loss
fact_00140_André Le Nôtre,5,3320184837,factual,73,-216.1946,-2.961569,1,B,win
fact_00140_André Le Nôtre,6,3320184838,factual,192,-842.5121,-4.388084,0,B,loss
fact_00140_André Le Nôtre,7,3320184839,factual,28,-139.799,-4.992823,1,B,win
fact_00142_Cierre Wood,0,3320184832,factual,123,-506.2206,-4.115614,0,B,loss
fact_00142_Cierre Wood,1,3320184833,factual,137,-521.4003,-3.805841,0,B,loss
fact_00142_Cierre Wood,2,3320184834,factual,199,-582.7626,-2.928455,1,A,loss
fact_00142_Cierre Wood,3,3320184835,factual,200,-711.3284,-3.556642,0,Tie,tie
fact_00142_Cierre Wood,4,3320184836,factual,47,-156.9662,-3.339707,1,B,win
fact_00142_Cierre Wood,5,3320184837,factual,77,-176.5,-2.292208,0,B,loss
fact_00142_Cierre Wood,6,3320184838,factual,69,-254.7304,-3.691745,0,B,loss
fact_00142_Cierre Wood,7,3320184839,factual,58,-184.0371,-3.173054,1,A,loss
fact_00145_Carmelo Anthony,0,3320184832,factual,122,-417.9134,-3.42552,0,B,loss
fact_00145_Carmelo Anthony,1,3320184833,factual,200,-862.0634,-4.310317,0,B,loss
fact_00145_Carmelo Anthony,2,3320184834,factual,200,-585.0109,-2.925055,0,B,loss
fact_00145_Carmelo Anthony,3,3320184835,factual,200,-668.978,-3.34489,0,B,loss
fact_00145_Carmelo Anthony,4,3320184836,factual,33,-84.4953,-2.560465,0,B,loss
fact_00145_Carmelo Anthony,5,3320184837,factual,192,-716.6257,-3.732426,0,B,loss
fact_00145_Carmelo Anthony,6,3320184838,factual,76,-297.8354,-3.918887,0,B,loss
fact_00145_Carmelo Anthony,7,3320184839,factual,200,-772.6816,-3.863408,0,B,loss
fact_00146_Asafa Powell,0,3320184832,factual,200,-782.7222,-3.913611,0,B,loss
fact_00146_Asafa Powell,1,3320184833,factual,10,-62.2861,-6.228614,1,A,loss
fact_00146_Asafa Powell,2,3320184834,factual,200,-725.7281,-3.628641,1,A,loss
fact_00146_Asafa Powell,3,3320184835,factual,33,-85.0534,-2.577375,1,A,loss
fact_00146_Asafa Powell,4,3320184836,factual,201,-842.3325,-4.190709,1,A,loss
fact_00146_Asafa Powell,5,3320184837,factual,24,-117.5881,-4.899505,0,A,win
fact_00146_Asafa Powell,6,3320184838,factual,9,-46.2255,-5.136169,1,B,win
fact_00146_Asafa Powell,7,3320184839,factual,130,-489.2706,-3.76362,1,A,loss
fact_00152_Felix Newman,0,3320184832,factual,141,-454.0297,-3.220069,0,B,loss
fact_00152_Felix Newman,1,3320184833,factual,154,-607.5803,-3.945326,1,A,loss
fact_00152_Felix Newman,2,3320184834,factual,127,-431.4678,-3.397384,1,A,loss
fact_00152_Felix Newman,3,3320184835,factual,146,-537.8765,-3.684085,0,B,loss
fact_00152_Felix Newman,4,3320184836,factual,200,-490.6956,-2.453478,1,A,loss
fact_00152_Felix Newman,5,3320184837,factual,134,-409.4625,-3.05569,1,A,loss
fact_00152_Felix Newman,6,3320184838,factual,199,-996.9313,-5.009705,1,A,loss
fact_00152_Felix Newman,7,3320184839,factual,74,-255.7762,-3.456435,1,B,win
fact_00154_Earl Garrison,0,3320184832,factual,9,-47.2809,-5.25343,1,B,win
fact_00154_Earl Garrison,1,3320184833,factual,129,-449.2444,-3.482514,1,Tie,tie
fact_00154_Earl Garrison,2,3320184834,factual,28,-150.1042,-5.360865,0,B,loss
fact_00154_Earl Garrison,3,3320184835,factual,172,-463.3657,-2.693987,1,Tie,tie
fact_00154_Earl Garrison,4,3320184836,factual,172,-434.0569,-2.523587,1,Tie,tie
fact_00154_Earl Garrison,5,3320184837,factual,27,-89.1091,-3.300337,1,Tie,tie
fact_00154_Earl Garrison,6,3320184838,factual,32,-74.7714,-2.336607,0,B,loss
fact_00154_Earl Garrison,7,3320184839,factual,199,-889.5577,-4.470139,0,B,loss
fact_00162_Aleksandar Kolarov,0,3320184832,factual,76,-225.181,-2.962908,1,A,loss
fact_00162_Aleksandar Kolarov,1,3320184833,factual,61,-193.9269,-3.17913,0,B,loss
fact_00162_Aleksandar Kolarov,2,3320184834,factual,200,-1091.2827,-5.456414,1,A,loss
fact_00162_Aleksandar Kolarov,3,3320184835,factual,198,-802.1699,-4.051363,0,B,loss
fact_00162_Aleksandar Kolarov,4,3320184836,factual,0,0.0,0.0,0,A,win
fact_00162_Aleksandar Kolarov,5,3320184837,factual,200,-539.1082,-2.695541,0,B,loss
fact_00162_Aleksandar Kolarov,6,3320184838,factual,19,-68.109,-3.584682,1,B,win
fact_00162_Aleksandar Kolarov,7,3320184839,factual,18,-34.3869,-1.910382,1,A,loss
fact_00163_Alexandre Hohagen,0,3320184832,factual,200,-662.396,-3.31198,0,B,loss
fact_00163_Alexandre Hohagen,1,3320184833,factual,29,-135.7944,-4.682566,0,B,loss
fact_00163_Alexandre Hohagen,2,3320184834,factual,200,-497.912,-2.48956,1,Tie,tie
fact_00163_Alexandre Hohagen,3,3320184835,factual,73,-236.0205,-3.233158,1,A,loss
fact_00163_Alexandre Hohagen,4,3320184836,factual,75,-273.9653,-3.65287,0,Tie,tie
fact_00163_Alexandre Hohagen,5,3320184837,factual,176,-537.3275,-3.052997,1,B,win
fact_00163_Alexandre Hohagen,6,3320184838,factual,200,-721.6108,-3.608054,0,B,loss
fact_00163_Alexandre Hohagen,7,3320184839,factual,200,-829.482,-4.14741,1,Tie,tie
fact_00166_Emcee N.I.C.E.,0,3320184832,factual,193,-817.8428,-4.237527,0,B,loss
fact_00166_Emcee N.I.C.E.,1,3320184833,factual,52,-210.4602,-4.047311,1,Tie,tie
fact_00166_Emcee N.I.C.E.,2,3320184834,factual,86,-294.5895,-3.42546,1,B,win
fact_00166_Emcee N.I.C.E.,3,3320184835,factual,46,-232.3526,-5.051143,1,B,win
fact_00166_Emcee N.I.C.E.,4,3320184836,factual,108,-438.1742,-4.057168,0,B,loss
fact_00166_Emcee N.I.C.E.,5,3320184837,factual,69,-320.1085,-4.639254,0,B,loss
fact_00166_Emcee N.I.C.E.,6,3320184838,factual,163,-583.5211,-3.579884,1,B,win
fact_00166_Emcee N.I.C.E.,7,3320184839,factual,54,-140.5615,-2.60299,0,B,loss
fact_00181_Chris Woakes,0,3320184832,factual,200,-670.2834,-3.351417,1,B,win
fact_00181_Chris Woakes,1,3320184833,factual,120,-368.8892,-3.074077,0,B,loss
fact_00181_Chris Woakes,2,3320184834,factual,53,-291.5091,-5.500171,0,B,loss
fact_00181_Chris Woakes,3,3320184835,factual,200,-827.0168,-4.135084,1,A,loss
fact_00181_Chris Woakes,4,3320184836,factual,51,-121.4748,-2.381858,0,B,loss
fact_00181_Chris Woakes,5,3320184837,factual,29,-82.2444,-2.836015,1,A,loss
fact_00181_Chris Woakes,6,3320184838,factual,82,-241.1185,-2.940469,1,A,loss
fact_00181_Chris Woakes,7,3320184839,factual,35,-96.6034,-2.760098,0,B,loss
fact_00182_Diosdado Cabello,0,3320184832,factual,200,-604.1396,-3.020698,1,A,loss
fact_00182_Diosdado Cabello,1,3320184833,factual,8,-27.3612,-3.420145,1,A,loss
fact_00182_Diosdado Cabello,2,3320184834,factual,148,-406.4893,-2.746549,1,A,loss
fact_00182_Diosdado Cabello,3,3320184835,factual,123,-503.5913,-4.094238,1,A,loss
fact_00182_Diosdado Cabello,4,3320184836,factual,136,-466.251,-3.428316,0,B,loss
fact_00182_Diosdado Cabello,5,3320184837,factual,44,-176.6722,-4.015277,1,A,loss
fact_00182_Diosdado Cabello,6,3320184838,factual,36,-93.8628,-2.6073,0,B,loss
fact_00182_Diosdado Cabello,7,3320184839,factual,166,-402.2085,-2.422943,0,B,loss
fact_00184_Dana Awartani,0,3320184832,factual,172,-681.9596,-3.964881,0,Tie,tie
fact_00184_Dana Awartani,1,3320184833,factual,200,-919.826,-4.59913,0,B,loss
fact_00184_Dana Awartani,2,3320184834,factual,121,-265.503,-2.19424,0,B,loss
fact_00184_Dana Awartani,3,3320184835,factual,67,-249.7491,-3.727599,1,B,win
fact_00184_Dana Awartani,4,3320184836,factual,76,-160.8584,-2.116557,0,B,loss
fact_00184_Dana Awartani,5,3320184837,factual,61,-235.786,-3.865345,1,A,loss
fact_00184_Dana Awartani,6,3320184838,factual,171,-604.6989,-3.536251,1,A,loss
fact_00184_Dana Awartani,7,3320184839,factual,96,-480.4683,-5.004878,0,B,loss
fact_00185_Brianna Keilar,0,3320184832,factual,169,-509.2018,-3.013028,1,A,loss
fact_00185_Brianna Keilar,1,3320184833,factual,116,-427.9867,-3.68954,0,A,win
fact_00185_Brianna Keilar,2,3320184834,factual,199,-806.2268,-4.051391,0,B,loss
fact_00185_Brianna Keilar,3,3320184835,factual,200,-497.5147,-2.487573,0,B,loss
fact_00185_Brianna Keilar,4,3320184836,factual,98,-324.0463,-3.306595,0,B,loss
fact_00185_Brianna Keilar,5,3320184837,factual,25,-114.3783,-4.575131,0,B,loss
fact_00185_Brianna Keilar,6,3320184838,factual,0,0.0,0.0,1,A,loss
fact_00185_Brianna Keilar,7,3320184839,factual,73,-322.3773,-4.416128,0,B,loss
fact_00188_Cédric Bakambu,0,3320184832,factual,155,-608.1064,-3.923267,1,B,win
fact_00188_Cédric Bakambu,1,3320184833,factual,83,-293.9871,-3.542013,0,B,loss
fact_00188_Cédric Bakambu,2,3320184834,factual,14,-57.0891,-4.077794,1,B,win
fact_00188_Cédric Bakambu,3,3320184835,factual,79,-265.7798,-3.364301,1,A,loss
fact_00188_Cédric Bakambu,4,3320184836,factual,186,-604.6525,-3.25082,0,B,loss
fact_00188_Cédric Bakambu,5,3320184837,factual,29,-104.709,-3.610655,1,A,loss
fact_00188_Cédric Bakambu,6,3320184838,factual,141,-438.2795,-3.108365,1,B,win
fact_00188_Cédric Bakambu,7,3320184839,factual,129,-478.1982,-3.706962,0,B,loss
fact_00193_Bobby Fischer,0,3320184832,factual,134,-332.8185,-2.48372,1,Tie,tie
fact_00193_Bobby Fischer,1,3320184833,factual,200,-709.0209,-3.545105,1,Tie,tie
fact_00193_Bobby Fischer,2,3320184834,factual,110,-429.3083,-3.902803,1,Tie,tie
fact_00193_Bobby Fischer,3,3320184835,factual,199,-592.0479,-2.975115,1,Tie,tie
fact_00193_Bobby Fischer,4,3320184836,factual,95,-263.4988,-2.773672,0,B,loss
fact_00193_Bobby Fischer,5,3320184837,factual,199,-763.4373,-3.836368,1,B,win
fact_00193_Bobby Fischer,6,3320184838,factual,200,-672.2017,-3.361008,0,B,loss
fact_00193_Bobby Fischer,7,3320184839,factual,187,-788.9956,-4.219228,0,B,loss
fact_00198_Benjamin Lawrence Reid,0,3320184832,factual,14,-45.452,-3.246574,0,Tie,tie
fact_00198_Benjamin Lawrence Reid,1,3320184833,factual,90,-240.6538,-2.673932,0,A,win
fact_00198_Benjamin Lawrence Reid,2,3320184834,factual,21,-62.6761,-2.984576,0,Tie,tie
fact_00198_Benjamin Lawrence Reid,3,3320184835,factual,183,-627.7678,-3.430425,1,Tie,tie
fact_00198_Benjamin Lawrence Reid,4,3320184836,factual,38,-119.4957,-3.144624,0,A,win
fact_00198_Benjamin Lawrence Reid,5,3320184837,factual,44,-131.5809,-2.990474,1,A,loss
fact_00198_Benjamin Lawrence Reid,6,3320184838,factual,40,-101.118,-2.527949,0,B,loss
fact_00198_Benjamin Lawrence Reid,7,3320184839,factual,20,-66.1856,-3.309279,0,Tie,tie
fact_00199_Djimon Hounsou,0,3320184832,factual,9,-49.8172,-5.535244,1,A,loss
fact_00199_Djimon Hounsou,1,3320184833,factual,27,-78.8401,-2.920004,1,A,loss
fact_00199_Djimon Hounsou,2,3320184834,factual,9,-53.0291,-5.892124,0,B,loss
fact_00199_Djimon Hounsou,3,3320184835,factual,105,-306.4144,-2.918233,1,A,loss
fact_00199_Djimon Hounsou,4,3320184836,factual,56,-165.3773,-2.953166,1,B,win
fact_00199_Djimon Hounsou,5,3320184837,factual,200,-717.6054,-3.588027,0,B,loss
fact_00199_Djimon Hounsou,6,3320184838,factual,200,-835.0217,-4.175109,1,A,loss
fact_00199_Djimon Hounsou,7,3320184839,factual,69,-272.6551,-3.951523,0,B,loss
fact_00202_Ahsee Tuala,0,3320184832,factual,200,-705.3524,-3.526762,1,A,loss
fact_00202_Ahsee Tuala,1,3320184833,factual,42,-165.2779,-3.935189,0,B,loss
fact_00202_Ahsee Tuala,2,3320184834,factual,200,-739.1417,-3.695708,0,B,loss
fact_00202_Ahsee Tuala,3,3320184835,factual,200,-697.4081,-3.48704,0,B,loss
fact_00202_Ahsee Tuala,4,3320184836,factual,199,-831.5685,-4.178736,1,B,win
fact_00202_Ahsee Tuala,5,3320184837,factual,196,-869.3063,-4.435236,1,A,loss
fact_00202_Ahsee Tuala,6,3320184838,factual,65,-306.9951,-4.723002,1,A,loss
fact_00202_Ahsee Tuala,7,3320184839,factual,94,-319.8259,-3.402403,1,A,loss
fact_00204_Don DeLillo,0,3320184832,factual,200,-791.1827,-3.955914,0,A,win
fact_00204_Don DeLillo,1,3320184833,factual,100,-249.6237,-2.496237,1,A,loss
fact_00204_Don DeLillo,2,3320184834,factual,30,-47.9167,-1.597223,1,A,loss
fact_00204_Don DeLillo,3,3320184835,factual,117,-312.4235,-2.670286,1,A,loss
fact_00204_Don DeLillo,4,3320184836,factual,200,-697.2048,-3.486024,1,A,loss
fact_00204_Don DeLillo,5,3320184837,factual,190,-619.3505,-3.259739,0,B,loss
fact_00204_Don DeLillo,6,3320184838,factual,105,-283.7019,-2.701923,0,B,loss
fact_00204_Don DeLillo,7,3320184839,factual,122,-360.6819,-2.956409,0,B,loss
fact_00207_Elizabeth Inglis,0,3320184832,factual,20,-45.3503,-2.267516,0,A,win
fact_00207_Elizabeth Inglis,1,3320184833,factual,134,-413.981,-3.08941,1,B,win
fact_00207_Elizabeth Inglis,2,3320184834,factual,15,-42.3451,-2.823008,0,B,loss
fact_00207_Elizabeth Inglis,3,3320184835,factual,88,-214.5241,-2.437774,0,B,loss
fact_00207_Elizabeth Inglis,4,3320184836,factual,200,-645.6512,-3.228256,0,B,loss
fact_00207_Elizabeth Inglis,5,3320184837,factual,199,-708.3147,-3.55937,0,B,loss
fact_00207_Elizabeth Inglis,6,3320184838,factual,53,-253.5526,-4.784012,1,Tie,tie
fact_00207_Elizabeth Inglis,7,3320184839,factual,92,-352.4885,-3.831397,0,B,loss
fact_00208_Fifi Cooper,0,3320184832,factual,113,-526.7849,-4.661813,1,A,loss
fact_00208_Fifi Cooper,1,3320184833,factual,173,-726.5693,-4.199822,1,A,loss
fact_00208_Fifi Cooper,2,3320184834,factual,101,-439.0731,-4.347259,1,A,loss
fact_00208_Fifi Cooper,3,3320184835,factual,200,-761.4923,-3.807462,1,A,loss
fact_00208_Fifi Cooper,4,3320184836,factual,200,-609.8543,-3.049272,0,Tie,tie
fact_00208_Fifi Cooper,5,3320184837,factual,200,-736.6226,-3.683113,1,A,loss
fact_00208_Fifi Cooper,6,3320184838,factual,18,-95.4763,-5.304239,0,B,loss
fact_00208_Fifi Cooper,7,3320184839,factual,53,-212.1025,-4.001935,0,B,loss
fact_00223_Ahmed Mumin Warfa,0,3320184832,factual,201,-884.4839,-4.400417,0,B,loss
fact_00223_Ahmed Mumin Warfa,1,3320184833,factual,100,-409.2666,-4.092666,0,B,loss
fact_00223_Ahmed Mumin Warfa,2,3320184834,factual,31,-134.4612,-4.337459,1,B,win
fact_00223_Ahmed Mumin Warfa,3,3320184835,factual,32,-201.1248,-6.285151,0,B,loss
fact_00223_Ahmed Mumin Warfa,4,3320184836,factual,85,-391.103,-4.601212,1,Tie,tie
fact_00223_Ahmed Mumin Warfa,5,3320184837,factual,7,-45.261,-6.465855,0,B,loss
fact_00223_Ahmed Mumin Warfa,6,3320184838,factual,199,-675.743,-3.395694,0,B,loss
fact_00223_Ahmed Mumin Warfa,7,3320184839,factual,200,-728.2831,-3.641416,1,B,win
fact_00226_Dewi Sartika,0,3320184832,factual,16,-91.9655,-5.747847,1,B,win
fact_00226_Dewi Sartika,1,3320184833,factual,22,-39.3126,-1.786938,0,B,loss
fact_00226_Dewi Sartika,2,3320184834,factual,31,-156.553,-5.050098,0,B,loss
fact_00226_Dewi Sartika,3,3320184835,factual,200,-681.2426,-3.406213,0,B,loss
fact_00226_Dewi Sartika,4,3320184836,factual,25,-121.0038,-4.840153,0,B,loss
fact_00226_Dewi Sartika,5,3320184837,factual,155,-630.4801,-4.067614,0,B,loss
fact_00226_Dewi Sartika,6,3320184838,factual,51,-244.7266,-4.79856,1,B,win
fact_00226_Dewi Sartika,7,3320184839,factual,36,-103.2552,-2.868201,0,B,loss
fact_00227_Alf Garland,0,3320184832,factual,10,-25.8938,-2.589378,1,B,win
fact_00227_Alf Garland,1,3320184833,factual,170,-434.0659,-2.553329,0,Tie,tie
fact_00227_Alf Garland,2,3320184834,factual,37,-191.4554,-5.174469,0,Tie,tie
fact_00227_Alf Garland,3,3320184835,factual,9,-28.1048,-3.122754,1,B,win
fact_00227_Alf Garland,4,3320184836,factual,17,-65.2721,-3.839537,1,B,win
fact_00227_Alf Garland,5,3320184837,factual,7,-42.3187,-6.045527,0,B,loss
fact_00227_Alf Garland,6,3320184838,factual,200,-721.585,-3.607925,1,Tie,tie
fact_00227_Alf Garland,7,3320184839,factual,50,-229.9018,-4.598035,0,Tie,tie
fact_00230_Abdul Ilah Khatib,0,3320184832,factual,200,-884.9382,-4.424691,0,A,win
fact_00230_Abdul Ilah Khatib,1,3320184833,factual,187,-839.2623,-4.488034,0,B,loss
fact_00230_Abdul Ilah Khatib,2,3320184834,factual,201,-596.2972,-2.966653,0,B,loss
fact_00230_Abdul Ilah Khatib,3,3320184835,factual,24,-63.1802,-2.632509,1,Tie,tie
fact_00230_Abdul Ilah Khatib,4,3320184836,factual,32,-90.0281,-2.813377,0,B,loss
fact_00230_Abdul Ilah Khatib,5,3320184837,factual,97,-303.7451,-3.131393,0,B,loss
fact_00230_Abdul Ilah Khatib,6,3320184838,factual,176,-649.8843,-3.692524,0,B,loss
fact_00230_Abdul Ilah Khatib,7,3320184839,factual,53,-206.0566,-3.88786,1,B,win
fact_00239_Bif Naked,0,3320184832,factual,32,-112.7617,-3.523804,1,A,loss
fact_00239_Bif Naked,1,3320184833,factual,102,-306.3025,-3.002966,0,B,loss
fact_00239_Bif Naked,2,3320184834,factual,40,-126.8725,-3.171811,1,A,loss
fact_00239_Bif Naked,3,3320184835,factual,44,-139.7249,-3.175565,0,B,loss
fact_00239_Bif Naked,4,3320184836,factual,200,-671.6739,-3.358369,1,Tie,tie
fact_00239_Bif Naked,5,3320184837,factual,200,-624.8177,-3.124088,0,B,loss
fact_00239_Bif Naked,6,3320184838,factual,171,-776.9625,-4.54364,1,A,loss
fact_00239_Bif Naked,7,3320184839,factual,179,-605.0153,-3.379974,0,B,loss
fact_00245_Dominique Blake,0,3320184832,factual,25,-89.8302,-3.593206,1,B,win
fact_00245_Dominique Blake,1,3320184833,factual,39,-172.5472,-4.424287,0,B,loss
fact_00245_Dominique Blake,2,3320184834,factual,56,-205.9629,-3.677908,0,B,loss
fact_00245_Dominique Blake,3,3320184835,factual,200,-791.2515,-3.956258,0,B,loss
fact_00245_Dominique Blake,4,3320184836,factual,118,-351.0624,-2.975105,0,B,loss
fact_00245_Dominique Blake,5,3320184837,factual,63,-285.1682,-4.526479,0,B,loss
fact_00245_Dominique Blake,6,3320184838,factual,12,-40.1723,-3.347693,0,B,loss
fact_00245_Dominique Blake,7,3320184839,factual,71,-333.7019,-4.700026,1,Tie,tie
fact_00247_Diafra Sakho,0,3320184832,factual,9,-49.9612,-5.551245,1,B,win
fact_00247_Diafra Sakho,1,3320184833,factual,200,-1006.8502,-5.034251,1,B,win
fact_00247_Diafra Sakho,2,3320184834,factual,128,-440.4104,-3.440706,0,B,loss
fact_00247_Diafra Sakho,3,3320184835,factual,25,-81.0736,-3.242943,1,B,win
fact_00247_Diafra Sakho,4,3320184836,factual,199,-746.4664,-3.751088,1,B,win
fact_00247_Diafra Sakho,5,3320184837,factual,134,-733.1098,-5.470969,0,B,loss
fact_00247_Diafra Sakho,6,3320184838,factual,11,-45.7777,-4.161607,0,B,loss
fact_00247_Diafra Sakho,7,3320184839,factual,52,-218.933,-4.210249,0,B,loss
fact_00249_Fahadh Faasil,0,3320184832,factual,13,-52.0458,-4.00352,0,B,loss
fact_00249_Fahadh Faasil,1,3320184833,factual,125,-464.8395,-3.718716,0,B,loss
fact_00249_Fahadh Faasil,2,3320184834,factual,21,-88.3379,-4.206568,0,B,loss
fact_00249_Fahadh Faasil,3,3320184835,factual,23,-103.8224,-4.514017,1,A,loss
fact_00249_Fahadh Faasil,4,3320184836,factual,201,-778.7695,-3.874475,1,Tie,tie
fact_00249_Fahadh Faasil,5,3320184837,factual,200,-762.896,-3.81448,1,B,win
fact_00249_Fahadh Faasil,6,3320184838,factual,124,-474.9501,-3.830243,0,B,loss
fact_00249_Fahadh Faasil,7,3320184839,factual,45,-250.1975,-5.559944,0,B,loss
fact_00250_Dr. Dre,0,3320184832,factual,43,-117.8441,-2.74056,0,B,loss
fact_00250_Dr. Dre,1,3320184833,factual,23,-66.0688,-2.872559,0,B,loss
fact_00250_Dr. Dre,2,3320184834,factual,28,-90.7136,-3.239772,0,B,loss
fact_00250_Dr. Dre,3,3320184835,factual,200,-656.7477,-3.283739,0,B,loss
fact_00250_Dr. Dre,4,3320184836,factual,96,-240.7359,-2.507665,1,A,loss
fact_00250_Dr. Dre,5,3320184837,factual,175,-512.3933,-2.927962,1,A,loss
fact_00250_Dr. Dre,6,3320184838,factual,73,-199.6438,-2.734846,0,B,loss
fact_00250_Dr. Dre,7,3320184839,factual,136,-461.602,-3.394133,1,A,loss
fact_00255_Caitlin Lowe,0,3320184832,factual,200,-685.9817,-3.429908,1,A,loss
fact_00255_Caitlin Lowe,1,3320184833,factual,104,-452.6438,-4.352344,1,B,win
fact_00255_Caitlin Lowe,2,3320184834,factual,102,-390.0105,-3.823633,1,B,win
fact_00255_Caitlin Lowe,3,3320184835,factual,82,-250.8229,-3.058816,0,B,loss
fact_00255_Caitlin Lowe,4,3320184836,factual,45,-106.9439,-2.37653,1,B,win
fact_00255_Caitlin Lowe,5,3320184837,factual,200,-705.7916,-3.528958,0,A,win
fact_00255_Caitlin Lowe,6,3320184838,factual,110,-422.4135,-3.840122,0,B,loss
fact_00255_Caitlin Lowe,7,3320184839,factual,13,-46.749,-3.59608,0,B,loss
fact_00257_Camille Paulus,0,3320184832,factual,47,-162.6615,-3.460883,0,B,loss
fact_00257_Camille Paulus,1,3320184833,factual,62,-224.1142,-3.614745,1,B,win
fact_00257_Camille Paulus,2,3320184834,factual,48,-103.0936,-2.147784,0,A,win
fact_00257_Camille Paulus,3,3320184835,factual,200,-718.6172,-3.593086,1,B,win
fact_00257_Camille Paulus,4,3320184836,factual,75,-171.4601,-2.286134,0,A,win
fact_00257_Camille Paulus,5,3320184837,factual,43,-114.6841,-2.667071,0,B,loss
fact_00257_Camille Paulus,6,3320184838,factual,40,-95.4882,-2.387206,1,B,win
fact_00257_Camille Paulus,7,3320184839,factual,41,-208.9554,-5.096473,0,Tie,tie
fact_00258_Charley Boorman,0,3320184832,factual,23,-59.2067,-2.574203,0,B,loss
fact_00258_Charley Boorman,1,3320184833,factual,106,-366.5494,-3.458013,0,B,loss
fact_00258_Charley Boorman,2,3320184834,factual,24,-44.9831,-1.874295,0,B,loss
fact_00258_Charley Boorman,3,3320184835,factual,26,-118.004,-4.538617,0,B,loss
fact_00258_Charley Boorman,4,3320184836,factual,20,-78.8677,-3.943385,1,A,loss
fact_00258_Charley Boorman,5,3320184837,factual,14,-44.4467,-3.174765,1,B,win
fact_00258_Charley Boorman,6,3320184838,factual,190,-580.7964,-3.056823,1,A,loss
fact_00258_Charley Boorman,7,3320184839,factual,36,-120.334,-3.34261,1,B,win
fact_00260_Douglas Wood (engineer),0,3320184832,factual,189,-591.7616,-3.131014,1,A,loss
fact_00260_Douglas Wood (engineer),1,3320184833,factual,34,-133.2512,-3.919154,0,B,loss
fact_00260_Douglas Wood (engineer),2,3320184834,factual,163,-642.4539,-3.941435,0,B,loss
fact_00260_Douglas Wood (engineer),3,3320184835,factual,80,-274.2766,-3.428457,1,A,loss
fact_00260_Douglas Wood (engineer),4,3320184836,factual,14,-39.3828,-2.813054,0,B,loss
fact_00260_Douglas Wood (engineer),5,3320184837,factual,78,-221.077,-2.834321,0,A,win
fact_00260_Douglas Wood (engineer),6,3320184838,factual,29,-140.1063,-4.831253,0,B,loss
fact_00260_Douglas Wood (engineer),7,3320184839,factual,200,-729.8591,-3.649296,0,B,loss
fact_00263_Billy Snedden,0,3320184832,factual,26,-87.6152,-3.369814,0,B,loss
fact_00263_Billy Snedden,1,3320184833,factual,41,-184.7584,-4.506302,1,A,loss
fact_00263_Billy Snedden,2,3320184834,factual,50,-235.2721,-4.705442,0,B,loss
fact_00263_Billy Snedden,3,3320184835,factual,23,-138.4951,-6.021527,0,B,loss
fact_00263_Billy Snedden,4,3320184836,factual,17,-68.1271,-4.007475,0,B,loss
fact_00263_Billy Snedden,5,3320184837,factual,150,-618.4359,-4.122906,1,A,loss
fact_00263_Billy Snedden,6,3320184838,factual,30,-126.5262,-4.217538,0,B,loss
fact_00263_Billy Snedden,7,3320184839,factual,201,-963.5208,-4.793636,0,B,loss
fact_00264_Esteban Espíndola,0,3320184832,factual,52,-156.6098,-3.011727,1,B,win
fact_00264_Esteban Espíndola,1,3320184833,factual,10,-52.3783,-5.237827,1,B,win
fact_00264_Esteban Espíndola,2,3320184834,factual,136,-421.2497,-3.097424,0,A,win
fact_00264_Esteban Espíndola,3,3320184835,factual,79,-414.5422,-5.24737,1,B,win
fact_00264_Esteban Espíndola,4,3320184836,factual,7,-35.6582,-5.094026,0,Tie,tie
fact_00264_Esteban Espíndola,5,3320184837,factual,200,-658.1672,-3.290836,0,A,win
fact_00264_Esteban Espíndola,6,3320184838,factual,199,-646.6384,-3.249439,0,A,win
fact_00264_Esteban Espíndola,7,3320184839,factual,37,-189.0243,-5.108765,0,Tie,tie
fact_00270_Daniel Ek,0,3320184832,factual,200,-689.3882,-3.446941,0,B,loss
fact_00270_Daniel Ek,1,3320184833,factual,71,-255.8977,-3.604193,1,A,loss
fact_00270_Daniel Ek,2,3320184834,factual,66,-290.9012,-4.407593,1,B,win
fact_00270_Daniel Ek,3,3320184835,factual,77,-295.5572,-3.838405,0,B,loss
fact_00270_Daniel Ek,4,3320184836,factual,199,-884.5003,-4.444725,1,A,loss
fact_00270_Daniel Ek,5,3320184837,factual,137,-515.2637,-3.761049,0,B,loss
fact_00270_Daniel Ek,6,3320184838,factual,142,-348.1354,-2.451658,0,B,loss
fact_00270_Daniel Ek,7,3320184839,factual,36,-172.0561,-4.779337,0,B,loss
fact_00275_Belisarius,0,3320184832,factual,199,-595.5234,-2.99258,0,B,loss
fact_00275_Belisarius,1,3320184833,factual,200,-638.9482,-3.194741,1,A,loss
fact_00275_Belisarius,2,3320184834,factual,199,-713.7687,-3.586777,0,B,loss
fact_00275_Belisarius,3,3320184835,factual,115,-395.6138,-3.44012,0,B,loss
fact_00275_Belisarius,4,3320184836,factual,200,-794.218,-3.97109,0,B,loss
fact_00275_Belisarius,5,3320184837,factual,130,-610.4711,-4.695931,1,A,loss
fact_00275_Belisarius,6,3320184838,factual,106,-318.0257,-3.000242,1,B,win
fact_00275_Belisarius,7,3320184839,factual,81,-352.4394,-4.351104,1,A,loss
fact_00276_Carol Dweck,0,3320184832,factual,200,-583.4665,-2.917332,1,A,loss
fact_00276_Carol Dweck,1,3320184833,factual,10,-43.4503,-4.345034,0,B,loss
fact_00276_Carol Dweck,2,3320184834,factual,200,-596.9884,-2.984942,1,A,loss
fact_00276_Carol Dweck,3,3320184835,factual,27,-85.3108,-3.159658,1,A,loss
fact_00276_Carol Dweck,4,3320184836,factual,9,-21.2473,-2.360813,0,B,loss
fact_00276_Carol Dweck,5,3320184837,factual,90,-301.9583,-3.355092,1,A,loss
fact_00276_Carol Dweck,6,3320184838,factual,68,-219.5854,-3.229197,1,A,loss
fact_00276_Carol Dweck,7,3320184839,factual,12,-62.2532,-5.187765,1,A,loss
fact_00286_Amr Diab,0,3320184832,factual,200,-675.2689,-3.376345,1,A,loss
fact_00286_Amr Diab,1,3320184833,factual,20,-89.4856,-4.474279,1,A,loss
fact_00286_Amr Diab,2,3320184834,factual,53,-366.6121,-6.917209,0,B,loss
fact_00286_Amr Diab,3,3320184835,factual,36,-116.638,-3.239944,0,B,loss
fact_00286_Amr Diab,4,3320184836,factual,0,0.0,0.0,0,B,loss
fact_00286_Amr Diab,5,3320184837,factual,57,-155.0735,-2.720587,1,A,loss
fact_00286_Amr Diab,6,3320184838,factual,69,-202.8368,-2.939663,1,B,win
fact_00286_Amr Diab,7,3320184839,factual,106,-562.7272,-5.308747,1,A,loss
fact_00296_Akbar Hossain,0,3320184832,factual,200,-690.7516,-3.453758,0,A,win
fact_00296_Akbar Hossain,1,3320184833,factual,0,0.0,0.0,0,B,loss
fact_00296_Akbar Hossain,2,3320184834,factual,34,-150.9634,-4.440099,0,B,loss
fact_00296_Akbar Hossain,3,3320184835,factual,48,-162.1269,-3.377643,1,A,loss
fact_00296_Akbar Hossain,4,3320184836,factual,174,-606.9745,-3.488359,0,B,loss
fact_00296_Akbar Hossain,5,3320184837,factual,68,-267.8802,-3.939415,0,B,loss
fact_00296_Akbar Hossain,6,3320184838,factual,8,-34.5514,-4.318923,1,A,loss
fact_00296_Akbar Hossain,7,3320184839,factual,16,-68.3583,-4.272396,1,A,loss
fact_00300_Coco Chanel,0,3320184832,factual,200,-765.5383,-3.827692,0,B,loss
fact_00300_Coco Chanel,1,3320184833,factual,118,-442.0936,-3.746556,1,A,loss
fact_00300_Coco Chanel,2,3320184834,factual,135,-438.8917,-3.25105,1,B,win
fact_00300_Coco Chanel,3,3320184835,factual,138,-556.9395,-4.035793,1,A,loss
fact_00300_Coco Chanel,4,3320184836,factual,200,-599.4614,-2.997307,0,B,loss
fact_00300_Coco Chanel,5,3320184837,factual,200,-670.5444,-3.352722,1,A,loss
fact_00300_Coco Chanel,6,3320184838,factual,200,-669.9094,-3.349547,0,B,loss
fact_00300_Coco Chanel,7,3320184839,factual,90,-311.5404,-3.46156,0,B,loss
fact_00302_Enamul Haque (engineer),0,3320184832,factual,109,-500.9036,-4.595446,1,B,win
fact_00302_Enamul Haque (engineer),1,3320184833,factual,45,-111.6331,-2.480735,0,B,loss
fact_00302_Enamul Haque (engineer),2,3320184834,factual,37,-153.604,-4.151461,1,A,loss
fact_00302_Enamul Haque (engineer),3,3320184835,factual,17,-52.2417,-3.073043,0,B,loss
fact_00302_Enamul Haque (engineer),4,3320184836,factual,40,-91.1692,-2.27923,0,B,loss
fact_00302_Enamul Haque (engineer),5,3320184837,factual,1,-5.4058,-5.405817,0,B,loss
fact_00302_Enamul Haque (engineer),6,3320184838,factual,1,-5.4058,-5.405817,0,B,loss
fact_00302_Enamul Haque (engineer),7,3320184839,factual,1,-5.4058,-5.405817,0,B,loss
fact_00304_Abdelhamid Shabana,0,3320184832,factual,13,-74.3883,-5.722174,1,B,win
fact_00304_Abdelhamid Shabana,1,3320184833,factual,47,-236.993,-5.042404,1,B,win
fact_00304_Abdelhamid Shabana,2,3320184834,factual,106,-357.3032,-3.370785,1,B,win
fact_00304_Abdelhamid Shabana,3,3320184835,factual,90,-298.1768,-3.313076,0,B,loss
fact_00304_Abdelhamid Shabana,4,3320184836,factual,24,-26.0423,-1.085098,1,B,win
fact_00304_Abdelhamid Shabana,5,3320184837,factual,9,-39.5695,-4.396606,0,B,loss
fact_00304_Abdelhamid Shabana,6,3320184838,factual,38,-80.8729,-2.128233,0,A,win
fact_00304_Abdelhamid Shabana,7,3320184839,factual,143,-423.4064,-2.960884,0,A,win
fact_00307_Abdullahi Mohammad Ahmad Hassan,0,3320184832,factual,194,-579.1237,-2.985173,0,B,loss
fact_00307_Abdullahi Mohammad Ahmad Hassan,1,3320184833,factual,41,-93.0017,-2.268334,0,B,loss
fact_00307_Abdullahi Mohammad Ahmad Hassan,2,3320184834,factual,200,-811.889,-4.059445,0,B,loss
fact_00307_Abdullahi Mohammad Ahmad Hassan,3,3320184835,factual,43,-189.8261,-4.41456,1,Tie,tie
fact_00307_Abdullahi Mohammad Ahmad Hassan,4,3320184836,factual,0,0.0,0.0,1,B,win
fact_00307_Abdullahi Mohammad Ahmad Hassan,5,3320184837,factual,21,-42.4452,-2.021199,0,B,loss
fact_00307_Abdullahi Mohammad Ahmad Hassan,6,3320184838,factual,37,-101.8563,-2.752873,1,B,win
fact_00307_Abdullahi Mohammad Ahmad Hassan,7,3320184839,factual,200,-761.6867,-3.808434,0,B,loss
fact_00309_Diego Godín,0,3320184832,factual,40,-92.5544,-2.313861,0,B,loss
fact_00309_Diego Godín,1,3320184833,factual,95,-269.8714,-2.840752,0,B,loss
fact_00309_Diego Godín,2,3320184834,factual,132,-629.0709,-4.765689,1,A,loss
fact_00309_Diego Godín,3,3320184835,factual,31,-118.9842,-3.8382,0,B,loss
fact_00309_Diego Godín,4,3320184836,factual,81,-316.7209,-3.910134,1,A,loss
fact_00309_Diego Godín,5,3320184837,factual,198,-718.8344,-3.630477,1,A,loss
fact_00309_Diego Godín,6,3320184838,factual,28,-88.397,-3.157034,1,B,win
fact_00309_Diego Godín,7,3320184839,factual,69,-258.2472,-3.742713,1,B,win
fact_00312_Adel Emam,0,3320184832,factual,201,-974.5884,-4.848698,1,A,loss
fact_00312_Adel Emam,1,3320184833,factual,152,-650.9691,-4.282692,0,B,loss
fact_00312_Adel Emam,2,3320184834,factual,124,-349.2921,-2.816872,1,A,loss
fact_00312_Adel Emam,3,3320184835,factual,43,-240.6096,-5.595573,1,B,win
fact_00312_Adel Emam,4,3320184836,factual,200,-932.2831,-4.661415,1,A,loss
fact_00312_Adel Emam,5,3320184837,factual,46,-138.1448,-3.003148,1,B,win
fact_00312_Adel Emam,6,3320184838,factual,139,-241.459,-1.737115,0,B,loss
fact_00312_Adel Emam,7,3320184839,factual,23,-82.3732,-3.581443,1,B,win
fact_00315_Billy Conigliaro,0,3320184832,factual,182,-623.1412,-3.423853,0,B,loss
fact_00315_Billy Conigliaro,1,3320184833,factual,49,-178.6053,-3.645007,0,B,loss
fact_00315_Billy Conigliaro,2,3320184834,factual,201,-922.566,-4.589881,0,B,loss
fact_00315_Billy Conigliaro,3,3320184835,factual,9,-29.8734,-3.319262,1,A,loss
fact_00315_Billy Conigliaro,4,3320184836,factual,200,-854.1328,-4.270664,1,B,win
fact_00315_Billy Conigliaro,5,3320184837,factual,13,-66.3749,-5.105762,0,B,loss
fact_00315_Billy Conigliaro,6,3320184838,factual,19,-51.6657,-2.719246,1,B,win
fact_00315_Billy Conigliaro,7,3320184839,factual,50,-197.767,-3.955339,1,B,win
fact_00316_Arif Mohammad Khan,0,3320184832,factual,133,-405.9111,-3.051963,1,A,loss
fact_00316_Arif Mohammad Khan,1,3320184833,factual,9,-60.8457,-6.760628,0,B,loss
fact_00316_Arif Mohammad Khan,2,3320184834,factual,0,0.0,0.0,1,A,loss
fact_00316_Arif Mohammad Khan,3,3320184835,factual,45,-164.98,-3.666222,0,A,win
fact_00316_Arif Mohammad Khan,4,3320184836,factual,197,-613.5653,-3.114545,0,A,win
fact_00316_Arif Mohammad Khan,5,3320184837,factual,44,-102.3309,-2.325702,1,B,win
fact_00316_Arif Mohammad Khan,6,3320184838,factual,19,-82.0701,-4.319479,1,B,win
fact_00316_Arif Mohammad Khan,7,3320184839,factual,0,0.0,0.0,1,A,loss
fact_00321_Bob Marley,0,3320184832,factual,130,-435.5881,-3.350677,1,A,loss
fact_00321_Bob Marley,1,3320184833,factual,200,-788.2985,-3.941492,0,B,loss
fact_00321_Bob Marley,2,3320184834,factual,76,-224.1802,-2.949739,0,B,loss
fact_00321_Bob Marley,3,3320184835,factual,102,-330.8166,-3.2433,1,B,win
fact_00321_Bob Marley,4,3320184836,factual,38,-172.7984,-4.547327,0,B,loss
fact_00321_Bob Marley,5,3320184837,factual,7,-42.3625,-6.051779,1,A,loss
fact_00321_Bob Marley,6,3320184838,factual,142,-342.4958,-2.411943,1,B,win
fact_00321_Bob Marley,7,3320184839,factual,43,-190.1766,-4.422712,0,B,loss
fact_00328_Dana Ashbrook,0,3320184832,factual,18,-95.2587,-5.292151,1,A,loss
fact_00328_Dana Ashbrook,1,3320184833,factual,122,-453.7997,-3.71967,0,B,loss
fact_00328_Dana Ashbrook,2,3320184834,factual,70,-220.8278,-3.154683,1,B,win
fact_00328_Dana Ashbrook,3,3320184835,factual,143,-645.2603,-4.512309,0,B,loss
fact_00328_Dana Ashbrook,4,3320184836,factual,200,-773.6125,-3.868063,0,B,loss
fact_00328_Dana Ashbrook,5,3320184837,factual,14,-60.7469,-4.339063,0,B,loss
fact_00328_Dana Ashbrook,6,3320184838,factual,11,-63.878,-5.807091,0,B,loss
fact_00328_Dana Ashbrook,7,3320184839,factual,100,-214.142,-2.14142,0,B,loss
fact_00332_Cha Eun-woo,0,3320184832,factual,39,-110.7316,-2.839272,0,B,loss
fact_00332_Cha Eun-woo,1,3320184833,factual,25,-122.8115,-4.91246,1,B,win
fact_00332_Cha Eun-woo,2,3320184834,factual,56,-209.7443,-3.745434,0,A,win
fact_00332_Cha Eun-woo,3,3320184835,factual,79,-403.1215,-5.102803,1,B,win
fact_00332_Cha Eun-woo,4,3320184836,factual,200,-914.3557,-4.571779,1,B,win
fact_00332_Cha Eun-woo,5,3320184837,factual,46,-204.8096,-4.452383,1,A,loss
fact_00332_Cha Eun-woo,6,3320184838,factual,33,-66.3876,-2.011744,0,B,loss
fact_00332_Cha Eun-woo,7,3320184839,factual,40,-151.4088,-3.785221,0,A,win
fact_00333_Abdul Halik Hudu,0,3320184832,factual,39,-115.8249,-2.96987,1,B,win
fact_00333_Abdul Halik Hudu,1,3320184833,factual,49,-154.054,-3.143959,0,B,loss
fact_00333_Abdul Halik Hudu,2,3320184834,factual,47,-135.8289,-2.889976,0,B,loss
fact_00333_Abdul Halik Hudu,3,3320184835,factual,133,-467.8916,-3.517982,0,B,loss
fact_00333_Abdul Halik Hudu,4,3320184836,factual,200,-587.3296,-2.936648,0,B,loss
fact_00333_Abdul Halik Hudu,5,3320184837,factual,22,-49.4882,-2.249463,1,A,loss
fact_00333_Abdul Halik Hudu,6,3320184838,factual,9,-40.3137,-4.479302,0,B,loss
fact_00333_Abdul Halik Hudu,7,3320184839,factual,199,-599.477,-3.012447,1,A,loss
fact_00335_Carl Braun (obstetrician),0,3320184832,factual,147,-453.7693,-3.086866,1,B,win
fact_00335_Carl Braun (obstetrician),1,3320184833,factual,82,-320.7126,-3.91113,1,A,loss
fact_00335_Carl Braun (obstetrician),2,3320184834,factual,84,-259.4134,-3.088254,1,A,loss
fact_00335_Carl Braun (obstetrician),3,3320184835,factual,33,-128.6351,-3.898033,1,A,loss
fact_00335_Carl Braun (obstetrician),4,3320184836,factual,198,-794.7151,-4.013713,0,B,loss
fact_00335_Carl Braun (obstetrician),5,3320184837,factual,63,-212.8526,-3.378612,1,A,loss
fact_00335_Carl Braun (obstetrician),6,3320184838,factual,33,-69.2312,-2.097914,1,A,loss
fact_00335_Carl Braun (obstetrician),7,3320184839,factual,143,-351.3875,-2.457255,1,A,loss
fact_00343_Ameyaw Debrah,0,3320184832,factual,27,-97.7792,-3.621451,0,B,loss
fact_00343_Ameyaw Debrah,1,3320184833,factual,64,-298.847,-4.669485,1,B,win
fact_00343_Ameyaw Debrah,2,3320184834,factual,59,-162.222,-2.749525,0,B,loss
fact_00343_Ameyaw Debrah,3,3320184835,factual,168,-604.9496,-3.60089,0,B,loss
fact_00343_Ameyaw Debrah,4,3320184836,factual,201,-501.4791,-2.494921,1,A,loss
fact_00343_Ameyaw Debrah,5,3320184837,factual,202,-532.6183,-2.636724,1,B,win
fact_00343_Ameyaw Debrah,6,3320184838,factual,201,-556.4283,-2.7683,0,B,loss
fact_00343_Ameyaw Debrah,7,3320184839,factual,96,-159.4815,-1.661266,0,B,loss
fact_00344_Cleopatra,0,3320184832,factual,131,-326.9251,-2.495612,0,B,loss
fact_00344_Cleopatra,1,3320184833,factual,35,-138.8295,-3.966557,0,B,loss
fact_00344_Cleopatra,2,3320184834,factual,104,-344.3676,-3.311226,0,B,loss
fact_00344_Cleopatra,3,3320184835,factual,144,-600.0285,-4.166865,1,A,loss
fact_00344_Cleopatra,4,3320184836,factual,200,-802.3065,-4.011533,1,A,loss
fact_00344_Cleopatra,5,3320184837,factual,200,-527.7203,-2.638602,1,A,loss
fact_00344_Cleopatra,6,3320184838,factual,45,-106.3305,-2.3629,1,A,loss
fact_00344_Cleopatra,7,3320184839,factual,63,-165.3869,-2.625188,1,A,loss
fact_00345_Ana Cláudia Bolzan,0,3320184832,factual,10,-71.9288,-7.192876,1,B,win
fact_00345_Ana Cláudia Bolzan,1,3320184833,factual,200,-591.3357,-2.956678,0,B,loss
fact_00345_Ana Cláudia Bolzan,2,3320184834,factual,110,-379.9886,-3.454442,1,B,win
fact_00345_Ana Cláudia Bolzan,3,3320184835,factual,66,-178.0435,-2.697628,0,B,loss
fact_00345_Ana Cláudia Bolzan,4,3320184836,factual,100,-325.7527,-3.257527,0,B,loss
fact_00345_Ana Cláudia Bolzan,5,3320184837,factual,108,-341.6683,-3.163595,0,B,loss
fact_00345_Ana Cláudia Bolzan,6,3320184838,factual,35,-88.1927,-2.519791,0,B,loss
fact_00345_Ana Cláudia Bolzan,7,3320184839,factual,18,-85.0183,-4.723241,1,B,win
fact_00347_Evgeny Shalunov,0,3320184832,factual,128,-478.3246,-3.736911,1,Tie,tie
fact_00347_Evgeny Shalunov,1,3320184833,factual,29,-75.6765,-2.609534,1,Tie,tie
fact_00347_Evgeny Shalunov,2,3320184834,factual,200,-676.0651,-3.380325,0,B,loss
fact_00347_Evgeny Shalunov,3,3320184835,factual,60,-104.5833,-1.743055,1,B,win
fact_00347_Evgeny Shalunov,4,3320184836,factual,34,-71.1589,-2.092908,1,Tie,tie
fact_00347_Evgeny Shalunov,5,3320184837,factual,20,-60.7406,-3.037029,0,B,loss
fact_00347_Evgeny Shalunov,6,3320184838,factual,25,-56.3247,-2.252989,1,Tie,tie
fact_00347_Evgeny Shalunov,7,3320184839,factual,82,-304.77,-3.716708,0,B,loss
fact_00348_Charles Allen (jurist),0,3320184832,factual,44,-108.79,-2.472501,0,A,win
fact_00348_Charles Allen (jurist),1,3320184833,factual,43,-112.5649,-2.617788,1,B,win
fact_00348_Charles Allen (jurist),2,3320184834,factual,141,-385.0725,-2.731011,0,B,loss
fact_00348_Charles Allen (jurist),3,3320184835,factual,43,-118.9333,-2.76589,0,B,loss
fact_00348_Charles Allen (jurist),4,3320184836,factual,147,-294.0867,-2.00059,0,A,win
fact_00348_Charles Allen (jurist),5,3320184837,factual,43,-80.0818,-1.862367,0,Tie,tie
fact_00348_Charles Allen (jurist),6,3320184838,factual,200,-690.8412,-3.454206,1,A,loss
fact_00348_Charles Allen (jurist),7,3320184839,factual,78,-321.5227,-4.122086,0,B,loss
fact_00349_Deyverson,0,3320184832,factual,28,-107.7439,-3.847997,0,B,loss
fact_00349_Deyverson,1,3320184833,factual,48,-229.5964,-4.783257,0,B,loss
fact_00349_Deyverson,2,3320184834,factual,80,-283.8957,-3.548696,1,A,loss
fact_00349_Deyverson,3,3320184835,factual,35,-73.8763,-2.11075,1,B,win
fact_00349_Deyverson,4,3320184836,factual,113,-348.2615,-3.08196,1,B,win
fact_00349_Deyverson,5,3320184837,factual,74,-254.2811,-3.43623,1,A,loss
fact_00349_Deyverson,6,3320184838,factual,19,-111.5802,-5.872641,1,B,win
fact_00349_Deyverson,7,3320184839,factual,73,-253.5436,-3.473201,1,A,loss
fact_00351_Cris Cyborg,0,3320184832,factual,68,-217.8018,-3.202967,0,B,loss
fact_00351_Cris Cyborg,1,3320184833,factual,199,-862.0103,-4.33171,0,B,loss
fact_00351_Cris Cyborg,2,3320184834,factual,177,-452.9102,-2.558815,1,A,loss
fact_00351_Cris Cyborg,3,3320184835,factual,146,-428.5591,-2.935336,1,A,loss
fact_00351_Cris Cyborg,4,3320184836,factual,19,-49.0353,-2.580807,1,A,loss
fact_00351_Cris Cyborg,5,3320184837,factual,200,-820.7672,-4.103836,1,A,loss
fact_00351_Cris Cyborg,6,3320184838,factual,16,-76.5292,-4.783072,1,A,loss
fact_00351_Cris Cyborg,7,3320184839,factual,97,-459.7932,-4.740136,0,B,loss
fact_00354_Bobby Thomson,0,3320184832,factual,75,-329.1021,-4.388028,1,A,loss
fact_00354_Bobby Thomson,1,3320184833,factual,199,-896.5885,-4.50547,1,A,loss
fact_00354_Bobby Thomson,2,3320184834,factual,9,-18.7922,-2.088019,1,A,loss
fact_00354_Bobby Thomson,3,3320184835,factual,57,-197.6133,-3.466901,0,B,loss
fact_00354_Bobby Thomson,4,3320184836,factual,136,-397.6067,-2.923579,0,B,loss
fact_00354_Bobby Thomson,5,3320184837,factual,134,-277.6775,-2.07222,0,B,loss
fact_00354_Bobby Thomson,6,3320184838,factual,113,-514.5777,-4.553785,0,B,loss
fact_00354_Bobby Thomson,7,3320184839,factual,77,-262.4237,-3.4081,1,A,loss
fact_00356_Eric Winter,0,3320184832,factual,200,-471.6682,-2.358341,0,A,win
fact_00356_Eric Winter,1,3320184833,factual,200,-648.8264,-3.244132,0,B,loss
fact_00356_Eric Winter,2,3320184834,factual,200,-703.8516,-3.519258,0,B,loss
fact_00356_Eric Winter,3,3320184835,factual,98,-280.2929,-2.860132,0,B,loss
fact_00356_Eric Winter,4,3320184836,factual,0,0.0,0.0,1,A,loss
fact_00356_Eric Winter,5,3320184837,factual,7,-21.5057,-3.072243,0,B,loss
fact_00356_Eric Winter,6,3320184838,factual,13,-67.4528,-5.188674,0,B,loss
fact_00356_Eric Winter,7,3320184839,factual,38,-102.6958,-2.702522,1,B,win
fact_00362_Aert van der Neer,0,3320184832,factual,89,-256.433,-2.88127,0,B,loss
fact_00362_Aert van der Neer,1,3320184833,factual,187,-572.7917,-3.063057,1,A,loss
fact_00362_Aert van der Neer,2,3320184834,factual,21,-93.5397,-4.454272,0,B,loss
fact_00362_Aert van der Neer,3,3320184835,factual,95,-289.7551,-3.050054,0,B,loss
fact_00362_Aert van der Neer,4,3320184836,factual,43,-108.3892,-2.520679,1,A,loss
fact_00362_Aert van der Neer,5,3320184837,factual,201,-624.5194,-3.107062,0,B,loss
fact_00362_Aert van der Neer,6,3320184838,factual,67,-195.8172,-2.922644,0,B,loss
fact_00362_Aert van der Neer,7,3320184839,factual,59,-149.3369,-2.531133,0,B,loss
fact_00364_Blanca Errázuriz,0,3320184832,factual,27,-130.3927,-4.829359,0,B,loss
fact_00364_Blanca Errázuriz,1,3320184833,factual,148,-573.6077,-3.875727,0,B,loss
fact_00364_Blanca Errázuriz,2,3320184834,factual,44,-140.8168,-3.200383,0,B,loss
fact_00364_Blanca Errázuriz,3,3320184835,factual,18,-120.6303,-6.701682,0,B,loss
fact_00364_Blanca Errázuriz,4,3320184836,factual,32,-76.4726,-2.389769,0,Tie,tie
fact_00364_Blanca Errázuriz,5,3320184837,factual,18,-91.4369,-5.07983,0,B,loss
fact_00364_Blanca Errázuriz,6,3320184838,factual,201,-512.0024,-2.547276,1,A,loss
fact_00364_Blanca Errázuriz,7,3320184839,factual,14,-66.4531,-4.746647,0,B,loss
fact_00366_Deitrick Haddon,0,3320184832,factual,13,-49.3333,-3.794872,0,B,loss
fact_00366_Deitrick Haddon,1,3320184833,factual,200,-789.0143,-3.945071,0,B,loss
fact_00366_Deitrick Haddon,2,3320184834,factual,15,-98.7616,-6.584103,1,A,loss
fact_00366_Deitrick Haddon,3,3320184835,factual,78,-173.6489,-2.226268,0,B,loss
fact_00366_Deitrick Haddon,4,3320184836,factual,67,-273.7713,-4.086139,1,B,win
fact_00366_Deitrick Haddon,5,3320184837,factual,22,-84.6322,-3.846917,1,A,loss
fact_00366_Deitrick Haddon,6,3320184838,factual,60,-187.1589,-3.119316,1,B,win
fact_00366_Deitrick Haddon,7,3320184839,factual,25,-86.6838,-3.467352,1,A,loss
fact_00367_Andreas Ivanschitz,0,3320184832,factual,200,-630.1404,-3.150702,0,B,loss
fact_00367_Andreas Ivanschitz,1,3320184833,factual,109,-371.6932,-3.41003,1,B,win
fact_00367_Andreas Ivanschitz,2,3320184834,factual,92,-330.3395,-3.590647,0,B,loss
fact_00367_Andreas Ivanschitz,3,3320184835,factual,200,-641.4616,-3.207308,0,Tie,tie
fact_00367_Andreas Ivanschitz,4,3320184836,factual,159,-399.8442,-2.514744,1,B,win
fact_00367_Andreas Ivanschitz,5,3320184837,factual,25,-94.2537,-3.770147,1,A,loss
fact_00367_Andreas Ivanschitz,6,3320184838,factual,32,-95.957,-2.998655,0,B,loss
fact_00367_Andreas Ivanschitz,7,3320184839,factual,200,-883.2164,-4.416082,1,A,loss
fact_00368_Clancy Brown,0,3320184832,factual,200,-521.1785,-2.605893,0,A,win
fact_00368_Clancy Brown,1,3320184833,factual,10,-41.9203,-4.192029,0,B,loss
fact_00368_Clancy Brown,2,3320184834,factual,9,-17.8594,-1.984374,0,B,loss
fact_00368_Clancy Brown,3,3320184835,factual,24,-93.0896,-3.878733,1,A,loss
fact_00368_Clancy Brown,4,3320184836,factual,200,-726.0057,-3.630029,0,B,loss
fact_00368_Clancy Brown,5,3320184837,factual,42,-146.2224,-3.481487,1,A,loss
fact_00368_Clancy Brown,6,3320184838,factual,200,-853.0566,-4.265283,0,B,loss
fact_00368_Clancy Brown,7,3320184839,factual,77,-271.3407,-3.523906,0,B,loss
fact_00371_Carrie Ann Inaba,0,3320184832,factual,201,-711.6628,-3.540611,0,B,loss
fact_00371_Carrie Ann Inaba,1,3320184833,factual,166,-397.9609,-2.397355,0,B,loss
fact_00371_Carrie Ann Inaba,2,3320184834,factual,132,-512.7827,-3.884717,1,A,loss
fact_00371_Carrie Ann Inaba,3,3320184835,factual,16,-39.1165,-2.444779,0,B,loss
fact_00371_Carrie Ann Inaba,4,3320184836,factual,111,-434.4102,-3.913606,1,B,win
fact_00371_Carrie Ann Inaba,5,3320184837,factual,201,-824.3441,-4.101214,0,B,loss
fact_00371_Carrie Ann Inaba,6,3320184838,factual,29,-125.0061,-4.310556,1,A,loss
fact_00371_Carrie Ann Inaba,7,3320184839,factual,113,-298.3133,-2.63994,1,B,win
fact_00374_Cicero,0,3320184832,factual,77,-178.5223,-2.318472,1,A,loss
fact_00374_Cicero,1,3320184833,factual,16,-79.6744,-4.97965,0,B,loss
fact_00374_Cicero,2,3320184834,factual,117,-376.8432,-3.220882,0,B,loss
fact_00374_Cicero,3,3320184835,factual,97,-303.6974,-3.130901,0,B,loss
fact_00374_Cicero,4,3320184836,factual,65,-189.0374,-2.908267,0,B,loss
fact_00374_Cicero,5,3320184837,factual,46,-135.5956,-2.947731,1,B,win
fact_00374_Cicero,6,3320184838,factual,200,-806.5974,-4.032987,1,A,loss
fact_00374_Cicero,7,3320184839,factual,200,-668.0288,-3.340144,1,A,loss
fact_00376_14th Dalai Lama,0,3320184832,factual,48,-95.1982,-1.983295,1,A,loss
fact_00376_14th Dalai Lama,1,3320184833,factual,155,-377.2363,-2.433783,1,B,win
fact_00376_14th Dalai Lama,2,3320184834,factual,17,-83.905,-4.935586,0,B,loss
fact_00376_14th Dalai Lama,3,3320184835,factual,94,-169.0328,-1.798221,1,A,loss
fact_00376_14th Dalai Lama,4,3320184836,factual,201,-648.2799,-3.225273,0,B,loss
fact_00376_14th Dalai Lama,5,3320184837,factual,148,-552.6961,-3.734433,0,B,loss
fact_00376_14th Dalai Lama,6,3320184838,factual,201,-487.993,-2.427826,1,A,loss
fact_00376_14th Dalai Lama,7,3320184839,factual,124,-327.6882,-2.642647,1,A,loss
fact_00377_Christian Almeida,0,3320184832,factual,27,-69.56,-2.576296,0,B,loss
fact_00377_Christian Almeida,1,3320184833,factual,160,-498.0707,-3.112942,0,B,loss
fact_00377_Christian Almeida,2,3320184834,factual,30,-156.5017,-5.216723,0,B,loss
fact_00377_Christian Almeida,3,3320184835,factual,108,-357.2668,-3.308026,0,B,loss
fact_00377_Christian Almeida,4,3320184836,factual,36,-81.125,-2.253472,0,B,loss
fact_00377_Christian Almeida,5,3320184837,factual,201,-783.3708,-3.897367,1,B,win
fact_00377_Christian Almeida,6,3320184838,factual,42,-96.9178,-2.307567,1,A,loss
fact_00377_Christian Almeida,7,3320184839,factual,128,-422.3328,-3.299475,0,B,loss
fact_00378_Arthur Wakefield,0,3320184832,factual,62,-188.7371,-3.044147,0,B,loss
fact_00378_Arthur Wakefield,1,3320184833,factual,200,-679.274,-3.39637,0,B,loss
fact_00378_Arthur Wakefield,2,3320184834,factual,59,-242.6695,-4.113043,0,B,loss
fact_00378_Arthur Wakefield,3,3320184835,factual,19,-67.9118,-3.574304,0,B,loss
fact_00378_Arthur Wakefield,4,3320184836,factual,36,-93.1815,-2.588375,1,A,loss
fact_00378_Arthur Wakefield,5,3320184837,factual,18,-53.1838,-2.954656,1,A,loss
fact_00378_Arthur Wakefield,6,3320184838,factual,135,-386.2346,-2.860997,1,B,win
fact_00378_Arthur Wakefield,7,3320184839,factual,200,-496.5689,-2.482845,0,B,loss
fact_00384_Andry Rajoelina,0,3320184832,factual,76,-209.7957,-2.76047,0,B,loss
fact_00384_Andry Rajoelina,1,3320184833,factual,200,-629.882,-3.14941,1,A,loss
fact_00384_Andry Rajoelina,2,3320184834,factual,90,-415.4335,-4.615928,1,A,loss
fact_00384_Andry Rajoelina,3,3320184835,factual,24,-55.5741,-2.315587,0,B,loss
fact_00384_Andry Rajoelina,4,3320184836,factual,201,-694.5637,-3.455541,0,B,loss
fact_00384_Andry Rajoelina,5,3320184837,factual,33,-94.1015,-2.851559,0,B,loss
fact_00384_Andry Rajoelina,6,3320184838,factual,45,-101.4952,-2.25545,1,B,win
fact_00384_Andry Rajoelina,7,3320184839,factual,200,-896.836,-4.48418,1,B,win
fact_00394_Danny Almonte,0,3320184832,factual,58,-137.6113,-2.372609,1,B,win
fact_00394_Danny Almonte,1,3320184833,factual,46,-106.1037,-2.306601,0,B,loss
fact_00394_Danny Almonte,2,3320184834,factual,201,-690.9697,-3.43766,0,B,loss
fact_00394_Danny Almonte,3,3320184835,factual,114,-342.7148,-3.00627,1,A,loss
fact_00394_Danny Almonte,4,3320184836,factual,95,-360.1511,-3.791064,1,A,loss
fact_00394_Danny Almonte,5,3320184837,factual,18,-44.713,-2.484053,0,B,loss
fact_00394_Danny Almonte,6,3320184838,factual,24,-123.4226,-5.142609,0,B,loss
fact_00394_Danny Almonte,7,3320184839,factual,116,-445.2969,-3.838767,1,A,loss
fact_00396_Andy Middleton,0,3320184832,factual,118,-538.0874,-4.560063,0,B,loss
fact_00396_Andy Middleton,1,3320184833,factual,171,-737.1942,-4.311077,0,B,loss
fact_00396_Andy Middleton,2,3320184834,factual,82,-319.577,-3.897281,1,A,loss
fact_00396_Andy Middleton,3,3320184835,factual,15,-56.4998,-3.766656,0,B,loss
fact_00396_Andy Middleton,4,3320184836,factual,171,-566.3422,-3.311943,0,Tie,tie
fact_00396_Andy Middleton,5,3320184837,factual,112,-423.9452,-3.785225,1,A,loss
fact_00396_Andy Middleton,6,3320184838,factual,14,-30.2982,-2.164157,1,B,win
fact_00396_Andy Middleton,7,3320184839,factual,200,-786.6647,-3.933323,0,B,loss
fact_00397_Anderson Silva,0,3320184832,factual,60,-224.7175,-3.745291,0,B,loss
fact_00397_Anderson Silva,1,3320184833,factual,32,-118.4973,-3.703039,0,B,loss
fact_00397_Anderson Silva,2,3320184834,factual,16,-98.1367,-6.133543,0,B,loss
fact_00397_Anderson Silva,3,3320184835,factual,156,-549.2714,-3.52097,1,Tie,tie
fact_00397_Anderson Silva,4,3320184836,factual,75,-212.6005,-2.834673,0,Tie,tie
fact_00397_Anderson Silva,5,3320184837,factual,23,-99.0326,-4.305766,0,B,loss
fact_00397_Anderson Silva,6,3320184838,factual,200,-640.1843,-3.200922,0,B,loss
fact_00397_Anderson Silva,7,3320184839,factual,0,0.0,0.0,1,B,win
fact_00399_Edgar Bennett,0,3320184832,factual,13,-44.9253,-3.455791,0,Tie,tie
fact_00399_Edgar Bennett,1,3320184833,factual,26,-87.1656,-3.352522,0,A,win
fact_00399_Edgar Bennett,2,3320184834,factual,200,-722.9678,-3.614839,1,Tie,tie
fact_00399_Edgar Bennett,3,3320184835,factual,102,-338.3316,-3.316976,0,A,win
fact_00399_Edgar Bennett,4,3320184836,factual,10,-62.0396,-6.203955,0,A,win
fact_00399_Edgar Bennett,5,3320184837,factual,95,-287.7054,-3.028478,0,A,win
fact_00399_Edgar Bennett,6,3320184838,factual,24,-65.9019,-2.745911,1,B,win
fact_00399_Edgar Bennett,7,3320184839,factual,8,-13.378,-1.672253,0,B,loss
fact_00401_Balázs Bekő,0,3320184832,factual,43,-128.5538,-2.989623,1,A,loss
fact_00401_Balázs Bekő,1,3320184833,factual,126,-343.9615,-2.729854,1,A,loss
fact_00401_Balázs Bekő,2,3320184834,factual,43,-145.1225,-3.374941,0,B,loss
fact_00401_Balázs Bekő,3,3320184835,factual,12,-54.8159,-4.567991,1,B,win
fact_00401_Balázs Bekő,4,3320184836,factual,201,-706.8597,-3.516715,1,B,win
fact_00401_Balázs Bekő,5,3320184837,factual,35,-160.2175,-4.577643,0,B,loss
fact_00401_Balázs Bekő,6,3320184838,factual,22,-100.415,-4.56432,1,B,win
fact_00401_Balázs Bekő,7,3320184839,factual,201,-642.4554,-3.196296,0,B,loss
fact_00404_Abraham Ancer,0,3320184832,factual,92,-224.6199,-2.441521,1,A,loss
fact_00404_Abraham Ancer,1,3320184833,factual,200,-743.5112,-3.717556,0,B,loss
fact_00404_Abraham Ancer,2,3320184834,factual,197,-669.8241,-3.400122,1,B,win
fact_00404_Abraham Ancer,3,3320184835,factual,201,-934.8342,-4.650917,1,Tie,tie
fact_00404_Abraham Ancer,4,3320184836,factual,129,-525.6262,-4.074622,0,B,loss
fact_00404_Abraham Ancer,5,3320184837,factual,91,-164.6049,-1.808845,0,B,loss
fact_00404_Abraham Ancer,6,3320184838,factual,200,-916.0344,-4.580172,1,B,win
fact_00404_Abraham Ancer,7,3320184839,factual,15,-44.3188,-2.954586,0,B,loss
fact_00418_A. K. Ramanujan,0,3320184832,factual,84,-264.9679,-3.15438,0,B,loss
fact_00418_A. K. Ramanujan,1,3320184833,factual,35,-147.4087,-4.211677,0,B,loss
fact_00418_A. K. Ramanujan,2,3320184834,factual,199,-969.1415,-4.870058,0,B,loss
fact_00418_A. K. Ramanujan,3,3320184835,factual,167,-378.4221,-2.266001,0,B,loss
fact_00418_A. K. Ramanujan,4,3320184836,factual,201,-631.2253,-3.140424,0,B,loss
fact_00418_A. K. Ramanujan,5,3320184837,factual,200,-717.5854,-3.587927,1,A,loss
fact_00418_A. K. Ramanujan,6,3320184838,factual,81,-435.7035,-5.379055,1,B,win
fact_00418_A. K. Ramanujan,7,3320184839,factual,201,-825.3536,-4.106237,1,B,win
fact_00420_Carlos Ghosn,0,3320184832,factual,111,-297.4329,-2.679576,1,B,win
fact_00420_Carlos Ghosn,1,3320184833,factual,109,-350.3137,-3.213887,1,B,win
fact_00420_Carlos Ghosn,2,3320184834,factual,95,-403.996,-4.25259,1,A,loss
fact_00420_Carlos Ghosn,3,3320184835,factual,117,-353.6583,-3.02272,0,B,loss
fact_00420_Carlos Ghosn,4,3320184836,factual,50,-163.1839,-3.263679,0,B,loss
fact_00420_Carlos Ghosn,5,3320184837,factual,201,-784.0164,-3.900579,1,B,win
fact_00420_Carlos Ghosn,6,3320184838,factual,111,-451.6931,-4.069307,0,B,loss
fact_00420_Carlos Ghosn,7,3320184839,factual,27,-128.8813,-4.773383,0,B,loss
fact_00421_Anurag Kashyap,0,3320184832,factual,14,-49.5998,-3.54284,1,A,loss
fact_00421_Anurag Kashyap,1,3320184833,factual,196,-617.8011,-3.152046,0,B,loss
fact_00421_Anurag Kashyap,2,3320184834,factual,125,-468.4486,-3.747589,0,B,loss
fact_00421_Anurag Kashyap,3,3320184835,factual,106,-485.1848,-4.577215,1,A,loss
fact_00421_Anurag Kashyap,4,3320184836,factual,75,-226.4825,-3.019766,1,A,loss
fact_00421_Anurag Kashyap,5,3320184837,factual,201,-913.9608,-4.547068,1,A,loss
fact_00421_Anurag Kashyap,6,3320184838,factual,63,-214.3439,-3.402284,1,A,loss
fact_00421_Anurag Kashyap,7,3320184839,factual,69,-306.033,-4.435261,1,A,loss
fact_00425_Angela Bairstow,0,3320184832,factual,73,-259.9935,-3.561554,0,B,loss
fact_00425_Angela Bairstow,1,3320184833,factual,200,-804.274,-4.02137,1,B,win
fact_00425_Angela Bairstow,2,3320184834,factual,80,-260.7535,-3.259419,1,Tie,tie
fact_00425_Angela Bairstow,3,3320184835,factual,201,-1039.3013,-5.170653,0,B,loss
fact_00425_Angela Bairstow,4,3320184836,factual,201,-819.947,-4.079338,0,B,loss
fact_00425_Angela Bairstow,5,3320184837,factual,172,-760.9445,-4.424096,0,B,loss
fact_00425_Angela Bairstow,6,3320184838,factual,107,-316.017,-2.95343,1,B,win
fact_00425_Angela Bairstow,7,3320184839,factual,132,-493.0093,-3.734919,1,Tie,tie
fact_00427_Ernestine Eckstein,0,3320184832,factual,14,-17.0534,-1.218098,1,Tie,tie
fact_00427_Ernestine Eckstein,1,3320184833,factual,156,-473.9828,-3.038352,1,Tie,tie
fact_00427_Ernestine Eckstein,2,3320184834,factual,52,-183.711,-3.532904,0,B,loss
fact_00427_Ernestine Eckstein,3,3320184835,factual,28,-165.1639,-5.898712,0,B,loss
fact_00427_Ernestine Eckstein,4,3320184836,factual,34,-101.6598,-2.989993,0,A,win
fact_00427_Ernestine Eckstein,5,3320184837,factual,114,-444.0987,-3.895603,1,Tie,tie
fact_00427_Ernestine Eckstein,6,3320184838,factual,21,-83.4157,-3.972178,0,B,loss
fact_00427_Ernestine Eckstein,7,3320184839,factual,48,-162.4686,-3.384762,1,Tie,tie
fact_00430_Ezekiel Elliott,0,3320184832,factual,19,-35.9023,-1.889593,0,B,loss
fact_00430_Ezekiel Elliott,1,3320184833,factual,132,-524.3037,-3.971998,1,A,loss
fact_00430_Ezekiel Elliott,2,3320184834,factual,200,-739.3951,-3.696976,0,B,loss
fact_00430_Ezekiel Elliott,3,3320184835,factual,9,-69.689,-7.74322,0,B,loss
fact_00430_Ezekiel Elliott,4,3320184836,factual,198,-836.1967,-4.223216,0,B,loss
fact_00430_Ezekiel Elliott,5,3320184837,factual,86,-295.9261,-3.441001,1,B,win
fact_00430_Ezekiel Elliott,6,3320184838,factual,41,-101.3076,-2.470917,0,B,loss
fact_00430_Ezekiel Elliott,7,3320184839,factual,123,-397.8346,-3.234428,1,B,win
fact_00433_Aaron Burr,0,3320184832,factual,161,-697.3068,-4.331098,1,B,win
fact_00433_Aaron Burr,1,3320184833,factual,200,-885.58,-4.4279,0,B,loss
fact_00433_Aaron Burr,2,3320184834,factual,200,-712.8514,-3.564257,1,B,win
fact_00433_Aaron Burr,3,3320184835,factual,38,-84.3965,-2.220961,1,B,win
fact_00433_Aaron Burr,4,3320184836,factual,13,-21.0897,-1.622288,0,B,loss
fact_00433_Aaron Burr,5,3320184837,factual,120,-365.209,-3.043409,0,B,loss
fact_00433_Aaron Burr,6,3320184838,factual,35,-113.5477,-3.24422,1,B,win
fact_00433_Aaron Burr,7,3320184839,factual,170,-719.05,-4.229706,1,B,win
fact_00444_Charles B. McVay III,0,3320184832,factual,159,-676.4763,-4.254568,1,A,loss
fact_00444_Charles B. McVay III,1,3320184833,factual,200,-656.9741,-3.284871,1,B,win
fact_00444_Charles B. McVay III,2,3320184834,factual,200,-878.7919,-4.393959,0,B,loss
fact_00444_Charles B. McVay III,3,3320184835,factual,184,-460.3602,-2.501958,0,B,loss
fact_00444_Charles B. McVay III,4,3320184836,factual,200,-577.2789,-2.886395,1,A,loss
fact_00444_Charles B. McVay III,5,3320184837,factual,199,-996.3782,-5.006926,1,A,loss
fact_00444_Charles B. McVay III,6,3320184838,factual,200,-714.931,-3.574655,1,A,loss
fact_00444_Charles B. McVay III,7,3320184839,factual,200,-925.4746,-4.627373,0,B,loss
fact_00448_Carol Chell,0,3320184832,factual,200,-762.9524,-3.814762,1,B,win
fact_00448_Carol Chell,1,3320184833,factual,80,-284.5377,-3.556721,0,A,win
fact_00448_Carol Chell,2,3320184834,factual,174,-649.5976,-3.73332,1,B,win
fact_00448_Carol Chell,3,3320184835,factual,95,-284.361,-2.993274,1,B,win
fact_00448_Carol Chell,4,3320184836,factual,160,-556.455,-3.477843,1,B,win
fact_00448_Carol Chell,5,3320184837,factual,38,-69.1641,-1.820109,1,B,win
fact_00448_Carol Chell,6,3320184838,factual,199,-818.7736,-4.11444,1,B,win
fact_00448_Carol Chell,7,3320184839,factual,21,-79.2468,-3.773655,1,B,win
fact_00449_Alen Omić,0,3320184832,factual,43,-155.5823,-3.618194,0,B,loss
fact_00449_Alen Omić,1,3320184833,factual,67,-180.6502,-2.696272,1,A,loss
fact_00449_Alen Omić,2,3320184834,factual,10,-53.3208,-5.332082,1,B,win
fact_00449_Alen Omić,3,3320184835,factual,201,-781.2002,-3.886568,0,B,loss
fact_00449_Alen Omić,4,3320184836,factual,55,-175.6546,-3.19372,0,B,loss
fact_00449_Alen Omić,5,3320184837,factual,95,-484.9097,-5.104312,1,A,loss
fact_00449_Alen Omić,6,3320184838,factual,67,-239.2101,-3.5703,1,A,loss
fact_00449_Alen Omić,7,3320184839,factual,201,-690.9206,-3.437416,0,B,loss
fact_00452_Alice Torriani,0,3320184832,factual,56,-126.8431,-2.265055,0,B,loss
fact_00452_Alice Torriani,1,3320184833,factual,63,-206.1062,-3.271526,0,Tie,tie
fact_00452_Alice Torriani,2,3320184834,factual,24,-51.7487,-2.156197,1,B,win
fact_00452_Alice Torriani,3,3320184835,factual,55,-168.5882,-3.06524,1,A,loss
fact_00452_Alice Torriani,4,3320184836,factual,120,-364.3038,-3.035865,0,A,win
fact_00452_Alice Torriani,5,3320184837,factual,24,-41.396,-1.724834,0,Tie,tie
fact_00452_Alice Torriani,6,3320184838,factual,27,-101.4832,-3.758638,1,B,win
fact_00452_Alice Torriani,7,3320184839,factual,52,-127.4591,-2.451136,0,A,win
fact_00454_Albert Outler,0,3320184832,factual,14,-63.6932,-4.549514,1,Tie,tie
fact_00454_Albert Outler,1,3320184833,factual,200,-537.3629,-2.686815,1,Tie,tie
fact_00454_Albert Outler,2,3320184834,factual,182,-682.4708,-3.74984,1,Tie,tie
fact_00454_Albert Outler,3,3320184835,factual,78,-278.8494,-3.574992,1,Tie,tie
fact_00454_Albert Outler,4,3320184836,factual,40,-141.2017,-3.530042,1,Tie,tie
fact_00454_Albert Outler,5,3320184837,factual,98,-345.6759,-3.527305,0,B,loss
fact_00454_Albert Outler,6,3320184838,factual,66,-260.5905,-3.948341,0,B,loss
fact_00454_Albert Outler,7,3320184839,factual,197,-661.7459,-3.359116,0,B,loss
fact_00459_Felician of Foligno,0,3320184832,factual,201,-617.428,-3.071781,0,B,loss
fact_00459_Felician of Foligno,1,3320184833,factual,116,-379.8046,-3.274177,0,B,loss
fact_00459_Felician of Foligno,2,3320184834,factual,39,-103.1719,-2.645432,0,B,loss
fact_00459_Felician of Foligno,3,3320184835,factual,201,-699.9779,-3.482477,0,B,loss
fact_00459_Felician of Foligno,4,3320184836,factual,11,-35.324,-3.211276,0,B,loss
fact_00459_Felician of Foligno,5,3320184837,factual,20,-65.1215,-3.256075,0,B,loss
fact_00459_Felician of Foligno,6,3320184838,factual,53,-139.6845,-2.635556,0,B,loss
fact_00459_Felician of Foligno,7,3320184839,factual,21,-87.5592,-4.169485,0,B,loss
fact_00460_Annie Landouw,0,3320184832,factual,19,-93.8181,-4.937792,1,B,win
fact_00460_Annie Landouw,1,3320184833,factual,42,-138.7707,-3.304065,1,B,win
fact_00460_Annie Landouw,2,3320184834,factual,52,-239.5974,-4.607643,0,B,loss
fact_00460_Annie Landouw,3,3320184835,factual,201,-805.6325,-4.008122,1,Tie,tie
fact_00460_Annie Landouw,4,3320184836,factual,34,-113.0917,-3.326228,0,B,loss
fact_00460_Annie Landouw,5,3320184837,factual,97,-361.9538,-3.731482,0,Tie,tie
fact_00460_Annie Landouw,6,3320184838,factual,188,-157.1429,-0.835866,0,Tie,tie
fact_00460_Annie Landouw,7,3320184839,factual,107,-214.2614,-2.002443,1,B,win
fact_00462_Bhāskara I,0,3320184832,factual,201,-639.7,-3.182587,0,B,loss
fact_00462_Bhāskara I,1,3320184833,factual,20,-86.3344,-4.316721,0,B,loss
fact_00462_Bhāskara I,2,3320184834,factual,84,-230.9794,-2.749755,1,B,win
fact_00462_Bhāskara I,3,3320184835,factual,201,-802.4774,-3.992425,0,B,loss
fact_00462_Bhāskara I,4,3320184836,factual,201,-674.0369,-3.353418,0,B,loss
fact_00462_Bhāskara I,5,3320184837,factual,42,-149.5262,-3.560147,1,A,loss
fact_00462_Bhāskara I,6,3320184838,factual,159,-333.9374,-2.100235,0,B,loss
fact_00462_Bhāskara I,7,3320184839,factual,129,-498.2259,-3.862216,0,B,loss
fact_00464_Damon Herriman,0,3320184832,factual,200,-933.3936,-4.666968,1,B,win
fact_00464_Damon Herriman,1,3320184833,factual,200,-608.4614,-3.042307,1,B,win
fact_00464_Damon Herriman,2,3320184834,factual,74,-332.4608,-4.492713,0,B,loss
fact_00464_Damon Herriman,3,3320184835,factual,51,-190.9524,-3.744165,0,B,loss
fact_00464_Damon Herriman,4,3320184836,factual,38,-91.623,-2.411132,0,B,loss
fact_00464_Damon Herriman,5,3320184837,factual,136,-576.9359,-4.242176,0,B,loss
fact_00464_Damon Herriman,6,3320184838,factual,17,-49.4421,-2.908361,1,B,win
fact_00464_Damon Herriman,7,3320184839,factual,113,-387.9778,-3.433431,1,A,loss
fact_00466_Feroze Gandhi,0,3320184832,factual,27,-47.7647,-1.769064,0,B,loss
fact_00466_Feroze Gandhi,1,3320184833,factual,47,-179.3418,-3.815784,1,A,loss
fact_00466_Feroze Gandhi,2,3320184834,factual,81,-347.2288,-4.286775,1,A,loss
fact_00466_Feroze Gandhi,3,3320184835,factual,44,-202.6245,-4.605101,0,B,loss
fact_00466_Feroze Gandhi,4,3320184836,factual,46,-174.9697,-3.803688,0,B,loss
fact_00466_Feroze Gandhi,5,3320184837,factual,142,-354.0766,-2.493497,0,B,loss
fact_00466_Feroze Gandhi,6,3320184838,factual,19,-51.4363,-2.707173,1,B,win
fact_00466_Feroze Gandhi,7,3320184839,factual,201,-686.666,-3.416249,0,B,loss
fact_00471_D. B. Nihalsinghe,0,3320184832,factual,200,-640.0518,-3.200259,0,B,loss
fact_00471_D. B. Nihalsinghe,1,3320184833,factual,38,-125.7455,-3.309093,0,B,loss
fact_00471_D. B. Nihalsinghe,2,3320184834,factual,200,-847.4252,-4.237126,1,A,loss
fact_00471_D. B. Nihalsinghe,3,3320184835,factual,172,-357.6431,-2.07932,0,B,loss
fact_00471_D. B. Nihalsinghe,4,3320184836,factual,200,-598.8131,-2.994066,1,Tie,tie
fact_00471_D. B. Nihalsinghe,5,3320184837,factual,82,-334.4694,-4.078895,0,B,loss
fact_00471_D. B. Nihalsinghe,6,3320184838,factual,18,-90.6701,-5.037228,1,A,loss
fact_00471_D. B. Nihalsinghe,7,3320184839,factual,69,-212.3123,-3.076989,1,Tie,tie
fact_00478_F. Gwynplaine MacIntyre,0,3320184832,factual,199,-686.575,-3.450126,0,A,win
fact_00478_F. Gwynplaine MacIntyre,1,3320184833,factual,106,-261.4088,-2.466121,0,B,loss
fact_00478_F. Gwynplaine MacIntyre,2,3320184834,factual,147,-583.9736,-3.97261,0,Tie,tie
fact_00478_F. Gwynplaine MacIntyre,3,3320184835,factual,23,-165.8031,-7.208832,1,B,win
fact_00478_F. Gwynplaine MacIntyre,4,3320184836,factual,30,-147.2182,-4.907272,1,Tie,tie
fact_00478_F. Gwynplaine MacIntyre,5,3320184837,factual,121,-447.8063,-3.700878,1,B,win
fact_00478_F. Gwynplaine MacIntyre,6,3320184838,factual,20,-115.94,-5.797001,0,B,loss
fact_00478_F. Gwynplaine MacIntyre,7,3320184839,factual,55,-154.9686,-2.817611,1,B,win
fact_00486_Fidel Castro,0,3320184832,factual,70,-248.583,-3.551186,0,B,loss
fact_00486_Fidel Castro,1,3320184833,factual,23,-50.5478,-2.19773,0,B,loss
fact_00486_Fidel Castro,2,3320184834,factual,141,-478.073,-3.390588,1,A,loss
fact_00486_Fidel Castro,3,3320184835,factual,201,-778.5985,-3.873624,0,B,loss
fact_00486_Fidel Castro,4,3320184836,factual,201,-551.6533,-2.744544,0,B,loss
fact_00486_Fidel Castro,5,3320184837,factual,75,-208.5244,-2.780325,0,B,loss
fact_00486_Fidel Castro,6,3320184838,factual,201,-563.1082,-2.801533,1,A,loss
fact_00486_Fidel Castro,7,3320184839,factual,15,-45.954,-3.063597,0,B,loss
fact_00489_Bir Hambir,0,3320184832,factual,201,-591.3101,-2.941841,1,Tie,tie
fact_00489_Bir Hambir,1,3320184833,factual,201,-936.6172,-4.659787,1,Tie,tie
fact_00489_Bir Hambir,2,3320184834,factual,91,-362.5367,-3.98392,0,A,win
fact_00489_Bir Hambir,3,3320184835,factual,51,-199.4762,-3.911299,0,Tie,tie
fact_00489_Bir Hambir,4,3320184836,factual,137,-690.3279,-5.03889,0,Tie,tie
fact_00489_Bir Hambir,5,3320184837,factual,159,-628.4586,-3.95257,1,Tie,tie
fact_00489_Bir Hambir,6,3320184838,factual,76,-321.1333,-4.225439,1,Tie,tie
fact_00489_Bir Hambir,7,3320184839,factual,12,-57.0699,-4.755825,1,Tie,tie
fact_00491_Avraham Eilam-Amzallag,0,3320184832,factual,10,-39.6119,-3.961189,0,B,loss
fact_00491_Avraham Eilam-Amzallag,1,3320184833,factual,141,-360.6413,-2.55774,1,B,win
fact_00491_Avraham Eilam-Amzallag,2,3320184834,factual,200,-501.4779,-2.50739,0,Tie,tie
fact_00491_Avraham Eilam-Amzallag,3,3320184835,factual,81,-239.6405,-2.958525,0,B,loss
fact_00491_Avraham Eilam-Amzallag,4,3320184836,factual,48,-188.429,-3.925605,0,B,loss
fact_00491_Avraham Eilam-Amzallag,5,3320184837,factual,200,-795.6461,-3.978231,0,Tie,tie
fact_00491_Avraham Eilam-Amzallag,6,3320184838,factual,52,-123.8224,-2.381199,0,Tie,tie
fact_00491_Avraham Eilam-Amzallag,7,3320184839,factual,38,-100.6662,-2.649111,0,A,win
fact_00492_Date Narikuni,0,3320184832,factual,200,-681.811,-3.409055,0,B,loss
fact_00492_Date Narikuni,1,3320184833,factual,201,-790.7559,-3.934109,1,A,loss
fact_00492_Date Narikuni,2,3320184834,factual,72,-350.9716,-4.874605,0,B,loss
fact_00492_Date Narikuni,3,3320184835,factual,37,-160.3778,-4.334535,0,Tie,tie
fact_00492_Date Narikuni,4,3320184836,factual,192,-622.5738,-3.242572,1,A,loss
fact_00492_Date Narikuni,5,3320184837,factual,50,-157.1183,-3.142365,1,B,win
fact_00492_Date Narikuni,6,3320184838,factual,40,-222.5426,-5.563565,0,B,loss
fact_00492_Date Narikuni,7,3320184839,factual,27,-100.4875,-3.721759,1,B,win
fact_00495_Ariel Behar,0,3320184832,factual,48,-190.535,-3.969478,1,B,win
fact_00495_Ariel Behar,1,3320184833,factual,200,-755.9879,-3.77994,1,B,win
fact_00495_Ariel Behar,2,3320184834,factual,179,-784.8167,-4.384451,0,B,loss
fact_00495_Ariel Behar,3,3320184835,factual,37,-108.9962,-2.945844,1,B,win
fact_00495_Ariel Behar,4,3320184836,factual,29,-73.8023,-2.544908,0,B,loss
fact_00495_Ariel Behar,5,3320184837,factual,201,-722.5121,-3.594588,1,B,win
fact_00495_Ariel Behar,6,3320184838,factual,72,-247.9706,-3.444036,1,Tie,tie
fact_00495_Ariel Behar,7,3320184839,factual,114,-451.3506,-3.959216,0,B,loss
fact_00498_DeAnna Bennett,0,3320184832,factual,14,-52.493,-3.749502,1,A,loss
fact_00498_DeAnna Bennett,1,3320184833,factual,21,-57.5743,-2.741634,1,A,loss
fact_00498_DeAnna Bennett,2,3320184834,factual,201,-1015.2169,-5.05083,1,Tie,tie
fact_00498_DeAnna Bennett,3,3320184835,factual,10,-64.0608,-6.406079,0,B,loss
fact_00498_DeAnna Bennett,4,3320184836,factual,201,-680.3561,-3.384856,0,A,win
fact_00498_DeAnna Bennett,5,3320184837,factual,165,-459.5682,-2.785262,0,A,win
fact_00498_DeAnna Bennett,6,3320184838,factual,201,-634.0607,-3.154531,0,B,loss
fact_00498_DeAnna Bennett,7,3320184839,factual,34,-121.4862,-3.573123,1,Tie,tie
g4fs4z,0,3320184832,creative,201,-853.8273,-4.247897,0,B,loss
g4fs4z,1,3320184833,creative,76,-289.6142,-3.810713,1,A,loss
g4fs4z,2,3320184834,creative,196,-855.2775,-4.363661,1,A,loss
g4fs4z,3,3320184835,creative,202,-873.1132,-4.322343,1,B,win
g4fs4z,4,3320184836,creative,45,-181.4612,-4.032471,0,B,loss
g4fs4z,5,3320184837,creative,202,-804.2421,-3.981396,1,B,win
g4fs4z,6,3320184838,creative,190,-704.9448,-3.710236,0,B,loss
g4fs4z,7,3320184839,creative,201,-890.4757,-4.430227,1,A,loss
gyp3c3,0,3320184832,creative,140,-410.4652,-2.931895,0,B,loss
gyp3c3,1,3320184833,creative,201,-823.8014,-4.098514,0,B,loss
gyp3c3,2,3320184834,creative,201,-627.2468,-3.120631,0,B,loss
gyp3c3,3,3320184835,creative,119,-537.468,-4.516538,0,B,loss
gyp3c3,4,3320184836,creative,55,-174.1266,-3.165939,0,B,loss
gyp3c3,5,3320184837,creative,40,-169.8256,-4.24564,1,A,loss
gyp3c3,6,3320184838,creative,201,-1007.1136,-5.010516,1,A,loss
gyp3c3,7,3320184839,creative,79,-435.694,-5.515114,1,Tie,tie
hmsv36,0,3320184832,creative,204,-714.0332,-3.500163,1,B,win
hmsv36,1,3320184833,creative,204,-605.4242,-2.967766,1,B,win
hmsv36,2,3320184834,creative,111,-173.3741,-1.561929,0,B,loss
hmsv36,3,3320184835,creative,165,-316.3857,-1.917489,0,A,win
hmsv36,4,3320184836,creative,4,-13.7128,-3.428209,1,A,loss
hmsv36,5,3320184837,creative,204,-835.3094,-4.094654,1,B,win
hmsv36,6,3320184838,creative,99,-305.611,-3.086979,0,B,loss
hmsv36,7,3320184839,creative,178,-523.6672,-2.94195,0,B,loss
hrkod1,0,3320184832,creative,11,-43.1664,-3.924221,1,A,loss
hrkod1,1,3320184833,creative,189,-687.4225,-3.637156,0,B,loss
hrkod1,2,3320184834,creative,61,-255.813,-4.193656,1,A,loss
hrkod1,3,3320184835,creative,203,-769.7484,-3.791864,1,A,loss
hrkod1,4,3320184836,creative,69,-334.8651,-4.853118,1,A,loss
hrkod1,5,3320184837,creative,203,-808.9907,-3.985176,0,B,loss
hrkod1,6,3320184838,creative,203,-722.2845,-3.558052,1,A,loss
hrkod1,7,3320184839,creative,203,-779.4143,-3.839479,1,A,loss
irdp6g,0,3320184832,creative,2,-2.3313,-1.165663,0,A,win
irdp6g,1,3320184833,creative,2,-2.3313,-1.165663,1,B,win
irdp6g,2,3320184834,creative,2,-2.3313,-1.165663,1,B,win
irdp6g,3,3320184835,creative,2,-2.3313,-1.165663,0,A,win
irdp6g,4,3320184836,creative,2,-2.3313,-1.165663,1,B,win
irdp6g,5,3320184837,creative,202,-818.332,-4.051148,1,B,win
irdp6g,6,3320184838,creative,2,-2.3313,-1.165663,1,B,win
irdp6g,7,3320184839,creative,2,-2.3313,-1.165663,1,B,win
iuj8br,0,3320184832,creative,59,-231.9584,-3.931498,1,B,win
iuj8br,1,3320184833,creative,58,-221.8246,-3.824562,0,B,loss
iuj8br,2,3320184834,creative,204,-438.4093,-2.149065,0,A,win
iuj8br,3,3320184835,creative,109,-296.631,-2.721385,1,B,win
iuj8br,4,3320184836,creative,112,-432.136,-3.858357,0,A,win
iuj8br,5,3320184837,creative,27,-42.1858,-1.562438,0,B,loss
iuj8br,6,3320184838,creative,29,-66.904,-2.307033,1,Tie,tie
iuj8br,7,3320184839,creative,25,-69.8492,-2.793969,1,Tie,tie
jizn99,0,3320184832,creative,21,-101.6562,-4.840774,0,B,loss
jizn99,1,3320184833,creative,200,-394.6181,-1.973091,0,B,loss
jizn99,2,3320184834,creative,34,-164.3231,-4.833033,1,A,loss
jizn99,3,3320184835,creative,166,-596.365,-3.59256,1,A,loss
jizn99,4,3320184836,creative,24,-101.1666,-4.215275,1,A,loss
jizn99,5,3320184837,creative,200,-1015.9002,-5.079501,1,A,loss
jizn99,6,3320184838,creative,42,-158.1661,-3.765859,1,A,loss
jizn99,7,3320184839,creative,99,-544.6982,-5.502002,0,B,loss
jjrido,0,3320184832,creative,93,-382.8726,-4.11691,0,A,win
jjrido,1,3320184833,creative,202,-795.7137,-3.939177,0,B,loss
jjrido,2,3320184834,creative,202,-737.1384,-3.6492,1,A,loss
jjrido,3,3320184835,creative,202,-633.9052,-3.138144,1,A,loss
jjrido,4,3320184836,creative,19,-68.3877,-3.599353,1,B,win
jjrido,5,3320184837,creative,103,-400.9144,-3.892373,0,A,win
jjrido,6,3320184838,creative,98,-335.3726,-3.42217,0,A,win
jjrido,7,3320184839,creative,119,-178.1708,-1.497234,0,A,win
llrdyo,0,3320184832,creative,0,0.0,0.0,1,A,loss
llrdyo,1,3320184833,creative,106,-164.7338,-1.554092,0,Tie,tie
llrdyo,2,3320184834,creative,26,-103.0496,-3.963447,1,A,loss
llrdyo,3,3320184835,creative,200,-728.2791,-3.641395,0,Tie,tie
llrdyo,4,3320184836,creative,0,0.0,0.0,1,A,loss
llrdyo,5,3320184837,creative,175,-700.1727,-4.000987,0,B,loss
llrdyo,6,3320184838,creative,0,0.0,0.0,0,B,loss
llrdyo,7,3320184839,creative,5,-34.2701,-6.854012,0,B,loss
lvcurd,0,3320184832,creative,201,-510.0425,-2.537525,1,B,win
lvcurd,1,3320184833,creative,21,-98.0588,-4.669465,0,B,loss
lvcurd,2,3320184834,creative,24,-103.8012,-4.325049,1,A,loss
lvcurd,3,3320184835,creative,1,-0.9177,-0.917691,0,B,loss
lvcurd,4,3320184836,creative,29,-146.1573,-5.039906,0,Tie,tie
lvcurd,5,3320184837,creative,201,-1005.5693,-5.002833,0,Tie,tie
lvcurd,6,3320184838,creative,201,-784.8532,-3.904742,0,Tie,tie
lvcurd,7,3320184839,creative,1,-0.9177,-0.917691,0,B,loss
m70bt5,0,3320184832,creative,201,-915.4853,-4.554653,1,B,win
m70bt5,1,3320184833,creative,201,-861.5212,-4.286175,0,B,loss
m70bt5,2,3320184834,creative,1,-0.8908,-0.890833,0,Tie,tie
m70bt5,3,3320184835,creative,200,-864.5875,-4.322938,0,Tie,tie
m70bt5,4,3320184836,creative,61,-118.4373,-1.941594,1,B,win
m70bt5,5,3320184837,creative,174,-704.3428,-4.047947,0,Tie,tie
m70bt5,6,3320184838,creative,29,-151.048,-5.208552,0,Tie,tie
m70bt5,7,3320184839,creative,201,-474.0814,-2.358614,1,Tie,tie
mjrz7h,0,3320184832,creative,40,-213.6533,-5.341333,0,B,loss
mjrz7h,1,3320184833,creative,91,-334.882,-3.680022,0,B,loss
mjrz7h,2,3320184834,creative,5,-7.0376,-1.407525,0,B,loss
mjrz7h,3,3320184835,creative,5,-7.0376,-1.407525,0,B,loss
mjrz7h,4,3320184836,creative,5,-7.0376,-1.407525,0,B,loss
mjrz7h,5,3320184837,creative,49,-188.9022,-3.855147,0,Tie,tie
mjrz7h,6,3320184838,creative,5,-7.0376,-1.407525,1,B,win
mjrz7h,7,3320184839,creative,205,-942.8033,-4.599041,0,Tie,tie
neutral_bio_000,0,3320184832,neutral,199,-618.1119,-3.10609,0,A,win
neutral_bio_000,1,3320184833,neutral,181,-452.8221,-2.501779,1,A,loss
neutral_bio_000,2,3320184834,neutral,200,-684.5004,-3.422502,1,B,win
neutral_bio_000,3,3320184835,neutral,200,-571.4747,-2.857373,1,B,win
neutral_bio_000,4,3320184836,neutral,200,-538.2201,-2.6911,1,B,win
neutral_bio_000,5,3320184837,neutral,86,-190.1247,-2.210752,1,B,win
neutral_bio_000,6,3320184838,neutral,32,-142.2487,-4.445273,1,B,win
neutral_bio_000,7,3320184839,neutral,152,-844.2374,-5.554194,1,B,win
neutral_bio_001,0,3320184832,neutral,0,0.0,0.0,0,B,loss
neutral_bio_001,1,3320184833,neutral,166,-530.9338,-3.198397,0,B,loss
neutral_bio_001,2,3320184834,neutral,152,-668.3158,-4.396814,0,B,loss
neutral_bio_001,3,3320184835,neutral,200,-737.5007,-3.687504,0,B,loss
neutral_bio_001,4,3320184836,neutral,101,-323.8854,-3.206786,1,A,loss
neutral_bio_001,5,3320184837,neutral,176,-802.7814,-4.561258,0,B,loss
neutral_bio_001,6,3320184838,neutral,53,-200.9544,-3.791592,1,A,loss
neutral_bio_001,7,3320184839,neutral,84,-318.9655,-3.797208,0,B,loss
neutral_bio_002,0,3320184832,neutral,185,-754.5383,-4.078586,0,A,win
neutral_bio_002,1,3320184833,neutral,200,-656.1329,-3.280665,0,B,loss
neutral_bio_002,2,3320184834,neutral,164,-314.9626,-1.920504,1,A,loss
neutral_bio_002,3,3320184835,neutral,106,-211.4251,-1.994576,1,B,win
neutral_bio_002,4,3320184836,neutral,0,0.0,0.0,0,B,loss
neutral_bio_002,5,3320184837,neutral,0,0.0,0.0,0,B,loss
neutral_bio_002,6,3320184838,neutral,200,-668.5487,-3.342744,1,B,win
neutral_bio_002,7,3320184839,neutral,69,-135.4515,-1.963066,1,Tie,tie
neutral_bio_003,0,3320184832,neutral,200,-866.3871,-4.331935,0,A,win
neutral_bio_003,1,3320184833,neutral,62,-174.5547,-2.815399,0,B,loss
neutral_bio_003,2,3320184834,neutral,0,0.0,0.0,0,B,loss
neutral_bio_003,3,3320184835,neutral,0,0.0,0.0,1,B,win
neutral_bio_003,4,3320184836,neutral,200,-618.0963,-3.090482,0,Tie,tie
neutral_bio_003,5,3320184837,neutral,16,-47.9427,-2.99642,1,A,loss
neutral_bio_003,6,3320184838,neutral,0,0.0,0.0,0,B,loss
neutral_bio_003,7,3320184839,neutral,0,0.0,0.0,1,B,win
neutral_bio_004,0,3320184832,neutral,200,-773.3771,-3.866885,1,B,win
neutral_bio_004,1,3320184833,neutral,147,-493.5649,-3.357585,0,B,loss
neutral_bio_004,2,3320184834,neutral,32,-123.3245,-3.853892,0,A,win
neutral_bio_004,3,3320184835,neutral,200,-646.3955,-3.231978,0,A,win
neutral_bio_004,4,3320184836,neutral,200,-583.2023,-2.916011,0,A,win
neutral_bio_004,5,3320184837,neutral,145,-461.8837,-3.185405,0,A,win
neutral_bio_004,6,3320184838,neutral,200,-442.8658,-2.214329,0,B,loss
neutral_bio_004,7,3320184839,neutral,74,-313.3653,-4.234666,1,B,win
neutral_bio_005,0,3320184832,neutral,27,-103.4426,-3.831209,0,B,loss
neutral_bio_005,1,3320184833,neutral,31,-93.764,-3.024646,1,B,win
neutral_bio_005,2,3320184834,neutral,75,-376.7883,-5.023844,0,B,loss
neutral_bio_005,3,3320184835,neutral,0,0.0,0.0,0,B,loss
neutral_bio_005,4,3320184836,neutral,200,-762.6207,-3.813104,0,B,loss
neutral_bio_005,5,3320184837,neutral,0,0.0,0.0,0,B,loss
neutral_bio_005,6,3320184838,neutral,8,-25.3457,-3.168219,1,B,win
neutral_bio_005,7,3320184839,neutral,36,-183.4844,-5.09679,0,B,loss
neutral_bio_006,0,3320184832,neutral,200,-440.0325,-2.200163,1,Tie,tie
neutral_bio_006,1,3320184833,neutral,126,-232.5044,-1.845273,1,A,loss
neutral_bio_006,2,3320184834,neutral,200,-674.2432,-3.371216,1,A,loss
neutral_bio_006,3,3320184835,neutral,124,-329.832,-2.659936,1,A,loss
neutral_bio_006,4,3320184836,neutral,200,-414.7934,-2.073967,0,B,loss
neutral_bio_006,5,3320184837,neutral,102,-424.1899,-4.158725,0,B,loss
neutral_bio_006,6,3320184838,neutral,200,-598.8821,-2.99441,1,Tie,tie
neutral_bio_006,7,3320184839,neutral,21,-33.4454,-1.592636,1,B,win
neutral_bio_007,0,3320184832,neutral,2,-3.6513,-1.825673,0,B,loss
neutral_bio_007,1,3320184833,neutral,202,-822.0735,-4.069671,0,B,loss
neutral_bio_007,2,3320184834,neutral,92,-246.3678,-2.67791,0,B,loss
neutral_bio_007,3,3320184835,neutral,147,-383.9587,-2.611964,1,B,win
neutral_bio_007,4,3320184836,neutral,2,-3.6513,-1.825673,1,B,win
neutral_bio_007,5,3320184837,neutral,86,-405.7496,-4.718019,0,B,loss
neutral_bio_007,6,3320184838,neutral,2,-3.6513,-1.825673,0,B,loss
neutral_bio_007,7,3320184839,neutral,88,-229.0544,-2.602891,0,B,loss
neutral_bio_008,0,3320184832,neutral,100,-392.5394,-3.925394,0,B,loss
neutral_bio_008,1,3320184833,neutral,200,-781.5737,-3.907869,1,A,loss
neutral_bio_008,2,3320184834,neutral,200,-819.3075,-4.096537,0,B,loss
neutral_bio_008,3,3320184835,neutral,134,-412.2251,-3.076306,0,B,loss
neutral_bio_008,4,3320184836,neutral,40,-134.6609,-3.366521,0,B,loss
neutral_bio_008,5,3320184837,neutral,200,-690.0485,-3.450242,1,A,loss
neutral_bio_008,6,3320184838,neutral,200,-481.7714,-2.408857,0,B,loss
neutral_bio_008,7,3320184839,neutral,200,-768.0023,-3.840012,1,A,loss
neutral_bio_009,0,3320184832,neutral,0,0.0,0.0,1,Tie,tie
neutral_bio_009,1,3320184833,neutral,172,-478.2144,-2.780316,0,B,loss
neutral_bio_009,2,3320184834,neutral,200,-553.9515,-2.769757,0,A,win
neutral_bio_009,3,3320184835,neutral,200,-448.6261,-2.24313,1,B,win
neutral_bio_009,4,3320184836,neutral,200,-575.0607,-2.875303,1,A,loss
neutral_bio_009,5,3320184837,neutral,200,-726.4762,-3.632381,1,B,win
neutral_bio_009,6,3320184838,neutral,113,-299.7169,-2.652362,0,B,loss
neutral_bio_009,7,3320184839,neutral,99,-279.1216,-2.819411,1,B,win
neutral_bio_010,0,3320184832,neutral,9,-26.9308,-2.992315,0,Tie,tie
neutral_bio_010,1,3320184833,neutral,200,-675.8073,-3.379036,1,A,loss
neutral_bio_010,2,3320184834,neutral,200,-795.7285,-3.978643,1,A,loss
neutral_bio_010,3,3320184835,neutral,196,-650.6197,-3.319488,1,A,loss
neutral_bio_010,4,3320184836,neutral,17,-78.4353,-4.613839,1,B,win
neutral_bio_010,5,3320184837,neutral,117,-253.6974,-2.168354,0,B,loss
neutral_bio_010,6,3320184838,neutral,200,-583.9258,-2.919629,0,B,loss
neutral_bio_010,7,3320184839,neutral,200,-481.6738,-2.408369,0,B,loss
neutral_bio_011,0,3320184832,neutral,71,-237.3057,-3.342334,0,B,loss
neutral_bio_011,1,3320184833,neutral,12,-58.4483,-4.870691,1,B,win
neutral_bio_011,2,3320184834,neutral,0,0.0,0.0,1,B,win
neutral_bio_011,3,3320184835,neutral,200,-481.3956,-2.406978,0,A,win
neutral_bio_011,4,3320184836,neutral,183,-511.2761,-2.793858,1,B,win
neutral_bio_011,5,3320184837,neutral,88,-278.3395,-3.162949,1,B,win
neutral_bio_011,6,3320184838,neutral,0,0.0,0.0,1,B,win
neutral_bio_011,7,3320184839,neutral,90,-247.1167,-2.745741,0,B,loss
neutral_bio_012,0,3320184832,neutral,200,-914.0085,-4.570043,1,Tie,tie
neutral_bio_012,1,3320184833,neutral,35,-86.4707,-2.47059,0,B,loss
neutral_bio_012,2,3320184834,neutral,78,-240.7193,-3.086145,0,A,win
neutral_bio_012,3,3320184835,neutral,95,-292.3118,-3.076967,0,A,win
neutral_bio_012,4,3320184836,neutral,101,-351.6111,-3.481298,0,A,win
neutral_bio_012,5,3320184837,neutral,134,-399.1945,-2.979063,1,B,win
neutral_bio_012,6,3320184838,neutral,29,-61.3066,-2.114021,1,B,win
neutral_bio_012,7,3320184839,neutral,172,-539.0985,-3.134294,1,Tie,tie
neutral_bio_013,0,3320184832,neutral,1,-3.593,-3.593049,1,A,loss
neutral_bio_013,1,3320184833,neutral,119,-357.7527,-3.006325,0,B,loss
neutral_bio_013,2,3320184834,neutral,201,-703.4383,-3.499693,0,B,loss
neutral_bio_013,3,3320184835,neutral,201,-903.6503,-4.495772,1,B,win
neutral_bio_013,4,3320184836,neutral,1,-3.593,-3.593049,0,B,loss
neutral_bio_013,5,3320184837,neutral,201,-662.7505,-3.297266,0,B,loss
neutral_bio_013,6,3320184838,neutral,1,-3.593,-3.593049,1,A,loss
neutral_bio_013,7,3320184839,neutral,69,-305.2836,-4.4244,0,B,loss
neutral_bio_014,0,3320184832,neutral,200,-709.0775,-3.545387,0,B,loss
neutral_bio_014,1,3320184833,neutral,144,-664.6108,-4.615353,0,B,loss
neutral_bio_014,2,3320184834,neutral,157,-452.6839,-2.883337,0,B,loss
neutral_bio_014,3,3320184835,neutral,56,-202.903,-3.623268,1,A,loss
neutral_bio_014,4,3320184836,neutral,3,-28.0496,-9.349864,0,B,loss
neutral_bio_014,5,3320184837,neutral,0,0.0,0.0,0,B,loss
neutral_bio_014,6,3320184838,neutral,200,-718.1838,-3.590919,0,B,loss
neutral_bio_014,7,3320184839,neutral,56,-182.0911,-3.251627,1,A,loss
neutral_bio_015,0,3320184832,neutral,0,0.0,0.0,1,A,loss
neutral_bio_015,1,3320184833,neutral,33,-124.1796,-3.76302,0,B,loss
neutral_bio_015,2,3320184834,neutral,200,-639.3503,-3.196752,1,A,loss
neutral_bio_015,3,3320184835,neutral,110,-397.8517,-3.616833,0,B,loss
neutral_bio_015,4,3320184836,neutral,200,-696.7574,-3.483787,0,B,loss
neutral_bio_015,5,3320184837,neutral,149,-410.3347,-2.753924,0,B,loss
neutral_bio_015,6,3320184838,neutral,93,-277.2896,-2.981609,0,B,loss
neutral_bio_015,7,3320184839,neutral,181,-607.0809,-3.354038,1,A,loss
neutral_bio_016,0,3320184832,neutral,200,-694.1664,-3.470832,1,A,loss
neutral_bio_016,1,3320184833,neutral,200,-734.4938,-3.672469,1,A,loss
neutral_bio_016,2,3320184834,neutral,137,-469.7155,-3.428581,1,B,win
neutral_bio_016,3,3320184835,neutral,42,-140.2994,-3.340462,1,A,loss
neutral_bio_016,4,3320184836,neutral,165,-539.0068,-3.266708,1,B,win
neutral_bio_016,5,3320184837,neutral,16,-50.865,-3.17906,1,B,win
neutral_bio_016,6,3320184838,neutral,199,-635.6877,-3.19441,1,A,loss
neutral_bio_016,7,3320184839,neutral,200,-659.3156,-3.296578,1,A,loss
neutral_bio_017,0,3320184832,neutral,201,-667.533,-3.321059,0,B,loss
neutral_bio_017,1,3320184833,neutral,163,-480.1885,-2.945942,0,B,loss
neutral_bio_017,2,3320184834,neutral,135,-362.4721,-2.684979,1,A,loss
neutral_bio_017,3,3320184835,neutral,66,-200.2227,-3.033677,0,B,loss
neutral_bio_017,4,3320184836,neutral,60,-182.3529,-3.039216,0,B,loss
neutral_bio_017,5,3320184837,neutral,11,-26.4978,-2.408888,1,B,win
neutral_bio_017,6,3320184838,neutral,138,-434.1194,-3.145793,1,B,win
neutral_bio_017,7,3320184839,neutral,1,-3.5738,-3.573766,1,A,loss
neutral_bio_018,0,3320184832,neutral,200,-567.629,-2.838145,1,B,win
neutral_bio_018,1,3320184833,neutral,199,-685.155,-3.44299,1,B,win
neutral_bio_018,2,3320184834,neutral,126,-454.8257,-3.609728,0,B,loss
neutral_bio_018,3,3320184835,neutral,200,-716.4874,-3.582437,0,B,loss
neutral_bio_018,4,3320184836,neutral,200,-603.0787,-3.015394,1,B,win
neutral_bio_018,5,3320184837,neutral,124,-411.3471,-3.317315,0,B,loss
neutral_bio_018,6,3320184838,neutral,200,-611.1312,-3.055656,0,B,loss
neutral_bio_018,7,3320184839,neutral,36,-111.4562,-3.096004,0,B,loss
neutral_bio_019,0,3320184832,neutral,200,-623.0305,-3.115152,0,B,loss
neutral_bio_019,1,3320184833,neutral,4,-20.9945,-5.248631,1,A,loss
neutral_bio_019,2,3320184834,neutral,0,0.0,0.0,1,B,win
neutral_bio_019,3,3320184835,neutral,168,-647.5288,-3.854338,0,B,loss
neutral_bio_019,4,3320184836,neutral,200,-777.3652,-3.886826,0,B,loss
neutral_bio_019,5,3320184837,neutral,51,-135.8976,-2.664658,1,B,win
neutral_bio_019,6,3320184838,neutral,0,0.0,0.0,1,B,win
neutral_bio_019,7,3320184839,neutral,98,-205.7411,-2.099399,1,B,win
neutral_bio_020,0,3320184832,neutral,201,-555.95,-2.76592,0,B,loss
neutral_bio_020,1,3320184833,neutral,156,-431.9584,-2.768964,0,B,loss
neutral_bio_020,2,3320184834,neutral,66,-123.12,-1.865455,1,A,loss
neutral_bio_020,3,3320184835,neutral,21,-58.9591,-2.807575,0,B,loss
neutral_bio_020,4,3320184836,neutral,113,-332.1378,-2.939272,0,B,loss
neutral_bio_020,5,3320184837,neutral,1,-4.1155,-4.115542,0,B,loss
neutral_bio_020,6,3320184838,neutral,141,-444.1156,-3.149756,0,B,loss
neutral_bio_020,7,3320184839,neutral,201,-641.8585,-3.193326,0,B,loss
neutral_bio_021,0,3320184832,neutral,185,-680.5303,-3.678542,1,A,loss
neutral_bio_021,1,3320184833,neutral,0,0.0,0.0,0,B,loss
neutral_bio_021,2,3320184834,neutral,95,-256.6656,-2.701744,1,A,loss
neutral_bio_021,3,3320184835,neutral,0,0.0,0.0,0,B,loss
neutral_bio_021,4,3320184836,neutral,200,-699.1651,-3.495826,1,A,loss
neutral_bio_021,5,3320184837,neutral,200,-684.2835,-3.421418,1,A,loss
neutral_bio_021,6,3320184838,neutral,0,0.0,0.0,0,B,loss
neutral_bio_021,7,3320184839,neutral,0,0.0,0.0,0,B,loss
neutral_bio_022,0,3320184832,neutral,201,-781.3029,-3.887079,1,A,loss
neutral_bio_022,1,3320184833,neutral,24,-93.1937,-3.883069,1,A,loss
neutral_bio_022,2,3320184834,neutral,120,-730.6732,-6.088943,1,A,loss
neutral_bio_022,3,3320184835,neutral,155,-409.718,-2.643342,0,B,loss
neutral_bio_022,4,3320184836,neutral,201,-523.5183,-2.604569,1,A,loss
neutral_bio_022,5,3320184837,neutral,201,-433.8778,-2.158596,1,A,loss
neutral_bio_022,6,3320184838,neutral,201,-469.1036,-2.333849,0,B,loss
neutral_bio_022,7,3320184839,neutral,92,-233.5547,-2.538639,1,A,loss
neutral_bio_023,0,3320184832,neutral,200,-569.7426,-2.848713,0,B,loss
neutral_bio_023,1,3320184833,neutral,109,-373.1354,-3.423261,0,Tie,tie
neutral_bio_023,2,3320184834,neutral,39,-96.6644,-2.478574,0,B,loss
neutral_bio_023,3,3320184835,neutral,19,-75.5827,-3.978038,1,B,win
neutral_bio_023,4,3320184836,neutral,0,0.0,0.0,1,B,win
neutral_bio_023,5,3320184837,neutral,101,-400.0619,-3.961009,1,B,win
neutral_bio_023,6,3320184838,neutral,178,-1035.271,-5.816129,0,B,loss
neutral_bio_023,7,3320184839,neutral,74,-239.2215,-3.232722,1,B,win
neutral_bio_024,0,3320184832,neutral,60,-246.8354,-4.113923,0,B,loss
neutral_bio_024,1,3320184833,neutral,198,-603.8428,-3.049711,1,B,win
neutral_bio_024,2,3320184834,neutral,201,-589.5741,-2.933204,0,B,loss
neutral_bio_024,3,3320184835,neutral,201,-798.1549,-3.97092,0,B,loss
neutral_bio_024,4,3320184836,neutral,201,-560.897,-2.790532,1,B,win
neutral_bio_024,5,3320184837,neutral,201,-505.3801,-2.514329,1,B,win
neutral_bio_024,6,3320184838,neutral,162,-401.8997,-2.480862,1,B,win
neutral_bio_024,7,3320184839,neutral,119,-353.3497,-2.969325,1,A,loss
neutral_bio_025,0,3320184832,neutral,60,-253.5552,-4.22592,1,Tie,tie
neutral_bio_025,1,3320184833,neutral,0,0.0,0.0,1,Tie,tie
neutral_bio_025,2,3320184834,neutral,0,0.0,0.0,0,A,win
neutral_bio_025,3,3320184835,neutral,0,0.0,0.0,0,A,win
neutral_bio_025,4,3320184836,neutral,75,-185.6875,-2.475834,0,A,win
neutral_bio_025,5,3320184837,neutral,0,0.0,0.0,0,A,win
neutral_bio_025,6,3320184838,neutral,0,0.0,0.0,0,A,win
neutral_bio_025,7,3320184839,neutral,0,0.0,0.0,0,A,win
neutral_bio_026,0,3320184832,neutral,30,-124.9506,-4.165019,0,B,loss
neutral_bio_026,1,3320184833,neutral,48,-150.3379,-3.132039,0,B,loss
neutral_bio_026,2,3320184834,neutral,92,-378.9022,-4.118502,0,B,loss
neutral_bio_026,3,3320184835,neutral,11,-38.5507,-3.504605,1,B,win
neutral_bio_026,4,3320184836,neutral,0,0.0,0.0,1,B,win
neutral_bio_026,5,3320184837,neutral,200,-934.0582,-4.670291,0,A,win
neutral_bio_026,6,3320184838,neutral,200,-545.8405,-2.729202,0,B,loss
neutral_bio_026,7,3320184839,neutral,200,-533.2814,-2.666407,0,B,loss
neutral_bio_027,0,3320184832,neutral,111,-295.1783,-2.659264,1,B,win
neutral_bio_027,1,3320184833,neutral,167,-446.4017,-2.673064,0,B,loss
neutral_bio_027,2,3320184834,neutral,108,-300.6103,-2.783429,0,B,loss
neutral_bio_027,3,3320184835,neutral,0,0.0,0.0,0,B,loss
neutral_bio_027,4,3320184836,neutral,61,-188.1434,-3.084317,1,B,win
neutral_bio_027,5,3320184837,neutral,198,-712.9386,-3.6007,0,B,loss
neutral_bio_027,6,3320184838,neutral,7,-27.7207,-3.9601,0,B,loss
neutral_bio_027,7,3320184839,neutral,0,0.0,0.0,0,B,loss
neutral_bio_028,0,3320184832,neutral,202,-671.4404,-3.323962,0,A,win
neutral_bio_028,1,3320184833,neutral,202,-526.8602,-2.608219,0,A,win
neutral_bio_028,2,3320184834,neutral,131,-380.9807,-2.90825,1,A,loss
neutral_bio_028,3,3320184835,neutral,119,-315.9955,-2.655424,1,B,win
neutral_bio_028,4,3320184836,neutral,73,-179.2227,-2.455105,1,B,win
neutral_bio_028,5,3320184837,neutral,36,-129.2062,-3.589062,0,B,loss
neutral_bio_028,6,3320184838,neutral,200,-889.2065,-4.446032,1,A,loss
neutral_bio_028,7,3320184839,neutral,140,-573.4377,-4.095984,1,A,loss
neutral_bio_029,0,3320184832,neutral,0,0.0,0.0,0,B,loss
neutral_bio_029,1,3320184833,neutral,97,-255.2195,-2.631129,0,A,win
neutral_bio_029,2,3320184834,neutral,0,0.0,0.0,0,B,loss
neutral_bio_029,3,3320184835,neutral,108,-287.3963,-2.661077,1,B,win
neutral_bio_029,4,3320184836,neutral,200,-930.0996,-4.650498,0,A,win
neutral_bio_029,5,3320184837,neutral,0,0.0,0.0,0,B,loss
neutral_bio_029,6,3320184838,neutral,101,-223.3504,-2.21139,1,A,loss
neutral_bio_029,7,3320184839,neutral,0,0.0,0.0,1,B,win
neutral_bio_030,0,3320184832,neutral,202,-608.1744,-3.010765,0,B,loss
neutral_bio_030,1,3320184833,neutral,91,-256.1672,-2.815024,1,B,win
neutral_bio_030,2,3320184834,neutral,202,-822.3178,-4.07088,1,A,loss
neutral_bio_030,3,3320184835,neutral,202,-686.0231,-3.396154,1,A,loss
neutral_bio_030,4,3320184836,neutral,202,-628.3571,-3.110678,1,A,loss
neutral_bio_030,5,3320184837,neutral,104,-235.7497,-2.266824,0,B,loss
neutral_bio_030,6,3320184838,neutral,202,-549.9564,-2.722557,1,A,loss
neutral_bio_030,7,3320184839,neutral,202,-711.6279,-3.522911,0,B,loss
neutral_bio_031,0,3320184832,neutral,0,0.0,0.0,0,B,loss
neutral_bio_031,1,3320184833,neutral,201,-624.1528,-3.105238,1,B,win
neutral_bio_031,2,3320184834,neutral,3,-19.0607,-6.353578,1,B,win
neutral_bio_031,3,3320184835,neutral,9,-43.577,-4.84189,1,A,loss
neutral_bio_031,4,3320184836,neutral,84,-281.3203,-3.349051,1,B,win
neutral_bio_031,5,3320184837,neutral,199,-917.6254,-4.611183,1,A,loss
neutral_bio_031,6,3320184838,neutral,199,-632.8733,-3.180268,0,B,loss
neutral_bio_031,7,3320184839,neutral,8,-36.4263,-4.553285,0,B,loss
neutral_bio_032,0,3320184832,neutral,200,-611.333,-3.056665,0,Tie,tie
neutral_bio_032,1,3320184833,neutral,200,-641.9824,-3.209912,1,Tie,tie
neutral_bio_032,2,3320184834,neutral,200,-548.174,-2.74087,0,Tie,tie
neutral_bio_032,3,3320184835,neutral,200,-596.5754,-2.982877,1,Tie,tie
neutral_bio_032,4,3320184836,neutral,199,-530.091,-2.663774,1,B,win
neutral_bio_032,5,3320184837,neutral,200,-765.163,-3.825815,1,Tie,tie
neutral_bio_032,6,3320184838,neutral,200,-627.0186,-3.135093,0,A,win
neutral_bio_032,7,3320184839,neutral,0,0.0,0.0,0,A,win
neutral_bio_033,0,3320184832,neutral,1,-4.8173,-4.817295,1,A,loss
neutral_bio_033,1,3320184833,neutral,201,-642.8905,-3.19846,1,B,win
neutral_bio_033,2,3320184834,neutral,201,-513.7213,-2.555827,1,B,win
neutral_bio_033,3,3320184835,neutral,1,-4.8173,-4.817295,0,B,loss
neutral_bio_033,4,3320184836,neutral,201,-846.2949,-4.210422,1,A,loss
neutral_bio_033,5,3320184837,neutral,1,-4.8173,-4.817295,0,B,loss
neutral_bio_033,6,3320184838,neutral,201,-751.8994,-3.740793,1,A,loss
neutral_bio_033,7,3320184839,neutral,1,-4.8173,-4.817295,1,A,loss
neutral_bio_034,0,3320184832,neutral,47,-133.9654,-2.850328,1,A,loss
neutral_bio_034,1,3320184833,neutral,46,-198.1235,-4.307032,0,B,loss
neutral_bio_034,2,3320184834,neutral,100,-203.4669,-2.034669,1,A,loss
neutral_bio_034,3,3320184835,neutral,80,-308.0786,-3.850983,0,B,loss
neutral_bio_034,4,3320184836,neutral,201,-630.3564,-3.136102,0,B,loss
neutral_bio_034,5,3320184837,neutral,199,-508.6335,-2.555947,0,B,loss
neutral_bio_034,6,3320184838,neutral,69,-248.7359,-3.604868,1,B,win
neutral_bio_034,7,3320184839,neutral,60,-200.6039,-3.343399,0,B,loss
neutral_bio_035,0,3320184832,neutral,0,0.0,0.0,1,A,loss
neutral_bio_035,1,3320184833,neutral,9,-50.8613,-5.651254,1,A,loss
neutral_bio_035,2,3320184834,neutral,45,-108.6154,-2.413675,0,B,loss
neutral_bio_035,3,3320184835,neutral,0,0.0,0.0,1,A,loss
neutral_bio_035,4,3320184836,neutral,200,-679.2496,-3.396248,0,B,loss
neutral_bio_035,5,3320184837,neutral,22,-109.5385,-4.979021,0,B,loss
neutral_bio_035,6,3320184838,neutral,200,-659.5577,-3.297789,0,B,loss
neutral_bio_035,7,3320184839,neutral,200,-507.7716,-2.538858,0,B,loss
neutral_bio_036,0,3320184832,neutral,202,-464.7155,-2.300572,0,B,loss
neutral_bio_036,1,3320184833,neutral,47,-188.3731,-4.007938,0,B,loss
neutral_bio_036,2,3320184834,neutral,22,-68.677,-3.121684,1,A,loss
neutral_bio_036,3,3320184835,neutral,202,-455.8419,-2.256643,0,B,loss
neutral_bio_036,4,3320184836,neutral,197,-555.9503,-2.822083,0,B,loss
neutral_bio_036,5,3320184837,neutral,202,-637.2109,-3.15451,1,A,loss
neutral_bio_036,6,3320184838,neutral,87,-238.8899,-2.745861,0,B,loss
neutral_bio_036,7,3320184839,neutral,141,-370.8181,-2.629916,1,A,loss
neutral_bio_037,0,3320184832,neutral,0,0.0,0.0,1,A,loss
neutral_bio_037,1,3320184833,neutral,200,-712.2661,-3.56133,0,B,loss
neutral_bio_037,2,3320184834,neutral,200,-657.5159,-3.28758,0,B,loss
neutral_bio_037,3,3320184835,neutral,75,-328.2822,-4.377096,1,A,loss
neutral_bio_037,4,3320184836,neutral,200,-601.2355,-3.006177,0,B,loss
neutral_bio_037,5,3320184837,neutral,42,-163.3922,-3.890291,1,A,loss
neutral_bio_037,6,3320184838,neutral,194,-533.1513,-2.748203,0,B,loss
neutral_bio_037,7,3320184839,neutral,200,-449.3971,-2.246986,1,B,win
neutral_bio_038,0,3320184832,neutral,157,-577.6056,-3.679017,0,B,loss
neutral_bio_038,1,3320184833,neutral,200,-662.8763,-3.314382,1,A,loss
neutral_bio_038,2,3320184834,neutral,200,-729.1975,-3.645988,1,A,loss
neutral_bio_038,3,3320184835,neutral,200,-616.7994,-3.083997,1,A,loss
neutral_bio_038,4,3320184836,neutral,200,-518.8437,-2.594218,1,A,loss
neutral_bio_038,5,3320184837,neutral,63,-230.6903,-3.661751,0,B,loss
neutral_bio_038,6,3320184838,neutral,70,-166.9292,-2.384703,0,B,loss
neutral_bio_038,7,3320184839,neutral,148,-348.2991,-2.353373,1,A,loss
neutral_bio_039,0,3320184832,neutral,200,-596.426,-2.98213,1,Tie,tie
neutral_bio_039,1,3320184833,neutral,78,-266.0708,-3.411165,1,B,win
neutral_bio_039,2,3320184834,neutral,0,0.0,0.0,0,B,loss
neutral_bio_039,3,3320184835,neutral,200,-597.246,-2.98623,1,B,win
neutral_bio_039,4,3320184836,neutral,200,-648.0659,-3.24033,1,B,win
neutral_bio_039,5,3320184837,neutral,108,-434.0119,-4.018628,1,B,win
neutral_bio_039,6,3320184838,neutral,11,-54.8506,-4.98642,0,B,loss
neutral_bio_039,7,3320184839,neutral,112,-247.5753,-2.210494,0,B,loss
neutral_nar_000,0,3320184832,neutral,68,-248.3573,-3.652314,0,Tie,tie
neutral_nar_000,1,3320184833,neutral,19,-103.3622,-5.440116,1,B,win
neutral_nar_000,2,3320184834,neutral,117,-412.287,-3.523821,1,B,win
neutral_nar_000,3,3320184835,neutral,26,-114.4671,-4.402581,0,B,loss
neutral_nar_000,4,3320184836,neutral,200,-771.3441,-3.856721,0,B,loss
neutral_nar_000,5,3320184837,neutral,173,-591.61,-3.419711,1,B,win
neutral_nar_000,6,3320184838,neutral,201,-783.8306,-3.899655,1,B,win
neutral_nar_000,7,3320184839,neutral,45,-182.6382,-4.058627,0,B,loss
neutral_nar_001,0,3320184832,neutral,34,-157.9499,-4.645585,1,A,loss
neutral_nar_001,1,3320184833,neutral,13,-55.2486,-4.249896,0,B,loss
neutral_nar_001,2,3320184834,neutral,160,-649.8501,-4.061563,0,Tie,tie
neutral_nar_001,3,3320184835,neutral,200,-734.6597,-3.673298,1,A,loss
neutral_nar_001,4,3320184836,neutral,20,-71.8627,-3.593134,0,B,loss
neutral_nar_001,5,3320184837,neutral,200,-789.8937,-3.949468,0,B,loss
neutral_nar_001,6,3320184838,neutral,200,-752.9219,-3.76461,0,B,loss
neutral_nar_001,7,3320184839,neutral,43,-151.6981,-3.527862,1,A,loss
neutral_nar_002,0,3320184832,neutral,202,-721.8079,-3.573306,0,B,loss
neutral_nar_002,1,3320184833,neutral,32,-89.8245,-2.807014,0,B,loss
neutral_nar_002,2,3320184834,neutral,138,-444.236,-3.219101,0,B,loss
neutral_nar_002,3,3320184835,neutral,95,-331.0413,-3.484645,0,B,loss
neutral_nar_002,4,3320184836,neutral,202,-476.381,-2.358322,1,B,win
neutral_nar_002,5,3320184837,neutral,102,-486.9936,-4.774447,0,B,loss
neutral_nar_002,6,3320184838,neutral,58,-189.8115,-3.272612,1,B,win
neutral_nar_002,7,3320184839,neutral,47,-169.0361,-3.596512,0,B,loss
neutral_nar_003,0,3320184832,neutral,57,-187.7181,-3.2933,0,B,loss
neutral_nar_003,1,3320184833,neutral,201,-604.2742,-3.006339,1,B,win
neutral_nar_003,2,3320184834,neutral,201,-366.1311,-1.821548,0,Tie,tie
neutral_nar_003,3,3320184835,neutral,201,-612.9101,-3.049304,1,B,win
neutral_nar_003,4,3320184836,neutral,46,-204.4388,-4.444321,0,B,loss
neutral_nar_003,5,3320184837,neutral,184,-767.1057,-4.169053,0,B,loss
neutral_nar_003,6,3320184838,neutral,46,-209.9,-4.563043,0,Tie,tie
neutral_nar_003,7,3320184839,neutral,201,-721.5757,-3.589929,1,Tie,tie
neutral_nar_004,0,3320184832,neutral,139,-520.6187,-3.745458,1,A,loss
neutral_nar_004,1,3320184833,neutral,42,-120.5893,-2.871173,0,B,loss
neutral_nar_004,2,3320184834,neutral,141,-437.5449,-3.103155,1,A,loss
neutral_nar_004,3,3320184835,neutral,122,-421.1421,-3.451984,1,A,loss
neutral_nar_004,4,3320184836,neutral,45,-174.8787,-3.886192,1,A,loss
neutral_nar_004,5,3320184837,neutral,7,-17.6961,-2.528019,1,A,loss
neutral_nar_004,6,3320184838,neutral,150,-466.266,-3.10844,1,A,loss
neutral_nar_004,7,3320184839,neutral,112,-408.7271,-3.649349,1,A,loss
neutral_nar_005,0,3320184832,neutral,21,-77.2048,-3.67642,1,A,loss
neutral_nar_005,1,3320184833,neutral,201,-709.2969,-3.52884,1,Tie,tie
neutral_nar_005,2,3320184834,neutral,63,-235.4989,-3.738078,1,A,loss
neutral_nar_005,3,3320184835,neutral,61,-249.7375,-4.094057,1,A,loss
neutral_nar_005,4,3320184836,neutral,79,-269.9934,-3.417638,1,A,loss
neutral_nar_005,5,3320184837,neutral,16,-72.2057,-4.512855,0,B,loss
neutral_nar_005,6,3320184838,neutral,23,-75.4826,-3.281854,0,B,loss
neutral_nar_005,7,3320184839,neutral,69,-335.7269,-4.865608,1,A,loss
neutral_nar_006,0,3320184832,neutral,59,-324.7164,-5.503667,1,B,win
neutral_nar_006,1,3320184833,neutral,118,-466.0403,-3.949494,0,B,loss
neutral_nar_006,2,3320184834,neutral,76,-320.4827,-4.216878,0,B,loss
neutral_nar_006,3,3320184835,neutral,131,-407.9128,-3.113838,0,B,loss
neutral_nar_006,4,3320184836,neutral,201,-754.3713,-3.753091,1,B,win
neutral_nar_006,5,3320184837,neutral,201,-660.9924,-3.28852,0,B,loss
neutral_nar_006,6,3320184838,neutral,200,-706.7125,-3.533563,1,B,win
neutral_nar_006,7,3320184839,neutral,166,-597.4071,-3.598838,0,B,loss
neutral_nar_007,0,3320184832,neutral,55,-170.65,-3.102727,0,B,loss
neutral_nar_007,1,3320184833,neutral,11,-27.7229,-2.520263,1,B,win
neutral_nar_007,2,3320184834,neutral,200,-637.418,-3.18709,1,A,loss
neutral_nar_007,3,3320184835,neutral,134,-395.7767,-2.953557,0,A,win
neutral_nar_007,4,3320184836,neutral,14,-47.7436,-3.410257,0,A,win
neutral_nar_007,5,3320184837,neutral,200,-1059.3713,-5.296857,1,B,win
neutral_nar_007,6,3320184838,neutral,24,-95.5351,-3.980629,0,A,win
neutral_nar_007,7,3320184839,neutral,39,-144.9085,-3.715602,1,B,win
neutral_nar_008,0,3320184832,neutral,201,-727.5685,-3.619744,1,A,loss
neutral_nar_008,1,3320184833,neutral,13,-65.6272,-5.048249,0,B,loss
neutral_nar_008,2,3320184834,neutral,73,-279.0014,-3.821937,1,A,loss
neutral_nar_008,3,3320184835,neutral,122,-589.8113,-4.834519,1,A,loss
neutral_nar_008,4,3320184836,neutral,193,-763.8908,-3.957983,0,B,loss
neutral_nar_008,5,3320184837,neutral,15,-49.6346,-3.308974,1,B,win
neutral_nar_008,6,3320184838,neutral,201,-671.1189,-3.3389,1,A,loss
neutral_nar_008,7,3320184839,neutral,10,-46.7583,-4.675832,1,A,loss
neutral_nar_009,0,3320184832,neutral,157,-583.2869,-3.715203,0,B,loss
neutral_nar_009,1,3320184833,neutral,34,-117.7201,-3.462357,1,A,loss
neutral_nar_009,2,3320184834,neutral,77,-251.7347,-3.269282,1,A,loss
neutral_nar_009,3,3320184835,neutral,81,-315.7168,-3.897738,1,A,loss
neutral_nar_009,4,3320184836,neutral,85,-226.707,-2.667141,1,A,loss
neutral_nar_009,5,3320184837,neutral,200,-701.364,-3.50682,0,B,loss
neutral_nar_009,6,3320184838,neutral,200,-751.6721,-3.758361,0,B,loss
neutral_nar_009,7,3320184839,neutral,25,-98.7612,-3.950446,1,A,loss
neutral_nar_010,0,3320184832,neutral,201,-934.9482,-4.651484,0,B,loss
neutral_nar_010,1,3320184833,neutral,180,-493.8228,-2.74346,0,Tie,tie
neutral_nar_010,2,3320184834,neutral,58,-288.6201,-4.976208,0,B,loss
neutral_nar_010,3,3320184835,neutral,91,-379.1488,-4.16647,0,Tie,tie
neutral_nar_010,4,3320184836,neutral,114,-407.0239,-3.570385,1,B,win
neutral_nar_010,5,3320184837,neutral,56,-138.6972,-2.476736,1,B,win
neutral_nar_010,6,3320184838,neutral,14,-87.274,-6.233861,0,Tie,tie
neutral_nar_010,7,3320184839,neutral,9,-29.8171,-3.313012,1,B,win
neutral_nar_011,0,3320184832,neutral,62,-167.2996,-2.698381,1,B,win
neutral_nar_011,1,3320184833,neutral,28,-117.3472,-4.190971,1,B,win
neutral_nar_011,2,3320184834,neutral,18,-88.8326,-4.935144,0,B,loss
neutral_nar_011,3,3320184835,neutral,116,-228.901,-1.973284,0,B,loss
neutral_nar_011,4,3320184836,neutral,4,-27.4074,-6.851852,0,B,loss
neutral_nar_011,5,3320184837,neutral,2,-12.1809,-6.090474,0,B,loss
neutral_nar_011,6,3320184838,neutral,65,-231.1164,-3.555637,0,B,loss
neutral_nar_011,7,3320184839,neutral,2,-12.1809,-6.090474,0,B,loss
neutral_nar_012,0,3320184832,neutral,27,-96.0334,-3.556793,1,B,win
neutral_nar_012,1,3320184833,neutral,49,-181.3921,-3.701879,1,B,win
neutral_nar_012,2,3320184834,neutral,200,-680.5605,-3.402802,1,A,loss
neutral_nar_012,3,3320184835,neutral,77,-190.3996,-2.472722,0,B,loss
neutral_nar_012,4,3320184836,neutral,28,-33.6664,-1.202371,1,B,win
neutral_nar_012,5,3320184837,neutral,36,-193.779,-5.38275,1,B,win
neutral_nar_012,6,3320184838,neutral,27,-87.313,-3.233814,0,B,loss
neutral_nar_012,7,3320184839,neutral,8,-27.4351,-3.429389,0,B,loss
neutral_nar_013,0,3320184832,neutral,200,-931.938,-4.65969,1,B,win
neutral_nar_013,1,3320184833,neutral,1,-4.2211,-4.221091,0,A,win
neutral_nar_013,2,3320184834,neutral,201,-692.4551,-3.44505,1,B,win
neutral_nar_013,3,3320184835,neutral,200,-851.3224,-4.256612,0,Tie,tie
neutral_nar_013,4,3320184836,neutral,38,-159.4224,-4.195327,0,A,win
neutral_nar_013,5,3320184837,neutral,93,-358.2382,-3.852024,1,B,win
neutral_nar_013,6,3320184838,neutral,97,-394.6035,-4.068077,1,B,win
neutral_nar_013,7,3320184839,neutral,13,-87.2951,-6.715011,0,Tie,tie
neutral_nar_014,0,3320184832,neutral,51,-226.3867,-4.438954,1,A,loss
neutral_nar_014,1,3320184833,neutral,34,-68.4694,-2.013806,1,A,loss
neutral_nar_014,2,3320184834,neutral,42,-115.2618,-2.744328,0,B,loss
neutral_nar_014,3,3320184835,neutral,21,-116.5636,-5.550649,0,B,loss
neutral_nar_014,4,3320184836,neutral,119,-497.8155,-4.183324,0,B,loss
neutral_nar_014,5,3320184837,neutral,200,-807.338,-4.03669,1,A,loss
neutral_nar_014,6,3320184838,neutral,200,-760.0826,-3.800413,0,A,win
neutral_nar_014,7,3320184839,neutral,200,-634.1094,-3.170547,0,B,loss
neutral_nar_015,0,3320184832,neutral,26,-135.2919,-5.203535,0,B,loss
neutral_nar_015,1,3320184833,neutral,49,-144.1918,-2.942689,0,B,loss
neutral_nar_015,2,3320184834,neutral,8,-22.9513,-2.868915,0,B,loss
neutral_nar_015,3,3320184835,neutral,199,-801.7926,-4.029109,0,B,loss
neutral_nar_015,4,3320184836,neutral,1,-4.2142,-4.214187,1,B,win
neutral_nar_015,5,3320184837,neutral,96,-319.7065,-3.330276,1,B,win
neutral_nar_015,6,3320184838,neutral,144,-509.8145,-3.540379,1,B,win
neutral_nar_015,7,3320184839,neutral,38,-113.8446,-2.995911,1,B,win
neutral_nar_016,0,3320184832,neutral,11,-54.0311,-4.911918,0,B,loss
neutral_nar_016,1,3320184833,neutral,111,-489.6933,-4.411652,0,B,loss
neutral_nar_016,2,3320184834,neutral,201,-811.4977,-4.037302,1,A,loss
neutral_nar_016,3,3320184835,neutral,77,-214.2941,-2.78304,0,B,loss
neutral_nar_016,4,3320184836,neutral,200,-779.9517,-3.899759,1,A,loss
neutral_nar_016,5,3320184837,neutral,44,-176.4359,-4.009908,1,B,win
neutral_nar_016,6,3320184838,neutral,201,-752.5662,-3.744111,1,Tie,tie
neutral_nar_016,7,3320184839,neutral,10,-32.6491,-3.264911,1,B,win
neutral_nar_017,0,3320184832,neutral,20,-72.557,-3.627851,1,B,win
neutral_nar_017,1,3320184833,neutral,37,-83.9426,-2.268719,1,B,win
neutral_nar_017,2,3320184834,neutral,75,-202.4474,-2.699299,0,A,win
neutral_nar_017,3,3320184835,neutral,202,-659.0592,-3.262669,0,B,loss
neutral_nar_017,4,3320184836,neutral,30,-76.9126,-2.563754,0,A,win
neutral_nar_017,5,3320184837,neutral,2,-4.721,-2.360503,1,B,win
neutral_nar_017,6,3320184838,neutral,2,-4.721,-2.360503,0,A,win
neutral_nar_017,7,3320184839,neutral,36,-160.1398,-4.448327,1,Tie,tie
neutral_nar_018,0,3320184832,neutral,200,-504.9044,-2.524522,0,B,loss
neutral_nar_018,1,3320184833,neutral,14,-41.7974,-2.985525,0,B,loss
neutral_nar_018,2,3320184834,neutral,170,-820.8864,-4.828744,1,A,loss
neutral_nar_018,3,3320184835,neutral,84,-327.5751,-3.899704,1,A,loss
neutral_nar_018,4,3320184836,neutral,41,-186.7344,-4.554497,0,Tie,tie
neutral_nar_018,5,3320184837,neutral,45,-143.1512,-3.181137,1,A,loss
neutral_nar_018,6,3320184838,neutral,200,-776.2254,-3.881127,0,B,loss
neutral_nar_018,7,3320184839,neutral,17,-49.8047,-2.929687,1,B,win
neutral_nar_019,0,3320184832,neutral,13,-45.2259,-3.478916,0,B,loss
neutral_nar_019,1,3320184833,neutral,183,-571.8752,-3.125001,1,B,win
neutral_nar_019,2,3320184834,neutral,202,-651.5551,-3.22552,1,B,win
neutral_nar_019,3,3320184835,neutral,81,-276.5291,-3.413939,1,B,win
neutral_nar_019,4,3320184836,neutral,202,-773.4738,-3.829078,0,B,loss
neutral_nar_019,5,3320184837,neutral,103,-349.4691,-3.392904,1,B,win
neutral_nar_019,6,3320184838,neutral,49,-196.8384,-4.01711,1,B,win
neutral_nar_019,7,3320184839,neutral,70,-277.9937,-3.971338,1,B,win
neutral_nar_020,0,3320184832,neutral,201,-743.3057,-3.698038,0,A,win
neutral_nar_020,1,3320184833,neutral,117,-361.871,-3.092915,1,A,loss
neutral_nar_020,2,3320184834,neutral,202,-815.4166,-4.036716,0,A,win
neutral_nar_020,3,3320184835,neutral,201,-742.0624,-3.691853,1,A,loss
neutral_nar_020,4,3320184836,neutral,201,-1056.3743,-5.255593,0,B,loss
neutral_nar_020,5,3320184837,neutral,201,-610.6232,-3.037927,0,A,win
neutral_nar_020,6,3320184838,neutral,47,-210.9062,-4.487365,1,B,win
neutral_nar_020,7,3320184839,neutral,37,-96.145,-2.598514,1,B,win
neutral_nar_021,0,3320184832,neutral,202,-860.2252,-4.258541,1,A,loss
neutral_nar_021,1,3320184833,neutral,202,-376.612,-1.864416,1,B,win
neutral_nar_021,2,3320184834,neutral,14,-35.2882,-2.520585,1,B,win
neutral_nar_021,3,3320184835,neutral,140,-510.8802,-3.649145,1,A,loss
neutral_nar_021,4,3320184836,neutral,38,-125.1921,-3.294528,0,B,loss
neutral_nar_021,5,3320184837,neutral,186,-743.5175,-3.997406,1,A,loss
neutral_nar_021,6,3320184838,neutral,145,-383.3807,-2.644005,1,B,win
neutral_nar_021,7,3320184839,neutral,140,-511.3585,-3.652561,0,B,loss
neutral_nar_022,0,3320184832,neutral,21,-54.6775,-2.603689,0,B,loss
neutral_nar_022,1,3320184833,neutral,20,-79.4015,-3.970074,0,B,loss
neutral_nar_022,2,3320184834,neutral,202,-661.4595,-3.274552,1,A,loss
neutral_nar_022,3,3320184835,neutral,29,-91.9489,-3.170652,1,A,loss
neutral_nar_022,4,3320184836,neutral,18,-72.0473,-4.002625,0,B,loss
neutral_nar_022,5,3320184837,neutral,19,-55.8663,-2.94033,0,B,loss
neutral_nar_022,6,3320184838,neutral,181,-560.4457,-3.096385,0,B,loss
neutral_nar_022,7,3320184839,neutral,202,-807.2924,-3.996497,0,B,loss
neutral_nar_023,0,3320184832,neutral,9,-51.5485,-5.727617,1,B,win
neutral_nar_023,1,3320184833,neutral,59,-205.2868,-3.479437,0,Tie,tie
neutral_nar_023,2,3320184834,neutral,11,-66.3045,-6.027678,1,Tie,tie
neutral_nar_023,3,3320184835,neutral,10,-50.2466,-5.024659,1,Tie,tie
neutral_nar_023,4,3320184836,neutral,50,-194.9565,-3.89913,0,B,loss
neutral_nar_023,5,3320184837,neutral,1,-4.2086,-4.20858,1,Tie,tie
neutral_nar_023,6,3320184838,neutral,96,-287.8955,-2.998912,1,B,win
neutral_nar_023,7,3320184839,neutral,52,-243.312,-4.679077,1,Tie,tie
neutral_nar_024,0,3320184832,neutral,200,-684.6076,-3.423038,0,B,loss
neutral_nar_024,1,3320184833,neutral,200,-750.0411,-3.750206,0,B,loss
neutral_nar_024,2,3320184834,neutral,200,-852.2314,-4.261157,0,B,loss
neutral_nar_024,3,3320184835,neutral,58,-159.2767,-2.74615,0,B,loss
neutral_nar_024,4,3320184836,neutral,16,-55.072,-3.442001,0,B,loss
neutral_nar_024,5,3320184837,neutral,14,-43.9037,-3.135977,1,A,loss
neutral_nar_024,6,3320184838,neutral,113,-390.0464,-3.451738,1,A,loss
neutral_nar_024,7,3320184839,neutral,25,-84.6933,-3.387733,1,A,loss
neutral_nar_025,0,3320184832,neutral,18,-63.8043,-3.544682,1,B,win
neutral_nar_025,1,3320184833,neutral,62,-237.362,-3.82842,0,B,loss
neutral_nar_025,2,3320184834,neutral,157,-616.3849,-3.926018,1,A,loss
neutral_nar_025,3,3320184835,neutral,9,-51.3717,-5.70797,1,A,loss
neutral_nar_025,4,3320184836,neutral,200,-910.5797,-4.552899,0,B,loss
neutral_nar_025,5,3320184837,neutral,200,-676.5934,-3.382967,1,B,win
neutral_nar_025,6,3320184838,neutral,200,-546.4136,-2.732068,1,B,win
neutral_nar_025,7,3320184839,neutral,40,-87.7751,-2.194377,1,B,win
neutral_nar_026,0,3320184832,neutral,77,-318.1002,-4.131171,1,Tie,tie
neutral_nar_026,1,3320184833,neutral,201,-759.3347,-3.777785,0,B,loss
neutral_nar_026,2,3320184834,neutral,152,-624.1268,-4.106098,0,Tie,tie
neutral_nar_026,3,3320184835,neutral,201,-615.2747,-3.061068,0,B,loss
neutral_nar_026,4,3320184836,neutral,119,-445.6817,-3.745224,1,Tie,tie
neutral_nar_026,5,3320184837,neutral,201,-740.8826,-3.685983,0,Tie,tie
neutral_nar_026,6,3320184838,neutral,201,-529.5554,-2.634604,0,Tie,tie
neutral_nar_026,7,3320184839,neutral,91,-406.5688,-4.467789,0,A,win
neutral_nar_027,0,3320184832,neutral,202,-547.349,-2.709649,0,Tie,tie
neutral_nar_027,1,3320184833,neutral,80,-298.1604,-3.727005,1,B,win
neutral_nar_027,2,3320184834,neutral,58,-242.7439,-4.18524,1,B,win
neutral_nar_027,3,3320184835,neutral,56,-227.5634,-4.063632,0,B,loss
neutral_nar_027,4,3320184836,neutral,29,-93.8936,-3.237709,0,B,loss
neutral_nar_027,5,3320184837,neutral,202,-652.6413,-3.230898,1,B,win
neutral_nar_027,6,3320184838,neutral,202,-825.3382,-4.085833,0,Tie,tie
neutral_nar_027,7,3320184839,neutral,108,-357.6167,-3.311266,0,B,loss
neutral_nar_028,0,3320184832,neutral,35,-148.6797,-4.247993,1,Tie,tie
neutral_nar_028,1,3320184833,neutral,29,-90.8872,-3.13404,0,A,win
neutral_nar_028,2,3320184834,neutral,21,-65.8747,-3.136891,1,B,win
neutral_nar_028,3,3320184835,neutral,16,-72.6165,-4.538534,0,A,win
neutral_nar_028,4,3320184836,neutral,20,-84.4309,-4.221545,1,Tie,tie
neutral_nar_028,5,3320184837,neutral,3,-8.0231,-2.674355,1,B,win
neutral_nar_028,6,3320184838,neutral,21,-56.1265,-2.672692,1,B,win
neutral_nar_028,7,3320184839,neutral,41,-146.9162,-3.583322,1,B,win
neutral_nar_029,0,3320184832,neutral,12,-47.1318,-3.927649,0,B,loss
neutral_nar_029,1,3320184833,neutral,23,-131.0499,-5.697824,0,B,loss
neutral_nar_029,2,3320184834,neutral,60,-257.7921,-4.296535,0,B,loss
neutral_nar_029,3,3320184835,neutral,203,-876.2228,-4.316368,0,B,loss
neutral_nar_029,4,3320184836,neutral,107,-433.2896,-4.049435,0,B,loss
neutral_nar_029,5,3320184837,neutral,154,-613.213,-3.981903,0,B,loss
neutral_nar_029,6,3320184838,neutral,203,-861.2959,-4.242837,0,B,loss
neutral_nar_029,7,3320184839,neutral,31,-103.2388,-3.330284,1,A,loss
neutral_nar_030,0,3320184832,neutral,34,-140.7605,-4.140013,0,B,loss
neutral_nar_030,1,3320184833,neutral,7,-34.0604,-4.865776,0,B,loss
neutral_nar_030,2,3320184834,neutral,21,-100.4538,-4.783516,0,B,loss
neutral_nar_030,3,3320184835,neutral,39,-129.5425,-3.321603,1,A,loss
neutral_nar_030,4,3320184836,neutral,40,-160.3065,-4.007662,0,B,loss
neutral_nar_030,5,3320184837,neutral,74,-291.3224,-3.936789,0,B,loss
neutral_nar_030,6,3320184838,neutral,200,-626.0477,-3.130239,1,B,win
neutral_nar_030,7,3320184839,neutral,24,-112.9628,-4.706782,1,A,loss
neutral_nar_031,0,3320184832,neutral,74,-295.5527,-3.993955,1,A,loss
neutral_nar_031,1,3320184833,neutral,42,-223.6054,-5.323939,0,B,loss
neutral_nar_031,2,3320184834,neutral,202,-580.8354,-2.875423,0,B,loss
neutral_nar_031,3,3320184835,neutral,66,-301.8738,-4.573845,1,B,win
neutral_nar_031,4,3320184836,neutral,41,-96.4692,-2.352907,1,B,win
neutral_nar_031,5,3320184837,neutral,28,-103.6934,-3.703337,0,B,loss
neutral_nar_031,6,3320184838,neutral,13,-41.7324,-3.210187,0,B,loss
neutral_nar_031,7,3320184839,neutral,26,-105.4944,-4.057478,0,B,loss
neutral_nar_032,0,3320184832,neutral,199,-850.4826,-4.273782,1,B,win
neutral_nar_032,1,3320184833,neutral,14,-63.7542,-4.553872,0,B,loss
neutral_nar_032,2,3320184834,neutral,75,-379.94,-5.065867,0,B,loss
neutral_nar_032,3,3320184835,neutral,58,-210.0652,-3.621814,1,A,loss
neutral_nar_032,4,3320184836,neutral,62,-211.4909,-3.411143,0,B,loss
neutral_nar_032,5,3320184837,neutral,156,-616.2494,-3.950317,0,B,loss
neutral_nar_032,6,3320184838,neutral,26,-136.0742,-5.233621,1,A,loss
neutral_nar_032,7,3320184839,neutral,42,-176.4754,-4.201795,1,B,win
neutral_nar_033,0,3320184832,neutral,22,-92.2194,-4.191792,1,A,loss
neutral_nar_033,1,3320184833,neutral,105,-286.2343,-2.726041,1,B,win
neutral_nar_033,2,3320184834,neutral,82,-293.2383,-3.576077,0,B,loss
neutral_nar_033,3,3320184835,neutral,60,-174.739,-2.912317,1,B,win
neutral_nar_033,4,3320184836,neutral,23,-51.6052,-2.243706,0,B,loss
neutral_nar_033,5,3320184837,neutral,63,-203.6474,-3.232499,1,A,loss
neutral_nar_033,6,3320184838,neutral,202,-908.2098,-4.496088,0,A,win
neutral_nar_033,7,3320184839,neutral,202,-770.3695,-3.81371,0,B,loss
neutral_nar_034,0,3320184832,neutral,201,-666.1267,-3.314063,1,B,win
neutral_nar_034,1,3320184833,neutral,24,-87.6062,-3.650258,1,B,win
neutral_nar_034,2,3320184834,neutral,153,-612.2273,-4.001486,0,B,loss
neutral_nar_034,3,3320184835,neutral,61,-193.6497,-3.174586,1,B,win
neutral_nar_034,4,3320184836,neutral,200,-605.1592,-3.025796,1,B,win
neutral_nar_034,5,3320184837,neutral,122,-426.9254,-3.499389,0,B,loss
neutral_nar_034,6,3320184838,neutral,201,-695.6969,-3.461179,1,B,win
neutral_nar_034,7,3320184839,neutral,17,-71.4983,-4.205781,0,B,loss
neutral_nar_035,0,3320184832,neutral,200,-813.8265,-4.069133,1,B,win
neutral_nar_035,1,3320184833,neutral,200,-984.2815,-4.921407,1,A,loss
neutral_nar_035,2,3320184834,neutral,80,-233.8325,-2.922906,1,A,loss
neutral_nar_035,3,3320184835,neutral,43,-180.1377,-4.189249,0,B,loss
neutral_nar_035,4,3320184836,neutral,200,-648.5859,-3.24293,0,B,loss
neutral_nar_035,5,3320184837,neutral,196,-1632.5205,-8.329186,0,B,loss
neutral_nar_035,6,3320184838,neutral,45,-115.6257,-2.569459,0,B,loss
neutral_nar_035,7,3320184839,neutral,83,-265.03,-3.193133,0,B,loss
neutral_nar_036,0,3320184832,neutral,15,-51.9866,-3.465773,0,B,loss
neutral_nar_036,1,3320184833,neutral,51,-178.9062,-3.507964,1,A,loss
neutral_nar_036,2,3320184834,neutral,202,-704.6833,-3.488531,0,A,win
neutral_nar_036,3,3320184835,neutral,162,-531.4495,-3.280552,0,B,loss
neutral_nar_036,4,3320184836,neutral,35,-132.1786,-3.776532,0,B,loss
neutral_nar_036,5,3320184837,neutral,2,-5.7079,-2.853947,0,B,loss
neutral_nar_036,6,3320184838,neutral,68,-130.6579,-1.921439,1,A,loss
neutral_nar_036,7,3320184839,neutral,30,-137.0153,-4.567176,0,B,loss
neutral_nar_037,0,3320184832,neutral,46,-189.5936,-4.121601,0,B,loss
neutral_nar_037,1,3320184833,neutral,154,-483.0928,-3.136966,1,A,loss
neutral_nar_037,2,3320184834,neutral,95,-390.4022,-4.109497,0,B,loss
neutral_nar_037,3,3320184835,neutral,51,-202.4166,-3.968953,0,B,loss
neutral_nar_037,4,3320184836,neutral,53,-206.5612,-3.897382,1,A,loss
neutral_nar_037,5,3320184837,neutral,27,-94.1518,-3.487102,1,A,loss
neutral_nar_037,6,3320184838,neutral,60,-256.3906,-4.273176,1,A,loss
neutral_nar_037,7,3320184839,neutral,73,-172.4983,-2.36299,0,B,loss
neutral_nar_038,0,3320184832,neutral,11,-59.8189,-5.438085,1,B,win
neutral_nar_038,1,3320184833,neutral,15,-67.6906,-4.512707,1,B,win
neutral_nar_038,2,3320184834,neutral,201,-844.171,-4.199856,0,A,win
neutral_nar_038,3,3320184835,neutral,10,-47.1997,-4.719968,1,B,win
neutral_nar_038,4,3320184836,neutral,126,-308.6489,-2.449594,1,A,loss
neutral_nar_038,5,3320184837,neutral,201,-846.7118,-4.212496,0,A,win
neutral_nar_038,6,3320184838,neutral,201,-734.7526,-3.655485,0,B,loss
neutral_nar_038,7,3320184839,neutral,44,-150.8606,-3.428651,0,B,loss
neutral_nar_039,0,3320184832,neutral,187,-587.1964,-3.140087,1,B,win
neutral_nar_039,1,3320184833,neutral,9,-19.1361,-2.126236,0,B,loss
neutral_nar_039,2,3320184834,neutral,202,-780.092,-3.861841,1,B,win
neutral_nar_039,3,3320184835,neutral,200,-743.927,-3.719635,1,A,loss
neutral_nar_039,4,3320184836,neutral,40,-168.888,-4.2222,1,B,win
neutral_nar_039,5,3320184837,neutral,170,-627.3068,-3.69004,1,A,loss
neutral_nar_039,6,3320184838,neutral,158,-577.8663,-3.657382,1,B,win
neutral_nar_039,7,3320184839,neutral,71,-246.9569,-3.478266,0,B,loss
neutral_ncs_000,0,3320184832,neutral,106,-442.2428,-4.172102,1,A,loss
neutral_ncs_000,1,3320184833,neutral,200,-515.3817,-2.576909,1,A,loss
neutral_ncs_000,2,3320184834,neutral,199,-839.9132,-4.220669,0,B,loss
neutral_ncs_000,3,3320184835,neutral,0,0.0,0.0,1,A,loss
neutral_ncs_000,4,3320184836,neutral,0,0.0,0.0,1,A,loss
neutral_ncs_000,5,3320184837,neutral,200,-678.2618,-3.391309,0,A,win
neutral_ncs_000,6,3320184838,neutral,201,-664.7898,-3.307412,1,A,loss
neutral_ncs_000,7,3320184839,neutral,0,0.0,0.0,1,A,loss
neutral_ncs_001,0,3320184832,neutral,24,-93.5054,-3.896057,1,Tie,tie
neutral_ncs_001,1,3320184833,neutral,65,-183.9661,-2.830248,1,Tie,tie
neutral_ncs_001,2,3320184834,neutral,70,-352.3833,-5.034047,1,Tie,tie
neutral_ncs_001,3,3320184835,neutral,200,-733.6584,-3.668292,1,Tie,tie
neutral_ncs_001,4,3320184836,neutral,24,-84.3782,-3.515759,0,Tie,tie
neutral_ncs_001,5,3320184837,neutral,199,-814.4558,-4.092743,1,Tie,tie
neutral_ncs_001,6,3320184838,neutral,200,-646.9255,-3.234628,0,A,win
neutral_ncs_001,7,3320184839,neutral,171,-570.5942,-3.336808,1,Tie,tie
neutral_ncs_002,0,3320184832,neutral,0,0.0,0.0,1,Tie,tie
neutral_ncs_002,1,3320184833,neutral,200,-680.9885,-3.404943,1,B,win
neutral_ncs_002,2,3320184834,neutral,0,0.0,0.0,1,Tie,tie
neutral_ncs_002,3,3320184835,neutral,56,-120.8928,-2.1588,0,Tie,tie
neutral_ncs_002,4,3320184836,neutral,0,0.0,0.0,0,Tie,tie
neutral_ncs_002,5,3320184837,neutral,200,-715.4471,-3.577236,1,B,win
neutral_ncs_002,6,3320184838,neutral,0,0.0,0.0,1,Tie,tie
neutral_ncs_002,7,3320184839,neutral,0,0.0,0.0,0,Tie,tie
neutral_ncs_003,0,3320184832,neutral,183,-776.3357,-4.242272,0,A,win
neutral_ncs_003,1,3320184833,neutral,200,-444.4561,-2.22228,1,B,win
neutral_ncs_003,2,3320184834,neutral,0,0.0,0.0,1,B,win
neutral_ncs_003,3,3320184835,neutral,81,-271.8722,-3.356446,0,B,loss
neutral_ncs_003,4,3320184836,neutral,200,-627.3542,-3.136771,0,A,win
neutral_ncs_003,5,3320184837,neutral,200,-742.9913,-3.714957,1,B,win
neutral_ncs_003,6,3320184838,neutral,200,-685.7743,-3.428871,0,A,win
neutral_ncs_003,7,3320184839,neutral,17,-70.5696,-4.151151,1,B,win
neutral_ncs_004,0,3320184832,neutral,198,-903.6629,-4.563954,1,A,loss
neutral_ncs_004,1,3320184833,neutral,154,-644.2697,-4.183569,0,B,loss
neutral_ncs_004,2,3320184834,neutral,0,0.0,0.0,1,B,win
neutral_ncs_004,3,3320184835,neutral,200,-714.9741,-3.574871,0,B,loss
neutral_ncs_004,4,3320184836,neutral,121,-471.7216,-3.898526,0,B,loss
neutral_ncs_004,5,3320184837,neutral,200,-598.262,-2.99131,0,B,loss
neutral_ncs_004,6,3320184838,neutral,0,0.0,0.0,0,A,win
neutral_ncs_004,7,3320184839,neutral,72,-252.7885,-3.510951,1,B,win
neutral_ncs_005,0,3320184832,neutral,3,-9.8232,-3.274413,1,A,loss
neutral_ncs_005,1,3320184833,neutral,205,-950.9586,-4.638823,0,A,win
neutral_ncs_005,2,3320184834,neutral,3,-9.8232,-3.274413,1,A,loss
neutral_ncs_005,3,3320184835,neutral,121,-560.9866,-4.636253,1,B,win
neutral_ncs_005,4,3320184836,neutral,165,-539.7084,-3.27096,0,A,win
neutral_ncs_005,5,3320184837,neutral,3,-9.8232,-3.274413,1,A,loss
neutral_ncs_005,6,3320184838,neutral,203,-643.9299,-3.172069,0,B,loss
neutral_ncs_005,7,3320184839,neutral,3,-9.8232,-3.274413,0,B,loss
neutral_ncs_006,0,3320184832,neutral,0,0.0,0.0,0,B,loss
neutral_ncs_006,1,3320184833,neutral,8,-26.474,-3.309248,1,B,win
neutral_ncs_006,2,3320184834,neutral,179,-479.6978,-2.679876,1,B,win
neutral_ncs_006,3,3320184835,neutral,123,-437.2858,-3.555169,0,A,win
neutral_ncs_006,4,3320184836,neutral,108,-470.9099,-4.360277,1,B,win
neutral_ncs_006,5,3320184837,neutral,0,0.0,0.0,1,Tie,tie
neutral_ncs_006,6,3320184838,neutral,107,-411.2524,-3.84348,0,A,win
neutral_ncs_006,7,3320184839,neutral,0,0.0,0.0,1,Tie,tie
neutral_ncs_007,0,3320184832,neutral,0,0.0,0.0,0,B,loss
neutral_ncs_007,1,3320184833,neutral,0,0.0,0.0,1,A,loss
neutral_ncs_007,2,3320184834,neutral,56,-248.3199,-4.434284,1,A,loss
neutral_ncs_007,3,3320184835,neutral,0,0.0,0.0,0,B,loss
neutral_ncs_007,4,3320184836,neutral,34,-120.5191,-3.54468,1,A,loss
neutral_ncs_007,5,3320184837,neutral,0,0.0,0.0,1,A,loss
neutral_ncs_007,6,3320184838,neutral,0,0.0,0.0,0,B,loss
neutral_ncs_007,7,3320184839,neutral,58,-195.0475,-3.362887,0,B,loss
neutral_ncs_008,0,3320184832,neutral,0,0.0,0.0,0,B,loss
neutral_ncs_008,1,3320184833,neutral,200,-795.2063,-3.976031,1,Tie,tie
neutral_ncs_008,2,3320184834,neutral,20,-113.3234,-5.666172,0,B,loss
neutral_ncs_008,3,3320184835,neutral,122,-359.3283,-2.945314,1,B,win
neutral_ncs_008,4,3320184836,neutral,156,-568.9207,-3.646927,1,B,win
neutral_ncs_008,5,3320184837,neutral,200,-736.3562,-3.681781,0,B,loss
neutral_ncs_008,6,3320184838,neutral,68,-236.3467,-3.475687,1,B,win
neutral_ncs_008,7,3320184839,neutral,68,-298.8568,-4.394953,0,B,loss
neutral_ncs_009,0,3320184832,neutral,25,-125.3817,-5.015269,1,Tie,tie
neutral_ncs_009,1,3320184833,neutral,183,-536.9745,-2.934287,0,B,loss
neutral_ncs_009,2,3320184834,neutral,0,0.0,0.0,1,Tie,tie
neutral_ncs_009,3,3320184835,neutral,50,-173.6473,-3.472946,0,B,loss
neutral_ncs_009,4,3320184836,neutral,52,-201.3091,-3.87133,1,Tie,tie
neutral_ncs_009,5,3320184837,neutral,70,-213.1692,-3.045274,1,Tie,tie
neutral_ncs_009,6,3320184838,neutral,200,-905.6924,-4.528462,0,B,loss
neutral_ncs_009,7,3320184839,neutral,200,-514.1862,-2.570931,0,Tie,tie
neutral_ncs_010,0,3320184832,neutral,90,-258.8582,-2.876202,1,A,loss
neutral_ncs_010,1,3320184833,neutral,200,-732.5394,-3.662697,1,A,loss
neutral_ncs_010,2,3320184834,neutral,24,-163.7441,-6.822671,0,B,loss
neutral_ncs_010,3,3320184835,neutral,0,0.0,0.0,0,B,loss
neutral_ncs_010,4,3320184836,neutral,200,-950.62,-4.7531,0,B,loss
neutral_ncs_010,5,3320184837,neutral,39,-187.5836,-4.809836,0,B,loss
neutral_ncs_010,6,3320184838,neutral,14,-53.9735,-3.855248,0,B,loss
neutral_ncs_010,7,3320184839,neutral,200,-852.2498,-4.261249,1,A,loss
neutral_ncs_011,0,3320184832,neutral,49,-159.4019,-3.2531,0,A,win
neutral_ncs_011,1,3320184833,neutral,0,0.0,0.0,0,B,loss
neutral_ncs_011,2,3320184834,neutral,126,-349.8555,-2.776631,1,B,win
neutral_ncs_011,3,3320184835,neutral,146,-571.7758,-3.916272,1,Tie,tie
neutral_ncs_011,4,3320184836,neutral,0,0.0,0.0,0,B,loss
neutral_ncs_011,5,3320184837,neutral,0,0.0,0.0,0,B,loss
neutral_ncs_011,6,3320184838,neutral,0,0.0,0.0,0,B,loss
neutral_ncs_011,7,3320184839,neutral,9,-38.8417,-4.315748,0,B,loss
neutral_ncs_012,0,3320184832,neutral,200,-617.9329,-3.089665,1,Tie,tie
neutral_ncs_012,1,3320184833,neutral,138,-418.3179,-3.031289,1,A,loss
neutral_ncs_012,2,3320184834,neutral,133,-502.3934,-3.777394,0,B,loss
neutral_ncs_012,3,3320184835,neutral,24,-100.4424,-4.1851,0,B,loss
neutral_ncs_012,4,3320184836,neutral,200,-643.4392,-3.217196,1,A,loss
neutral_ncs_012,5,3320184837,neutral,184,-643.38,-3.49663,0,B,loss
neutral_ncs_012,6,3320184838,neutral,199,-824.6199,-4.143818,0,B,loss
neutral_ncs_012,7,3320184839,neutral,132,-617.3702,-4.677047,1,B,win
neutral_ncs_013,0,3320184832,neutral,75,-306.171,-4.08228,0,A,win
neutral_ncs_013,1,3320184833,neutral,200,-751.3737,-3.756869,1,B,win
neutral_ncs_013,2,3320184834,neutral,200,-546.7137,-2.733569,1,Tie,tie
neutral_ncs_013,3,3320184835,neutral,54,-195.9541,-3.628779,1,Tie,tie
neutral_ncs_013,4,3320184836,neutral,168,-477.1595,-2.840235,0,A,win
neutral_ncs_013,5,3320184837,neutral,55,-146.2906,-2.659829,1,Tie,tie
neutral_ncs_013,6,3320184838,neutral,140,-442.7684,-3.162632,1,Tie,tie
neutral_ncs_013,7,3320184839,neutral,0,0.0,0.0,1,Tie,tie
neutral_ncs_014,0,3320184832,neutral,200,-655.1884,-3.275942,1,A,loss
neutral_ncs_014,1,3320184833,neutral,49,-146.8563,-2.997067,1,A,loss
neutral_ncs_014,2,3320184834,neutral,200,-565.5519,-2.827759,1,A,loss
neutral_ncs_014,3,3320184835,neutral,173,-776.0337,-4.485744,1,A,loss
neutral_ncs_014,4,3320184836,neutral,129,-395.5954,-3.066631,1,A,loss
neutral_ncs_014,5,3320184837,neutral,114,-354.1297,-3.106401,1,A,loss
neutral_ncs_014,6,3320184838,neutral,200,-672.7871,-3.363936,0,B,loss
neutral_ncs_014,7,3320184839,neutral,200,-759.0803,-3.795402,0,B,loss
neutral_ncs_015,0,3320184832,neutral,200,-687.6383,-3.438192,0,B,loss
neutral_ncs_015,1,3320184833,neutral,103,-320.2477,-3.109201,0,A,win
neutral_ncs_015,2,3320184834,neutral,200,-817.8364,-4.089182,1,B,win
neutral_ncs_015,3,3320184835,neutral,67,-255.7406,-3.817024,0,A,win
neutral_ncs_015,4,3320184836,neutral,200,-544.1053,-2.720527,1,B,win
neutral_ncs_015,5,3320184837,neutral,55,-167.3691,-3.043075,1,Tie,tie
neutral_ncs_015,6,3320184838,neutral,13,-49.062,-3.774003,1,B,win
neutral_ncs_015,7,3320184839,neutral,6,-21.9969,-3.666155,0,B,loss
neutral_ncs_016,0,3320184832,neutral,0,0.0,0.0,0,B,loss
neutral_ncs_016,1,3320184833,neutral,200,-663.4744,-3.317372,0,B,loss
neutral_ncs_016,2,3320184834,neutral,0,0.0,0.0,0,B,loss
neutral_ncs_016,3,3320184835,neutral,0,0.0,0.0,1,A,loss
neutral_ncs_016,4,3320184836,neutral,0,0.0,0.0,0,B,loss
neutral_ncs_016,5,3320184837,neutral,0,0.0,0.0,1,A,loss
neutral_ncs_016,6,3320184838,neutral,0,0.0,0.0,0,B,loss
neutral_ncs_016,7,3320184839,neutral,0,0.0,0.0,0,B,loss
neutral_ncs_017,0,3320184832,neutral,26,-146.0638,-5.617839,1,A,loss
neutral_ncs_017,1,3320184833,neutral,200,-681.188,-3.40594,1,A,loss
neutral_ncs_017,2,3320184834,neutral,0,0.0,0.0,1,A,loss
neutral_ncs_017,3,3320184835,neutral,83,-339.433,-4.089554,1,A,loss
neutral_ncs_017,4,3320184836,neutral,200,-544.8119,-2.724059,1,A,loss
neutral_ncs_017,5,3320184837,neutral,200,-937.1538,-4.685769,0,B,loss
neutral_ncs_017,6,3320184838,neutral,0,0.0,0.0,1,A,loss
neutral_ncs_017,7,3320184839,neutral,200,-850.1132,-4.250566,0,B,loss
neutral_ncs_018,0,3320184832,neutral,1,-2.3523,-2.352314,1,B,win
neutral_ncs_018,1,3320184833,neutral,201,-779.2357,-3.876795,0,Tie,tie
neutral_ncs_018,2,3320184834,neutral,1,-2.3523,-2.352314,1,B,win
neutral_ncs_018,3,3320184835,neutral,201,-751.6173,-3.73939,0,A,win
neutral_ncs_018,4,3320184836,neutral,201,-733.0938,-3.647233,0,A,win
neutral_ncs_018,5,3320184837,neutral,1,-2.3523,-2.352314,1,B,win
neutral_ncs_018,6,3320184838,neutral,1,-2.3523,-2.352314,0,B,loss
neutral_ncs_018,7,3320184839,neutral,1,-2.3523,-2.352314,1,B,win
neutral_ncs_019,0,3320184832,neutral,0,0.0,0.0,1,B,win
neutral_ncs_019,1,3320184833,neutral,0,0.0,0.0,1,B,win
neutral_ncs_019,2,3320184834,neutral,0,0.0,0.0,0,B,loss
neutral_ncs_019,3,3320184835,neutral,0,0.0,0.0,0,B,loss
neutral_ncs_019,4,3320184836,neutral,141,-307.0338,-2.177544,0,Tie,tie
neutral_ncs_019,5,3320184837,neutral,0,0.0,0.0,1,B,win
neutral_ncs_019,6,3320184838,neutral,0,0.0,0.0,1,B,win
neutral_ncs_019,7,3320184839,neutral,0,0.0,0.0,1,B,win
neutral_ncs_020,0,3320184832,neutral,22,-136.8528,-6.220581,0,B,loss
neutral_ncs_020,1,3320184833,neutral,117,-399.6211,-3.415565,1,A,loss
neutral_ncs_020,2,3320184834,neutral,24,-87.9301,-3.663754,0,B,loss
neutral_ncs_020,3,3320184835,neutral,36,-126.7427,-3.520629,1,Tie,tie
neutral_ncs_020,4,3320184836,neutral,0,0.0,0.0,0,B,loss
neutral_ncs_020,5,3320184837,neutral,200,-771.0094,-3.855047,1,B,win
neutral_ncs_020,6,3320184838,neutral,200,-617.6576,-3.088288,1,Tie,tie
neutral_ncs_020,7,3320184839,neutral,36,-173.1374,-4.809371,1,Tie,tie
neutral_ncs_021,0,3320184832,neutral,2,-6.1442,-3.0721,0,B,loss
neutral_ncs_021,1,3320184833,neutral,9,-43.4173,-4.824148,1,A,loss
neutral_ncs_021,2,3320184834,neutral,2,-6.1442,-3.0721,0,B,loss
neutral_ncs_021,3,3320184835,neutral,30,-110.1925,-3.673085,0,B,loss
neutral_ncs_021,4,3320184836,neutral,202,-661.236,-3.273445,1,A,loss
neutral_ncs_021,5,3320184837,neutral,2,-6.1442,-3.0721,1,A,loss
neutral_ncs_021,6,3320184838,neutral,49,-182.7026,-3.728625,1,A,loss
neutral_ncs_021,7,3320184839,neutral,2,-6.1442,-3.0721,1,A,loss
neutral_ncs_022,0,3320184832,neutral,1,-2.4357,-2.435655,1,A,loss
neutral_ncs_022,1,3320184833,neutral,201,-608.575,-3.027736,0,B,loss
neutral_ncs_022,2,3320184834,neutral,200,-761.6482,-3.808241,0,B,loss
neutral_ncs_022,3,3320184835,neutral,201,-661.9937,-3.293501,1,A,loss
neutral_ncs_022,4,3320184836,neutral,201,-846.7742,-4.212807,0,B,loss
neutral_ncs_022,5,3320184837,neutral,57,-254.6488,-4.467523,1,A,loss
neutral_ncs_022,6,3320184838,neutral,1,-2.4357,-2.435655,1,A,loss
neutral_ncs_022,7,3320184839,neutral,1,-2.4357,-2.435655,0,B,loss
neutral_ncs_023,0,3320184832,neutral,131,-348.7537,-2.662242,0,B,loss
neutral_ncs_023,1,3320184833,neutral,108,-402.6326,-3.728079,0,B,loss
neutral_ncs_023,2,3320184834,neutral,200,-604.2195,-3.021097,0,B,loss
neutral_ncs_023,3,3320184835,neutral,200,-790.3322,-3.951661,0,B,loss
neutral_ncs_023,4,3320184836,neutral,200,-753.0871,-3.765435,0,B,loss
neutral_ncs_023,5,3320184837,neutral,200,-617.5654,-3.087827,1,B,win
neutral_ncs_023,6,3320184838,neutral,113,-275.7208,-2.440007,1,A,loss
neutral_ncs_023,7,3320184839,neutral,71,-239.5653,-3.374159,1,A,loss
neutral_ncs_024,0,3320184832,neutral,167,-791.8252,-4.741468,0,B,loss
neutral_ncs_024,1,3320184833,neutral,199,-710.1093,-3.568389,0,B,loss
neutral_ncs_024,2,3320184834,neutral,0,0.0,0.0,1,A,loss
neutral_ncs_024,3,3320184835,neutral,0,0.0,0.0,0,B,loss
neutral_ncs_024,4,3320184836,neutral,199,-692.2402,-3.478594,0,B,loss
neutral_ncs_024,5,3320184837,neutral,147,-616.866,-4.196368,1,A,loss
neutral_ncs_024,6,3320184838,neutral,77,-164.1342,-2.131614,1,B,win
neutral_ncs_024,7,3320184839,neutral,0,0.0,0.0,1,A,loss
neutral_ncs_025,0,3320184832,neutral,0,0.0,0.0,0,B,loss
neutral_ncs_025,1,3320184833,neutral,0,0.0,0.0,0,B,loss
neutral_ncs_025,2,3320184834,neutral,0,0.0,0.0,0,B,loss
neutral_ncs_025,3,3320184835,neutral,0,0.0,0.0,0,B,loss
neutral_ncs_025,4,3320184836,neutral,0,0.0,0.0,0,B,loss
neutral_ncs_025,5,3320184837,neutral,109,-360.7334,-3.30948,0,B,loss
neutral_ncs_025,6,3320184838,neutral,200,-821.8486,-4.109243,1,A,loss
neutral_ncs_025,7,3320184839,neutral,195,-745.0724,-3.820884,1,B,win
neutral_ncs_026,0,3320184832,neutral,9,-64.3835,-7.153722,0,A,win
neutral_ncs_026,1,3320184833,neutral,201,-974.0541,-4.84604,1,A,loss
neutral_ncs_026,2,3320184834,neutral,200,-747.8237,-3.739119,1,B,win
neutral_ncs_026,3,3320184835,neutral,196,-522.8229,-2.667464,1,B,win
neutral_ncs_026,4,3320184836,neutral,200,-837.6265,-4.188133,0,B,loss
neutral_ncs_026,5,3320184837,neutral,61,-226.9618,-3.720685,0,B,loss
neutral_ncs_026,6,3320184838,neutral,32,-144.2349,-4.50734,0,B,loss
neutral_ncs_026,7,3320184839,neutral,53,-176.9083,-3.337892,1,A,loss
neutral_ncs_027,0,3320184832,neutral,0,0.0,0.0,0,B,loss
neutral_ncs_027,1,3320184833,neutral,62,-207.4142,-3.34539,1,A,loss
neutral_ncs_027,2,3320184834,neutral,0,0.0,0.0,0,B,loss
neutral_ncs_027,3,3320184835,neutral,39,-38.9425,-0.998525,1,B,win
neutral_ncs_027,4,3320184836,neutral,27,-124.1819,-4.59933,0,B,loss
neutral_ncs_027,5,3320184837,neutral,0,0.0,0.0,1,B,win
neutral_ncs_027,6,3320184838,neutral,174,-463.8264,-2.665669,1,A,loss
neutral_ncs_027,7,3320184839,neutral,0,0.0,0.0,0,B,loss
neutral_ncs_028,0,3320184832,neutral,200,-881.8751,-4.409376,0,A,win
neutral_ncs_028,1,3320184833,neutral,0,0.0,0.0,0,B,loss
neutral_ncs_028,2,3320184834,neutral,0,0.0,0.0,0,B,loss
neutral_ncs_028,3,3320184835,neutral,0,0.0,0.0,0,B,loss
neutral_ncs_028,4,3320184836,neutral,0,0.0,0.0,1,Tie,tie
neutral_ncs_028,5,3320184837,neutral,0,0.0,0.0,0,B,loss
neutral_ncs_028,6,3320184838,neutral,0,0.0,0.0,1,Tie,tie
neutral_ncs_028,7,3320184839,neutral,0,0.0,0.0,0,B,loss
neutral_ncs_029,0,3320184832,neutral,0,0.0,0.0,1,B,win
neutral_ncs_029,1,3320184833,neutral,200,-382.7516,-1.913758,1,A,loss
neutral_ncs_029,2,3320184834,neutral,200,-703.6088,-3.518044,0,B,loss
neutral_ncs_029,3,3320184835,neutral,107,-391.9673,-3.663246,0,B,loss
neutral_ncs_029,4,3320184836,neutral,0,0.0,0.0,1,B,win
neutral_ncs_029,5,3320184837,neutral,160,-604.8361,-3.780226,0,B,loss
neutral_ncs_029,6,3320184838,neutral,0,0.0,0.0,0,B,loss
neutral_ncs_029,7,3320184839,neutral,201,-608.0859,-3.025303,1,B,win
neutral_ncs_030,0,3320184832,neutral,156,-361.354,-2.316372,1,A,loss
neutral_ncs_030,1,3320184833,neutral,200,-706.3868,-3.531934,0,B,loss
neutral_ncs_030,2,3320184834,neutral,0,0.0,0.0,1,A,loss
neutral_ncs_030,3,3320184835,neutral,199,-639.0123,-3.211117,0,B,loss
neutral_ncs_030,4,3320184836,neutral,96,-310.1085,-3.230297,0,B,loss
neutral_ncs_030,5,3320184837,neutral,7,-61.9586,-8.851224,0,B,loss
neutral_ncs_030,6,3320184838,neutral,200,-584.1191,-2.920596,0,B,loss
neutral_ncs_030,7,3320184839,neutral,112,-267.9401,-2.392322,0,B,loss
neutral_ncs_031,0,3320184832,neutral,11,-39.7859,-3.616903,1,A,loss
neutral_ncs_031,1,3320184833,neutral,41,-188.5953,-4.599886,0,B,loss
neutral_ncs_031,2,3320184834,neutral,200,-510.142,-2.55071,0,B,loss
neutral_ncs_031,3,3320184835,neutral,29,-102.9012,-3.548318,1,Tie,tie
neutral_ncs_031,4,3320184836,neutral,200,-617.0872,-3.085436,0,B,loss
neutral_ncs_031,5,3320184837,neutral,200,-617.9625,-3.089812,1,Tie,tie
neutral_ncs_031,6,3320184838,neutral,200,-701.9303,-3.509651,1,Tie,tie
neutral_ncs_031,7,3320184839,neutral,0,0.0,0.0,1,A,loss
neutral_ncs_032,0,3320184832,neutral,57,-138.6331,-2.432159,0,B,loss
neutral_ncs_032,1,3320184833,neutral,17,-107.9617,-6.350688,1,A,loss
neutral_ncs_032,2,3320184834,neutral,1,-1.9268,-1.926793,0,B,loss
neutral_ncs_032,3,3320184835,neutral,1,-1.9268,-1.926793,0,B,loss
neutral_ncs_032,4,3320184836,neutral,1,-1.9268,-1.926793,1,A,loss
neutral_ncs_032,5,3320184837,neutral,116,-327.9041,-2.82676,1,A,loss
neutral_ncs_032,6,3320184838,neutral,201,-709.1459,-3.528089,1,A,loss
neutral_ncs_032,7,3320184839,neutral,1,-1.9268,-1.926793,1,A,loss
neutral_ncs_033,0,3320184832,neutral,148,-648.8749,-4.38429,1,A,loss
neutral_ncs_033,1,3320184833,neutral,46,-174.5651,-3.794894,1,B,win
neutral_ncs_033,2,3320184834,neutral,59,-251.6571,-4.265375,0,B,loss
neutral_ncs_033,3,3320184835,neutral,201,-607.7866,-3.023814,1,A,loss
neutral_ncs_033,4,3320184836,neutral,201,-820.4062,-4.081623,1,B,win
neutral_ncs_033,5,3320184837,neutral,44,-179.2235,-4.073261,0,B,loss
neutral_ncs_033,6,3320184838,neutral,53,-278.6018,-5.256638,1,A,loss
neutral_ncs_033,7,3320184839,neutral,24,-93.8276,-3.909484,0,B,loss
neutral_ncs_034,0,3320184832,neutral,0,0.0,0.0,0,B,loss
neutral_ncs_034,1,3320184833,neutral,0,0.0,0.0,0,B,loss
neutral_ncs_034,2,3320184834,neutral,0,0.0,0.0,1,B,win
neutral_ncs_034,3,3320184835,neutral,0,0.0,0.0,1,B,win
neutral_ncs_034,4,3320184836,neutral,0,0.0,0.0,0,B,loss
neutral_ncs_034,5,3320184837,neutral,7,-48.0467,-6.863818,1,B,win
neutral_ncs_034,6,3320184838,neutral,0,0.0,0.0,0,B,loss
neutral_ncs_034,7,3320184839,neutral,0,0.0,0.0,1,B,win
neutral_ncs_035,0,3320184832,neutral,13,-58.113,-4.470233,1,A,loss
neutral_ncs_035,1,3320184833,neutral,165,-273.017,-1.654648,0,B,loss
neutral_ncs_035,2,3320184834,neutral,110,-302.3332,-2.748484,1,B,win
neutral_ncs_035,3,3320184835,neutral,178,-427.9943,-2.404462,1,A,loss
neutral_ncs_035,4,3320184836,neutral,123,-381.6233,-3.102629,1,A,loss
neutral_ncs_035,5,3320184837,neutral,132,-546.862,-4.142894,0,B,loss
neutral_ncs_035,6,3320184838,neutral,48,-172.9509,-3.603144,1,A,loss
neutral_ncs_035,7,3320184839,neutral,200,-638.108,-3.19054,1,B,win
neutral_ncs_036,0,3320184832,neutral,0,0.0,0.0,1,B,win
neutral_ncs_036,1,3320184833,neutral,12,-25.9293,-2.160778,1,B,win
neutral_ncs_036,2,3320184834,neutral,200,-712.3161,-3.561581,0,B,loss
neutral_ncs_036,3,3320184835,neutral,0,0.0,0.0,1,B,win
neutral_ncs_036,4,3320184836,neutral,130,-572.4304,-4.403311,0,Tie,tie
neutral_ncs_036,5,3320184837,neutral,0,0.0,0.0,0,B,loss
neutral_ncs_036,6,3320184838,neutral,8,-30.1818,-3.77272,0,B,loss
neutral_ncs_036,7,3320184839,neutral,0,0.0,0.0,0,B,loss
neutral_ncs_037,0,3320184832,neutral,200,-900.6924,-4.503462,1,A,loss
neutral_ncs_037,1,3320184833,neutral,12,-24.7852,-2.065437,1,B,win
neutral_ncs_037,2,3320184834,neutral,0,0.0,0.0,0,B,loss
neutral_ncs_037,3,3320184835,neutral,0,0.0,0.0,0,B,loss
neutral_ncs_037,4,3320184836,neutral,181,-527.3519,-2.913547,1,A,loss
neutral_ncs_037,5,3320184837,neutral,102,-449.1631,-4.40356,0,B,loss
neutral_ncs_037,6,3320184838,neutral,0,0.0,0.0,1,Tie,tie
neutral_ncs_037,7,3320184839,neutral,33,-134.9313,-4.088827,0,B,loss
neutral_ncs_038,0,3320184832,neutral,0,0.0,0.0,0,B,loss
neutral_ncs_038,1,3320184833,neutral,0,0.0,0.0,1,A,loss
neutral_ncs_038,2,3320184834,neutral,200,-731.7136,-3.658568,0,B,loss
neutral_ncs_038,3,3320184835,neutral,98,-388.8856,-3.968221,0,B,loss
neutral_ncs_038,4,3320184836,neutral,200,-841.8096,-4.209048,1,A,loss
neutral_ncs_038,5,3320184837,neutral,0,0.0,0.0,1,A,loss
neutral_ncs_038,6,3320184838,neutral,49,-183.0531,-3.735777,0,B,loss
neutral_ncs_038,7,3320184839,neutral,58,-203.6206,-3.510701,1,A,loss
neutral_ncs_039,0,3320184832,neutral,17,-58.2709,-3.4277,0,B,loss
neutral_ncs_039,1,3320184833,neutral,157,-627.4114,-3.996251,1,A,loss
neutral_ncs_039,2,3320184834,neutral,0,0.0,0.0,0,A,win
neutral_ncs_039,3,3320184835,neutral,66,-259.4921,-3.931699,1,A,loss
neutral_ncs_039,4,3320184836,neutral,0,0.0,0.0,1,A,loss
neutral_ncs_039,5,3320184837,neutral,0,0.0,0.0,0,A,win
neutral_ncs_039,6,3320184838,neutral,0,0.0,0.0,0,A,win
neutral_ncs_039,7,3320184839,neutral,200,-687.8154,-3.439077,1,Tie,tie
neutral_qa_000,0,3320184832,neutral,200,-569.1599,-2.8458,0,B,loss
neutral_qa_000,1,3320184833,neutral,30,-113.1804,-3.77268,1,B,win
neutral_qa_000,2,3320184834,neutral,0,0.0,0.0,1,B,win
neutral_qa_000,3,3320184835,neutral,0,0.0,0.0,0,B,loss
neutral_qa_000,4,3320184836,neutral,121,-493.7675,-4.080723,1,B,win
neutral_qa_000,5,3320184837,neutral,200,-620.3881,-3.10194,1,B,win
neutral_qa_000,6,3320184838,neutral,0,0.0,0.0,1,B,win
neutral_qa_000,7,3320184839,neutral,92,-209.3399,-2.275434,0,Tie,tie
neutral_qa_001,0,3320184832,neutral,102,-356.3257,-3.493389,0,B,loss
neutral_qa_001,1,3320184833,neutral,200,-383.6371,-1.918185,1,B,win
neutral_qa_001,2,3320184834,neutral,0,0.0,0.0,0,B,loss
neutral_qa_001,3,3320184835,neutral,0,0.0,0.0,0,B,loss
neutral_qa_001,4,3320184836,neutral,166,-339.3604,-2.04434,1,B,win
neutral_qa_001,5,3320184837,neutral,200,-762.6947,-3.813474,0,Tie,tie
neutral_qa_001,6,3320184838,neutral,200,-412.977,-2.064885,1,B,win
neutral_qa_001,7,3320184839,neutral,0,0.0,0.0,1,B,win
neutral_qa_002,0,3320184832,neutral,22,-75.4737,-3.430623,1,A,loss
neutral_qa_002,1,3320184833,neutral,155,-656.9079,-4.238115,0,A,win
neutral_qa_002,2,3320184834,neutral,1,-3.2049,-3.204928,1,A,loss
neutral_qa_002,3,3320184835,neutral,201,-653.302,-3.250259,0,A,win
neutral_qa_002,4,3320184836,neutral,79,-329.2048,-4.167149,0,A,win
neutral_qa_002,5,3320184837,neutral,97,-401.5988,-4.140193,0,A,win
neutral_qa_002,6,3320184838,neutral,1,-3.2049,-3.204928,0,A,win
neutral_qa_002,7,3320184839,neutral,201,-682.2959,-3.394507,0,A,win
neutral_qa_003,0,3320184832,neutral,200,-751.2963,-3.756481,0,B,loss
neutral_qa_003,1,3320184833,neutral,57,-138.9091,-2.437002,1,B,win
neutral_qa_003,2,3320184834,neutral,41,-128.2874,-3.128961,0,A,win
neutral_qa_003,3,3320184835,neutral,12,-45.5863,-3.798858,0,B,loss
neutral_qa_003,4,3320184836,neutral,168,-483.2509,-2.876493,0,B,loss
neutral_qa_003,5,3320184837,neutral,101,-263.3026,-2.606956,1,B,win
neutral_qa_003,6,3320184838,neutral,200,-450.5649,-2.252824,0,B,loss
neutral_qa_003,7,3320184839,neutral,79,-366.5995,-4.640501,0,B,loss
neutral_qa_004,0,3320184832,neutral,2,-4.2699,-2.134971,1,A,loss
neutral_qa_004,1,3320184833,neutral,202,-617.0555,-3.05473,0,B,loss
neutral_qa_004,2,3320184834,neutral,2,-4.2699,-2.134971,0,B,loss
neutral_qa_004,3,3320184835,neutral,2,-4.2699,-2.134971,1,A,loss
neutral_qa_004,4,3320184836,neutral,60,-200.7129,-3.345215,0,B,loss
neutral_qa_004,5,3320184837,neutral,2,-4.2699,-2.134971,1,A,loss
neutral_qa_004,6,3320184838,neutral,2,-4.2699,-2.134971,1,A,loss
neutral_qa_004,7,3320184839,neutral,2,-4.2699,-2.134971,1,A,loss
neutral_qa_005,0,3320184832,neutral,0,0.0,0.0,1,B,win
neutral_qa_005,1,3320184833,neutral,0,0.0,0.0,0,A,win
neutral_qa_005,2,3320184834,neutral,0,0.0,0.0,1,B,win
neutral_qa_005,3,3320184835,neutral,0,0.0,0.0,1,B,win
neutral_qa_005,4,3320184836,neutral,0,0.0,0.0,1,B,win
neutral_qa_005,5,3320184837,neutral,115,-405.4926,-3.526022,0,B,loss
neutral_qa_005,6,3320184838,neutral,0,0.0,0.0,0,A,win
neutral_qa_005,7,3320184839,neutral,0,0.0,0.0,0,A,win
neutral_qa_006,0,3320184832,neutral,200,-627.1614,-3.135807,1,B,win
neutral_qa_006,1,3320184833,neutral,0,0.0,0.0,0,B,loss
neutral_qa_006,2,3320184834,neutral,0,0.0,0.0,0,B,loss
neutral_qa_006,3,3320184835,neutral,0,0.0,0.0,0,B,loss
neutral_qa_006,4,3320184836,neutral,17,-42.6029,-2.506052,0,B,loss
neutral_qa_006,5,3320184837,neutral,0,0.0,0.0,1,B,win
neutral_qa_006,6,3320184838,neutral,0,0.0,0.0,0,B,loss
neutral_qa_006,7,3320184839,neutral,0,0.0,0.0,1,B,win
neutral_qa_007,0,3320184832,neutral,142,-376.2863,-2.649903,1,A,loss
neutral_qa_007,1,3320184833,neutral,182,-490.5181,-2.695154,0,B,loss
neutral_qa_007,2,3320184834,neutral,95,-308.2931,-3.245191,0,B,loss
neutral_qa_007,3,3320184835,neutral,201,-593.2113,-2.9513,0,B,loss
neutral_qa_007,4,3320184836,neutral,68,-256.5029,-3.772101,1,A,loss
neutral_qa_007,5,3320184837,neutral,201,-651.6285,-3.241933,1,B,win
neutral_qa_007,6,3320184838,neutral,135,-530.6587,-3.930805,0,B,loss
neutral_qa_007,7,3320184839,neutral,79,-288.8742,-3.656636,1,A,loss
neutral_qa_008,0,3320184832,neutral,0,0.0,0.0,0,B,loss
neutral_qa_008,1,3320184833,neutral,22,-60.2927,-2.740577,1,A,loss
neutral_qa_008,2,3320184834,neutral,200,-529.3076,-2.646538,0,B,loss
neutral_qa_008,3,3320184835,neutral,0,0.0,0.0,0,B,loss
neutral_qa_008,4,3320184836,neutral,88,-130.8123,-1.486504,0,B,loss
neutral_qa_008,5,3320184837,neutral,0,0.0,0.0,0,B,loss
neutral_qa_008,6,3320184838,neutral,0,0.0,0.0,1,A,loss
neutral_qa_008,7,3320184839,neutral,0,0.0,0.0,0,B,loss
neutral_qa_009,0,3320184832,neutral,2,-2.7712,-1.385592,0,B,loss
neutral_qa_009,1,3320184833,neutral,202,-633.8202,-3.137724,0,B,loss
neutral_qa_009,2,3320184834,neutral,2,-2.7712,-1.385592,1,Tie,tie
neutral_qa_009,3,3320184835,neutral,202,-773.3591,-3.828511,1,Tie,tie
neutral_qa_009,4,3320184836,neutral,2,-2.7712,-1.385592,0,B,loss
neutral_qa_009,5,3320184837,neutral,202,-600.4092,-2.972323,1,Tie,tie
neutral_qa_009,6,3320184838,neutral,2,-2.7712,-1.385592,1,Tie,tie
neutral_qa_009,7,3320184839,neutral,2,-2.7712,-1.385592,1,Tie,tie
neutral_qa_010,0,3320184832,neutral,2,-3.5063,-1.753147,1,A,loss
neutral_qa_010,1,3320184833,neutral,99,-437.9125,-4.423359,0,B,loss
neutral_qa_010,2,3320184834,neutral,2,-3.5063,-1.753147,1,A,loss
neutral_qa_010,3,3320184835,neutral,2,-3.5063,-1.753147,0,B,loss
neutral_qa_010,4,3320184836,neutral,2,-3.5063,-1.753147,0,B,loss
neutral_qa_010,5,3320184837,neutral,78,-111.6075,-1.430865,1,A,loss
neutral_qa_010,6,3320184838,neutral,2,-3.5063,-1.753147,0,B,loss
neutral_qa_010,7,3320184839,neutral,2,-3.5063,-1.753147,1,A,loss
neutral_qa_011,0,3320184832,neutral,1,-2.6404,-2.640421,0,B,loss
neutral_qa_011,1,3320184833,neutral,102,-404.072,-3.96149,0,B,loss
neutral_qa_011,2,3320184834,neutral,19,-54.0355,-2.843974,1,A,loss
neutral_qa_011,3,3320184835,neutral,108,-390.213,-3.613083,1,A,loss
neutral_qa_011,4,3320184836,neutral,201,-645.9938,-3.2139,0,A,win
neutral_qa_011,5,3320184837,neutral,49,-162.4156,-3.314605,1,B,win
neutral_qa_011,6,3320184838,neutral,197,-651.2883,-3.306032,1,A,loss
neutral_qa_011,7,3320184839,neutral,185,-426.7315,-2.306657,1,A,loss
neutral_qa_012,0,3320184832,neutral,1,-3.3972,-3.397192,1,Tie,tie
neutral_qa_012,1,3320184833,neutral,30,-144.3164,-4.810546,1,B,win
neutral_qa_012,2,3320184834,neutral,9,-16.6279,-1.847549,0,A,win
neutral_qa_012,3,3320184835,neutral,174,-436.4263,-2.508197,1,B,win
neutral_qa_012,4,3320184836,neutral,40,-100.3741,-2.509352,1,Tie,tie
neutral_qa_012,5,3320184837,neutral,14,-58.9396,-4.20997,0,A,win
neutral_qa_012,6,3320184838,neutral,33,-100.4649,-3.044392,0,A,win
neutral_qa_012,7,3320184839,neutral,201,-473.0749,-2.353606,0,B,loss
neutral_qa_013,0,3320184832,neutral,201,-674.2349,-3.354402,0,B,loss
neutral_qa_013,1,3320184833,neutral,1,-3.4633,-3.463271,0,B,loss
neutral_qa_013,2,3320184834,neutral,1,-3.4633,-3.463271,0,B,loss
neutral_qa_013,3,3320184835,neutral,1,-3.4633,-3.463271,0,B,loss
neutral_qa_013,4,3320184836,neutral,1,-3.4633,-3.463271,0,B,loss
neutral_qa_013,5,3320184837,neutral,1,-3.4633,-3.463271,0,B,loss
neutral_qa_013,6,3320184838,neutral,1,-3.4633,-3.463271,0,B,loss
neutral_qa_013,7,3320184839,neutral,66,-129.7106,-1.965311,0,B,loss
neutral_qa_014,0,3320184832,neutral,0,0.0,0.0,1,Tie,tie
neutral_qa_014,1,3320184833,neutral,200,-521.7416,-2.608708,1,Tie,tie
neutral_qa_014,2,3320184834,neutral,0,0.0,0.0,0,Tie,tie
neutral_qa_014,3,3320184835,neutral,0,0.0,0.0,0,Tie,tie
neutral_qa_014,4,3320184836,neutral,76,-177.106,-2.330343,1,Tie,tie
neutral_qa_014,5,3320184837,neutral,136,-608.8469,-4.476816,1,Tie,tie
neutral_qa_014,6,3320184838,neutral,89,-243.7639,-2.73892,1,A,loss
neutral_qa_014,7,3320184839,neutral,9,-27.8446,-3.093841,1,A,loss
neutral_qa_015,0,3320184832,neutral,0,0.0,0.0,0,Tie,tie
neutral_qa_015,1,3320184833,neutral,194,-457.3411,-2.357428,0,B,loss
neutral_qa_015,2,3320184834,neutral,200,-586.3026,-2.931513,0,B,loss
neutral_qa_015,3,3320184835,neutral,200,-569.1284,-2.845642,1,Tie,tie
neutral_qa_015,4,3320184836,neutral,0,0.0,0.0,1,Tie,tie
neutral_qa_015,5,3320184837,neutral,156,-356.941,-2.288084,1,B,win
neutral_qa_015,6,3320184838,neutral,0,0.0,0.0,0,Tie,tie
neutral_qa_015,7,3320184839,neutral,33,-110.5016,-3.348532,1,Tie,tie
neutral_qa_016,0,3320184832,neutral,135,-548.2999,-4.06148,0,B,loss
neutral_qa_016,1,3320184833,neutral,200,-543.6348,-2.718174,0,A,win
neutral_qa_016,2,3320184834,neutral,0,0.0,0.0,0,B,loss
neutral_qa_016,3,3320184835,neutral,0,0.0,0.0,1,A,loss
neutral_qa_016,4,3320184836,neutral,0,0.0,0.0,1,A,loss
neutral_qa_016,5,3320184837,neutral,40,-204.3517,-5.108791,0,B,loss
neutral_qa_016,6,3320184838,neutral,0,0.0,0.0,1,A,loss
neutral_qa_016,7,3320184839,neutral,90,-422.3922,-4.693247,1,A,loss
neutral_qa_017,0,3320184832,neutral,200,-685.7953,-3.428976,0,B,loss
neutral_qa_017,1,3320184833,neutral,20,-52.2953,-2.614764,0,A,win
neutral_qa_017,2,3320184834,neutral,88,-221.4852,-2.516878,0,B,loss
neutral_qa_017,3,3320184835,neutral,200,-679.2231,-3.396116,0,B,loss
neutral_qa_017,4,3320184836,neutral,200,-580.6477,-2.903239,0,B,loss
neutral_qa_017,5,3320184837,neutral,200,-603.8226,-3.019113,0,B,loss
neutral_qa_017,6,3320184838,neutral,76,-255.5479,-3.362473,1,B,win
neutral_qa_017,7,3320184839,neutral,72,-248.903,-3.456986,1,B,win
neutral_qa_018,0,3320184832,neutral,4,-32.1328,-8.033195,0,B,loss
neutral_qa_018,1,3320184833,neutral,53,-138.2683,-2.608835,0,A,win
neutral_qa_018,2,3320184834,neutral,90,-349.2585,-3.88065,1,Tie,tie
neutral_qa_018,3,3320184835,neutral,0,0.0,0.0,0,B,loss
neutral_qa_018,4,3320184836,neutral,0,0.0,0.0,1,Tie,tie
neutral_qa_018,5,3320184837,neutral,166,-845.0875,-5.090888,0,A,win
neutral_qa_018,6,3320184838,neutral,13,-43.8561,-3.373549,0,B,loss
neutral_qa_018,7,3320184839,neutral,0,0.0,0.0,0,B,loss
neutral_qa_019,0,3320184832,neutral,43,-169.5048,-3.941972,1,A,loss
neutral_qa_019,1,3320184833,neutral,200,-689.484,-3.44742,1,A,loss
neutral_qa_019,2,3320184834,neutral,0,0.0,0.0,1,A,loss
neutral_qa_019,3,3320184835,neutral,0,0.0,0.0,0,A,win
neutral_qa_019,4,3320184836,neutral,200,-553.4859,-2.76743,1,A,loss
neutral_qa_019,5,3320184837,neutral,200,-551.0312,-2.755156,0,B,loss
neutral_qa_019,6,3320184838,neutral,200,-659.1655,-3.295827,0,B,loss
neutral_qa_019,7,3320184839,neutral,0,0.0,0.0,1,A,loss
neutral_qa_020,0,3320184832,neutral,118,-432.9272,-3.668875,1,A,loss
neutral_qa_020,1,3320184833,neutral,8,-35.6207,-4.452588,1,B,win
neutral_qa_020,2,3320184834,neutral,1,-4.2117,-4.211718,1,A,loss
neutral_qa_020,3,3320184835,neutral,201,-933.1851,-4.642712,1,A,loss
neutral_qa_020,4,3320184836,neutral,56,-211.5952,-3.778485,1,B,win
neutral_qa_020,5,3320184837,neutral,201,-713.1744,-3.548132,0,B,loss
neutral_qa_020,6,3320184838,neutral,1,-4.2117,-4.211718,1,A,loss
neutral_qa_020,7,3320184839,neutral,1,-4.2117,-4.211718,0,B,loss
neutral_qa_021,0,3320184832,neutral,0,0.0,0.0,1,B,win
neutral_qa_021,1,3320184833,neutral,27,-116.6769,-4.321365,0,A,win
neutral_qa_021,2,3320184834,neutral,3,-16.9474,-5.649144,0,B,loss
neutral_qa_021,3,3320184835,neutral,138,-490.3407,-3.553194,0,Tie,tie
neutral_qa_021,4,3320184836,neutral,6,-28.0024,-4.667073,1,B,win
neutral_qa_021,5,3320184837,neutral,86,-219.301,-2.550012,0,A,win
neutral_qa_021,6,3320184838,neutral,22,-68.9403,-3.13365,1,B,win
neutral_qa_021,7,3320184839,neutral,40,-103.7778,-2.594446,1,B,win
neutral_qa_022,0,3320184832,neutral,201,-572.463,-2.848074,1,B,win
neutral_qa_022,1,3320184833,neutral,201,-619.3145,-3.081166,0,A,win
neutral_qa_022,2,3320184834,neutral,1,-3.2921,-3.292116,0,B,loss
neutral_qa_022,3,3320184835,neutral,1,-3.2921,-3.292116,0,B,loss
neutral_qa_022,4,3320184836,neutral,1,-3.2921,-3.292116,1,B,win
neutral_qa_022,5,3320184837,neutral,1,-3.2921,-3.292116,1,B,win
neutral_qa_022,6,3320184838,neutral,1,-3.2921,-3.292116,1,B,win
neutral_qa_022,7,3320184839,neutral,166,-418.0432,-2.518333,0,B,loss
neutral_qa_023,0,3320184832,neutral,10,-50.5355,-5.053552,0,B,loss
neutral_qa_023,1,3320184833,neutral,1,-3.0925,-3.092541,0,B,loss
neutral_qa_023,2,3320184834,neutral,1,-3.0925,-3.092541,1,A,loss
neutral_qa_023,3,3320184835,neutral,1,-3.0925,-3.092541,1,A,loss
neutral_qa_023,4,3320184836,neutral,1,-3.0925,-3.092541,0,B,loss
neutral_qa_023,5,3320184837,neutral,44,-244.2405,-5.550921,1,A,loss
neutral_qa_023,6,3320184838,neutral,1,-3.0925,-3.092541,1,A,loss
neutral_qa_023,7,3320184839,neutral,1,-3.0925,-3.092541,0,B,loss
neutral_qa_024,0,3320184832,neutral,198,-604.8978,-3.05504,1,A,loss
neutral_qa_024,1,3320184833,neutral,200,-596.8311,-2.984156,0,B,loss
neutral_qa_024,2,3320184834,neutral,200,-585.3248,-2.926624,1,B,win
neutral_qa_024,3,3320184835,neutral,200,-485.3213,-2.426606,0,B,loss
neutral_qa_024,4,3320184836,neutral,49,-216.2682,-4.413636,1,A,loss
neutral_qa_024,5,3320184837,neutral,200,-472.6783,-2.363392,0,B,loss
neutral_qa_024,6,3320184838,neutral,171,-465.2789,-2.720929,1,B,win
neutral_qa_024,7,3320184839,neutral,37,-53.923,-1.457378,1,B,win
neutral_qa_025,0,3320184832,neutral,0,0.0,0.0,1,A,loss
neutral_qa_025,1,3320184833,neutral,200,-658.8817,-3.294409,0,B,loss
neutral_qa_025,2,3320184834,neutral,62,-188.8686,-3.046268,0,B,loss
neutral_qa_025,3,3320184835,neutral,161,-369.1197,-2.292669,1,A,loss
neutral_qa_025,4,3320184836,neutral,17,-43.729,-2.572293,0,B,loss
neutral_qa_025,5,3320184837,neutral,0,0.0,0.0,1,A,loss
neutral_qa_025,6,3320184838,neutral,200,-714.261,-3.571305,0,B,loss
neutral_qa_025,7,3320184839,neutral,46,-192.8513,-4.192419,0,B,loss
neutral_qa_026,0,3320184832,neutral,200,-807.865,-4.039325,1,B,win
neutral_qa_026,1,3320184833,neutral,35,-78.9184,-2.25481,0,A,win
neutral_qa_026,2,3320184834,neutral,0,0.0,0.0,1,A,loss
neutral_qa_026,3,3320184835,neutral,0,0.0,0.0,1,A,loss
neutral_qa_026,4,3320184836,neutral,28,-71.4098,-2.550351,0,A,win
neutral_qa_026,5,3320184837,neutral,200,-471.493,-2.357465,1,B,win
neutral_qa_026,6,3320184838,neutral,200,-828.0176,-4.140088,0,A,win
neutral_qa_026,7,3320184839,neutral,26,-103.433,-3.978193,0,A,win
neutral_qa_027,0,3320184832,neutral,1,-3.5325,-3.532524,1,B,win
neutral_qa_027,1,3320184833,neutral,201,-523.3578,-2.60377,1,Tie,tie
neutral_qa_027,2,3320184834,neutral,1,-3.5325,-3.532524,1,B,win
neutral_qa_027,3,3320184835,neutral,1,-3.5325,-3.532524,1,B,win
neutral_qa_027,4,3320184836,neutral,1,-3.5325,-3.532524,0,Tie,tie
neutral_qa_027,5,3320184837,neutral,100,-358.776,-3.58776,0,A,win
neutral_qa_027,6,3320184838,neutral,1,-3.5325,-3.532524,1,B,win
neutral_qa_027,7,3320184839,neutral,1,-3.5325,-3.532524,0,Tie,tie
neutral_qa_028,0,3320184832,neutral,201,-666.6576,-3.316704,0,Tie,tie
neutral_qa_028,1,3320184833,neutral,8,-24.3215,-3.040186,0,B,loss
neutral_qa_028,2,3320184834,neutral,7,-14.8578,-2.122542,1,B,win
neutral_qa_028,3,3320184835,neutral,1,-2.4924,-2.492366,0,B,loss
neutral_qa_028,4,3320184836,neutral,200,-888.0248,-4.440124,1,Tie,tie
neutral_qa_028,5,3320184837,neutral,201,-562.3281,-2.797652,0,Tie,tie
neutral_qa_028,6,3320184838,neutral,201,-622.5215,-3.097122,1,Tie,tie
neutral_qa_028,7,3320184839,neutral,85,-302.4269,-3.557964,1,B,win
neutral_qa_029,0,3320184832,neutral,57,-290.4958,-5.096417,1,A,loss
neutral_qa_029,1,3320184833,neutral,188,-627.098,-3.335628,1,B,win
neutral_qa_029,2,3320184834,neutral,0,0.0,0.0,1,Tie,tie
neutral_qa_029,3,3320184835,neutral,0,0.0,0.0,1,Tie,tie
neutral_qa_029,4,3320184836,neutral,200,-746.4512,-3.732256,0,A,win
neutral_qa_029,5,3320184837,neutral,200,-623.7748,-3.118874,0,A,win
neutral_qa_029,6,3320184838,neutral,125,-390.5625,-3.1245,0,B,loss
neutral_qa_029,7,3320184839,neutral,0,0.0,0.0,0,B,loss
neutral_qa_030,0,3320184832,neutral,201,-734.8579,-3.65601,1,A,loss
neutral_qa_030,1,3320184833,neutral,47,-153.578,-3.267617,0,B,loss
neutral_qa_030,2,3320184834,neutral,1,-2.4981,-2.498083,1,A,loss
neutral_qa_030,3,3320184835,neutral,1,-2.4981,-2.498083,1,A,loss
neutral_qa_030,4,3320184836,neutral,1,-2.4981,-2.498083,0,B,loss
neutral_qa_030,5,3320184837,neutral,59,-163.1547,-2.765334,0,A,win
neutral_qa_030,6,3320184838,neutral,1,-2.4981,-2.498083,1,A,loss
neutral_qa_030,7,3320184839,neutral,13,-54.0212,-4.155479,1,A,loss
neutral_qa_031,0,3320184832,neutral,37,-67.0312,-1.811655,1,B,win
neutral_qa_031,1,3320184833,neutral,47,-122.0912,-2.597684,0,B,loss
neutral_qa_031,2,3320184834,neutral,1,-3.9565,-3.956474,1,A,loss
neutral_qa_031,3,3320184835,neutral,93,-416.8014,-4.481735,1,Tie,tie
neutral_qa_031,4,3320184836,neutral,201,-685.705,-3.411467,1,A,loss
neutral_qa_031,5,3320184837,neutral,201,-652.7467,-3.247496,0,B,loss
neutral_qa_031,6,3320184838,neutral,1,-3.9565,-3.956474,0,B,loss
neutral_qa_031,7,3320184839,neutral,34,-119.1453,-3.504273,0,B,loss
neutral_qa_032,0,3320184832,neutral,10,-45.6688,-4.566882,0,Tie,tie
neutral_qa_032,1,3320184833,neutral,1,-1.8357,-1.83566,1,A,loss
neutral_qa_032,2,3320184834,neutral,201,-736.0508,-3.661944,1,B,win
neutral_qa_032,3,3320184835,neutral,1,-1.8357,-1.83566,1,A,loss
neutral_qa_032,4,3320184836,neutral,10,-17.1833,-1.718329,1,B,win
neutral_qa_032,5,3320184837,neutral,1,-1.8357,-1.83566,1,A,loss
neutral_qa_032,6,3320184838,neutral,98,-280.9377,-2.866711,1,B,win
neutral_qa_032,7,3320184839,neutral,1,-1.8357,-1.83566,0,B,loss
neutral_qa_033,0,3320184832,neutral,13,-22.1246,-1.701894,1,B,win
neutral_qa_033,1,3320184833,neutral,69,-273.2559,-3.960231,0,B,loss
neutral_qa_033,2,3320184834,neutral,0,0.0,0.0,0,A,win
neutral_qa_033,3,3320184835,neutral,0,0.0,0.0,0,A,win
neutral_qa_033,4,3320184836,neutral,0,0.0,0.0,0,A,win
neutral_qa_033,5,3320184837,neutral,0,0.0,0.0,0,A,win
neutral_qa_033,6,3320184838,neutral,0,0.0,0.0,1,B,win
neutral_qa_033,7,3320184839,neutral,0,0.0,0.0,0,A,win
neutral_qa_034,0,3320184832,neutral,0,0.0,0.0,1,B,win
neutral_qa_034,1,3320184833,neutral,0,0.0,0.0,1,B,win
neutral_qa_034,2,3320184834,neutral,200,-752.4299,-3.76215,0,B,loss
neutral_qa_034,3,3320184835,neutral,8,-21.8351,-2.72939,0,B,loss
neutral_qa_034,4,3320184836,neutral,200,-709.2164,-3.546082,0,Tie,tie
neutral_qa_034,5,3320184837,neutral,74,-193.0725,-2.609088,1,B,win
neutral_qa_034,6,3320184838,neutral,11,-34.6315,-3.148317,1,B,win
neutral_qa_034,7,3320184839,neutral,37,-144.0035,-3.891986,1,B,win
neutral_qa_035,0,3320184832,neutral,1,-3.3062,-3.306198,1,A,loss
neutral_qa_035,1,3320184833,neutral,58,-159.8972,-2.756848,0,B,loss
neutral_qa_035,2,3320184834,neutral,1,-3.3062,-3.306198,1,A,loss
neutral_qa_035,3,3320184835,neutral,202,-915.7256,-4.533295,1,A,loss
neutral_qa_035,4,3320184836,neutral,38,-159.9973,-4.210456,1,A,loss
neutral_qa_035,5,3320184837,neutral,1,-3.3062,-3.306198,1,A,loss
neutral_qa_035,6,3320184838,neutral,1,-3.3062,-3.306198,1,A,loss
neutral_qa_035,7,3320184839,neutral,1,-3.3062,-3.306198,0,B,loss
neutral_qa_036,0,3320184832,neutral,61,-182.4669,-2.99126,0,B,loss
neutral_qa_036,1,3320184833,neutral,1,-3.4902,-3.490157,1,A,loss
neutral_qa_036,2,3320184834,neutral,1,-3.4902,-3.490157,0,B,loss
neutral_qa_036,3,3320184835,neutral,1,-3.4902,-3.490157,0,B,loss
neutral_qa_036,4,3320184836,neutral,10,-15.9469,-1.594694,0,B,loss
neutral_qa_036,5,3320184837,neutral,1,-3.4902,-3.490157,0,B,loss
neutral_qa_036,6,3320184838,neutral,1,-3.4902,-3.490157,0,B,loss
neutral_qa_036,7,3320184839,neutral,1,-3.4902,-3.490157,1,A,loss
neutral_qa_037,0,3320184832,neutral,13,-39.3692,-3.028402,1,B,win
neutral_qa_037,1,3320184833,neutral,201,-753.0526,-3.74653,0,B,loss
neutral_qa_037,2,3320184834,neutral,201,-635.6108,-3.162243,0,B,loss
neutral_qa_037,3,3320184835,neutral,1,-2.4327,-2.432694,0,B,loss
neutral_qa_037,4,3320184836,neutral,1,-2.4327,-2.432694,1,A,loss
neutral_qa_037,5,3320184837,neutral,45,-231.9286,-5.15397,1,B,win
neutral_qa_037,6,3320184838,neutral,14,-51.9377,-3.709835,0,B,loss
neutral_qa_037,7,3320184839,neutral,193,-457.0363,-2.368064,0,A,win
neutral_qa_038,0,3320184832,neutral,0,0.0,0.0,0,A,win
neutral_qa_038,1,3320184833,neutral,0,0.0,0.0,1,B,win
neutral_qa_038,2,3320184834,neutral,0,0.0,0.0,0,A,win
neutral_qa_038,3,3320184835,neutral,0,0.0,0.0,1,B,win
neutral_qa_038,4,3320184836,neutral,200,-513.8976,-2.569488,0,B,loss
neutral_qa_038,5,3320184837,neutral,0,0.0,0.0,0,A,win
neutral_qa_038,6,3320184838,neutral,0,0.0,0.0,0,A,win
neutral_qa_038,7,3320184839,neutral,0,0.0,0.0,1,B,win
neutral_qa_039,0,3320184832,neutral,77,-169.1213,-2.196381,0,B,loss
neutral_qa_039,1,3320184833,neutral,0,0.0,0.0,1,B,win
neutral_qa_039,2,3320184834,neutral,0,0.0,0.0,1,B,win
neutral_qa_039,3,3320184835,neutral,200,-488.4551,-2.442275,0,B,loss
neutral_qa_039,4,3320184836,neutral,0,0.0,0.0,0,B,loss
neutral_qa_039,5,3320184837,neutral,42,-139.9946,-3.333205,0,B,loss
neutral_qa_039,6,3320184838,neutral,0,0.0,0.0,1,B,win
neutral_qa_039,7,3320184839,neutral,0,0.0,0.0,0,B,loss
neutral_sum_000,0,3320184832,neutral,71,-323.6423,-4.558343,1,Tie,tie
neutral_sum_000,1,3320184833,neutral,105,-404.519,-3.852562,0,B,loss
neutral_sum_000,2,3320184834,neutral,112,-393.7492,-3.515618,1,A,loss
neutral_sum_000,3,3320184835,neutral,200,-795.864,-3.97932,0,B,loss
neutral_sum_000,4,3320184836,neutral,0,0.0,0.0,1,B,win
neutral_sum_000,5,3320184837,neutral,199,-392.8253,-1.973996,0,B,loss
neutral_sum_000,6,3320184838,neutral,34,-143.8376,-4.230516,0,Tie,tie
neutral_sum_000,7,3320184839,neutral,127,-342.7592,-2.698891,1,B,win
neutral_sum_001,0,3320184832,neutral,200,-658.99,-3.29495,0,B,loss
neutral_sum_001,1,3320184833,neutral,31,-83.1638,-2.682705,1,B,win
neutral_sum_001,2,3320184834,neutral,92,-162.5901,-1.767284,0,B,loss
neutral_sum_001,3,3320184835,neutral,61,-172.9604,-2.835417,1,B,win
neutral_sum_001,4,3320184836,neutral,200,-725.0244,-3.625122,1,B,win
neutral_sum_001,5,3320184837,neutral,200,-612.2233,-3.061116,1,B,win
neutral_sum_001,6,3320184838,neutral,198,-706.4379,-3.567868,1,B,win
neutral_sum_001,7,3320184839,neutral,200,-909.8259,-4.54913,1,B,win
neutral_sum_002,0,3320184832,neutral,66,-199.1947,-3.018102,1,B,win
neutral_sum_002,1,3320184833,neutral,200,-602.2507,-3.011253,0,B,loss
neutral_sum_002,2,3320184834,neutral,0,0.0,0.0,1,B,win
neutral_sum_002,3,3320184835,neutral,0,0.0,0.0,1,B,win
neutral_sum_002,4,3320184836,neutral,200,-763.4476,-3.817238,1,B,win
neutral_sum_002,5,3320184837,neutral,200,-666.7293,-3.333647,0,B,loss
neutral_sum_002,6,3320184838,neutral,189,-691.0722,-3.656467,0,B,loss
neutral_sum_002,7,3320184839,neutral,0,0.0,0.0,1,B,win
neutral_sum_003,0,3320184832,neutral,43,-65.092,-1.513767,0,Tie,tie
neutral_sum_003,1,3320184833,neutral,200,-635.8514,-3.179257,1,B,win
neutral_sum_003,2,3320184834,neutral,0,0.0,0.0,0,B,loss
neutral_sum_003,3,3320184835,neutral,200,-500.4784,-2.502392,1,B,win
neutral_sum_003,4,3320184836,neutral,200,-692.688,-3.46344,0,B,loss
neutral_sum_003,5,3320184837,neutral,200,-618.8679,-3.094339,0,B,loss
neutral_sum_003,6,3320184838,neutral,200,-645.219,-3.226095,1,Tie,tie
neutral_sum_003,7,3320184839,neutral,200,-584.3119,-2.921559,1,B,win
neutral_sum_004,0,3320184832,neutral,4,-38.1557,-9.538932,0,Tie,tie
neutral_sum_004,1,3320184833,neutral,22,-99.0241,-4.501097,0,Tie,tie
neutral_sum_004,2,3320184834,neutral,201,-857.5929,-4.266631,0,Tie,tie
neutral_sum_004,3,3320184835,neutral,181,-489.9544,-2.706931,1,A,loss
neutral_sum_004,4,3320184836,neutral,1,-2.7168,-2.716785,0,Tie,tie
neutral_sum_004,5,3320184837,neutral,22,-47.451,-2.156863,0,Tie,tie
neutral_sum_004,6,3320184838,neutral,97,-275.3882,-2.839054,1,Tie,tie
neutral_sum_004,7,3320184839,neutral,103,-299.8199,-2.910873,0,Tie,tie
neutral_sum_005,0,3320184832,neutral,0,0.0,0.0,1,A,loss
neutral_sum_005,1,3320184833,neutral,200,-820.8301,-4.10415,1,A,loss
neutral_sum_005,2,3320184834,neutral,200,-684.485,-3.422425,0,B,loss
neutral_sum_005,3,3320184835,neutral,200,-673.9583,-3.369791,0,B,loss
neutral_sum_005,4,3320184836,neutral,0,0.0,0.0,0,B,loss
neutral_sum_005,5,3320184837,neutral,124,-432.6053,-3.488752,0,B,loss
neutral_sum_005,6,3320184838,neutral,200,-604.8737,-3.024368,0,B,loss
neutral_sum_005,7,3320184839,neutral,175,-474.8458,-2.713404,1,A,loss
neutral_sum_006,0,3320184832,neutral,1,-3.6678,-3.667769,1,A,loss
neutral_sum_006,1,3320184833,neutral,201,-575.9058,-2.865203,0,B,loss
neutral_sum_006,2,3320184834,neutral,201,-814.5998,-4.052735,1,B,win
neutral_sum_006,3,3320184835,neutral,201,-601.3872,-2.991976,1,B,win
neutral_sum_006,4,3320184836,neutral,1,-3.6678,-3.667769,1,A,loss
neutral_sum_006,5,3320184837,neutral,77,-226.2111,-2.937806,0,B,loss
neutral_sum_006,6,3320184838,neutral,52,-151.9049,-2.921247,1,A,loss
neutral_sum_006,7,3320184839,neutral,201,-760.1072,-3.781628,1,A,loss
neutral_sum_007,0,3320184832,neutral,200,-585.2406,-2.926203,1,A,loss
neutral_sum_007,1,3320184833,neutral,0,0.0,0.0,1,A,loss
neutral_sum_007,2,3320184834,neutral,200,-500.4069,-2.502034,0,B,loss
neutral_sum_007,3,3320184835,neutral,200,-844.9518,-4.224759,0,B,loss
neutral_sum_007,4,3320184836,neutral,200,-532.5726,-2.662863,1,A,loss
neutral_sum_007,5,3320184837,neutral,200,-636.9403,-3.184702,0,B,loss
neutral_sum_007,6,3320184838,neutral,200,-597.8942,-2.989471,0,B,loss
neutral_sum_007,7,3320184839,neutral,32,-123.5126,-3.859769,0,B,loss
neutral_sum_008,0,3320184832,neutral,201,-524.2053,-2.607986,1,A,loss
neutral_sum_008,1,3320184833,neutral,201,-613.7028,-3.053248,0,A,win
neutral_sum_008,2,3320184834,neutral,87,-338.0923,-3.886118,0,Tie,tie
neutral_sum_008,3,3320184835,neutral,1,-3.7078,-3.707828,0,Tie,tie
neutral_sum_008,4,3320184836,neutral,201,-758.0677,-3.771481,1,B,win
neutral_sum_008,5,3320184837,neutral,85,-279.372,-3.28673,1,A,loss
neutral_sum_008,6,3320184838,neutral,201,-733.7834,-3.650664,1,Tie,tie
neutral_sum_008,7,3320184839,neutral,1,-3.7078,-3.707828,1,B,win
neutral_sum_009,0,3320184832,neutral,201,-579.8854,-2.885002,1,A,loss
neutral_sum_009,1,3320184833,neutral,37,-160.1763,-4.329088,0,B,loss
neutral_sum_009,2,3320184834,neutral,201,-560.0813,-2.786474,1,A,loss
neutral_sum_009,3,3320184835,neutral,200,-529.2541,-2.64627,1,A,loss
neutral_sum_009,4,3320184836,neutral,76,-169.3183,-2.227872,0,B,loss
neutral_sum_009,5,3320184837,neutral,164,-516.0484,-3.146637,0,B,loss
neutral_sum_009,6,3320184838,neutral,87,-234.7652,-2.698451,1,A,loss
neutral_sum_009,7,3320184839,neutral,179,-622.7679,-3.479151,1,A,loss
neutral_sum_010,0,3320184832,neutral,201,-735.044,-3.656935,1,Tie,tie
neutral_sum_010,1,3320184833,neutral,201,-685.9818,-3.412845,0,B,loss
neutral_sum_010,2,3320184834,neutral,68,-185.2039,-2.723587,0,B,loss
neutral_sum_010,3,3320184835,neutral,201,-762.98,-3.79592,0,B,loss
neutral_sum_010,4,3320184836,neutral,46,-198.3135,-4.311163,1,Tie,tie
neutral_sum_010,5,3320184837,neutral,103,-378.6335,-3.676053,1,A,loss
neutral_sum_010,6,3320184838,neutral,45,-145.4342,-3.231872,1,B,win
neutral_sum_010,7,3320184839,neutral,124,-359.8339,-2.901886,0,B,loss
neutral_sum_011,0,3320184832,neutral,200,-521.8828,-2.609414,0,B,loss
neutral_sum_011,1,3320184833,neutral,200,-457.6206,-2.288103,0,A,win
neutral_sum_011,2,3320184834,neutral,0,0.0,0.0,1,B,win
neutral_sum_011,3,3320184835,neutral,200,-496.0857,-2.480428,0,B,loss
neutral_sum_011,4,3320184836,neutral,30,-71.1554,-2.371848,1,B,win
neutral_sum_011,5,3320184837,neutral,200,-528.3284,-2.641642,1,A,loss
neutral_sum_011,6,3320184838,neutral,144,-322.9009,-2.242367,0,A,win
neutral_sum_011,7,3320184839,neutral,200,-451.0015,-2.255008,0,B,loss
neutral_sum_012,0,3320184832,neutral,3,-23.7273,-7.909086,0,Tie,tie
neutral_sum_012,1,3320184833,neutral,21,-79.3073,-3.776538,1,A,loss
neutral_sum_012,2,3320184834,neutral,74,-294.5187,-3.979982,1,A,loss
neutral_sum_012,3,3320184835,neutral,36,-161.9258,-4.497939,0,B,loss
neutral_sum_012,4,3320184836,neutral,0,0.0,0.0,1,A,loss
neutral_sum_012,5,3320184837,neutral,31,-150.2258,-4.845994,1,B,win
neutral_sum_012,6,3320184838,neutral,200,-848.6503,-4.243251,0,B,loss
neutral_sum_012,7,3320184839,neutral,181,-746.1434,-4.122339,1,A,loss
neutral_sum_013,0,3320184832,neutral,1,-3.6419,-3.641877,0,B,loss
neutral_sum_013,1,3320184833,neutral,176,-570.6118,-3.242113,1,B,win
neutral_sum_013,2,3320184834,neutral,68,-184.5392,-2.713812,0,B,loss
neutral_sum_013,3,3320184835,neutral,157,-423.4819,-2.697337,0,B,loss
neutral_sum_013,4,3320184836,neutral,201,-738.7186,-3.675217,1,B,win
neutral_sum_013,5,3320184837,neutral,107,-329.4383,-3.078862,1,Tie,tie
neutral_sum_013,6,3320184838,neutral,86,-214.4523,-2.493632,1,B,win
neutral_sum_013,7,3320184839,neutral,201,-663.29,-3.29995,1,B,win
neutral_sum_014,0,3320184832,neutral,200,-790.6193,-3.953096,1,A,loss
neutral_sum_014,1,3320184833,neutral,75,-226.9178,-3.025571,1,A,loss
neutral_sum_014,2,3320184834,neutral,201,-528.7111,-2.630403,0,B,loss
neutral_sum_014,3,3320184835,neutral,97,-291.7759,-3.007999,1,A,loss
neutral_sum_014,4,3320184836,neutral,1,-3.5403,-3.540321,0,B,loss
neutral_sum_014,5,3320184837,neutral,1,-3.5403,-3.540321,1,A,loss
neutral_sum_014,6,3320184838,neutral,1,-3.5403,-3.540321,0,B,loss
neutral_sum_014,7,3320184839,neutral,188,-520.269,-2.767389,1,Tie,tie
neutral_sum_015,0,3320184832,neutral,188,-500.2935,-2.661136,1,B,win
neutral_sum_015,1,3320184833,neutral,20,-61.4511,-3.072554,1,B,win
neutral_sum_015,2,3320184834,neutral,1,-1.4167,-1.416697,1,A,loss
neutral_sum_015,3,3320184835,neutral,201,-535.6334,-2.664843,0,B,loss
neutral_sum_015,4,3320184836,neutral,76,-150.0325,-1.974112,1,B,win
neutral_sum_015,5,3320184837,neutral,126,-310.3934,-2.46344,0,B,loss
neutral_sum_015,6,3320184838,neutral,1,-1.4167,-1.416697,0,B,loss
neutral_sum_015,7,3320184839,neutral,201,-655.1769,-3.259587,1,A,loss
neutral_sum_016,0,3320184832,neutral,200,-623.7134,-3.118567,0,A,win
neutral_sum_016,1,3320184833,neutral,200,-806.3094,-4.031547,0,B,loss
neutral_sum_016,2,3320184834,neutral,76,-223.3531,-2.938856,0,B,loss
neutral_sum_016,3,3320184835,neutral,0,0.0,0.0,0,B,loss
neutral_sum_016,4,3320184836,neutral,17,-50.4166,-2.965683,0,B,loss
neutral_sum_016,5,3320184837,neutral,200,-738.4827,-3.692413,0,Tie,tie
neutral_sum_016,6,3320184838,neutral,150,-445.7325,-2.97155,1,Tie,tie
neutral_sum_016,7,3320184839,neutral,142,-480.2805,-3.382257,1,A,loss
neutral_sum_017,0,3320184832,neutral,200,-736.5997,-3.682999,0,B,loss
neutral_sum_017,1,3320184833,neutral,200,-268.7626,-1.343813,0,B,loss
neutral_sum_017,2,3320184834,neutral,200,-765.9473,-3.829736,0,B,loss
neutral_sum_017,3,3320184835,neutral,62,-167.4008,-2.700013,0,B,loss
neutral_sum_017,4,3320184836,neutral,200,-628.1385,-3.140693,0,B,loss
neutral_sum_017,5,3320184837,neutral,200,-746.4783,-3.732391,1,A,loss
neutral_sum_017,6,3320184838,neutral,48,-138.358,-2.882459,1,Tie,tie
neutral_sum_017,7,3320184839,neutral,200,-814.7506,-4.073753,0,B,loss
neutral_sum_018,0,3320184832,neutral,1,-2.5857,-2.585716,1,A,loss
neutral_sum_018,1,3320184833,neutral,201,-493.353,-2.454492,1,A,loss
neutral_sum_018,2,3320184834,neutral,17,-71.3601,-4.197655,0,B,loss
neutral_sum_018,3,3320184835,neutral,201,-583.3203,-2.902091,1,A,loss
neutral_sum_018,4,3320184836,neutral,100,-348.8772,-3.488772,1,A,loss
neutral_sum_018,5,3320184837,neutral,1,-2.5857,-2.585716,1,A,loss
neutral_sum_018,6,3320184838,neutral,1,-2.5857,-2.585716,1,A,loss
neutral_sum_018,7,3320184839,neutral,1,-2.5857,-2.585716,0,B,loss
neutral_sum_019,0,3320184832,neutral,202,-814.9451,-4.034382,1,Tie,tie
neutral_sum_019,1,3320184833,neutral,202,-528.8193,-2.617918,0,B,loss
neutral_sum_019,2,3320184834,neutral,118,-297.2867,-2.519379,0,B,loss
neutral_sum_019,3,3320184835,neutral,45,-168.7377,-3.749726,0,B,loss
neutral_sum_019,4,3320184836,neutral,42,-88.6118,-2.109805,0,B,loss
neutral_sum_019,5,3320184837,neutral,202,-772.1926,-3.822735,0,B,loss
neutral_sum_019,6,3320184838,neutral,65,-148.2074,-2.280114,0,B,loss
neutral_sum_019,7,3320184839,neutral,201,-652.8978,-3.248248,1,B,win
neutral_sum_020,0,3320184832,neutral,200,-615.469,-3.077345,1,B,win
neutral_sum_020,1,3320184833,neutral,200,-745.5339,-3.72767,0,B,loss
neutral_sum_020,2,3320184834,neutral,14,-48.26,-3.447145,1,A,loss
neutral_sum_020,3,3320184835,neutral,200,-702.6355,-3.513177,0,A,win
neutral_sum_020,4,3320184836,neutral,112,-316.8548,-2.829061,0,B,loss
neutral_sum_020,5,3320184837,neutral,40,-175.1902,-4.379755,0,B,loss
neutral_sum_020,6,3320184838,neutral,200,-677.0205,-3.385103,1,A,loss
neutral_sum_020,7,3320184839,neutral,0,0.0,0.0,1,B,win
neutral_sum_021,0,3320184832,neutral,17,-78.092,-4.593647,0,B,loss
neutral_sum_021,1,3320184833,neutral,201,-761.0065,-3.786102,0,B,loss
neutral_sum_021,2,3320184834,neutral,199,-660.744,-3.320322,1,A,loss
neutral_sum_021,3,3320184835,neutral,4,-26.302,-6.575499,1,A,loss
neutral_sum_021,4,3320184836,neutral,49,-233.5667,-4.766668,0,B,loss
neutral_sum_021,5,3320184837,neutral,201,-750.0147,-3.731416,1,A,loss
neutral_sum_021,6,3320184838,neutral,9,-40.5155,-4.501723,1,A,loss
neutral_sum_021,7,3320184839,neutral,35,-175.9209,-5.026311,1,A,loss
neutral_sum_022,0,3320184832,neutral,2,-6.3806,-3.190303,1,A,loss
neutral_sum_022,1,3320184833,neutral,71,-237.8205,-3.349585,1,A,loss
neutral_sum_022,2,3320184834,neutral,126,-468.7006,-3.719846,0,Tie,tie
neutral_sum_022,3,3320184835,neutral,38,-130.1878,-3.425995,0,A,win
neutral_sum_022,4,3320184836,neutral,202,-917.5258,-4.542207,1,B,win
neutral_sum_022,5,3320184837,neutral,107,-416.6023,-3.893479,1,B,win
neutral_sum_022,6,3320184838,neutral,139,-347.864,-2.502618,1,B,win
neutral_sum_022,7,3320184839,neutral,201,-540.4193,-2.688653,0,A,win
neutral_sum_023,0,3320184832,neutral,0,0.0,0.0,1,A,loss
neutral_sum_023,1,3320184833,neutral,66,-213.7077,-3.237996,0,B,loss
neutral_sum_023,2,3320184834,neutral,200,-352.4437,-1.762219,1,A,loss
neutral_sum_023,3,3320184835,neutral,9,-40.584,-4.50933,1,A,loss
neutral_sum_023,4,3320184836,neutral,200,-506.6309,-2.533154,1,B,win
neutral_sum_023,5,3320184837,neutral,200,-810.8811,-4.054406,1,A,loss
neutral_sum_023,6,3320184838,neutral,162,-434.4036,-2.681503,1,A,loss
neutral_sum_023,7,3320184839,neutral,173,-534.4297,-3.089189,0,B,loss
neutral_sum_024,0,3320184832,neutral,201,-874.9403,-4.352937,1,A,loss
neutral_sum_024,1,3320184833,neutral,125,-399.4411,-3.195529,0,B,loss
neutral_sum_024,2,3320184834,neutral,1,-2.7075,-2.707525,1,A,loss
neutral_sum_024,3,3320184835,neutral,44,-146.3608,-3.326383,0,B,loss
neutral_sum_024,4,3320184836,neutral,146,-562.902,-3.855493,0,B,loss
neutral_sum_024,5,3320184837,neutral,142,-438.3246,-3.086793,1,B,win
neutral_sum_024,6,3320184838,neutral,1,-2.7075,-2.707525,1,A,loss
neutral_sum_024,7,3320184839,neutral,201,-630.3373,-3.136006,0,Tie,tie
neutral_sum_025,0,3320184832,neutral,201,-728.3203,-3.623484,1,A,loss
neutral_sum_025,1,3320184833,neutral,1,-2.9663,-2.96631,0,B,loss
neutral_sum_025,2,3320184834,neutral,16,-69.282,-4.330125,0,B,loss
neutral_sum_025,3,3320184835,neutral,1,-2.9663,-2.96631,0,B,loss
neutral_sum_025,4,3320184836,neutral,60,-139.3635,-2.322725,1,B,win
neutral_sum_025,5,3320184837,neutral,200,-662.3474,-3.311737,0,B,loss
neutral_sum_025,6,3320184838,neutral,201,-733.5518,-3.649511,0,B,loss
neutral_sum_025,7,3320184839,neutral,1,-2.9663,-2.96631,0,B,loss
neutral_sum_026,0,3320184832,neutral,162,-607.0845,-3.747435,1,Tie,tie
neutral_sum_026,1,3320184833,neutral,201,-848.7582,-4.222678,0,A,win
neutral_sum_026,2,3320184834,neutral,55,-159.6561,-2.902839,0,B,loss
neutral_sum_026,3,3320184835,neutral,37,-145.4532,-3.931169,1,Tie,tie
neutral_sum_026,4,3320184836,neutral,1,-3.7208,-3.7208,1,Tie,tie
neutral_sum_026,5,3320184837,neutral,201,-676.222,-3.364289,1,Tie,tie
neutral_sum_026,6,3320184838,neutral,148,-443.1507,-2.994261,0,B,loss
neutral_sum_026,7,3320184839,neutral,201,-714.7578,-3.556009,0,A,win
neutral_sum_027,0,3320184832,neutral,118,-492.416,-4.173017,0,B,loss
neutral_sum_027,1,3320184833,neutral,61,-233.2256,-3.82337,0,B,loss
neutral_sum_027,2,3320184834,neutral,39,-148.9137,-3.818299,0,B,loss
neutral_sum_027,3,3320184835,neutral,189,-708.4384,-3.748351,0,B,loss
neutral_sum_027,4,3320184836,neutral,157,-536.8653,-3.419524,1,Tie,tie
neutral_sum_027,5,3320184837,neutral,12,-47.1272,-3.927266,0,B,loss
neutral_sum_027,6,3320184838,neutral,201,-734.3903,-3.653683,0,B,loss
neutral_sum_027,7,3320184839,neutral,1,-2.6776,-2.677552,1,A,loss
neutral_sum_028,0,3320184832,neutral,1,-2.065,-2.064983,1,A,loss
neutral_sum_028,1,3320184833,neutral,201,-571.5621,-2.843593,1,A,loss
neutral_sum_028,2,3320184834,neutral,201,-734.4996,-3.654227,1,A,loss
neutral_sum_028,3,3320184835,neutral,201,-454.0726,-2.259068,0,B,loss
neutral_sum_028,4,3320184836,neutral,1,-2.065,-2.064983,0,B,loss
neutral_sum_028,5,3320184837,neutral,201,-831.7465,-4.138042,1,A,loss
neutral_sum_028,6,3320184838,neutral,171,-749.2766,-4.381735,1,A,loss
neutral_sum_028,7,3320184839,neutral,149,-585.6663,-3.930646,1,A,loss
neutral_sum_029,0,3320184832,neutral,199,-659.6913,-3.315032,1,B,win
neutral_sum_029,1,3320184833,neutral,150,-371.7905,-2.478603,0,B,loss
neutral_sum_029,2,3320184834,neutral,0,0.0,0.0,0,B,loss
neutral_sum_029,3,3320184835,neutral,122,-450.0778,-3.689162,0,B,loss
neutral_sum_029,4,3320184836,neutral,40,-145.1963,-3.629908,1,B,win
neutral_sum_029,5,3320184837,neutral,70,-230.5607,-3.293724,1,B,win
neutral_sum_029,6,3320184838,neutral,200,-543.5214,-2.717607,1,B,win
neutral_sum_029,7,3320184839,neutral,71,-376.373,-5.301028,1,A,loss
neutral_sum_030,0,3320184832,neutral,1,-2.8682,-2.868176,0,B,loss
neutral_sum_030,1,3320184833,neutral,201,-515.084,-2.562607,1,A,loss
neutral_sum_030,2,3320184834,neutral,85,-298.0132,-3.506038,0,B,loss
neutral_sum_030,3,3320184835,neutral,102,-405.1439,-3.971999,0,B,loss
neutral_sum_030,4,3320184836,neutral,78,-166.8949,-2.139679,0,B,loss
neutral_sum_030,5,3320184837,neutral,32,-72.6128,-2.269151,0,B,loss
neutral_sum_030,6,3320184838,neutral,116,-359.5975,-3.099978,0,B,loss
neutral_sum_030,7,3320184839,neutral,9,-36.6974,-4.077492,0,B,loss
neutral_sum_031,0,3320184832,neutral,200,-696.5151,-3.482575,1,A,loss
neutral_sum_031,1,3320184833,neutral,170,-649.2794,-3.819291,0,B,loss
neutral_sum_031,2,3320184834,neutral,201,-652.4644,-3.246091,0,B,loss
neutral_sum_031,3,3320184835,neutral,118,-361.6412,-3.064756,1,B,win
neutral_sum_031,4,3320184836,neutral,191,-655.6576,-3.432762,0,B,loss
neutral_sum_031,5,3320184837,neutral,201,-636.6866,-3.167595,1,B,win
neutral_sum_031,6,3320184838,neutral,201,-770.5406,-3.833536,0,B,loss
neutral_sum_031,7,3320184839,neutral,201,-568.8013,-2.829857,0,B,loss
neutral_sum_032,0,3320184832,neutral,66,-164.4587,-2.491798,1,B,win
neutral_sum_032,1,3320184833,neutral,57,-157.3658,-2.760804,1,B,win
neutral_sum_032,2,3320184834,neutral,1,-3.4618,-3.461775,0,B,loss
neutral_sum_032,3,3320184835,neutral,118,-536.2279,-4.544304,0,B,loss
neutral_sum_032,4,3320184836,neutral,184,-578.6124,-3.144633,0,Tie,tie
neutral_sum_032,5,3320184837,neutral,76,-256.0717,-3.369364,0,A,win
neutral_sum_032,6,3320184838,neutral,96,-283.0507,-2.948445,1,B,win
neutral_sum_032,7,3320184839,neutral,111,-335.3381,-3.021064,1,A,loss
neutral_sum_033,0,3320184832,neutral,201,-524.4547,-2.609227,0,Tie,tie
neutral_sum_033,1,3320184833,neutral,56,-157.3292,-2.809449,0,A,win
neutral_sum_033,2,3320184834,neutral,13,-38.7364,-2.979722,0,Tie,tie
neutral_sum_033,3,3320184835,neutral,110,-360.1643,-3.274221,1,Tie,tie
neutral_sum_033,4,3320184836,neutral,188,-581.3886,-3.092493,0,A,win
neutral_sum_033,5,3320184837,neutral,14,-57.8157,-4.129693,0,A,win
neutral_sum_033,6,3320184838,neutral,201,-352.3758,-1.753113,0,B,loss
neutral_sum_033,7,3320184839,neutral,1,-1.8965,-1.896529,0,B,loss
neutral_sum_034,0,3320184832,neutral,1,-2.3631,-2.363097,0,B,loss
neutral_sum_034,1,3320184833,neutral,27,-105.9895,-3.925535,1,B,win
neutral_sum_034,2,3320184834,neutral,201,-757.277,-3.767547,1,B,win
neutral_sum_034,3,3320184835,neutral,200,-816.2339,-4.081169,1,A,loss
neutral_sum_034,4,3320184836,neutral,201,-673.1868,-3.349188,0,B,loss
neutral_sum_034,5,3320184837,neutral,110,-361.7253,-3.288412,0,B,loss
neutral_sum_034,6,3320184838,neutral,94,-317.4272,-3.376885,0,B,loss
neutral_sum_034,7,3320184839,neutral,9,-41.6334,-4.625932,1,A,loss
neutral_sum_035,0,3320184832,neutral,200,-672.1544,-3.360772,0,B,loss
neutral_sum_035,1,3320184833,neutral,122,-444.0772,-3.639977,0,B,loss
neutral_sum_035,2,3320184834,neutral,200,-1081.5159,-5.407579,0,B,loss
neutral_sum_035,3,3320184835,neutral,107,-264.5593,-2.472517,0,B,loss
neutral_sum_035,4,3320184836,neutral,200,-470.0111,-2.350056,1,A,loss
neutral_sum_035,5,3320184837,neutral,200,-712.5217,-3.562609,1,B,win
neutral_sum_035,6,3320184838,neutral,199,-932.3295,-4.685073,0,B,loss
neutral_sum_035,7,3320184839,neutral,14,-53.6993,-3.835666,1,A,loss
neutral_sum_036,0,3320184832,neutral,193,-641.6972,-3.324856,1,B,win
neutral_sum_036,1,3320184833,neutral,200,-533.1331,-2.665665,0,A,win
neutral_sum_036,2,3320184834,neutral,50,-160.7048,-3.214096,1,Tie,tie
neutral_sum_036,3,3320184835,neutral,200,-544.914,-2.72457,1,B,win
neutral_sum_036,4,3320184836,neutral,18,-60.8027,-3.377925,1,B,win
neutral_sum_036,5,3320184837,neutral,200,-760.8946,-3.804473,0,A,win
neutral_sum_036,6,3320184838,neutral,42,-175.4182,-4.176623,1,Tie,tie
neutral_sum_036,7,3320184839,neutral,199,-879.9595,-4.421907,1,A,loss
neutral_sum_037,0,3320184832,neutral,201,-618.9648,-3.079427,0,B,loss
neutral_sum_037,1,3320184833,neutral,201,-549.4778,-2.73372,0,A,win
neutral_sum_037,2,3320184834,neutral,17,-92.1551,-5.420885,0,B,loss
neutral_sum_037,3,3320184835,neutral,159,-510.6411,-3.21158,0,Tie,tie
neutral_sum_037,4,3320184836,neutral,186,-474.8041,-2.55271,0,B,loss
neutral_sum_037,5,3320184837,neutral,75,-234.4261,-3.125681,1,B,win
neutral_sum_037,6,3320184838,neutral,120,-317.3707,-2.644756,1,B,win
neutral_sum_037,7,3320184839,neutral,87,-225.4073,-2.590889,0,B,loss
neutral_sum_038,0,3320184832,neutral,86,-246.4809,-2.866057,0,B,loss
neutral_sum_038,1,3320184833,neutral,201,-802.9366,-3.99471,1,B,win
neutral_sum_038,2,3320184834,neutral,1,-2.3507,-2.350694,1,A,loss
neutral_sum_038,3,3320184835,neutral,201,-458.2958,-2.280079,1,B,win
neutral_sum_038,4,3320184836,neutral,55,-212.05,-3.855455,0,B,loss
neutral_sum_038,5,3320184837,neutral,7,-18.7619,-2.680271,0,B,loss
neutral_sum_038,6,3320184838,neutral,130,-434.9633,-3.345871,1,A,loss
neutral_sum_038,7,3320184839,neutral,80,-304.7869,-3.809836,1,B,win
neutral_sum_039,0,3320184832,neutral,1,-5.874,-5.874026,1,A,loss
neutral_sum_039,1,3320184833,neutral,201,-690.896,-3.437294,0,B,loss
neutral_sum_039,2,3320184834,neutral,1,-5.874,-5.874026,1,A,loss
neutral_sum_039,3,3320184835,neutral,201,-612.3843,-3.046688,1,B,win
neutral_sum_039,4,3320184836,neutral,109,-380.9218,-3.494695,1,A,loss
neutral_sum_039,5,3320184837,neutral,1,-5.874,-5.874026,1,A,loss
neutral_sum_039,6,3320184838,neutral,201,-681.9896,-3.392983,0,B,loss
neutral_sum_039,7,3320184839,neutral,1,-5.874,-5.874026,1,A,loss
